c0,c1,c2,c3,c4,c5,c6,c7,c8,c9,c10,c11,c12,c13,c14,c15,c16,c17,c18,c19,c20,c21,c22,c23,c24,c25,c26,c27,c28,c29,c30,c31,c32,c33,c34,c35,c36,c37,c38
0.20764715743732742,0.20482125172943336,0.18019111257623696,0.1706440505690423,0.14357032262879352,0.15494627319440016,0.14255925781958173,0.16156923444197377,0.15760335582195997,0.12018956336951304,0.14564448995973775,0.13816643155593702,0.15650701813348747,0.15661297097454766,0.15948089447440297,0.14429813609278086,0.130081762695968,0.12725030376449736,0.11139337434385989,0.11370307010204461,0.11246472251341587,0.11020715581398052,0.11918466368519762,0.13468491324555271,0.14076032814214412,0.17920410188929548,0.18289603878760918,0.19327627975954245,0.19234531616538245,0.12489036363734606,0.11064422950817844,0.1204673948835569,0.11023875137712605,0.11093107184003756,0.11083170773867954,0.13282811203796216,0.15920438595016753,0.1162275867104406,0.17381419949446761
0.19730927712678736,0.19451922157264026,0.18026126776403417,0.1585678146890025,0.13769528972526093,0.15427878729351963,0.16230601678166856,0.16707063695793092,0.15805291934148466,0.12522033584023692,0.14658721360125959,0.12576261789981097,0.13997904805106329,0.13988603516966472,0.14551254428192403,0.12787653745737079,0.11282062814179177,0.1099433895066783,0.11214674621036569,0.1178165328146393,0.10733632820649405,0.10826911553710845,0.11463901963016761,0.12500345527360865,0.12912823666317522,0.1684717363052847,0.17504678595268922,0.18002827326769352,0.17960809123335897,0.13013843073963205,0.1137323335301106,0.1250011003135586,0.11370988105207158,0.11385374162910475,0.11447637390882624,0.12171410609692143,0.1548515951960576,0.10635521316177618,0.16339021894551714
0.18552253744761127,0.18127729480263649,0.16620500778302119,0.14253405485859338,0.12214136833624337,0.14090787051858591,0.14927392489210659,0.15402099648554443,0.14750852889869057,0.1305693190280289,0.13087425656090287,0.10849336725833192,0.12684097665162916,0.12342814335175153,0.12847612114524709,0.11004562968361191,0.1103407515053421,0.11079896014537589,0.11725711623390529,0.12077267726547504,0.10806741659583305,0.10971436472257239,0.10655186780719721,0.11298922271920289,0.11423181999555322,0.15358130818828014,0.16218415872488226,0.16549945099227131,0.16506777472911743,0.13692510881981163,0.1174223365038656,0.12862444641433976,0.1115767120956037,0.11783239531708559,0.11879405120580364,0.10657015251589907,0.13819053899929051,0.10873122036489059,0.14768506007527116
0.17012881655960829,0.16505640913220879,0.14897633654514111,0.12414828739427092,0.11088589401377709,0.12759545992813717,0.13418991708807573,0.13974306998332012,0.1354142752680248,0.12705022471144375,0.11521128751926089,0.10570330514448298,0.10895306354226987,0.10839543357493893,0.10965158347491649,0.11097248320904932,0.11375155614415254,0.11360750265279257,0.10924158409810661,0.1158190061513162,0.11213332788228518,0.11223990776730715,0.10844557701406315,0.10569300843956481,0.10608649079868278,0.13807916265987746,0.14746064470909725,0.14844024765342551,0.14798557100497345,0.14592293896322242,0.12195484256313374,0.13299172020723932,0.11484542405273254,0.11745500612819819,0.1238469357258549,0.10912558172653582,0.12013986362938454,0.11249438216261877,0.12999194895622765
0.15315304255738063,0.14938146908269131,0.13214330403312807,0.10764946667641249,0.1087116473361798,0.12538526455831589,0.11687463350232324,0.13579916149898025,0.14907066580921427,0.13673495852627798,0.10857836243996459,0.11133430382944602,0.11099644258484741,0.11191868653189127,0.11007178488261568,0.11493490383666395,0.11823807188652297,0.11826357991228724,0.11567881756762195,0.12307955375069504,0.11691937375364453,0.11772599025035485,0.1136444814521187,0.109728109069357,0.11050994484980228,0.12984228468178699,0.14532370803466743,0.13464621502004517,0.13132997253123277,0.15728921631238635,0.12788479799315286,0.1415507082663173,0.11869043179766482,0.12420650274103959,0.13054869159197985,0.11322327599140405,0.10648676673531716,0.11709624652454693,0.11239740602534329
0.1400697399664998,0.15207863853645548,0.1323557778921596,0.11095936574579846,0.10579579507665234,0.15971331769010597,0.10722469712371982,0.1641565062234088,0.19396398934753556,0.14586891877648622,0.10652348861809499,0.11378509340693495,0.1131784672131361,0.115083348930258,0.10555922984349506,0.11728800660429604,0.12087288908037638,0.11943668180292349,0.11996035672759613,0.12930143207686215,0.12178033378327691,0.12276273390761532,0.11793553464165578,0.11356826688935157,0.11398415262932858,0.15123279073951434,0.17664425349658849,0.13350390197997145,0.11852442819557212,0.17033141054443204,0.13418140654318583,0.15067491854796444,0.12407951779021981,0.12940564204874558,0.13732541031368142,0.10749259931230931,0.11588978047145859,0.11810327929899281,0.10976307886567825
0.15029905373232988,0.15101430271861008,0.13160800206846229,0.11977790450686586,0.11108191185353865,0.14649944804020062,0.1097805517488928,0.15464914596143661,0.18590582274561304,0.15732086484870564,0.11074530893837627,0.11877878448059682,0.11698992003453805,0.11929447597819741,0.10833515356808508,0.12252207732135503,0.12757444839858162,0.12626030882029307,0.12574762962832459,0.13531278524462942,0.12742673199694718,0.12848335426462854,0.122736209751236,0.11797643355475307,0.11859432529587838,0.13701642852714993,0.1709943833948058,0.17315167854352032,0.18552270663339926,0.18880451716387575,0.14265714370714838,0.16332695381254658,0.12941263211714449,0.13719186568682212,0.14703446872300924,0.11203728920562975,0.12670319686751347,0.10765107034533235,0.13519890193835377
0.13618605961369509,0.13672785485175815,0.11469143180925756,0.10845406431469841,0.11523038497811526,0.12926788222297686,0.11387945274723506,0.1386837632331416,0.17241197271782466,0.17125108137486864,0.11518138077158251,0.12338585672378942,0.12208724548008495,0.12474868947459179,0.11345434874130511,0.12854386223055603,0.13477885848866175,0.1334986108876553,0.13127086283790607,0.14344623963281364,0.13439952389532489,0.13558875487403307,0.12869890343243015,0.12330462481942861,0.12395603864057457,0.11962703173152495,0.15719392707549457,0.16053873824180981,0.17393193238499335,0.21430346586801358,0.15318366322721927,0.17972143199671398,0.136952241335726,0.14622538686699552,0.15915501550144759,0.11677715016970371,0.11004789154121616,0.10891264892538238,0.11943054543507504
0.11797963820205644,0.11858080487300389,0.10826339637631101,0.11203244101408433,0.12042364649866756,0.11117623743985923,0.11877690973551334,0.12074308146365588,0.15599216447675238,0.19045102953758231,0.12028932142070269,0.13036251983040539,0.12802448108825978,0.13121015870427313,0.11790682635156381,0.13579944422618254,0.14346219516829845,0.14216465223489477,0.13960176258908308,0.15451383054101769,0.1434205742061484,0.14501312936585084,0.13663812066479042,0.1300331174331894,0.13092335842395716,0.10750363094389402,0.13988538992857558,0.14383033282418187,0.15816457498658323,0.2508261072289189,0.16652771572686839,0.20055315414730643,0.14606905812804785,0.15821765257641301,0.17496722719809796,0.12216867692307756,0.10890476387783296,0.113013518167478,0.10787451271257091
0.10922232603565848,0.10869511267286645,0.11200440904815126,0.11613808555304263,0.12527740927639136,0.10857860740485335,0.12382737965660159,0.10699643244220521,0.13660464003664391,0.21726340966140287,0.12544887191814716,0.13802717740898165,0.1351425841889792,0.13902159638611752,0.12264933238397689,0.14468411095297329,0.15418398546564002,0.15223489556906236,0.15005890508872372,0.16949206026585997,0.15437549696929651,0.15649358414356723,0.14602999722405732,0.13808030556763612,0.1389718733225519,0.11036392540304947,0.12065416748846862,0.12579665234624596,0.14079807641216643,0.30814484319349705,0.18386748944629616,0.22987993381299282,0.15739750517335652,0.17362675899367008,0.19564635833814997,0.12752176587280251,0.11275740290511337,0.11765228584014603,0.11149369878376236
0.11135337208510721,0.11093894809517794,0.11594195404328041,0.12070818141496599,0.13181033681441148,0.11206365756569778,0.12986244178165368,0.1099723470575603,0.11786489322842546,0.25565137549768091,0.13200199831054252,0.1473773695099522,0.14385925141791558,0.14864991168758451,0.12843510700496175,0.15571736975396525,0.16793433217317136,0.16543651280578994,0.16269271768642504,0.18805714912492802,0.16797035375425579,0.17082053065669878,0.15738687590755279,0.1478461723589673,0.14868511317824709,0.1142203604638147,0.10627695041941027,0.10614375104414248,0.12102095793063881,0.41017960967685119,0.20746187381472275,0.27507404871175711,0.17197599954852519,0.19349989668232662,0.22461510029899007,0.13465596663745907,0.1168342921301783,0.12218966324476845,0.11470555263665803
0.1152869752363536,0.11478699452104256,0.12090938085808756,0.12618022817635338,0.13971754600801278,0.11634021769650471,0.13741649297352815,0.11386688850945721,0.1064830893937279,0.3159913478119496,0.14019335791469503,0.15891385879581443,0.15465020824967229,0.16074063106544209,0.13558984184084569,0.16989223669992698,0.18594736325771383,0.18254247270402413,0.17885166803178495,0.21332852244929465,0.185469239161139,0.18937793555744309,0.17164321995633214,0.16006647433083121,0.16087639746777319,0.11884925425145892,0.10952251442012441,0.10842608625040411,0.10564278787644611,0.64047570711944923,0.24093829607377318,0.34956722033048004,0.19131870753535662,0.22112521761719178,0.26707468400700651,0.14355304377770992,0.12194200002422163,0.1282983669277579,0.11927408032920364
0.11802459617252958,0.11841151637900552,0.12649608569865828,0.13277872965138271,0.14862081538513533,0.12101349353034736,0.14595937138503653,0.11822493477940658,0.11001689449657319,0.42499268752198333,0.14970437481791815,0.17337916931660566,0.16843554077709552,0.17631862667151255,0.14464033801895526,0.18836093199719414,0.21029618719855528,0.20591721108675187,0.20075276191261274,0.25027074068512467,0.20935347815758251,0.21504540529128249,0.18909288422275761,0.17447111947930974,0.17514194214963402,0.12429541111285775,0.11305499634724965,0.1114500219610015,0.10886755363672415,0.99999999999999123,0.29222813753360893,0.49482437269361051,0.21780125771889444,0.26196810533876708,0.33625210521136517,0.15469747939007286,0.12784916549881878,0.13566394996635905,0.12482502669991143
0.12335593606183874,0.12434182386765293,0.1322500604370461,0.13958206481489643,0.16152887420599696,0.12733315041463117,0.15669736815126581,0.12381298289579996,0.1142289054774786,0.57223231779948713,0.1610105162436371,0.19371215905759276,0.17685076798374544,0.18775711431511735,0.15139248925587398,0.19604499279022305,0.21681807878434101,0.21487894101375876,0.22613856188927053,0.27967467607822533,0.24415445938583377,0.25236776584555637,0.21556425308506733,0.19535328478817637,0.19633797558820359,0.13107477988501698,0.11784040471227751,0.11458405229100241,0.11085516757410976,0.99999999999999145,0.34504721072378125,0.68896685632377874,0.23461852625196303,0.2999465119819183,0.42222907370482526,0.16538679054905098,0.13444936558318801,0.14351451293552384,0.13142367704101923
0.13024237839180425,0.13117372819415912,0.14110697374200187,0.15041182069638234,0.17721852768865137,0.13451574451855269,0.17011246222416893,0.12984454772813647,0.11893749114986751,0.999999999999998,0.17687160393615262,0.22005636689011437,0.19797811209973604,0.21105153270763974,0.16582410341330861,0.21970768200642649,0.24767607684004514,0.24871502454402497,0.27031596071852176,0.35958925740431918,0.29714189280973496,0.31065184646805649,0.25293143277087116,0.22400915842834204,0.22502555439257832,0.13914353086185441,0.12329738841306249,0.11977332070225237,0.11544819667652226,0.99999999999999145,0.47693056660432592,0.99999999999999634,0.28328936666452381,0.39623521414287022,0.67036255698342995,0.18333696021883827,0.14377644449250648,0.15495964131122228,0.13986824897085506
0.13121950729351625,0.12895743682994146,0.13052466529982143,0.13921618551098972,0.17649688108951131,0.13028816202718765,0.16519786637629377,0.12320419752692306,0.11352461582061635,0,0.1726684378339744,0.2342802460219553,0.22401862543984691,0.24535669899034521,0.1652666350383335,0.25500968017506026,0.30016541606255026,0.29708486760074149,0.32679586682614248,0.51389426413818262,0.34943314638386214,0.40768156009494477,0.28222921962670533,0.23005417391559776,0.22503733175389415,0.13288026091261468,0.11871949171685664,0.11858861526321909,0.11468955981059444,0,0.83810471535283881,0.99999999999999623,0.36297835866707362,0.57923559059170981,0.99999999999999578,0.1860833829023423,0.13489184863183842,0.14519575310390195,0.1246842358190236
0.14016009064637386,0.13686587270329628,0.12334478725616106,0.12819848418413596,0.18807947917909754,0.13615306600488866,0.16372415046946892,0.12680434327182596,0.11863387279527993,0.99999999999999667,0.1653900184046779,0.2678110774839671,0.22671514144577937,0.22584237791026793,0.1550609556409302,0.23686938959885701,0.26923575846011194,0.26910606515754426,0.34710436324152499,0.69259576392830513,0.45955623574795734,0.50659506987728864,0.33203766540177276,0.26469450201880929,0.25689116661022143,0.14103396676135826,0.12408097806483882,0.12350395681000687,0.11872633196686068,0.99999999999999212,0.99999999999999356,0.99999999999999523,0.43632026564350068,0.61725078735034455,0.92446340442296426,0.17996262659438031,0.1269059738160587,0.13344097235836638,0.11307787671447345
0.13814604556931984,0.13798048245681674,0.11994970903006577,0.10537529592108522,0.20205849747946902,0.14015831343887691,0.17213518964421654,0.12769756164661533,0.12007202830135436,0.40419592115106023,0.16901168615590792,0.30667314357159797,0.13375356793160695,0.13436020762328768,0.12554867274278861,0.1560744265523745,0.1757360367714422,0.18846924304696427,0.34314843347551333,0.56943319985994834,0.39344307232856518,0.35067978447057446,0.32711112840502987,0.27953972537776806,0.27810831672046915,0.14599695919582908,0.12516417032292199,0.12313979660000753,0.12136855394022096,0.2679456504773049,0.24933967517061431,0.34115427153476507,0.3307510923977211,0.46587260635207167,0.5048602714108531,0.1717170536100272,0.11560232422157406,0.11102719250202875,0.13852188251132636
0.1493910486605157,0.14900368273642578,0.12270817960822403,0.10726272086723679,0.20263450663400873,0.14673456324934203,0.16857979757765248,0.13494333701550298,0.12676342430980062,0.35521899902466492,0.15620242919816874,0.34307725364302705,0.1364828578210466,0.13369322362911085,0.11870616019923681,0.15524506903301186,0.17819320449397846,0.18553656849247016,0.28379818702878096,0.49979158360604686,0.59405777790078418,0.42005746134613237,0.40982250272573612,0.35909605823351415,0.34812798149939728,0.15828743397086506,0.13288111906071151,0.1303557989135023,0.12800051683259869,0.26874447709186455,0.25248633873294063,0.31523360040109083,0.23000910007462666,0.42918502583707369,0.60274499596018649,0.14297817558467193,0.11342245437517784,0.11334460427427823,0.12736999186888306
0.16178627120102207,0.16121867967229753,0.12900235451741754,0.11168211230218572,0.18980189491563837,0.15231815460461143,0.16373545388030605,0.14025713448563193,0.13351378825281196,0.35860169955196397,0.1624162076774929,0.24964395321050437,0.14561272156928209,0.14215980771552802,0.12639073048165037,0.16923711757173052,0.20040640286226019,0.21120242466103722,0.25281570327816366,0.69398117299282047,0.50065239314721632,0.40400552198399781,0.39809573903885881,0.41074500361650618,0.37577020426443097,0.1724142385408903,0.14093828064337904,0.13819186524180377,0.13536686394242348,0.33845955691852331,0.3110473207177587,0.42097051409357777,0.27230478128052465,0.54788534531015853,0.99999999999999623,0.15449992222045494,0.11813107739788437,0.11815383715450468,0.11086556664152501
0.16022225555869449,0.13751539524454345,0.13543194274284084,0.11405676272969621,0.15904855623225542,0.11091040896903381,0.15230574561725871,0.10818741842819231,0.15880574968994732,0.44940929084464221,0.16192987886576754,0.26147953319765582,0.15462209934550938,0.15214299760512687,0.13091920909597032,0.18038489633702892,0.2118146540401559,0.21291670030642054,0.26927971721534943,0.99999999999999611,0.60006255814190423,0.54493201459476559,0.51352719849115636,0.53070129707210123,0.455978413339579,0.12633431799392003,0.10790295543773183,0.13152491427144938,0.14173941031628479,0.46489786863057275,0.39504594213252925,0.50155369920037418,0.30986583000059192,0.49967348066423023,0.54340554201110625,0.15414249406337499,0.12245449919417323,0.12226957888455027,0.10802548708947568
0.11574689978561631,0.12439164513883101,0.1448773961249275,0.11846128957234513,0.17666691679325536,0.11674167156331222,0.16750634611871085,0.11220055288938537,0.14595907039259309,0.74978295245570181,0.1793069690479763,0.32702384997767164,0.16828801676669311,0.1636033325591788,0.1382845858438074,0.19837989531833275,0.24386344090349515,0.24691625634492537,0.33669556185951144,0.99999999999999722,0.99999999999999833,0.99999999999999811,0.96997948381725374,0.99999999999999545,0.77183568919711454,0.13271127390040408,0.1068058819824899,0.10708335034546441,0.10718063750534552,0.79928161360423811,0.58453246955980465,0.84779653429395541,0.40089690087716329,0.82573696677700992,0.99999999999999611,0.16850103542372033,0.12896562621337299,0.1284906447707197,0.10799661818664744
0.12271025004405835,0.13233802797088051,0.15613620321094462,0.12328469480042856,0.19724328729276741,0.12175719674219593,0.18500402100064464,0.11683013928355669,0.12811401009527437,0.99999999999999811,0.20084592215792227,0.44661979484925257,0.18634966774049538,0.18010557601074573,0.14704049919319584,0.22778600597861612,0.29683298845934963,0.30178976776767691,0.46643811156303466,0,0.99999999999999811,0,0.99999999999999767,0,0.99999999999999667,0.1411988477256895,0.10963171091732277,0.11175766574027149,0.11182158356972641,0.99999999999999178,0.99999999999999345,0.99999999999999734,0.61475653436886701,0.99999999999999689,0,0.1863340398043721,0.13631949953113812,0.13595013239238513,0.11220027027291873
0.12886613021423901,0.13999659667973149,0.17067711699136204,0.12974990963838673,0.22661074707442039,0.12793828831704698,0.20906684837613931,0.12193166369905559,0.11005255937227473,0,0.2316991896903563,0.7413266054347627,0.21071798009880865,0.20217421817384806,0.15928939616301488,0.27142141533497749,0.38847880453270323,0.39808725676036821,0.80353152827596386,0,0,0,0,0,0,0.15188633523614456,0.11366940610311138,0.11613496103739927,0.11633553246645019,0,0,0,0.99999999999999822,0,0,0.21151037581200818,0.14573919285695749,0.14532151609612179,0.11669929381789927
0.13622157952670461,0.15012397413122694,0.18999339361131987,0.13716522079621185,0.26921270020425403,0.13417256678689637,0.24322933151001741,0.1274584692058727,0.10851384390808283,0,0.27762102530932553,0.999999999999998,0.24574655758022623,0.23325269934314416,0.17476725723088632,0.34264394122385289,0.58372905091591887,0.60785769719169724,0.99999999999999734,0,0,0,0,0,0,0.16469064727841609,0.1175962251863953,0.12131971792901394,0.12166168849033916,0,0,0,0,0,0,0.24741213697528708,0.15750140311686939,0.15694402620538797,0.12191120306413071
0.1431478160795632,0.16183316973314227,0.21638283245516374,0.14684235974480703,0.32940045763546688,0.14188823498858774,0.29358945554126992,0.13438516687208807,0.11235298638941943,0,0.35262071434862119,0.99999999999999789,0.30005393315094059,0.28008834017502249,0.195417330342745,0.47916075095737748,0.99999999999999811,0.99999999999999822,0,0,0,0,0.99999999999999767,0,0.99999999999999667,0.18109969416474611,0.12267271742649592,0.12641292413895799,0.12620613114893503,0,0,0,0,0,0,0.30363282861255148,0.17278557448519644,0.17210442357453648,0.12814860050269219
0.1544735566682123,0.17835961295146693,0.2550151172827978,0.15849790591406826,0.45224296432312239,0.15272047387206275,0.3811241072290194,0.14338516565770928,0.11702847904385902,0.99999999999999789,0.49807191875477752,0.99999999999999767,0.39479321422607594,0.3583795762745447,0.22355666880272848,0.84475616337127846,0,0,0.999999999999997,0,0.99999999999999789,0,0.99999999999999745,0.99999999999999478,0.99999999999999645,0.20426048346149189,0.12926423353844055,0.13380550890394383,0.13357968026466499,0,0,0,0.999999999999998,0,0,0.40166387539308662,0.19281477784674858,0.19192145028423874,0.13569559173398948
0.16635261121287229,0.19168932601606567,0.31526263045846004,0.1732581233205881,0.65785294473272193,0.16362363268814642,0.53250942063031736,0.15360535638396663,0.12214024771596051,0.99999999999999789,0.84588263018851939,0.99999999999999711,0.58473113805383714,0.51448239913507621,0.26493844656175375,0.99999999999999833,0,0,0.99999999999999689,0.99999999999999634,0.99999999999999767,0.99999999999999734,0.99999999999999689,0.999999999999994,0.99999999999999556,0.22339349192111357,0.13577703772577704,0.14233953281636608,0.14217444015900482,0.99999999999999223,0,0.99999999999999745,0.99999999999999811,0,0,0.61837683280996203,0.22020697480588988,0.21907932857678136,0.14485526982935623
0.15482391452680772,0.16932190465717997,0.39676626203554699,0.19229459053963083,0.50367888526290205,0.16147534026282018,0.35203652803041163,0.14383093526248342,0.12489106726473991,0.99999999999999767,0.74135699117129084,0.68351641017999776,0.99999999999999767,0.94037919326708308,0.32934805055526961,0.99999999999999833,0.99999999999999811,0.99999999999999756,0.99999999999999634,0.99999999999999634,0.30010872260509719,0.51961055334770412,0.3891111724455889,0.3070575559871937,0.34819645703120106,0.18572614671471208,0.13493949722733797,0.14212464270584299,0.14339984499808536,0.99999999999999367,0.99999999999999567,0.99999999999999756,0.99999999999999811,0.99999999999999611,0,0.99999999999999545,0.25939279454868214,0.2589071851475418,0.15614122170774272
0.15212751188377399,0.15426294320087297,0.60534211182821207,0.2193555445028175,0.52897843831650504,0.16972897208520168,0.48074745266983415,0.15407817408676733,0.13129542367341823,0.99999999999999711,0.99999999999999645,0.57006123752280879,0,0.99999999999999689,0.44925689946015285,0,0,0.99999999999999745,0.99999999999999623,0.99999999999999578,0.194824875681819,0.43649130761554239,0.25824312341889472,0.19757116456765797,0.22999579862281411,0.16490122561094642,0.13760881799339578,0.15087991681998555,0.15484219709960792,0,0,0.99999999999999756,0.99999999999999778,0.99999999999999589,0,0.99999999999999545,0.32017780274296981,0.3223085493627677,0.17066402996686125
0.16634917855020206,0.16807525145204635,0.99999999999999534,0.25882027128829027,0.99999999999999656,0.18890640947360457,0.85107074931670079,0.16800486280405774,0.13963352421848052,0,0,0.99999999999999745,0.999999999999998,0,0.74993584236541877,0,0,0,0,0.99999999999999567,0.22038295203985167,0.62263977204420395,0.3129976285315102,0.22493940716916816,0.27234474578794049,0.18218470030301939,0.14743235766383078,0.16364201207926926,0.16914317145932131,0.99999999999999567,0,0.99999999999999722,0.99999999999999778,0.99999999999999578,0,0,0.43451186816455262,0.43306777619068582,0.19002170330833124
0.18324594224040025,0.18500312763439064,0,0.32176900370312594,0,0.21510919296754463,0.99999999999999734,0.18663714612044593,0.15004800902498655,0.99999999999999745,0.99999999999999645,0,0.999999999999998,0.99999999999999778,0.999999999999997,0.99999999999999822,0.99999999999999756,0.99999999999999689,0.99999999999999656,0.99999999999999589,0.2608822689515346,0.99999999999999756,0.41983406351331787,0.26794499467100474,0.34523395365922754,0.20536056742832226,0.15976633707311411,0.18081821179827975,0.18811614178255781,0.999999999999996,0.99999999999999734,0.99999999999999656,0.99999999999999778,0.99999999999999567,0.99999999999999478,0.99999999999999523,0.70840907955539634,0.70439453311263223,0.21668696465422319
0.19717407649666574,0.19999283256516895,0.99999999999999523,0.42707879018812456,0.99999999999999534,0.23273677945833007,0.99999999999999578,0.2011025875127776,0.15694005484447834,0.99999999999999734,0.99999999999999545,0.99999999999999611,0.99999999999999789,0.99999999999999789,0.99999999999999711,0,0,0,0.999999999999996,0.99999999999999623,0.29672786430056081,0.99999999999999634,0.49843554881465502,0.29709284346681947,0.38742845099395518,0.21387683178718678,0.16938314084709985,0.20053483105904832,0.21339252943820958,0.999999999999996,0.99999999999999722,0.99999999999999645,0.99999999999999811,0.99999999999999589,0,0.99999999999999534,0.99999999999999523,0.99999999999999489,0.25421412947416383
0.22737618862558681,0.23129868037086282,0,0.68529125755377873,0,0.28089497857765733,0,0.23320413457050304,0.17285131252191485,0,0,0,0.99999999999999778,0,0,0,0,0,0,0,0.38904291201309432,0,0.91446752110124485,0.3902778525700637,0.583502674357255,0.25164295240130291,0.18887885714158051,0.23194341351102205,0.25073710653567882,0.99999999999999423,0,0,0,0,0,0,0,0,0.31472604236637813
0.27148285233437358,0.27758370990078812,0,0.999999999999998,0,0.36033047175104577,0,0.28058542125301522,0.19283384959371505,0,0,0,0.99999999999999778,0.99999999999999722,0,0,0,0,0,0,0.58557450127359423,0,0.99999999999999756,0.59032730676634326,0.99999999999999656,0.31032837009751674,0.21493317122789607,0.27877357218816939,0.30893669570092397,0.99999999999999423,0.99999999999999623,0.99999999999999778,0.99999999999999811,0,0,0,0,0,0.42361761016145366
0.34341464065692867,0.35425906258982781,0,0,0,0.51922165370476869,0,0.35971463318819163,0.2203978308862902,0.99999999999999789,0,0,0,0,0,0,0,0,0,0,0.99999999999999789,0,0,0.99999999999999512,0,0.4150344230892718,0.25263982708388588,0.35664584607919758,0.41243586183619435,0,0,0,0,0,0,0,0,0,0.67722517897374201
0.48149710177250166,0.50496242467965313,0,0,0,0.99367017282027015,0,0.51745309170700404,0.26026988728351913,0,0,0,0,0,0,0,0,0,0,0,0,0,0,0,0,0.65342651910151184,0.31144529918759445,0.5111359657429918,0.64704816129714671,0,0,0,0,0,0,0,0,0,0.99999999999999589
0.85408287819015427,0.93878902408662268,0,0,0,0.99999999999999478,0,0.9872410202590014,0.32411464700907905,0,0,0,0,0,0,0,0,0,0,0,0,0,0,0,0,0.99999999999999512,0.41701897341157268,0.96298131168489609,0.99999999999999478,0,0,0,0,0,0,0,0,0,0
0.99999999999999623,0.99999999999999567,0,0,0,0,0,0.99999999999999489,0.44246170659505402,0,0.99999999999999589,0,0,0,0.99999999999999678,0.99999999999999822,0.99999999999999789,0.99999999999999722,0,0,0,0,0,0,0,0,0.65960162889689933,0.99999999999999467,0,0,0,0,0,0,0,0.99999999999999523,0,0,0
0,0,0,0,0,0,0,0,0.73151999994101702,0,0,0,0,0,0,0,0,0,0,0.99999999999999611,0,0,0,0,0,0,0.99999999999999489,0,0,0,0,0,0.999999999999998,0,0,0,0,0,0
0,0,0,0,0,0,0,0,0.99999999999999523,0,0,0,0,0,0,0,0,0,0,0,0,0,0,0,0,0,0,0,0,0,0,0,0,0,0,0,0,0,0
0.999999999999995,0.999999999999995,0,0.99999999999999745,0,0,0,0,0,0,0,0,0.99999999999999789,0,0,0,0,0,0,0,0,0,0,0,0,0.99999999999999489,0.99999999999999478,0.99999999999999456,0,0,0,0.99999999999999756,0,0,0,0,0,0,0
0.20548777354843648,0.34329605160377441,0.99999999999999467,0.99999999999999711,0.99999999999999445,0.999999999999994,0.999999999999995,0.99999999999999434,0.99999999999999423,0.999999999999997,0.999999999999995,0.99999999999999534,0.999999999999998,0,0.99999999999999634,0,0,0,0.99999999999999567,0.99999999999999578,0.99999999999999623,0.999999999999996,0.99999999999999556,0.99999999999999378,0.99999999999999478,0.99999999999999445,0.93689183770673856,0.46558243114639075,0.75507557279633841,0,0,0,0,0.99999999999999567,0,0.99999999999999489,0.99999999999999456,0.99999999999999445,0.99999999999999478
0.14123016233363658,0.18165738385377245,0.999999999999995,0,0.99999999999999478,0.78444406145520418,0.99999999999999578,0.77216272875270864,0.48723021044519566,0,0.99999999999999567,0.99999999999999578,0,0,0,0,0,0,0,0,0.99999999999999623,0.99999999999999656,0.99999999999999556,0.76233641875525238,0.85834119844381374,0.39727672854263657,0.32986472863537986,0.20050409062645871,0.21640116926002168,0,0,0,0,0,0,0,0,0,0.99999999999999523
0.15340382822560925,0.20644776810374155,0,0,0,0.99999999999999523,0,0.99999999999999523,0.8764498005629805,0,0,0,0,0,0,0,0,0,0,0,0,0,0,0.99999999999999512,0.99999999999999611,0.60860482902238999,0.45524851534605398,0.2322937570217323,0.25563774858624616,0,0,0,0,0,0,0,0,0,0
0.16759419337098239,0.24053175287283485,0,0.999999999999998,0,0,0,0,0.99999999999999689,0,0,0,0.999999999999998,0,0,0,0,0,0,0,0.99999999999999778,0,0.99999999999999745,0.99999999999999545,0,0.99999999999999611,0.77017100482886935,0.27976619426396365,0.31723186549397331,0,0,0,0,0,0,0,0,0,0
0.18467435383152972,0.28873201514903862,0,0,0,0,0,0,0,0.99999999999999756,0,0,0,0,0,0,0,0,0,0,0,0,0,0,0,0.99999999999999567,0.999999999999996,0.35761458864182544,0.42842461863379788,0,0,0,0,0,0,0,0,0,0
0.20787929579284017,0.37258988222991735,0,0,0,0,0,0,0,0,0,0,0,0,0,0,0,0,0,0,0,0,0,0,0,0,0,0.51171881662326735,0.6904096020640611,0,0,0,0,0,0,0,0,0,0
0.24215108666431573,0.54757392831412255,0,0,0,0,0,0,0,0.99999999999999722,0,0,0.99999999999999789,0.99999999999999789,0.99999999999999656,0,0,0,0,0,0,0,0,0,0,0,0,0.96574174106015775,0.99999999999999467,0,0.99999999999999722,0,0,0,0,0,0,0,0
0.29507367877250618,0.99999999999999545,0,0,0,0,0,0,0,0,0,0,0,0,0,0,0,0,0,0,0,0,0,0,0,0,0,0.99999999999999467,0,0,0,0,0,0,0,0,0,0,0
0.38593976515572059,0,0,0,0,0,0,0,0,0,0,0,0,0,0,0,0,0,0,0,0,0,0,0,0,0,0,0,0,0,0,0,0,0,0,0,0,0,0
0.57927328644954568,0,0,0,0,0,0,0,0,0,0,0,0,0,0,0,0,0,0,0,0,0,0,0,0,0,0,0,0,0,0,0,0,0,0,0,0,0,0.99999999999999478
0.99999999999999589,0,0,0.99999999999999722,0,0,0,0,0,0.999999999999997,0,0,0,0.99999999999999789,0.99999999999999656,0.99999999999999789,0.99999999999999745,0.99999999999999689,0,0.99999999999999578,0,0,0,0,0,0,0,0,0,0.99999999999999711,0.99999999999999756,0.99999999999999722,0.99999999999999756,0,0,0.99999999999999512,0,0,0.999999999999995
0.99999999999999578,0.99999999999999512,0.999999999999995,0.99999999999999678,0.99999999999999523,0.99999999999999445,0.99999999999999589,0.99999999999999467,0,0.99999999999999689,0.99999999999999534,0.999999999999996,0.99999999999999778,0,0.999999999999996,0,0,0,0.99999999999999567,0.99999999999999545,0,0,0,0,0,0,0,0.99999999999999445,0,0.99999999999999722,0.99999999999999767,0.99999999999999689,0.99999999999999734,0,0,0,0,0,0.99999999999999489
0,0,0,0,0,0,0,0,0,0,0,0,0,0,0,0,0,0,0,0,0,0,0,0,0,0,0,0,0,0,0,0,0,0,0,0,0,0,0
0.99999999999999567,0,0,0,0,0,0,0,0,0.99999999999999645,0.99999999999999534,0,0.99999999999999734,0.99999999999999778,0.99999999999999578,0.99999999999999745,0.99999999999999678,0.99999999999999611,0.99999999999999545,0.99999999999999489,0,0,0,0,0,0,0,0,0.99999999999999445,0.89347370043495933,0.99999999999999722,0.99999999999999567,0.99999999999999656,0.999999999999995,0.99999999999999456,0.99999999999999489,0,0,0
0,0,0,0,0,0,0,0,0,0,0,0,0.99999999999999789,0.99999999999999789,0,0,0,0,0,0,0.99999999999999656,0.99999999999999623,0,0,0,0,0,0,0,0.99999999999999678,0.99999999999999756,0.99999999999999734,0.99999999999999745,0,0,0,0,0,0
0,0,0,0,0,0,0,0,0,0.99999999999999689,0,0,0,0,0,0,0,0,0,0,0,0,0,0,0,0,0,0,0,0,0,0,0,0,0,0,0,0,0
0,0,0,0,0,0,0,0,0,0,0,0,0.99999999999999778,0.999999999999998,0,0,0,0,0,0,0,0,0,0,0,0,0,0,0,0.999999999999997,0.99999999999999756,0.99999999999999722,0,0,0,0,0,0,0
0,0,0.99999999999999478,0.99999999999999545,0,0,0,0,0,0,0,0,0.99999999999999767,0.99999999999999789,0.99999999999999567,0,0,0,0,0,0.99999999999999656,0,0,0,0,0,0,0,0,0.99999999999999722,0.99999999999999756,0.99999999999999645,0.99999999999999722,0,0,0.99999999999999478,0.99999999999999467,0.99999999999999456,0.99999999999999456
0,0,0,0,0,0,0,0,0,0,0,0,0,0,0,0,0,0,0,0,0,0,0,0,0,0,0,0,0,0,0,0,0,0,0,0,0,0,0
0,0,0,0,0,0,0,0,0,0,0,0,0.99999999999999767,0.999999999999998,0.99999999999999611,0.99999999999999778,0.99999999999999722,0,0,0,0,0,0,0,0,0,0,0,0,0.99999999999999689,0.99999999999999756,0.99999999999999711,0.99999999999999734,0,0,0,0,0,0
0,0,0,0.99999999999999689,0,0,0,0,0,0,0.99999999999999545,0,0.99999999999999767,0.99999999999999778,0.99999999999999589,0.99999999999999767,0.99999999999999689,0.99999999999999634,0.999999999999996,0.99999999999999556,0,0,0,0,0,0,0,0,0,0.99999999999999722,0.99999999999999767,0.99999999999999689,0.99999999999999734,0.99999999999999556,0.99999999999999478,0.99999999999999489,0,0,0.999999999999995
0,0,0,0,0,0,0,0,0.99999999999999467,0,0,0,0,0,0,0,0,0,0,0,0,0,0,0,0,0.99999999999999467,0.99999999999999456,0,0,0,0,0,0,0,0,0,0,0,0
0.99999999999999545,0,0,0,0,0,0,0,0,0.99999999999999667,0.99999999999999512,0,0.99999999999999745,0.99999999999999767,0.99999999999999567,0.99999999999999756,0.99999999999999689,0.99999999999999611,0.99999999999999534,0.99999999999999523,0,0,0,0,0,0,0,0,0,0.99999999999999722,0.99999999999999756,0.99999999999999689,0.99999999999999722,0.99999999999999523,0,0,0,0,0
0.99999999999999545,0.99999999999999467,0.99999999999999467,0.99999999999999567,0.999999999999995,0.99999999999999445,0.99999999999999534,0,0,0.99999999999999589,0.999999999999995,0.99999999999999556,0.71655012871863144,0.99999999999999734,0.999999999999995,0.99999999999999711,0.99999999999999611,0.99999999999999556,0.999999999999995,0.99999999999999467,0.99999999999999611,0.99999999999999578,0.99999999999999556,0,0.99999999999999512,0,0.99999999999999445,0,0,0.49217767385531436,0.62731991237639106,0.82883623918321292,0.99999999999999611,0.99999999999999478,0.99999999999999445,0.99999999999999467,0.99999999999999456,0.99999999999999456,0.99999999999999478
0.99999999999999545,0,0,0.99999999999999589,0.99999999999999512,0,0.99999999999999545,0,0,0.99999999999999567,0.999999999999995,0.99999999999999578,0.63712541139559487,0.99999999999999756,0.99999999999999512,0.88752581326557201,0.93610428334261786,0.99999999999999523,0.999999999999995,0.99999999999999456,0.99999999999999623,0.999999999999996,0.99999999999999567,0.99999999999999434,0.999999999999995,0,0,0,0,0.45548549254777154,0.55202908335074941,0.77237623083815887,0.87953023737338576,0.99999999999999456,0.99999999999999445,0.99999999999999467,0.99999999999999456,0,0
0,0,0,0,0,0,0,0,0,0.99999999999999689,0,0,0.99999999999999789,0.999999999999998,0.999999999999996,0.999999999999998,0.99999999999999745,0,0,0.99999999999999556,0,0,0,0,0,0,0,0,0,0.56176457777929723,0.77436807450421796,0.99999999999999689,0.99999999999999734,0.99999999999999545,0,0,0,0,0
0,0,0,0,0,0,0,0,0,0,0,0,0,0,0,0,0,0,0,0,0,0,0,0,0,0,0,0,0,0.99999999999999678,0.99999999999999767,0,0,0,0,0,0,0,0
0,0,0,0,0,0,0,0,0,0,0,0,0,0,0,0,0,0,0,0,0,0,0,0,0,0,0,0,0,0,0,0,0,0,0,0,0,0,0
0,0,0,0,0,0,0,0,0,0,0,0,0,0,0,0,0,0,0,0,0,0,0,0,0,0,0,0,0,0,0,0,0,0,0,0,0,0,0
0,0,0,0,0,0,0,0,0,0,0,0,0,0,0,0,0,0,0,0,0,0,0,0,0,0,0,0,0,0,0,0,0,0,0,0,0,0,0
0,0,0,0,0,0,0,0,0,0,0,0,0,0,0,0,0,0,0,0,0,0,0,0,0,0,0,0,0,0,0,0,0,0,0,0,0,0,0
0,0,0,0,0,0,0,0,0,0,0,0,0,0,0,0,0,0,0,0,0,0,0,0,0,0,0,0,0,0,0,0,0,0,0,0,0,0,0
0.99999999999999589,0,0,0,0,0,0,0,0,0,0,0,0,0,0,0,0,0,0,0,0,0,0,0,0,0,0,0,0.99999999999999456,0,0,0,0,0,0,0,0,0,0
0,0,0,0,0,0,0,0,0,0,0,0,0,0,0,0,0,0,0,0,0,0,0,0,0,0,0,0,0,0,0,0,0,0,0,0,0,0,0
0,0,0,0,0,0,0,0,0,0,0,0,0,0,0,0,0,0,0,0,0,0,0,0,0,0,0,0,0,0,0,0,0,0,0,0,0,0,0
0,0,0,0.99999999999999567,0.999999999999995,0,0.99999999999999523,0,0,0.99999999999999567,0.99999999999999478,0.99999999999999556,0.99999999999999711,0.99999999999999745,0.99999999999999512,0.999999999999997,0.99999999999999567,0.99999999999999512,0.99999999999999456,0.99999999999999423,0.99999999999999611,0.99999999999999589,0,0,0,0,0,0,0,0.99999999999999667,0.99999999999999722,0.89337066099005991,0.87197269754028561,0.99999999999999434,0.99999999999999434,0.99999999999999456,0.99999999999999456,0,0
0.99999999999999512,0.99999999999999445,0.61618140757538309,0.48861377725851296,0.50854515705050463,0.57226471955455249,0.39338594933860299,0.57828432410422359,0.61411141986292728,0.50961298469063565,0.39396619764901919,0.53875987668469616,0.31325580732515385,0.34552812623499962,0.41685070377515343,0.32917595399668076,0.3679734370194056,0.38880184869059525,0.38347926949635358,0.40989466149711334,0.86600811595437854,0.6005069785688476,0.68335219884757414,0.76434741987337129,0.78391041432837361,0.91329372330020531,0.82943437093678452,0.99999999999999434,0.99999999999999445,0.50638870786230417,0.39427879793330611,0.36532544378282777,0.36165709768249643,0.42097202565520675,0.42910447457349832,0.39855285651588906,0.68331319664847789,0.95994350520816873,0.727140632328375
0,0.99999999999999478,0.99999999999999478,0.51915997276378945,0.9488518972818637,0.99999999999999456,0.56080422935218277,0.99999999999999467,0.99999999999999456,0.58861390217048726,0.53457885777288694,0.99999999999999578,0.21605039881784893,0.22626119525572946,0.34503080837350436,0.21557454882225843,0.22540343293079051,0.26233104976705962,0.45330245761401899,0.43568290650852115,0.99999999999999634,0.999999999999996,0.99999999999999578,0.99999999999999456,0.999999999999995,0.99999999999999478,0.99999999999999456,0,0,0.26556113718115476,0.24920405340467827,0.27340018110897102,0.33929879173196176,0.44814513948633206,0.43922225432281808,0.44217369459349581,0.99999999999999445,0.99999999999999456,0.99999999999999467
0.99999999999999523,0,0,0.81222593914046015,0.99999999999999545,0,0.99999999999999589,0,0,0.85474650531524143,0.99999999999999523,0,0.18682227238903687,0.21330356823506347,0.40561128108712641,0.21474427613239874,0.23678733317388917,0.29211920783426681,0.71138185129150688,0.54616525990609033,0.99999999999999667,0.99999999999999667,0,0,0,0,0,0.99999999999999445,0,0.20140157471413858,0.20769977463059489,0.2479663257686284,0.34281401134756662,0.61736787822851491,0.60965095829375826,0.66493714871277154,0.99999999999999456,0,0.99999999999999467
0,0,0.99999999999999478,0.4835090104485516,0.99999999999999489,0.99999999999999456,0.99999999999999523,0.99999999999999478,0,0.38906804358239111,0.71964027617738813,0.99999999999999512,0.12288149803689,0.12760644343811045,0.19998628778949615,0.12656244182850532,0.13084706271587401,0.14572347311730924,0.27819195705779554,0.23614264545071367,0.76595070623277905,0.70535763331913093,0.95708908510483104,0.99999999999999423,0.99999999999999467,0.99999999999999478,0,0,0,0.14434330994203529,0.13893232103105801,0.15977196886648706,0.19722382963570023,0.23467738749837833,0.20994344576698612,0.27445714097876167,0.99999999999999445,0.99999999999999456,0.99999999999999478
0.23060328811549027,0.25922932847872338,0.35274800033996906,0.25799342009848358,0.34736395521300917,0.34833911528752604,0.30345461222833531,0.32025906887225802,0.338652007633098,0.17067641694340704,0.27194972104293014,0.34552151864130692,0.11255693002932288,0.10802340538487097,0.14937975248123261,0.10876838692432016,0.11234679604372858,0.12214688547847648,0.16179192343756665,0.14790828962390515,0.24180958592942142,0.26619610478173872,0.30241459021616435,0.30847927250689999,0.33135360986393469,0.30797379436619438,0.31019812846704797,0.29869961624153601,0.30043206682399387,0.10754497224906044,0.10900180049058689,0.11824613816528275,0.13061516838009005,0.15747306649081419,0.15446580817962557,0.18199700999948076,0.47871178229929073,0.99999999999999412,0.42544581566769829
0.13510255777834962,0.13934815340213755,0.22575688682534942,0.19509363689738263,0.17487611403016776,0.1783900331976184,0.17216709645019579,0.177504913702454,0.17350109381242418,0.13802395851706104,0.18470556343797062,0.17454440520733852,0.12198729457126169,0.11283862322609718,0.13412493804447792,0.11331592419419324,0.10701999889667572,0.11276032229320868,0.13121639632187995,0.12825866150188783,0.14920288005391721,0.15854306902977783,0.16340253655514703,0.1571240824949664,0.16390013626161745,0.14833767987684615,0.16056771312948923,0.15819862781945351,0.16113342824823651,0.1109437897902165,0.10986874192993809,0.11546879645010635,0.12113744511100365,0.1330198320116121,0.12968226758599069,0.14696028557992841,0.29738599183832959,0.61642169726552276,0.24281452439780685
0.14522004065990868,0.15041760359556136,0.26987022814786099,0.22606705954307241,0.1971284501105118,0.20118848736273248,0.19366627619298457,0.19974072148591374,0.1943750584988147,0.14998283039621305,0.21025843388709442,0.19729211535459806,0.10869322304036001,0.11046019039907329,0.14490700926594918,0.11021535801521441,0.11277817600962817,0.1191379074846993,0.14096731448950631,0.13715710713285931,0.16401513485892463,0.17600928605821106,0.18204266244129699,0.17286159416150665,0.1819972700581215,0.16128789772822683,0.17716970968052062,0.17394575719812569,0.17771159829286026,0.11495537331581829,0.11380453279442058,0.12239963546966626,0.12933839356350282,0.14282261238064112,0.13827191297370001,0.15974592026416368,0.3911800321083882,0.99999999999999512,0.29675026072200633
0.15661597855092332,0.16327640578902769,0.34081370091154206,0.2684840944969818,0.22635527469880809,0.23245188750132065,0.22137877664019376,0.23040346504926734,0.22272859902826292,0.16253258254967334,0.24545786675626938,0.22635431994872146,0.11224783298657295,0.11433052622225169,0.15559377101319385,0.11394783008053562,0.11673036310826763,0.12434320253995179,0.15132216611523699,0.14654353620925789,0.18073223041338932,0.19672167519937644,0.20510483655226419,0.1928993840657148,0.20524097539453243,0.17751126985099272,0.19875004177242211,0.19436845772804015,0.19950468319928927,0.11955279615975106,0.11821359051824316,0.12831605281079045,0.13669616806969612,0.15370633226725644,0.14803790201475187,0.1753211796530719,0.59217489845971361,0,0.38908380811532733
0.17111623099729145,0.17985577076054227,0.4766451386067691,0.3372941195879075,0.26957930020758247,0.27939764141981832,0.26170981163678381,0.2762278546075036,0.26436032037510687,0.17821421889175681,0.29972246233174432,0.26929803049030204,0.11571096925236141,0.11872215558676801,0.16920708134271856,0.11785368176340758,0.12093294254131016,0.13026587448359933,0.16380784148701458,0.15783047907068834,0.20286524594751212,0.22526454464488554,0.23749935247907347,0.22049265635588883,0.23806553374012171,0.19916693722439396,0.22886499567486174,0.22268228277410659,0.22963341801689569,0.12464093782907673,0.1232781995198817,0.13458636656548281,0.14518440702083171,0.1670091165975002,0.16005142906177228,0.19601043620400052,0.99999999999999467,0,0.58707059352612811
0.1902089922350951,0.20210413656831475,0.83922430274053939,0.46830811467721123,0.33981411521961258,0.3575463803788318,0.32614943193591034,0.35205900375706567,0.33148254403790484,0.19911352959570436,0.39443551788526787,0.33882199528562373,0.11979574684413478,0.12335591161556166,0.18745039876709108,0.12233666668381284,0.12607975850753508,0.13756117810872781,0.18015029702469079,0.17243728662152968,0.23369891467634221,0.26720660095139415,0.28652664941200495,0.26080034324019069,0.2878683880887859,0.2294250566849412,0.27380319651850643,0.26437967265665446,0.27512694205031984,0.13064918215752305,0.12892918578832624,0.14259531581263471,0.15579356844887096,0.18463227661622159,0.17569312423085459,0.22488405072309436,0,0,0.99999999999999456
0.2168975065135304,0.23391441236808616,0.99999999999999478,0.81133034659320358,0.47495779407234212,0.5135772330635261,0.44659092191387284,0.50138525233826503,0.45760359005864293,0.22949114674652807,0.60071920647616772,0.47270763158054818,0.12610728280880806,0.13010072896534758,0.2131337731765679,0.12896433165645843,0.13344157138017104,0.1473968393792002,0.2029151755227922,0.19244280644209932,0.28144925544683619,0.33647365095173948,0.37057826303954566,0.3257631437437371,0.37312368098902515,0.27492155972536919,0.34808297697056889,0.33181945466390733,0.35040449557989245,0.13878429207244053,0.1366814619530432,0.15374771584850086,0.17041938909755455,0.20913549285105629,0.196866538298861,0.26790264642585954,0,0,0
0.25580370477110576,0.28197540577734487,0,0.99999999999999645,0.83368873130871968,0.97312601137496102,0.74376609967798502,0.92677927448949815,0.77777315094905031,0.27490028297062907,0.99999999999999534,0.82570306345505151,0.13261020835958989,0.13766942199148324,0.25006210251827993,0.13643055745346364,0.1420628321868225,0.15962245733599562,0.23516012516716175,0.22011863636238041,0.36143150011776132,0.46765530884611761,0.54289984659565427,0.44598225144835441,0.54904851918420194,0.34988935948073885,0.49234350639976471,0.45834992911953892,0.49780315077963561,0.14834176050437914,0.14580526253288068,0.16765432545955652,0.18968178965157723,0.24421674336504096,0.22637411570990204,0.33784589895937533,0,0,0
0.31718560237963167,0.36240099666457343,0,0,0.999999999999995,0.99999999999999434,0.99999999999999534,0.99999999999999445,0.99999999999999456,0.34942994390998744,0,0.99999999999999567,0.14103724204818088,0.14705204407681902,0.30765055412808134,0.14555892098520701,0.15267384612001034,0.17523302031055712,0.28366772306599375,0.26045810879324416,0.52157656353511694,0.80874033383524735,0.99999999999999567,0.74243338677569171,0.999999999999995,0.49657873455701834,0.8939107125417951,0.78025229572663846,0.9136322273873968,0.16051983329930039,0.15719507181959749,0.18562849920027436,0.21557042846174077,0.29818470502790634,0.27012906298419681,0.47076404899718816,0,0,0
0.42792760803936947,0.52440639661330113,0,0.99999999999999578,0,0,0,0,0,0.48797422214890551,0.99999999999999512,0,0.13881525329029448,0.148775951367108,0.36974365752373994,0.14863924782701066,0.1569771228075682,0.18611946826814052,0.36393024377143246,0.31409329136648362,0.99999999999999623,0.99999999999999611,0,0.99999999999999412,0,0.90906838550935076,0.99999999999999445,0.99999999999999445,0.99999999999999445,0.15314704192003881,0.15324638378420258,0.18092078795180347,0.23604742486052951,0.37777164950983438,0.33038735791105817,0.78821326866744923,0,0,0.99999999999999467
0.53345203115209294,0.47461914593784876,0.38132747061675643,0.33707361186591522,0.44121248329698048,0.49628377918392336,0.40341737606907457,0.50788721174979257,0.52312348830177702,0.2193434172601644,0.37128889665968245,0.42275522208804056,0.12375933710571149,0.1306277700885414,0.22850003100129443,0.13038681440488345,0.13702194993021244,0.15500971764779492,0.19837433340809965,0.17953241035175055,0.30953458837939002,0.33514447227204897,0.37168415143955141,0.37956243646578935,0.40275155184336958,0.41564769008520336,0.59216269021442414,0.999999999999994,0.99999999999999412,0.12941068484956855,0.13050938077134636,0.14297217125888445,0.15954518543467461,0.21019562573918676,0.21149984145059744,0.30039229816978169,0.48883798962135605,0.75398410328947663,0.42843794377312266
0.80240020062597406,0.72221946448205909,0.56832188837109998,0.46795038555845286,0.72943063450420376,0.90919096598431293,0.62508708361291221,0.94936221481379335,0.99999999999999523,0.2620475328491419,0.54598411291264137,0.67684048525809337,0.13300919613620307,0.14092896515534167,0.27532340182395343,0.14077380213154897,0.14884306474837153,0.17109056881832493,0.23024228197247881,0.20357602575741482,0.41583151636896321,0.46700509193207085,0.54716629208159728,0.56565482944065104,0.62299711953002113,0.64590896230741657,0.99999999999999489,0.99999999999999456,0.99999999999999445,0.13981388349211374,0.14089263417339151,0.15677699363958558,0.17800580504521751,0.24719106870631372,0.24859459520319663,0.39726715573982652,0.87792200415623411,0.99999999999999467,0.6730777371931449
0.99999999999999545,0.99999999999999512,0.99999999999999523,0.80834618663950264,0.99999999999999567,0.99999999999999478,0.99999999999999645,0.99999999999999489,0,0.32701378142742982,0.99999999999999578,0.99999999999999667,0.14128213618307858,0.15105046846933129,0.34998187998039959,0.15087002242888833,0.16111768585944497,0.19022579104078044,0.27581139218332884,0.23586596671211449,0.65464399618118374,0.80556679369293571,0.99999999999999645,0.99999999999999489,0.99999999999999556,0.999999999999995,0,0,0,0.14963605455668838,0.15097673666848957,0.17134200682660938,0.19959957176127271,0.3028451331751747,0.30525169714905703,0.60756895866951,0.99999999999999467,0,0.99999999999999512
0,0,0,0.99999999999999745,0,0,0,0,0,0.44724133210747763,0,0,0.15125159099478913,0.1638082703235646,0.49609555494463309,0.16369628001377004,0.17713835152784599,0.21678631314897992,0.351133483407509,0.28476079196817278,0.99999999999999734,0.99999999999999734,0,0,0,0,0,0,0,0.1619824443855703,0.16370923656323555,0.19043524465026901,0.22970111336569757,0.40059286312925946,0.40542463383406924,0.99999999999999534,0,0,0
0,0,0,0,0,0,0,0,0,0.7433250754060774,0,0,0.16374743961987856,0.18027038375460269,0.90522451872777077,0.17990558622183542,0.19774157462804301,0.25447337354952193,0.49780074660217971,0.36617597431010679,0,0,0,0,0,0,0,0,0,0.17768154506269057,0.18008042453176071,0.21571176283508409,0.27366943922264292,0.61510973025920723,0.62830831052715741,0,0,0,0
0,0,0,0,0,0,0,0,0,0.99999999999999734,0,0,0.18040802591352109,0.20252169231796538,0.99999999999999634,0.20201040851406746,0.22715137132939411,0.31485442127343599,0.912786576712317,0.532902345973993,0,0,0,0,0,0,0,0,0,0.19897950336227244,0.20229558948200679,0.25349313977389604,0.34723988574639375,0.99999999999999534,0.99999999999999478,0,0,0,0
0.99999999999999567,0,0,0,0,0,0,0,0,0,0,0,0.20280671932229549,0.23386112490830424,0,0.23330921597944818,0.27112827622274271,0.42371041477543314,0.99999999999999589,0.99999999999999556,0,0,0,0,0,0,0,0,0,0.22882868613846979,0.23354847626805006,0.3132136799912898,0.48965046800809037,0,0,0,0,0,0
0,0,0,0,0,0,0,0,0,0,0,0,0.23439446537293937,0.28097770296232005,0,0.28025747209569862,0.34274422238542501,0.67680357999260621,0,0,0,0,0,0,0,0,0,0,0,0.2732808419251877,0.28059852464176716,0.41999195101130243,0.88134908996425776,0,0,0,0,0,0
0,0,0,0,0,0,0,0,0,0,0,0,0.27923653105949703,0.35833493022677404,0,0.35793265131098201,0.47959959818037473,0.99999999999999623,0,0,0,0,0,0,0,0,0,0,0,0.33427147185124628,0.35165823031189647,0.65370594114441383,0.99999999999999722,0,0,0,0,0,0
0.99999999999999467,0.93300099271496784,0.84589937832231721,0.9444690087407257,0.99999999999999367,0.99999999999999334,0.77257528002982667,0.76172249192384889,0.88405892128110053,0.43735932780499442,0.68681769861911268,0.99999999999999434,0.20309647378006879,0.23690864685070115,0.55324604660645249,0.22643926817103707,0.26127458887358784,0.38144342863801006,0.501047908506424,0.39393336968262688,0.72557850193009943,0.88177458614856585,0.99999999999999456,0.99999999999999334,0.99999999999999423,0.99999999999999434,0.90668997378774907,0.999999999999994,0.999999999999994,0.18500861641402644,0.20253055304413356,0.26813148737343923,0.32439450968929401,0.48392820849101398,0.52607402915167434,0.59330040760842517,0.99999999999999434,0.999999999999994,0.99999999999999412
0.26103936530734861,0.35448298814336898,0.3955829845886118,0.46550306551699444,0.45527272778111705,0.42041338426541641,0.4223730562976703,0.34418991181649877,0.3228859034444444,0.53717544531350592,0.5428787650117507,0.42836940365969339,0.18557462441253222,0.22266290537115299,0.44959683260385147,0.21616512624279219,0.24492619224890114,0.36264870276580047,0.58780557861300931,0.48709790570630007,0.48958077502686742,0.50115609344217038,0.53604140802243705,0.5299438532866938,0.53911948675016108,0.45060931489321293,0.33460093813736924,0.27424355952474899,0.25992751434165962,0.15537088810289723,0.17561108168859299,0.22770303613725024,0.36432820688665318,0.66408661046151585,0.75674449256637322,0.63229912734680283,0.56404674777046671,0.75381596844212095,0.36061611193766374
0.32551322232140101,0.49119029981638385,0.60047743659893482,0.55926260772729264,0.62472548042652598,0.60932189221411437,0.53443717756302511,0.46856264531477004,0.44025408135035898,0.44023703875380282,0.77260081085369126,0.55799939847451163,0.17225837815167014,0.2024455661293835,0.47341520152602334,0.194502842708102,0.2142357364021073,0.30264884365105688,0.58612443732648056,0.39314780137403516,0.45992180299228497,0.50997291610206918,0.63106464636262938,0.69193583248250978,0.75927725304048022,0.72096964154055676,0.45801696968110484,0.34296963467543401,0.32259453173817543,0.15335541522586324,0.16563457499628154,0.19711886756571759,0.27400376026051115,0.54444156231281771,0.58783180996787132,0.7713989760826846,0.99999999999999467,0.99999999999999456,0.46844192281037444
0.44553281692595542,0.88947041469088206,0.99999999999999556,0.94488789104817528,0.99999999999999589,0.99999999999999512,0.99999999999999645,0.81280653477277065,0.72513980261643984,0.52525896037549091,0.99999999999999556,0.99999999999999667,0.17379800925308078,0.2057395546344421,0.61295782471932847,0.19607769346318107,0.21467678091933778,0.30322004620085019,0.66299601621740067,0.44810110130252739,0.62463484634269451,0.6807655392484091,0.99999999999999611,0.99999999999999478,0.99999999999999545,0.99999999999999489,0.77784137261710529,0.48184505891389673,0.43960492272016327,0.14995389471661341,0.16448223912634027,0.20036039593037258,0.30726574512523513,0.63534336602925534,0.63388590149381352,0.99999999999999478,0.999999999999995,0.99999999999999478,0.6626022908015512
0.72952581805182615,0.99999999999999523,0,0.99999999999999745,0,0,0,0.999999999999995,0.99999999999999523,0.99999999999999778,0,0,0.19433535336641711,0.23846958907407484,0.99999999999999689,0.22542334264079933,0.25331685016832128,0.40221913302170409,0.99999999999999634,0.74841887550886865,0.99999999999999734,0.99999999999999734,0,0,0,0,0.99999999999999489,0.85686124216319637,0.72319438253776502,0.16289821297639764,0.18143554279123228,0.23228657535892791,0.40861186448989051,0.99999999999999589,0.99999999999999512,0,0,0,0.99999999999999545
0.99999999999999512,0,0,0,0,0,0,0,0,0,0,0,0.22201940948392596,0.28834459694960513,0,0.2678469944756896,0.31237938957554412,0.61917075556305345,0,0.999999999999996,0,0,0,0,0,0,0,0.99999999999999434,0.99999999999999445,0.17911326343629733,0.2041000476304716,0.27850371533076512,0.63499392195166338,0,0,0,0,0,0
0,0,0,0,0,0,0,0,0,0,0,0,0.26202313198689431,0.37280488318783822,0,0.33649928170112431,0.41781785543313055,0.99999999999999689,0,0,0,0,0,0,0,0,0,0,0,0.20081726958158549,0.23614524792655786,0.35496903633991617,0.99999999999999778,0,0,0,0,0,0
0,0,0,0.99999999999999634,0,0,0,0,0,0,0,0,0.32615641236417287,0.54651609527170075,0,0.46629162398013635,0.65986916018266983,0,0,0,0,0,0,0,0,0,0,0,0,0.23113896603342801,0.28460444383004013,0.50631665500292333,0,0,0,0,0,0,0
0.999999999999995,0.99999999999999423,0.71813996092821764,0.57460325528815936,0.80393438212233881,0.99999999999999323,0.57960453033468173,0.99999999999999389,0.99999999999999412,0.72384423337913584,0.58181371046101271,0.85339567970020325,0.24331088885792435,0.31572041073153445,0.4949313349146281,0.28543888848117255,0.32972588320723301,0.40960714702699363,0.5745829768869003,0.64651348953027987,0.99999999999999478,0.72046018281746238,0.89295598124650033,0.99999999999999289,0.99999999999999389,0.99999999999999412,0.999999999999994,0.99999999999999412,0.99999999999999434,0.22879820240343637,0.24936273699263961,0.36949256268303105,0.57955618724762403,0.58487154595738955,0.54032681528009829,0.54604384322260668,0.86055348436564882,0.99999999999999378,0.7300668513529347
0.54512271590368921,0.45364641169442016,0.91764640159153954,0.86068689670469423,0.99999999999999412,0.9174622264347958,0.69247181840605843,0.7776093177948411,0.68888101030432181,0.99999999999999745,0.90550847112985777,0.999999999999995,0.29859121134593075,0.4263396998337437,0.80518649813866494,0.36902042095481463,0.43635472774690459,0.60009005145045302,0.99999999999999611,0.99999999999999567,0.99999999999999567,0.99999999999999634,0.99999999999999523,0.99999999999999356,0.99999999999999434,0.61355795527190993,0.59244620697541106,0.64190718956666015,0.61718510884311795,0.27507824040775153,0.30710543162309006,0.52069509192464802,0.999999999999998,0.99999999999999567,0.999999999999995,0.96728187712785396,0.99999999999999456,0.99999999999999445,0.86641740921428678
0.99999999999999534,0.76646016355410185,0.999999999999995,0.99999999999999656,0,0.99999999999999456,0.99999999999999578,0.99999999999999467,0.99999999999999478,0,0.99999999999999534,0,0.38949890717103225,0.68304085745290721,0.999999999999996,0.53740065740020448,0.71155035670678723,0.99999999999999667,0,0.99999999999999545,0,0,0,0,0,0.99999999999999478,0.99999999999999467,0.99999999999999456,0.99999999999999445,0.34878586178980936,0.40822791126512237,0.98227266101904187,0.99999999999999756,0,0,0.99999999999999478,0,0,0.99999999999999489
0,0.99999999999999578,0,0,0,0,0,0,0,0.99999999999999722,0,0,0.57624988913016728,0.99999999999999789,0,0.99999999999999833,0.99999999999999778,0,0,0.99999999999999567,0.99999999999999711,0.99999999999999689,0,0,0,0,0,0,0,0.47251080641757476,0.61584344842323768,0.99999999999999734,0.99999999999999778,0,0,0,0,0,0
0,0,0,0.999999999999997,0.99999999999999545,0,0,0,0,0.99999999999999711,0,0.99999999999999623,0.999999999999998,0,0,0,0,0,0,0.99999999999999567,0.99999999999999667,0,0.999999999999996,0.99999999999999456,0.99999999999999534,0,0,0,0,0.820592194926416,0.99999999999999745,0.99999999999999722,0.99999999999999767,0,0,0,0,0,0
0,0,0,0,0,0,0,0,0,0,0,0,0,0,0,0,0,0,0,0,0,0,0,0,0,0,0,0,0,0.99999999999999645,0,0,0,0,0,0,0,0,0
0,0,0,0,0,0,0,0,0,0,0,0,0,0,0,0,0,0,0,0,0,0,0,0,0,0,0,0,0,0,0,0,0,0,0,0,0,0,0
0,0,0,0.99999999999999656,0,0,0,0,0,0,0,0,0,0,0.999999999999996,0,0,0,0,0.99999999999999523,0,0,0,0,0,0,0,0,0,0,0,0,0.99999999999999722,0,0,0,0,0,0
0,0,0,0,0,0,0,0,0,0.99999999999999623,0,0,0.99999999999999734,0.99999999999999789,0.99999999999999556,0.99999999999999767,0.99999999999999689,0,0,0.999999999999995,0,0,0,0,0,0,0,0,0,0.99999999999999689,0.99999999999999756,0.99999999999999634,0.99999999999999689,0.99999999999999512,0,0,0,0,0
0.99999999999999523,0.99999999999999456,0.99999999999999456,0.99999999999999523,0.99999999999999367,0.99999999999999356,0.60845692918160821,0.99999999999999412,0.99999999999999445,0.99999999999999489,0.99999999999999412,0.99999999999999434,0.42102685526666256,0.60387674453858997,0.99999999999999456,0.71660596244385144,0.9710502869005263,0.99999999999999489,0.8585254652381844,0.98955698749294851,0.999999999999995,0.69497568095631523,0.99999999999999445,0.99999999999999345,0.99999999999999434,0.99999999999999456,0.99999999999999423,0.99999999999999445,0,0.45393532314026114,0.47112075837211093,0.53650836401813085,0.79885669416681626,0.999999999999994,0.99999999999999378,0.99999999999999423,0.99999999999999445,0.99999999999999434,0.99999999999999445
0,0,0,0,0,0,0.99999999999999589,0,0,0,0,0,0.66363244179869718,0.999999999999998,0,0.99999999999999811,0.99999999999999722,0.99999999999999623,0.99999999999999556,0.99999999999999523,0,0.99999999999999645,0,0,0,0,0,0,0,0.68104732005765212,0.76831383822063104,0.93801134281208765,0.99999999999999734,0.99999999999999534,0,0,0,0,0
0,0,0,0,0,0,0,0,0,0,0,0,0.99999999999999811,0,0,0,0,0,0,0,0,0,0,0,0,0,0,0,0,0.99999999999999711,0.99999999999999756,0.99999999999999734,0,0,0,0,0,0,0
0,0,0,0.999999999999996,0,0,0.99999999999999567,0,0,0.99999999999999667,0.99999999999999523,0,0.99999999999999789,0,0,0,0,0,0,0.99999999999999512,0,0,0,0,0,0,0,0,0,0.99999999999999722,0.99999999999999778,0.99999999999999689,0.99999999999999734,0,0,0,0,0,0
0.99999999999999512,0,0.99999999999999456,0,0.99999999999999423,0.99999999999999412,0.99999999999999478,0.99999999999999445,0,0.99999999999999545,0.99999999999999467,0.99999999999999467,0.99999999999999734,0.99999999999999767,0.999999999999995,0.99999999999999722,0.999999999999996,0.99999999999999523,0.99999999999999445,0.99999999999999423,0.99999999999999512,0.999999999999995,0.99999999999999489,0.99999999999999367,0.99999999999999456,0.99999999999999445,0,0,0.99999999999999434,0.99999999999999667,0.99999999999999734,0.99999999999999545,0.999999999999996,0.99999999999999445,0.99999999999999434,0.99999999999999445,0,0,0
0,0,0,0.99999999999999545,0,0,0.999999999999995,0,0,0.99999999999999578,0.99999999999999478,0.99999999999999523,0.99999999999999711,0.99999999999999756,0.99999999999999489,0.99999999999999711,0.99999999999999589,0.99999999999999523,0.99999999999999512,0.99999999999999467,0.99999999999999556,0.99999999999999545,0.99999999999999523,0.99999999999999412,0.99999999999999467,0,0,0,0,0.63138486430111962,0.81515636884008302,0.89578893347358968,0.99999999999999623,0.99999999999999467,0.99999999999999423,0.99999999999999445,0,0,0
0,0,0,0,0,0,0,0,0,0.99999999999999656,0,0.99999999999999545,0.99999999999999745,0,0,0,0,0,0,0.99999999999999512,0.999999999999996,0.99999999999999556,0.99999999999999545,0.99999999999999412,0.99999999999999478,0,0,0,0,0.99999999999999745,0.99999999999999778,0.99999999999999678,0.99999999999999711,0.999999999999995,0,0,0,0,0
0,0,0,0.99999999999999589,0,0,0,0,0,0,0,0,0.99999999999999756,0.99999999999999789,0.99999999999999545,0,0,0,0,0,0,0,0,0,0,0,0,0,0,0.99999999999999745,0.99999999999999778,0.99999999999999678,0.99999999999999734,0,0,0,0,0,0
0,0,0,0,0,0,0,0,0,0,0,0,0.99999999999999789,0,0,0,0,0,0,0,0,0,0,0,0,0,0,0,0,0.99999999999999734,0.99999999999999778,0.999999999999997,0.99999999999999734,0,0,0,0,0,0
0,0,0,0,0,0,0,0,0,0,0,0,0,0,0,0,0,0,0,0.99999999999999523,0,0,0,0,0,0,0,0,0,0,0,0,0.99999999999999734,0,0,0,0,0,0
0,0,0,0,0,0,0,0,0,0,0,0,0.99999999999999778,0.999999999999998,0,0,0,0,0,0,0,0,0,0,0,0,0,0,0,0.99999999999999722,0.99999999999999767,0.99999999999999667,0.99999999999999734,0,0,0,0,0,0
0,0,0,0,0,0,0,0,0,0,0,0,0,0,0,0,0,0,0,0,0,0,0,0,0,0,0,0,0,0.99999999999999689,0,0.99999999999999711,0.99999999999999756,0,0,0,0,0,0
0,0,0.99999999999999478,0.999999999999996,0,0,0,0,0,0.99999999999999656,0,0,0,0,0.99999999999999556,0,0,0,0,0,0,0,0,0,0,0,0,0,0,0.99999999999999711,0,0.99999999999999678,0.99999999999999711,0,0,0,0.99999999999999456,0,0.99999999999999467
0,0,0,0,0,0,0,0,0,0,0,0,0,0,0,0,0,0,0,0.99999999999999523,0,0,0,0,0,0,0,0,0,0,0,0,0.99999999999999734,0,0,0,0,0,0
0.99999999999999512,0,0,0,0,0,0,0,0,0,0,0,0.99999999999999756,0,0,0,0,0,0,0,0,0,0,0,0,0,0,0,0,0,0,0,0,0,0,0,0,0,0
0,0,0,0,0,0,0,0,0,0,0,0,0.99999999999999789,0,0,0,0,0,0,0,0,0,0,0,0,0,0,0,0,0,0,0,0,0,0,0,0,0,0
0,0,0,0,0,0,0,0,0,0,0,0,0.99999999999999778,0,0,0,0,0,0,0,0,0,0,0,0,0,0,0,0,0,0,0,0,0,0,0,0,0,0
0,0,0,0,0,0,0,0,0,0,0,0,0,0,0,0,0,0,0,0,0,0,0,0,0,0,0,0,0,0,0,0,0,0,0,0,0,0,0
0,0,0,0,0,0,0,0,0,0,0,0,0,0,0,0,0,0,0,0,0,0,0,0,0,0,0,0,0,0,0.99999999999999767,0.99999999999999722,0.99999999999999745,0,0,0,0,0,0.99999999999999456
0,0,0,0.99999999999999578,0,0,0,0,0,0,0,0,0.99999999999999767,0,0,0,0,0,0,0,0,0,0,0,0,0,0,0,0,0,0,0,0,0,0,0,0,0,0
0,0,0,0,0,0,0,0,0,0,0,0,0,0,0,0,0,0,0,0,0,0,0,0,0,0,0,0,0,0,0,0,0,0,0,0,0,0,0
0,0,0,0.99999999999999623,0,0,0,0,0,0.99999999999999623,0,0,0.99999999999999722,0.99999999999999767,0.99999999999999556,0.99999999999999767,0.99999999999999689,0,0,0.99999999999999512,0,0,0,0,0,0,0,0,0,0.48044132257556665,0.68384186493603616,0.73906725172892818,0.99999999999999678,0,0,0,0,0,0.99999999999999478
0,0,0,0.99999999999999523,0.99999999999999467,0,0.99999999999999523,0,0,0.99999999999999534,0.99999999999999489,0.99999999999999523,0.99999999999999689,0.99999999999999745,0.99999999999999467,0.999999999999997,0.99999999999999578,0.99999999999999512,0.99999999999999467,0.99999999999999434,0.999999999999996,0.99999999999999556,0.99999999999999545,0,0.99999999999999478,0,0,0,0,0.34852101370253208,0.55637071607183719,0.6437404418489634,0.999999999999996,0.99999999999999445,0.99999999999999423,0.99999999999999445,0.99999999999999456,0,0.99999999999999456
0.99999999999999512,0,0.99999999999999467,0.99999999999999534,0,0,0.999999999999995,0,0,0.99999999999999656,0.99999999999999478,0.99999999999999523,0.99999999999999745,0.99999999999999778,0.99999999999999512,0.99999999999999745,0.99999999999999678,0.99999999999999589,0.99999999999999523,0,0.99999999999999578,0.99999999999999512,0.999999999999995,0.99999999999999389,0.99999999999999478,0,0,0.99999999999999434,0.99999999999999434,0.39416230847616401,0.7723809126097344,0.99999999999999667,0.99999999999999722,0,0,0.99999999999999456,0.99999999999999445,0.99999999999999423,0.99999999999999445
0.24339540274270402,0.29647456937217459,0.30025322823549855,0.2254613029076328,0.22017896020571251,0.2913907285628759,0.2035254115297945,0.32391264207728393,0.42019006714422957,0.19785057604361106,0.21528502838147429,0.21398463058805017,0.15775027469331809,0.15835742263697006,0.19593827338576061,0.15597193211913157,0.16269746100209662,0.1708021425248672,0.17672896289432943,0.19901334243545402,0.18963218168487164,0.19184765032187345,0.2054202784804384,0.21799992037423874,0.2269805043845359,0.27568841871012284,0.35793566189874587,0.28953135347043341,0.26898913737868424,0.19967013396578343,0.19214251315343109,0.20655925820180646,0.21053311495373764,0.19771371203018681,0.18828856794553334,0.20241674853916075,0.33688787336528242,0.50820685195075088,0.23248037448339978
0.29599298369953303,0.38975857275108466,0.39738827379915298,0.27207487525919988,0.26289289889530093,0.38117648637449403,0.2385981428360924,0.44352923221913726,0.66973700561637206,0.23074444219871704,0.25539718645576875,0.25416716076168544,0.17584560626687715,0.17619795624649565,0.22786713674237521,0.17359223945568053,0.18254757530884499,0.19294663539372531,0.20053489188084117,0.23157437064365155,0.21901256564534796,0.22202301977350311,0.24119832151241957,0.25863490152755086,0.27279194360433678,0.35238234270521418,0.51575285835203233,0.377020912277582,0.34058120551514276,0.23155472572862096,0.22103324133941737,0.24340395437235196,0.24938014909638109,0.22967539930686975,0.21576407391950819,0.23585753373627116,0.46998138581958493,0.95357658021251634,0.28064880869289849
0.18715569421793099,0.24565513668498545,0.41531807249810093,0.25074046076486428,0.2826856035058008,0.38047155372024694,0.25711033361869984,0.40006309123294276,0.50318812127936996,0.19454528986993774,0.27916393687836133,0.27390676379600909,0.15331723647146078,0.15811172785710553,0.22111636507398785,0.15616066662043196,0.16421492855016176,0.18057069475005652,0.19652047424660643,0.2029254514420597,0.2093290729886656,0.21350184268746852,0.24286885816715967,0.26129758424750854,0.28064019645218419,0.30989005473852438,0.35817349739448345,0.23477804129270741,0.21175483740506787,0.16164509297497259,0.16727352205120744,0.1792993074076753,0.1914678569863173,0.2162037828510078,0.20939042045772346,0.24627524433761655,0.51539145517128027,0.99999999999999434,0.23237363618961246
0.20068822475202142,0.25269314542974824,0.39539932553740487,0.21836857042841026,0.24290317634192155,0.33051410171450951,0.2174503158173676,0.34555684080689053,0.45343704534273049,0.14674214185937079,0.22724579138791229,0.22855672629119922,0.12794029813331539,0.12831736841946764,0.17286279707894708,0.12469650541439332,0.12745860061488107,0.13564825316277981,0.15154436551080974,0.15117640900869539,0.15951582510160608,0.16589277158419238,0.19350343362662045,0.21249772501043238,0.23225841221642687,0.27798522899676742,0.3512492938211923,0.26594099336075533,0.24633584899202232,0.14596351941384983,0.13963304248197372,0.14490629598537286,0.14723060431395582,0.15693401296862741,0.14802910787598811,0.1815395660489332,0.49451496737027612,0.99999999999999423,0.24226228262215718
0.2291777636065139,0.30014451131436898,0.51920877466665527,0.2518119667319314,0.27462505851634322,0.41389367916969105,0.23801134463762208,0.44071876653838843,0.64736203808661008,0.15105773715048265,0.24775898023874138,0.25156374458752928,0.13531604865563429,0.13495418742515791,0.18596726740024064,0.12805550983363151,0.1295326412506852,0.13689788289084781,0.15369136990788368,0.15515196297459408,0.16256546651567969,0.16688117741687655,0.20247956284463733,0.23256699606898409,0.25912407014373873,0.33703572778332908,0.45507642016121019,0.32620855222280998,0.29964999395545194,0.15509768687574033,0.1466304488788534,0.15060283001475422,0.15321674841635349,0.15885360127945336,0.1475357065086336,0.18704554339937399,0.78209003446625025,0.99999999999999445,0.28659997077201604
0.27222335467402065,0.37311822507623921,0.90701296127639608,0.30136367031242767,0.34533249694659057,0.62301838877055349,0.28365897869892409,0.67114416948110622,0.99999999999999456,0.16417388030763114,0.30139797261896178,0.3089174968991687,0.14356213563362932,0.143877648527969,0.21065466724960122,0.13613891950454729,0.1376660738184787,0.14630851021678143,0.1683385383304295,0.16920016826224182,0.18001760511354561,0.18596539195033079,0.2349417583263772,0.27782787474695758,0.31707145901829015,0.43540766414311877,0.69443387254027933,0.43216302555973113,0.39101015262586297,0.16874100901302888,0.15811207502515642,0.16305747150867542,0.16600736242336109,0.17466237412842434,0.15998368230335963,0.21213137592899217,0.99999999999999467,0.99999999999999445,0.36041795759875533
0.24222832578304229,0.25085912720928333,0.5883485266066053,0.28016042245066231,0.25314316633614575,0.32195237278667327,0.22509465421113242,0.32459005613375008,0.35690117593662118,0.1422788248183445,0.24812646141723024,0.2460533030304547,0.1382615732562579,0.13871195278230716,0.1996518277774097,0.12753306854660471,0.12754749570351437,0.13694799062951732,0.1522876654279913,0.14699983267360398,0.16161665225404032,0.16509077741947337,0.19926552896518285,0.21872288366427683,0.23437435513630206,0.24099393934631827,0.32745577037666357,0.33353380071689886,0.32533218692452298,0.16537717413238279,0.14635563211309746,0.14134978583077881,0.13965134286015235,0.15741804285785765,0.15257598732130884,0.20104090864226465,0.8602481249360916,0.99999999999999389,0.31003044235480598
0.27680269565972498,0.29916759296569628,0.99999999999999578,0.36059689153713037,0.31408815799975737,0.43945071020000764,0.27012557237763718,0.44455839472433695,0.51325133756010943,0.1553226445333073,0.30593996968604087,0.30286866736400531,0.14922649503168836,0.14944549206139923,0.23143466613735791,0.13648007505505552,0.13666761113826184,0.14774398283825174,0.16716745001470001,0.16021597365975448,0.17946294424458967,0.18433453946797326,0.23089525662571,0.25593286824292144,0.28146822139425087,0.29030272393735773,0.44227891594261159,0.44746831290070332,0.44229380590849471,0.18319912384747236,0.1588110525526667,0.1541221364573683,0.15227467016332499,0.17341163021770403,0.16665892468858332,0.23281576528788178,0.99999999999999512,0,0.41539897143753562
0.34966930376662514,0.39011188458832285,0,0.51874522356734665,0.42212076456729225,0.72240823799402853,0.34048277036273444,0.73726631989591174,0.97075489890313127,0.16931796145231087,0.40585429515117261,0.40007981168754958,0.16149637540154557,0.16175674346456423,0.27755801572755551,0.1453573509065384,0.14579734365945166,0.15975309492146209,0.18488772552742314,0.17590725580706493,0.20128251044360657,0.20806699321357322,0.27661297970916615,0.31749927136775341,0.36128556989487232,0.37747257900628978,0.73078466917721108,0.74603124422211986,0.73127222413544968,0.2065545851628004,0.17384000698934229,0.16794672476066175,0.16538789392193015,0.1934133103417208,0.18453294972878037,0.27994442154924748,0,0,0.65295569027041245
0.48990505098145798,0.58051529869020513,0.99999999999999489,0.94942813532540482,0.67282310432311165,0.99999999999999467,0.47539973653431733,0.99999999999999489,0.99999999999999478,0.18749781943021188,0.62548207088657737,0.61370760164927363,0.17386470279941238,0.17744966303436999,0.35356487180047724,0.15634150866501337,0.15692671706321185,0.17504779495488204,0.20902667863393939,0.19602280844027214,0.23217312802618609,0.24185934644286058,0.35226513663607667,0.42923111507963901,0.52139663615773546,0.55909196151041074,0.99999999999999467,0.99999999999999445,0.99999999999999467,0.23831720027823022,0.19339865945740167,0.18541986524591761,0.18197675691693155,0.22112971662457809,0.20883016227009071,0.35871241404488807,0.99999999999999467,0.99999999999999434,0.99999999999999467
0.86922491668863333,0.99999999999999434,0,0.99999999999999512,0.99999999999999389,0.99999999999999367,0.78941391483496248,0,0,0.2100368041026299,0.99999999999999456,0.99999999999999456,0.18326763819090824,0.19078557225304377,0.47682383929044664,0.16581589315390513,0.16681250454396523,0.18950317461197333,0.23971729879459727,0.22144575314133319,0.27798390420577707,0.29226719585101041,0.4991558012040323,0.69329997017767675,0.98076646866203654,0.99999999999999445,0.999999999999994,0.99999999999999412,0,0.24022917319037923,0.20268541668301754,0.19670767250031387,0.19549812480896364,0.25135632668757268,0.22951362016936977,0.47674376039339922,0.99999999999999445,0.99999999999999423,0.99999999999999445
0.99999999999999534,0,0,0.99999999999999523,0.99999999999999445,0,0.99999999999999512,0,0,0.1626290757836403,0.99999999999999456,0.999999999999995,0.17075145980779477,0.1806232042794825,0.59366784987555354,0.15714923094530592,0.15888485207260136,0.18777867812378288,0.25043452617127071,0.20374537410762056,0.26168785545741652,0.29757915266024659,0.67548565383994397,0.99999999999999312,0.99999999999999445,0.99999999999999456,0,0,0,0.15402567073191706,0.15276184070140889,0.14742966073393265,0.15837189592527098,0.25467969509309596,0.24155606778430452,0.66938492318994247,0.99999999999999445,0,0
0,0,0,0.99999999999999689,0,0,0,0,0,0.18182401156180494,0,0,0.19051028169796835,0.20492918797445395,0.99999999999999656,0.17436706762699766,0.17691166680298945,0.21538531906820371,0.30961941543579169,0.23753285952256495,0.32920659124769847,0.39260928555744751,0.99999999999999589,0,0,0,0,0,0,0.17029221585879181,0.16877683996501225,0.16272841298426172,0.17666289187197631,0.31666097507957769,0.29489666326106323,0.999999999999995,0,0,0
0,0,0.99999999999999478,0.99999999999999634,0,0,0,0,0,0.20504917072388743,0.99999999999999523,0,0.21583704029475109,0.23714750656959135,0.99999999999999645,0.19455309419976033,0.19830698252869061,0.25317220906767862,0.41333999707253127,0.28773919869571096,0.45216422147373786,0.59525877668556992,0,0,0,0,0,0,0,0.18892396367420763,0.18686776018812848,0.17889248916140385,0.1978416866614712,0.42747488173867471,0.38596618845932917,0.999999999999995,0.99999999999999456,0.99999999999999434,0.99999999999999456
0.99999999999999523,0.99999999999999456,0.99999999999999467,0.99999999999999667,0,0,0,0,0,0.23738031711285534,0.99999999999999478,0,0.25120208290460644,0.28621179150638815,0.99999999999999656,0.22234019745258984,0.22773040128513988,0.31217741355939005,0.64885363332952073,0.37235355290355077,0.75865394625394467,0.99999999999999678,0,0,0,0,0,0,0,0.21443283548996536,0.21157981067984602,0.20067675246310299,0.2270218700941638,0.68752303538568982,0.57926497579449254,0.99999999999999478,0.99999999999999445,0,0.99999999999999467
0,0,0,0,0,0,0,0,0,0.2859242709513003,0,0,0.30854338365751838,0.36895531823029948,0,0.2630851777545532,0.27129441713175528,0.41797360370456871,0.99999999999999611,0.54645807917918365,0.99999999999999711,0,0,0,0,0,0,0,0,0.25122001478462952,0.24719105978842912,0.23041609059254203,0.27001631484069649,0.99999999999999589,0.99999999999999534,0,0,0,0
0.99999999999999578,0,0,0.99999999999999678,0,0,0,0,0,0.36857050334052971,0,0,0.40891977272959529,0.53803542890147515,0,0.32813981357997662,0.34195254901369887,0.66007681752966318,0,0.99999999999999478,0,0,0,0,0,0,0,0,0,0.30917383422200878,0.3026179214910899,0.27520085423921337,0.3398645843031578,0,0,0,0,0,0
0.99999999999999545,0,0,0,0,0,0,0,0,0.53803689615774819,0,0,0.63594883965501925,0.99999999999999767,0,0.4494728042702536,0.47893295542500636,0.99999999999999711,0,0,0,0,0,0,0,0,0,0.999999999999994,0.99999999999999423,0.41196091122059869,0.39925589628682834,0.35053781166430509,0.47426629468935488,0,0,0,0,0,0
0,0,0,0.99999999999999645,0.99999999999999456,0.99999999999999389,0,0,0,0.99999999999999678,0,0,0.99999999999999767,0.99999999999999789,0,0.74965845777417672,0.84435131768621263,0,0,0.99999999999999478,0.99999999999999634,0,0,0,0.99999999999999478,0.99999999999999467,0,0,0,0.48010512210617284,0.53867533843925297,0.46198911533005382,0.81891347625048316,0,0,0,0,0,0
0,0,0,0.99999999999999611,0,0,0,0,0,0.99999999999999667,0,0.99999999999999534,0.99999999999999778,0,0,0.99999999999999811,0.99999999999999734,0.99999999999999634,0.99999999999999534,0,0.99999999999999623,0.999999999999996,0.99999999999999556,0,0.99999999999999456,0,0,0,0,0.84525953871791226,0.99999999999999711,0.79093260996296544,0.99999999999999756,0,0,0,0,0,0.99999999999999456
0,0,0,0.999999999999996,0,0,0,0,0,0.99999999999999667,0,0,0.99999999999999778,0.99999999999999789,0,0,0,0,0,0,0,0,0,0,0,0,0,0,0,0.99999999999999534,0.99999999999999678,0.999999999999997,0.99999999999999745,0,0,0,0,0,0.99999999999999445
0.999999999999995,0.99999999999999445,0.99999999999999467,0.99999999999999423,0.99999999999999434,0,0.99999999999999512,0.99999999999999434,0,0.41318639481203506,0.99999999999999423,0.99999999999999512,0.23281907797563875,0.29244090441736842,0.75415211120380743,0.32905025456870496,0.36453136066766817,0.45596181274297987,0.99999999999999334,0.49151927732676148,0.99999999999999434,0.99999999999999534,0.99999999999999523,0.99999999999999323,0.99999999999999489,0,0.99999999999999389,0,0,0.35809414863083172,0.33120776059026408,0.42773494412390739,0.36868336771863364,0.69135333839946023,0.68141126140375086,0.99999999999999345,0.99999999999999456,0.99999999999999423,0.99999999999999445
0.99999999999999611,0.99999999999999534,0.99999999999999512,0.99999999999999611,0.99999999999999312,0.99999999999999312,0.99999999999999478,0.99999999999999445,0.999999999999994,0.45023406329748733,0.99999999999999445,0.999999999999994,0.26662245858427164,0.37204341598363083,0.99999999999999611,0.4541905037508685,0.52780508939301529,0.69872894025736143,0.99999999999999467,0.78279867641768963,0.92355469491924957,0.92048832503879263,0.99999999999999445,0.99999999999999256,0.999999999999994,0.99999999999999445,0.999999999999994,0.99999999999999434,0,0.4949015243038985,0.45398478544817655,0.66294800779623175,0.51914430689937918,0.99999999999999478,0.81893548184063414,0.99999999999999434,0.99999999999999456,0.99999999999999434,0.99999999999999467
0.99999999999999467,0.99999999999999412,0.99999999999999456,0.99999999999999623,0,0,0,0.99999999999999434,0.99999999999999434,0.73882456827311305,0,0,0.31972960722854321,0.53972089434145742,0.99999999999999645,0.76406684881670273,0.99999999999999811,0.99999999999999745,0.99999999999999623,0.99999999999999567,0.99999999999999767,0.99999999999999734,0,0,0,0,0.999999999999994,0.99999999999999323,0.99999999999999345,0.67272014111856748,0.66914460616246307,0.99999999999999767,0.94921078316770957,0.99999999999999589,0.99999999999999545,0,0.99999999999999445,0.999999999999994,0.99999999999999367
0.84149089411828593,0.81070177014217748,0.37585596916886355,0.25850417969894574,0.58049330479320693,0.61490672524844148,0.3373321716799052,0.50770179795771897,0.68155052467695787,0.34419734070127395,0.30546767854332696,0.78726595207245731,0.13593788781079202,0.1497174531109825,0.20464248432868304,0.15153451282889113,0.15709238125098351,0.17207995427305328,0.30504613810637227,0.28364770468230166,0.99999999999999567,0.76012309098931741,0.99999999999999423,0.99999999999999256,0.99999999999999356,0.85794182010353359,0.71675378797263345,0.69688050593738904,0.64189797898737011,0.17870366856166445,0.16916196634380579,0.19630106858139457,0.2663395551664966,0.25700906070891399,0.22136082125545975,0.23034557471294739,0.40948824268239259,0.64745057276760609,0.32152504062212411
0.76072404186740483,0.58930386526031897,0.39576708883283113,0.271851198608069,0.55537445740806879,0.58966678402992267,0.3263512067175256,0.47639814026437199,0.64929398288573226,0.34385789881910933,0.30921798262212702,0.74918125636361932,0.13553956872682432,0.14932841672385067,0.20777635419176699,0.15093346613152914,0.15674853949578543,0.17293699711437355,0.31464526693174821,0.29176464356894932,0.999999999999995,0.75849736808054091,0.99999999999999434,0.99999999999999256,0.99999999999999378,0.67422212699922812,0.63101644569530924,0.70926279023968841,0.66013800633244346,0.16177979286047997,0.16249145858775482,0.19411628578798384,0.26211571450091642,0.26535504537812094,0.22452936916833305,0.23584059746877267,0.46772337754432008,0.96098267160407236,0.33804494626853132
0.99999999999999589,0.99999999999999489,0.57795837733371969,0.33060253966905406,0.52005153239482327,0.76050809177605361,0.31297726639604201,0.70425584792675333,0.99999999999999456,0.34882072662834146,0.33638290140843724,0.75558805351618819,0.13755751083569245,0.15008696447879863,0.22068813156757702,0.14878636599833131,0.15287677429039562,0.16839912281652206,0.31030897612465502,0.28294037991937249,0.83713583513974266,0.66581817610568728,0.99999999999999412,0.99999999999999267,0.99999999999999389,0.86890675142828111,0.99999999999999423,0.99999999999999456,0.99999999999999478,0.1694615730616239,0.16399825456994302,0.18772642963924444,0.2483959546074562,0.25212495817242586,0.20975179540962041,0.2436881948709847,0.76967776126574539,0.99999999999999467,0.47078813247579188
0,0,0.99999999999999534,0.44026760957999633,0.87762465585928973,0.99999999999999456,0.39114997747218383,0.99999999999999512,0.99999999999999523,0.45222281443809437,0.45513488942193514,0.999999999999996,0.14472138450454158,0.15884063627128236,0.25646677418817376,0.16055016313909001,0.16754263528341995,0.18803153725179372,0.39501432264604658,0.35177275032264077,0.99999999999999567,0.99999999999999611,0.99999999999999545,0.99999999999999378,0.99999999999999489,0.99999999999999489,0.999999999999995,0,0,0.18350813596292007,0.17742964220792332,0.20910370479753157,0.29349151769876602,0.30631505067079834,0.24515566040009562,0.29681437460775234,0.99999999999999489,0,0.81121097446899171
0,0,0,0.71862858063713875,0.99999999999999722,0,0.59268985499188864,0,0,0.74964750278627301,0.76971593852664622,0,0.15383202575711283,0.17328831544605744,0.31756395522021014,0.17589098391111405,0.18482065998022593,0.21312590962235287,0.60192292384603963,0.48843952117488232,0.99999999999999811,0,0,0,0,0,0,0,0,0.20689816696272506,0.19855087886061532,0.24326696590736963,0.37924052804668312,0.40716912581261033,0.29949873512541403,0.38945937849312812,0,0,0.99999999999999512
0,0,0,0.99999999999999711,0,0,0.99999999999999745,0,0,0.99999999999999811,0.99999999999999634,0,0.16743242776313708,0.19277128031569601,0.42953264813909714,0.19683985152888855,0.20984148376025835,0.25057225701864677,0.99999999999999745,0.8793555683386215,0,0,0,0,0,0,0,0,0,0.2368507766853632,0.22772944214888263,0.29355121406979667,0.56182353988338618,0.63330116386281099,0.39536040214387741,0.58824724243554571,0,0,0
0.99999999999999545,0.99999999999999445,0,0.99999999999999667,0.99999999999999456,0,0.99999999999999589,0.99999999999999445,0,0.99999999999999623,0.999999999999995,0.99999999999999556,0.17342456899125888,0.21585931290797208,0.69242403397004049,0.22504142365700364,0.24271417388356467,0.3065276199546717,0.99999999999999378,0.99999999999999356,0.99999999999999689,0.99999999999999634,0.99999999999999567,0.99999999999999334,0.99999999999999456,0.99999999999999445,0,0,0,0.17836521853562778,0.20467941441252321,0.26807327906682582,0.76995070116292363,0.99999999999999434,0.59928123225928875,0.99999999999999434,0,0,0.99999999999999467
0.99999999999999634,0,0,0.99999999999999689,0,0,0,0,0,0.99999999999999767,0,0,0.16689288050471274,0.21378702837860614,0.999999999999995,0.2313095898275474,0.26510980672786083,0.38196395773094904,0.99999999999999656,0.99999999999999556,0,0,0,0,0,0,0,0,0,0.15848773339946184,0.18410420445569461,0.24128346874746773,0.99182203883590658,0.99999999999999512,0.99999999999999445,0.99999999999999456,0,0,0
0.99999999999999512,0,0,0.99999999999999589,0,0,0,0,0,0,0,0,0.17492471144679286,0.23192855091417844,0.999999999999995,0.26369998985302828,0.32377760647812365,0.5623287659890821,0,0.99999999999999567,0,0,0,0,0,0,0,0,0.99999999999999412,0.16319650482652379,0.19335634309713681,0.27396967664153488,0.999999999999998,0.99999999999999523,0,0,0,0,0
0.99999999999999367,0.99999999999999256,0.25137722925132439,0.18769841018465944,0.30230520902766789,0.49969937060037517,0.23547391009658755,0.54645861735114365,0.99999999999999267,0.16534953437632433,0.21208932592020632,0.27546073617175348,0.10647529664289916,0.11417755168105817,0.15556262008175431,0.1166155978899389,0.12301042343893225,0.13616435784668721,0.17411172150238449,0.1550099491705918,0.24009647494606823,0.21417313054310824,0.27472912176449965,0.35459967382480562,0.38371477289138051,0.90454804535757605,0.99999999999999245,0.99999999999999267,0.99999999999999289,0.10507430574910094,0.10922911779375104,0.11635282816253387,0.13605687301264222,0.16189797039569967,0.15507448074527697,0.16721891747967568,0.2719373931973722,0.3568460682214748,0.26798204547504273
0.24226783530503018,0.23939262275992504,0.14305982755025565,0.13194345743195654,0.13579907575986577,0.16228594009417477,0.12097245791584391,0.16362444233654905,0.19351067217415979,0.10760856256728167,0.12106623925882427,0.13135897206118333,0.11982566584133732,0.10850374285345413,0.11628768521208896,0.11954141699032168,0.11033528567511453,0.10697276616842105,0.10889714110295039,0.10938085578265007,0.12383948368228223,0.11593498211381834,0.13294958632048975,0.15259908907860717,0.15595583261426135,0.19803672204231398,0.21231005894057262,0.27200446507397968,0.30620137911261508,0.11426241111933493,0.11349896927005332,0.10563276672879283,0.10800682710126849,0.11248280106042055,0.11070268995549291,0.11396811659193667,0.1545243083185025,0.19894386010504134,0.15845449166737591
0.25428018043394612,0.25784646861021671,0.15319283319359345,0.14203203050398952,0.13996299410548904,0.16970457855298718,0.12709011982588472,0.17294389954712433,0.20100474073115995,0.11411070588678907,0.12756538534244657,0.13376314592800342,0.10873976743441695,0.11085328052738752,0.12312121761560421,0.10867815465793212,0.11030040125454875,0.11278553615011266,0.11479932015182312,0.11543562962408087,0.1275613895793884,0.12000473037451202,0.13699564746454168,0.15685367251725937,0.160566607107029,0.20582528986343004,0.22683696012852464,0.32257978330341591,0.39969301239152671,0.11014538836019533,0.11013423142049858,0.11181810068441342,0.11469915628196768,0.11855080952514947,0.115725328124907,0.11891434973613514,0.16727009027483625,0.22604417355787756,0.17350760592112405
0.31484672002787423,0.32168788587855807,0.16344472210375713,0.15052255919935711,0.14933070121559264,0.18847995372263529,0.13396655380602082,0.19309523544093987,0.23264710167265648,0.11816463780404,0.13483852640922486,0.14143673418225303,0.11223668084622701,0.11475297767933453,0.12952692214635564,0.11225560629350761,0.11413472178905354,0.1175905204053502,0.11975170672488053,0.12049881685188873,0.13563952795312684,0.12645666366513192,0.14706487468348539,0.17124259738857073,0.17584484060142144,0.23825613907879198,0.27031783339692411,0.44008781225012972,0.61438651094615049,0.11361708765041559,0.11368845814121112,0.11556782642107527,0.11888275715457539,0.12452935059721977,0.12111052659786942,0.12461593170212941,0.18114210924108309,0.25535478576425968,0.19030638400328895
0.40661094867147435,0.42353971350229697,0.1747819405442344,0.15878515430170287,0.15617167212810226,0.20791974564244989,0.13375731534670349,0.21252036806563099,0.27946043471695908,0.11423079719105579,0.13573123210141944,0.14840119876234603,0.11621035384701409,0.11925078554679414,0.13303527243154104,0.11496782234119324,0.11515380735686706,0.11794087780662189,0.11684001287936363,0.11862219108209969,0.13917142024447632,0.1258056357455451,0.15273308372911204,0.18607408969020792,0.19245974608605793,0.28785539226711915,0.33965549644265591,0.68202196234424062,0.99999999999999523,0.11702202767499997,0.11735452619532001,0.11819070078548261,0.12071352296630507,0.12454879622443432,0.12287782930203786,0.12556775116449231,0.19361241386176867,0.29329562535684633,0.20900462401684775
0.62234301571121931,0.66097380043387721,0.19507845658928857,0.17296069862543562,0.17016456078999631,0.24126602433417305,0.14242901235185629,0.24823606508893828,0.35599884505059565,0.11976469822588934,0.1449134858378516,0.15986578928302139,0.11982027693926414,0.12424620869810801,0.14077310705597507,0.1190986705830638,0.11966584756123759,0.12326091866499816,0.12239956390335095,0.1243542576695487,0.14865259932706648,0.13281388083164056,0.16581400770987764,0.21054529167495645,0.21921929034823112,0.37209751255950468,0.47274083480810986,0.999999999999994,0,0.12112777356744471,0.12195780517420052,0.12271988406283768,0.12615728213605315,0.13122358539026649,0.12906161093657634,0.13246686840010494,0.22127479756789728,0.38246708788883649,0.24327559829652184
0.99999999999999556,0.99999999999999456,0.22334412901948178,0.19129340573306722,0.18911834158293953,0.29341512695467065,0.1530731941978308,0.30469622597290658,0.5097178209160016,0.12512347024437437,0.15620876679588572,0.17520132947449515,0.1252294982108792,0.1305818175590811,0.1509966057022093,0.1244977228459067,0.12503654133783401,0.12914771189787844,0.1284881924386849,0.13054211355427117,0.16084973708867134,0.14132751862593437,0.18327297929228145,0.24610494876082192,0.25893054817595351,0.54587959820294985,0.82435468290038205,0.99999999999999378,0.99999999999999412,0.12595736987626147,0.12755795028447128,0.12803498687984857,0.1322470189038038,0.13925242676460495,0.13671601151906213,0.14086979931318827,0.26134637821839729,0.5694587805125364,0.2954397100064603
0,0,0.26573455710959476,0.21899623467012452,0.21562027091378311,0.3835630110765863,0.16743851734738383,0.40471926533774111,0.95837000967618124,0.13262416955659487,0.17141445511692938,0.19668608336149943,0.13249756420237457,0.13869320744569535,0.16495519122311181,0.13172556685841985,0.13277361407057542,0.13759964860533971,0.13687858773086681,0.13880428086551902,0.17783905403207606,0.15278080953112536,0.20798415376786808,0.30157948452122935,0.32293258285128396,0.99999999999999478,0.99999999999999445,0,0,0.13361167561508622,0.13510721204445883,0.13656111526112993,0.14143760712493003,0.1499526557072815,0.14658904503047263,0.15172361963528222,0.32690684626312777,0.99999999999999512,0.38728409336195668
0.99999999999999589,0.99999999999999489,0.33352343289867964,0.25762903519583935,0.25303254368707645,0.57383531086076445,0.18440271980695555,0.62666679234354172,0.99999999999999412,0.13925525654501913,0.1901395101606724,0.22496527763971319,0.14009913358430034,0.14817858648157203,0.18142939588881493,0.13927534401766134,0.14024479129874687,0.14636827595977861,0.14512252609064388,0.14806901744954018,0.19793068070462425,0.16481823286773956,0.24103856393888282,0.3984618800661498,0.43953783390151158,0.99999999999999445,0,0,0,0.13944897191571537,0.14245322733026361,0.14340545762863907,0.15075382541765125,0.16214093369269111,0.15823118296849401,0.16470894661489344,0.44761455855340704,0,0.58256590319321988
0.99999999999999489,0.999999999999994,0.43704653952576761,0.28525638245526908,0.2575491243185451,0.79852221392716716,0.18825114647734914,0.99999999999999356,0.99999999999999345,0.13693922769544967,0.19032226167273847,0.22177195148408665,0.13604726676357873,0.14366459224522743,0.18077371382881466,0.1354659183860879,0.13661241574171878,0.14345642774573397,0.14235813307318251,0.14691727713327624,0.19921246156472777,0.16133766333415139,0.23769439501043801,0.41343141910385417,0.457700910346659,0.99999999999999356,0.99999999999999334,0,0,0.13693726960752814,0.13862095157998927,0.14092080301833482,0.14737179299367914,0.16082524195426764,0.15716861494926107,0.16336607560039682,0.61594536925386834,0.99999999999999367,0.99999999999999434
0,0,0.71640530289305759,0.37087167253981834,0.32254103069573342,0.999999999999995,0.21668616898621693,0,0,0.14947691767242474,0.2191824245237057,0.2661441416848685,0.14767939637175789,0.15658725357031544,0.20645809377295132,0.14689603518248456,0.14904740112514409,0.15729140647343398,0.15570574405085907,0.16116046741235424,0.2326499459891366,0.18045488070072935,0.29069946092473437,0.65165330617721851,0.7797621004557469,0,0,0,0,0.14886908168391463,0.15073223562200064,0.15409127036215031,0.16243456736103454,0.1789968989434608,0.17357248977358627,0.18166201094510914,0.99999999999999611,0,0
0.999999999999996,0.99999999999999545,0.99999999999999656,0.541887269066055,0.43861679956931487,0,0.25482758158454244,0,0,0.16180999134964474,0.25878100152988265,0.33381459806239905,0.15953878267832536,0.17092326483655662,0.23978800052869256,0.15853986201994139,0.16129270675587803,0.17202196084741689,0.16992397429612402,0.17706563901729866,0.27887945602987824,0.20281463065983305,0.37649139904822437,0.99999999999999434,0.99999999999999678,0,0,0.99999999999999412,0.99999999999999434,0.16101567947205175,0.16338597277752515,0.1677442367690995,0.17858399163497873,0.20100901945014588,0.19377395198719305,0.20496271788045578,0,0,0
0.99999999999999523,0.99999999999999423,0,0.99999999999999756,0.71849721868209915,0,0.31460884344890122,0,0,0.17760983212849585,0.32132406653318674,0.46059407967366167,0.17497644400423246,0.18996215947553774,0.28987121656558162,0.17352826547027889,0.17694593137041892,0.19103176876843775,0.18832009569681399,0.19730045669697271,0.35570257962204915,0.23407566553996495,0.55514351721630739,0,0,0,0,0,0,0.17663251256630433,0.17980112052159788,0.18563916110513623,0.20002052932730582,0.23146858473434218,0.22135494706629144,0.2373315193768831,0,0,0
0,0,0,0.99999999999999789,0.99999999999999556,0,0.42268808634522709,0,0,0.19832045827432479,0.43600982129512156,0.78489838489092079,0.19474858248897514,0.21571091894872271,0.37599955644378691,0.19323872875935194,0.19781683170679182,0.21746502379206481,0.21331011339484754,0.22632925203796972,0.50741467487358927,0.28102910539835102,0.99999999999999689,0,0,0,0,0,0,0.19739380161654119,0.20171250517563474,0.2094990925461965,0.2299663480239324,0.27736553572630701,0.26212260473922316,0.28694236812602708,0,0,0
0.99999999999999656,0.99999999999999578,0,0.99999999999999734,0,0,0.67368763304193402,0,0,0.22814849058491371,0.71178184446272863,0.99999999999999722,0.22282032329652368,0.25339595277061921,0.55426767986243697,0.22051112007757045,0.22711390331571757,0.25604645255549169,0.25015093903978097,0.27003709119937525,0.94628932087278439,0.36023120650362978,0,0,0,0,0,0,0,0.22639314820734194,0.23264727832060197,0.24269162592630927,0.27501999293717655,0.3540837179612808,0.32797999980982162,0.37134812595757327,0,0,0.99999999999999478
0.99999999999999634,0.99999999999999556,0,0,0,0,0.99999999999999678,0,0,0.27216246245180759,0.99999999999999645,0,0.26362400358486732,0.30862483173230842,0.999999999999997,0.25250135187982531,0.26521613283405648,0.31456541486030198,0.30760510861246282,0.34093428670071557,0.99999999999999778,0.51787478151140343,0,0,0,0,0,0,0,0.26365149722954273,0.265448105594838,0.28641662104270549,0.34418031627189755,0.50537210290421286,0.45002008604197696,0.54457550135741095,0,0,0
0,0,0.99999999999999578,0.99999999999999689,0.99999999999999556,0,0.99999999999999678,0.99999999999999512,0,0.32517367501401073,0.99999999999999567,0.99999999999999678,0.31643555217473252,0.37953188425035,0.99999999999999611,0.2958237769480887,0.3221038290873951,0.42099215986757066,0.4048914497002899,0.42645542327660302,0.99999999999999745,0.84533750593912005,0.99999999999999656,0,0.99999999999999545,0.999999999999995,0,0.99999999999999434,0.99999999999999423,0.29038443898247429,0.29341905140261887,0.31318678209432299,0.41752093720955646,0.85514342197967985,0.74936896529380059,0.99999999999999478,0,0.99999999999999412,0.999999999999995
0.99999999999999467,0.99999999999999445,0.99999999999999534,0,0,0,0,0,0,0.42134436899548405,0.99999999999999567,0,0.34049096887024066,0.44624826338828227,0.999999999999995,0.34213019160239455,0.40718169284572397,0.63158008025741663,0.60294153431905428,0.55541646198703665,0.99999999999999722,0.99999999999999734,0,0,0,0.99999999999999445,0.999999999999994,0.99999999999999356,0.999999999999994,0.30458412926364886,0.30874729657275429,0.34639567563621354,0.44591390292692956,0.99999999999999445,0.999999999999994,0.99999999999999434,0,0,0.99999999999999434
0.99999999999999645,0.99999999999999534,0,0.99999999999999656,0,0,0,0,0,0.67002699938088495,0.99999999999999523,0,0.46559245729657484,0.74086149071189333,0,0.47845488563128719,0.63235247773057457,0.99999999999999678,0.99999999999999567,0.99999999999999545,0.99999999999999667,0.99999999999999689,0,0,0,0.99999999999999467,0.99999999999999434,0.99999999999999412,0,0.3931350894317579,0.40558494422861824,0.47280215648244395,0.73526253104190609,0,0,0,0,0.99999999999999378,0.99999999999999423
0.99999999999999667,0.99999999999999545,0,0,0,0,0,0,0,0.99999999999999778,0,0,0.7985273280493288,0.99999999999999745,0,0.84216190769581944,0.99999999999999767,0,0,0.999999999999996,0,0,0,0,0,0,0,0,0,0.58485662708270159,0.62669572451224564,0.81481775191151351,0.99999999999999811,0,0,0,0,0,0
0,0,0,0.99999999999999656,0,0,0,0,0,0.99999999999999734,0,0,0.99999999999999767,0.99999999999999678,0.99999999999999645,0.99999999999999833,0,0,0.99999999999999645,0.999999999999996,0,0,0,0,0,0,0,0,0,0.94669520667617446,0.99999999999999434,0.999999999999997,0.99999999999999822,0,0,0,0,0,0.99999999999999467
0.99999999999999656,0,0,0,0.99999999999999578,0,0.99999999999999689,0,0,0.66583580205566384,0.99999999999999623,0.99999999999999689,0.99999999999999745,0.99999999999999678,0.99999999999999645,0.99999999999999822,0.99999999999999711,0.99999999999999645,0.999999999999995,0.99999999999999334,0.99999999999999689,0.99999999999999656,0.99999999999999645,0,0.99999999999999556,0.99999999999999512,0,0,0,0.99999999999999156,0.99999999999999434,0.99999999999999467,0.99999999999999634,0.999999999999994,0.99999999999999378,0.999999999999995,0,0,0
0.99999999999999656,0.99999999999999567,0,0,0.99999999999999578,0.99999999999999423,0,0.99999999999999489,0.99999999999999489,0.99999999999999811,0,0.99999999999999722,0,0,0,0,0,0,0.99999999999999734,0,0.99999999999999789,0,0.99999999999999711,0.99999999999999312,0.99999999999999567,0.999999999999995,0.99999999999999456,0,0,0,0,0.99999999999999634,0,0,0,0,0,0,0.999999999999995
0.99999999999999623,0.99999999999999523,0,0,0,0,0,0,0,0.99999999999999811,0,0,0.99999999999999667,0.99999999999999523,0.99999999999999722,0.99999999999999811,0.99999999999999811,0.999999999999998,0.99999999999999745,0.99999999999999645,0,0,0,0,0,0,0.99999999999999445,0.99999999999999389,0.99999999999999423,0,0.99999999999999234,0.99999999999999611,0.99999999999999811,0.99999999999999667,0,0,0,0,0
0.99999999999999667,0.999999999999996,0,0,0,0,0,0,0,0.99999999999999811,0,0,0.99999999999999645,0,0,0,0,0,0,0.99999999999999678,0,0,0,0,0,0,0,0.99999999999999445,0,0,0,0.99999999999999689,0.99999999999999811,0,0,0,0,0,0
0.99999999999999634,0,0.99999999999999545,0.99999999999999667,0.99999999999999423,0.99999999999999334,0.99999999999999478,0.999999999999994,0.99999999999999412,0.99999999999999711,0.99999999999999467,0.99999999999999578,0.99999999999999756,0,0.99999999999999656,0,0,0.99999999999999767,0.99999999999999512,0.99999999999999489,0.99999999999999734,0.999999999999997,0.99999999999999623,0.99999999999999289,0.99999999999999489,0.99999999999999456,0.99999999999999389,0,0.99999999999999412,0.99999999999999156,0,0.99999999999999656,0.999999999999998,0.99999999999999489,0,0.99999999999999489,0.999999999999995,0.999999999999994,0.99999999999999456
0.99999999999999623,0,0,0,0,0,0,0,0,0.999999999999998,0,0,0.99999999999999678,0,0,0,0,0,0,0.999999999999997,0.99999999999999811,0.999999999999998,0.99999999999999756,0.99999999999999389,0.99999999999999645,0.99999999999999512,0,0.99999999999999412,0.99999999999999423,0.99999999999999145,0,0.99999999999999623,0.99999999999999811,0,0,0,0,0,0
0.99999999999999667,0.99999999999999578,0,0,0,0,0,0,0,0,0,0,0.99999999999999656,0.99999999999999523,0.99999999999999756,0.99999999999999811,0.999999999999998,0.999999999999998,0,0,0,0,0,0,0,0,0,0.99999999999999412,0,0.99999999999999123,0.99999999999999223,0.99999999999999645,0,0,0,0,0,0,0.99999999999999545
0,0,0.99999999999999556,0.99999999999999589,0,0,0.99999999999999767,0,0.99999999999999512,0.99999999999999789,0.99999999999999678,0,0.99999999999999767,0,0.99999999999999623,0,0,0,0,0,0,0,0,0,0,0.99999999999999545,0.99999999999999456,0,0,0,0,0.99999999999999645,0,0,0,0.99999999999999534,0.99999999999999467,0.99999999999999378,0.99999999999999434
0.99999999999999623,0,0.99999999999999534,0.99999999999999645,0.999999999999995,0.99999999999999345,0.99999999999999645,0.99999999999999434,0.99999999999999445,0.99999999999999778,0.99999999999999589,0.99999999999999678,0.99999999999999756,0,0.99999999999999645,0,0,0,0,0.99999999999999578,0.99999999999999634,0.99999999999999711,0.99999999999999667,0.99999999999999323,0.99999999999999545,0.99999999999999489,0.99999999999999423,0.99999999999999378,0.999999999999994,0.99999999999999212,0.99999999999999389,0.99999999999999678,0.99999999999999811,0,0,0.999999999999995,0.99999999999999478,0.99999999999999389,0.99999999999999434
0.56843471338256735,0.27996339002955267,0.999999999999994,0.65024558711250313,0.58612077594740741,0.38017554982770185,0.54832181853814277,0.40529947773123615,0.30863610078264236,0.32801168997707991,0.44048492931199268,0.99999999999999289,0.45644176452013402,0.74923828260148884,0.99999999999999323,0.64632355253406593,0.73374147959576752,0.82553526070930205,0.35032019468840553,0.37430585541917294,0.69918148485506626,0.6938773368676141,0.99999999999999323,0.85605775500242265,0.81331246861180284,0.32769247333791396,0.33794996670123534,0.8371581223835709,0.99999999999999245,0.26240581282152325,0.3366357588814366,0.37150512063961499,0.34666612510153677,0.51970175265566643,0.70784740586309614,0.99999999999999267,0.99999999999999356,0.99999999999999245,0.41967485169331864
0.62504863423272339,0.31106894389114942,0,0.99999999999999833,0.99999999999999811,0.56868721024515001,0.99999999999999822,0.61979163970850282,0.41435555425378706,0.45221515714648985,0.72839478543417246,0.99999999999999822,0.7259217175544519,0.99999999999999489,0.99999999999999811,0.99999999999999778,0.99999999999999811,0.99999999999999833,0.50047975031332381,0.55503031452616169,0.99999999999999822,0.99999999999999845,0,0.99999999999999623,0.99999999999999767,0.43477486406806892,0.43008090149554379,0.99999999999999356,0.99295342558750921,0.33114766809522844,0.46999133340186899,0.54456889658081298,0.48664562909684678,0.99869817449219367,0.99999999999999711,0,0,0,0.66806596363240089
0.999999999999998,0.41562082579494486,0,0.99999999999999845,0,0.99999999999999745,0,0.99999999999999734,0.65046104876381206,0.75719352194345468,0.999999999999998,0,0.99999999999999623,0,0,0,0,0,0.91523412044737729,0.99999999999999822,0.99999999999999845,0,0.99999999999999822,0.99999999999999578,0.99999999999999745,0.70750283118960078,0.69491266015675179,0.99999999999999656,0.99999999999999634,0.45581686278958827,0.81668249975594953,0.99999999999999589,0.87092538330233082,0.99999999999999789,0,0,0,0,0.99999999999999711
0,0.65328039638945368,0,0.99999999999999833,0.99999999999999756,0,0.99999999999999822,0.99999999999999734,0.99999999999999789,0.99999999999999789,0.999999999999998,0.99999999999999789,0.99999999999999578,0,0.999999999999998,0,0,0,0.99999999999999833,0.99999999999999822,0.99999999999999833,0.99999999999999822,0.99999999999999778,0.99999999999999523,0.99999999999999711,0.99999999999999767,0.99999999999999778,0,0,0.77143832131123202,0.99999999999999201,0,0.99999999999999756,0.99999999999999811,0,0,0.99999999999999578,0.99999999999999512,0.99999999999999711
0.99999999999999678,0.99999999999999634,0,0.99999999999999623,0,0,0,0,0,0.99999999999999734,0,0,0.999999999999998,0,0,0,0,0,0.99999999999999545,0.99999999999999478,0.99999999999999789,0.99999999999999789,0.99999999999999745,0,0,0.99999999999999534,0.99999999999999489,0.99999999999999456,0.999999999999995,0.99999999999999356,0.99999999999999634,0.99999999999999667,0.99999999999999778,0.999999999999995,0,0,0,0.99999999999999389,0.99999999999999445
0.999999999999996,0.99999999999999456,0.999999999999994,0.99999999999999323,0.99093301636288744,0.99999999999999223,0.6371039306121794,0.99999999999999289,0.99999999999999289,0.33080994541342545,0.54992452101841383,0.99999999999999267,0.25591686659619756,0.31463318246028321,0.61539004861776037,0.38739788754802312,0.56929564994867921,0.61635796846014068,0.37536407335347521,0.39074466546452358,0.99999999999999356,0.58357884628806089,0.99999999999999323,0.99999999999999201,0.99999999999999278,0.99999999999999312,0.99999999999999301,0.99999999999999389,0.99999999999999412,0.20647172541532394,0.24431233625412729,0.26533353009324306,0.34658685197440731,0.45854184661373726,0.46993070653907526,0.59279221895051137,0.99999999999999378,0.99999999999999323,0.999999999999994
0.99999999999999434,0.99999999999999423,0,0.99999999999999822,0.99999999999999734,0,0.99999999999999822,0,0.999999999999995,0.45704533155565841,0.999999999999998,0,0.31952078580849336,0.42438627314711896,0.99999999999999822,0.58413491538544282,0.99999999999999811,0.99999999999999833,0.55751385807751441,0.59074637429238941,0.99999999999999833,0.99999999999999833,0,0,0,0.99999999999999545,0.99999999999999412,0.99999999999999356,0.99999999999999367,0.24289820568103973,0.30045544368104743,0.33562417678765477,0.49074851650204043,0.78307176496856401,0.81932261966731301,0.99999999999999722,0,0.999999999999995,0.99999999999999556
0,0,0,0.999999999999998,0,0,0,0,0,0.77316387069195447,0,0,0.41681746984820539,0.67743061810681815,0.99999999999999778,0.99999999999999789,0.99999999999999811,0.99999999999999833,0.99999999999999833,0.99999999999999811,0,0.99999999999999833,0.99999999999999811,0,0,0,0,0,0,0.29534853690889523,0.39541748199682741,0.46484402011268394,0.88529519521169764,0.99999999999999811,0.999999999999997,0,0,0,0
0.99999999999999711,0,0,0,0,0,0,0,0,0.999999999999998,0,0,0.6569860715267597,0.99999999999999323,0,0,0,0,0,0.99999999999999822,0.99999999999999822,0,0.99999999999999789,0.99999999999999478,0,0,0,0,0.99999999999999434,0.38586232329673198,0.60218137108442094,0.79940273227320247,0.99999999999999711,0,0,0,0,0,0
0.99999999999999689,0,0,0,0,0,0,0,0.99999999999999534,0,0,0,0.99999999999999645,0.99999999999999545,0.99999999999999767,0.99999999999999811,0.99999999999999811,0.99999999999999822,0,0.99999999999999722,0.99999999999999789,0,0,0,0,0.99999999999999545,0.99999999999999478,0,0,0.57465611703185948,0.99999999999999201,0.99999999999999523,0.99999999999999811,0.99999999999999711,0.99999999999999623,0.999999999999996,0,0,0
0,0,0,0.99999999999999756,0,0,0,0,0,0.999999999999998,0,0,0.99999999999999645,0,0.99999999999999734,0,0,0,0,0,0,0,0,0,0,0,0,0,0,0.99999999999999123,0,0,0,0,0,0,0,0,0.99999999999999523
0.99999999999999556,0,0.99999999999999423,0.99999999999999767,0.99999999999999523,0.99999999999999389,0.99999999999999367,0.99999999999999356,0.99999999999999489,0,0.99999999999999445,0,0,0,0.99999999999999689,0,0,0.99999999999999789,0.99999999999999667,0.99999999999999656,0,0,0,0,0,0.999999999999995,0.99999999999999445,0,0,0.99999999999999134,0.99999999999999201,0,0.99999999999999811,0.99999999999999634,0,0.99999999999999456,0.99999999999999445,0.99999999999999423,0.999999999999995
0.49480757644397888,0.54305797893178043,0.35208860225186234,0.26117800655955919,0.45717283113318086,0.65219184335154234,0.39775753342622577,0.65980605638422218,0.77693054801688066,0.22339581344543008,0.33853732024206257,0.40435024453702195,0.2282767103052506,0.20325480788633021,0.24034651253035411,0.17298518293241141,0.1766572157300689,0.2016882420478662,0.2356478644982391,0.2135798212134819,0.99999999999999345,0.50212009351606346,0.64637212934142196,0.77281891704590833,0.72426666709026966,0.75421336882757306,0.71042938167944814,0.63164166749539508,0.56910369945770745,0.21096119665943042,0.18548485480546159,0.17090875576722933,0.19538426398569025,0.25399404993086588,0.26967076055829814,0.27333165550666344,0.3558042471559314,0.36494977132561024,0.31360169064088894
0.7670680054279545,0.89303343402006796,0.41575008375190214,0.25823781761393494,0.61977473085867463,0.99999999999999378,0.4654511627490675,0.99999999999999445,0.99999999999999456,0.24834270724429516,0.36181001720777806,0.54018953939738812,0.20494243627638922,0.18169680621173259,0.22140692665490705,0.16654503470757376,0.17002223767505384,0.18934825485136014,0.2549241674662221,0.22263736294913813,0.999999999999996,0.71729724731026401,0.99999999999999589,0.99999999999999312,0.999999999999995,0.99999999999999489,0.99999999999999456,0.99999999999999467,0.99999999999999489,0.24575905093330064,0.19914821231821259,0.18183933448548437,0.20447134871977982,0.25401399157692384,0.24831475277827073,0.26059371329183323,0.4077178410414713,0.41860352981787163,0.37244643462535953
0.99999999999999634,0.52475398319890243,0.39455914810586812,0.2496856791857478,0.25201801379746624,0.31205578294228586,0.15436207498028018,0.27578531381469584,0.40095672396617538,0.11911945043530572,0.15887219593986579,0.24633314812890236,0.11848452896791166,0.12245336090416589,0.15317597330540003,0.11298455437155154,0.11465943588104574,0.12244143082400841,0.11198280425360659,0.10972319486239182,0.20713472224052795,0.16120970086439648,0.22461278981833935,0.31950225567406099,0.34008809499709181,0.4543326045598825,0.47136490744545878,0.99999999999999356,0.99999999999999512,0.1193091524952074,0.11655400015212475,0.11614348776113036,0.11257718093799128,0.12487552090591095,0.13580467957156414,0.14566725370004319,0.36895187110164546,0.61466125849842801,0.53314841564543258
0.99999999999999734,0.46792432243177379,0.22263911878550752,0.13990265496240145,0.14287601771412603,0.16615823807040278,0.11002797632522492,0.15289325532806233,0.20576539236481664,0.11293685172068099,0.11291088740361975,0.14863520199201397,0.11107405843260028,0.11104400572727684,0.12374154641395392,0.13895827012704917,0.14328015631291466,0.11878281470040515,0.13404089795588919,0.11606201288066613,0.14360810778592933,0.12092579886900758,0.14413370740386555,0.17375121695377882,0.17924600284317513,0.23025139976118728,0.26592452302909292,0.99999999999999367,0.999999999999995,0.10995869032691258,0.10908605466346148,0.10754822174365194,0.11197679649934113,0.11279545876721772,0.12358947150023242,0.1291781483243887,0.18189832423575872,0.15169414267037779,0.20128298042419254
0.18649278982484846,0.15524138152018715,0.15009021544271889,0.12187598035107809,0.10941601936568536,0.10778305710696663,0.14800427950907874,0.11742932055254408,0.12038949942440573,0.1622163523750019,0.14083965865078552,0.11435809501071138,0.14556163047389822,0.15113299362114768,0.10610648396670215,0.17969328736280771,0.18376579511345184,0.17452173233685425,0.18104877451357995,0.17513230858617787,0.10817683844123388,0.1215455660995596,0.11174424782317488,0.12076186632823251,0.12282947175558273,0.12215906657202578,0.12102748282229904,0.18421020782446887,0.20147313813720474,0.1358448146207237,0.15528125623449318,0.1518213190856256,0.15979738333757937,0.15416706850108045,0.13525945189598657,0.10526024250761405,0.14551569808484999,0.12981267671977773,0.15675452796810721
0.15664827729462236,0.12518872714790019,0.14564699201627915,0.12587074104437401,0.13437529933224773,0.13990813873542879,0.1655889966733903,0.15138863867458341,0.16435389938525952,0.1607395504378081,0.15173602652099946,0.12877739864320181,0.13624928762570321,0.13987353977253916,0.10777572033762653,0.17195804265349734,0.17762565874188369,0.16863962707555621,0.17917063258715921,0.16976016413980999,0.1566561746899558,0.1604609669491891,0.13604474029731753,0.10826475957759563,0.1053512731649555,0.1054214221294508,0.10569610208602008,0.15777635732527334,0.1811101322629361,0.1226992494204472,0.14318524206020766,0.14406836206477569,0.15418049898808872,0.15078303004510096,0.13249058205672351,0.11320669274373574,0.14495636817345281,0.1320529751675201,0.16206627386125386
0.16398411993255169,0.12779842421268628,0.14310570320098662,0.11949514232793823,0.14412328644377301,0.14393700290732878,0.168439997178398,0.15100447594403174,0.16336717002970969,0.16106771475880841,0.15712925033176639,0.14236688077650664,0.14750359993396331,0.15865521990409279,0.12525348090969621,0.1806304670728085,0.18404264995710543,0.18006287270379406,0.1818028890892677,0.17305355935782402,0.16505901415319779,0.16684580168735938,0.14776446291286735,0.12362804690291911,0.11912202189052916,0.10744085812331909,0.10573391315641259,0.16126115126129464,0.18879224062202821,0.11349200351780957,0.14484235241815743,0.14629200864477107,0.15753313214629508,0.16608442800465367,0.16310151470145356,0.13888763837896481,0.14252079982148586,0.13336593121348833,0.16406356602784941
0.1770753675881255,0.12846685396801574,0.11942167971488153,0.10695426429000117,0.14303315671752734,0.15290956809654466,0.1698760175347219,0.16896392271124541,0.1759174076468249,0.16633072187690687,0.15908866371196895,0.13812480869612925,0.15606861882918477,0.16387515139677075,0.13972913042336274,0.18136665036125457,0.18452705650965862,0.17969610426378629,0.18052158502522114,0.18155618919505531,0.16179775970315952,0.16253643395888914,0.14288774040793964,0.11917212528013763,0.11505712655905072,0.1134523965890866,0.12583528745575293,0.16039177876136565,0.20808237071465824,0.10862282595480516,0.14631104947723869,0.15380344545674846,0.17260268863028394,0.16954577125198783,0.16025625683720035,0.14207967093572466,0.12150039271268251,0.1156099631007531,0.12247268824874737
0.18402273102319686,0.12217402401357159,0.1054186924379622,0.13197626943786062,0.18423631962323633,0.18689393756184797,0.20284892959803574,0.19521750980070562,0.19578065402109082,0.17522326307962413,0.20322041478751646,0.17604316304413567,0.17030334867755384,0.18623390405450282,0.17544562943621644,0.19182752917920631,0.19146658429043981,0.19297476906286268,0.19931121421869963,0.18761097307289898,0.17518554872124098,0.17891447783029035,0.17304842965327011,0.16416223474016278,0.16362773287606461,0.15723037123135461,0.15564914556309939,0.15301955876246859,0.22051442000988722,0.12466466202367799,0.15768042165359647,0.15978498776446964,0.17281520714868009,0.18971368847053663,0.18758858014641952,0.1840006540628869,0.10680849333643763,0.11273251128380127,0.11542312390732389
0.20709343781923581,0.12902238810762137,0.12593809436649345,0.17391357403849084,0.17992119815365631,0.17962334565734334,0.20047885832514745,0.18680255626373718,0.18682325980750902,0.19975856376709297,0.2111529670922194,0.17131943904191682,0.20808902882083569,0.21258504838414788,0.20604549257589119,0.21705055250451721,0.21697763103594339,0.21673719239341244,0.21462610010439848,0.22171455836411494,0.16979093818241225,0.17396857838027063,0.16785667723918113,0.15812248022019143,0.15833406379189607,0.14834370077019157,0.14244383368712488,0.16719530824544718,0.26056580384384298,0.16800180157687786,0.19707833459325125,0.20172560234605261,0.21734392738494718,0.21949963432741224,0.21471347186438375,0.21428445289874473,0.15756088700179996,0.15451750735139305,0.10644255441130566
0.2394205678510701,0.13715238908766939,0.13119510827766295,0.17191881363208814,0.1697791916380661,0.16824243156250401,0.19455566658613888,0.17553209962041252,0.17366548060377307,0.19708365219981624,0.21101380932371372,0.15912303636502689,0.20984256616474231,0.21451343433871486,0.2072443305867262,0.21893875539592902,0.21799424139144122,0.21695515060007828,0.21273295354235469,0.2206494651384579,0.15889021885160343,0.1630493901396981,0.15570243786263896,0.14468488043214589,0.14451070646084641,0.1322313869951221,0.1255594953382822,0.18542972073201219,0.32523981846284966,0.17383029086244015,0.19852993151132323,0.20229038152361448,0.21758334942517263,0.21815938781824867,0.21224758457608514,0.21374170572819723,0.15712436280670816,0.14113644807640835,0.10893966437558873
0.28854538975471616,0.14580639599549794,0.11403755588504728,0.15737099758055922,0.1537946653455175,0.15227831657527377,0.18176743097533779,0.15971151906575301,0.1565587136360963,0.18393113193563868,0.20337103234870416,0.14142552346911813,0.19874492048230108,0.20408665175893254,0.19923745646127403,0.20985682802190217,0.21028485476484804,0.20974819310074186,0.20372740583762944,0.21342479641655657,0.14118411505957518,0.14573687374439867,0.13786886726327152,0.12705526960441116,0.12647282905910537,0.11394237723961445,0.10690810831001994,0.2078158643950451,0.44246054634955728,0.15744164091523818,0.18524395616128031,0.19090890295288124,0.20812467695460465,0.21116503514472298,0.20450093567685101,0.20722413237455842,0.14070935670805776,0.12367873661592474,0.11194417648496992
0.3571734752927308,0.150797705508455,0.10723508661151339,0.14633404748877935,0.13608201054597951,0.14223018383609029,0.16630790366240306,0.15313633837297949,0.15775903004893987,0.17067576753421809,0.19227481901627078,0.12266977648924089,0.18784395992655215,0.19429471806077719,0.19125584497878448,0.20008905063347096,0.19967797925207706,0.19956578855055893,0.19204287318521407,0.20586136320734777,0.12289772969723643,0.1273149196550771,0.118852498702465,0.10979699309976006,0.10858451654229183,0.10522828150126597,0.10810471640137263,0.22145817453486366,0.62801656607533529,0.13947003784011131,0.17067138057986198,0.17835584403661225,0.20217993009340385,0.201949969888467,0.19276354323761785,0.19931172549900461,0.13095714410435441,0.10619179603160271,0.11389581120387825
0.48933149905518353,0.15989250570752944,0.17347042138365432,0.18063777681359242,0.16039143724335717,0.15397849783508002,0.18788079076072212,0.1641220925042601,0.14710263150942876,0.19125077127637491,0.20633329975630024,0.15228710236123294,0.20389353593153764,0.20592244790003028,0.20420889595224903,0.20617143858421785,0.20238191755989299,0.20325090520321906,0.19858586879831611,0.21022976069633367,0.14282856062690127,0.14354874942825185,0.13926709583228469,0.13662285137151808,0.13651420125664127,0.11893188484053209,0.10558547741595556,0.2370492932817764,0.87938661906527571,0.18617983586003137,0.19722468422707951,0.19760178581741852,0.21027758533122523,0.20732588763751422,0.20217086887173211,0.21125256209576632,0.18029715407145752,0.16524226053150293,0.12211271416962359
0.1718303298749542,0.11046136689841486,0.17870716332919423,0.18323927752947403,0.19292429175750053,0.18982428231602574,0.20233483619696943,0.18886053110965609,0.18948060116555301,0.20153504406727138,0.20999309926979171,0.19157078354796675,0.20752730652440518,0.2109013816191409,0.20754146175342048,0.20937851777439534,0.20520736373173246,0.2070696470837608,0.20756116034611061,0.2133312840886358,0.19725059829675207,0.19589409950978665,0.19361363060582412,0.19147803706987493,0.18961394199144063,0.18043612610822699,0.16269688009176009,0.17153531121097029,0.40067638241930575,0.18495065973201225,0.19888506068923448,0.19984678336461428,0.21273820738653576,0.21154898070061073,0.20870737698500624,0.21380803677525881,0.1824897296948654,0.15801519890949919,0.12599333790071951
0.18154839573386014,0.10901773795406655,0.19051244418801838,0.18688269091620457,0.1936982387595888,0.18643008937572667,0.203082808263786,0.18202481070900292,0.17936358464686916,0.20519108759366211,0.21385793320441687,0.19351912756600395,0.20856703335489032,0.21268905819702233,0.21162983788457992,0.21335603001634057,0.20983635251286636,0.21164063494399324,0.2106485066069291,0.2140061920954916,0.20179324556569811,0.20302287364224053,0.19712157823865398,0.19035139963877387,0.18868603297135705,0.17431171556308425,0.15433947651313706,0.18687628545248183,0.60636349944330803,0.18952010417636961,0.20158503075333803,0.20151154546410904,0.21333169433772142,0.21363457026386121,0.21172402098526047,0.21800168276367365,0.19210274515356035,0.16555465259052962,0.12526050523902069
0.20515458225417468,0.11435751535818728,0.18945155176963396,0.18485401680858463,0.19712323356206818,0.18595390189480143,0.20792215376153142,0.18084400050564942,0.16963754179353197,0.21098066266208176,0.21508726102224196,0.19738382333589533,0.21468550580139278,0.21529370871289411,0.21155436415623133,0.21683343775009634,0.21396269020784614,0.21469890937188366,0.21532637015607356,0.2174937511310098,0.2073180237320115,0.20854072970772933,0.20122680027889425,0.19176622733131393,0.1896732157757077,0.16583664100396986,0.14342394321560883,0.20920851585682143,0.99999999999999578,0.19587049206141632,0.20707278073265195,0.20658693309102238,0.21577614828389946,0.21630798870672444,0.21433890111903037,0.21791665090664322,0.18900000875414899,0.15923527589523098,0.11860307908356819
0.13568105589692095,0.13208668253795125,0.19524200293340566,0.19104661444971371,0.21257106062920633,0.20342147682897158,0.2168583934846566,0.19844661155822407,0.19025861955531528,0.21886331742424717,0.21948684271695879,0.21506327118183199,0.22094505562453176,0.22383150469697777,0.21737636253368556,0.22495822225214374,0.22490817834965793,0.22431129720534909,0.22116338732174745,0.22295798918885545,0.21671075528367414,0.21903049985157338,0.21438647409109193,0.20894702671403292,0.20805738978836594,0.19191978189190204,0.17326455862868068,0.14219910644752595,0.24587971351256599,0.20917796942819594,0.21842093574190208,0.21671033528040803,0.2214986294001004,0.22202465323370688,0.22145858632340074,0.22133360792930315,0.19405106701774671,0.1690589968890252,0.13229291388098288
0.14246080122136895,0.11871947698030938,0.18462070785983076,0.18163259526522244,0.20788468998393342,0.19617096774501186,0.21277248607570118,0.18994264844749476,0.17977807938664433,0.21513434591307107,0.21616446329339251,0.21089516783509674,0.21439356695501641,0.21662340424858523,0.21355546174587275,0.22089107653677298,0.22261254779492276,0.222322832312534,0.21828492636204186,0.22074407953200803,0.21231538048925835,0.215188714127761,0.20999113422111873,0.20325035018740303,0.2022889933984289,0.1816498408390354,0.16059343996504694,0.15368610399988195,0.2858204796812514,0.19850912415727848,0.20962544478307452,0.21157179359724704,0.21766987512414937,0.21960899051537561,0.21846387513829549,0.21849382529035952,0.1829514980108416,0.15481108303622546,0.11653279501828008
0.15422486668621146,0.1089484350395237,0.16918054252937142,0.16557287945214541,0.19588807568855784,0.18236532234158465,0.20172846276005721,0.17521230365115326,0.16416931078166441,0.2045798270992352,0.20584976745040057,0.19946425579804433,0.20370210397133576,0.20637809418937583,0.20266132510765167,0.21159835233377258,0.21372525294532496,0.21337276655202947,0.20843505315616978,0.2114512454978468,0.20115994290712574,0.20463293047168146,0.19838980663775119,0.19077652419694321,0.18947474195130742,0.16662609582808641,0.14341195284489525,0.16812864208236253,0.36970332923474158,0.1848206488687186,0.19793524550114522,0.20027071881284453,0.20765237069655615,0.21007311243167523,0.2088263788399064,0.20875157782511194,0.16746584174899354,0.13694870955527463,0.10830104425598971
0.16787404726211574,0.11267199349612926,0.15227417092692194,0.14798238172664829,0.18177251569322211,0.16647270399223268,0.18856832966560827,0.15873448980297708,0.1469785879494834,0.19192935590038199,0.19342547973168556,0.18593519732085551,0.19094160195711957,0.19406408721622675,0.18967248393839078,0.20029515859973374,0.20286096002153323,0.20243784853867236,0.19650164354029295,0.20011317964146302,0.18791003700186559,0.19199791884480807,0.18468954496460779,0.17596880644995952,0.17450471273006146,0.14960643975204713,0.12526787735110897,0.18645386141144904,0.53964315266152396,0.16915272002751913,0.18415058283586208,0.18686865485879425,0.19557404667085604,0.19846359793164495,0.19701700946698256,0.19687432206137834,0.15063373443986847,0.11895314877359356,0.11187815433587982
0.18485214889808971,0.11518682808552026,0.13339472006700784,0.12811663115634209,0.16268081159278894,0.14623405630557182,0.17121580366505046,0.13839504865711549,0.12642322463168162,0.17672129561994973,0.17606500525722454,0.16865432674785699,0.17595174547434028,0.17967629594616147,0.17282394967410636,0.18712881757554045,0.18953532354148236,0.18831024699838261,0.18078235341234031,0.18450259306412406,0.17175752518096746,0.17617947558235292,0.16729127571207419,0.15609163378115726,0.1549075580351815,0.12948396838910051,0.10538804501560817,0.20916184307202998,0.99999999999999556,0.15165830702370703,0.16839941077678336,0.17106343704941021,0.18113884235238301,0.18201510411405261,0.1799408273224895,0.17956013739560789,0.13206861195891406,0.10613432227520378,0.11507091979522734
0.20592176361065245,0.11978390167472355,0.12318227004977277,0.11768345139920999,0.14602431121753359,0.12876332135813437,0.15473270570738362,0.120709330666242,0.10871398855289784,0.16003494273778807,0.16012731271657157,0.15198936099511631,0.16012348425622608,0.1649575081846831,0.15637210662296899,0.17220349895044704,0.17455997381583177,0.17336723374703145,0.16495524712461146,0.16910645489360027,0.15484103389222828,0.15985530430849093,0.15029592282064183,0.13900467097922733,0.13762069393662388,0.11182709350400423,0.1086478355901104,0.24352461956981789,0.99999999999999389,0.13331201544209995,0.15128278018583682,0.15397309687628741,0.16505331225616468,0.16679207085833961,0.16477149881242997,0.16432737338315345,0.12394662943057717,0.1061168545885714,0.1116360483398659
0.13341625915085509,0.15153829664652974,0.18484325227079629,0.17618617949684579,0.17422210468744792,0.16288300494915087,0.16634454342003627,0.15785476539342361,0.16026376385575325,0.1648637448121445,0.17654803759983861,0.18384778725033199,0.15801202878164722,0.16139298753966499,0.17581021226860818,0.16300217555865759,0.16127031669612024,0.16427321620859833,0.16692691988519162,0.16575452226194137,0.16932763945478488,0.17542692614586811,0.17201992209575814,0.16863865305972661,0.16859395479250933,0.15923102997454769,0.15822554809664732,0.11060587439598502,0.13117003246881417,0.13955832325381468,0.15065882437492478,0.15025832507196207,0.15904905364226493,0.16363892314848463,0.16012296109541718,0.17607292241849329,0.18573202532681643,0.18779531361146984,0.16101087757837512
0.13799512558112303,0.15174779321835308,0.17523274224725105,0.16529914752028055,0.17390912434155947,0.16115700896106883,0.17303229093182471,0.15978270158516092,0.15341367663609692,0.18323816547014418,0.17254256892622755,0.1828808216231598,0.1444951125546074,0.14485375597108682,0.16484301904240845,0.14822767394032915,0.14793019659225898,0.15155047814231537,0.17033646825948656,0.16245836220594678,0.16801704916194646,0.17667696885959153,0.17073099190584395,0.16521811506039041,0.16586778599557817,0.15582607359840628,0.15606045456884685,0.11064058994393657,0.11139983289884955,0.12455574700520933,0.13509732496182866,0.13807620549285246,0.15543285644530028,0.15585923172100419,0.14633505284455239,0.16456933887746913,0.17412190774860403,0.17642801396703031,0.14744990967167015
0.13776589845421758,0.14523549353927695,0.16036203702714077,0.14773407236154232,0.16205686123855725,0.14736797227106366,0.16109761469519482,0.14585850176173201,0.13820195683197753,0.17311327835010809,0.15984436531594565,0.17163739528697336,0.12593030330530436,0.1262653318378355,0.14733260493267233,0.12973958806289643,0.12945331281681885,0.1333404688673788,0.15842237443265114,0.1492239907963008,0.15526622587650213,0.16470185606640519,0.15862710476169994,0.15241026158848986,0.15316771930081627,0.1433494630800764,0.14443490738223216,0.10678896862757127,0.11736892377862843,0.10817902996549644,0.11645869558106692,0.11987070475961425,0.13903531219086548,0.14138962533239979,0.12940025422052384,0.1490236335594137,0.15857867664025924,0.16077717032655556,0.1296636335399228
0.12252923678035485,0.13006297278210513,0.14270056255159219,0.12934139632392369,0.14469873613480735,0.12987672724617075,0.14320508414122066,0.12782316819170791,0.12048619592418425,0.15620216841860426,0.14186078572125857,0.15490880375327765,0.10802368263426916,0.1079343975287219,0.12882318308581622,0.11106298592818098,0.11079618211242638,0.1147695148739641,0.14067413871765005,0.13171978546963053,0.13777971296338556,0.14769149349946609,0.14170043203595012,0.13640318357746031,0.1367210923550051,0.12687522453728503,0.12811667505283988,0.11104508261279689,0.12268639749677589,0.11166353381927337,0.10972594230386236,0.10882960707297647,0.12059427504563028,0.12314552363633371,0.11133694289102743,0.13085473082325794,0.14104477020221526,0.14319355875539033,0.11118179322529284
0.10819832337645287,0.1118916825552696,0.12366321919882112,0.10994609465817454,0.12638803323718678,0.11112766687807216,0.12462160465691491,0.10942059062746443,0.10695320738225558,0.1380569088983003,0.12298862153967059,0.13696100230357686,0.11108721051651035,0.11129924547731208,0.10909775128331536,0.1107119239571444,0.11039985243268118,0.10931245693322945,0.12203110593316011,0.11329461679890418,0.11936408916112991,0.12936714620079207,0.12359313391288228,0.1190691995731467,0.1191018445644125,0.10899747838107271,0.10926796041639132,0.11473695132251799,0.12857404139084311,0.11560014468391622,0.11336494563653382,0.11221559872923638,0.1089185083949497,0.10735015981484705,0.10818045610486521,0.11125682504969882,0.12205337522249231,0.12347123840193459,0.10835690342439414
0.11161448866809284,0.10941387393962336,0.1058454970349712,0.11010736652809824,0.10688631757673279,0.10781748784710267,0.1067211578580495,0.10831234299664186,0.10998274767600673,0.11894953798049392,0.10666023660759824,0.11758450037718837,0.11507589472674894,0.11524997602083317,0.10973671267470601,0.11456953606277867,0.11435904479788765,0.11320515174505495,0.10751784732168262,0.10874553131846432,0.10875515736288884,0.11023799553387673,0.10726554550440587,0.10558604962168995,0.10705107264515043,0.10873531768325444,0.10854823284969158,0.11843201554374047,0.13461640178341677,0.12028701603844889,0.11740447600054599,0.11614956596799927,0.11236477492495466,0.11017238181462539,0.11194307111555536,0.10799399848042494,0.10587227537343839,0.10590738003773598,0.11217077266227218
0.11494016994583499,0.11244761657517879,0.10933609136942832,0.1140925742964365,0.10940864609540325,0.11159982633101595,0.11048736325588086,0.11219466502176637,0.11409762050182644,0.10883547994702848,0.11032717171367129,0.10846686675885917,0.11957932286855362,0.11993516884819148,0.11375684240532087,0.11913755003099596,0.1189413497218036,0.11772895723164437,0.11118484467505585,0.11255413152794508,0.11218854932259055,0.11037300248524756,0.11039005010060415,0.10845953828419494,0.11048450923205066,0.1123721558770934,0.11200968425258634,0.12375411020136802,0.14369924700672262,0.12590936551387585,0.12250911867122088,0.12113127166038921,0.11658033138997856,0.11430676640484086,0.11639682172922157,0.11186084745193034,0.10937958568078503,0.10855770846892543,0.11670959604743796
0.11940190052989821,0.11668197934668895,0.11338699205653259,0.11859855370053507,0.1131893830404779,0.11594923154550389,0.11448873762410772,0.11664592936868474,0.1188608424393186,0.112464454717508,0.11447632778036287,0.11197583727088059,0.12506056899829743,0.12546313456099825,0.11823249587928238,0.12451252101366267,0.12432139371833299,0.1229446850243899,0.11535830864246659,0.116984427660109,0.11640845282015523,0.11419882339414354,0.11459323199901435,0.11250116406464035,0.11462241427162898,0.11680918501032715,0.11647070967471844,0.13034852971834057,0.15488732208767328,0.13262902863328491,0.12853985186330147,0.12693514104326184,0.12151310798487058,0.11916148199799517,0.12169818393197444,0.11629094984550137,0.11339485055085473,0.11245275087669314,0.12199931704554604
0.12497021436663691,0.12189520036996254,0.11793055758874878,0.12383804515753646,0.11762736064217637,0.12108696838001036,0.11899125324304434,0.12189146309080146,0.12450596482260083,0.11667477551682137,0.1188667746279097,0.11601988111009139,0.13159568763472843,0.13207641823040153,0.12332339376762662,0.13087422419516878,0.13067867066606259,0.1287679555992072,0.11973680905507324,0.1219684067342994,0.12128036423997821,0.11867837236036964,0.11907753727318868,0.11645037774782005,0.11916442967157567,0.1220508278164541,0.12169850029750068,0.1384204189480468,0.16926459983696113,0.14079445941918084,0.13580389692202385,0.13387967238891837,0.12734531243982541,0.12466626409784543,0.12784782763982874,0.12109836009026119,0.11797604141070923,0.1169416037878046,0.12815938087422052
0.13186385118580493,0.1282462671197909,0.12345252734397932,0.13033937889455185,0.1231024949658427,0.12726202739996426,0.1246985810215115,0.12826170113047494,0.13143605776143313,0.12159299959022898,0.12472669628836089,0.12115683050664321,0.13904550150910616,0.13986162872304697,0.12978189920480201,0.1376070625599965,0.13829258203060213,0.13620347592633744,0.12559418733488006,0.12824029858592439,0.12723298317563889,0.12416795655368723,0.12477288264511684,0.12183737782348142,0.12504268143880823,0.12847993666234112,0.12804030869104363,0.14841179003535107,0.18818365213772401,0.15047786066809302,0.14299146627148715,0.14180541941299357,0.13433121664083156,0.13147989599588061,0.135384788895442,0.12740575531945161,0.1235408021637278,0.12231359574235999,0.13576156170477052
0.13947463644422947,0.13577525769418963,0.13008150907633681,0.13802218867876476,0.12949444480132569,0.1346434519809995,0.13132366500789289,0.13582006209979644,0.13965919693557813,0.12750843729988515,0.13146950486485082,0.12707192120848243,0.14646004799223114,0.14730610151159529,0.13705576860176344,0.14344424233010525,0.14714152527762092,0.14506764505852648,0.13241076408432659,0.13558968614218186,0.13426320509643899,0.13043563353233251,0.13135167250350641,0.12805315094563541,0.13183397541845063,0.13601684870391248,0.13549690665048131,0.16093820826544747,0.2139482421644803,0.15981408826633847,0.14782458998609702,0.14971304416999817,0.14164112975256757,0.13967053981023367,0.14456524986350125,0.134813956690049,0.13018780871285227,0.1287272976833968,0.14506811031419217
0.14940470117090454,0.14498161566298326,0.13733791711244234,0.14165459535355451,0.1368974112600308,0.14321681429537095,0.13062082139890291,0.14166330124835957,0.14982889237716276,0.1342349960786933,0.13794534325232652,0.13414821356000145,0.15721639301734908,0.15762772040966702,0.14579751241176345,0.15397114913671858,0.15886026610225068,0.15627359915350025,0.14011508866476249,0.14426117066544822,0.1427148420033135,0.13824469494124594,0.13905756178249257,0.13431982414015001,0.13977315757587455,0.14503948171493214,0.14474467150708248,0.17706749635133792,0.25126972003761811,0.17522800685301271,0.15882818596884973,0.15918967158583658,0.15101541419595652,0.14891674355509718,0.15526088438925342,0.14321395504349119,0.13704743601658026,0.13323431708384101,0.14284836689390493
0.16203316717233723,0.15483741177739982,0.13086344406096526,0.13605466207943953,0.1333845263867684,0.14513588443309813,0.13525431883262132,0.15186972968043222,0.16283271676719657,0.1427370134953595,0.13033475671343822,0.13054300790307649,0.16964457054911364,0.16913802167503703,0.12910589389430072,0.15715275203155693,0.16518309001198148,0.15345730691983811,0.1478445114527078,0.15528276098509972,0.14506916245150686,0.14457466118222984,0.13963073573969073,0.13000973233730631,0.12997722299895781,0.13131199619551806,0.15462299794926296,0.19878527583768096,0.3098991553536643,0.19464384229087361,0.1722240747915042,0.17145236431487865,0.16200101494229052,0.1515225217207482,0.15247181348651109,0.12074324084798319,0.12492374227786197,0.12945340736567346,0.14636264908563307
0.17644112805106948,0.16871928704052488,0.12886680111230284,0.14330183096860702,0.14066586305618523,0.15573906118952568,0.14446539085135457,0.16365960175344785,0.17896279941515389,0.15249635632816946,0.1322762346745584,0.13656864963382839,0.18631512897568986,0.18744428062463217,0.13075991912380558,0.17012799270605766,0.18181752676276342,0.16411078239757285,0.15645890571508592,0.16699374637705414,0.15495559104113926,0.15521691137102978,0.14453888933941469,0.13161816455023279,0.13225310456428938,0.13555305493497569,0.16790259347506703,0.22354451325669497,0.37362293739260605,0.22240078530581248,0.19062986541864105,0.18577529601873527,0.17640938827689881,0.16163970132203137,0.163487594182465,0.11954820343759819,0.12566563108559239,0.13777005505393294,0.15856951627771185
0.18478009133134779,0.18669657703390477,0.13132446617491278,0.12103191015304467,0.14584777333060459,0.16608476400175298,0.14448165014531489,0.17727970633653259,0.20165687957484452,0.16254464863863644,0.11742220686954723,0.14197273840510005,0.15245174371823303,0.16030464369158834,0.11591534410249504,0.15375608442057273,0.16631528760773287,0.15036767487894562,0.15317140786882349,0.18389974022786595,0.163419962650625,0.15060563833204552,0.14677121589243933,0.13677964937799436,0.13862603502854975,0.14592999497707332,0.18676076553713353,0.26600884284625531,0.51381830303533993,0.26181022446302077,0.20296501514252657,0.20240153654619766,0.1970304823758951,0.16276834843732338,0.17047151222898285,0.11022674415161268,0.11863690640615164,0.12585629185082881,0.14158944007879573
0.19403644583336305,0.17451538780053896,0.11443282422873351,0.11483122743804848,0.12429580113727731,0.14586384807495006,0.11434808884745426,0.16350097627069907,0.19974591925071741,0.17808082397081071,0.10868567624657101,0.1391710329270211,0.16606625846782547,0.1761973053092547,0.11446567170014441,0.16789294450540895,0.18540743868744816,0.16081464782807062,0.1495151317304359,0.20697405706669106,0.16954433573153954,0.16164748421006034,0.14664885210281386,0.1331175174690081,0.13395505616233705,0.13925244592018471,0.17545387338226584,0.24573980828952607,0.3658681207236732,0.32658063440611063,0.23458593552814644,0.23370056450017945,0.22552602539357963,0.1721699273906924,0.19084126590785327,0.11027205228502136,0.10602774547385278,0.10792120409052625,0.13588732805884388
0.2232863933465252,0.1976917319439131,0.1215088967409511,0.11134672828604564,0.12955866344143693,0.14960759615634511,0.11560542490235774,0.15848474766788151,0.20112223943957813,0.16327900621855687,0.10825901339803896,0.1479698744780647,0.15412307043270551,0.17191843793840217,0.10672610046743067,0.16372913702941308,0.19298861190533462,0.15889747416378974,0.13952005101577525,0.16597735026206858,0.18748952655663506,0.17653089900213839,0.15748772169645101,0.14048461178637925,0.14241074538344037,0.14713643058043882,0.19127057086848837,0.30278267662338004,0.53462834318830432,0.19336927428430245,0.18883467298816717,0.19575997098540124,0.16266948193829917,0.1602041466799729,0.19707835499307089,0.12266290909500153,0.12557839084190886,0.10852450140533489,0.13264787061941102
0.26041502137460193,0.21836996645464371,0.11886988964733608,0.10640128553110902,0.1288968386845451,0.14428190885826503,0.10969043461230549,0.14568590504154158,0.1772860193767298,0.17922121630680302,0.11958026687138419,0.15471985921249917,0.13230141160738423,0.1565586301687838,0.10854008448581307,0.14811789761994867,0.1627537543640491,0.1465860504598335,0.14124521985384134,0.17958678000169095,0.20676352154388597,0.19044773228525372,0.16545567342242531,0.14623175357258383,0.14879307864337904,0.1516693607953879,0.18706224058239149,0.29847451418824289,0.32686385337352619,0.20976288638894217,0.17410834514567197,0.16320406130629198,0.16872524895583807,0.15964142618130367,0.19343850924957048,0.12490192585954077,0.13101199593685001,0.11884100176558537,0.1240900077025376
0.32424989371045287,0.25839672403261471,0.11097353046725315,0.1072677387162649,0.12951239183026481,0.14875158023693691,0.10904210621504493,0.15237287243762329,0.20085166989549894,0.15466867992942676,0.12881986268927645,0.16255902091136307,0.13455798909389743,0.15395621853249516,0.11965226735741198,0.13986691022847925,0.15239854754113338,0.12374935655825392,0.11767701766611682,0.11362031521055635,0.23616834048961829,0.21440881996450209,0.18083177846938156,0.15519332822074064,0.15824166895534372,0.16395481405701975,0.21342364484062434,0.39477514111684092,0.45062583256354122,0.23902129607237579,0.17983629660819542,0.15118771959153188,0.11474124673432023,0.11189792274178116,0.11268933002465609,0.1547989384784246,0.12639517644146667,0.10672634719273767,0.12840947124920793
0.44080992563354271,0.31999020379267473,0.10901799717613904,0.10741777146585547,0.13846010654499541,0.16212273394243115,0.11422055815920257,0.16651258791647788,0.23135533912439946,0.16866833943143086,0.11315620486435955,0.1766799754633688,0.10721635370563221,0.12432884460431579,0.11713487885106226,0.12968104696053467,0.1532840789376764,0.13048316368914414,0.1254841855771032,0.12082779172189655,0.19848252568463856,0.24705457649078899,0.17470850320847869,0.14634850003470368,0.15536911785010474,0.178199423643149,0.24949130845898063,0.59979978196705908,0.7537626594832717,0.18664734621515863,0.14986827058373484,0.15845735527635144,0.12103376330677953,0.11891281017853454,0.11950333518396732,0.14092662097567102,0.10899819523388207,0.10997342141499913,0.12974586313295888
0.26276198910555715,0.31928535042869283,0.1197309883095443,0.16162746035610637,0.12463276507567508,0.1655394863701723,0.11234904652296382,0.17690145055416764,0.2769084904041797,0.14890629647074541,0.10650854323402292,0.12404997892912685,0.1271373831788124,0.11162800906101619,0.14163564749844595,0.11969884185266999,0.14017551703467218,0.12994410540349399,0.12765740988425947,0.11649061262351733,0.16819390764665951,0.13756321788894474,0.1305356593305434,0.12632838079232969,0.1318793259186582,0.18451398978593023,0.28496961689251316,0.55009254400504504,0.999999999999995,0.12541660174983033,0.11351244151326444,0.10590492708689361,0.11726156584988605,0.11761265971432108,0.12007984112075451,0.13028632476189428,0.15785020038977246,0.18790730334735967,0.10531577408413299
0.1305669470220735,0.13979298725340675,0.169026204674014,0.18052829101536194,0.11574773305241981,0.12980351024024775,0.10615147051793949,0.12314714390855812,0.14935268159284759,0.14322607509597973,0.11672353443756189,0.12267881962564778,0.14704437864087769,0.11097638697520669,0.15125153421919069,0.11149487799019996,0.12486500103775508,0.12661958818077246,0.1290214589723796,0.10749733925152184,0.1366308073553299,0.13791884807967508,0.12380686812341278,0.11562979439588911,0.11949957918305601,0.12912449148220101,0.14751982566265376,0.20322437973210752,0.32675475640607921,0.11017507498988931,0.13099277430221629,0.15557719476774584,0.15444115408872466,0.11069203126724793,0.11931922516227447,0.12973955406750373,0.18256520102591917,0.20135711881944404,0.17232723226835261
0.14122497821702901,0.14952601293307577,0.1677439247414329,0.17788211526454534,0.12132385648311492,0.13844688947241543,0.10953906981838145,0.12673342566873758,0.16361492563483851,0.14012435058128395,0.11050101348861416,0.12895387646756204,0.1679376578603613,0.15062276621595042,0.15688424351776858,0.11526925604109058,0.11960418201866245,0.12446592245403952,0.12873294765220822,0.10654743535381765,0.13801011654828998,0.1404611075585521,0.12634331869511037,0.11770556972714542,0.12394353157604879,0.13696487386022477,0.15757873669707781,0.23357872937405155,0.43336448214267326,0.11013484826654187,0.14161925501177641,0.16199916076241919,0.15616775203076755,0.11031436946550738,0.12056113547818478,0.12275941274678885,0.17618034620675838,0.19302754043245746,0.16701812361300128
0.1338698657757951,0.14370981342124145,0.15908888290344644,0.16390617329523111,0.12383639760792105,0.13925256399908748,0.11003587544299173,0.12721192295339764,0.15797009195710573,0.15048634103486014,0.10685041597570123,0.13375024872107469,0.15273279640532658,0.13395801921056685,0.14448116663340013,0.10972477470794094,0.12622273284033267,0.13182429667309134,0.13541254012274617,0.11203515389901793,0.13882837605860507,0.14566326702270604,0.12875285173289944,0.11919503590267275,0.12593814952955679,0.13693511925792537,0.1518462568039072,0.18640465965039194,0.25023476479542811,0.11338781341918636,0.1250760631502762,0.14684110244066892,0.13917074301713428,0.11520316003888169,0.12488273646680828,0.11045465639604896,0.16412904564164441,0.1801086806957842,0.15299295723427453
0.12829388281126047,0.14102943273074817,0.16820512911216004,0.15424469880421141,0.12221627641506155,0.13388268546307533,0.11159697152374444,0.12345817076729654,0.14015113088881137,0.15350471172579419,0.10751524723485986,0.13415163547896736,0.1606035964796387,0.14734116207182266,0.14680916805098845,0.12804217730004405,0.1112072520568556,0.11540738661798616,0.13656021645531943,0.11099130926703719,0.13457857605066495,0.1509763613752429,0.12661942053229497,0.11693624532226388,0.12148503082693166,0.1285568115819668,0.14061370364361117,0.14488647044689421,0.16372270210725956,0.13253512486083666,0.15290165703133163,0.16124653059491845,0.14211749833654058,0.11133974908903108,0.11651577395000823,0.12650338531912703,0.1617871822843113,0.16541995444999269,0.13912136934390867
0.14791499733968791,0.10737334526888988,0.15888958329095859,0.14734559685474638,0.11790725018193852,0.1269028411386281,0.1083509225939856,0.11850885022444638,0.12845753707999502,0.14625655784822753,0.10906761639839901,0.12503913604838998,0.16079270924891079,0.15681493518579198,0.14892702799096569,0.14615697234849229,0.1238765947317622,0.10561397439836082,0.13568559164803334,0.110824289136754,0.11997933185238091,0.13336595399827836,0.11552429018438022,0.10877353418448786,0.11359553890912828,0.11807482957273835,0.12471920767975103,0.11933419250052489,0.12913093033813017,0.12838796262076846,0.15212930881770245,0.16330026444379103,0.13941894761402546,0.11012177601134489,0.11302418550191304,0.12617653144773083,0.14910338006721549,0.1485367810447841,0.12441035755302618
0.183316875099962,0.13693907873381159,0.15857949282288361,0.13758573650881814,0.11269943213702374,0.11608424503317931,0.11265036599112051,0.11137823319291186,0.11073308166043556,0.1433842255914024,0.12528841947851088,0.11858671950157275,0.15029912171083401,0.14997139023799952,0.14620052246361656,0.15590305635071666,0.14807537743098501,0.13841823387301139,0.12158194073680609,0.12644003107086363,0.117751771137075,0.13384822070297284,0.11379258972180273,0.10630954986415184,0.11061042049693524,0.11233242911603318,0.10567740370669716,0.17355643538159479,0.18313734077494018,0.11683469687018583,0.14952358785051059,0.16795273027266139,0.16282901875963091,0.12557539883028551,0.11903442564185426,0.14095084993972834,0.14330052824229,0.13802728271668305,0.11914625108449088
0.17664059817658098,0.12544123818173913,0.15806009820448558,0.13259908673862786,0.11774088902299235,0.12124689507795372,0.10659681924984422,0.10709669810946669,0.11561046462073406,0.15429751222251456,0.11787940476925342,0.12503681462777963,0.15306426205152218,0.15229949121153727,0.14280896190863415,0.14599989700986996,0.13549176361092843,0.12644807372670336,0.12695749564432465,0.11326346259080831,0.12434337708606667,0.14238034416039819,0.11921874754295415,0.11016609672072482,0.11569565060357642,0.11786449876714686,0.10879862188701929,0.17186526618572731,0.18646091998618919,0.10907477326579007,0.13602733736364664,0.1532490435459333,0.15001888196316041,0.11306519871464639,0.10727374304867916,0.12863177350605406,0.13390240106634241,0.12112096672028162,0.11086169666624468
0.16564706933583326,0.11125955583831543,0.14239777076552784,0.11692678266050573,0.12287580458802329,0.12712051586334042,0.11130629795886447,0.10954730690750487,0.12081811967616239,0.16776612276851008,0.10875517751305475,0.13080272265065157,0.13643488759446523,0.1340981898794403,0.12666496811632436,0.12749669284285778,0.11683107068658367,0.10812317098142438,0.13485011343077713,0.11031764010617581,0.1292163210527158,0.15118189295948864,0.12306695825725431,0.11215828805192851,0.11863732653680621,0.12239000164981508,0.11248990432365337,0.16124562539287643,0.17592261770677731,0.11269142917473496,0.11733663199656992,0.13495028084991928,0.13158779910988253,0.11030420148924257,0.11119525459759225,0.11148487944442652,0.11645855915335762,0.10584449664771571,0.10844578385413065
0.14936627509577671,0.11017932113573405,0.12455791502248822,0.10958440112683845,0.12919844555015852,0.13438981445851728,0.11531172677178725,0.11369949993803131,0.12674272800767913,0.15486401671265479,0.11232879404576909,0.13858652553558848,0.11952963292761799,0.11737666378949385,0.10874503122619006,0.11401176807918957,0.10830838036770402,0.11000582897210265,0.14194314654897358,0.11252850205184323,0.13661843825876052,0.16397184546797156,0.12941765403669714,0.11732433802433265,0.12472989066054067,0.1286992882468076,0.11732597063376793,0.14492770058047716,0.16062527291843903,0.11567862786975106,0.10878784987911867,0.11894224564700294,0.1194665748038644,0.11382858628325306,0.11449306497063051,0.10955199210056329,0.10747739072036597,0.10938978004204131,0.11246024896567933
0.13586356904619457,0.10749543894113955,0.12106109654791879,0.11317360827316834,0.11463140003803123,0.11958698361387131,0.1071503740506512,0.1073092096931933,0.11398267139714252,0.16349249163090068,0.11029262133291652,0.11716231463065876,0.10922598624636871,0.1096379265489274,0.11077492067884363,0.11030632307660401,0.11186401934449228,0.11367056251952358,0.14370824828239356,0.11564538297829077,0.12119146958758678,0.12336525618702618,0.11280870017003047,0.10719015185081868,0.11043119005884264,0.11446863750345401,0.11080653880428198,0.13649900525903097,0.15450332473213352,0.12050637689258706,0.11238465458119827,0.10900472715963298,0.10898042356613014,0.11628935248279192,0.11807356480097989,0.11111372678587404,0.10862078870656049,0.11257654610347383,0.11341466595480339
0.1453737281148782,0.1051201286224413,0.12446243810197265,0.10875595523705281,0.11151508553584547,0.12004577369938497,0.10697088814314959,0.10840287416690264,0.11627455394484779,0.14101760659200302,0.11058809872099415,0.11206206493247597,0.11043416407425163,0.10771563737628269,0.10711434961911639,0.11081555059241757,0.10834147604661423,0.10666757534273902,0.13084484641632568,0.11239676166575827,0.12114995041821341,0.11627017176882001,0.10921716815826164,0.10505337793445488,0.10800899954231234,0.11414316032200708,0.11006605851452837,0.15040308019885038,0.16905064763605782,0.12470297487020933,0.11232407947705642,0.10807117289864177,0.10705364034983145,0.11423332220773977,0.11625460218087467,0.11098950228112035,0.10636782371405781,0.1056148075822205,0.11246711056336632
0.15161141075109502,0.11907377310086578,0.11889077069501007,0.10802524425802065,0.10770365477720326,0.11344177691555406,0.11669402833455306,0.1060556182056798,0.11034665535557656,0.1443366340631041,0.1079294879229188,0.10944344679478131,0.1213289001696178,0.11641153488050844,0.10541276170085295,0.11700227801505307,0.11519190898842188,0.10605666307415011,0.12645122297102604,0.11153389360101237,0.11736345255081784,0.11440486821499682,0.10637086906231979,0.12472642466648891,0.11356377408008422,0.10746102360803354,0.10650433679731258,0.14768725439119063,0.16326115414013662,0.12953137028893313,0.11321736481870705,0.10917873070180452,0.10913637499784204,0.11377314373694621,0.11689458038199503,0.11180145497976461,0.10777375512745507,0.12704006872291429,0.11125926181102698
0.14017439592573769,0.10800661172878749,0.10608148330635227,0.11060017616196627,0.11408184396766857,0.12034025084052191,0.10905421534485381,0.10893302261879806,0.11603920797641656,0.15558455505944424,0.11367642243117687,0.11566481417027477,0.10860179314528032,0.10971268164065957,0.11142072425829071,0.10963888134988868,0.10964599243009034,0.11175614204372201,0.13587558267483529,0.1185058990744576,0.12434570090173389,0.12080070930958738,0.11201623747606478,0.11098118245399248,0.10904630591329958,0.11253042088961092,0.1108996841052704,0.13637403455068084,0.14968794991513285,0.13711673611168831,0.11775660506884439,0.1142481456211125,0.11068142777852116,0.12087012685962283,0.12348301860887212,0.11750253944791007,0.10862830567326424,0.11066989833832064,0.10840565929104395
0.13055430852094319,0.11050699846906799,0.10988837562559248,0.11292068611394201,0.11089646571358616,0.11956609907696268,0.10701265979836762,0.10891730417104234,0.12009988428533858,0.12016320205686369,0.11555176581835988,0.11109963123358822,0.1129225587539711,0.10945160511747182,0.11401258873430925,0.10951197506278565,0.10963634949002792,0.11208001613614753,0.13326215165539931,0.11245892984164101,0.10752201854503711,0.10684760872523498,0.1068525039978038,0.11978804697605394,0.10578898924070422,0.11403931027157224,0.11375872106177103,0.12338422658510728,0.13271767964123965,0.12396084507885477,0.11426141599005796,0.11390616343552387,0.11552601346540142,0.11958253506873484,0.12465482568345956,0.12079762269114706,0.11268654149419212,0.10868880719463644,0.10815389226127034
0.14414976035082158,0.13620370459777145,0.16043699759744526,0.12968369145051842,0.11288209691903187,0.11569126454664623,0.1090059848696264,0.10559899450045246,0.11165452849608987,0.1163166645674901,0.11337366800730349,0.1148823143807283,0.10977035357445714,0.11269049590621895,0.10865659584927928,0.11277871762040295,0.11332424095989307,0.11583043231845902,0.13814758609024883,0.11556547954291146,0.11205122656046144,0.10835082646416655,0.10798083666287586,0.10995232008141297,0.10801985081749294,0.10725799565886691,0.10656996042591277,0.13633744125368322,0.14861753579561809,0.13072900949107166,0.1175593512451681,0.11636125658764711,0.11074839696461876,0.12492907561053007,0.13146013543569321,0.11944100401483226,0.14585117051111632,0.17050378325024501,0.14613762830671509
0.14525655547047028,0.15571345321796626,0.14625161138900147,0.12919507986326248,0.11224673700294406,0.11508895159894127,0.11170924363028957,0.1072731245909381,0.11197366099331212,0.12251661400110815,0.11715666080927811,0.11263173439038826,0.1181846048569422,0.1078128106831675,0.1068945327676467,0.11410369613900349,0.11718910084488937,0.11842264726492252,0.14702875870210291,0.12083410001192642,0.10838148523796828,0.10941544175337953,0.10662477336590304,0.11093542216608575,0.10652631629619344,0.11315083140375991,0.11908103922843701,0.12969266753785114,0.14065871869167992,0.12166588507035002,0.11416388335189963,0.11821390715170635,0.11076015044569783,0.12898127465296919,0.13286864051017738,0.12006455009103242,0.13325693709384548,0.15678230763849527,0.13560052185267404
0.17507526564027331,0.17156696176464623,0.16249284333810529,0.15468746782605222,0.132718020878385,0.12933653460771632,0.15938681494446638,0.16129500837389765,0.13313688387338496,0.12001138329175043,0.1182485921885759,0.12474701979744943,0.14351030685376706,0.14150180680246197,0.14067453470699973,0.15627283952987972,0.16428337868496254,0.15568358228450435,0.12324181786145523,0.10667026364230088,0.15920900729354912,0.13652578673643639,0.14297107849244717,0.14881034312460645,0.14404480798651026,0.15138848933143575,0.1525536333055165,0.15975695835434933,0.16871526434131229,0.11060437944182674,0.12771078938519989,0.11474646943963958,0.13648580889528317,0.11065667433093102,0.111867668311219,0.10590199262588187,0.15716414099017584,0.18092950968835497,0.15858685124255878
0.1978373680654813,0.18617980939080681,0.19133742030795212,0.17334781421153087,0.15759424005529543,0.16981342860712695,0.1698835270355801,0.18587281683561166,0.18966893710538227,0.1152243517337839,0.14952719749508539,0.15477652382281037,0.19567896696685039,0.18983092577723359,0.17996238885522117,0.19589832246408964,0.19877872055748888,0.19291691094699823,0.11084220847904651,0.13483804636248606,0.15840612153914294,0.16169266441108701,0.15888619090350553,0.15617555534023059,0.15417957878155225,0.1690779258068337,0.18630931789082028,0.1992517331075323,0.20588440526472548,0.15690451859577126,0.17758586011428412,0.15716053996235915,0.15673023551580206,0.12988259652167147,0.13486840524315855,0.1569828025171294,0.18066178853199877,0.18063642801647831,0.17223425442565768
0.2068797992884501,0.19212475232736514,0.19990392664521714,0.18502061026633917,0.16042043673196058,0.17177198119402648,0.17628520472317302,0.18643425410717177,0.18966270843611271,0.115262668827145,0.17156550552364144,0.15697795714520738,0.19839201606698265,0.19591711903384879,0.19424729552750247,0.19951367600119441,0.20026742381649357,0.19668671087093337,0.1062138408249388,0.15003954660891525,0.1573009987952467,0.15889994902872051,0.15723324850774587,0.15589380326211788,0.15493572363126501,0.17122640394504743,0.18834711978502211,0.2038347140877306,0.20963300171509783,0.14475213770233197,0.17297713488169802,0.15944047099920744,0.1685065365372074,0.15524079410908129,0.16391431573463774,0.18624274209601488,0.19378581256837751,0.18648546848643766,0.18875352755337607
0.20277685862553496,0.18826014113389786,0.1930598815566289,0.18213492876239168,0.15074730314857096,0.16235004626144373,0.17064712726443856,0.17808764877265765,0.18001027792329277,0.11705560607538999,0.16821653239454604,0.14498778415323546,0.18787714093906505,0.18575711013230603,0.18985960688274894,0.1897411549885237,0.19159296410764354,0.18997191586012413,0.10867694650964693,0.14379078115304156,0.14367432872131777,0.1470259925157304,0.14627593143792647,0.14574729382696272,0.14526412529550817,0.16425236797635254,0.18122696620559062,0.19774823292688939,0.20432421124523623,0.13000396642355344,0.16010899980360901,0.14941742891857479,0.16212996855885212,0.14915329606243777,0.15615517325961528,0.18045371984830769,0.18888195375358285,0.18559541674114055,0.1853541075889546
0.19147498207782032,0.17598410625945621,0.18023919747411771,0.16817865554281045,0.13337769032884247,0.1464737405604124,0.15489539604905631,0.16350040307679073,0.16481725220146676,0.12231622709508722,0.15334024328750501,0.12663357367266032,0.17394006601653039,0.1731615147455576,0.17706682790745273,0.17519773443115919,0.17698942297945813,0.1755114335947735,0.11291686044133827,0.12675621095638598,0.12519354425459472,0.12876838219856143,0.12814433590825156,0.12903632346792618,0.12822522224823732,0.14895125522512026,0.16758204546832739,0.18662111574164705,0.19425247989948966,0.11140961058281734,0.14268936623332454,0.13136610707272123,0.14457116999984432,0.13241242306755421,0.13999267342451138,0.16683611464739445,0.17588225939437327,0.1728041984204233,0.17328075797044426
0.17670381012584452,0.15927355183043529,0.16425217102179626,0.15084475771607922,0.11452770087384691,0.12742927746773217,0.13662705290611452,0.14532496844089371,0.1464858826185067,0.12829322589034303,0.13512339785002417,0.10795196930178583,0.15721626620810134,0.15623315498205678,0.16059971855116648,0.15844552772321921,0.16040300579156189,0.15877611952769374,0.11716294291716604,0.10809030339415809,0.10818208627697094,0.11008888656190458,0.10945072068304626,0.10999783603603336,0.10946361978545356,0.13040374650763123,0.14976324657426779,0.17087996638288921,0.17983049321954489,0.11064372215990295,0.12402677673645178,0.1126539471892985,0.12595958030341967,0.11370223281929187,0.12133002331016467,0.14938012538334405,0.15994172430784065,0.15673456461906921,0.15682220039955275
0.1597404564094988,0.1408256734167791,0.14638961030857919,0.13259796602952909,0.10912976461914696,0.10792252003595615,0.1177316774739899,0.12600941915823677,0.1269094984141079,0.13543984372292148,0.11610002315886163,0.11090462205591647,0.13990080034654545,0.13804076992895303,0.14246551202305094,0.14036921452893539,0.1423820210558546,0.14057253624073421,0.1219377987286928,0.11082699016474507,0.11147555862170705,0.11086643473759648,0.11070568885972622,0.10843722666566648,0.10990699725211962,0.11158454507168356,0.13029922799058544,0.1522637207928513,0.16244292708389574,0.11450036052063575,0.10832641133986375,0.11033736578632337,0.10800914167712516,0.1098586998638128,0.10734371091960129,0.12980197023105483,0.14203563697484706,0.13866916237870933,0.13802072946059379
0.14067376922142988,0.12070577601100638,0.12820271968199362,0.11354791685581625,0.11220365438287812,0.10840038015951051,0.10844087582181391,0.10765940570740409,0.10884797758560552,0.143907926287101,0.10826012188294361,0.11458171820526897,0.12122432683983775,0.11932245444099361,0.12340599107814194,0.12166768550623995,0.12363480944460585,0.12167949624057019,0.12739563572886239,0.11403295487880241,0.11534609132811544,0.11456259624997746,0.11419307736592539,0.11182913525106067,0.11317718201867673,0.10809038798794358,0.11153844978861109,0.13418845400455204,0.14492943932732349,0.11900869829664618,0.11180304737773811,0.11406347863419646,0.11136428939933406,0.1129052270689795,0.1103244779822681,0.110750597915637,0.12380013155391191,0.12000204527004139,0.1187306394237005
0.12276595390904026,0.10653747499012491,0.11038987105533608,0.10948689042082997,0.11666261645063861,0.11228766120989703,0.11220622157540065,0.10850046635311428,0.10837835816988571,0.15482581318831887,0.11210395853769821,0.11936067271421623,0.10851270476148517,0.10920648934553133,0.1074774591660301,0.10881411419993782,0.1082383207432345,0.10841817764209161,0.13465412622169232,0.11878799468006523,0.12011823115570663,0.11926015945235366,0.11896776790739932,0.11629717452105041,0.11794172875380486,0.11195819806838499,0.10765089646562957,0.11650396668676277,0.12734407310218016,0.12437182733532778,0.11588256000055407,0.11856046289337026,0.11539180614894642,0.11747882588341484,0.1145530589156008,0.10839203595609789,0.10611717383883223,0.10586952176507752,0.10655640950049156
0.10704928921282299,0.11007533486283078,0.10849387987540805,0.11334402990541538,0.12173950585979054,0.11679473130619829,0.11638691552511278,0.11239230593839107,0.11226453058743648,0.16869742124195491,0.11635224437835864,0.12485224488047855,0.11208239400993074,0.11272670036658913,0.11088291327021445,0.11235920447070634,0.11175517563278659,0.11200296141556279,0.1433392989258935,0.12420698616829021,0.12576502193317576,0.12474251067781311,0.12447273595420603,0.12153766964001725,0.12334723735321333,0.11639376597104953,0.11142188346239935,0.10652786591989175,0.10968774485986106,0.13076846321120572,0.12040690136088004,0.12308236438811784,0.12007826946852071,0.12267596433795652,0.11937986282287812,0.11213189463156562,0.10903028197137973,0.10935169855247694,0.11013863073401355
0.1103822376406956,0.11405870294839247,0.11234024379521179,0.11176231412680916,0.12727489494377819,0.12208843835232744,0.12149064575175156,0.11686412144287173,0.11665872793376339,0.18432426656219725,0.11946330616559039,0.12945323866506817,0.10655535559371421,0.11067154345944258,0.10983454084952063,0.11172660541879562,0.1112531938279398,0.10942643114517435,0.14747041082723367,0.12127817088073223,0.13247061657512196,0.13099081165360429,0.13059027070281684,0.12720786162972486,0.12944869406598455,0.12160646993788676,0.11573691662176382,0.11007747041242827,0.10780219657557275,0.12961287806740843,0.11999622649633949,0.12227819344074423,0.11285557791923319,0.11687580372472778,0.11099892196860661,0.10983452584276253,0.11291072024928535,0.11335096382159794,0.11226703038983428
0.14235712153828894,0.11045063692425225,0.15030712696266882,0.14747196886152367,0.1289477957949379,0.12536711643261517,0.11746749867399649,0.1190269967366729,0.12079194322401726,0.17286965698982482,0.11038290201498877,0.13603120143972877,0.14443420442041174,0.11772191284686773,0.13807315708273096,0.10768576916647364,0.1094730558702716,0.10677878223762532,0.13427281169008737,0.11825393875354265,0.14066356817425324,0.13846229561826279,0.13814013555333815,0.13474432675016512,0.13701206820054984,0.12718500584094397,0.11550837599325353,0.11554331086781014,0.10630972214159005,0.13169792361539939,0.11734793650372131,0.12438083495197449,0.11088696974614649,0.11552441946473826,0.11119025806500275,0.13006486519500179,0.15789604514965344,0.1708757250012205,0.14861303058750142
0.12836476141657999,0.1166467517767881,0.13516235203127472,0.13375823870211836,0.1372477960911079,0.13207863566881717,0.12049265716914223,0.12350033839621907,0.12727450209901839,0.14008255113028067,0.11567280924022999,0.14457016819783206,0.13006567513796843,0.1086934657278871,0.12444527517087846,0.11136176237943202,0.11418342211637404,0.11149140411821896,0.13901908633622076,0.12046744961798266,0.12799284087335872,0.13567388447096057,0.13704206857447404,0.13652212621843873,0.14151030981917204,0.13451146281326287,0.12141216652090628,0.10714546404330037,0.1091806790630665,0.13833819440686046,0.12146543336538203,0.13078213899996055,0.11158912846493528,0.11973828075770276,0.11462122960960459,0.11694862257360671,0.14282300100657713,0.15723722032062767,0.13405375343467013
0.14164214757159038,0.12751821721331694,0.14957197940354369,0.12325129844828817,0.10535739140886545,0.1100784238728143,0.12653835588162546,0.10687704037953009,0.11878097422765986,0.13804655198048477,0.12651923392693171,0.11181671328581357,0.11395543462611923,0.11136639457496064,0.1113887954670181,0.11451431794557841,0.11809202276688219,0.11349754103968195,0.12610709835026809,0.12331710025886845,0.11310527181756572,0.10680447569779462,0.10840403980909567,0.11053126233604604,0.11058501317745377,0.11129949061748158,0.10776435654701125,0.12582052881329819,0.12482009779634758,0.13825348420724473,0.12095900472031952,0.12626906148782974,0.11462656063388152,0.11672495215282179,0.11284922070554769,0.11521424263017893,0.14122044835808378,0.14488656878206219,0.13412027724612136
0.14942139024009971,0.14537720318677491,0.16809151889818932,0.14110972769654601,0.15748929728319044,0.15667067444075358,0.16715784969379754,0.16297594766976203,0.1687370090927485,0.11450035761380659,0.14987833343840032,0.15801515858086743,0.12302104263325553,0.12435622234771131,0.13790529800627768,0.12362572901221862,0.12000754095857862,0.12733018212053332,0.11183581316614757,0.10502517972572775,0.1419350178151205,0.14849956296710612,0.14133705225668206,0.13216610223991604,0.12910162897756502,0.13444706261258074,0.15761450945688529,0.13758457805276841,0.12849510368206105,0.1366707151443102,0.11484647492465072,0.11504250642940182,0.13717758729999574,0.10588090492838113,0.10650043922080983,0.1353309955705039,0.15383230347766125,0.14545958538101653,0.14588387750588463
0.13571575523914567,0.13216907316290019,0.15594072409794654,0.15306407559646334,0.14706466068654353,0.14452865750581598,0.1564847333570272,0.15087460228749131,0.15677734510010299,0.10753598710884232,0.13912285129692789,0.14930844076301333,0.15060369379403785,0.16255298262573323,0.15426261900370269,0.15895730830541829,0.15665804962299956,0.15155741830388755,0.11360165349351461,0.11412602760383479,0.13127542275915016,0.13773538934710924,0.13085714121910982,0.11999010769988241,0.11677890772244272,0.11967231385475126,0.14532140140206726,0.1284834072786151,0.13016422361756325,0.11683256729390624,0.12808718774024541,0.12855188315937588,0.14914796098077018,0.1089447510173274,0.10699267474580605,0.13092310591766831,0.14736230082384075,0.15405632169404618,0.15097550043707206
0.13247024849339326,0.12248012136117564,0.14183989135264971,0.15202564899548746,0.13392871257282501,0.1324426757992242,0.1466794378134221,0.14086925321423566,0.14429411345606591,0.11190520207689497,0.14584406255160623,0.13420068785010109,0.16379903960305012,0.16850476078559623,0.15565228943558884,0.17096841807975172,0.17052075818474841,0.16149817047533496,0.10723592805343211,0.12804659266642529,0.12186576153926371,0.12515493419533555,0.11877341274681792,0.11002672315364885,0.10743534892656793,0.10658658821438657,0.13536414070505617,0.14076372492880293,0.15660238719906847,0.10969593180382824,0.15417513043799563,0.16308254190662619,0.160598364110974,0.12641955161850008,0.12009149619869412,0.13418374056476137,0.13454613262039655,0.13856499382867363,0.14141859880493807
0.15032906983109409,0.13960426719948898,0.1461592935910169,0.16550431299524831,0.15478543138308073,0.14262076587954048,0.16455082714990155,0.14513964525280659,0.14197308518024643,0.15277235734476841,0.16704800373750145,0.16185396772287991,0.15052558467296021,0.1653418547819436,0.16414216860984374,0.18454862918523415,0.18818807294266299,0.1873765848411286,0.15580771079010336,0.17568582631673113,0.14947123825024766,0.16950547229925425,0.15799048813379149,0.13911979993578055,0.13697399282598863,0.11386463984730374,0.13643442633572372,0.13725935967588176,0.14846694333608773,0.11267444249533333,0.15194515395745886,0.17118894504982046,0.19069561546823932,0.17768074749693549,0.18199623176969201,0.1717514704821729,0.15248961640938613,0.16821179437870093,0.17986287326927056
0.21748042848066135,0.19988631996483805,0.19501551344124457,0.19255951253005199,0.18128105155160412,0.17501546855092617,0.1911715678981844,0.18720220064700352,0.17618943263114498,0.19247243745979226,0.19375748061230655,0.18320594196734197,0.1442529286577402,0.16665568687612289,0.1922282200473191,0.1973993010616503,0.20274578895652337,0.20290654650827308,0.18404039189299051,0.19806814888807253,0.17581413633721726,0.18653169761855751,0.18049030582676862,0.17080207712437614,0.1713961891240503,0.16556059756689293,0.19027088864741259,0.21685886342040764,0.22042484283088587,0.11071328652456722,0.15768302350873514,0.17913659344513647,0.20746185502602205,0.19453134715085194,0.19326840288376995,0.19951559120256343,0.19952969871098525,0.20592037597204868,0.19866150563116591
0.21747597884201111,0.20458243735167075,0.19095564698325126,0.18504341635193886,0.18858606604213712,0.18762223451137508,0.19850798590224292,0.19731122556541494,0.1913873324040663,0.19681824778981458,0.19138402808593744,0.18570818750056114,0.12596045664215988,0.14935104410133934,0.18417648147586757,0.18502873659561342,0.19393808126789291,0.19537694726201821,0.18243047355799885,0.19356462253679882,0.18353756801709337,0.18873059319950089,0.1859773226484446,0.18353635814361513,0.18212311499631337,0.18335994450901075,0.19813361863156168,0.21416262421921783,0.21710722214984457,0.11472358128085519,0.13996899897876297,0.1660770675808047,0.20235898962822241,0.18838842795374916,0.1840087476732348,0.19236380678575682,0.19182634864356063,0.19816197902837793,0.19171625040986839
0.21309753562285536,0.19966363193814332,0.18817111457056906,0.17501309332434853,0.1841529492745983,0.18169487595943726,0.19629126720933165,0.19227897073074982,0.18500956746158981,0.18526171505212213,0.18341362711634682,0.17677641375638176,0.12794488552484112,0.14130608246189738,0.17251599751569899,0.17134413408756885,0.17970623203304492,0.18148042144096502,0.17031917457094173,0.18017312767919227,0.178903797383165,0.18061308558990583,0.17868185938201542,0.17584891283899176,0.17388310213525152,0.17400627577240035,0.19325274313640289,0.21329265000167102,0.21606259238666567,0.11873254430652255,0.1252571702119791,0.14860710365909874,0.18954848846373254,0.17431214551837879,0.1685955123622695,0.17943699687961032,0.18378309815266311,0.18616447521681906,0.18600450002739993
0.21056411290936639,0.19301091988469007,0.17541152643046931,0.15912641195545557,0.17214257093814367,0.1710737322394833,0.18413776539915341,0.18209237984265933,0.17749824828388402,0.17135700608578971,0.16885720259821455,0.16326035963855631,0.11022637782130665,0.12272329204319092,0.15631696030479711,0.15424928528512782,0.16343654163254967,0.16542753762710349,0.15326366663180874,0.16397083355692391,0.18893164421894001,0.1768222877997952,0.17333882114599872,0.16941733374655379,0.16559507020281025,0.16391452977957874,0.18633677390530953,0.21134992221126342,0.21373177380292382,0.12405469223494626,0.10814282700905425,0.13010787575210819,0.17451363430609879,0.15749974110356357,0.1510079771015938,0.16368546960481345,0.16969622202541565,0.17174314391972659,0.17384179102260169
0.20649312688432811,0.1872136705412952,0.16708800927507583,0.14207374066091821,0.16465038222776179,0.16547380127851813,0.17903862084013922,0.1824661211213095,0.16873216210279948,0.16380182597538961,0.15736193848973218,0.15513419043964644,0.11082774745811003,0.10848421285956732,0.13823975766579452,0.13660810850432725,0.14591047738650365,0.14695992064369759,0.13774669811113568,0.14680676177408683,0.18016653992920253,0.16730928388494176,0.16456986470591942,0.16261758301310722,0.16133200440532475,0.16390377561629435,0.17974011022195327,0.20581454930268578,0.20700376960022032,0.1303055337601674,0.1111671646536701,0.11688593922271238,0.16159955488920616,0.13868532369917089,0.1306855000567971,0.14471948310829921,0.15702700950713216,0.15512543109325136,0.1593647113038742
0.20144248819551749,0.17783504701588682,0.15664974123964376,0.12770759098986953,0.18048570255834342,0.1690755977581978,0.1857147067736222,0.17971751947023959,0.16135518463123222,0.15637821902116306,0.15258510089886504,0.18534599661419762,0.13963394890616099,0.12635321898726148,0.12886648773356515,0.13607817573308431,0.13400035764923401,0.13129032865897974,0.12778884296625131,0.14726989385225986,0.17006159784512528,0.17022715624732235,0.17001048880691888,0.16718104345254162,0.16824760152482027,0.15736666773106686,0.17088414870086979,0.1981616464944464,0.19875652238951583,0.13012685482116498,0.10900315807524395,0.10745810867573506,0.16418507065024815,0.13107543944744462,0.11506391091628673,0.13026279035822549,0.1423420388567298,0.13844242267541915,0.14378874323561136
0.19323098888857951,0.16508340159590315,0.15769689992685684,0.12492093878566229,0.1706511894530649,0.15676491515783103,0.17712198232658338,0.16894459328006159,0.14729596476738782,0.14249683823441256,0.1442400850649482,0.17622876648257171,0.1276070251633647,0.113412243232868,0.12433653232466123,0.12722295608648654,0.12776231511105629,0.12361893722926379,0.11964219544934597,0.1374924597552192,0.15346841901961161,0.15694727882943152,0.15788573562727901,0.1542710410176453,0.1557280146922832,0.14226181455941456,0.1586279371663778,0.18925448842240997,0.19136767734088875,0.13401838440494193,0.11133784050319681,0.10855646019848006,0.15247013978808155,0.11970614981018313,0.10611124946430101,0.12346647926271904,0.14568116361787056,0.15214986626984503,0.13668658195234668
0.18053994076492069,0.14880240939411418,0.14207687071160394,0.10991453879548482,0.15438081529430731,0.14066571318717025,0.16175093694673698,0.154314833302716,0.12978055706753636,0.12409172326169383,0.12923292730664407,0.15980757843078852,0.10977397407502035,0.11035398183976275,0.10916397827429461,0.10873503990522575,0.11072342676134664,0.10812493919405672,0.10839467063352888,0.12131693335493623,0.13513624711476033,0.13890831547582019,0.14008090756564251,0.13735617849392451,0.13860637737904372,0.12455461348547819,0.14279958045089858,0.17788640952419385,0.18006988936064111,0.14262099875668266,0.11542225150020367,0.11293529658927075,0.13419562582301781,0.10842875556587503,0.1105619041505051,0.10760557461865961,0.12923784929437887,0.13616368707744531,0.12048205210568715
0.16432024288685484,0.1297614251400365,0.12396199016448457,0.11086636624863165,0.13611558450128913,0.12190829244036765,0.14389174859474391,0.13565330270022305,0.11108874732958716,0.10833954011182309,0.11066673969520194,0.14184082068675383,0.11090757647114982,0.11418521135435743,0.11091703446235361,0.11124307639944513,0.11081213399143082,0.11128189480962372,0.11198421319086528,0.10871111612439111,0.11640186352474242,0.12022471803721566,0.12141066974645286,0.11859633387418778,0.11992476597178471,0.10659626713981259,0.12380498424942951,0.16083082388481365,0.16382489364405328,0.15313479697076654,0.1201159717088106,0.11718936027841147,0.11548291074988855,0.11196089385857716,0.11468038342065613,0.10997902679583162,0.11138267368624358,0.11837319356389842,0.10714170013846544
0.14652187142018747,0.11097465995976309,0.10668697573376046,0.1147951037400565,0.11637606967191726,0.10632719925106623,0.12489918944026611,0.11655262519472655,0.10841184504397512,0.11175206942681588,0.11035716582050917,0.12269702546757127,0.11478644969396634,0.11863343304549918,0.11480507575565427,0.11520456904193457,0.11470615303746295,0.11526656987277902,0.11602889217772344,0.11197976929164953,0.10943121961986536,0.10889533036264477,0.10839467084632784,0.10674727277792267,0.1078125986389171,0.10940574477191509,0.1059588719508773,0.14372025299154037,0.14702975787738601,0.16643753046286716,0.12564030668595136,0.12219370040106955,0.10991745437522055,0.11582589073635256,0.11957573784805801,0.11404645771440758,0.10866458306224455,0.1072443402629827,0.11083884710695442
0.12727933737209893,0.10722917027162349,0.10608112666248666,0.11908643328814299,0.10801691025589077,0.10957185597983279,0.10720196096934176,0.10699847087219785,0.11210774043484566,0.11575326957658982,0.11269640056893121,0.10788422682619733,0.11933984195120322,0.12378677745207084,0.1187173614094721,0.11966728711018418,0.11918277215451507,0.11974886338432013,0.12042784032165028,0.11552054230342299,0.11319206785866601,0.1124967338524698,0.11183761059153993,0.11013007429613399,0.11120073336305075,0.11281644475893352,0.10867470778971698,0.12489700832981875,0.12828548391312586,0.18378677622066206,0.13225559777046245,0.12804757188847654,0.11364212742465357,0.12029196687174348,0.12513829149783115,0.11740868495942601,0.11138345666984849,0.11004239826266538,0.11428352090328284
0.10994914794308115,0.11046147270100978,0.11050301834394724,0.12449728247053425,0.10951032579939358,0.10811207336829574,0.11015782796716504,0.10583145950917716,0.1051627434109756,0.12054159742812999,0.11775165284613785,0.11110875421320948,0.12474819839848147,0.13005938595287719,0.12405090830077233,0.12515021629705067,0.12455642879833055,0.12527349680352115,0.1262173125533162,0.12007197287213316,0.11756520993113168,0.11678037708561534,0.11604046072589921,0.11374971968894027,0.11514374506306981,0.11317827569907611,0.10673573251484186,0.1086785155899275,0.11054842088646223,0.20730372076366013,0.14031316448126366,0.13521383029077574,0.11795303707779804,0.12593859327143728,0.13168741205212292,0.12293937185780154,0.11587618805357823,0.11414284324606222,0.11908776991567854
0.13826467229899658,0.10569132777244371,0.1124609766589041,0.13107258637007932,0.11486117729712761,0.11298063375101389,0.11450448297291058,0.10964374003025328,0.10980296672441088,0.12619583935243975,0.12290596897921338,0.11537680988491965,0.13120750317786106,0.13763140969587143,0.13076991975036029,0.13168953772173833,0.13102620943003507,0.13195705735963542,0.13306450365548644,0.1259988865058051,0.12269201734447087,0.12176702731285013,0.12096853698004491,0.11875294863980958,0.12028121683942029,0.11662244728243563,0.10672798965175095,0.13535889992481753,0.14589942255099458,0.24076979444503616,0.15025695086205298,0.1439148064521924,0.12295512563312529,0.13291431450894592,0.1401870740002896,0.12920490217947753,0.12069473509926056,0.11909804139563748,0.12484108571158792
0.16726939671364641,0.14851296345726694,0.10941403068443606,0.12490450087401725,0.12538083031777209,0.13258898919119205,0.14374136185074121,0.13832763985887539,0.14973423788352958,0.11110880039696515,0.10788980308764658,0.10637002007061203,0.13366945555424956,0.13500605633260196,0.12410086606435593,0.12477422720403425,0.12283468566132646,0.11750212865529236,0.11081389677631608,0.10581839645193149,0.11856731174453239,0.11401066949329051,0.11400586924722583,0.11319503621767157,0.11290946356941942,0.10635189141332231,0.146498937346595,0.15929803671263484,0.16402889763741699,0.29144560254202828,0.15435338465217824,0.13979696817931647,0.10543202906253965,0.11032146736882138,0.11172767536526589,0.11391087770287325,0.1177250230912098,0.11581806729845597,0.11708280268179529
0.17366604990616832,0.17074449549727116,0.16437232848025232,0.10822212262935567,0.16552369584763679,0.17087239578889959,0.16185359536063931,0.17447925880195958,0.18817677736487604,0.10931640281951301,0.1342494208539545,0.16847740545631396,0.13515402695904791,0.13876993685296066,0.10837483763434472,0.1263329754668035,0.12811787039971156,0.11590603556110109,0.11761217252999891,0.1197280314405927,0.11308192525341575,0.11538753420207365,0.11981603770062028,0.11436216499881116,0.1205169265552575,0.14903684360741126,0.17779098031884882,0.16726970069119468,0.16967634758605671,0.37712330516605858,0.16561112701307229,0.14665079343280846,0.1085214211803484,0.1066256145287488,0.10829708235488181,0.12828715367044735,0.13576366605373391,0.10563295279882504,0.11200711347080697
0.1664785386210017,0.1614194019184797,0.15328800523173633,0.11107509738035885,0.15304823284012994,0.15875219537120752,0.14900502422877018,0.16272804481358644,0.17814938561488586,0.10948291641048029,0.12650642052880284,0.15642591952147231,0.12703494333917706,0.1311053955648131,0.10952474080524635,0.1181935286090768,0.11780728235930855,0.11101776256807884,0.1236964774558634,0.13311478211625782,0.11952622671100362,0.10902862073114931,0.10850694208752472,0.10891044508321857,0.10822770136420248,0.13518825400317777,0.16735449275291323,0.15878664134800685,0.15983474269283396,0.18115165008806219,0.14231735900231132,0.14451057824763344,0.1209993000393314,0.11233752837567901,0.10657322683100535,0.12909234967663769,0.12948156884275591,0.10544903186771452,0.1127757151156126
0.1502855383469115,0.14467539195277901,0.13631181706470746,0.11567181006018,0.13944213811821574,0.14165011182884948,0.13093524222238351,0.14546996469414902,0.16211463165987286,0.11067737383485204,0.10917314028492681,0.14743512946535084,0.13463254774838956,0.13910287009189148,0.11446945043594739,0.12369533492571209,0.12454795865327972,0.11654640357664506,0.10817795646121009,0.11729137037447034,0.12151031994390549,0.10995828125459524,0.10926263208374869,0.10896605674141535,0.10908729355383719,0.11848692716144323,0.15107080618223503,0.14321653572214893,0.143545224614264,0.20475957583080012,0.15321133016272534,0.15615876135085244,0.10878016648723987,0.11016070607200575,0.11175100079830237,0.11295714973352043,0.11217975604795037,0.10971387126559615,0.10930145586567185
0.13182351637854645,0.1261891205702588,0.11817739494209832,0.12040170140060374,0.12629785590111298,0.12804761816834334,0.11939946894432399,0.12996945870935223,0.1525748334441327,0.11436988853866685,0.11055898044338121,0.13187536041723524,0.14321236006218843,0.14792197687071432,0.1182801126762035,0.12855583041912619,0.13032215134432004,0.12093622385553351,0.11096110443973496,0.10904758210957527,0.11395413346377244,0.11169929358155374,0.11030328391794329,0.11045743006580543,0.11123051621796695,0.10651238126517976,0.13706132478078106,0.12434890720977287,0.12489028011628785,0.23702913339187814,0.16594383064718726,0.16967529544537696,0.11222667458716892,0.11325660752880969,0.11550876709100395,0.10980791807103733,0.10886072268555405,0.11366430312631562,0.11306999936810563
0.11290306359814541,0.10668609845237823,0.10734787880588502,0.12594990203294565,0.10903153663735232,0.10952083625742993,0.10869202475458056,0.11091939163796799,0.1349811696547038,0.11861923675522508,0.11405156855557926,0.11465962980814089,0.1538368369170324,0.15852093939608286,0.12323208231318868,0.13451825886166108,0.13772383928502493,0.12648194339850355,0.1148945333997989,0.11273529992782184,0.11856181548385403,0.11567913860461487,0.11319144235685284,0.11279599258812098,0.11360238000917706,0.10918036042392347,0.11858094379425108,0.10584040021334036,0.10624628318263786,0.28599812540884528,0.18223000546897031,0.18803792913105996,0.11626729103579078,0.11761671333204463,0.12001793108456685,0.11294252298243206,0.11207102529783007,0.1177459318530267,0.11664958230911233
0.10911255225659171,0.10957781208154652,0.11082852689171067,0.13233622076250962,0.10765778164169236,0.10756356373438694,0.11026190593855513,0.10804417068405915,0.11701576066305658,0.12047589095512719,0.11632225896603753,0.10860383867360784,0.1665620758617691,0.17339660622412989,0.12906160695637081,0.14309556297788972,0.14695120499796005,0.13316957445763444,0.11334184827324022,0.11410220172000443,0.11651922129133085,0.1189863840965914,0.11361154645580034,0.11177525931418844,0.11538366236099493,0.11287650810657177,0.106936806253098,0.10884670610571454,0.10874887810325531,0.33248794063264225,0.19762277804875694,0.20992120871618397,0.12080835384888709,0.11996547036565383,0.12455904506378401,0.11643785665112154,0.11622713284904568,0.1227456595712447,0.12115231138628219
0.1129983967907298,0.11356698163448278,0.11492014829507456,0.14051134993941117,0.11438749981981716,0.10599812148822672,0.12622516530753508,0.10718716866064247,0.10681728476810629,0.11417476953481968,0.11503055743855367,0.1067593326999675,0.18111970153471924,0.17947693614477508,0.13575304910263741,0.14591036871369589,0.15303031294822148,0.13931762551697749,0.11297815415283489,0.11687471262406984,0.11514820291508912,0.11733706594649458,0.11019864486592801,0.10876669663251218,0.11177739688713419,0.1133897713949777,0.10928506179439419,0.11280836634900122,0.11264987490336326,0.22712610768401076,0.16271559732341359,0.15206964554835845,0.12104490756342513,0.12174898619858875,0.12778287186681495,0.11981287969445473,0.12141394821853081,0.12924564860444765,0.12724912302174887
0.11386882490521326,0.1083130138962661,0.11974734188983265,0.15055137811384264,0.10638752371720883,0.10808621600375214,0.1180517320676218,0.1100805420224433,0.10948192791442064,0.11423856303960565,0.11872257499069638,0.1107620968150108,0.1949709225448667,0.17982583377090858,0.13995699544508625,0.13609635739625348,0.13475680906667875,0.1272360234152714,0.11310728498332678,0.11734077765365386,0.12001286593521107,0.12214199736180363,0.11460601235192776,0.11249958869940675,0.11603486208284945,0.1133781499405144,0.10918416698872564,0.11643914968083323,0.11715246305717222,0.19111901221081598,0.14831569463298472,0.14051650307344116,0.1224150448878172,0.12093797091753866,0.12379775198730773,0.12067737000570164,0.12744936956919869,0.13701407033081145,0.13458615934014087
0.11966293067780374,0.11325904957527387,0.12409612964491712,0.16079314056873367,0.12671768788949639,0.11190052593753595,0.16483264486052684,0.11809382732821182,0.11075886529825069,0.11828193631680832,0.11196880608711311,0.10599323075920503,0.16633060430166183,0.15988148443653735,0.13984164293283113,0.12202740749879237,0.11623478185159528,0.1154299017136957,0.11369308752254501,0.12343356996382067,0.12074509616994246,0.1057875984128228,0.10616319288098977,0.10955825468626809,0.1120564218344911,0.11560542717962582,0.11035125996496721,0.1203153452415784,0.12232302498520743,0.20833139586521798,0.14442601462882845,0.14315543604866132,0.12740998817348151,0.12460628987861365,0.12730555901176144,0.12335737626691422,0.13439360466163056,0.14653510563845676,0.14355543398629278
0.11936979353713574,0.11529316101078191,0.11949526931059082,0.15407352961146917,0.11798565496646145,0.10606494588861769,0.16301042129505858,0.11704688316341012,0.11404466503950016,0.11829807526427388,0.1125132831866648,0.11133107760983715,0.11914837396894683,0.1244653382458166,0.12531876863513064,0.11613803596119202,0.13270774696438642,0.12229233752846447,0.11678303572461346,0.12268658195425733,0.12220417526222105,0.11135237335788419,0.1106566886335303,0.11181201760441713,0.1161356617817295,0.12012734224633731,0.11308135015034088,0.12061908753946418,0.11872980598540696,0.16440105933465365,0.12416809174685367,0.12842753873102042,0.12263890696428519,0.12313407112031972,0.12391686532706005,0.12205841750253474,0.1344512062473272,0.1573647311914044,0.15148198568619958
0.18604495260960976,0.17966614817855175,0.11340627366424919,0.13446482157488712,0.15913908703023769,0.14732576934376088,0.16843664832075467,0.15430884280753071,0.11405631036449584,0.10725010815926478,0.10551953549116425,0.15368716155344941,0.11340729032708326,0.11453896296271866,0.12201481456211692,0.12766025884571328,0.13137973973073955,0.11598806525872787,0.11136412699152681,0.11369800636928243,0.11673785984918897,0.12644855735815794,0.12866947415630581,0.12142972318016355,0.12509820623167911,0.14083597929961522,0.152794482950282,0.16860670365377617,0.17465096999822746,0.10813069764216937,0.12808228576419226,0.10803854285933567,0.11713053563780745,0.11785409463323483,0.12652070939497023,0.12157309581010137,0.11982374932539319,0.1498169387217782,0.11572542485087348
0.19223943653898334,0.18159596458412536,0.11332510090339491,0.11359589275064051,0.15648752326867515,0.14130493243112824,0.16328624051071192,0.1477952739673804,0.10862100819141626,0.10814336191210866,0.1078618372788608,0.15651239662908303,0.10829115737557531,0.10949783194750137,0.11601780517775223,0.13261859461271075,0.13100801983130136,0.11499074988408112,0.1153521812142335,0.11159132621128523,0.11519360268342847,0.14049420429750967,0.13740854030235125,0.12786947624440148,0.12984942332291857,0.13638395209674345,0.15201176261468502,0.17795421153672811,0.18435609233113828,0.14042983094222999,0.14495061295349607,0.11492645733476954,0.11321369540787909,0.11660507973037276,0.12423294053402405,0.12178803069509503,0.11083678812653951,0.10896660575923432,0.12989439830815239
0.19055202243441954,0.17496898298921615,0.11666717719803289,0.11432254903754255,0.15191983883803767,0.13595765510723323,0.16364163965194065,0.14267253918026032,0.10849666462093804,0.14113456645151448,0.14249877020318347,0.15302397376575905,0.10913934042561857,0.10982299211959427,0.11081255721218426,0.1250308529181966,0.1216192107604247,0.11191863706585119,0.12974230778602722,0.11122775040374175,0.11691285154141837,0.13708250289957399,0.13396677704846971,0.12257664218323631,0.12418935498636534,0.12480481929797441,0.14268245191386089,0.17200557048598403,0.17525834719012423,0.12514558444766677,0.12898107252850263,0.10912239039469029,0.11494045385688471,0.11424115637540011,0.12623776299224429,0.11208501119533576,0.10776270505752936,0.10961381194973421,0.12322109697961464
0.17927004796118662,0.15993303771268857,0.10782481976787811,0.10825103385908011,0.13647689384529779,0.12026540331582354,0.14956187887076472,0.12700952976508903,0.11298867239307282,0.12660891886132392,0.13100873785662312,0.1362014861815494,0.11154578654593829,0.11091535011000377,0.11019025725202089,0.12022972726763941,0.11693740830704538,0.10813001749507381,0.11602279258459243,0.11672563557636308,0.12217799317303388,0.12004071820668574,0.11726698635143386,0.1085904773395992,0.10837819977702796,0.10862000687116014,0.12619986580555229,0.15828777897298213,0.16197378809082821,0.11082685382761973,0.11843543089602629,0.1107572620736775,0.118808028612371,0.11897090213222263,0.12985976276075173,0.11339198234164617,0.10608965026652101,0.11771029337888675,0.13120503954469689
0.16313648089318053,0.14177200141834964,0.10955953143294535,0.11355997216509257,0.11765220534055078,0.10791409417436237,0.13117182376719488,0.10806691226985043,0.11649031503127941,0.10853691096173884,0.11381615216387883,0.11765615505993256,0.11559806451440022,0.1148702448449236,0.11546510389307582,0.10913532474447481,0.10964497673345201,0.11117163692056393,0.10926151560537077,0.121334389367118,0.12804884465623112,0.10920577603928107,0.1093670387642199,0.10909225903398079,0.1105518314748732,0.10956203573269331,0.10729962681839383,0.13999950052803045,0.14453274546398989,0.11080633458841725,0.10943304493723598,0.11473081238908256,0.12407386751050212,0.12430229498095051,0.13873030982042667,0.11922911070032992,0.11023029745311867,0.10751198029838545,0.11514236001368787
0.14524611187967995,0.1227082173768216,0.11340523517170734,0.11793462351669638,0.10829911702372604,0.11028421126752697,0.11278779442874844,0.10927356861493019,0.12062866283723644,0.11123782409204303,0.11020743734896683,0.10917036788932527,0.1203049803503607,0.11945667085976702,0.12016346274606439,0.11276947499026671,0.11335122456209677,0.11515065901763581,0.11288292166586165,0.12711423181206943,0.13514397935906089,0.11282362634799681,0.11268654065411801,0.11175084223907815,0.1136237604089442,0.11300759538645123,0.10935479728275396,0.12096370526979063,0.12574026508375119,0.11467712324648116,0.11309771808028583,0.11926026779472826,0.13037729661674896,0.1307584964541377,0.14815044388720469,0.12474861473821605,0.11415111051905984,0.1107453886617826,0.10876773871212775
0.1260792308845122,0.10662406605833639,0.11787001688228374,0.12311642894749203,0.1115337483946298,0.11396784227145991,0.1097079922153274,0.11253322748620338,0.12648826747480099,0.11504452012353455,0.11327185157787045,0.11256250289010541,0.12587094094987974,0.12483951214862006,0.12568726338187181,0.11697264532045568,0.11767864386867553,0.11983324250672837,0.11691709551297359,0.13368210811172768,0.14365606604792114,0.11692158846519007,0.11630786079447088,0.11502466967429517,0.11765240513123605,0.11738395116467773,0.11275088540836925,0.10599333260383288,0.10774415955799761,0.11923398211668539,0.11738609639406349,0.12463732727579518,0.13800343635777995,0.13823412100547239,0.15996600924064414,0.130691386512619,0.11876376597134189,0.11482032227135956,0.1123590409258764
0.10758468251099707,0.11020728279121864,0.12308384144951477,0.12844619570506829,0.11581403728840768,0.11882897769089004,0.11364404418472829,0.1171613019336008,0.13389676010882051,0.11971426580766029,0.1174791612410141,0.11688583786515616,0.13243739581900221,0.13129553403535316,0.13190360259878073,0.12195275707491202,0.12273211076894894,0.12525528230574126,0.12194859527931635,0.14215890503434339,0.15457865878913785,0.12189184402308996,0.12148028536608285,0.12049177848222083,0.12314176579688067,0.12278131995909404,0.11741772321467822,0.10944873760717554,0.10843590452223412,0.12460563838422209,0.122412355714445,0.1309972175113624,0.14743426854188635,0.14751622565638087,0.17510439509641595,0.13793077538636436,0.123956031033138,0.1190037442456401,0.11592761321848939
0.1094651884317915,0.11393420526616531,0.12907614618459406,0.13109481637412798,0.12035552535018766,0.12443078661906924,0.11817579930590894,0.12251062770920103,0.14264884865556057,0.12521033362767353,0.12248564579095704,0.1216478562496827,0.12626873370398764,0.1319919606305483,0.13489947571288172,0.12530567586107905,0.12809096812936477,0.13119924632312763,0.12763175486679312,0.15258091235099069,0.16825956040286474,0.1278958805985945,0.12731869339514401,0.12617577196341481,0.12836038361654153,0.12723450646030093,0.12264421723639347,0.11254034958655479,0.1100564524236385,0.1305016515291246,0.12745008399244911,0.13773373569653954,0.15921533184788603,0.15889634209278661,0.19543592414606223,0.14650558293970564,0.13047934322627974,0.12470504296891635,0.11832182094046702
0.11377366134576272,0.11886814670531699,0.13670711139925387,0.13904282022260012,0.12620523247890353,0.1311144975517341,0.1234947053903899,0.12884103763981591,0.1535292260782547,0.13179863385743446,0.12868283381653012,0.12760065504047555,0.13350197730692442,0.13998444943943669,0.14466715663961235,0.13154203244387758,0.13519584453986114,0.13913884253017583,0.13482441717828059,0.16597081384724988,0.18634187614290457,0.13503953957196405,0.13435959067447351,0.13326702737108401,0.13623728311865074,0.13508457434453394,0.129100931549432,0.11743021390075363,0.11468098538433177,0.13820234578240909,0.13446022785117537,0.14716717971208243,0.17441828180779792,0.17423462112715549,0.22393517275492961,0.15836976659458168,0.13805766867350655,0.12850600060497178,0.12316318938071308
0.11820304146588607,0.12243275905139193,0.146240437747434,0.14932707807852591,0.12395306861427467,0.12450275015780447,0.12641348130648122,0.12428776413638083,0.12693832687475781,0.13572845618107934,0.13527667499576815,0.12426089623728298,0.14179877803156038,0.1498383661283316,0.15612222890618374,0.13939792209757393,0.14394105722623388,0.14898299571182708,0.13949830024945079,0.18329983977033495,0.18663647662176741,0.13427324182896327,0.1304839473017653,0.13040630962858893,0.133193967118624,0.13178146357972242,0.12545169230211464,0.12271224417936843,0.11965817599615032,0.14763728412260715,0.14301564948079279,0.15889587780430028,0.19444664645119214,0.19388360643408556,0.2660445461514902,0.17372777655941188,0.14802168961107162,0.1366906788829535,0.13009140003082814
0.12277617440256439,0.12621160448996691,0.15622662122634479,0.16164716603488585,0.12909098775896327,0.12540929016987673,0.12767604225974818,0.12074886401431692,0.12605047553373289,0.14381561519417099,0.13157031312664508,0.13273210115517636,0.15201024107074335,0.16224287458744391,0.16936938738741866,0.14910448013166069,0.15481667735409066,0.16087003512893705,0.14449712407576148,0.20571507833860511,0.20894889393262128,0.144239400446735,0.13894791002093357,0.13722110807478502,0.14207135086491665,0.13676500062850283,0.12594595632384908,0.12603846993455353,0.12516680753863876,0.15944753720285745,0.1536262571332199,0.17380771771948972,0.22191801717575452,0.21429004136240581,0.3342383805274402,0.19000944967156139,0.15973974539753341,0.146201919750332,0.13808823585538299
0.12937762468708067,0.1345335770281379,0.17099158148658108,0.17743937571604457,0.13799679642697024,0.13423588825859684,0.13682010241604614,0.12845201601706999,0.13468392721981898,0.15482094515986791,0.1420279310712555,0.14110197937233607,0.16498073330992152,0.17826054520024917,0.18780639868461313,0.161363444236162,0.16864408989114421,0.17662442956984031,0.15695236652286007,0.23901186761990464,0.24282787257329669,0.15525386780330186,0.14857253146139618,0.14662572943506072,0.15285893566226927,0.14692050312330193,0.13464858536701224,0.13369929813051029,0.13184626387280099,0.17463163093867076,0.16708979913137226,0.19367426014249928,0.2626105182781755,0.25243462673902639,0.46251418109532216,0.21702823613895622,0.17552820000639252,0.15806132113473453,0.14734979579266777
0.1370406380108998,0.14336733314898353,0.19030066272893889,0.19598480781768401,0.1455023123740071,0.14275897503169174,0.14594315010661668,0.13596478556270386,0.14351702353246559,0.16867030418314516,0.15259286185931664,0.14721946920971613,0.18166572545320239,0.19873324360664457,0.20820068699894592,0.17026169689884435,0.17499443932515768,0.18555464502610816,0.17149260165719257,0.28901743455267592,0.22699363808408671,0.15078855773554733,0.14770606482969945,0.15061224924742284,0.15891515575471898,0.15887423268356538,0.14352731746325223,0.1424986796888621,0.13897358702337531,0.19478366376176878,0.18403903834021074,0.21908823019371307,0.32746439166813746,0.31092252963214356,0.76723695681501647,0.25406903851221269,0.19654661210038471,0.17324345491572588,0.15810940749751237
0.13574385633747688,0.15006450147470393,0.21675970051300447,0.22236116948007192,0.14318595873389209,0.14619955842281759,0.15196590592360146,0.14463309662356094,0.15361781997931792,0.18247296932761586,0.1643365126312861,0.13571640822771927,0.19073232522353517,0.21154500905092399,0.23040779560064276,0.17290766895201962,0.17657069624200072,0.18922250075445482,0.18957565561777101,0.37317726300696596,0.19793160447547703,0.11363390552636801,0.12197813553164753,0.13597368322020389,0.14257118412627154,0.16890972050873551,0.1531320897820054,0.14968006017471872,0.14922729237622595,0.19536011672429224,0.18012845877275724,0.21429928355283215,0.33172120115404757,0.37062016640499057,0.71616382649049259,0.27880353925960349,0.22568192534224235,0.19339187716015988,0.17343273127666445
0.14086296623552191,0.13340352792435531,0.2051536009559885,0.21344634633327769,0.12225400241237132,0.13573033674013066,0.1258174229986902,0.13906876940706289,0.16175853858473535,0.14481024863834743,0.14782887711538326,0.11224595878199906,0.13825243440880297,0.16853799307842399,0.18605050232859197,0.1526090783842757,0.16277084569313865,0.17892722832208888,0.17699572624832338,0.38441474728179154,0.1080202408458478,0.14288973164477756,0.11464311238873864,0.11378414725807301,0.12023293256367575,0.15611738905696523,0.14827509318934032,0.16234924853170302,0.16194462848528501,0.12004841547433383,0.1283064704345078,0.16689299136089425,0.31368293869219871,0.3615484764674608,0.69085818785602293,0.20275531955691242,0.20109288290499963,0.21521198539586708,0.18143494504740348
0.13361582012975667,0.1398114704131749,0.23898785845397516,0.25288116387836751,0.13083050329107723,0.14499371238060732,0.13530756252267573,0.1464553388117332,0.17711797691993481,0.15806419352004439,0.16184919960134997,0.11933962881025233,0.15061972769186199,0.18584222830620928,0.21212583227530724,0.16460027412062506,0.1789367148440752,0.20081515380355786,0.20027126752035121,0.56328985981727364,0.11434669851051889,0.12826671038499785,0.10934750326197472,0.11956074835172775,0.12792154430927469,0.17136636615404796,0.16032507108929653,0.17560433310535448,0.17469631897712248,0.12742969593132913,0.13658985868408172,0.18735896206258212,0.41909463259834251,0.50825795045774147,0.99999999999999756,0.23582114389479808,0.23388622317378668,0.25370681729990724,0.20555884062843843
0.14203154969245227,0.15031957255526082,0.28967415914852901,0.31135067742757344,0.13866243782688606,0.15708071012354136,0.14404423968002134,0.1591631693397435,0.19902029472886004,0.17264947549326043,0.17740939413073292,0.12470027020583856,0.16275025184033615,0.20766988824957938,0.24380928669706631,0.17766236701225285,0.19765460035799828,0.22812043422284278,0.22928480070724874,0.99999999999999811,0.11866599719545078,0.10962011776901059,0.11277369440517836,0.12357540015441469,0.13449204401141662,0.18993880302771834,0.17676281146549658,0.19723029483677421,0.1958982664527045,0.13416454408116896,0.14456447543917458,0.21082975691546152,0.65555713501979385,0.948362005279766,0,0.28179425180908912,0.28180484754123752,0.31404312796312772,0.23908234267167086
0.15264147106625212,0.16298179088378661,0.37455362576084222,0.41442348682122598,0.1482718027820964,0.17119949509573867,0.15457516461466725,0.16918128070259733,0.22818670210012415,0.19179337594972054,0.19799760280917852,0.13117318335245776,0.17882427479289204,0.2412693612650873,0.29649022506245809,0.19866203999550391,0.22645468920413084,0.27193632237205473,0.27003080477520058,0.99999999999999811,0.12395756529203547,0.11118430524885407,0.11703190510965734,0.13043880416575016,0.14321758207818683,0.21615922633523571,0.19720862914818132,0.22627871540359493,0.22009363054621361,0.14264190000169177,0.15556956556531382,0.24592720515817712,0.99999999999999645,0.99999999999999822,0,0.36098232894157478,0.36156526366683017,0.42223691546579734,0.28970174285429429
0.1659456126846067,0.17892265380991573,0.55072997781818223,0.65029918475224679,0.15946489199103084,0.1894784309187296,0.16798531048833007,0.18808928400907263,0.2727186854714102,0.21776570439285664,0.22675205336828885,0.1387272530954973,0.20037199644249701,0.29271941849280958,0.38745404352494661,0.22797412383146701,0.2694866709285253,0.34287748671441942,0.34010164061066561,0,0.13021976809097782,0.11474395896755486,0.12157448800732677,0.13668796351338786,0.15300702731209495,0.25353127444434481,0.22591698390428328,0.27004294124932637,0.26083949101709164,0.15303964023690941,0.16894094330279905,0.30011297049990276,0.999999999999997,0,0,0.51887460679422703,0.52096532680085816,0.67307030249564104,0.37558222022238619
0.18155692374218863,0.20050896372803748,0.99999999999999734,0.99999999999999822,0.17466875083018613,0.2154369528113709,0.18605216687360102,0.21342198959129322,0.34547301860368701,0.25318028056460373,0.26929656808908947,0.14785757429799834,0.23066222236092232,0.38029626238457426,0.5815606318113401,0.27196362410927583,0.3399860239244975,0.46084708624194387,0.46624617872115071,0.99999999999999711,0.13676982293298406,0.11723029114389608,0.12499709074726842,0.143222448081746,0.16374505594817704,0.31199988645289056,0.26903623444248753,0.33817054922188089,0.32531318788104918,0.16628843480575592,0.18714900930212464,0.38849147300754822,0.99999999999999789,0.99999999999999667,0.99999999999999534,0.77916792366183452,0.99980876213685421,0.99999999999999578,0.55342014693687491
0.20456663778751752,0.23117868500881858,0,0,0.19482056329110983,0.2534085665199452,0.21070017996583928,0.25033715033294557,0.4860621864473974,0.31154771498086753,0.33969457931851532,0.15908280232640179,0.27602918873200244,0.56506526254856326,0.999999999999998,0.34353966139733333,0.47363033086968859,0.78489566855978976,0.80243446317537825,0,0.13402296276481837,0.12164937048507764,0.12845779390078474,0.14787230328710707,0.17439929774032925,0.41165214637777608,0.33933925905631884,0.47117871977948866,0.44458933836450493,0.18343843940894763,0.21195148216505666,0.55837213858863921,0.999999999999997,0,0,0.99999999999999756,0.99999999999999645,0,0.99999999999999689
0.22761288841780197,0.21426226203576587,0.99999999999999645,0.99999999999999822,0.14359102265106599,0.1950528924848472,0.18614564754365207,0.23273191756894851,0.33794519117478716,0.17362132937559041,0.31947815855315814,0.11958656715437548,0.34126957258992324,0.99999999999999389,0.99999999999999722,0.43399352557178728,0.71909407612607545,0.999999999999997,0.29545511914087719,0.37440191994657057,0.10821599052520692,0.10787959253985377,0.11075550073678865,0.11891517035238386,0.13018513592561987,0.21111817720889869,0.27833346584061652,0.68715719718685708,0.71810096421689307,0.20328511296781157,0.23963746553003465,0.65068205167760895,0.40443270237212181,0.60115241581834877,0.999999999999994,0.99999999999999445,0,0,0.99999999999999689
0.21074241425290113,0.14737705419247918,0.14402705522314815,0.22038795844927661,0.11167682921060382,0.12077666083786293,0.10744843649213792,0.13004810442321318,0.15103125800078029,0.11367547941033938,0.12639740960836032,0.14827876365830819,0.17447869356780907,0.16236761238975805,0.14898406552550972,0.11363215548169876,0.10831811579865952,0.1113391420224543,0.11292895581291219,0.12239598474468448,0.14113481809371811,0.1705910360201367,0.1558287369180984,0.12647675847525122,0.10762695140946889,0.1345714522144571,0.15213089365945409,0.37519072509830798,0.99999999999999389,0.16633426967656734,0.14104920042742411,0.14818955207188719,0.12995047132519708,0.13221985795864158,0.13630650889690471,0.1402800793172862,0.17399111899866995,0.27021483329237334,0.27295831073942389
0.13132260319632733,0.10758199480630945,0.14584208720806235,0.14667691503756342,0.15771812569472787,0.10525922899151623,0.15357206323346378,0.11193447760101219,0.12599761477576038,0.12731442055896405,0.1058455814269061,0.16981566208709717,0.12271901320596085,0.12568320874371569,0.11340677490992344,0.12607620351870263,0.13837173321249663,0.1289114786916209,0.10627465019215299,0.11453712814808134,0.13855009443928323,0.16855508229452204,0.16214595021956388,0.1490546332323481,0.14645362738732012,0.10526832604299631,0.11452116715435461,0.11942870904994222,0.15384898050942306,0.12473558718566526,0.11797142261765685,0.12950429124386142,0.121681537557335,0.11967743002122183,0.12172823623667843,0.11032027234207685,0.11208643635400567,0.20104639852697595,0.19380679398180481
0.12768407761927533,0.1090446840446463,0.16695880422051448,0.10920699742350229,0.15083596948595882,0.10812711878934389,0.15256594446976324,0.11512278522035861,0.13437331577427183,0.11009255128151132,0.12341349224245654,0.1588570055990661,0.14369576668237691,0.14206768470692394,0.12950933378000667,0.14933966834078405,0.14161651556838339,0.12951864599682325,0.1092736898948061,0.12077766782563078,0.12228792693876989,0.15388797135143278,0.14955721288364263,0.13748020154960539,0.13549549593950158,0.1081259888496969,0.12048902735622122,0.12423261114412193,0.16702768401601853,0.127097237547525,0.11130305209057001,0.13025527514992447,0.12698463393689444,0.12439375481335913,0.12762557372228209,0.11070287900411459,0.11480212500372831,0.15019153190024867,0.11305358088002737
0.1484771249727595,0.10661068339274389,0.15212876987889351,0.11585530703377292,0.14519142559111184,0.11001626179871664,0.15022172860895286,0.11739694846067515,0.14068015302871414,0.11043780736729433,0.11332204022080071,0.14936975722204787,0.13046455887840275,0.12897718302014324,0.11588222365443157,0.13677693524471757,0.12815032637325052,0.11441783414117883,0.11206791517795552,0.12632201554671621,0.1117591963919588,0.14143507123152735,0.1368890195343167,0.12337103170074276,0.1224374393813833,0.11220585313701975,0.11944851854188192,0.11391080241129878,0.10897577601372813,0.12663792888109252,0.1109411451245461,0.125158911727941,0.1310838112653985,0.12936975412803436,0.13332234303500834,0.11564198886878135,0.1080499509935882,0.16470522572811372,0.11990563368250944
0.1330208520292093,0.11126416823538542,0.1356766463851668,0.11492647213180458,0.13743262012691176,0.11273826878700349,0.13425213607081501,0.12286631412494048,0.15072108449958657,0.111075130648601,0.10878307638571719,0.14916831765812738,0.13965918202561317,0.14110900861072928,0.11925815044957747,0.13223220751615331,0.1149005367879728,0.1092438082790439,0.11022876663121302,0.12509740622247831,0.11409371648845464,0.12894631572396001,0.13258326083223523,0.12234080362044054,0.11970681803873587,0.11544741274324401,0.12599933015721188,0.10883064032992047,0.11463395444775185,0.11888900614748732,0.1094536210583399,0.13013371508074129,0.13573881037554358,0.13244212773616809,0.14120035149136539,0.11692767305167215,0.10963898204224561,0.17455825091095487,0.12015948575670043
0.11416562820816958,0.11474122191361238,0.11854628355469458,0.11982773983095092,0.12165662590531023,0.11612709360336666,0.1163286406550578,0.12846074983562866,0.16289366228931243,0.11233118857379386,0.11025241242911445,0.13416505302755349,0.13067107700795941,0.13707967462806547,0.11309506396021965,0.1476469969946588,0.14265635065434448,0.12601654693296729,0.11018962079071862,0.11009914977522223,0.1087686953615838,0.11128275201249399,0.11805485875914526,0.11226630446108672,0.10759962734383491,0.11778180731366075,0.13198274603391627,0.11213912868547227,0.1189500032566934,0.10889727525559519,0.1238871931876719,0.11584392548532842,0.11056090309971191,0.12062866091353208,0.13521265540410399,0.11749877571227356,0.1135675310564323,0.19542209985206363,0.12633397837506805
0.10994959711714933,0.11943631591992042,0.10581236762345311,0.12195252279953675,0.10843361785933635,0.12139781625869588,0.10960029409492557,0.13574529468937876,0.17957350230505101,0.11775040967259008,0.11065176559131527,0.11583113745364967,0.11308726119405196,0.11866193151394847,0.11010302929724021,0.13017093841886868,0.12780713206647387,0.11377275925845813,0.11611921042870238,0.11706020301204494,0.11287229782613845,0.11071375376362243,0.10917580701545904,0.10866372750555126,0.11010610675508484,0.12368703423349524,0.1403023534954348,0.11646291140673579,0.12458175928181549,0.11278493690886701,0.10840039084786869,0.12291850433693564,0.11751113564717391,0.12877584424978814,0.14453070098763129,0.11433538912598505,0.11324826085501034,0.2204953652730767,0.13217675529411324
0.11082259443730541,0.12318074208990634,0.1095126907028617,0.12883968456674566,0.11158375734198477,0.12701698258543073,0.1126318432210219,0.14463178850250105,0.20174823681430118,0.12287812534889407,0.11601516354599051,0.10991061404823183,0.10996670660015304,0.10932028344442321,0.11054211901012934,0.11148811369041171,0.10915694736147885,0.11036285747120661,0.12094913756382375,0.12211120999711277,0.11712784129256767,0.11444220586461128,0.11276799275737329,0.11232079630922283,0.11399707471968178,0.13017655331737363,0.14935662677885955,0.11633138919491257,0.12409163940915906,0.11642948509703079,0.11166242270966145,0.12900224368368915,0.12258414247634113,0.13616463294808342,0.15600124797779921,0.12080342758609902,0.11846904194471541,0.26124064344560899,0.14070022064505
0.11603447842518561,0.13006288073330613,0.11345886877912841,0.13204728167408994,0.11505096094519592,0.13415887192468967,0.11702839190814093,0.15609245854877354,0.23334721561895536,0.12290510044465507,0.12031962778291613,0.11322879564848798,0.11126981409585733,0.10937671188794511,0.1113275690232278,0.10940440626328109,0.11059637536491683,0.11359806454525143,0.11551001019121969,0.11834732766374317,0.12197776918697668,0.11854986384054875,0.11661776200707206,0.1159865940850332,0.11821466585296611,0.13811697384774976,0.16226274331456855,0.12232617236713279,0.13162387401691014,0.11666766955929687,0.11235861307523069,0.1281711489866445,0.12401140462602336,0.13742679677051922,0.16812604976034001,0.1257503261410271,0.1239692894830029,0.32610270399624436,0.14876907091018973
0.11584688793300675,0.12890615289136681,0.11441308244245708,0.13417763311638622,0.11135458660586957,0.12602875096010438,0.11922427448255662,0.14397167103836533,0.17145061414937313,0.11081219629135895,0.12439315889618964,0.10965083036916962,0.11253757825597444,0.10910287527710871,0.11114272862791402,0.11205744747241135,0.11194042436890851,0.10757755336055805,0.11804275017425392,0.11978401280511074,0.1170076786815535,0.11251617786291249,0.11173873904081358,0.11089199913064418,0.11039034524534386,0.11913286383428633,0.14474649422244981,0.11530087615714087,0.11558041104076319,0.11773107828894011,0.11251079846781403,0.1268063913922996,0.12452588149455232,0.14051251814150517,0.17297337063897633,0.12955667358213907,0.12639278514272534,0.40535185669224022,0.14280284859838624
0.12179838738603642,0.13536004008546162,0.11479120043965389,0.12315254969313298,0.11641854613148779,0.12846605901471689,0.1221081049994838,0.13124230312920582,0.17096805582273633,0.11374751687843594,0.12716027862513488,0.1160511012354162,0.1159657597650605,0.11288408868796054,0.11281903656126056,0.11025359159178921,0.10998432321946132,0.11380083076825932,0.12441747620381809,0.12614493790090386,0.12151408622133662,0.11378637325625508,0.11603196193808786,0.11499026490561055,0.11587412147488745,0.1250447296074339,0.14614009677027182,0.11805832050960004,0.12108508500057294,0.12267257202883444,0.1165795232907611,0.13471398887430935,0.13155631306292889,0.15214411735773961,0.19444863568959769,0.1338640987274905,0.12426330152034497,0.23748370755819156,0.1270594669009773
0.12677528635898128,0.14377845583755869,0.10999419373144195,0.1307976629147683,0.1220576226078529,0.13628737272321051,0.12701517711914087,0.13474920516097866,0.18896874718895193,0.11882569363828148,0.12533396129350211,0.12072491027866993,0.11907662344038039,0.1158526892295319,0.11584986091045464,0.11343098945876538,0.11366404498415525,0.11797629849686855,0.12965439362726991,0.13356961693786612,0.11290627649649045,0.11460349662562085,0.11651665856734025,0.11647544165575195,0.11878268031440524,0.13212472144218873,0.15636087661140047,0.12164948172961057,0.12583526002567794,0.11557136265437572,0.11644545313908772,0.14234635072059806,0.13940860802756383,0.16448926418768442,0.22273756632979849,0.13629173310524664,0.12381542856753973,0.27808433641312719,0.13506961226079336
0.11811462331995723,0.13869548366715923,0.1107680065202703,0.12521617935955695,0.12254591086739802,0.13821325438013701,0.12493392968496828,0.13290725932603142,0.20317883282219992,0.11731075479135455,0.12326487413306721,0.12182575825926828,0.11162604090821358,0.10864765308838049,0.1069213006669809,0.11033420108396746,0.11271905037867752,0.11662824371403295,0.13221086356225559,0.13425862510357012,0.11931706863456011,0.11935834992252704,0.12104525148981564,0.11901872149272912,0.11978501329998677,0.13090171923092828,0.15290230259638707,0.11255098935557485,0.10759928496283341,0.11386974698848142,0.11283295430718719,0.13026943420136641,0.13003174094762826,0.17415734759713544,0.24750627612650603,0.12372095457179859,0.11906373341605658,0.2614193291610043,0.14120832484878212
0.12561655854689494,0.15028900725964359,0.11299047852123069,0.13029617850175101,0.12474800682197121,0.14479131764465031,0.1232547898261878,0.13920345964524553,0.23475541048232398,0.11590976281562412,0.1260228992772594,0.12766976787503378,0.11318639751465842,0.11002858098338789,0.11135852520317038,0.11186027475814188,0.11465726339606061,0.12041925177133532,0.11704729747759259,0.1232011434609261,0.12471863671928575,0.12414832668441741,0.12668602163182113,0.12551168211825017,0.12579739736812157,0.1393430216540536,0.16714103885047824,0.11826082765539787,0.1122817370069034,0.1173480165493853,0.11330034058768812,0.12501396346544069,0.13017986112120652,0.16239377898342028,0.27393921971327495,0.12958772684294254,0.12248085333670701,0.31239700929338371,0.13625947802530208
0.12590519419901766,0.15357233896904593,0.11744371515043114,0.13725226381993039,0.12668753604191405,0.15124207463332978,0.12955446203725499,0.14504032082499627,0.25342287621871912,0.11816931360820665,0.13316523389837565,0.12361254697821819,0.11719511335348225,0.1127467579846473,0.11581491672256784,0.11445265925919937,0.11883461378962787,0.12649269656758866,0.12396938217310989,0.13212309549751711,0.12651899166090497,0.10908346890527364,0.11570198233150526,0.1213569793932766,0.12217484207120315,0.14751978018229203,0.17077933158018707,0.11232872479420182,0.11170044447344558,0.11512867057993414,0.11119094319940589,0.12043630564637813,0.13558908353104326,0.18063430166203451,0.34545658825619135,0.13770742921678261,0.12868207907271473,0.41462926674763273,0.14096699991516626
0.1300857652941585,0.16832533902750382,0.11691014103899557,0.13122259167972164,0.12633026390868146,0.15491001030375179,0.12739692053647733,0.15282178288719486,0.3127745287091418,0.11673577330866786,0.12610427492378487,0.12542538620478233,0.11972566732912383,0.11409690283718187,0.11170718116480124,0.1117708834708482,0.11308601174745303,0.11890821853170605,0.11767573132165994,0.13246755123101187,0.12717459199726766,0.10795999737798906,0.11638846845696907,0.12548846549300807,0.12669180772160241,0.15999030149227575,0.19058815614028535,0.11732315707079868,0.10813496134861186,0.11083287855198021,0.10974717801345571,0.12065693573645316,0.13761522809413304,0.16945294407153566,0.27899768829210686,0.12706302723747456,0.12191732781141289,0.25161364154968419,0.13158307139791908
0.13766195863206726,0.18443339697232686,0.12265703267011427,0.1409473399968583,0.13496193638429868,0.1686635509585124,0.13462935194153597,0.15795227001734305,0.41197055450853859,0.11986644611850777,0.13465984638703832,0.13049357643674669,0.12480860041333999,0.118588189893614,0.1177074025300167,0.11603739444402278,0.11888472732491297,0.12642374385133584,0.12449707989756117,0.13617103242140915,0.10734269227759211,0.13224463686613833,0.11106215555986423,0.1214350394695826,0.12647947043138014,0.17518379832495251,0.21217638591720231,0.12119969149121743,0.11151465529215661,0.1148338304296494,0.11349751511780826,0.12550215303285742,0.13509442278067049,0.18250491465412941,0.33820326620693647,0.13551509734445755,0.12881289999060522,0.31181255068491742,0.14122271456908175
0.14742406310447478,0.20902245342962242,0.12898664327860049,0.15106800801307382,0.14371228701136857,0.18738509799547465,0.14335337467658238,0.17398716885178672,0.64507143160317426,0.12506812149075916,0.14341302222973576,0.13800875389524048,0.12883290653903717,0.12245544266921871,0.12261116565308661,0.12042880714063645,0.123856095937912,0.13315409596311317,0.13087508767785691,0.14452565530146297,0.11165322384512753,0.12384380059414621,0.11526571464337218,0.12719423219846845,0.13355761145123995,0.19604332556048795,0.24910271564352565,0.12781332979406171,0.11601756852566283,0.11930447488349041,0.11688451647843397,0.12881204988117106,0.13452743996686364,0.20370294887910476,0.46381570422005952,0.14460764762315123,0.13643168028982755,0.41773910480120385,0.15150235558489558
0.11725215001099093,0.1684880767037783,0.12874084383044895,0.1516631375092227,0.13257378481841442,0.18071344637475084,0.14455105948443661,0.17705055192569299,0.80411365211747898,0.13150130304320723,0.13359919352029703,0.12242850112826906,0.13037587750537669,0.11830438282191134,0.11044295151337201,0.107742847461601,0.11334627527011112,0.10931976363641371,0.13457896757863833,0.14947142491972776,0.11379384148612556,0.11640359972885483,0.11250479685973101,0.120813723910017,0.12372470560927683,0.16840018176166338,0.22967756347276966,0.1159007147000593,0.10587903467040678,0.12384750710482526,0.1154414056671583,0.12176740516980554,0.13893626001370157,0.19437642148056308,0.33654366536137909,0.12206385775088761,0.12906021935656264,0.59030356571451736,0.16315346549110896
0.12490508486148522,0.18962274076113769,0.13705417027362221,0.1653914460818669,0.14338337022690906,0.20498716278466267,0.15651003602983365,0.19941117428151425,0.99999999999999689,0.13933568891776454,0.14361129054130162,0.13150299225903175,0.13836016356331318,0.12395395336312326,0.11719951902764793,0.11116501741641849,0.10978626644310475,0.11603385256303342,0.14357576284445159,0.16325245201259911,0.11854244194724188,0.10961852173467172,0.11860353922647571,0.12881422421545108,0.13226436503665226,0.18856206899680006,0.27670243698048907,0.12243378430475742,0.11039853240909829,0.12997643013568932,0.12018664407056757,0.12994337275675796,0.14856328070776234,0.22413688637673307,0.46911316900719285,0.1300899879091586,0.13748635358460015,0.999999999999996,0.17918607449428647
0.13182484446747317,0.21582003238236561,0.14663135526608526,0.18236728073208822,0.15449316432611421,0.23820017338065669,0.17141938348644833,0.22997062255633632,0,0.14895379985927457,0.15505792339260277,0.13945149978707613,0.14746300536833995,0.1302482805375047,0.1223020668142495,0.11512056258574065,0.11352671403391094,0.12089124311620252,0.15476938536952986,0.17940226903007894,0.12378549334355538,0.11330121681334931,0.12393605109149561,0.1362678593769146,0.14074390568194003,0.21460031904152421,0.35282978202527049,0.12900839567896058,0.11481112495665141,0.13754944180326178,0.12575479874777301,0.13749399401348364,0.16074437270456571,0.26599228092131799,0.81201650750421006,0.13806526930377244,0.14719172526820354,0,0.201634398744024
0.1397376488028288,0.25329039323746316,0.15858237015467222,0.2040038726296575,0.16837114541848097,0.28817565296629849,0.19054046406782721,0.27522265650787786,0,0.16123095096512088,0.16911104582774475,0.14923036116389857,0.15904984046891493,0.13785112206877775,0.12825008497871199,0.11974243265391166,0.1178820722996388,0.12663802783417985,0.16900826402377209,0.20200585843283014,0.12993549114396566,0.1175748394699178,0.13015645091994321,0.14524446813496711,0.15083133222723527,0.25187757454055021,0.50158482167844731,0.13647954040470026,0.11963474779567666,0.14684127445453649,0.13241235411624305,0.14675444797192885,0.17617171509157259,0.33392760135367594,0.99999999999999789,0.14796807487193478,0.15941232218306856,0,0.23261886366759293
0.14877110694406229,0.31169241674666559,0.17361668081745316,0.2354378540780149,0.18539743348047696,0.37095299057221032,0.21620851559969001,0.34581642021532766,0.999999999999997,0.1770439700452906,0.18616140717444207,0.16095081860298868,0.17342145720801203,0.14714689403973952,0.13476845234907903,0.12531543989752839,0.1228470318099857,0.13290891383269293,0.18704972577912182,0.23299671252938609,0.13736154882646084,0.122322582170748,0.13679477844934695,0.15550760062509547,0.16245980401151258,0.30952781466615931,0.92476855430575,0.14505609413712914,0.1247266825056632,0.15844697465522561,0.14046090360863855,0.15808134379936511,0.1970310790794797,0.46070137832224511,0,0.1588767815277301,0.17452783742878158,0,0.27954207182648505
0.15544022151929562,0.41656285862369846,0.19377758945807511,0.28346682663636075,0.20964445514156194,0.54328795797447804,0.25397620345920324,0.48702508601298877,0.99999999999999667,0.1981836537352881,0.21093657375124381,0.17655796541166971,0.19317581741289883,0.15884174183064192,0.14369884684523362,0.13186382578391098,0.12904377120428556,0.14137338879022535,0.21184875182733853,0.27989550591605861,0.14650275045130082,0.12828149902814312,0.14600919360199396,0.16988382361466259,0.17865246837084431,0.4117452058418421,0.99999999999999623,0.15552769006906264,0.13005189937905856,0.17333100869465159,0.15044128266036616,0.17290225105597753,0.22586820790581863,0.78495523223168218,0,0.17429769567988426,0.19498540310531459,0,0.35751489483180315
0.16871949931945224,0.65091679984075901,0.22139830757357132,0.36123057043024592,0.23826413063613405,0.880169491228461,0.30650348893325169,0.78337176564308442,0.99999999999999512,0.22764656043282164,0.24272629267918786,0.19606915143319562,0.2201648342706789,0.17301910969400455,0.15383629389653261,0.13903331842372615,0.13631093394765184,0.151472390749846,0.2443662699429057,0.35792400915104194,0.15811453435067493,0.13550213588083568,0.15675745906164634,0.18893999584631241,0.1993352985947891,0.62590713651508501,0.99999999999999523,0.16982539023188473,0.13640327875864164,0.19302911565123285,0.16275940434208322,0.19246163972150737,0.26800841640873613,0.99999999999999734,0,0.19385778347590063,0.22317502109606546,0,0.47389800839986035
0.18818591186127534,0.99999999999999711,0.2623630942238484,0.508233435156213,0.28255285039789124,0.99999999999999534,0.40715188510825839,0.99999999999999611,0.99999999999999634,0.27140484254271696,0.2957376475386827,0.22291414464575951,0.25759450332700795,0.19246215208141956,0.16769316901017711,0.14872667679478438,0.14538120135355509,0.16452559569179853,0.29830822374543825,0.5131211649902182,0.17299517159021718,0.14453663361599869,0.17156717161915463,0.21030653885645259,0.22291936917203425,0.99999999999999556,0.99999999999999611,0.18916836709565776,0.14608156364120065,0.21912299162929708,0.17895776380828041,0.21902915225912437,0.33705730358087743,0,0,0.22199282509398427,0.26522278408249056,0,0.76303461704811704
0.21387507367638853,0,0.32813008827193579,0.94442696617704869,0.36371730165275362,0,0.63129492375659169,0,0,0.34281063091266811,0.38684428750268535,0.26460906258886452,0.3174136983504342,0.21940734645283888,0.18597176366167853,0.16082236224966853,0.1566615705628199,0.18158643620680612,0.39148136609674694,0.96852241779141734,0.19276406946082808,0.15563792840675023,0.19095137621223612,0.24651615360617452,0.26558933915190197,0,0,0.21555588940145945,0.15814440835403376,0.25835699450150917,0.20066280312159226,0.25831994959398186,0.46750337490295579,0,0,0.26350693305661615,0.33325380377395236,0,0.99999999999999711
0.24992930632361507,0.99999999999999734,0.44994385328278391,0.99999999999999811,0.52589442300666123,0,0.99999999999999822,0,0,0.47931936502705647,0.58029875661905972,0.33113601222164141,0.42610140560188192,0.25875220261393739,0.2106432275572693,0.17633245802742178,0.17101448226119637,0.20448558162517474,0.59141415543503795,0.99999999999999756,0.21991453114216666,0.16989908263944617,0.21750471642011907,0.30190116868007255,0.33317741313590354,0,0,0.25355851728075296,0.17334115122487861,0.32072241439912547,0.23110769562290567,0.32071601650888176,0.80662723275665715,0,0,0.33011855825478564,0.46077837480657252,0,0
0.10931573187098707,0.12850863287277042,0.21855340613052196,0.22665245700992886,0.1545498903858443,0.17777746348608381,0.18748756039719863,0.1893596468423393,0.19282850434963036,0.23082368879666584,0.23198863463492314,0.14826238412180656,0.29868964985075025,0.23079586889122924,0.17412828990129667,0.15701148973526843,0.14968273245880054,0.17111359861209818,0.22249059657500941,0.30917365404189934,0.18515328864429315,0.13535909899437776,0.14402521767620188,0.14972539909838717,0.14351069047488624,0.14043077931481671,0.16535374149539125,0.1324444600813301,0.12132998463078848,0.27469446229384753,0.20557193605127613,0.24779978836098482,0.29944380474369575,0.40697553292130084,0.62060393424930071,0.24211092763852016,0.23255831329075499,0.34270490187705444,0.18126737164683027
0.109966893870294,0.12428143917804757,0.13935904318958603,0.12305717668454524,0.12788856269321336,0.14267338340659291,0.12719338616867848,0.15121898193192523,0.15443242163356954,0.15787534177779741,0.1450955146048559,0.14447784259909516,0.15431736553684966,0.13838155215621548,0.12298143977780018,0.114272171836859,0.11003846959445558,0.11668884714241566,0.13794840279710313,0.16151414316060675,0.20678338620686598,0.13790382719963132,0.14973375719485574,0.16319885013484481,0.15016245442646969,0.13682917877540676,0.14631112256578566,0.1253153254211565,0.12100260203947366,0.18350389558827518,0.13984434001216342,0.14835386481047125,0.16161475815248416,0.17848758741798607,0.20281762246331356,0.15008612810063554,0.13941409117446596,0.15846033400701659,0.11679527909680157
0.10878838957837302,0.13010108125185152,0.14369844499914666,0.10897504388523535,0.12772722294514868,0.1467082072269616,0.12969492447272304,0.15394599949807319,0.16812687350228664,0.11759588795411546,0.13978206922667094,0.1368637864141202,0.12455856745425768,0.14204014191697234,0.11099559045086668,0.15273635439135363,0.15186272917606292,0.13069377617866418,0.1101829646455178,0.11965505751746396,0.12949003884932386,0.12343072795277096,0.13315222643411073,0.1491532613147869,0.14246466640644806,0.14202532770921864,0.15507413500585482,0.12971121414827225,0.12633752877987378,0.11231360444320074,0.1092833467674558,0.11592103594420504,0.12520989864343043,0.13210410008335249,0.14228329836498099,0.13022806399077796,0.13815298256736727,0.15937183228311655,0.11140925533472648
0.11018637404677428,0.13386893468311775,0.13573600020954299,0.10729719075370722,0.13390709437751824,0.15410912452855072,0.13646045490913788,0.16056257557331957,0.1756097545149862,0.12546167090029969,0.14782928062686643,0.1448641111694228,0.11135603623059011,0.12677106486418585,0.10751631434644614,0.13836637449571915,0.13917662967010977,0.11749985547939062,0.11688368917517603,0.12837924568069337,0.13823580903887253,0.13043493670381862,0.14054557617359276,0.15803708165067801,0.14998224983502337,0.14777354437250736,0.16151105732146584,0.13272063048125213,0.12881082708708419,0.1186781294024097,0.11056527287730078,0.12325368378353663,0.13377957852660988,0.14325874313294309,0.15524678731125888,0.13795669902236377,0.1265742984980183,0.12389959153726049,0.10958596152627674
0.11013384330771062,0.13365142897319948,0.14238613914413958,0.11118067915278144,0.13769405972106299,0.16040959168616323,0.14118045250654046,0.1657489300964983,0.18728522552367677,0.12758823360069174,0.15252742721562848,0.14943402554842064,0.11061947981870188,0.1115304401186402,0.11001718189189748,0.12817445121259383,0.13078864125132847,0.1113277938595382,0.11840271708563027,0.13068338559650161,0.14206018245170438,0.13158255389509957,0.14460188840272839,0.16674584074658219,0.15684175033629794,0.15301109874154201,0.16637601925751597,0.13408836669233307,0.13142388932087448,0.12293369416310582,0.11313658546674987,0.12585012589448988,0.13746430243831437,0.14581884668808848,0.15779052264976723,0.14106463342193054,0.13236465152897922,0.13129718110803607,0.11314880639595024
0.11501093118311838,0.14307143763136698,0.14873805255940387,0.11160158909951658,0.14748681000877698,0.17447487359614866,0.15023600131224427,0.17804192461259805,0.20683570424359082,0.13188190563319543,0.16219693813379277,0.16282793840966206,0.10834290600736675,0.10951668133116355,0.11020262482654393,0.11924193223515298,0.11944473341553288,0.10799893114550402,0.12328995718762678,0.13713671491485455,0.15335655555689889,0.1404955156877096,0.15701807506783763,0.18547386265539198,0.17252367132293162,0.16694458332688686,0.18227808790980851,0.14284790168249961,0.14013892594207811,0.11761329807111807,0.11230635266431832,0.12681383958751988,0.14155854606485721,0.15463154440321891,0.16934753192219576,0.1464699224568054,0.13635436769478634,0.13638229308040681,0.11345571057387009
0.11957507665847156,0.15364645540952998,0.16177627866684222,0.1170889278924226,0.15894394599355929,0.19501288029953734,0.16295298086537802,0.20013253091964728,0.24090705176904728,0.1399216997973742,0.17880651714308402,0.17859118609488342,0.11167651506894363,0.11082471588553391,0.11531204671761582,0.10929624043592691,0.10908512367775378,0.11216666772466898,0.12886395486903865,0.14611584210769432,0.1660277854612095,0.150108707919199,0.17050670805700816,0.20774724084584575,0.19123456365819244,0.18463227929640427,0.20565457329259532,0.15371392713515591,0.15037456768681939,0.12134620946251286,0.11568897445460913,0.13255054281331347,0.15114963319118777,0.16841482007349068,0.18812232889467159,0.15877675776689976,0.14637104761249486,0.14636650748589042,0.11871743878877886
0.12368257000678685,0.16549684625297587,0.164396757621557,0.11236867021314147,0.17328489827650936,0.22159185862257658,0.17825571510538982,0.2269765247973215,0.29172846545878217,0.13681244094076475,0.1884972622221312,0.19944595860252767,0.1116223574831687,0.11013193239319793,0.11129427362631485,0.12862368648611372,0.13288345364568302,0.11167850120624591,0.12621306260020013,0.12488444177126354,0.18336438198894581,0.16279514488230948,0.18874574093005345,0.24209703175632477,0.21699857325048838,0.20898791544758219,0.23555081405179504,0.16456173672477878,0.1621966297207881,0.11341101371644056,0.1084738139458086,0.1204335023906395,0.1227319005581449,0.15069482885603877,0.18065967708164779,0.1581262392481407,0.1484497785451882,0.14770606192726543,0.11584076933654948
0.13027818087508961,0.18287632981315552,0.16591327389332672,0.10729721567371429,0.19325193443723918,0.26257537277908088,0.1991574599104087,0.26893790284761127,0.35210350804258567,0.12690897629080511,0.18421923192100606,0.22896077034755985,0.14986645597304155,0.14795305606408873,0.11116579648506926,0.15981183320133235,0.16254604318871427,0.14715976871305672,0.12291410125992318,0.11665687716557181,0.20639467607084366,0.17804482095507798,0.21422630703040896,0.29479191100861851,0.2556206549249595,0.24103299957974042,0.2799922081517926,0.18200540840146054,0.17876690259693459,0.1085421346704922,0.13328950576589443,0.10936913127503277,0.11366164365080042,0.13254257113247186,0.14443160249249626,0.13643366869976975,0.14085208918757705,0.13460329636303039,0.11537831620297456
0.13812977365947346,0.20623638028436103,0.18451253889513958,0.11360382800406139,0.22107361919859317,0.32858762833729876,0.22942287461981375,0.33934020497149309,0.50160598023580849,0.13681639355657202,0.20985604224579169,0.27386312875695945,0.13551743640456149,0.13247640562579896,0.10993967286861218,0.14556635226842193,0.14972756520177982,0.13285961673049884,0.13117660333420697,0.12428787536561756,0.23957067063335799,0.19983507245881971,0.25139482114021577,0.38582535706301974,0.31670754336948231,0.29315299705213105,0.35882358820714289,0.20525635168354897,0.20095327539906382,0.1111230767441572,0.11587415484990707,0.11616552260710714,0.12059184746039139,0.14316387355860938,0.15744444730381094,0.14728639526808304,0.15218751343056533,0.14464425959259017,0.12131991725409025
0.14831543347937021,0.24037672990956843,0.20884208544092364,0.1181598431542335,0.26231621414259776,0.45179715317417668,0.27517917052649615,0.47405319636339666,0.92682888211175074,0.14607010294413125,0.24533851725225914,0.34824544621800263,0.11680720192994165,0.11376547493048905,0.11391156347462338,0.12701546077120401,0.13131345532080857,0.11456236432549538,0.13987362406472778,0.13114929617676874,0.29102540657074177,0.23084268868412444,0.31018816425444257,0.57979174217088769,0.42793333316242194,0.38296142595545035,0.51641046523059364,0.23860056461247539,0.23230195669312376,0.11507923497529569,0.10993138790504249,0.12099350498281561,0.12619378964333572,0.15457266110641799,0.17292187193605521,0.15972366254298118,0.16581303917275053,0.15622159333569768,0.12760011432180493
0.13405694435089235,0.23138189265983067,0.24319645121018627,0.12328294130152556,0.30349054935485481,0.73643129558753706,0.34927582893834513,0.83005583370538594,0.99999999999999534,0.15748884272426711,0.29927483782740782,0.37203650764947688,0.10976777133387944,0.11032932572374954,0.11824992101388622,0.1083980038839516,0.11262842496773684,0.11013198115024239,0.14936404372710235,0.13850719348810944,0.33925646509702145,0.27327150300619496,0.34997527132491441,0.53398411712434324,0.46419537883253076,0.49929091777547785,0.81935858518929228,0.25102183127558064,0.27063438930535433,0.11970351643874477,0.11368828344546145,0.12669966547186454,0.13302196348196954,0.16803679780571976,0.19247444725039328,0.17506177586060642,0.18321391035932144,0.17062926972950146,0.13457298110932428
0.13283761566018995,0.22489811877889734,0.24795157313937577,0.12089851979949828,0.24602736372563666,0.61833742263863223,0.35884223369263729,0.93328900821146366,0.99999999999999378,0.15892141121523293,0.24033442854602399,0.22837018751366411,0.10906935671634946,0.10717523841201455,0.11189899593210903,0.10717180885011621,0.10596996088111668,0.10613132586297665,0.14429445774154215,0.13869265517556262,0.17988652972651367,0.18368452115229678,0.20214151019345197,0.22337809521779747,0.23288461317001158,0.34305286025992443,0.79765367242396923,0.260023959453686,0.28577065420277276,0.12484602602328847,0.11623727080442606,0.12771665358911802,0.13686790016059275,0.1386322806604372,0.12968789669461644,0.13332976292356655,0.18076367813060668,0.18587795676724506,0.1357729097676097
0.13207761583802025,0.20859678012800148,0.1506945365400407,0.10508919384738204,0.13061798668436894,0.19022021486963361,0.12565810742410635,0.21124044691203547,0.34265014222329487,0.12125315007760858,0.12532290033585516,0.13410245866387188,0.15171008872151606,0.17425852340264256,0.1572378169990957,0.18333101557147663,0.18941381988627601,0.18445466837036845,0.10775956780097475,0.11367043994071428,0.12337635448393823,0.12752998631433674,0.13071364895602491,0.14247234955438062,0.14422762615235765,0.20577949898709058,0.34201345149323681,0.21216426299348626,0.21034898980440364,0.12090603383737372,0.12188421204550269,0.10775229662130012,0.11756262465754812,0.11206877053808514,0.10864128566557431,0.10601668317813845,0.13650351631308519,0.18092592056623541,0.12429108507546037
0.14750668039733572,0.17029981060979746,0.13833693027054425,0.18361079703006514,0.17230170351908769,0.15337775470554924,0.16853083288679427,0.1473876279729541,0.12041176277870665,0.11732307660975672,0.16475262769823529,0.16794564346974561,0.18205222436230309,0.19823764960048429,0.19191409872788731,0.2065414985900437,0.21082206531478626,0.20951922405234449,0.17188814083407786,0.14946036212437461,0.13807310024277614,0.12810625226243694,0.15060209244974371,0.15764357009206567,0.16849185558339849,0.17641331884025432,0.14166380589526545,0.11027083214200832,0.12842047925030337,0.11530339424451502,0.1613238794338881,0.15252577824400373,0.14567321332122338,0.1627446245417479,0.17466153244038307,0.17378047591919973,0.14343430558749495,0.12515725162002841,0.16519465848142054
0.17962507333164407,0.18770832712519783,0.1897163180326297,0.19245173400476742,0.18192238932741986,0.17431350685347477,0.17929761501307112,0.17402994347227252,0.16600120605912314,0.1630674633482751,0.18333977417821054,0.17867799643317556,0.17347545554024946,0.19017073130501144,0.19764727350817826,0.20396707063587283,0.20995206123328369,0.2094950333660171,0.18932917754847245,0.17611072939358599,0.1584234446348593,0.14153661493468561,0.16522552461258208,0.17157874871960485,0.17874250918066911,0.18871011989605752,0.17532167190148334,0.15979962221291091,0.14117972412851323,0.12135043551913605,0.15068534535035194,0.15243259888608388,0.16931717885514455,0.17766264533973936,0.18317446765020581,0.18972758117709038,0.18288114467020847,0.16038578857356162,0.18507288449995751
0.1712623100854069,0.17824570295518433,0.17800703614534322,0.18103965447937512,0.1703030460878823,0.16192098624480225,0.16662975713213274,0.1610916567514368,0.15228430041589566,0.1498934670293556,0.17193391553997375,0.16618556964336931,0.15661871371319305,0.17537334163269075,0.18789889278680885,0.19173269294744846,0.19915737003971193,0.20085830957093606,0.17922622250226042,0.16468973390741951,0.14388354798386033,0.12600740791414017,0.15161027763645626,0.15934261725635246,0.16659970954842176,0.17727536668804261,0.16313933026752464,0.14631927785901594,0.12513668094173258,0.12715024566138344,0.13233490706754891,0.1349936028482942,0.15516824461903117,0.16596749500411589,0.17121344700661303,0.17948309641283486,0.16983538738419771,0.14532444370768843,0.17346233038291484
0.15578066181947514,0.1626019699348864,0.1620815501733974,0.16492703351693508,0.15315144048921586,0.14416485180594638,0.14914141712127876,0.14327597435442083,0.1340040834969598,0.13145758294626633,0.15492897554758092,0.14868919224835539,0.13846209642279442,0.15864047906211987,0.17263854867373815,0.1769991159332848,0.18556947655508194,0.18755841981017404,0.16290973399467604,0.14706878973284687,0.12532698082069532,0.10813445860739167,0.13331636441924929,0.14148683622235503,0.14929476530705232,0.16140099556551926,0.14572950783120309,0.12842134947170217,0.10703903495189082,0.13409115615213951,0.11361761608103021,0.11627095711658958,0.13694955367406128,0.14843219034097857,0.15426308224856936,0.16321392828934966,0.15317037544165291,0.12726862642832995,0.15705641469695455
0.13749476838382393,0.14450897715665742,0.14446822009982732,0.14725539144408112,0.13458619334729943,0.12509708704002176,0.13053587454061705,0.12428208694250426,0.11513187907784597,0.11277629184962487,0.1363693184817911,0.130112547560711,0.11969815032890523,0.14057437147177196,0.15553616750808885,0.16041531901902523,0.16993981856159432,0.17204940084808032,0.14507641242126704,0.12843954535797625,0.10825165109857775,0.11136646879457283,0.11443408395642113,0.12214070661119603,0.13030331156422861,0.14303194564149566,0.12680634385162817,0.11009252644742218,0.10953958112045355,0.14250376538835716,0.11031805787078622,0.10979214681386741,0.11824851801508501,0.12965741772426112,0.13560963687122324,0.1449967672309356,0.135206987194742,0.10873278535401161,0.13850608231103409
0.11766177866992837,0.12424694208557915,0.12533013740902427,0.12767184605313278,0.11395804678529474,0.10531723959639309,0.11036948369798295,0.10539676312223929,0.1072404728999261,0.10973388822369369,0.1162114894514142,0.10997881362228928,0.10908650532591825,0.12185427005849812,0.13562932038316294,0.14240694567490333,0.15231124026343348,0.15371305932050736,0.12451283627657797,0.10786758006397661,0.11050674299169659,0.11422943331891823,0.10835152996308821,0.10573505924084099,0.11055278084841318,0.12386290173374892,0.10707761446638447,0.10804860965213985,0.11245469032202468,0.15296384705636187,0.11410611182326458,0.11315942511487075,0.1092791273279612,0.10938891456192518,0.11619886506679249,0.125295317645991,0.11647951849786022,0.10833473915326289,0.11904370852151934
0.1069509955593729,0.10620641620197956,0.10753401023748417,0.10913816328147413,0.10755321307670429,0.10868424289840968,0.10882197356621731,0.1087730870908354,0.11092833690705679,0.11347363764870207,0.10724812641894746,0.10904801986974054,0.11269794651451429,0.10873770153202696,0.11721303941515061,0.12378663172366262,0.133980526020406,0.13572998615871698,0.10673547090109399,0.10889389632419946,0.11450762317659734,0.11882325768039617,0.11207034348887407,0.10918883416673261,0.10805190062419552,0.10620200553492487,0.10836566655685809,0.11176377660396986,0.11687439739210029,0.16623864636097516,0.11856235668829229,0.11744135329948734,0.11291389290022104,0.10858746216376973,0.1068959013961595,0.10756679478861161,0.10667435598708662,0.11208988504128074,0.10628748466359191
0.11059186508723225,0.1089807386213944,0.10861820613703208,0.10980563730000764,0.111316455563232,0.11263174327721666,0.11268560194237624,0.11271931142320961,0.11523098111432908,0.11799887340652952,0.11085853559171621,0.11308401262460725,0.11696002050871263,0.11232111802018878,0.10757384089030569,0.10841942832852444,0.11533219681567193,0.11740121110617875,0.10948169387533742,0.11271647811371319,0.11915746691922345,0.12444020804444864,0.11656794726469946,0.11322698619560427,0.11192396371338073,0.10865979610070783,0.11225998997313202,0.11622004855059234,0.12223253205281956,0.18356399210347721,0.12383507874750521,0.12249627172237156,0.11717592063119663,0.11233758129268749,0.11044837117342134,0.10842136718425288,0.11030985461151618,0.11661859510501821,0.10979434769306803
0.11479305205584707,0.11293962168410548,0.11245918778220834,0.11355313951284261,0.115615868295912,0.11719548181347514,0.11725317210705896,0.11729993311944643,0.12023883292173973,0.12333090735567354,0.1151434628367092,0.11759828186820866,0.12182908647087265,0.1164872826891343,0.11110284700436858,0.11199881356490028,0.10948416198753044,0.10809131166203742,0.11355875887145969,0.11725547098253546,0.12487150016993487,0.13118620554513644,0.12173248643659547,0.11790887428114112,0.11630323067268722,0.11253803569676492,0.11677510112490258,0.12145970375690311,0.12860681617317432,0.20696726233640983,0.13009995181564971,0.12849365210134578,0.12219636763705825,0.1168659402843053,0.11468403090445611,0.1123044553918925,0.11443017094637696,0.12185144656403804,0.11388234250886255
0.11957585011790391,0.11739127266604529,0.11689668758686628,0.11803169348689352,0.12048189125769566,0.12253733920653341,0.12240768055423723,0.12270721130301718,0.12619471510622421,0.12956247424070252,0.12001572094431084,0.12267250295469104,0.12772029829748188,0.12137642121432476,0.11530378508066491,0.11615192649238752,0.11329431247724506,0.11177563864659497,0.11799924084546597,0.12254349693019012,0.13136631359158985,0.13905972452774193,0.12777086812071076,0.1234293346510824,0.12143898564690264,0.1170490108253761,0.1220460895223949,0.12763510607665512,0.13628195395724382,0.24028254005183067,0.13768198897467002,0.13598688545538606,0.12832137178363373,0.12211394492873416,0.11959124081443955,0.11679506441926515,0.11924591173375902,0.1280696930168044,0.1185941398942425
0.12540098938117078,0.12284862212070065,0.12215149673863217,0.12321914712359165,0.12647591865908769,0.12896604860115529,0.12858641428965401,0.12911953598276915,0.13332695585066823,0.13709017732651055,0.12590823761161984,0.12887035690273335,0.13480285368607212,0.12716841500575174,0.12015840687941097,0.12094873831188592,0.11752178769857465,0.11591472802445155,0.12348362607593787,0.1289546101876059,0.13933069887577174,0.14881926322859129,0.13498362832775107,0.13001688786074952,0.12752682353312361,0.12241842281154605,0.12836906258743006,0.13512693301747078,0.14570922016348695,0.29119872817533982,0.14697364369326213,0.14497037931424653,0.13563492660429702,0.12842661853363097,0.12540524777709636,0.12209506934769444,0.12499429921183411,0.13559109784553353,0.12417564635471144
0.13221047045580731,0.12929249789896824,0.12870261539748279,0.13010715691887093,0.13384113631155567,0.13681031715355135,0.13639181669527775,0.13696437526852276,0.14213524196907243,0.14682969780173241,0.13315411857395629,0.13681205195996951,0.14341025458250323,0.13415318975055679,0.12647200704018619,0.12677638215635012,0.12295431290652853,0.12125811180584516,0.13019454505020808,0.13636745771387071,0.14987061165408475,0.1617348876002884,0.14441906415796876,0.13809748876370306,0.13513389985621674,0.12884338085133046,0.13604810392165589,0.14428030905672334,0.15751918724785255,0.37144640734688245,0.15842335492121679,0.15599652712053549,0.14446082352288822,0.13626564119793408,0.13260510034852285,0.1285989017301733,0.13205374813634452,0.14497570415510327,0.13104893859487937
0.14035568021954564,0.13673248827983747,0.13635203033511964,0.13518275089476334,0.14139287613412913,0.14621038861347846,0.14384098427248396,0.14649363400767454,0.1529629575485251,0.14404128624331125,0.13988074773970094,0.14363429503935027,0.13125456231328239,0.12610725730309841,0.1267820163318033,0.12159306342481387,0.11896591846859654,0.11968647827042629,0.13128027823372448,0.13338514942676141,0.14966599789398086,0.16071229321402788,0.14880114165793287,0.14503318826462366,0.14156112391381034,0.13640354495922882,0.14537657729146874,0.15577082202184575,0.17271256136105903,0.18207541614154324,0.13453341424957221,0.13831333607066928,0.13556774882717637,0.13585947496183898,0.13372667306277802,0.13188276058163981,0.14021545115607939,0.156559599841293,0.13923347651202891
0.15090788190554238,0.14642862152119296,0.14565274171156581,0.14480734126840097,0.15238658012030082,0.15817401689517566,0.15558480045444387,0.15847678479976274,0.16664637392215453,0.15726549160369632,0.15053920910698546,0.15536909096358872,0.14178934435861709,0.13491008199883603,0.13534131564320964,0.12953777452820447,0.12690998599594616,0.12696285746508693,0.14065933333248556,0.14331831596682093,0.15882971246394695,0.17579783630711387,0.1614630378778045,0.1568520332388261,0.15250529229118112,0.14587600789526073,0.15708692642233857,0.17038974797630876,0.19277268519563903,0.20791481610213305,0.14605220971346616,0.15069182707418319,0.14731236627598898,0.14612222738733777,0.14310756788175191,0.14066259773273851,0.15060307683029117,0.17137862188920536,0.14923162440767218
0.1640085921691764,0.15822147846861873,0.1575563683226027,0.15640840553168059,0.16596458636122252,0.17350876893417697,0.16997166354020907,0.17390164912110528,0.18464915227249215,0.17214877263477701,0.16366375478524453,0.16987246887434931,0.15207190133196657,0.14355819875077616,0.1446304200438556,0.13704762652779753,0.13405494410023994,0.13437213820668134,0.15115835428092575,0.15455942746919227,0.17493896566704717,0.19717967399245936,0.17786835026093967,0.17181797407139451,0.16619656663402455,0.15772011641441494,0.17203126012753311,0.18965500512658762,0.2205341533826139,0.23840444440444958,0.15687504679150466,0.1620410149554988,0.15913466608306925,0.15816794749528398,0.15428692182444806,0.15129885304752733,0.16380808072075068,0.19103699527429538,0.16210087133844478
0.18109925144226671,0.17359128278108851,0.17254399475005486,0.17115472217001221,0.18373895147370414,0.19386903172287515,0.1889579229229981,0.19438142057561292,0.20911094044418108,0.19171969379686749,0.18057452418842299,0.18915116617737315,0.16491601867661068,0.1540073467418675,0.15614835245063005,0.14608861647082866,0.1426947119449288,0.14322204956541426,0.16437692691165012,0.16877943999093778,0.19584918992118905,0.22673522498799314,0.2000394944139762,0.19172000605255798,0.18433398557604339,0.17296962086928844,0.19189789696294285,0.21611136459020025,0.26123286492548492,0.2819780120581194,0.1700030653079071,0.17624062494481382,0.17388196238831918,0.17350339265880621,0.16859646888658397,0.16456346727168833,0.18087909219990375,0.2180953771513616,0.17868465648952669
0.20425760356611899,0.19411207038394668,0.19254182205993758,0.19022479039765752,0.20782397508089998,0.22213807792639034,0.2151016170029591,0.22282195859591061,0.24418581236119949,0.21815438131686057,0.20339505391644191,0.21504610306723473,0.18178761788573683,0.1675600558391675,0.17005905180477002,0.15744558542273776,0.1529432929805227,0.15363293584167967,0.18113978065126515,0.18656708977760267,0.22428419286181861,0.26994465917450583,0.23033409560730755,0.21893236772045033,0.20845125793747182,0.19317270163528835,0.21934961750495496,0.25462734745994142,0.32649162015483463,0.3613746043105095,0.18848325271787231,0.1963547114803918,0.19328411105133156,0.1930124484732966,0.18671753617244841,0.18161506576975611,0.203923556110919,0.25758859016111618,0.20085329311468095
0.23661171664912936,0.22202424084923528,0.22001527231676213,0.21609125520451319,0.24199025163394425,0.263588579666794,0.25263809088637917,0.26462704534117887,0.2980492089397721,0.25713240012027849,0.2354460821852225,0.25225695958057037,0.20472487343669885,0.18540804059544366,0.18874016258933762,0.17198204738074641,0.16609108282702306,0.1673215539801762,0.20400233501774329,0.21173063953628962,0.2658277483181104,0.34052613378346847,0.27567963660386696,0.2587301433484947,0.24272318056848663,0.22089752602519824,0.25923852878735909,0.31521514465775885,0.44720275862512221,0.52117385640392833,0.21383721263879935,0.22519351285437891,0.22088146435118955,0.22083141392122002,0.21200691614808981,0.20485862517618206,0.23637355286066983,0.32014628720536925,0.23191505154509043
0.28590628696083847,0.26361352841468533,0.26025697981425333,0.25422845401746674,0.2948690715978457,0.33062361538796603,0.31185505232403982,0.33227614838023112,0.39205944992319608,0.31891764672276063,0.28424445210444482,0.31150029255241235,0.23713553099622872,0.20958133120696756,0.2148797627165,0.19129233410968285,0.18374572137924233,0.18543867148506776,0.23651224877930604,0.24796023802623918,0.33415076694946738,0.47586242536664436,0.35133146904454082,0.32237686506137975,0.29607968061258011,0.26195892327443243,0.32329184273715894,0.42483722405844648,0.74583078875481457,0.99999999999999312,0.25048770989671859,0.26788882119640506,0.26111963302093222,0.26162099156657809,0.24847364668617986,0.23793238980611911,0.28570668975386926,0.43451567217767217,0.27858336255323174
0.36922741126947645,0.33033426918329228,0.32486731165803823,0.31441196123077852,0.38576842687722041,0.45573685770095285,0.4179504535144859,0.45917994831818149,0.59455720927758315,0.43107104566952614,0.36637904664237281,0.4169995452111423,0.28635030192394595,0.24428212613556616,0.25254228352875707,0.21786264658032906,0.20742948341913153,0.21005195348085254,0.28569282864134049,0.30424707988779004,0.46219800474325667,0.83482675273778206,0.49914773917225275,0.43917158278887092,0.38810512117479512,0.32757788192172205,0.4407297238019236,0.68117238021957927,0.99999999999999478,0,0.30783521651755674,0.33709045582107516,0.32534299246736748,0.32693053181980658,0.30514935811295979,0.28823295474111521,0.36931712461708888,0.70859100626285343,0.35659274390790091
0.53908753577274549,0.454592134247367,0.44383986785239787,0.42213174524371755,0.57885150960540077,0.77193216344830939,0.66094526135555187,0.78245456245402023,0.99999999999999545,0.696793416246414,0.53283487955551345,0.65810108505909948,0.36922034535699055,0.29747940159756397,0.3115557159252948,0.2564167303340032,0.2412945804280241,0.24522039332695322,0.36884393200928278,0.40326455804164008,0.78995678184841067,0.99999999999999745,0.91631574501615731,0.72222591625907151,0.58456654740910008,0.44944312751581655,0.72628615670472652,0.99999999999999489,0,0,0.40938125091044347,0.46818432531240295,0.44363068093870206,0.44780627601252893,0.40517587808046501,0.37368956554414473,0.5399902702074536,0.99999999999999523,0.51105689641509866
0.99999999999999645,0.76733470095925316,0.73468506461390792,0.67137822247582746,0.99999999999999578,0.99999999999999456,0.99999999999999678,0.999999999999995,0,0.99999999999999756,0.99999999999999656,0.99999999999999711,0.53856841771850039,0.39009931065307341,0.4167058381880499,0.31726539937306258,0.29267870779255234,0.29917630317800631,0.53807023477679061,0.62234583460905457,0.99999999999999745,0,0.999999999999997,0.99999999999999434,0.99999999999999611,0.75213359248840661,0.999999999999995,0,0,0,0.63852481869786515,0.80920501851112137,0.73235745997731294,0.74655676370165158,0.62781248675504331,0.55008771621492347,0.99999999999999545,0,0.96220827963294198
0.68647540023853071,0.68951842260682994,0.99999999999999512,0.53025826760603478,0.47915218626389139,0.74141263699634374,0.28428902230248626,0.63003356603077487,0.99999999999999456,0.41573894156280922,0.4109749946288917,0.99999999999999556,0.32979938280816284,0.2422069630445069,0.26603018634536224,0.20370561188776343,0.1853334526095195,0.19050578002450436,0.22907047595139393,0.2807977869092696,0.71680618869011703,0.43993360035085399,0.66253996672571314,0.99999999999999334,0.999999999999995,0.999999999999995,0.83908943011244708,0.28125615026110268,0.18308160792591799,0.99999999999999456,0.46448220151640301,0.49349873875802319,0.41128911007298447,0.33340434010556919,0.34076293012920178,0.32411109637612245,0.99999999999999456,0.99999999999999456,0.999999999999995
0.999999999999997,0.99999999999999645,0,0.99999999999999778,0.5895228851922244,0.70886761693542621,0.32869179983813496,0.66294791756154392,0.56427475935546578,0.33606460459255394,0.51474796063677397,0.99999999999999689,0.38764052033011998,0.27171121655143982,0.32831701016324055,0.22220880226126496,0.20196910328856943,0.20933732067039354,0.21378979523307312,0.27528964726967897,0.99999999999999756,0.47717329223501231,0.96723992809562365,0.99999999999999412,0.99999999999999589,0.99999999999999478,0.84491058042894696,0.35691802156832397,0.20806650712427974,0.99999999999999478,0.52795586497251445,0.52558114564330016,0.44284497983090632,0.35386253040890603,0.39235661365870944,0.40902860203711894,0,0,0
0,0,0,0,0.999999999999997,0.99999999999999578,0.45127063376458565,0.999999999999996,0.99999999999999623,0.46772608923890807,0.97569034276948863,0,0.57790091042519032,0.34131800428795767,0.44999792157207752,0.26296799711581181,0.23356941759619654,0.24468449656304,0.25250842187040046,0.35182504888047572,0,0.8396325455888497,0.99999999999999722,0,0,0,0.999999999999996,0.51174357579165974,0.24245953434112238,0,0.99999999999999456,0.99999999999999778,0.73067046768649579,0.50585145776552243,0.59585977415086866,0.63824855853263152,0,0,0
0.58803110739195297,0.99999999999999567,0.99999999999999634,0.999999999999998,0.99999999999999722,0,0.74606140603195503,0,0,0.80701228574561135,0.99999999999999767,0.99999999999999756,0.99999999999999722,0.47695816523210965,0.71790939665737674,0.32825347984664699,0.2804602174301099,0.29837450920054753,0.3112270007260528,0.49965482335527828,0.99999999999999778,0.999999999999998,0.99999999999999722,0.99999999999999423,0.99999999999999589,0.99999999999999534,0.99999999999999589,0.74322148681799738,0.29146776242246919,0.99999999999999556,0,0.99999999999999778,0.99999999999999833,0.940957740611574,0.99999999999999634,0.99999999999999656,0.99999999999999578,0.999999999999995,0.71589397990130876
0.11347625934896678,0.12110288371396738,0.21271714238666103,0.17030950500255151,0.1315441766714717,0.13923848463958186,0.13577917482989882,0.14073096646103747,0.1480400003712416,0.1515425410249768,0.1580745359654972,0.13142075606685641,0.23832699534726476,0.18274656800701433,0.15513031639232083,0.15065881005802079,0.14465151233940834,0.13694051452617023,0.12770438992833003,0.15131858257702041,0.13419811370652759,0.1360587012143967,0.13240444071116694,0.12916214085145508,0.1263595579169941,0.12203308993990468,0.13720748867231805,0.13888464864232056,0.13509101957546277,0.23714550120375849,0.21044662955752622,0.19757063618898454,0.17951975065972364,0.15545029479213626,0.14584950754277037,0.14280398053542984,0.18072688740070186,0.18547325267485509,0.16041831369206827
0.17941195303086963,0.16673693572477424,0.12371487300508531,0.12579449688523792,0.16950214468165226,0.15862451099241029,0.15989670404645298,0.15617600886244298,0.14753870890857204,0.13539682259095576,0.14770532870061551,0.17316772537800307,0.11880703093687532,0.10903789448404801,0.13678994640213715,0.12888079255959659,0.13544790226727518,0.14971579577214836,0.16354421071194558,0.13333874184569661,0.1759988562810483,0.16653964919499981,0.17143781928756532,0.17285130040069957,0.17658529080735902,0.178618827201495,0.15464491185949891,0.14584208159248516,0.13801396059310453,0.12631563507353488,0.11593253360622978,0.11292549596670891,0.10584187447496478,0.13328299102311014,0.14432845088174809,0.15236469051737353,0.11978498772895035,0.10995053201336241,0.12951047275405389
0.16825744530958259,0.15569924504440791,0.10747580375810828,0.11119758713191351,0.15877193796261341,0.14688758368377591,0.14720883757485362,0.14316772270436673,0.1358226445158319,0.12452910981463906,0.13334259990050526,0.16351474287701384,0.12716160181636213,0.1153778649764256,0.12239754113967274,0.11387723609039285,0.12108000350193401,0.1355871794286472,0.15123437185552482,0.11935723140443667,0.16721576373583483,0.15662196040044946,0.16135097236609494,0.16194260783561368,0.1660652079026993,0.16793703309951166,0.14286717000106855,0.13173452067576058,0.12296744530292056,0.13524079894091862,0.12321931435477372,0.11966591308319562,0.11178516737335847,0.11867162060275445,0.12926097210970275,0.13758540276224659,0.10652188411193471,0.11508222632520987,0.11338483795153467
0.15151808276018675,0.13868955371194505,0.10948846610345565,0.11070598419639481,0.14183286278346571,0.12927741339715965,0.12905641639473711,0.12537295360703982,0.11795622467771294,0.10831959496006831,0.11512504997408993,0.14675730321072242,0.13411870394400377,0.12006146374020385,0.10851143458187958,0.11045555695584834,0.10906195470844034,0.11729459857091941,0.13360083765203742,0.10868752390561502,0.15050266294246406,0.13964517683517211,0.14468665393443489,0.14553885513198359,0.14999754388134745,0.15201671969863961,0.12533643229575886,0.113940944866529,0.10607322153371512,0.14397633473670857,0.12934771777442591,0.12519485139824363,0.11594126311067396,0.10856444032720015,0.11155918020296973,0.11983602185259466,0.10995574162318947,0.11986082847410282,0.10837302163368738
0.13296371558786868,0.12003752446981486,0.11335155900205926,0.11459113657587244,0.12306448329451357,0.11090288042738987,0.1103404949632759,0.10725539105985524,0.10753806764402668,0.11174571615977452,0.10892293298115457,0.12826117181790453,0.14265886114844725,0.12562564504013712,0.11187903133843652,0.11433432931182545,0.11267686681856855,0.10921341733363177,0.114734701260457,0.11188920689461006,0.13212208146825954,0.12087917510317883,0.12621578770297187,0.12736148699961206,0.13203297863186345,0.13426685165436444,0.10709377744426399,0.10779888543175488,0.10919902150190509,0.1548236186388319,0.13676129267917467,0.13178361180653755,0.12075884820960443,0.1118082817414922,0.10879498820145771,0.10722878693200667,0.11392641533633843,0.12556355464135846,0.11198519928066757
0.11315725395828026,0.10630985083724026,0.11705534683303766,0.11726252773611294,0.10582442304098498,0.1077531447710791,0.10849144358609597,0.1084160989284606,0.11009182772380556,0.11430278488785871,0.11111730625678676,0.10797265815278921,0.15266042263234053,0.13207783609092907,0.11409749354480936,0.11800221374201109,0.11533077847722997,0.11128094511346893,0.10772593908211385,0.11438387336545758,0.11184430611183925,0.10691475812684238,0.10632957013542202,0.10814084504250757,0.11251017313155906,0.11542651806204014,0.10847903677334059,0.11081820282799527,0.1126652232265081,0.16839432336032706,0.14568589071719826,0.13866684036518509,0.12517331411922131,0.11451103567867599,0.1115457637954447,0.1097309655610908,0.11800956326282308,0.13196989711577889,0.11546811760443033
0.10723907799090843,0.10971017442991152,0.12241474850548771,0.12266934223752952,0.10920024923052372,0.11149086786982992,0.11231969291129643,0.11227446031541115,0.11419448086371123,0.11879911756743637,0.11545011435227445,0.10863042855383234,0.16599106703250835,0.140154960467884,0.11893760054670509,0.12331674178732886,0.12030795901933317,0.11564137970598666,0.11142406524713119,0.11925488916955826,0.10816217588514285,0.1102582440073693,0.10885461174993488,0.10792137472013302,0.10732531439473754,0.10660782556370209,0.11231605373562233,0.11507789891651833,0.11724671133027162,0.18643818154753256,0.15702940017209946,0.14836757887182581,0.13190379213085929,0.11943889907596272,0.11595872972184462,0.11384685302086452,0.12357735327932627,0.14043064952029152,0.12057832988537322
0.11096166210566999,0.11382040564528982,0.12879908182998717,0.12900513301732866,0.11318269755677078,0.11589393041918093,0.11681730185403615,0.11681117138891114,0.11906364953299516,0.12428717373635489,0.12049381275479448,0.11239469883844068,0.1833896462428313,0.15008709792857089,0.12455664782948773,0.12947706701200801,0.12596310573567374,0.12054098422194906,0.11569590757155546,0.12497118984420337,0.11185959444205812,0.11430576101240522,0.11269713785586716,0.11172500328590113,0.11098617148409753,0.11020893459591907,0.11686340554554664,0.12011417552182095,0.12267651282479627,0.21107837935940979,0.17156898871712128,0.16059543760269415,0.14002181347433651,0.1251879597845465,0.12109756118152891,0.11861720487305598,0.13021268697353711,0.15087945300651392,0.12662453790125591
0.11523105529390588,0.11860794020519155,0.13647604119570164,0.13655975859279457,0.11784204878519884,0.12106689830718378,0.12209794242460524,0.12214994938903138,0.12482282240268254,0.13092348531725942,0.12649041382896653,0.11686528219256001,0.20591790649402128,0.16264877962866717,0.13131325605137698,0.13709026193984494,0.13297497614200918,0.12652253451926818,0.12080612939456743,0.13190861196661469,0.11619436419421145,0.1190424453799082,0.11720823889591846,0.1161636921609325,0.11527502520097624,0.11439234775756299,0.12221395678679403,0.12607704869783837,0.12914133552456777,0.24646312639576395,0.19076815210370091,0.17650495903826596,0.15026892902303934,0.13216232250175322,0.12725602961327956,0.12428596123656922,0.13823569701774935,0.16408111044295751,0.13385835712958197
0.11279944871555384,0.11898119103882089,0.14233955120838374,0.14542602962285095,0.11987397913526457,0.12275297571304408,0.12454476481666291,0.12328104996036676,0.12634044684331355,0.13893930523471609,0.13172618402641595,0.11874884067473797,0.23893400217563429,0.17882771980570247,0.13940088337823203,0.14628566457957576,0.1413717883130976,0.13361522137723109,0.12676899529384406,0.14025364322363409,0.11979694805646286,0.12429425111663088,0.12040022289662959,0.11798632769907526,0.11692239834810855,0.11524407274053128,0.12354937450259405,0.12710572558256503,0.13367156251202486,0.30134310674764803,0.21715982458831759,0.19756937281535167,0.16294859903356332,0.14056933052362183,0.13463526261598968,0.1308775019407481,0.14684634819972017,0.18121550400211558,0.14136770708752358
0.15983499100324841,0.15217039365956045,0.13327488520104058,0.1418394892454897,0.10541642967395627,0.11023005893755253,0.11611809832913614,0.11555743772828966,0.11694998742346341,0.1297746505733301,0.12557656078366888,0.12884178529072501,0.27498461147859815,0.18423027236020662,0.13452939760213489,0.13923098398628828,0.13167588409090908,0.12551236232933471,0.12071578473767061,0.13485352025684888,0.15993757915788887,0.11071428679375502,0.13004942769807171,0.14127562868050453,0.13648399439892667,0.13551212606670118,0.10707449075347343,0.11297357041750389,0.12581183812073804,0.3433141822995332,0.2240577153688478,0.19656767429091923,0.15698752415404613,0.13551015288379759,0.13027774580866192,0.12501107926787583,0.13815839299579474,0.1655303894511308,0.13869494733361432
0.16763033071612954,0.16601540036873977,0.14216710497938989,0.15415460240049464,0.13305039439911373,0.11445474438544841,0.1128230263645426,0.10943091686392592,0.10751434387963357,0.13038434763097947,0.12914535686026551,0.15015226839146342,0.34976342334172406,0.2090810598318891,0.14480032756952677,0.15113991335574092,0.14213474385545477,0.13419308683668724,0.12182843424531958,0.13926845765540535,0.1836794974635958,0.13748080560866247,0.15959118148896106,0.16960353008013712,0.16708522693944766,0.16648247966902766,0.12970238377150173,0.11227215908581671,0.1109409842802186,0.47997946460025304,0.26651737255045027,0.22614285164823281,0.16918098123246417,0.14318667513978489,0.13895350973900153,0.13231960900481463,0.14835224585033546,0.18357304445340211,0.14916558647183589
0.15298187950395484,0.15141997210586897,0.15330619366248874,0.16838247445554552,0.11713718429278838,0.10757458108396217,0.11887507125735625,0.11408480348196066,0.11211237996212081,0.13987405509878351,0.13756891139378166,0.13534042252909895,0.49473003777604929,0.24337747063614729,0.15642160585396669,0.16403073676119487,0.15267788151631831,0.1428984281480116,0.1291374040979634,0.15008867835697817,0.1727295747427452,0.12195372361686145,0.14526437864474873,0.15523043478828466,0.15249935520528812,0.15109147350944666,0.11297802649738474,0.10778669653338638,0.11581992145460739,0.84977260728544224,0.33447821171311859,0.26930011959510525,0.18811659763699234,0.15456134375361721,0.14888706334425755,0.1408733287119141,0.16106736151526793,0.20778669416690429,0.16197500480046179
0.13451305478489781,0.1327926655781293,0.1665526796115599,0.1858674899452033,0.10789966768464529,0.11090815331092188,0.12410121212931374,0.11857450522169176,0.11609645559086344,0.14964623388326806,0.14686453637823696,0.11653293135650307,0.89910816162760809,0.29613379782924587,0.17044088194972939,0.18039063727501997,0.16562469622121809,0.15332545593495081,0.13663471533928018,0.16274414408152915,0.15556527306665249,0.10760456140967223,0.12654204103709943,0.13724992094463079,0.13443048708728655,0.13329192807839288,0.10767809476480351,0.11106426588262501,0.12057657523572266,0.999999999999995,0.46283876303511284,0.33928426162909825,0.2132247165810594,0.1684875523271698,0.16134637330996573,0.15113177780202577,0.17689987305901458,0.24184076864528767,0.17809147713014442
0.11606314452547943,0.11435474412847164,0.18315937683553413,0.21025881780646866,0.11102928938562114,0.11488250823237343,0.13008313104257888,0.12402967495096487,0.12109878147353215,0.16184625968157368,0.15827371325856907,0.10813345805414676,0.99999999999999789,0.3791481419998522,0.18873557567743415,0.20257438373364378,0.18272237279855061,0.16655364450441515,0.1455045203281905,0.17903544445234784,0.13698921232141645,0.11075048493179901,0.10802536563291183,0.11902640145429307,0.11615745497913833,0.11530260397270645,0.11123565597461033,0.11536684369279769,0.12665892585163699,0,0.79227549102613004,0.47242386241325468,0.24929518569737888,0.18657151972417985,0.17722131385381923,0.16306739544034479,0.19749954924078414,0.29440790301792313,0.19999310659808422
0.10726792574420667,0.1072916859448978,0.20741557290612037,0.24632182905696146,0.11490472628524308,0.11972309067608798,0.13783070657153021,0.13074746466534973,0.12719466089095849,0.17795260191198883,0.17376569858550095,0.11126130815929514,0,0.56145141849762048,0.21520413491222834,0.23427732864748177,0.20646103680478872,0.18480188598557135,0.15714994019471654,0.20141103352650783,0.11760136745719738,0.11430425425272257,0.10885694864838248,0.10592882031114287,0.10683233801323908,0.10679162100845074,0.11546988837626659,0.12034513557779829,0.13386647425879106,0,0.99999999999999645,0.82301103166085099,0.30614872381123709,0.21191228778152277,0.19903071553195356,0.18011563576725811,0.22743614014513824,0.38528121598549886,0.23101843198531227
0.11053921895978279,0.11074778323402215,0.24137880240517134,0.30135522796496755,0.11967417254104362,0.12548664247524285,0.14743809099018237,0.13879109585405025,0.13435800552157651,0.19954275598499166,0.19410118013757724,0.11523838543293029,0,0.99999999999999778,0.25296385221976575,0.28169295693936791,0.2398500611113529,0.2091020115323792,0.17211816956102413,0.23277756603871178,0.10718899685253941,0.11895133774758693,0.11257123960677526,0.10938991689831534,0.11033255930979764,0.11033502719994361,0.12041601194934748,0.12623406637625015,0.14261757421494251,0,0,0.99999999999999767,0.40605798232561091,0.24816032858691373,0.22939764191620762,0.20280330180496817,0.27172223493133768,0.57813129916892436,0.2772999048709639
0.11465277043512427,0.1149168094031171,0.29348052287649973,0.3969751044520749,0.12544593944393756,0.13248057734637314,0.15943608589034172,0.1487849306802724,0.14327192906376882,0.22958685752866409,0.22210535866949407,0.12008228965009771,0,0,0.31199921992499541,0.36054954144423595,0.29028699312305228,0.24344664556184664,0.19156008793581039,0.27972817064710459,0.11059283159540413,0.12443768334674569,0.11697652674253842,0.11342307890706892,0.11446220129159197,0.11449792213347927,0.12638483137304549,0.13340035119188134,0.15358901575086076,0,0,0,0.62824273412417575,0.30435968099031735,0.27468017141358536,0.23474598336543323,0.34427068808304773,0.99999999999999434,0.35398303080910876
0.11958554571787822,0.11990526500353535,0.38234114283228382,0.60637533376497021,0.13242578465018967,0.14102475612291759,0.17374360224655522,0.16092112398407124,0.15442691634596345,0.27512823866899827,0.26346687494383197,0.12594669612742712,0,0,0.41825348841414206,0.51873459398228206,0.37715944890197589,0.29701944370768657,0.21891211470289099,0.35858245033678193,0.11463071843963618,0.13107335831130174,0.1222647151971698,0.1181542399968618,0.11934465188460791,0.11940003485574076,0.13357382876154575,0.14209545976117352,0.1675775354654537,0,0,0,0.999999999999998,0.40382320162793828,0.34966996737070155,0.28318163992317935,0.48443533397946648,0,0.50385774347521461
0.12547605400404457,0.12587925612308251,0.57102488138690832,0.99999999999999634,0.14102676499178668,0.15165772597056301,0.19437649537108831,0.17716149502664852,0.16869913749978094,0.34974868726319219,0.33021004361466266,0.13315521578248307,0,0,0.6624027636244556,0.98937486459307733,0.55704760933666675,0.3894094364644895,0.25863245314271799,0.51533931021109158,0.11968981375667692,0.13936531803316821,0.12869767013746572,0.12376463978370651,0.12519112516371589,0.12524940232779205,0.1424113278469013,0.15298914721296569,0.18593091975702267,0,0,0,0,0.62428176169046656,0.4960316045240063,0.36464169240898758,0.86609389283931959,0,0.93579792585439225
0.13248653281855299,0.13297893425522928,0.99999999999999489,0,0.15159609058207354,0.16509653252193437,0.2226768339553537,0.19881972111769433,0.18739828028173949,0.49530011427786391,0.45475967361779135,0.14182907296756708,0,0,0.99999999999999589,0.99999999999999811,0.99999999999999767,0.58733138501570448,0.32186104727960846,0.97869999505388616,0.12556653687258862,0.14952486168674836,0.13641185281902751,0.13046071435922801,0.13216609434482707,0.13223478299082678,0.15335980163015989,0.16681146056861693,0.21091793377305657,0,0,0,0,0.99999999999999567,0.9069742399402807,0.52943289253193726,0.99999999999999467,0,0.99999999999999478
0.14110182144812447,0.14168209520100811,0,0,0.16500515500758189,0.18262905687744208,0.2643903725798028,0.22916034202512137,0.21296848198607235,0.90224879440051742,0.76848043841816471,0.15257017871109707,0,0,0,0,0,0.99999999999999689,0.4376548977816152,0.999999999999996,0.1324565672311841,0.16223786972698404,0.14580397851947882,0.13857212852277068,0.14064008080495594,0.14074425480054834,0.16730270605216593,0.1849143460317908,0.24683563064500291,0,0,0,0,0,0.99999999999999489,0.999999999999995,0,0,0
0.15204355545243242,0.15283322834381552,0,0,0.1828942786221805,0.20657736320066178,0.33209457113375351,0.27474318888107746,0.25025535463876758,0.99999999999999745,0.999999999999996,0.16686773472610034,0.999999999999998,0.99999999999999789,0,0,0,0,0.71692148300160352,0,0.14149362987729813,0.17927053067263518,0.15809019597298296,0.14866933253618528,0.15141684777658013,0.15144876965817361,0.18581938946697968,0.20966823395185949,0.30272011798141907,0.99999999999999611,0.99999999999999711,0.99999999999999711,0,0,0,0,0,0,0
0.16542936124998597,0.16630330267148297,0,0,0.20638993117884138,0.2402796925527611,0.4581148957288293,0.34958110438218043,0.30792743942029016,0.999999999999997,0.99999999999999567,0.18443729059276665,0.99999999999999778,0.99999999999999789,0,0,0,0.99999999999999667,0.99999999999999589,0.99999999999999556,0.15171133536901119,0.20118181201270327,0.17298319375483465,0.16121888806085238,0.16457949763941249,0.16470460763272271,0.21059070099292279,0.24490585013199176,0.40066324401126424,0.99999999999999667,0.99999999999999745,0.99999999999999667,0.99999999999999756,0.99999999999999556,0.99999999999999478,0.99999999999999489,0,0,0
0.18281035794554806,0.18409844550125204,0.999999999999995,0.99999999999999634,0.23379486457732987,0.28743824621843572,0.66397118014670575,0.47493818030543761,0.40939708714535594,0.99607243880832363,0.99999999999999512,0.20352775142215807,0.99999999999999745,0.99999999999999789,0.99999999999999567,0.99999999999999789,0.99999999999999711,0.99999999999999623,0.99999999999999512,0.99999999999999456,0.16123949254560513,0.21686098142439766,0.18887527386969757,0.17501214038138596,0.17946988457175905,0.18088084856245201,0.24595294071397633,0.29939521655520579,0.61657747204120827,0.7465703065121867,0.89187342466241171,0.99999999999999645,0.99999999999999667,0.99999999999999478,0.99999999999999434,0.99999999999999456,0.99999999999999456,0.99999999999999456,0.99999999999999489
0.20639754198427665,0.20829598090897608,0,0,0.28208186580677025,0.37246534867463316,0.99999999999999645,0.83373439455183229,0.63914807932039042,0.99999999999999734,0,0.23660638653093885,0,0,0,0,0,0,0,0,0.17818327739181597,0.25649543169648958,0.21551904115362155,0.19605883310541919,0.20222402435380288,0.20398451961796013,0.30109583679526364,0.39440651076425437,0.99999999999999467,0.99999999999999556,0.999999999999997,0,0,0,0,0,0,0,0
0.23992098798412673,0.24280259269572738,0,0,0.36241830796934155,0.54757933067331155,0,0.99999999999999478,0.99999999999999467,0.99999999999999734,0,0.28562549255221747,0.99999999999999789,0,0,0,0,0,0,0,0.19981977839465254,0.31787307705666107,0.25330047030185393,0.22517473950986117,0.23392101639309365,0.23659168986337442,0.39760826925450049,0.60075921078992922,0,0,0,0,0,0,0,0,0,0,0
0.29110145100330581,0.29596081811312269,0,0.99999999999999678,0.52409409773971405,0.99999999999999423,0,0,0,0,0,0.36853652459933006,0.99999999999999789,0,0,0,0,0,0,0,0.23011117140037962,0.42936053971365962,0.31276692842836945,0.26831042082577178,0.28173161402796515,0.28606183221084919,0.60883248877980145,0.99999999999999434,0,0,0,0,0,0,0,0,0,0,0
0.37889761357526652,0.38795168979241451,0,0.99999999999999667,0.99999999999999512,0,0,0,0,0,0,0.53806436173645111,0.99999999999999789,0,0,0,0,0,0,0,0.27564477165010326,0.69273228732819137,0.41981221946892017,0.33857688515936729,0.36205537215550454,0.36986149614605973,0.99999999999999445,0,0,0,0,0,0,0,0,0,0,0,0
0.56247578540876086,0.58474901524588396,0,0,0,0,0,0,0,0,0,0.99999999999999634,0.99999999999999756,0.99999999999999789,0,0,0,0,0,0,0.35128646704103439,0.99999999999999656,0.66672643513024188,0.47253646879658512,0.52359257887907074,0.5415515713396245,0,0,0.99999999999999456,0.99999999999999667,0.99999999999999745,0.99999999999999645,0.99999999999999745,0,0,0,0,0,0.99999999999999478
0.99999999999999678,0.99999999999999611,0,0.99999999999999689,0,0,0,0,0,0.99999999999999634,0.99999999999999578,0,0.76725043344486343,0.99999999999999767,0.99999999999999589,0.99999999999999756,0.99999999999999689,0.99999999999999645,0.99999999999999534,0.99999999999999478,0.49867379040219673,0.99999999999999667,0.99999999999999645,0.82615110088214982,0.99999999999999556,0.999999999999995,0,0,0.99999999999999489,0.2852664343145499,0.36872216830519849,0.50030466762183345,0.99999999999999645,0.99999999999999523,0.99999999999999467,0,0,0,0.99999999999999512
0,0.99999999999999556,0,0,0.99999999999999534,0.99999999999999467,0.99999999999999667,0.99999999999999523,0.99999999999999534,0,0.99999999999999623,0.99999999999999634,0.99999999999999811,0.99999999999999811,0.99999999999999656,0.99999999999999811,0.99999999999999734,0.99999999999999678,0,0,0.78240802680316135,0.999999999999997,0.99999999999999611,0.99999999999999389,0.99999999999999512,0.99999999999999489,0.999999999999995,0.99999999999999478,0,0.36850373769755562,0.52853445443484703,0.91718651784816041,0,0.99999999999999589,0.99999999999999489,0.99999999999999523,0,0,0.99999999999999512
0,0,0,0,0,0,0,0,0,0,0,0,0.999999999999998,0,0,0,0,0,0,0,0.99999999999999756,0,0,0,0,0,0,0,0,0.5375225013131143,0.99999999999999756,0.99999999999999767,0,0,0,0,0,0,0
