c0,c1,c2,c3,c4,c5,c6,c7,c8,c9,c10,c11,c12,c13,c14,c15,c16,c17,c18,c19,c20,c21,c22,c23,c24,c25,c26,c27,c28,c29,c30,c31,c32,c33,c34,c35,c36,c37,c38
10537808.300747497,6444330.0640365109,7269367.340815166,15272227.618324399,8857639.466423953,4168707.9141549231,21417384.882535093,7861086.1508558169,271905.90714864811,24266947.860192835,44986459.4623494,9807248.7717211563,61431246.352007113,13642264.47896244,36704529.486461267,2865425.1907591945,5016251.8193252254,10379982.630668534,13901534.347396566,10473397.111251168,23227440.630274288,15557394.402413275,2769794.4106070916,188961.66736275028,1545603.0793958462,11907831.120784219,6451868.1644413471,3094396.3508490152,619177.52108002955,14950065.856582526,13628750.194443187,49484350.017347328,21122132.121519994,8528279.7715931516,1416576.0578014066,23649218.338226654,5247313.3026409391,2884500.1574602621,13035096.195606166
13598825.073458906,10370740.803451683,6158728.1182048274,12616657.941014394,9384079.6495813336,4659584.2060171785,20345395.828698501,8459084.7085987702,339321.31683019182,20184614.668779518,38779761.546427034,9946659.3463514447,48129465.806929372,10667570.966490787,29146256.269130893,2300101.752074121,4045514.3859316316,8356539.352437363,11551075.756388664,8470988.0962385759,19899600.380492322,13340643.77396342,2525228.9997857455,188226.61885366577,1641371.1106365891,17079107.670040697,8786103.3340481427,4411988.044020432,1051792.9791557202,11634950.367773458,10835157.740105972,40054441.821797237,17363155.476161849,6966262.3650911786,1154652.6919978214,19107909.188144378,4369714.6981757749,2489121.7903142385,11826573.644213924
10479106.571099557,7749585.0977822933,4405947.0668402379,9181142.2199979369,6952696.7975594429,3408870.6633739555,15155332.974075116,6150479.7881101463,247035.6523560223,14711258.109902481,28680317.012468699,7316302.9523849571,34779752.233576782,7705833.4509354569,21239235.234255046,1667504.8437513912,2942729.4098004759,6115589.5886557996,8555132.4739166852,6285557.5569889126,14662338.776446234,9830713.0676302761,1858114.8522280066,136101.08863915323,1187948.0260039051,12348699.557165869,6394098.0846701292,3230143.5693125851,760718.8847046278,8373923.8396531111,7837375.485661786,29105784.231770277,12607280.859402249,5163453.4242385719,849799.10162192548,14077414.960689642,3144945.8077965579,1821300.2648883394,8447968.1160168499
7369471.749133965,5517348.9718950782,3062365.1649853121,6449272.3817351451,4903645.7738852967,2415005.8561667954,10761529.35375841,4352564.4208645411,175989.96173933605,10449922.016860053,20329475.447830278,5089236.4199637491,24950131.581816774,5496045.0932147438,15058198.189613907,1193826.7098618969,2107348.9618007806,4363740.5441013947,6094291.4622060051,4518381.8941798452,10399679.516928304,6935452.3157978011,1308261.1551433797,94484.697465256439,831885.29137737805,8694153.6807903666,4524006.5987444902,2250626.4092957228,531936.85375066916,5939110.5053132307,5598494.3433499308,20828235.908235233,9028308.2761662062,3678235.403848113,603001.71359143674,9958866.9551424328,2208556.9274970219,1297567.5824799114,5828681.0868093884
4876812.2993220482,3759452.0941035002,2056376.4872874862,4387432.9184803981,3373652.0620509782,1654366.6827613637,7467847.3952899324,2973550.0732733076,121418.01927982522,7259476.456832611,13983859.072126348,3437797.2042981451,17527186.323276892,3847467.7774781934,10362450.924772648,840490.89743967855,1483397.9065546291,3046283.6877354458,4230941.6583758714,3150554.8994980403,7175085.2017250713,4738814.2488512099,881799.37816711317,63686.695595025965,558878.6197704348,5923746.0642230185,3076362.8080864199,1489864.6090217782,357812.26302145445,4118241.8247156111,3926357.2079827576,14626001.736552345,6341271.2136236476,2541336.582842702,414385.17086513847,6812193.7022839775,1508123.7055284653,974759.97131439147,3865902.2171159503
4234838.1008435125,2559219.1733707073,1582471.8587725635,2975772.4721774817,2214472.3774073869,1095771.3553436776,4949513.3181560058,1960912.9194658161,80529.727770393933,4874504.360236669,9333431.5162680428,2660071.5582962469,11982271.694019597,2640204.1429928867,6934500.7714659711,579567.6896951329,1021039.7998485119,2072785.7739287901,2840872.768976796,2141606.2807512474,4758877.9753806693,3107122.421318287,654443.63334836147,53612.630902984012,459822.51908082573,4102485.7989501199,2018788.1067245693,1197332.5744658515,261855.3633236055,2777189.1500758184,2783066.4746087552,10230208.96097561,4343448.0374675021,1715208.9287961801,280760.69931881566,4602800.4972620131,1010612.1092191266,668716.13858520915,3234891.5199021106
3704298.3563531898,2259106.4450123087,1413977.1551583416,2647122.413698276,2018681.6423892365,931127.87125439045,3783952.9645500649,1674006.6969970206,63809.547601499566,4030381.0010194932,8276182.704438108,2540166.5462895273,8940601.4942717906,1902294.6248626639,6944124.1976235565,406158.67697599938,686662.77290657046,1569976.7786102076,2463645.6671058782,1551222.9890521721,4109403.1135189673,3588546.0693988591,659206.17108163808,51443.343463792255,438898.92275997275,3709781.1649761312,1758747.1135961507,1053083.2599264325,230740.0234293059,2625188.4671045332,2215172.8169605667,7766532.9381570732,3083671.4996116511,1413706.8345004779,245013.36140082308,6341996.6268567294,1015706.4797203861,536274.73920224584,2855037.7076286222
3250856.2623355184,1986184.1992489686,3131770.5424667336,2598951.340042776,1979106.5578641281,871404.34012948128,3781488.3542894437,1526196.197219661,56211.108356741694,4339831.3960987218,9267751.5235273894,2561506.6716629369,11256638.460050661,2681668.6383611793,8490873.2614946384,563417.62819369638,990171.35972702317,2200042.1076546875,2773757.882907331,1842454.0831236858,4964626.5411859918,4157909.9554396481,677949.249537603,49798.934733300441,422116.75459234073,3293743.3401198094,1554727.0546346216,934610.37211748213,204628.51377948129,2442748.3572635804,2390772.9503009575,9792480.8246974014,3388376.535528224,1617979.5339537861,282668.45140776061,6375698.0985592883,1433360.3117941429,463514.28650710604,2540144.2162471456
2876888.3693682123,1741130.7435999543,2146076.030836469,2366078.3066605963,1789032.6124880961,768707.97997305216,3454198.6805978273,1340476.9728827579,49282.425498551645,3841122.8877852364,7282971.2039648965,2338131.2151075541,8450771.9384860564,1920911.8501045716,5960527.1182406545,397411.11125974741,707501.36797626549,1561663.4088782822,2143534.1291690613,1426195.2675583393,4148839.12727607,3076255.3213853203,623923.03541827016,44477.754173146066,375901.37423381564,2896989.1129999906,1363230.3511149604,814838.76492053317,178436.43642229593,2164152.8757371786,1886232.2311565145,7133600.1388234822,2904569.7792475829,1215382.6770450515,210699.50811290863,4468543.0123783266,998939.15000740637,400214.37742518092,2214537.1698846468
2493500.5583853927,1513300.2873040852,1608635.193844375,2114454.1786628659,1563205.5680958952,671439.6344145108,3021936.7787291729,1167105.546516916,42899.146941500716,3391977.4767188337,6422230.1424983572,2043941.6551881735,7582723.8908163691,1701390.793194935,5107846.0639439914,343825.95007823006,572759.18420148641,1258896.6461496521,1899368.1709983328,1259794.1667130708,3655463.280144928,2717402.6112377103,550449.19380903826,38986.581861822255,328343.32712778705,2530480.0847189557,1188409.7967372763,703348.56313822046,154391.38596416436,1917055.0343697695,1706195.8378409825,6357588.3312790645,2560743.6760367122,1077896.8224149551,186132.69084758454,3390203.3281197124,882396.71470645617,386499.44128849742,2033450.6155173075
2261912.392823508,1316211.1872554703,1420679.8399058226,1859896.3123580182,1350402.9602888669,582040.450432349,2611213.187115144,1008042.7174397906,37044.705094658588,2971175.2132400204,5569483.6057330705,1765824.9885556675,6804288.5504466835,1521639.9232426607,4489180.1133846147,310678.43139923288,506255.32968792727,1108771.9024942052,1663657.5468064055,1103987.3151252698,3194243.0576984296,2379318.1046906332,477332.40098185727,33785.764861152784,283617.26895825152,2196746.6043790882,1030891.0029042976,695944.59624494391,165857.61339009684,1739529.5701406482,1579072.511308284,5990421.9051904613,2267928.749331078,947477.26065668871,162936.16037824977,2950892.736939712,774799.1281128017,368354.78721700975,1769691.3482077047
2776136.8193429746,1426593.9346279604,2336294.8911995254,5586106.95621638,1518845.7509984886,633182.21672561136,2809654.7763126558,1122141.0355979817,36402.973273828517,3346796.4422233868,6575585.6962000346,2169060.1761663193,36197303.944054775,7857510.1176473619,16452185.402152842,2105757.1322429362,4397050.6685481695,8184884.0403681537,1687292.079950843,1282376.9296721576,11026668.00741972,3516403.2032424072,845039.27316187054,52964.900146217507,401775.31151597312,2254016.4277208261,1068315.9463434457,819012.48969871167,188533.73738500031,6399825.87265993,7028692.4480433287,20533969.254482474,3365682.7308870573,1216078.3433674045,271503.68463741778,4654531.7677143011,980230.36064307764,427995.8940070247,2718168.6260057432
3450603.6258795806,1961998.0199312952,8838824.4183244631,11371270.940638846,5772664.9573941147,1997421.9841357369,7194823.9889322259,3065603.4634726048,183307.68476266679,6306403.5984387221,23870359.855213135,10245360.142991474,59165791.103077605,14437809.720590493,36026312.425726451,2961158.5639353725,5256903.7743758969,11515130.706389712,5027131.6579788905,3916055.1417309782,17201463.074246638,11889679.972578805,2692054.7903643157,194219.60616362881,1374545.2305259006,4087626.2320048688,2529062.4869530783,863302.08714756533,169573.49746854368,7425407.2608708227,9088194.3241215628,26149057.978292774,8152699.136958343,5710572.4519465072,1521808.0678260033,21575000.04152862,4048387.3365795119,1224905.291677891,3438346.5433503087
6189274.9452509461,3886873.6039449363,9446692.3339095488,15897215.045594309,8331066.2762415176,4203827.5745301275,10731025.245116051,7869446.3510870421,556200.18751742202,12012398.369845573,24751963.258884452,11374254.912169246,53350149.91322381,12081162.524216628,32962372.326848511,2650084.5951076993,4876005.9786345894,10504204.551048514,7023993.3929746738,5504513.3867232818,19929782.119680658,11965216.023784094,2877924.3986075004,228211.4892080694,1859476.995052028,13912760.611002624,8471282.704621274,1277580.248746481,234175.93333409939,6624036.8935112301,8406478.5481338985,26074775.209918872,11122193.930236375,5709442.5989599703,1250520.3036280547,18168684.097793907,5252258.6476209611,2761596.1742122513,16037659.880706655
8497125.618154088,4886498.4430489894,14082775.306917988,15905358.902930263,7777550.7470883438,4420221.9337903876,12251283.891918847,9439970.6565925851,614196.11362906662,9554779.8898056895,35287945.924838595,10052437.842935504,43338122.126541115,10126704.250875054,37535841.737337679,2452713.6199702104,4529725.1765854536,10001856.431265982,6401066.7610495668,4495092.3046165649,29402307.440480866,12341924.835090781,3169402.5046110814,252340.95256278542,1949698.7969339523,14079811.259786164,9551068.3143174592,2047489.227028765,289030.85759001184,5162695.8988189586,7342559.7195167495,25204688.099514466,9055681.7311008908,5107122.3625564687,1093297.6446228132,24806618.005500231,7212361.2776769549,2462672.4662950952,14992079.761119526
12911777.946435785,5404583.7395902611,12593412.983225804,18357304.054339457,8166970.654321434,4192199.8830563771,13444429.030219259,7906712.0874657873,508237.00903767452,7127124.345565604,31830518.089433674,9518526.2037486825,34360714.408833764,8078183.4654697701,34804052.374454595,1950387.8408960288,3502811.370265129,8241886.4535208698,5356718.5533614075,3574593.8816926177,31021252.535495035,10776633.121217737,3110728.4896599199,267847.31393682124,2103419.4947789945,15165087.584840046,8270642.1942165317,1716864.7257280857,252307.46053672867,5233721.8459570771,6160065.5306784958,20765348.245570183,7258485.3768359674,4899309.3549457435,1196095.9948140832,24091038.551485777,7831528.906809641,4472767.8532661647,17995534.896663789
10032259.407915333,4476602.6203350266,10760798.388411699,15515439.143473398,6767769.4519454828,4060465.2941634716,11582944.246030234,9502528.81941811,498157.54038905411,5493862.6459401362,27094513.166628003,7267641.6941374494,35393751.847057521,9907165.6799738165,33582150.028822139,2203000.385566527,3992734.3758296315,8647953.3426295053,4115341.9996897955,3011723.4201504844,24652357.099142577,8253439.2659635646,2445054.8881031009,215363.32436278462,1691527.1096459387,13651186.551808624,8219636.5361612476,1560597.5250007703,227725.06555143744,7811878.7299952805,7991119.5256309602,27961800.59157493,7573224.0172047336,4158860.5391602344,1001291.7766087843,20120365.439595923,6295302.4366184641,3401726.60031942,13431767.097880056
7572521.5525837131,3316222.7977214009,8668400.54596233,11476417.184159443,5698947.8517091181,3505505.0119652287,10683595.682211787,8694180.2263565212,378930.60315139429,5828685.2624441069,27453006.813453943,5764589.0125861885,25511661.699173812,7287132.6099501653,25262021.411040723,1705419.0064858857,3237297.8555097859,6797238.8989458466,3685338.9718854022,2458980.8175085722,18929610.892790034,6333130.6796615738,1883273.5403019034,167972.51871755399,1317475.266574844,10746035.017378094,6384586.4516057605,1256181.1751914052,200119.14612663185,6422451.3737896616,6980154.0721003041,30788347.643165197,7293228.8001201367,3481364.9442594084,762676.57917896821,15399812.80415849,4757459.4061866086,2506379.7857567449,9634806.0977099892
5530799.7627972802,2585208.4950752053,11720779.387798822,14364600.884152541,4486360.4505554643,3049605.6210049428,10069231.272260735,8571878.7737539187,311903.84772514395,10394433.229187308,30545036.478924349,4309304.8584803939,27159597.856538437,7373039.5607662192,28581892.842472285,1733479.8748867752,3191760.4323682874,7150430.9408523384,5188113.7933496498,4708688.3749286206,20298060.412819814,6285917.9883731492,1681254.4028558971,141712.74081884048,1055575.3072936155,8314092.0869632,5404865.7393956864,1172357.3681704202,175871.5397508755,9784687.685492618,8212781.9856684236,34364692.477425709,12906572.295154531,4848508.6998456297,1037639.8584670174,19849538.788338907,6404405.5591833116,3315942.8439236134,12343396.755949322
11844610.029230278,7324315.6010322822,13951783.978139644,15752842.938532429,6834950.0651297634,5168657.2071440862,14603909.770472946,13244799.567893825,751285.88091968931,8159726.8451188579,38927686.501539633,6995695.9872729918,24061057.135513809,6693717.341178936,31802799.041260965,1504618.8671707027,2622553.264842642,6122464.350617581,4837027.4924779767,3660184.2829808709,27342862.500312824,8440283.7104517724,2296128.5705576008,207037.39349424659,1575319.8291898842,16754207.29865732,12537643.81981224,2204445.1587468837,226241.6006725711,8356313.1513517853,6947180.0999038918,27970212.213227898,9844553.918634316,4024275.1232756162,819877.43766563211,22522830.987102516,7728800.6464633783,3207082.8423940171,15090429.386290636
8560636.2376121394,5556103.2894362966,10336339.360660531,11749619.392222349,5123577.3052944932,3859869.0218229601,10795123.217137588,9856710.9550111089,564963.93157290318,5612887.6767400857,28918220.089358579,5304737.8254293371,16873134.444812182,4747176.8499022638,23750186.588112287,1074201.1898909425,1876979.7309784503,4464458.9318975145,3471070.9576689377,2587089.0986953657,20763959.437132102,6164095.735681707,1740285.9272468328,159870.62530219005,1237776.6984507397,13716282.950124133,9435597.1406338811,1483778.0062089281,199430.44337206351,5933542.7527282247,4939312.300324467,20065308.907558449,6955368.473684188,2920364.9276057552,592412.43332885474,16747836.602834165,5695593.5049602911,2365022.8462978574,10967615.844868295
5923805.2762117917,3903032.7234026794,7489868.332895821,8481403.8839401919,3575711.0936920107,2757263.1177211897,7521018.701756876,7087462.1660323264,412316.24428610504,4081720.4568234538,20509613.611223388,3620851.0733183366,11922509.742330415,3292994.4030939047,16961992.070304904,751984.2204359608,1314160.4977802094,3136419.1423659255,2310310.0619345098,1741858.0177042254,14931781.690867059,4199122.5008600419,1219466.9878217403,115300.79022515102,882511.15031009028,9863805.5181514397,6815482.7071047379,1203590.8790387276,173628.36601640406,4120276.0914242826,3438714.5256342967,14084681.150064182,4799553.8100121217,2008717.9116150385,412090.0261843343,11974591.98159546,4114710.7170597976,1704410.5852055596,7703828.7400605297
9764678.445553327,6777236.9008600526,16313947.358143095,19250637.332332235,15193844.302713901,6829925.3604598744,28372428.361010417,13240839.329122366,442666.38481415075,18122539.506507188,52444746.763864048,20356535.551061388,31634857.639856435,7950715.0333376918,38945856.430057317,1618445.0504393931,2571892.121951377,5997644.6107836254,10263046.697173124,5968159.702012632,21853589.396610513,14312816.241428213,3622266.4566526036,309824.71919807501,2804224.5499400217,21486097.652659692,9623443.6508829519,3221503.5261930283,505710.90024718433,10500022.706972262,8296630.7314753924,31163351.258780316,11814625.937756255,5295090.0500842854,840704.12605248194,27199386.211901996,10045437.876153374,3894726.8804254369,21251730.661391824
24613580.665987086,20706062.753368869,23282868.886296559,26906154.245636955,29080013.744015787,16612128.688500393,54957674.246681012,39712288.839073382,1532572.7912600932,16286327.018318592,82559553.611632243,34742895.470724419,27961773.867902402,7417742.2812149823,47140001.918580972,1760449.9431262068,2946605.8314407282,7295604.8347815741,11336239.393886961,5379452.6307493784,47247018.214963138,24112682.886084519,7485304.8222324699,698946.10887760506,6574340.5767862713,66954432.895303644,34271762.08264482,12209178.369209915,2781256.7988934745,7936135.2937273728,6848026.3619325794,26368415.352734834,10032886.575989874,5806034.6575269792,1024937.8449441562,35243990.178121448,13359393.632484214,4506081.8549589468,35131174.904838346
27174774.652025662,23937092.901444536,23012096.123772196,25032331.82451674,26392993.502383776,15543172.332011206,46892861.378778502,36233837.473005429,1577095.4135599576,12872408.599234669,70816847.196025029,31869039.586876199,20472734.717478279,5452217.3353960784,39650186.007468037,1312342.9530592973,2219535.2505136607,5675502.9743723022,9597966.7751154937,4281194.1106060715,44221909.347959839,21493605.765570506,6957366.2225187551,671131.17718019348,6249415.800784261,67116522.213395253,34848294.917831153,11938798.453550549,2602255.1307916045,5804837.1435039183,5004529.6183340754,19284900.243695557,7480566.0664652186,4640259.309221453,789443.40558974189,28874849.26009015,12580533.564840522,4745993.0975665506,34836484.111393593
31185957.989803813,30302927.831862278,45076954.689484976,31251563.229766846,26673316.466641121,17770007.091765217,54167879.574571528,42885698.010438211,2026809.0435681033,10196318.045135498,92035022.207269326,29490108.106916301,18765020.844322525,4632049.429892824,46586081.669022918,1127635.1702124395,1895424.8822196173,5525195.9956731787,9118117.6772453561,3714552.6542897248,39419587.720528521,19859815.100676466,6311626.5377213303,605037.5840192422,5685031.7223014673,71851055.119982377,43788965.123440959,13296721.318629561,2587705.0185307451,4031152.7451898451,3690732.4828019971,14938301.071820389,6035061.9832572183,4381181.5980107849,783072.21575555508,35483449.736565471,18772898.648240983,6622627.444847405,44672217.282002792
25956992.533224948,23866637.578201935,37526683.256450452,25680475.309098404,20887810.00008069,13987272.005019372,43447744.430339567,34314849.171429038,1588300.7691163085,10262277.713936195,75451552.302684069,23076593.223490715,16680389.936238874,4008480.6053459519,38988748.113079362,1035368.0776318952,1787598.4558583314,4960322.3306172155,8321731.075289119,3931418.8984834515,30664701.721603692,15504323.206795879,4926977.0167146111,475243.74434241385,4403556.4071713807,55635267.919922471,34479466.251443684,10938963.890539654,2147495.4453161615,2931786.041622309,3188106.9447495909,13671914.102289712,6466180.8093878077,3972506.6814943654,663900.98294565117,29747739.724235822,15578727.302903634,5575619.8122292934,36862369.382077985
19164468.100853916,17561453.010251362,28036910.434626281,18941144.245572463,15450669.903853605,10384156.650505837,32047504.89834502,25522146.202485278,1180551.7688965492,7434500.4997477755,55929393.391745664,16972178.196655616,11592676.745139319,2820676.2681550044,28833122.248163231,816538.11186785414,1472789.7832562665,3960473.6523018493,6232222.3462495599,2923269.1072782227,22467269.83958111,11277677.671078382,3644909.7276924327,354137.3412530708,3260498.7876333143,41220586.666685544,25615444.078948341,8096250.2745611798,1579752.2081542078,2445677.8940643505,2373243.879011522,10326706.828395346,4675460.2445284715,2994820.4104906591,491175.4299267531,22209926.332794111,11605243.134977294,4238934.6672648471,27833021.293697812
13634634.10012619,12729616.067787157,20713572.298045762,13792713.161733603,11294842.841155333,7615174.2512071151,23370822.971747436,18751936.684299644,870006.37432146166,5042354.7887712056,40676362.043168075,12339726.294624988,8608409.3419774491,1939212.5122841259,20749744.441853367,561554.57283139112,1019480.2098243753,2792642.2178801172,4374584.9568171175,2004961.6291466889,16405285.636398472,8125648.9440981653,2674947.1796474624,258347.0814270218,2381176.9290955686,30143678.938817736,18794080.527402442,5832121.9734515548,1133996.4798534713,2196160.1562289195,1889657.9481406242,7315261.6716677258,3163729.9575316031,2090751.3100198063,341106.75404681527,16096425.835494854,8526629.5058622044,3137416.6599380495,20363965.421900932
11054194.164874151,9423696.1841870621,15113250.82582584,9855484.7523143589,8026807.8420341369,5438157.775203527,16767971.240959007,13499078.901287047,628143.75493188971,3959114.4280917388,28925197.274718717,8768827.1408206038,7734910.6019650158,1722954.3154170087,14634127.414967787,380082.60655766475,678944.50857767172,1888212.4155855842,2962909.6304912125,1444952.7660035922,11649729.3709557,5631149.2971084621,1895707.7468712912,182841.21095543788,1687821.5214952067,21624170.575081296,13502654.213799281,4126533.7060209196,798309.21094224555,2208430.9154693279,1800568.819281185,6923855.2299928982,2814490.6549338712,1378441.0104264806,223621.38012259183,11302105.805350857,6183318.8056005696,2289226.8278914974,14924829.439359283
9367579.1522803195,8936868.467280006,11794750.038908994,10533654.324400136,8368378.0507776868,4666369.0743017243,14287792.533888277,10459064.700319035,459039.0641800075,4034607.4212852907,31030044.721940167,11615746.665659513,6899787.338109226,1627718.8500184852,12453388.801488994,507345.94390405866,1069913.6350462502,2715483.2577231824,3879036.2238284936,2989449.7700814917,11190153.822221054,5592341.1441451814,2135640.2954967488,221860.85973366335,1924333.4932284523,19334627.552484628,10628403.159079093,3484566.4323635316,760417.27815595653,2030479.2964151395,1770265.2994907945,7544021.3551065456,6072398.2041861862,2407163.1233098982,338417.21506683569,10161051.045145478,5441247.3453085506,3061880.2968555605,16834780.006205324
12145174.356550585,8449751.1311819088,11572202.25373813,17464416.002420578,6933644.6669727294,3773295.6981957932,11697348.019689105,8297012.9400786133,336407.58259367134,9629553.2789400853,30698760.970373839,9815232.7359222677,44319741.738099046,8946486.204476485,25384334.616598122,1530679.8337512549,2452720.0520209745,4784392.2984484565,5772093.5922766579,4290872.807081176,10802730.954875661,6240276.4608939476,2064449.1507124254,205461.19876837879,1772190.3359686777,17133365.399708916,8435285.5896911062,3115223.5257873116,567445.67739810946,11004039.745896202,8445529.3263556808,23854225.499877326,10151873.797235493,3080866.5471980637,383911.31202810712,10388759.613992851,5742422.5929062236,3224648.9689687011,20132871.261917289
20565188.302503362,9613761.7966946457,8922709.6692911126,15833430.262502661,9051574.996285595,4330407.150523399,17856395.49166169,9057239.2173413467,273969.04076113226,16484049.216585489,37703117.102131784,11480577.97624227,47862340.667997792,10773851.707011286,26172575.727026094,1521996.9183567897,2244070.2862956123,4498237.8333127201,9746510.3676395696,6216339.3709781552,16126648.641506178,13325272.919847164,3139506.2225569463,271818.88282551971,2202284.6303910515,15462413.809493175,7976607.532576954,5319937.9017010974,1143088.7171340764,9320280.4950153418,7683732.9775806777,23111878.425993614,12565459.160421737,4067460.4182585338,443082.84397527023,9920170.7204688136,4421504.749531066,2394904.9292440093,17192434.191649802
18596778.698734388,9590908.6411643662,10140168.708007667,15402068.563924309,18221694.79891564,7304823.8759997664,29439706.697462671,14228658.473833501,434519.31071230286,19584372.18716567,43801792.026057899,28368084.674105752,44931150.155099355,11755008.503817352,28047174.116723113,1498322.9704891555,2080004.4261895209,4617689.4306278098,12772907.901437372,6255959.3208795311,21053299.754670415,19203654.767798323,4661569.5398061648,369142.74995322491,3213258.307630111,18684870.29460445,11096239.92810509,7160324.7111207144,1709737.9461774258,8984540.5909529384,6977693.9986149156,19382481.947138671,11278479.552822527,4978078.7004593424,707810.26378152671,12110320.482528372,4632303.0042053256,2050415.4225142046,18714778.09762881
33989484.976925761,12263166.62628426,13151095.469664151,19622421.909038149,14972956.371052718,6092191.9929028805,27842634.596557476,12182188.598505314,338801.37848190952,16835369.617396262,55622360.136630811,23048634.457078043,64382118.38371744,12625404.125348937,41876353.428157426,1605106.4277081108,1843413.6995235793,4473396.8393034898,11083759.844490187,5182889.3013816122,27341687.21897183,18917007.444251891,4486903.761633683,351844.94435278093,2926779.7189780506,15756055.945793211,9840802.1165443324,8505970.2937176749,1873483.5570304689,7087306.5319597898,6794757.83955344,14666783.281158686,9014276.4982526265,4451624.4273937279,614544.88533651631,24861544.842504825,7857389.7821194204,2276058.8531999011,21426620.036244508
25974708.247403484,9354322.8108529747,10025896.653456545,15032160.278414967,11780572.858254114,4905476.5321310842,26073066.815317351,10368123.078195771,248763.07015734899,12179263.212263988,44116359.306991555,17632489.880854178,47545850.739285819,9211663.5554356016,31495331.257693935,1151428.220185535,1295015.0497926811,3225891.6201533969,8297828.2095999755,3752636.9975165445,21394696.584523521,14289144.310059691,3471096.4133175015,275134.06140072562,2288076.2372717904,12677026.018588798,7462497.2245040331,6522743.1836876618,1464440.0856366449,5028714.7748355623,4903782.6723329024,10136378.885227306,6366835.9170673471,3267119.45996251,440644.82647045585,18637813.887291834,5877696.2933784584,1678726.0928566072,16637031.436819946
20962954.619473401,6935295.6816469152,7652859.0339704622,10961323.054268949,9107700.6448421273,3700674.4137219205,19966737.989396229,7787693.3713972485,177677.07212630362,8938863.5665558893,32295282.672548454,13773153.177439502,34335316.499890186,6618547.5834040614,22718272.717087653,809419.02131995221,881966.09673918888,2213686.962170471,5909332.750603959,2633767.8782822872,18176980.899380285,10728696.170772685,2737549.6969822468,217723.62522303671,1781961.4198867958,9278977.8340224419,5465548.0265638819,5081529.5345324259,1121435.2459702021,3458512.2588675758,3412532.8275909508,7110397.0153267793,4455385.3508330965,2265251.5691953963,298979.49857968849,13380571.297820367,4570431.0432373825,1305407.5251324731,13105742.621932153
20652692.580012072,6821739.5593804074,5503156.3708979981,9610803.5759386942,6891754.1860712729,2868989.4498682139,15635203.947528794,6708645.5926918751,141690.82577188537,6669479.2665604763,23360981.417908691,10008686.114275822,36817957.453653581,8336262.9817561815,21927215.165400866,757754.79917154089,656726.56918481935,1597662.2336665613,4188045.8369871466,1777124.7646179656,13312515.445031991,7617371.8691400671,1974395.5618296633,159594.31569820727,1295619.4742219225,6964248.0261898777,5365548.6939262226,8348056.8776673079,2502971.4264302864,2543177.8150613261,2835968.3214290543,6304435.7272298997,3128335.0721776281,1512728.3162372834,212012.36578718072,9596605.0902620461,3343471.94312478,939180.81831260328,9782861.6432059687
25989269.705147982,9109237.343912892,6844599.4069848526,9128750.3618082553,7633088.2221858241,3757003.5125790224,14795556.509807605,9099821.1877785642,221378.67880591287,8078118.477880598,26691661.660956886,10577303.747665174,32172796.631089669,7474853.0823987154,19948019.469122782,860334.49363465887,1004242.5105899769,2336815.1321186484,4294830.1240330935,2547872.3538367618,13847513.017186522,8589799.5933768749,2379295.5394612253,222368.15394420072,1902849.14246438,14118761.961944835,7366486.7539569149,8049408.1893904665,2179335.0875811637,2317869.823210238,2888933.5270717125,7006501.814639206,5284758.1703610411,2233029.2659933674,328041.17294766824,9747986.507471012,3430408.2336035687,1014969.0647769547,11159472.421937041
26682578.880412504,9644960.1783231944,6617783.0637684502,14144420.442503352,8265814.9940297371,4272552.1806099666,17279762.874294776,10677871.017633319,262371.36545644718,6422984.7980319811,26375489.060389295,10594835.686121719,27391497.816019539,7309104.2768726088,22284910.419952791,1421312.2277637855,2597117.8777060439,5421691.7300149463,3808650.3315083897,2064609.1839542058,15702800.399948379,10484945.182836402,2622948.2843216541,228859.28766923622,1890228.3307431513,13476458.576436631,8389380.4484982286,9075538.1805120837,2481993.5878585721,2101324.6772867683,3086771.2961870912,8511902.7068475801,4399205.3723377241,2164756.534050419,371423.37823729054,9341513.5064246431,3953188.9418044565,2113867.1284210202,21316629.625844035
38397397.391808324,12078955.32999137,9591549.7004985679,15006297.049689857,9850958.1195734385,4678121.1985994531,19334772.844540909,10706717.366645414,196731.90533632212,5864354.9118607175,28802487.868133619,12614125.155217296,22876718.835595749,6556876.5284680147,23193674.943472646,1707021.400732883,3498816.5388182849,7249313.3232208053,4003220.8829035126,2495172.3584666993,14860841.601707239,12835675.914705953,3164649.7088957615,280595.19984686846,2437750.4632293023,17986219.882180095,8082982.5540646426,9696812.6905018352,2374740.1539989742,1918919.140848384,3161877.3582450505,10661581.896324605,6071978.5587794678,2596277.8452331242,476528.94104856375,10479293.57667139,4970393.766568901,2333323.2955221161,21084726.999159198
64291850.340544224,21173332.180495016,21221043.278057218,22870305.438590586,17005650.320888318,7669192.8831539759,31943307.738931596,16451878.353379667,221887.06711604953,15063837.147187753,77579479.013045743,22976067.856973622,47380239.70503056,10543260.336584222,45661058.983976036,2470605.084412423,4332091.2799333604,9875329.9304952193,11742423.489856247,7889291.6851873472,27835835.223237216,18327679.785103265,5343728.1267336886,527669.04527529003,4536977.9435590087,33846028.718785569,12053397.468213195,14413279.592650861,3449627.392419822,5781860.1510437867,8010984.6603160081,27618464.646880634,16448555.940105285,7193287.198369612,1150539.8406042608,32567715.245570835,11459929.945655053,4182465.0602861261,28476945.887083989
60275152.908066712,26753114.547435168,25920471.739901591,36653840.296524264,22927580.61105996,10738972.687742775,41303957.021315351,21297654.897429097,433022.98427879362,28100931.966980606,91700627.172118798,28222165.468020223,105439920.21986437,26769041.941818114,85603197.238772392,4028750.7008423363,5815980.0438664937,12847917.506277969,16830409.175848529,10332976.044015018,47391225.375082202,26187530.18195967,6974017.4823820265,654263.59079097165,5840191.2225544443,50432614.839975797,17604839.418821242,13606518.040105401,2920595.2003915366,16940350.002212383,17586993.452126969,57133632.712215282,21249537.021012135,9492950.4965497646,1610399.0805830644,46690291.71957273,15503363.681719307,5866941.0924948892,35281580.990628123
122540527.10888858,39264705.084427424,35110648.659555957,60525415.41317448,29870070.258073781,14659944.839230986,62765686.97015167,30961106.848460071,829793.40864682733,44557161.704981804,161113181.16762012,36632280.008670382,168806318.89668924,49832341.077754207,176743357.14639258,6853085.7597500626,9823027.2561915591,24809329.830999061,30449506.237181105,17724107.450994462,52680737.995431341,33754485.640194193,8192206.1001049466,699621.86716845015,6307426.8360023275,55253307.486129791,27466686.776994158,23061778.733311988,4874132.3999913763,21280504.13075202,24331263.24407161,78950274.338679224,32527184.294375803,16856345.878559783,3020048.7217846145,92082147.81360729,26342652.17898275,7309294.1027530786,39730547.047438771
129827665.81895991,43510610.032448858,40658895.116825543,66464659.994505562,39791048.344816253,19938197.546009496,79039492.605672851,42464615.916467182,1402848.3109839261,47290090.839399807,189729141.97610891,49521521.06359522,142293395.21541184,44024532.981690496,178445703.26389784,7218214.1343690781,11273745.872841544,27562579.958664447,33945134.191992864,19819662.083700512,50891383.655620091,31934939.976009179,8641114.8645208515,794749.08308253693,7480099.1003538892,70258222.691646785,36591921.288239099,22853527.652004179,4190110.0471388106,17445295.820266142,23921261.189420469,98218799.583401486,37063427.88036716,19149720.639708061,3277652.1234198306,105740813.27345811,30126638.245870389,10398591.806383865,47604561.700581305
110688589.55760489,39449583.661066979,52721712.17387642,70387648.861576155,34506293.417616673,17823582.008426424,73194625.251791492,38764104.482621327,1260621.6769683992,39399694.777537182,177035361.57047302,40595947.250052534,145965825.23841172,43605601.584341608,170147854.34621471,7124832.1698087426,11319460.284381017,27128426.316005241,29561726.436024729,16901859.197621457,42904130.879163809,26858503.442045838,7379405.8686770769,681113.29518487502,6403745.3332489431,63061255.415063202,33395155.989128239,21255828.199521668,4080079.4303248809,15823536.9715042,22916227.767331745,91145498.530077711,31698654.002530128,17481225.561046101,3210046.0967725478,96699230.04643023,31873574.023552038,12226203.059043396,52540196.848068215
95172858.223471001,35954934.965307564,42983174.309443295,64620861.169714876,28929077.396673869,14667980.129875172,58977225.14402651,31099628.230103835,960916.66046295979,32836292.515890773,152555492.71901569,35112942.8292301,128592275.84454115,38235690.711348794,153229167.75684884,6200946.9123108741,9734429.0534946173,23722276.808866568,25350566.175160721,14873247.380543521,36470589.606918715,21827465.122580759,6447544.209810257,634984.34782417421,5861035.3440484907,57347751.864646167,27696483.442613244,19029564.515052497,3990262.3550354382,13454343.966298612,19288226.57066641,75439906.897821561,28132544.471794199,15732452.390747633,2968233.9803128219,89670953.882814705,28269831.258512732,11577149.286612773,49387202.72975868
81777943.192068741,31689891.251293842,42208057.221973404,67220925.230381221,28462112.171414707,14192897.481411042,61537658.033734389,30359458.986175772,860200.724953659,28192148.788973872,160964441.27574253,35917585.109435566,152348890.50517479,38992540.285586409,156251418.66167161,6478258.0564253042,9797331.8260138463,23130699.435124885,23897335.598928161,13714534.373814663,37963593.231742702,23591936.525280185,6605662.9407160468,623779.05511769757,5651475.0589959715,51236875.844203971,25231804.125464369,17622177.904764086,3665848.722956154,22986076.340208277,25384809.142108768,90972038.520327255,28704803.536618546,15311446.106422137,2877294.9328878014,97613707.674311474,29776714.433978628,12998854.01423193,57243981.618087694
99261319.056862965,34765154.472276285,49028710.189426735,72640567.352869734,27892698.108504787,14333637.608731262,65700586.224567808,32456119.860692065,916964.52205971442,33538022.422194742,171066989.24267522,34311251.649588645,145625345.03391653,37214249.450361215,155330314.28660974,6284464.6063419711,9458406.0572049357,22605704.186015427,24926986.792242344,15139306.493028397,32584258.820516106,23096293.003990624,6056714.2455819249,544018.44707307068,5012683.4695313396,46877161.603231445,27604022.405408911,24272646.353503533,5697721.5840844018,25120269.491004687,25776565.895063538,90512682.101977542,32422994.717280924,16166202.439476464,3025753.6824698881,98408958.344514549,33118669.786710009,14271524.423409298,69494370.446436882
96567694.084190905,33638296.378235362,41638762.131499782,63040802.498225331,26842869.92093483,13664853.160619214,59414547.147809371,29721304.317427341,1003022.940319815,35275044.875143878,145287597.95594403,32814566.559369832,119221351.05166969,31858872.658207886,131907175.59615521,6305191.7097714227,10676413.820165962,24045479.449211873,23141907.003198735,15833796.27361498,28504724.830056399,22384295.143699039,5628866.977890946,487481.97836193163,4484878.4740714561,42684111.009378292,27719989.557974208,22639031.82197712,5040960.1070425073,24400831.30472146,24607064.706693549,91769387.747687608,37515557.332532972,15484209.166294556,2764887.1468380829,82507791.945989817,27892493.252969012,12718078.378920037,61452947.635021709
77668976.982560247,30989785.939412076,36962261.486166008,57554442.752026953,23099565.736389317,11818433.037233111,54959476.540814228,25098416.111249126,778632.81255093659,46745401.034737006,151801476.70805719,26564339.634704996,102153032.00534748,31025343.431181937,136361730.43077859,7339703.7737610787,13407532.111253908,31114868.656640854,32495122.511908866,24938161.627569463,25631558.93398397,19442136.834196795,4786190.8788491366,415028.88918365084,3762442.4856169117,38073085.184751086,23307315.240522165,17654238.537596587,3818828.8226212286,18741310.016662717,23006112.282019455,97973757.830873355,52225879.059342533,22749235.689421967,4163872.823306174,98625988.095506921,26218444.07133092,11175989.722783241,53494926.331216134
59402638.916429162,26788212.597291857,32614128.287023015,63280005.408676028,18306987.684222199,9309698.2502489071,43770055.478895769,19213558.538351864,578019.36818528385,49836955.626611218,152676367.34766012,20858974.188253067,98038780.465869263,29326846.237560168,153127572.67194924,6805308.7567240335,11964151.02589291,29785735.968499031,33298835.088548161,24946780.55985719,20263349.422541782,15951894.63862011,3849600.5587600423,335679.59726226644,3011571.9828119432,31864282.513571315,18551496.594323926,13225897.99419073,2812516.5649182145,17505055.179393433,20680556.017908674,89097277.497388825,50172346.390339337,23601332.259942427,4563495.9531687675,119744369.92422752,29056985.657380387,13419566.81755566,57768808.426835127
43893886.901416183,20004492.414282959,24386058.159995992,49105608.095767245,13885962.479205579,7021461.5115007358,32434043.717030998,14177499.496138375,420408.38777612586,37363519.940685607,115839061.85141888,15880629.321373221,74081938.21934925,21808104.085823216,116503367.44355394,5054943.6807145393,8910136.2029759698,22403037.32067053,25133887.85383385,18976961.714813247,16224207.516343975,11886930.970552638,2952598.1052558948,264789.00927254127,2389101.6385441613,25244412.959871262,13804145.303686975,9674607.337127842,2046702.9015202755,12881394.324343702,15323096.714950493,66324699.54999081,37594148.901610158,17901706.147654474,3462219.6135019865,91293208.318654373,21973658.372959014,10204109.505517798,44923154.092875659
38635958.994135715,19469371.548633825,18019467.535981294,40288668.700709529,12721131.611794822,7488275.8279573834,29394478.698040988,16190009.702954341,686198.00410845608,32412579.528755441,89493903.510556966,13506729.68197416,58248099.32270588,17384007.287549809,89930395.103726789,3999014.5094421017,7055795.0493733175,17436879.366723012,20499499.737540737,15269413.255364513,14403304.162230233,10757465.58372457,2542769.1638720999,218481.95701324544,2000746.5483515325,25181217.303223096,17308108.982584931,10910525.352586485,2414309.1361323865,11409450.677824866,13148987.34648126,56221313.497500367,29825304.632410515,13854593.863250185,2598804.4536616472,68613981.847307399,16576462.293668674,7659515.6206321213,37410033.145770751
43546291.567923658,19033020.057474967,14229748.962961985,32289263.483855508,11181201.121582733,6179432.3217665916,22501026.332611978,12651467.006455805,555309.17634400004,27244229.013899196,71270539.127196535,13240176.608452771,44788148.225611418,13818860.822126865,73024184.858592913,3204754.3180521401,5598075.7483540671,14260819.675932944,16561025.935535174,12531206.733104283,12175680.278668065,11004390.956932822,2466407.1837576046,211750.63037299819,1988914.6316970359,23656609.079604395,14696950.693458635,9477809.5614590459,1873682.2318004493,8232259.0503410762,9948216.6155174151,44037019.976982541,24927977.396691982,11888438.45817793,2374041.9541223189,57705090.100028172,13327990.574355144,5927583.7587239034,31508411.40038177
48306516.147593051,18990326.958444215,12444064.216257147,28507217.341038629,9751690.3872572239,6014681.1641728627,21421087.072104972,13481000.943241816,608057.79640525929,22153899.711441729,62215327.332351044,10376069.529593838,41311216.893324248,12332592.976592867,60773714.677899316,2840637.8971258439,4902777.9233987965,12932643.373164859,14754242.239101464,11188938.058128819,9619102.0750345886,8261652.8075067382,1920577.0458919695,168688.80265697374,1579754.7941961021,21434870.779012755,15137824.16252408,9632990.5805071648,1679227.6957423748,7122894.4380749566,8612938.0254148711,37324513.166571788,21415108.849635322,11660506.237976654,2584691.4309434751,50147114.893486775,11084280.215378661,5189175.9852650762,29388518.786023084
55827630.754767053,19111120.722988322,9744223.4301010445,23341450.851280581,10892492.830155075,6099805.279276358,21070773.775410473,13400218.131783044,590696.78962598194,19408524.909492981,57090644.867020994,13213452.770709747,35447346.430490457,10956327.532698832,50162873.615973033,2661968.8609730089,4745668.2962572016,12364043.087212877,14426014.811357833,10198110.13634152,9780804.886189552,7541094.085215969,2202909.600204892,218241.95707435871,1970591.1417956175,21641230.70234644,14666768.609459033,10353728.791529702,1793386.4896592002,5537718.0967671461,8013087.9587147227,38083833.145397104,18937955.256939199,11234730.178338181,2568527.7010555384,43197141.156526305,8703825.4718003329,4060722.0711876806,28164472.079865664
61937604.33798296,21538440.277635783,10907372.463388335,35089510.535132781,10877314.97109725,5816521.1633332884,21260668.760620806,12624210.111929692,486289.67084886821,17615717.5257142,58610645.24850361,14300256.307298403,47630322.031525612,12678227.076725839,59239319.984945051,3043331.6723069292,5533708.7824119069,13477541.927540567,13117978.698279707,9342098.8099879753,12318900.398623072,8829579.4697646275,2650386.3820878919,268681.51216721913,2283374.9996510088,22033460.360717859,13875836.803809395,11360461.035475889,2075965.6821703962,6813885.0977992984,8902063.4410551507,35857053.469220318,17395479.122774541,9936426.2974785324,2161208.1589057306,43767538.645735614,11294794.116333948,6475789.7469364852,50996629.525963619
65729515.002277166,23884804.088790916,8856475.5650770925,32417374.696439758,11417480.668354116,5977328.6287231194,22709109.391203724,12784254.991623443,469650.21726173424,20526014.956529588,50906076.630493887,14527657.417330651,50989032.259252593,12002613.975750547,52170960.684192277,2782982.8939115261,5026352.3727824856,11921974.008360051,11824326.97175001,8532227.2937049698,15369234.41288879,9544489.3248571232,2824688.6018050187,275073.81483863038,2313099.4246930131,22712597.681735136,14541573.303030066,12690410.317242693,2396533.8747957777,5230271.304298697,8119555.384618747,33230058.95387233,16470625.498725923,8822180.355210986,1871640.7593287914,36920622.279668346,9359828.4111510608,5168412.5774844708,44324114.147609152
53871742.096708879,24535406.371364914,6449279.5672955811,25447199.126218468,10161770.395113178,5228843.3185073985,18826237.622105252,10132339.736785546,351264.09812025633,18595780.30980704,39888051.551294141,12941652.828012833,45250012.268646553,10339828.597290276,41312883.420269996,2165718.528066921,3794880.3173751985,8966470.8078553248,9559603.2455897462,7013856.2436274812,16948764.987541627,8914194.5101694297,2694755.8118609455,261755.2343960641,2207495.736808883,24053083.025038578,13005252.335964872,9868552.8133491892,1793355.8853493219,3905851.9322075476,6387105.2640299294,25670496.501300473,13781690.247790033,6933319.1720486386,1402175.0079813974,27841912.764939494,6952508.1084680706,3862095.4253544565,35714624.505306683
39926637.628792994,18427284.100676812,5238666.0300478581,21898688.323599938,7543621.4046303211,3890270.7423588042,13702122.849487619,7399440.6981069539,253464.76129006402,13575916.177189628,30572950.046726122,9469205.7610193826,41595063.599241056,8920891.705088051,34389757.467643388,1728482.0798674573,2877079.1996218194,6907699.5310403211,7176817.6932030609,6116837.4861229006,12380002.60736079,6368009.2040545437,1983589.0047138503,197700.7845201731,1651829.9912513769,18043797.103469688,9670869.6643737331,7239486.232472687,1300795.6549958666,3251952.8150634202,5330055.5654856758,21506548.474643644,12593049.180121614,5822810.6720084902,1176583.6797580726,22512411.987667263,5823075.5468585081,3380376.2161940602,30818843.128517535
29092496.861273982,13711161.989769142,3693317.2341442867,16063318.210170666,5697197.5248818249,2859944.8136183196,10068683.241721867,5297316.2787755365,178858.28326151124,10403552.090701215,22446671.594941683,7142455.2893704977,30556613.919376608,6432844.5589539809,25110358.574394278,1239818.8748686793,2059608.0406411737,4979606.6554404497,5567359.4768597884,5024018.0122987237,8790112.018144194,5012073.2954205303,1521693.7199308178,146568.44296037301,1224481.4996506895,13270513.190622078,7035637.5002440279,5190770.1699773539,925285.99049597781,2459783.0710371397,3768121.828950162,15441244.65805915,10261975.69754654,4495844.2293182528,870782.54340507218,16581817.691654,4224216.0085512614,2526345.1276047239,22800362.678403769
20945849.461416733,9881331.0580576304,2642623.9620953896,11565964.115427746,4513876.447942812,2149752.8264105185,8131238.8455584208,3756456.4811722357,122056.13764300183,7758156.8115247674,16818087.34299726,5479252.1749432757,21667429.32399274,4547543.0492288554,17932494.947537422,875173.55629014154,1448993.2155624165,3518911.7415269832,4189816.6929272558,3638532.7892669355,6116321.9734708415,3800869.9853880731,1134244.2687746922,106660.45077104343,894212.53272323613,9441814.622877311,4931205.2339512007,3614985.3949762955,640465.9357098511,2173757.9947005077,2567132.7019162509,10647649.013303682,7509963.9230150729,3240510.0085918829,616949.21013987088,11805904.208830204,3017702.9745691898,1828728.3399250058,16440332.932707852
15191245.239974802,7369982.9422614016,2428436.8366115103,10500788.960733175,3478292.2786795725,1655213.2562835424,7137421.3121129107,3071437.7890330618,82451.355728882496,5473384.7564969752,13584307.589448994,4334423.1622745264,22837950.402753163,4904098.9758399576,17322246.678472903,1399359.3314126739,2858090.7937244694,6018793.3083557207,3136091.6470911177,2694230.8014123896,4347270.6284936201,2994440.4893155429,831499.72333471733,78438.055974760384,651858.00535058347,7017675.4043593854,3581951.5309047815,2667553.1927828765,443693.13219822716,2405830.2928470182,3628254.7744648783,12024908.216825759,5593614.5768815102,2660339.1817541062,571300.19078126969,9875279.5655169897,2753201.3398896595,2075317.2908361477,14027639.339810407
11095959.00768224,5358977.9121419573,8232260.8581497082,9222143.881883299,3040800.308303053,1532007.9815032659,9643548.9291789941,3134431.6650642385,64433.104232774,4050729.8641387597,17263637.462975476,3132292.9952976615,17224271.913152263,3785286.3882290851,15854318.350881832,1040691.8019964877,2138462.5453143213,4632978.3035954228,2317320.2639685203,1842888.4032710183,6521466.9598357677,2885887.7144259498,692284.59591921268,59503.213175864388,495177.22631919308,5142777.6984861009,2617631.0200328827,1924876.2630992313,309190.46315896121,2277663.693325175,2733333.7610068824,8741221.9106286373,3795932.8614358557,1905621.8799675207,403204.81069990259,8996092.2642258275,3850421.2446311531,1746213.1253264239,11495803.137729619
17249839.857641999,12442325.225611167,7031870.2744597979,10412841.514379131,3959665.4749944876,2266314.909806706,12268344.169833599,4130677.4650168889,60254.769674625852,3572590.602794853,16403198.920169987,4001942.7261372353,15278046.043976804,3225406.5153072211,14746944.495509023,788511.41295791918,1570131.9267104941,3389184.7658811347,2038373.2758394878,1399564.6539074611,7042619.1491044182,2809243.6891613938,911418.85344329802,99452.158406880815,929096.52643871366,14452503.899952704,4965709.4165992644,2689716.3694551135,299143.50529469707,2409422.1448477567,2460562.2896838719,6887437.3052856214,2956645.5621837359,1279691.8912153572,274908.30979157879,7569184.2692461135,3984420.4837349807,2718371.6717054956,13929855.056625288
16643156.337994879,10117491.797247315,5077076.6545944959,7705252.6318697538,3112342.5928627928,1798127.2678910331,11246120.832801003,3508071.3266583062,53260.682323431676,3714487.6183482064,12694999.2926,3055796.6079786299,12398806.838302448,2283817.5568465171,10580132.752051467,539911.34979040467,1087132.4842138586,2343507.8709059642,1812476.9039673305,1248131.6956176893,6012953.4898045948,2736754.8686546027,757204.24241037527,80276.733951684495,711641.01227090403,10777288.323633224,3678361.4895111062,2055103.3845064908,251422.36756564205,2225341.8220925755,1918674.0617285531,6090723.654960759,2687240.5473012147,1120361.0586747671,208073.9805376665,5308375.953758359,2867452.7704191818,2027250.6307296327,10162273.151435165
12243348.401511593,7584530.7598955613,3551092.7313320274,5351382.4080105331,2195209.1604380347,1372647.1537629233,8173359.4891718179,2804974.3193291114,60191.737520257295,4292150.1132323155,8783404.7803087551,2667964.1660549073,8774005.4211310204,1815246.6325955896,7150550.3279532166,373863.36014051735,726957.12942919275,1561950.1957546016,1863641.229485048,1243980.4865586776,7513044.6322902152,2623263.6144305356,690573.00676108443,69080.818114046284,566936.65364029317,8197489.8946316373,3115562.8072556276,1387536.1995888005,221218.78400267108,1971167.6354729051,1698047.9193349408,5406716.956508914,2616818.0754686496,1032513.0905249842,182562.23184653276,3587746.6025587297,1998640.5288438746,1454623.7841845832,7083257.0754977055
11590993.39236144,9263157.4246106204,2393922.8844380449,3620571.5061116116,5535476.1800317848,2542906.8260840913,14157591.917283708,3730322.3975635902,113757.39477294062,5323131.3923482308,9217029.9817041401,4573883.6693542479,7928311.3854668057,1609968.7327100744,5380030.0460603544,330246.61675938702,576286.48097558459,1255669.252021034,2096911.8659469872,1201589.1703330569,11177419.800301984,5074761.5685623791,1321171.1399778354,98351.571432602825,860908.14080427354,10351765.775400322,4783368.3237112453,1321110.6011817765,197002.03118842733,1730330.4500971709,1494538.9150197827,4734188.5302112149,2353761.4733697362,974994.13023788307,160382.43001742064,3151690.7567752451,1346869.7195168813,1037970.0629940321,4770799.2590603633
8207695.4598030094,6742971.7421646323,1668138.9151784827,2824020.6948881424,4018893.9036110365,1827209.377931613,10577826.616432317,2654823.9602315468,93189.229090134962,14667122.022228125,8253203.6911253855,3243397.5972207496,7721014.706374391,1514837.2644749135,4718397.3625264484,303785.67133949086,513198.17631945957,1135549.7201264743,10206496.8877452,4578568.6561960662,8431104.4086595085,3939779.6165605625,985407.17681075458,71942.655192540173,609807.15551464888,7350597.4140595272,3505303.9351934628,1167218.4652451295,171249.96407653982,2581537.3575829924,1682256.3150641702,4459318.3652757956,2792406.0473792679,1747053.1562988411,151908.25444741448,2934585.572619197,973215.75615548983,712846.66556152701,3427002.9540505921
5882971.0438103927,4757508.7431472419,1554829.2754895443,4371619.5725274617,2724610.4686973211,1236126.6798239783,7377210.5709189,1848276.3042962251,67928.010048636846,10895065.571115619,7116264.365333518,2678071.7871074234,17555258.943942234,3863124.5816082656,7344857.5149754919,337317.62524512032,478821.5788542204,1059292.4074330318,7742692.5623468915,3407057.00056251,5741923.6755799232,2990428.0717478357,693046.05950442411,55786.186451356269,476470.94202693389,4957326.8048236044,2378356.0254892353,1039859.722492255,147739.19441282016,2385408.719248517,1699177.1358035912,3929738.2502301992,2518321.373457972,1264984.1477494386,133465.29310811017,2668375.1540571824,964953.3091966972,693964.48272868083,4798492.6147046965
12265172.924211558,6717491.6467334982,1597882.7919021044,3897278.2276307638,3407814.2826109077,1685433.4606109133,6183264.3848395171,2325371.0227389419,135237.91685175084,14053834.031371718,6936449.9870067053,3383863.6992738452,13087601.889138535,2972318.5420789341,6076750.0749894502,333857.74517647421,481361.7107184332,1094293.9338648338,7767865.5002537146,3615427.5264027114,6719727.5999958562,3603954.2001973148,1010650.6585108925,86918.03305752507,772278.6512785583,8993437.790501669,3834868.1614601766,1280434.9843304458,180739.07910740166,2460401.5024777548,1818128.3031438461,4880220.7667136164,2900989.1540478147,1753867.7023571164,180456.26600608439,2877007.5064486479,977137.67456205527,618934.69662504946,5863595.4756143792
55623413.528950438,23804907.981231257,2056517.5096410385,3908433.1849023681,6072818.5657933801,3442834.8126139157,9973979.2992166448,5697883.9217335498,253801.84134269384,12151929.2195081,7714016.3071464188,6711332.8751963358,10163001.576140659,2308580.4065897162,5559657.2772767395,316409.26283440221,454663.30855746829,1049978.2067856705,6567721.6906329207,2948825.293237837,17168967.995263901,6146959.2651453717,2389318.3283662852,259842.35334922641,2091608.6899584932,24584640.430222999,10970952.794519614,10543004.699336627,2000373.5550654263,2215969.7615984888,1668760.5873727619,4569157.8269986305,2823033.123124728,1520180.8085248433,173513.29398603385,2810421.9867383614,1143132.34176244,650101.91504158976,7032747.5113087958
130668476.46816066,53371535.902657531,12571070.99796549,10709738.461247664,20665942.13440099,11792833.640644507,46835110.90604078,24862800.33061279,875930.09122512233,23076728.453038566,58504419.939476252,24960175.360007495,17447977.974517737,5569717.1513228631,22088209.769381061,1314169.2755981698,2324079.5391765959,5459526.6150011374,15271447.267665761,8017209.6097002411,52525601.273342192,21298567.933631599,6725345.0861044712,671381.31902447541,5316384.0085928813,54284222.11215058,29249478.505915765,23702194.03848898,4364104.4773621,4491645.267209922,5308869.2948892191,24219118.686930876,14502784.899764193,6187622.8348804284,819602.25033543631,16262041.955339894,5983555.6485930895,2134382.1359052174,16429057.925105201
108661938.5789731,42612387.049496196,12660693.761577642,13981750.998389926,16513829.667278828,9384393.7304804586,37661076.177713737,19783726.515688669,716576.70563126553,21885843.076870818,69457404.830299512,20049504.870157398,19355973.22230104,7221716.1487044934,49564935.155345835,2357640.9160509259,4352824.8919735933,9941160.4006529059,13730575.220124459,9119632.0194393024,40505355.284380555,16487646.062739363,5234294.5030383347,521457.84340901719,4139354.0737559944,42319748.052833676,23693248.601444215,20355112.132392839,3801200.9565591225,5661024.9789357157,7661946.484735962,37023846.097376622,19377235.395728961,7279208.9425599268,1004234.8105531869,40655995.808819063,9644862.5665366147,1943387.8847316406,14168978.737635577
81696528.740129784,31647977.9383948,9911529.2728452981,14972664.584763967,12670745.19193675,7066921.6060101483,28513100.01899888,14623172.386678403,528831.03628066182,16233653.788909534,56357395.928720385,15692282.681903934,15866213.96486132,6289519.3959592525,45561533.891316809,2420520.832629961,4817419.373453931,10945401.326501761,10786355.141222736,7540187.1661549425,30829942.145723127,15813645.439193934,4399793.9000357604,409927.1566207899,3251193.0344509119,31328655.560055166,17539794.977982827,15231425.354506154,2842796.3206618326,4001450.1008197418,6470211.6000512317,32593039.31855008,16129164.394280247,6809051.1770594027,1145518.4924682588,37133290.737508088,8336059.9281831095,2286673.3262308016,13511476.128740525
60581907.890292935,23621771.044759944,8806183.7155272961,12625939.454706004,10444396.655857788,5996275.1172004836,25379947.797152892,12452107.86755503,458636.25264815148,12438028.978023596,61396555.558039695,12614871.074475991,11220729.733528286,4809307.2032677028,44485313.672477074,1915120.3087175358,3666838.1264693537,9110115.4910193346,9204584.6523996722,5726285.6268262453,25133228.006929155,13955190.211834898,3637398.6194344652,322321.46756590385,2538974.1013528258,24076172.937196251,14013328.443051962,11270486.664576182,2070238.4166103185,2746180.1423393404,4706744.7490832219,24173777.490183346,12277475.201490575,6010520.0636614719,1073048.8176827,40078309.509776704,8128707.4460882246,1819728.8059811336,9897919.6391366646
70026031.654332384,25409056.919482678,9837891.6948430613,14120236.574593928,16611997.333632177,9650918.0490883496,45395018.996642776,20439363.788445577,832263.3944924922,15657566.557250803,68105646.277456805,14323782.573385915,11975595.82799487,4153432.736875426,39146903.102600574,1546016.4722388554,2852181.1316885403,7034196.8301388631,10147394.42714501,4969241.1638632324,24404807.125253011,12869120.63939932,3679674.4404948964,326041.27427571593,2733915.7609776072,29823503.913257264,20290142.409790184,11881943.974319328,1697262.6445456264,4070421.5834652563,4861491.9804117875,25306196.641393464,11450246.63642434,5243716.6781634288,817126.7702088349,34900031.549587488,7944400.0805337634,1993481.25500785,14959119.241755445
62556020.062351964,22374690.579219643,8144313.1300750375,18591443.722935248,12903628.275029451,7802765.355939324,35699255.938576438,16970592.096962433,731263.53093622008,11619798.042448476,56127102.295317456,10746166.430054471,27056612.738127138,5486559.7404295634,34555774.53617049,1486955.4667039998,2533491.5496867271,5807653.4813017622,8042425.2624509381,3699566.4583573076,18849476.758276813,9495711.3020733371,2792276.8434346295,245763.02842719754,2058414.6041344942,23774847.794551902,17519148.710789219,11077903.799454898,1703821.1211548382,8022435.466185471,6279771.7784693399,22205973.918737385,8514867.8876993638,4067249.7462416319,612113.22178526048,26611929.23730047,6975895.6994575765,2385290.2012334261,20959762.542985726
79962654.996418491,42104270.817296401,11633956.268129406,18797050.908883933,15669911.534300992,12357891.562608963,41114292.858514659,30174668.42800371,1338027.7675174489,16299358.939501943,58147987.053630829,11190560.627997011,26717468.478875443,5572677.8760710349,31432239.096109044,1699449.6184505599,3079603.7982830591,6533272.4194908766,14930269.387001313,8863065.4077747073,17469714.502448034,7950113.4200765602,2839362.5127041833,298946.44781532808,2771208.3903367375,50762793.263678312,33904547.866803728,16452584.203996249,2481245.4040158452,11172007.792398866,8174128.3080760781,30499426.141559299,14830704.351871736,5843924.5525436699,593570.58266475704,23165457.018049274,7275003.0638094041,2493889.1441277796,20912178.465109553
83834466.15062277,45860344.757199824,14760214.25445265,18791109.694573794,15017199.491707187,13450610.683587343,40104180.32260678,37580025.25657858,1533614.1377184393,17914412.245223172,59617598.359352313,9882654.7344499733,39455348.80394619,7393985.6973342048,32980577.188737869,1732459.9926774558,2951780.4530856651,6110424.3195682857,14486713.440129127,8555413.2841199674,19511306.993782196,12119775.820272587,2923764.5631070752,276071.51347101701,2505982.1304161199,51074920.157563023,38433218.993435055,18498305.89174474,2811474.1238947725,12573316.967884924,9042940.8523000404,33383432.058589265,15722870.499544999,5347951.5943473736,490949.5468870342,21872710.961965952,7701419.1128140511,2176732.3855935698,18951934.682907857
77785684.093692407,40079736.853685617,16908740.667785641,23772861.969464201,14631016.219850842,12599086.588662211,36667110.184076108,33427481.956202861,1527129.942587628,25152354.441448417,60791817.712736502,9767299.7124875579,60041467.843022615,10582408.485180434,40038354.823395982,2046275.9159198059,3157124.2374781845,6275016.8471580176,15297496.483829996,11049587.50043696,23172993.67910637,13861833.185545184,3084884.5497115999,287818.73304214468,2575109.5921121049,47644639.468001582,35390254.609291419,16297361.689549657,2499752.3108895505,17223379.375632484,12479556.438470794,44970023.524862841,23553615.778446842,6548934.6424298454,553966.61959802161,24139710.859041981,9647442.7707406227,4114160.1232866351,24253185.488338873
137806946.09883767,54292756.494857498,19820708.198477738,24433433.07406969,20148144.719833091,15067022.238274539,48714346.772955514,38342717.129952334,1702504.1973030905,27924862.419035804,83825383.595196471,17147300.782241687,63182479.968482338,11635987.983966777,49494782.791124098,2384811.3829281726,3607061.6958161402,7727040.77275314,17007113.687591195,11651698.66146918,29948956.269142978,20960409.51272713,4535322.6399954222,384874.90754406498,3450969.0678157429,54138624.425096698,42923394.916109562,30563565.211691722,4161735.8106741766,21984273.597830676,15553979.833381277,56335963.65554174,26703301.440843698,8103227.9311646111,924560.67454908008,35666388.913670838,11559662.271811452,4260270.0578409061,22625865.866405129
143679793.42823488,51134246.35752409,21063631.699470062,21804671.789470054,22147204.242931031,14265041.570993701,59753781.950235583,33546369.55689922,1324397.9498735585,21862231.872107778,83632126.085503846,17711860.265323728,46125909.403251477,8438001.8540341612,40462958.01918041,1738393.8054982089,2645328.7020923542,5816435.3993330095,15108848.294643413,8911348.0252525602,28554808.711071629,23269181.528417941,4750856.2378943339,379821.08206657501,3429281.8981199977,47376053.419076391,35396816.181260765,25558279.961167201,3164568.3361718417,16188307.537347887,11380390.839038262,42102894.631645061,19987012.854555275,6492540.5064827865,687323.82868216501,28723826.315283723,11386523.949311985,3807107.4590472286,23374692.909831237
109528028.83408546,38865570.179758139,15778184.595899154,16139058.643673783,17277190.249161799,11000275.941840163,45466812.825966962,25488337.050340008,984675.19795018004,16202472.023547005,63417002.781524293,13724616.584653139,34317387.302100889,6534272.8380554318,30557070.236499004,1286888.7572753902,1916382.6472593336,4362591.670074488,11294015.082159968,6507008.4617463993,21243531.742087953,17448549.765877236,3663252.3291203543,299967.03765932331,2739401.6629929319,37301476.760789931,26638625.061390266,19295828.583169028,2337661.6302443864,11996926.978514386,8342183.1344861696,30710750.374641471,14654571.229729472,5029625.4899990531,605836.73976087198,22226705.691113338,8514354.0023769271,2882355.6843671873,17469383.701145653
81587856.243957594,28840361.330093689,12989705.539884083,17872279.654124562,12972503.371620601,8188194.1578596849,34330983.099311605,18926341.211289953,723440.31986823748,12803054.716675375,50659054.070827305,10505158.660627313,25993958.115679298,5119972.3310489673,25684730.677395698,1024776.929274809,1456950.2451035141,3704168.6493946179,8787229.8864068389,4907899.6727412166,19688916.737103522,14237997.267897056,3150125.3050276879,255288.64884848346,2235172.3165640561,27740216.492435422,19647222.394586675,14277080.115225321,1700977.8919496445,10239870.7404898,7330776.2607797263,27112018.086568791,11370612.730686277,4695204.138684107,819295.89665709063,19646098.97511179,8226019.5209028367,4440205.8370467247,23367855.928454082
67626104.212653294,27455548.616634276,10411368.324363977,15015325.091366781,10073707.00211883,7386376.9457835201,26064646.365391612,17571344.437122118,880371.8033500145,9163190.4046116695,38435657.018089823,7565884.5748214433,19235944.428741861,4717935.6541762017,22063663.266055282,1328009.2482430681,2436425.7101917174,5117353.4620621726,6454827.0142417336,3921030.4677963667,15247992.756807078,10285008.278512495,2337601.1602438227,194647.34082827374,1671923.7864686665,26563635.19946374,20863013.268397037,12466147.439474136,1537855.9779689792,7810250.3760292875,7268405.7352531767,34798761.611868508,10944177.09275222,4074899.8368373346,714674.3451952918,15716585.030187139,6616968.8428426543,3564028.2373097762,19406344.78587842
51656222.487622663,22146592.140925597,7625186.7319055004,12090238.620321469,7903235.5300716944,5882372.6047562808,19798266.022743154,13502934.180063199,666743.17868863919,7268541.7245172197,33900455.920371823,5888261.8058364447,16423009.481749019,4106534.6005450715,18288130.171983376,1265252.4267622666,2402129.6562641002,5171987.1752952812,6334999.4686707892,3594877.7647885224,12197531.384511432,7943446.4203573475,1904840.8113791079,179113.65444186082,1530392.9991834946,23861341.814576648,16233504.224590652,9482371.2186361142,1130483.9781641806,7462327.4175836509,6737505.4977019383,31055457.633482825,9058060.6363789439,4097620.6680474216,792851.87351926288,14092103.996231215,4922050.6692847647,2648750.6793016731,15094012.260875558
38302554.498612225,16480815.31049254,5469031.0764492685,8683976.3667331561,5831598.7582507543,4357871.8553250777,14553476.482156791,9940423.9759247564,488931.91852784099,5033984.8388114488,25088806.415431716,4194427.224741607,11332139.330861906,2826300.8615393722,13165202.37770918,902950.40109784831,1726651.3278927922,3762027.4179047388,4646700.2647761405,2602274.9903576048,8608807.4614689499,5647362.6199836312,1375146.6616726345,131702.7548879589,1120965.8773124446,17610731.457768116,11995688.864448765,6985695.8565853518,809812.91086808778,5277916.2815879891,4788882.9166836198,22443537.483703904,6398494.341593002,3003355.4062928036,577879.28766634886,10294270.312246898,3542892.7659459892,1915454.4577030651,10876848.459153296
27895774.389941476,11925360.652458802,3843998.2961300253,6069839.0515768826,4091578.7050400209,3122789.6457397677,10310141.112242628,7132136.3178896606,353944.09285914525,3946060.0385510144,17651040.130826145,2877158.3417812334,8420305.7038411051,1946131.532511442,9049294.5205618441,624540.37236711755,1202290.9330346575,2613200.3215972167,3196449.5078745782,1750404.9441405365,5850031.7595592896,3793682.0027562296,930346.16795807425,89786.06845085659,764394.93902877357,12539069.329137413,8631034.6697635427,4999174.1346684387,564967.48072762392,3645653.3956133341,3326994.9102115217,15863935.180532556,4385130.102471685,2069473.839519189,397954.14778358664,7123354.2189136976,2498134.0285686804,1414168.1897478765,7521606.5575642912
29006241.932085272,12205175.211506126,2686849.4437350133,4127343.5799632627,3698132.6526702307,2832915.6591272936,7423337.201331432,6233976.80917121,313939.45768105774,3476625.9842369449,12351154.649176797,3026973.3557008863,7435563.5287850536,1718911.1300959091,6002591.3422409575,417987.84183408541,813330.48230267083,1760953.6393788983,2199562.8239191957,1387061.3786958549,8909664.7004557773,3036030.3061277163,1132478.2429809426,134350.11010485492,1070509.8794532067,14663722.923650527,8283677.6174384942,4797111.5074716741,514548.43385879567,2614485.2713700645,2351669.628781233,11394140.678926833,3096538.9645751803,1373781.5802852698,267494.2047806097,4810247.9633823372,1731523.0084642109,995956.82462445216,5112500.1283002337
23158711.936184961,10067743.375442239,7907472.3717542468,4871097.3975469591,8519763.9939580653,4056263.4763400485,15437376.532362394,7124751.6507587023,248170.7254875637,6159746.0245345067,25026498.714832071,11136190.898131922,7475701.7652334291,1848778.0065425546,9144117.2331224456,580855.56817295135,1139743.0114089909,2434674.9677771609,3747801.6007348876,1438293.6476948259,19403814.252102196,12160956.759851877,3032459.6637819102,267685.19798152387,2163264.2777556591,16776729.164714357,7081856.1456927368,3693796.9087819611,384571.47362026904,3411783.121469107,3026738.7609871593,13447179.99014725,3687262.5481503941,1658446.3905913772,262807.47339877632,7047241.5263214717,3179136.8897236483,1070306.5187417374,5578521.9385040738
32372468.25797959,12091089.461852279,8010194.1746100495,8042185.4931750754,10749803.566442652,4679106.9635817837,16955369.986751284,7518801.2575596413,243810.66889163267,14338570.182843363,25548269.430011664,14743916.241599528,8304056.4228374753,2046016.4691567963,10484403.211078495,664484.2770371302,1241409.5276576555,2568151.5586592453,5869638.4573326549,2617436.8261862523,21233110.972414922,13927268.079516754,3588296.4586806474,330997.17381049314,2804344.5112163853,21815987.061612722,7861647.1849398557,6295524.7074358827,990298.13965723629,6300216.8488569017,4264999.0819553025,15202445.608863419,5482379.5289510554,2265893.6309318007,321936.66237651778,7298784.4822921576,4092683.183445246,2150462.4969824054,13139555.93063054
39363686.382303365,14166622.851405742,8643851.4864415452,12982719.916350814,11122243.534110207,6072989.6847052192,24561121.793197822,12007556.754820913,550220.17314068344,15926871.447444823,32901265.376789235,12306050.408946533,16782139.885586757,3181986.6150820018,16872818.119760863,749187.98764806311,1238975.4153508262,2937403.6304113949,9149871.4723628983,4217745.9928924376,19937000.268225886,11732141.083753804,3166438.9287896324,299302.16180331021,2444310.2408313947,22286339.192396354,12554628.717543844,7136803.5888994467,956122.57383470144,5537687.0062282095,4024005.440258631,14948031.263544278,8137787.7337706201,3280249.8771723914,486300.05280014663,12405877.759737788,5073932.9824997792,2241996.814070249,22476288.331508249
50064924.551990658,16090528.256842634,10065058.962204849,11013871.780310769,10067888.846777856,5585530.984464719,23441554.469056476,10840022.967296267,496081.70943176612,14990307.689655431,35822487.369196057,10035578.889324311,12552181.58893908,2380838.0716070286,14729540.83846589,558362.40936788614,890138.16236505669,2423797.2403142191,8102641.4091691719,3475366.0358001282,16357583.47003079,9462858.0863479748,2600410.7430780465,252244.38854336395,2125322.1536930329,21588427.717069447,11837435.144137513,7633943.8044215096,1035667.862888321,3835665.7760602403,2862633.5479916143,10889964.229937276,6770099.2694480689,2999808.5563184344,487467.68481640896,11829619.332602359,4870754.7574078524,1860914.5098704798,18197055.92041222
46053092.379000202,13645959.475887295,8841869.6876632161,8715841.2722604293,7824218.1698245518,4530848.8550723949,18359212.676674202,9255702.9213934317,434425.87554992869,10784626.052779688,28351438.604124278,7319221.833408393,8717278.6478268411,1966786.1300752123,11755963.095561611,512344.1413142932,830065.01336916967,1917319.9695395164,6069365.0662703076,2729692.1707295123,11892411.090579178,6748140.9849480707,1898981.7620966621,187415.43976772521,1580671.0482221639,16761375.477352602,10111838.593032632,6503933.1688554762,802335.82079567807,2646566.5446791565,2779060.1750301411,15808876.940975573,5908441.3977378039,2488973.2292246469,376272.56719723018,9242968.9241561871,4040745.7334149424,1592449.5719783918,14186456.709216714
34216916.785371415,9962512.0976486765,7459863.4719099943,6625644.2358692,5620755.3493714863,3312739.6751873922,13235245.983234128,6766192.7712852284,320053.8288707913,7528343.3277174039,21178129.027607385,5103247.5207275506,7763764.3149418496,1748258.2364506,8655789.7271694783,371193.11746169173,604184.08886220283,1348626.7879929778,4290335.0881335149,1868499.5827353678,8305843.5864185989,4631692.5291735362,1325974.1311437613,132321.67171412194,1115035.852070183,12075415.292873161,7408916.7736496376,4738382.999229501,562989.15365617676,2505163.1350765587,2217990.7049158164,12814510.471743843,4057018.3781669997,1734450.5920800024,254920.80892327681,6742796.5906098904,3244569.7130124685,1288210.6197030938,10638947.62918325
24839415.498550043,7058398.9812587276,5376978.571299755,4570219.9801639505,3893841.3455440667,2318901.6284641954,9330770.7965843827,4743440.9557281453,227507.91716122933,5159844.4635729734,15983999.388790112,3427381.9908110602,7145969.5469424147,1557212.296576652,6317819.8377577262,339911.79531203298,547349.7160324154,1323955.8205498031,3277734.7921871003,1543730.7198814196,5750743.9590467624,3463171.3557291357,898718.56242702832,90349.363870349844,761654.62180010485,8404670.2804236151,5197972.9817211544,3317467.5253649997,403221.60386723478,2417872.6569132307,1910049.3228716147,9547033.7303956859,3353728.7929380229,2046937.8935233678,469420.22552871954,7042482.1575472821,2310632.5468532061,902974.77368305449,7527704.8524167668
17833756.20573549,4880711.6308205873,3770039.2470305506,3058858.0946390405,2611348.8849373264,1611483.0221320721,7249038.6708182171,3438523.4726755009,158799.43947648676,3961743.3522417592,11522358.29085085,2701514.3682456473,6302406.426552467,1374006.686275763,5200712.4404802592,305241.36964869004,493051.99258240673,1214652.2243212766,2234724.9634657288,1350699.5488733826,4263148.1093350584,2882563.836520839,666836.8240654195,59794.662458108403,504083.42225789564,5777197.2255551182,3588706.8422760852,2268802.5852181283,272991.53606284404,2154510.2312216307,1707024.026992481,7002047.7892040713,2865744.5739573757,1425089.9998126018,329286.37041075015,4891283.2730053989,1587804.0989725108,647443.51548594062,5151424.8961591292
12584383.192064036,3265890.0447479696,2582829.2801580769,2695632.8005633014,2030885.5386149357,1075457.6226387885,5004904.2577154087,2317339.609204459,107718.36898693108,3502472.1171062579,7720288.4625393804,2394270.3511995068,5491826.0901789544,1194800.8627249722,4572287.7334619602,267342.75408349308,431114.50852051121,1071772.1546215769,1977872.8930963234,1189943.8042443085,3816978.1874732221,2580238.5609262506,597865.50998218451,53950.318672640038,459306.19987107499,4225109.8242197763,2390947.4456951064,1517374.9162441932,240624.20157817434,1893512.0125555652,1499692.7752801883,6183218.0889131743,2525576.6512414259,1159514.2482748155,221383.93037495133,3477037.3250889,1052752.3907510589,442033.21602744499,3533479.53094973
9079976.6819523536,2495201.3799751415,1704510.7132806454,2347369.2244559554,1812067.2887472238,918508.14580571279,3778066.2236912381,1752258.9934023472,71386.14606565937,3204609.8337782798,6785017.0209590225,2136658.2781625409,4958892.372715855,1030961.1478295923,3974836.6012959122,232287.45017761705,373682.50396144908,932683.93085569015,1741932.0747960382,1155580.8588132248,3422318.7152507892,2327059.1124664503,547124.05218891846,50702.428876831385,426001.34510273521,3828428.3650859781,1825819.0695487659,1208553.7115126112,211093.75790161305,1653555.2540700526,1309657.5450665059,5524489.778321594,2628759.6274000555,1055041.5110766885,195577.71474692022,3053192.2426104164,906882.76022975135,389468.36781839561,3114046.5278557362
6784437.2041882463,2233966.1391213704,1503535.5502265871,2055709.4031486008,1890023.9951213095,870387.3519523046,3409999.3377799136,1548323.6888568853,61688.200085627279,3270090.3378116926,6132477.384724915,2668219.4833749398,4383209.7672400801,955779.75789046672,3603384.0179493977,227601.56062996414,363704.95595607621,949865.67564186337,1636251.2819484842,1074419.6565700085,14617899.528279949,9933142.326383803,1666547.6779817471,125303.19659975394,828784.21780452435,3687423.6842928333,1629101.2444619148,1191741.8871454771,218526.3218699572,1461142.342902089,1186417.1302765287,5105416.7608347954,2398615.382650095,1095109.8875789281,261822.54433759721,3152038.4712826288,797212.92998531752,341918.18111484905,2734729.0229244954
4775256.5211237893,1979929.7426110869,1455925.1764611641,1806394.3561479556,1932760.2532443921,836273.93949421251,3366190.4011478615,1399593.478809668,54320.312589121968,3013281.4545346713,5846879.7121278448,2771929.3538729907,5020203.3923739763,1172108.6784408956,3590746.5563120763,315815.06025595713,524776.29272785236,1182777.3061248912,1510148.2115651134,993587.14247316041,11101945.2762179,7594798.0589988288,1319053.0609558017,100889.1045590632,686265.61393981357,3366484.4626657674,1432389.4529428727,1052128.4126682815,191658.39781304542,6528607.285393808,3210766.9146055025,13130369.028134288,2511162.9668669486,1112389.3332510262,287179.60610639682,3138096.5660171313,731926.91176398995,308710.01994521543,2391088.0837068455
4226393.4768076483,1745229.7032348015,3225727.3569599781,5421959.7406351864,1912173.2615911793,883652.139600934,3789078.2473910348,1543270.2197542354,66831.631415682947,5599790.3679128122,14485694.044791335,2622500.378978218,26530279.18352307,5768466.6091080448,13236282.054280775,1181317.7420845991,1698096.1635745377,3373290.1460780092,4528673.3284509424,3604845.5111122015,8062473.929593862,5861696.8193833213,974995.81183099595,74811.635354770449,503032.61792815651,3168757.0257485574,1482528.0658117186,939252.19915125635,170154.09446452223,23673122.981945876,13299811.427562196,45013206.760002181,10288897.806825334,3402545.6750793671,634390.52126358554,8909843.7173598371,2089348.9677428606,1366358.7757457634,5491687.1957329884
4271604.1086653154,1878658.4196789302,2347656.738347834,5164246.1641984042,3331790.0207514707,1318266.8435938805,5410447.8282155413,1703304.2026178262,61365.487423020953,4426633.7617862169,11947991.776103301,4286063.1999942111,42586582.61482434,7785065.2242699517,13307890.914813818,1266179.4851256632,1601395.4401979428,2763851.2709518997,3690059.3109583724,2723827.5937721375,12863217.176348358,9134824.4921714906,1970448.1215358495,192750.96277431876,1539579.6028811028,9210123.997397108,1537339.6495617388,983252.23079313629,175518.56955762045,26034283.834641125,14954887.000360208,47481735.920395367,8374615.201901556,2639020.5941014905,468948.41008238419,6545661.4803725872,1513579.1531253648,1005957.0765585876,4290775.1797373639
8759855.3600418661,5366039.5761159267,1660540.4938930904,3540454.9241587105,7444234.3921664935,4918019.4786770865,10404008.520210998,8544566.7369717415,682182.77614410699,3950780.8296946459,11907798.600894811,7316289.8517774502,31182807.03243525,5616652.038179189,9506909.9602517057,911766.9801570602,1137609.7688305159,1939144.6261330133,3391637.0827715583,2232502.3869043938,13481009.575966472,8979815.2398979887,2237980.9812959507,225008.73131487094,1973441.9560477477,21649248.515028335,11652772.06850186,1634678.6703728978,173433.73481513668,19299686.7958824,11011670.141334979,35192275.723716378,6808173.7736035623,2087469.2127777087,327798.89472916775,4588551.8121857736,1014931.0254076538,690827.40032595571,3356967.6879407642
6153358.2137453407,3806137.3093871507,1467200.8661370345,2832733.4874187792,5488092.0910089565,3638965.2802450629,7531463.98621294,6272184.6228666818,514875.35283336887,3528776.8478796943,8138787.970354721,5317200.1199737368,22159614.851333573,3939829.7097125375,6367573.8540100046,631334.60518678511,766203.84276030457,1342589.2368678169,2332526.6677775132,1531303.5490672768,9953342.6456728857,6509043.0945074391,1649949.1003161699,167226.54615615041,1458129.4497606207,15950697.289157895,8669991.4308214504,1245220.5820047033,150101.72968941787,14090597.411255015,7966010.1316702161,25369315.649003658,4705993.6228479883,1434509.107741558,220679.63297039381,3417578.7942454834,896811.9749907963,456745.58053221984,2966939.5795581816
4625705.4357263083,2636769.15222451,1283510.7855671966,2481546.0465729865,3813350.2400337053,2578325.1222588103,5097534.8622322399,4416416.3536070865,374293.58322818292,3088923.0976723633,6904500.3744498566,3601363.7311779829,15476705.847260976,2692521.5484243394,5183230.6219695145,422918.9927292341,585456.5204950982,1174045.8563698118,1993786.8894847517,1326110.5298767278,6886708.8308200687,4464221.2274474679,1142519.2859577369,117715.43429453998,1024030.3281605233,11344952.551214932,6177249.6346719852,1097170.7267341372,130366.37476953476,10202761.044954663,5693983.4707505805,18038090.622374449,3167175.5482111778,1145728.9162596872,193418.73790918183,2975769.8997876169,785308.06805990974,398358.47593421093,2576516.3373591504
32477507.70682184,10609301.339281382,1333546.3870275153,2294468.9281011885,5701171.0173851587,2932082.3241626178,4474197.4945432441,4151586.3907922138,309295.00686273427,3234312.4237510818,7146363.9567405628,8236796.1929955864,10675247.212965017,1926912.001995767,5198626.8817547522,362062.19395595364,526223.33710882207,1202525.2644316086,2056355.910295665,1400785.4065738437,12199951.091602864,10559002.606621966,2142222.6383288763,193929.85842354313,1746590.1479575846,17087574.15377317,7464550.5380259696,4039811.2890930083,360129.12722542393,7299521.6649159146,4033822.5746599678,13451858.446468201,3122891.2611825019,1646689.7411494525,416993.4980285358,5046731.0374525543,841516.79393585131,364142.13786596578,2429424.6927170116
68722077.679302022,27593776.525508381,1237375.630199627,4154717.7120642834,12505041.65642876,7458741.0798374601,12240485.747160191,12471094.867571862,953683.54583625752,3411166.0193914105,12806957.906782128,16402399.037037129,19787825.658090003,5845897.0887659974,11623834.964583773,464779.40963392035,499743.46595235931,1163369.687875889,2279071.0475437995,1312995.9965476086,21583304.100355539,15755563.511584777,3675510.0540135866,350932.68477065518,3182731.995848496,38720106.858342357,21944538.140101563,9504835.7573720366,802039.44493041257,5202174.4588304413,3449640.3936159555,9813551.7851678319,3073967.2032256681,1342096.9821345885,297251.92216595099,4178891.7925272263,881245.88202238339,462556.51502692356,2809696.8585153557
52789016.698272914,21134965.159389909,5466037.7841049908,12794339.527062606,13957140.1710239,7096735.1169099789,17404966.064998418,11723195.5209624,743512.95718489832,4776465.8751626769,24599107.478806108,18851600.915461458,49745012.673973069,14401211.784653546,31268381.781358238,1738071.2167079959,2313588.6150414706,4718332.6763590733,4927796.6506966986,4064348.3095580763,20940029.938393824,16171188.752358869,3711900.4733823109,327702.18728494865,2991632.9155381289,30726787.548212476,17288537.396706346,7557338.6223095516,672300.65324412461,4443652.4002707461,6551043.4462494077,22448761.364020243,10438062.696984051,3369725.7574759866,498141.9250738066,9846416.9042496439,2937336.3077577967,1122406.8232226025,5015409.4829617003
38786411.984980449,15473425.662548959,4865825.7032751543,14596551.576167302,11390938.068948509,5755391.8095682254,16912141.810605016,9828849.1537092831,564665.94115223456,6334446.1471772781,22551527.594333641,15810970.251035232,55075607.758208059,14576014.211130882,31987533.085924342,2065209.3025942522,3103788.4820811041,6127460.638255042,4818366.5004207399,4522197.7040556772,21982396.518518955,15703455.244717641,3393291.1688465206,278290.20305796847,2473555.0530208345,23097696.556127191,13055890.663743919,5556298.8281557001,475447.48965129338,4208776.9370019296,7257310.9270615662,27132144.599825431,12488021.570775438,3831086.0908296644,632473.4489352057,10224070.117127631,2878218.8828953435,1534125.0548867607,6374772.0606469968
28250270.109269224,11176279.023136547,3457033.6424790146,11075362.002880922,8298447.2806270784,4206814.7165458901,12334322.628117422,7175884.5601540925,413281.75189028273,6207045.8940524105,17643066.297291145,11511421.502714243,42419880.095223367,11145381.453898132,25580211.135905545,1603464.737852816,2418517.1267808299,4939746.8802356254,4718928.5519380495,4051216.9821145702,16548749.958510308,11513097.878438951,2512158.8505632952,207399.90775223344,1816335.0912092046,16726638.84563802,9473906.9221157599,3946007.5597573984,316812.14163380826,2873933.2090247674,5397448.5648479974,20452843.699353717,9708080.2853753138,3384665.6891740956,575310.14083021786,9415727.6395554431,2194717.4055085285,1109682.5132880954,4364735.3039328698
20069322.286087703,7806681.8090705853,2355717.7118913783,7907740.5506845154,5882650.0142415967,2963550.0503733391,8643892.4628104325,5024800.2289438406,293159.26307924674,4230245.3021173216,12243551.040911417,8197712.5367880454,31311563.544829469,8317931.4155521821,18709642.38325157,1148926.9128173348,1718148.421945435,3508548.9650586997,3313087.7001839592,2882368.4583252729,11778330.170967281,8176406.3312407183,1782849.556718119,146379.50293301448,1281755.3212263105,11767939.129354408,6644476.9339982076,2710057.8978078803,252872.2292447603,2382277.5085227364,3824078.2281678873,14384541.750215508,6852710.3480398376,2406156.3889618679,406180.3296692759,6643702.2985767033,1505346.1941732434,776447.45560166938,3360929.5128549631
14322706.933225341,5501615.0652220454,1649593.3061404696,5483002.1423219163,5961391.6201433176,2439543.3850379437,6429382.9473792817,3615960.4067411642,209474.47878796238,3950648.2122941534,8119542.3392691296,10226403.492407855,22227504.703562081,5965367.2819374306,13163108.519462073,811287.177730483,1224432.5307610549,2419117.9696994363,2218940.815751011,2020542.9552378368,10220525.309473123,7829795.3242033655,1686061.7588048894,137891.01431995688,1209376.5413744764,8802464.9079870358,4718919.3143675402,1849436.5720828364,222254.06222300371,2103307.6062879553,2721204.8087704526,11735895.45815574,5601767.5731098223,1637513.7093056634,273904.2783575498,4437753.4788444461,1010148.1826088885,519336.18271624472,2947997.7464451101
25999161.392462078,10622677.936741771,3580596.8052356406,7174149.5128213596,7340138.954815587,3439668.0431804452,9232738.2247213237,5943863.0792719554,328767.53353162226,3528828.9904406453,11515509.733218223,12122049.926212896,16114077.897004582,4406393.2816300215,11847326.338055672,711356.41105136124,1161782.6692900127,2454746.656620644,2089758.9470084039,1621803.6520990962,9175670.411072202,6562625.1447335705,1751472.6831948643,167014.36495320595,1523719.4825338188,14333732.834214695,8173765.0240509631,5184919.3896434652,741124.59728994814,1847697.3780747,2020754.5846582963,9022326.3012662195,4466475.6675675409,1592049.3959024902,320404.5634188595,5119899.4197312491,2000304.6083979725,829422.02411549073,6324062.8174336664
22239404.601589151,8866199.1960557979,2957114.8467184315,6392945.5101162456,5437377.4199823132,2513946.4547802992,6636931.8835029677,4342936.3700210908,240972.1105048935,3111574.2333788313,7994965.8316854686,9040223.0747316033,10962269.755284192,3045365.6563760089,8864503.8938940614,490351.33775959112,816559.72473864816,1718635.4165351416,1886827.8024406035,1476246.2068285686,6517596.1172959227,4614533.5203312961,1274839.7850979199,123113.7650610766,1122416.82766139,10726156.353440916,6348576.5397260152,5192305.7633747915,865826.94599718612,1611960.6360107567,1796612.7948595211,6979450.194036467,4129386.9861420435,1233202.0336826353,219157.3094282331,3540920.5632164753,1750227.413218054,960472.25921961456,8066963.4336231835
16637713.19728527,6370417.5126928519,2010773.2237249725,4517199.329925105,3754956.6931441077,1736641.7553407855,4427279.4282946624,2994625.2863851027,169857.68025657019,2710081.9312491175,6892457.4135033889,6346180.3139282474,8296519.6901426315,2049769.9664253981,6081067.8408626691,365036.75604945404,599766.79137990205,1287206.2665009983,1665907.0643310337,1345988.6418299028,4408916.8921761252,3099177.556762652,856724.52756279695,83995.929090659469,771130.13194082293,7465955.8154119169,4493997.598397376,3777686.0310620894,616333.70603544102,1403152.7817045457,1594781.5870577281,6253811.010154373,3151895.5456167203,1115062.2785634259,194951.04941724284,3148969.5754588232,1189801.8075573412,660236.9422507392,5633248.0698713381
11790291.850195926,4394117.0423926553,1575136.624972394,3040566.0863705217,2528123.6330956202,1166534.0771422184,3651039.1195531855,1987781.6204097266,117093.77649582106,2344669.2283296762,6079851.7262242483,4363520.1719420711,7321046.2576017091,1761218.1302995554,5094856.5051480466,321352.10962796188,527458.53906941914,1132103.0901767076,1466062.9730539005,1203655.4266908581,3890639.8431244134,2735757.7531263619,656492.86815569818,57834.728147254071,514822.75550668809,5037398.6957596736,3067372.4371581948,2629298.3243755414,421079.56559127336,1204856.4663664591,1397174.4954986344,5503233.8378616897,2797172.2330191056,987411.05541247164,171741.50547439055,2769816.9139557965,939329.43288801936,444840.40933076595,3729850.0411730055
9382668.5929026753,3068646.3215780808,1389990.297835235,2658999.0458026691,1977102.8898149168,929198.42907064571,3152467.4856903381,1672679.5030965086,77256.627468681385,2019745.6839567123,5281509.575516847,2870831.8172206809,6453066.4559728894,1557735.1507568576,4427814.170404681,282122.72580500087,456144.87625121936,980792.52964910038,1263959.5754678189,1048664.0353374244,3387364.0359261339,2382792.087506705,572061.15585073316,50653.745521604571,445982.74386898131,3883720.9602985443,2021221.2049732935,1894949.2030321227,289401.16515838448,1057514.4840435258,1241742.3713700506,4826411.4789777463,2454045.1257508635,859960.95379808941,150031.97890793247,2414751.1906260261,827557.65515997016,394549.88687476708,3235049.7399828117
7276458.6862954758,2457011.0271526496,1216173.2669436266,2307362.4393925406,1743928.0742539088,822289.24848209787,2758869.5625975099,1474274.00030437,62995.252246367476,1731489.8960124031,4613177.9321629945,2513810.1873483034,5642431.2968635904,1374523.4013582743,3863638.686268358,249711.52164138373,400583.97404050204,857008.13409056992,1087571.3896314239,913589.89600909501,2937345.7078029304,2080762.3873235444,498955.50396107422,44575.381974436845,391868.62314913946,3418554.1447450961,1742568.3585021924,1306260.0155792832,248768.18743755287,890241.12142692739,1081276.7676126347,4242541.3818669477,2151750.5850887061,748067.0194464497,130504.40488199769,2095987.8127300614,723963.34535685065,346175.00968162285,2844507.5032232185
5782441.8212838033,2319086.2924465812,1235974.7086843778,2373429.1996602719,1599520.0606180043,801945.81948587915,2531184.5573220509,1505890.9720246452,65337.749268632288,1813970.3316707115,4602189.4097377341,2252722.9376386688,6231126.1240840023,1438542.5684685528,3954077.5463408255,256058.43999992686,397571.22709529061,862895.41240231518,1110936.555673474,993407.53102537117,2766531.0375920767,1893127.5347881785,458081.32858887606,41171.69412067064,361883.09603938356,3260874.6108567789,1753101.1651031256,1456547.227475218,312327.86706465459,1618585.8984572145,1427896.6069785447,5233789.4130539671,2376161.3391693626,804840.48312675301,142097.57967306077,2230099.5295984736,754536.16460327897,357588.69818008551,3130671.7493635705
11917020.296567004,5544482.0103594875,1539226.8331734827,2592390.1589229875,1867355.4383339491,1022087.9375791084,2854130.2361211288,2155975.8087202366,135383.81215786553,2239707.4045290998,5186450.9856797364,2510712.8018191028,7115889.5115362452,1578286.8258235529,4191573.185541539,279917.86615766911,427144.97265434923,895056.57304045628,1258487.2779011263,1065392.9527108162,3939288.534781022,2614146.0790578695,591585.09082820988,52863.338288094252,452902.61935539782,5473516.466962059,3935672.8879297832,4125502.9470175104,926267.85981590941,2155926.4833882703,1747919.0702829775,6072429.2171592163,2638883.7523400583,833454.73048263486,139950.15065490687,2297542.7664420279,912355.85135950148,404350.62422145071,4488041.7250339873
8561336.3824116345,4013631.3289641039,1360958.9798147089,2376760.5696504465,1679930.4927560617,917948.36804933927,2548512.8913110839,1734188.8314292042,95512.744265137531,1992888.3088449002,4586319.7278750325,2274054.5271893032,6354255.0615178328,1389867.7093015576,3799547.2676987066,249594.16240848895,385387.06010415003,795560.55368182634,1110718.306728513,953172.08259179885,3598172.8243586486,2363980.2178744981,531759.51355714933,47333.814696889662,407445.91377484595,4119692.4268853278,2812569.2352954345,2950408.6371513503,666687.2208470474,1901943.0740761566,1544347.6229426111,5531686.6681234157,2389699.7921519578,735950.34286538989,121788.03167657045,2006375.2628664142,805310.16427174199,356260.00235454983,3418681.2429334805
5754630.6170390509,2677794.1661915714,1191559.7537210484,2079824.5788063959,1476312.7760506624,812059.03512026626,2205319.4390827278,1529970.679334413,67477.440037705848,1683378.7920722854,4015129.0936220214,2000537.5239448932,5559242.0149384635,1209151.1744420326,3283248.6980930525,215767.48264155304,330792.81038151524,677473.88263274473,947932.26047992997,817396.45015843888,3156342.9890547465,2070173.9057279984,469363.13177616574,41701.523881471905,359974.32348316925,3647751.2655827594,1930570.1718285673,2024652.4042922473,459427.54951392725,1661409.8930738608,1350441.8276150017,4835993.6844084868,2083455.4227333958,629551.0747061586,104285.00978251292,1720953.1051583388,704034.13148506207,312241.17320582754,3019064.4454655293
4588787.62963867,2355784.3130871067,1040587.4952746761,1785432.3058352051,1285257.7637784004,710837.12883271638,1894256.8885638353,1339471.7834776328,59402.473005480686,1400747.0518253664,3444204.4491186449,1737293.2986562466,4931763.0153218061,1070254.9620147226,2824869.0183403441,185636.35295762582,280755.72124765971,574164.59535544459,797891.73628866684,698938.88450575946,2746161.5600763396,1794829.1500389478,407383.61535265204,36312.463466204033,313635.59888788679,3232874.3814316713,1707597.8788781117,1357995.8720766657,324940.63803077914,1506418.1152016649,1205422.1535557872,4212023.6467919508,1802198.2543526737,535404.52993292594,88433.298051451668,1465175.0857356489,616034.7620460859,275173.73889050813,2645742.3922051345
4033549.1398577844,2040600.1938878929,902087.27875435853,1545818.7324328898,1199488.4823185932,683153.26378144848,1835166.9983481492,1372546.2862063046,52233.523984180152,1344437.1421414621,3163700.8610387547,1516026.2261008834,4575849.5278981971,966035.2950191336,2459595.9229146824,163911.57196714543,239754.35081597816,489629.39210773021,754067.02706017799,624851.62628013128,2340953.6572398506,1550300.2746337967,354229.58066554338,31427.65505071072,273442.58316126221,2844740.4923384059,1526733.4561824193,1174586.2349711859,261042.18676757871,1480360.0414673679,1148620.9166702821,3771394.9386356659,1570330.5477722469,473840.00884087506,75206.931745224079,1255890.8136800407,531447.79016906559,237410.49176497402,2309249.5851000827
3550427.0070039765,1789070.9286930386,772193.95033367374,1321871.9438696101,1039120.6662481523,595319.93537076784,1573671.3577076006,1199977.3449688656,45644.835063071238,1218577.0675521677,2669887.2776229796,1311463.5700652713,4189524.5683206986,855397.84637028538,2099911.605755554,141740.54298330384,203406.7030665201,409872.55149521772,647535.40027479094,557029.40747171035,2030205.4991307445,1334781.6790964722,305197.59926751599,27011.822601931493,236100.1184139906,2479550.0255409935,1335725.1318785837,1032957.2862102139,230793.09099634626,1453106.3423266367,1091289.2647401935,3576874.099628502,1459430.3658933956,405844.43618346826,62313.085611276365,1040654.0077255301,454253.66247018555,202954.93203491322,2000176.0074076056
3099337.1234692344,1559061.683212029,842607.81098714541,1965926.8827316537,1171531.8613573515,614633.46125044452,1921507.795894325,1147716.9416115044,40080.518720127773,1861971.7104555345,3814703.573452781,1437120.3027846576,8016743.8984764647,1703536.505203987,3839575.2116705775,277359.2887323696,417093.79223391839,834384.57860498491,1074226.5550260292,833020.61069528409,2329804.1480452367,1778502.4824410561,362115.81873737613,28193.270666858629,248127.94497063145,2269423.2765980107,1184421.2016086762,906072.77627193287,202193.37354396828,2449047.1797429109,1828496.1956880593,5664667.0694648251,2033503.8988586077,669334.5387536973,114822.29590196427,1839912.0824670224,552660.78003740427,244524.37958378557,2219372.6344908969
4462886.7538646786,2571802.5998247555,1534281.7279057992,3894142.6523775239,2637885.3591269706,1535074.1037039645,4248894.1588293836,2958175.5079854466,102827.227034076,2960790.1851128526,7152473.398786176,2991333.8866617922,19608709.594284642,5001573.9216810195,9643255.0959736295,714886.33611239656,1108081.5505154,2219265.8085642131,1934440.7885794614,1287152.3249743646,4660018.1046364987,3586080.7095205113,762259.30375037249,62022.190200753583,582592.67756786034,6052714.1627250081,2662793.5507022343,1580412.615438611,314979.3649939379,2684598.4268694785,2950229.1729122419,7472480.875158078,2708455.8578539337,1186592.9021355135,264548.71942997514,3497601.5504437606,958700.73443715472,388470.04970669188,4626572.0213682614
22747420.920173831,9233095.6279726364,1370050.0399901755,2944607.0169258425,2354330.4306688542,1557764.5984024862,3789433.0791975865,2905539.3866267498,117714.01397232317,2682294.1579825757,6480669.443475266,2781328.6984443441,13974402.305068115,3531653.4586147326,6773896.0486098491,502993.63322330976,786169.65842048731,1543651.7204516027,1757387.8687501187,1164441.287481881,4240488.9231747994,2932662.181449106,676848.17242989363,66159.77128776029,606483.70529185981,8982768.1282608956,4617769.4779801788,4388241.9056415819,860108.67430889222,2323142.2153913025,2015936.5187634046,6584140.1205898197,2473757.3687740657,1071451.100235732,206517.13438786275,3115415.0398156056,849379.71088133089,341859.96566535492,3440012.8288667863
25973975.893060658,14858282.697400685,1200706.7998938002,2617854.5481635472,2556674.3670940036,1757653.6963778783,3433233.7920850203,2564390.7999701081,101775.83553284951,2578812.6464308328,5781059.7344413977,2828736.8963453919,10800575.93093453,2796858.6425181194,5461117.1678281678,413501.15442622715,655104.64051327342,1326595.167711186,1625527.7420961619,1079357.071320876,5038273.9417959014,2709055.7729743463,862928.21534063842,119045.51041961813,1040639.5363253036,16076616.93683991,6257390.6131696831,4813016.0781807154,847737.44551262923,2102517.1829179828,1866200.7607573627,6104049.1177479988,2315951.5246378807,999796.73360970174,198285.90851557386,2874632.6273877481,746609.74568117189,298193.5604090062,3036354.1980942213
20217802.512675285,11366882.891436839,1044733.5713683662,2311768.9091135217,2043223.0689679338,1231049.3531249992,3055509.0423379256,1826553.679640186,69078.736330427069,2274589.331908355,5143608.275240792,2557510.1529647862,8693850.618086936,1990408.9508399542,4865295.8393433876,345720.42723644932,559729.04579373787,1182868.4690348466,1450377.7272330332,960572.18087968288,4110750.0765507994,2402989.2670096285,663249.63575615163,83441.376285512422,727618.11043873383,11721758.789708234,4571949.2152187759,3636789.9300855086,618040.85602795379,1937922.9136295114,1693998.1140407587,5396976.4016072871,2064412.3412653371,888642.29530186427,175449.24386633805,2524873.6193177961,652058.88302670512,258642.68396246474,2666091.5874686837
14542460.800898857,8155600.1148972996,980016.13801383949,1992816.145114037,1786908.782415858,948319.724635905,2640182.433475263,1612873.5092618738,60731.775290735517,2006792.810592084,4526670.9785519848,2225464.3245388973,7774275.1770687867,1758133.6047025765,4200529.1660439204,303294.2852903459,485007.95125457627,1023280.825172007,1395268.5648436612,890875.64704188623,3597644.0082600075,2071614.7700132225,580265.40591373958,57543.745019784175,497137.22920853697,8191031.0561734177,3134080.7153760069,2537888.8906043824,423732.3233734183,1695478.953235226,1489837.0703582286,4699617.5287160557,1802525.6898333277,791135.8819533654,152829.69723554267,2206202.4927836042,582812.3199589944,224163.80589670583,2323863.6401090017
10407871.749514824,5800439.5907231225,927762.77995143505,1741909.3172012938,1744233.8716471437,929719.59667620738,3198824.3630080279,1640337.4570559706,53939.480217228142,1788558.3254278994,4621219.4733771896,1969128.9623890505,6861403.2740143463,1571391.9760157771,3871888.7324395743,287978.11302616197,471421.73268250813,1003580.020479099,1328672.6750171338,949789.66802203283,3152743.9011165984,1804058.3805856744,508782.04903136165,50653.799257874489,438209.15067836799,5701468.5079083443,2199196.4799240073,1767459.1338118026,283707.92900090682,1476664.0498454908,1331113.6634103346,4276972.8882406987,1982809.7824155346,787407.55135979457,140977.74181240116,2123314.3846656084,538249.58873262454,191737.81093778997,2026173.923862935
7337939.2348300703,4215534.2297814535,1004604.2587294234,2353733.3653368386,4259691.6396268262,1462973.4304279548,4102973.8979947194,1713192.5166134348,49141.326831967766,2688444.0264971894,4953402.8987529557,7226947.3263480095,6902654.7211006638,1416390.1293472797,4073466.0903868377,265564.30178411445,436934.21176318853,971962.12704204035,1462456.9974568672,954651.01592539391,11875930.484361436,9892946.2433781549,1932209.991986353,160720.19281495124,1292860.6873014793,7390140.8237012923,1897716.9965860837,1281373.955476579,245630.58897723825,1865958.4709876282,1405444.5195813926,4375618.5688502491,1978622.2977849634,840888.98882236169,157920.18405958719,2364040.73835911,568685.0742285325,176474.96205696068,2202253.0091761332
7899483.7687600022,4523310.7159138247,1095877.0754315434,2585787.046303513,3414154.4552036393,1208947.4913497481,3758211.3183461153,1643711.997530211,46619.068885578105,2485578.5263338042,4695973.8028281815,5620840.062472811,6225626.6992568197,1246940.5068347242,3912741.7349626254,237399.89974264917,389905.70288242819,902406.54668893653,1433576.0033655008,904183.85960724961,8768467.388110362,7560534.3498307606,1469990.5134781608,120312.0170069567,983762.92672699213,6346241.0222431626,1934071.8214461915,2306378.5052081933,460975.95837233646,1696225.2310158464,1252631.6055571085,3977676.9735817639,1800453.2699767838,839566.24058145913,167486.82167443365,2316540.5380981942,669448.88963241212,235952.52989747221,2814502.3747492661
6419370.5726273861,3482116.8316051345,950376.30562384776,2332767.5632580677,2354853.0218283567,953713.29709645698,3365973.3585825167,1455959.3235237028,40542.152840167706,2162848.5611475627,4095469.3442805801,3891739.2496207124,5424394.1349699246,1079384.654772738,3460756.9220481422,205550.65298182855,338534.16841323406,790878.97872097068,1266026.9423012105,789728.13062740397,6024535.1563008549,5292895.3599671824,1029704.184470483,84054.824983648752,686269.40373234428,4336614.1730067451,1728460.5045328471,1626910.4899296418,311321.18115198344,1473424.4865082488,1083849.6331042442,3449321.8093383941,1560204.70841163,735904.01638048573,146961.70765736271,2011423.9761825637,580958.67127088853,202455.1595447085,2470386.0821390045
4645782.5070709875,2533680.4438306037,827116.65056556498,2405135.3527658787,2039100.4104769782,862895.70012656052,3139162.4349237224,1281146.9602380227,34878.86278358291,3155923.5510111386,4075909.7035821956,2874471.2321803076,9477353.6223380454,1705023.6297360745,4116953.3161993329,283160.92266557738,437125.95559480105,975863.13166976185,1766734.2481664114,1254380.2024487366,7013769.1688570371,5033821.0140785482,900008.47853041394,67877.28931520936,531864.04796444066,3763166.3458545841,1522191.9426539433,1234143.2500484271,252255.50799017932,3092181.4395978968,1820466.0470433601,5593864.6355048055,2555376.2541015865,982334.53732573206,177423.52335354331,2182312.7488177451,537228.13584159082,207315.68459570615,2253043.3860100224
4430405.3749977835,2267440.0644163736,777137.2668871762,2716556.1134017739,1803067.9815031746,760051.44858743018,2752641.0387865277,1112211.9482054545,29718.067985845224,2843818.4664123752,3527057.0027961247,2525882.2783439374,8267747.4249923378,1622681.2390116507,3931969.5726308692,266437.8822262403,408458.53323938127,891943.66145772766,1577845.4105109789,1131956.8649542248,5127557.043194022,3423989.4568359479,668247.29451684817,55871.139213807284,464095.10286123591,3384844.9985703412,1345589.1955785425,1160731.2103430824,231924.38393457897,2465246.9468609584,1696887.2972826126,5174383.6141588651,2366534.643392527,877605.16798834165,157779.80755280683,1919770.1777334318,582024.63413853396,327074.39273341739,3633912.9531018781
4040660.8506431319,2012208.7488256947,966469.81110315979,2796182.7535592904,1595331.3209893499,669227.25598561647,2478909.4321834664,983054.29363141477,25014.360658482699,2500052.158104511,3315365.4577019238,2237303.5158187356,7328488.9796857173,1439767.1914265743,3755798.4441291774,235497.98800074361,360718.3511271156,785121.08161880402,1380520.6745183684,998604.02520245337,4093926.4349025218,2817023.593714043,595947.08245921158,50364.972830319712,415384.44480737369,2986680.1670213644,1177403.5495404499,1072758.3922060609,215060.05466890868,2258809.9002676476,1537327.5860044777,4825184.7782553118,2141776.5536332987,770494.68678795733,137871.68581001071,1776364.036539424,676559.36113773542,388470.48326840129,4184765.4149489743
3548182.7239544448,1762076.8774745874,851692.42014906975,2612170.3318852368,1410976.8515465213,582869.86423119914,2168987.6257923879,840659.8899560424,20750.977437532136,2772413.0428282637,2968176.4950002814,2006366.3693002185,11388882.296327412,1679629.1297748387,3752959.7374624293,245247.21859439526,341987.65893573058,720840.62776146445,1452937.2086274312,1051163.4488682591,4079415.0922285705,2810832.7914448939,566028.32751683751,46724.290051279393,378976.31106009887,2606024.6952272761,1014543.7948818434,939384.31052415853,187940.423137506,2817747.9531558347,1879890.8734021767,5524818.4095667424,2289889.870595125,745591.94312752911,124889.76655872496,1645166.7569893599,609116.52226672403,342900.8729627055,3320949.9017265108
3443410.4173742412,1598965.8968478884,807507.99364319653,2423746.9991417909,1226752.3704480007,501935.56841598242,1863821.0845321272,712075.07390006911,16883.532296173795,2448256.03467006,2504685.32957131,1754044.7420375736,8488048.4748192858,1498647.3231015068,3322294.1148439287,215053.92282871369,295114.51474047446,617715.01801623206,1268523.0325815612,924250.19162145187,3638886.7002574313,2499612.4468039982,499152.35433607514,41047.462600699517,332055.02571693744,2255368.5626853807,879616.22421796306,926087.90490456414,182345.66068137166,2401126.6616276428,1683280.6053430133,5046523.5039591454,2044151.919135167,647062.67175239883,107508.04251885597,1398857.4093060547,575188.18971365853,320720.39515263593,3294420.3642203473
3328401.5122162523,1835007.3881212717,2813839.3105640989,2827237.5976572633,3374534.2347085788,1760237.7553855444,14823127.135712536,4339188.5704630995,54212.457025676922,2329489.8505843533,6133216.3066099193,2211931.4108841843,7858747.4196093092,1365329.8693732205,3569402.8920388753,195328.51289122616,264772.27946429304,570637.15388491575,1436364.2362269417,849857.96006793529,3231497.1396754235,2367597.587646924,477239.45756385202,38668.611293545582,340651.95605082135,3056263.951065823,1739036.4742189425,1163946.1478166739,217453.52137555924,2657684.5164763886,1702381.2179936371,4993137.8423224753,1932898.1975616924,624991.42537806137,95313.864678430793,1685241.1188176458,907494.7719712609,353657.67636746302,5660296.2031790335
3922483.1305069649,7269182.6488879584,3582571.1518418873,3454153.9031589716,5253784.3045725068,4014224.7718464592,17833179.333198406,10329043.020504845,320200.01691455027,2850157.9557512575,6870134.0883100005,2825489.1270638467,7689066.2267040545,1283681.0468353215,3478991.9286689046,178620.44131923589,235635.28797287869,503102.86867864826,1442248.737879432,905900.44922336773,16488950.434825124,9297111.8750754278,1458892.2864445904,67942.39774671373,553178.17032529507,9071121.2116957493,8143882.9653009698,1863942.3133400921,212203.48067468416,2332897.2185190208,1570574.7285502395,4856825.6170595959,2186954.0691592707,617799.08523968805,84095.548336587992,1586880.8703510682,1140359.9867978743,386744.07442665903,9641086.1011838969
3510878.0543660447,5222532.2471935954,2544417.0935427616,2842780.7905404968,4003091.3668485531,3002400.6773070334,13872749.29980731,7663614.9112916747,232427.208369117,2691381.8078394779,6250548.1176617173,2572272.1029029591,7171996.1538122166,1142935.681754688,3079352.0364983273,154235.47143633899,200154.05903158369,430010.59168127214,1404316.9664279839,858269.5797814331,13021680.726506578,6978788.5721109193,1099353.5232427164,55880.087367625893,470281.91866968188,6461243.5571206762,5908185.647511011,1300505.3425920927,187179.08894505864,2246298.6435389258,1456776.8651189394,4467733.5763351964,2025838.390607303,559031.82169587514,71960.708688701852,1380575.9361120546,941536.49349455046,344041.26253340102,6931309.7832561731
3257578.0211345931,3857637.897589568,2840905.9558160324,4231054.5665419577,4656636.5477679865,2620568.722967451,11502893.579532819,6042124.1076233489,170055.08217144414,2643797.9824320637,5968537.5230184114,4636828.0609117048,6990425.5324171027,1065278.2902337033,3070835.2969543436,139527.21473826256,172192.68042091132,360916.64278600755,1377626.3319460563,775540.31356440927,13016366.944403758,8541643.2992411405,1319009.1071438545,70131.241728371664,533098.76067615382,5083119.9857291216,4464223.1009537484,1345821.6509354524,208636.38351312064,2568236.9751905063,1493682.5199858202,4126197.0444226055,1813287.6762528098,499039.85278049513,59360.80773192559,1223048.3674477001,1009539.5694776099,380524.98772763554,9502062.2155791372
3164925.1627184604,5970299.4102148432,2007941.9428115557,3002428.4146144055,3868290.812858101,2246911.031381648,9544214.4719905723,4868116.5660726,118998.73676786847,3274996.8580585774,5950748.957789409,3650708.6000781772,6302125.0119288182,949054.86244458414,2731693.3056381173,125919.38164940126,153509.6898558184,320425.14663558709,1657836.4803670933,960983.59220376366,9742498.7692437414,6649454.3087963201,1006481.9930825098,55948.221247761467,472592.91758970317,6076103.8901080396,4295616.5959360879,1264116.1992100631,190780.06955412184,2293629.4423254314,1371388.0258582428,4118532.8793304623,2028148.4158976069,571338.25515194354,55750.636503620139,1125294.3094275997,908710.93502572482,339800.45469106873,7462405.2861705329
4199772.4264873099,5747934.4600431174,1590710.7471390984,2720697.7585598021,2762697.2312299479,1728547.0101368136,6723183.2659807745,3948188.542301395,123248.69489365189,2945799.3343675244,5227958.1246518046,2797002.4550376572,5512979.0316299479,810733.40381765121,2351375.1024515154,105312.69893520309,122614.28230341314,255360.16046023089,1467480.6607481155,839788.395185892,7454752.0184356868,4605932.6567062233,828743.35809471691,60738.245520920646,482183.28744783031,5619970.7893726779,4151395.3863979182,2396979.1923183063,346876.97714994557,2020793.0627523845,1193949.7547800851,3627269.1935448227,1796477.9494393168,486035.98331453133,44447.871088404368,921481.31181012688,809325.75004691572,304082.46414440917,5625795.2248600889
3923272.6689816844,4242040.6337223258,1534866.9874408168,2735983.7012699684,2054127.5645296136,1193217.6802280287,4634721.7805479309,2824726.9299688535,83763.819682788075,2575669.4289096068,4601109.6222346118,2491474.097867067,4796684.4078068957,681203.16387401568,2094896.6950369554,85009.37970201268,94228.752639566621,194428.85925784422,1276862.7449452546,725152.92402233207,5091219.9213142656,3097243.7295115194,647142.6779254931,52341.032095858413,428172.99055646779,4037543.0834910409,2986122.4331574817,2105968.2533799056,379351.61313311534,1770289.9119346451,1029682.0536073995,3104927.1023616064,1551038.0430740099,406754.81357937685,34168.671381650165,743366.56441539899,807685.42108234623,302341.15399764152,7040182.9174822997
3510505.7370319664,2863403.4742441075,1353448.8660146808,2430197.771891688,1806897.6098431284,939515.77977169375,3643596.3952144631,1872206.0784489082,64527.946048191494,2212591.7688482064,3977387.8765070662,2164395.7694860282,4533864.5844929852,608067.68352983368,1753623.9040611826,69358.845160073048,69472.856652155024,139202.01992663793,1095621.8156003936,616644.14998466661,4021464.7604789035,2704654.7594127548,567215.26848887186,46077.985190174215,375831.56956435303,3565479.4479907574,1976197.9920216717,1424356.6587299423,269895.9363533401,1973862.8853316538,1033184.7693888674,2644061.3076817715,1316600.0921108443,333701.47618015955,24851.205852958061,574655.99728919461,707147.56959951122,262320.56452408759,4866568.1203706758
3069283.875728461,2373313.3110752925,1185192.9630143878,2159160.3794640265,1585940.9815660128,827986.25788971293,3199410.5976478276,1649592.6479375325,56852.6482121749,1888340.953464166,3436709.8533725268,1889215.5318533867,5012901.3426720081,704959.8823879034,1682247.1103884736,95597.557908695395,126409.22404543082,230649.12657383847,969287.45210663322,681809.26320788742,3546703.6403081925,2377334.9481343729,497782.03871828446,40662.647589172819,328667.58436437754,3129474.0456005586,1729100.3198830907,1187323.2072283097,238089.53036449102,1950480.921552598,1079778.176616193,2597037.9448429472,1532235.4480378036,343423.13082929031,22355.15650123595,480076.15150664892,614839.24437081418,225697.09635535572,3468665.0175046464
2644040.2715743845,2084944.8793515845,1030873.5304364252,1886451.8921654217,1385623.7667489208,726234.37675362581,2801731.5925342962,1450605.0310186883,49791.604567167597,1603787.0129477866,2910305.226094469,1638392.0053667736,4464627.2077176049,597608.4384130477,1375092.6551658369,77668.044295811138,99202.61161369631,173018.39573393826,821768.71075873729,582210.28207089938,3104438.9680408267,2080813.2303297042,435662.23897670413,35802.641570879976,285462.50186611881,2732213.2270239014,1517646.9225671957,1042330.2315765532,208644.17776292947,1710246.8606788998,931655.83218987531,2212439.8443638291,1340195.4677518732,277405.05708296935,14231.040809345663,337680.04132003326,530342.91337954847,192271.21347791361,3061322.2156312475
2337320.3464996745,1846966.0957420813,889767.33491524868,1626491.6420507804,1202960.2279166975,633206.23014831275,2442660.9911073549,1267998.2404766616,43368.381554265565,1341492.484323564,2430063.3633145541,1411748.1826273275,3811778.1007718542,485619.26112012798,1089843.5120548762,59548.031793456816,72508.581892985429,119820.23717185506,685648.64986315032,487823.83295270422,2705875.6127660628,1809887.0597478929,377718.7606226448,31002.621722277549,245887.4225494464,2369675.4596815463,1325372.2030673451,911838.92809913494,181930.40788797513,1485376.6972298736,790478.0843549812,1796584.1326300697,1126501.1852522928,216688.42654855867,6925.4740023714876,209763.75313095161,453163.0645855976,161831.43709957809,2686134.9870892945
2182780.441781933,1650702.2479220966,764964.96107857418,1403013.6985524485,1042414.4808285394,566286.87454910902,2378864.6077826056,1173973.4766008875,37535.727427634083,1099885.8407904746,2143410.5644710213,1204473.4670493805,3202967.9145786921,383439.93426057405,834757.20939652214,43142.413067572306,48592.640388057625,72210.884915350005,572741.60738635517,401445.9860172848,2343218.1545336707,1561767.8946763997,324920.47035886825,26599.237881797337,209689.90603362859,2049154.7694911759,1163685.2723037109,802826.76030603366,157594.80073545733,1278229.2031712264,659787.96001416678,1421540.3573688217,931854.36599711154,163889.43729175368,401.57532963847245,103340.15301193499,385911.10988510872,134186.23185328796,2346978.4503816306
1859551.3836154274,1435935.4610830802,686425.61891958572,1240841.5574551036,891698.840179555,487000.39729535166,2082898.0590717592,1015399.8897565327,32165.190119287621,1183578.4461033063,2275949.2651780527,1019682.852483675,2663101.3707078081,299182.06570783473,1070733.9482448404,31446.706700563696,28153.49649794275,57144.674799884036,907987.51371647627,550488.8031464339,2019638.8203397759,1364181.8842500779,280498.49917952792,22907.40918397094,177502.49432743085,1745167.4870402515,1002313.2320930634,694414.03085327346,135371.88010745263,1096159.9279867883,540797.06473951833,1115059.7889932562,852268.87085469859,198763.9129991653,0.00037944033975638246,472893.10733659082,417324.6119922612,131386.02550156912,2044754.3131318609
1554170.4483198605,1233337.353255776,578000.99756384012,1057828.8796708544,782072.95854774071,434218.46109984023,1952802.1269540335,896493.89166918211,27263.301566611121,1132423.6610933933,2931450.312778322,853353.40847270866,2300043.6095186737,360050.64251897106,1180644.6417264512,104636.84953047555,209191.97994626372,384714.44738644431,1069905.9712265667,821898.96193833451,1715117.8929595971,1156700.1810144112,235750.50595349321,19194.546376235499,147196.70150390864,1473433.3698194374,854891.48475183116,593510.96459578106,115111.0875419053,1080593.8324423812,676814.63809815864,1923474.3995815273,1478379.3216397259,343470.66788764141,10333.662209569471,557395.82114063471,353561.07628387021,106601.84896117974,1758635.1711155279
1284551.0448262843,1050932.8981495299,477561.73229641374,886457.37486878608,739421.44815268135,395596.30028752494,1766820.9296397909,777159.6100430371,22797.457547640919,1211922.6682384424,2654386.090402747,869853.7299251192,2565464.6059112744,365510.22846603545,938283.73644893302,96650.080175680225,184061.30524933938,318140.69768580102,1106103.9398989463,818505.91128033842,1659799.4642902147,1677711.0259558749,287307.99578973837,19594.993378374351,150890.2007751847,1241497.020281947,720984.66247743263,505294.54265746637,96668.710088069565,1752361.4757135068,864426.69449460437,1818812.6436073428,1420582.1239547217,321981.83512353856,4555.3367873198786,419121.25412593741,293891.07146440307,84387.906478075762,1499081.6793407463
1030269.6902478731,881618.25022693083,385700.89509772207,726229.00681673421,613847.9804636694,330966.32868978515,1506209.0795586572,652912.85820190201,18739.619104555921,1004915.0061171291,2205086.7324113506,712504.36109404336,2699948.4129825593,354041.60426994506,730931.88561501808,86928.102378867523,158763.76374990636,253215.34035226642,958092.80138246343,715729.79615498078,1394357.49050944,1459063.3373677919,243507.11382538776,16185.183427917846,123104.38814398757,1009410.0982904258,598983.62388344971,421348.90794384852,79908.048144484157,2053394.3461110662,968598.74872263672,2111293.8602924896,1294935.6697303441,261567.39832784701,0.00055822674167558476,282611.63873063575,238062.68538864597,64118.348855939606,1260356.0639517952
799422.38522231579,726528.38419797982,302153.98818726756,573688.39493876195,496862.54812204081,271896.89335267874,1258575.3473564424,539802.93700844853,15052.694381441179,786370.58609488665,1782941.024390084,566096.83518986439,2257093.2348942235,270733.81119010877,507936.00829061598,68775.637921690155,127395.4137560566,191874.63820456603,802890.80284762138,606745.90127546689,1144847.0451845932,1243680.8595599937,201715.49101294865,13054.043847906642,97558.173312345592,798625.63264207309,488240.77929860383,345106.95212948823,64704.312305246691,1816417.2746686863,839573.41090412613,1775461.5246404945,1097328.7709490936,201868.47653536565,3.9906374806945123e-25,160021.76564838074,187371.19339443787,45888.927189338792,1042692.6419522752
591911.74438693118,586106.50492140651,226723.68128875241,435750.11234816781,389959.68517333927,218190.56473074947,1028814.1225514469,437184.39993476367,11722.216278779173,594180.73811017966,1398305.2321024153,431795.31739112176,1792421.1730024542,188783.18738468451,307875.02975533635,51165.927814882154,96712.878738963307,135772.71344636395,664927.08795949141,507106.12276179518,912706.30551219953,1038198.6787021131,163192.85226324125,10203.706799628882,74326.342214340941,607991.28257815982,388236.41256608081,276190.76698224409,50974.417093344797,1583066.1730880749,705190.97781628161,1398297.075245006,898465.99561420444,147741.68468993541,1.4807791423241224e-39,51106.114826400626,141712.11225248384,32941.44250128253,845097.87273837882
403937.40283964906,457965.9473508473,158751.23822466802,311624.65518837672,292932.67852401553,169468.13840342467,821788.24658897496,344303.98165938561,8714.724234852587,417097.80763464526,1053780.761240015,310254.22533131816,1369167.9249468967,115476.59234533155,129929.33031870572,35660.658435012832,70478.387397728351,86619.521318219267,540331.53842034773,418525.40733944555,703483.84650381655,849503.81613152882,128137.3520725088,7615.5655508405007,53278.878068054633,435842.51458365645,297924.50872511929,213905.59999477639,38587.151336454866,1368146.7481441717,581829.64026758424,1055726.6756494613,723429.15457841812,99353.299998656745,4.037889367194643e-42,0.0060955847685555077,100614.45459925139,18041.954459691548,666149.63525797031
234821.20764384401,341344.4144773694,97648.439854306591,198895.37628868155,205119.68329946554,125388.90196578874,633732.13171836617,260388.06335267908,6007.1750740177904,260488.30514264837,742546.23809202132,200690.51326036188,983539.67694869987,49895.417080611936,0.015388751773237177,21774.570775072909,46965.758628981101,42746.047226041643,428761.58453419228,338798.48711532517,511941.39012013783,682758.36362730397,96543.933217166938,5274.998260444595,34280.249570453816,280898.77185731177,216621.85095781172,157841.42752609207,27458.677704331261,1170043.1525305356,468660.15081092675,745788.63963027007,567425.02235533705,55894.517645969863,1.1192485511220196e-44,4.9073470236515323e-24,63732.091504519609,4812.34009327081,504075.12492851284
84005.898642444736,236302.08992234728,43119.161721176984,98087.166403654614,125795.79173001501,85645.554682626331,463456.23386327142,184942.99642293638,3584.201716318631,117375.37133537134,462372.48459337285,102009.93310182123,643360.0089349678,0.0058231840931175704,9.9020235605315106e-24,9414.445734378518,25994.162171851163,3847.6509209364208,326204.30816364463,265421.61298963404,338486.30049074255,529047.25078876573,67860.298534755173,3162.7850232209644,17195.922539436615,142239.7328143116,143891.85963239562,107623.33366763468,17507.507074441804,989379.8128929307,366161.96983416704,470239.98061542679,421884.8176214128,16966.932283623188,2.9948298621686553e-47,2.1138901997736437e-38,30820.164533882587,0.00057521157107080334,358100.13201026723
0.010000096561699114,141811.13153899673,0.0051045339561167063,8200.1492506885825,54672.680308375355,49982.290499925308,310209.97331158316,117389.25590204237,1427.2711465266389,0.013912669093449917,211405.85432128434,14054.112152751755,340266.52909079072,1.7259991653702137e-23,2.8753315083613198e-38,0.0011091323373773395,7404.0348291999662,0.00046147969656613587,233919.81511448059,199193.18243077936,183965.84347139977,391705.34554577485,42166.389614852684,1266.3684380699276,1930.2086363755018,18802.181931347121,79129.849773195703,62835.846130789498,8651.1242038870078,825395.86278523167,273263.88527599,223414.08574708083,292813.01734176453,0.0020266013698004553,8.2383183431572063e-50,5.3815438174606959e-41,1615.6493285267554,5.6004418497417282e-25,227115.69063846709
6.9272221688117705e-24,57135.505700553615,4.1246012061024707e-24,0.00098425439145934795,0.0065012895783082324,18102.852913211551,173174.16549059586,57190.273273820174,0.0001694977400512668,1.0058925229272862e-23,0.025061115464956776,0.001686040553163155,70803.368373597637,4.3845304125018016e-38,6.3260087307044023e-41,1.1103270078027398e-24,0.000881482371506531,3.08922345199674e-25,150919.64565753154,139361.74534536051,45764.316264173038,268227.73232823564,19109.435668124715,0.00015107941669119574,0.00023204467476533501,0.0022597755727868383,21746.971026341838,23093.353674244561,813.57706393430408,676824.26711635769,190212.35223251279,2242.7434224678746,177559.27787572518,1.5596211417871664e-24,2.4640946674896228e-52,1.5467988484113585e-43,0.00019455538108131002,3.0542629157612385e-39,110073.84623958485
3.6733019462756325e-38,0.0068030489866990297,1.9273175727457955e-38,6.3546045109294485e-25,5.4273564604328209e-24,0.0021590113841994571,50848.122820151271,3815.2548111146825,1.6624486733175188e-25,3.252069499435284e-38,2.0052832698040559e-23,1.2600414239771653e-24,0.0084106767496903226,4.3512173383741425e-41,1.5005049657787859e-43,2.3143882235538963e-39,7.4149208074112628e-25,1.5722872842690759e-39,76067.439101776414,85245.590678958557,0.0054696595965730149,156904.26943396157,0.0022683803959240366,1.4654821366845136e-25,1.8849499740665938e-25,2.0882656393323721e-24,0.0025981638947754674,0.0027454445236875713,9.787563985833226e-05,540480.62678850628,114684.68301073514,0.00026891113307968143,73767.225211812416,7.0829149247384908e-39,7.6163921983680398e-55,4.6712360985272686e-46,1.8247018317615415e-25,9.3025833366380916e-42,5999.1859318597808
4.8678261925392825e-41,3.7687699005655037e-24,4.5441046024122689e-41,3.5329189645103573e-39,1.6709995508894386e-38,1.7436333512940691e-24,0.0060590105235496438,0.00045876632745218201,6.5121237598628678e-40,3.5182077041010383e-41,6.0035191652922117e-38,3.2142923488816908e-39,1.6135798949593686e-23,3.5276115521568739e-44,2.982261583240615e-46,1.9541152494610944e-42,1.3558475534339379e-39,2.5385468802626161e-42,8686.6310643748711,36328.051461523064,2.9315584385917906e-24,56513.180187900718,1.1977141991263532e-24,7.3248284921555906e-40,6.739630976044002e-40,9.2812702251173087e-39,2.0741833122982155e-24,2.240008638344825e-24,8.2061253644183941e-26,415299.20158267324,46107.217046348575,2.8510050482386331e-25,0.0087369360415309773,1.4767952927732315e-41,2.1157267261702408e-57,1.2477685988223928e-48,8.9735603783963323e-40,2.8389311593816114e-44,0.00072212985489817228
8.8251806866797934e-44,1.2997475286975605e-38,1.0751414275529726e-43,5.2351193152627124e-42,3.3659089372302319e-41,8.3230033344125792e-39,3.1859103511349608e-24,3.8539273446233801e-25,1.6480320287927116e-42,3.7766861470338349e-44,1.1504231344704873e-40,4.8392726867990567e-42,3.0712630183163895e-38,2.8736470540094355e-47,5.7263347238735346e-49,1.6757660871372754e-45,1.6482924420624954e-42,4.2190702555425073e-45,0.0010424327744793364,0.00432340541025615,5.0555792242436981e-39,0.0067266936198470632,2.9700406515211215e-39,2.040250312568553e-42,1.5435508209279027e-42,2.4996327219823435e-41,9.4576540131655801e-39,1.0828247846002685e-38,4.0145653152527911e-40,301257.8110320759,0.005346327608230248,1.2984093990320537e-38,6.1061521287176879e-24,3.2921964155384343e-44,6.0074303978011869e-60,3.3364554774014943e-51,2.4926118304407884e-42,8.4793428274402173e-47,6.0529252300272718e-25
8.2363973696550387e-05,3.2509730939294476e-41,2.8877240092221187e-46,9.4029550180624724e-45,8.2263439505245518e-44,2.3862478130678746e-41,8.8016046551599887e-39,1.8589781307847278e-39,4.6340056063298901e-45,4.8750815331155267e-47,2.6891776012511643e-43,9.6283196208905642e-45,2.9163924348525537e-41,2.4668749295876826e-50,1.2578575528942273e-51,1.6610700310741362e-48,2.4346236975403631e-45,8.2619120502062553e-48,6.371622057158848e-25,2.9296721997037467e-24,7.941095653753966e-42,3.7067413477774104e-24,5.9919074608560463e-42,6.2742843100304466e-45,4.0007443557812128e-45,7.1891063304855829e-44,2.6874470563303055e-41,3.1206631073533644e-41,1.1813701890738936e-42,197892.0561476583,4.0373785051963288e-23,1.7640785300142928e-41,9.9151564587886086e-39,8.2884143113373492e-47,1.7903412019848417e-62,9.5432524096891721e-54,7.351242026768961e-45,2.6105769680712012e-49,3.0827317205075109e-39
6.1557602075129317e-26,8.7705256049438735e-44,8.0324550067881592e-49,0.00010379048783749502,2.05999876605316e-46,7.13375750488947e-44,1.6365300005478837e-41,5.2586636422495351e-42,1.3131548699910431e-47,6.7929421963486548e-50,6.5590577585904599e-46,2.0605164074951411e-47,0.00053129987727109219,2.8187469919892045e-08,2.1663974039973694e-05,1.5021639625373193e-51,3.4105183289737811e-48,1.588924272683133e-50,2.165583024585889e-39,1.1512343967664471e-38,2.7550309044620922e-06,1.069829925017855e-38,1.2604694404951546e-05,1.3197896826467025e-05,1.4803271246253799e-05,2.1068204881203771e-46,7.9201682484880398e-44,9.5673594193713866e-44,3.6111994319239967e-45,103898.0855407201,1.2045461782633929e-05,2.6235340596542586e-05,1.1381376030454567e-41,2.1034448174240784e-49,5.3493030214435578e-65,2.7416674035465373e-56,2.1891478767782157e-47,8.0687033706798591e-52,8.8347625144809693e-42
0.00013279148716650131,0.00097768399626873312,2.4327936063666895e-51,7.7350950304784755e-26,5.9146274311717561e-49,2.2500479508515494e-46,4.1622410918718651e-44,1.6009002281505716e-44,3.9832810575647863e-50,6.1683195817829425e-05,1.8517595985439757e-48,5.197359065321524e-50,4.8522484034616113e-25,3.6899196826462545e-29,1.7325917820154971e-26,2.2476484820308333e-54,6.4218385392880549e-51,3.7550878763182517e-53,5.538512183018103e-42,3.0922285080955335e-41,1.8163397735573464e-27,2.3999434705599132e-41,9.1581943120424316e-27,1.249491725386992e-26,1.201365919051773e-26,9.8299061488568931e-05,0.00016801188264752283,6.7657808916064374e-05,1.0960698724222624e-47,20530.944947402299,4.132853473520238e-26,1.9699403019407261e-26,1.9699527540989498e-44,5.8170704560811073e-52,1.6379356289181737e-67,8.2665977694855137e-59,6.7740486911457711e-50,2.5358623964292948e-54,2.7069530129960624e-44
1.0774609948541081e-25,8.0362592092991824e-05,7.1701258587530974e-54,2.8364803859989242e-39,1.603411096758918e-51,6.9448555501181106e-49,9.6551137164665055e-47,4.7109889013326494e-47,1.1724513205244792e-52,3.6342959200625197e-26,5.1171347169572828e-51,1.1720413067275443e-52,1.9333128576754231e-38,7.114424022592423e-39,5.0953948387025083e-39,3.5782015045804593e-57,1.3183207754137532e-53,8.8923416032735075e-56,1.3625636641286631e-44,8.1617833438979654e-44,4.580560875686569e-39,4.5646073820414188e-44,6.3913171867107414e-40,7.0218545874670996e-41,4.2979020962587749e-40,8.9016753295610074e-26,1.6858370224895997e-25,0.00018655094331883768,3.4133861975834761e-50,0.0024172317786464396,1.6839537575314883e-38,1.1199667105501888e-38,3.135558204412479e-47,1.6070813575820005e-54,5.0172470623186666e-70,2.482257447290015e-61,2.0746327512495174e-52,7.9203272206958731e-57,8.0545991443753682e-47
4.3090752206083757e-39,6.6109708361097563e-26,2.1093833405512432e-56,6.55597009140648e-42,4.4601327784533252e-54,2.1732850151142899e-51,2.2952841725507313e-49,1.4175390446005971e-49,3.5359556585090481e-55,0.00015060483893206811,1.3884545188313278e-53,2.7930605069173945e-55,0.00016208402722934736,5.8408394923166564e-05,0.00017303959609198561,4.6544619992239161e-60,2.3265567940342906e-56,1.998337039559482e-58,3.4151304851929247e-47,2.1916525647956259e-46,8.6633658342557921e-42,9.3716674237060796e-47,1.4679249238402604e-42,2.1927058822962219e-43,1.1805329602844569e-42,4.63987595265238e-05,1.6929988328219726e-39,1.9156857157516677e-25,1.0480685681062267e-52,6.9983701464123314e-23,1.9975078110373447e-41,2.2742523831959393e-41,5.5766595924685548e-50,4.3704488313379245e-57,1.5305001066468841e-72,7.3973156399628152e-64,6.3544983448086863e-55,2.4758737165533425e-59,2.4181315044177076e-49
1.0821734137032087e-41,2.251751872693535e-39,6.1881610060227679e-59,1.375176650761827e-44,1.2385654750412128e-56,6.7958729848146936e-54,4.947521992552959e-52,4.2027250287720149e-52,1.0369339709760313e-57,9.1058839749150662e-26,3.5896411258528357e-56,6.728295828367722e-58,1.3088464506728575e-25,7.2374042301283148e-26,1.274493099444532e-25,4.4268456081453233e-63,3.125542545525231e-59,3.7770461072416768e-61,7.7156823877506149e-50,5.3867123674086727e-49,1.6674496034011335e-44,1.8968520624624858e-49,3.4495452398567498e-45,6.9470300448533242e-46,3.3269497221553604e-45,4.2645270987315587e-26,5.082638900616532e-42,1.1324742364597638e-39,3.2210813106594293e-55,2.4989393321097176e-37,1.5789457003524233e-44,2.2894973441238874e-44,6.7645870879955637e-53,1.0895306423703162e-59,4.5058376957647851e-75,2.1511991359499482e-66,1.9340648996857538e-57,7.7251926247429242e-62,7.2019418142618517e-52
2.6380399432764967e-44,5.973334621615294e-42,1.8625154180863749e-61,3.2763181572450583e-47,3.4324029916933041e-59,2.1326975277366698e-56,1.2209601993285843e-54,1.2803991341512476e-54,3.159083844104344e-60,4.5684028914211554e-39,9.8609622207942556e-59,1.6064051174354794e-60,1.5301662812860431e-38,5.171434703426373e-39,4.9955048680109216e-39,5.3649072060180308e-66,5.2314503445986229e-62,8.2186631091608864e-64,1.881483263226092e-52,1.4056635125036455e-51,3.2877125219268296e-47,3.9969424323539528e-52,8.1734522213454081e-48,2.2007173407557113e-48,9.2470898414103589e-48,3.535269542213686e-39,1.5575059401749064e-44,3.4736049363667552e-42,9.9004387825640372e-58,2.3032380747281428e-40,1.4210863103722276e-47,9.0732024359929585e-05,4.5754406114972871e-05,2.8888292446176987e-62,1.3598113954537902e-77,6.3862110282266931e-69,5.950262563836611e-60,2.4179363820439763e-64,2.177478523893344e-54
7.1132340555243075e-47,1.7699616222752752e-44,5.5900761481744382e-64,7.7412921924671221e-50,9.8133353578833161e-62,6.7019953220736922e-59,3.2783985491572206e-57,3.9443894952331205e-57,9.7100116466484293e-63,8.6270720770388338e-42,2.7716846071528313e-61,4.0494784335942911e-63,2.15052594698635e-41,5.9137996634868534e-42,1.2714457044857932e-41,7.3350871476431412e-69,9.4997943770708677e-65,1.8665228589796975e-66,4.8507975131905652e-55,3.74846643730017e-54,7.0005326967677301e-50,8.9071831392046386e-55,2.0096553276728769e-50,6.94862249750383e-51,2.6239064470527076e-50,1.0656392562477904e-41,4.8337871684160281e-47,1.0871141130858658e-44,3.0804875964223978e-60,2.4933025508238613e-43,1.5003412799942706e-50,2.1472114979173889e-07,0.00019983245917279293,7.9338625234841081e-65,4.1557304127388749e-80,1.9008459113726887e-71,1.8258753609215309e-62,7.5462346401980105e-67,3.228338088428886e-05
0.00013759622725720332,5.1525619458268011e-47,1.6822803769463671e-66,0.0009015747762729135,2.7979991148464481e-64,2.1071814287182376e-61,8.5422657483296009e-60,1.2138743407934452e-59,2.9898907755350881e-65,4.0294505139821696e-08,7.6931478947321493e-64,1.0040998940828493e-65,0.0075704465251346595,0.0011875108064195259,0.0020512346094603731,0.00046675735645373241,0.00075796613934733033,0.0011388720201341229,1.1669585212142406e-57,1.8643888630416391e-06,9.4669136023626183e-09,5.4611221871687741e-06,4.9396596094907945e-53,2.1924042749899266e-53,7.4049762903366129e-53,3.2212716687191126e-44,1.5007404805539189e-49,3.3784648112284937e-47,9.5025920304973254e-63,2.9501773945361498e-05,0.0006662329563946242,0.0017874298024228984,0.00086117203868780752,2.3144836517241487e-05,1.9098983368902372e-05,0.00044996245579777619,5.6141083236041819e-65,2.3594324457763282e-69,0.00019436611950442764
0.0022436335149463764,0.0043007515572399497,36263.364019324406,270566.68967256136,8974.1457041629274,15279.685272431443,93619.232342107949,56928.404579162481,1259.4975159411774,439744.44987820956,358993.98788578942,0.0065827423279724078,1765384.4393258377,394407.6977809571,600157.51412258646,44914.533821982215,47064.533085639654,85653.861356072448,239688.28071144572,170656.32506034829,0.011333648580816102,33934.982068172983,0.0018362928505020028,6.5950077762262494e-05,0.00058767531666509439,0.0068080086276322361,11235.476771651749,0.0017109283558448634,0.00012268393424284355,1064719.5684525792,563934.94777065516,1604610.7478911018,435951.57298909104,99626.330871017752,16112.655561566204,223375.14307569666,37975.074254740168,7773.5345541055622,248474.82163137151
1.8126837526608925e-24,6.0799577859499026e-05,0.0043138327542769058,163601.34882927485,0.0012227113593790504,0.0018626940714752986,0.011259320641728347,3618.6385215175355,0.0001499562359752877,286144.00257084577,127717.48466096348,0.00057476145906177234,1394223.8213815072,313248.84405346046,393690.84707183402,30743.105840069598,26438.057402777518,42245.74697730178,159526.39465615663,114773.60266330616,0.001424526577176534,0.004571259353200215,1.4389924677725305e-05,6.3177302224185651e-26,5.0909970233730712e-25,6.5086093962171148e-24,0.0013489981227484662,1.8040862605742049e-24,1.2532968311727568e-25,939038.50361284288,475357.97997210582,1275589.5919643906,311334.28449514811,56405.512197274868,8629.0377232212777,107866.28920370188,7976.1000518159171,0.00092497808484225065,129309.08516925637
6.0639448255200976e-39,4.583896430907994e-26,3.5472590428910588e-24,66541.272574964081,9.0639460557588986e-25,1.6719595628974482e-24,7.3891418768579887e-24,0.00043554133575353891,1.3288415034421259e-25,141823.13686131444,0.015220999745911736,3.7789787813725589e-25,1008219.3074399708,226801.29577372971,206258.51435616444,17406.071359044912,7790.2844446895979,3416.6486599713198,83512.730138807558,62836.097128924397,8.3238033907746961e-25,2.6234273738232867e-24,9.0677064877219564e-27,3.3730042971439973e-40,2.2438933683309325e-39,3.2930498578825948e-38,1.2675395124404562e-24,9.3398344151125213e-39,6.5970661367736306e-40,778857.25462282763,372293.9855178335,949619.70264248934,193370.87182646175,17432.033788909052,1919.00152654511,4940.9367031168922,0.00095598970358169396,9.1401796568344604e-25,23024.530196736934
1.5478859028995963e-41,2.2117626477420312e-39,1.6187871649074225e-38,0.0079031712539353472,3.9061239432221876e-39,8.7855591295127112e-39,2.4302845873742377e-38,4.0342693833525166e-25,6.7015494117472378e-40,12436.324996677939,9.6768258842578411e-24,2.6020710051247619e-39,664277.16552594374,149197.34780054877,39463.107275346818,5555.3145013725107,0.00092661093766883225,0.00040996957972961722,15368.904869042512,16211.643333232623,4.261941769135231e-39,7.6450492004541462e-39,6.2747352519702931e-40,1.0100374438417044e-42,5.9782720684445184e-42,9.4930250197691124e-41,6.5878105158711889e-39,2.767810277697978e-41,1.994601545151949e-42,630877.70044842619,277429.21083009389,653738.55891890067,87417.736776672507,0.0020817172256162491,0.0002301144242633697,0.00059474156918264739,8.7967075744174634e-25,4.9510671340823994e-39,0.0027629298507573399
4.0021944971406707e-44,6.2929204225640661e-42,4.6190298312510601e-41,4.8949152425553644e-24,1.0072494442471833e-41,2.5435018508283355e-41,5.3687864205750393e-41,2.0901830809679389e-39,1.8918747242674442e-42,0.0014935801440307517,4.0721352335210384e-38,6.0517502743930902e-42,359969.38868656574,80307.899570208538,0.0047286754701516796,0.00066054192117400042,5.3362531354177219e-25,2.679303751139145e-25,0.0018428733478227481,0.001941362129482385,8.8662547331566787e-42,1.5741286809890158e-41,1.4802489458357466e-42,3.1156210323013016e-45,1.6579011804990994e-44,2.8177841560241889e-43,1.9384308558059059e-41,8.4542304533364741e-44,6.1064814392326657e-45,489527.0753785175,190169.27512475802,388830.9011255884,0.010367228498505838,1.4811683224204174e-24,2.0059140828261261e-25,5.282805629856583e-25,4.7242831186753776e-39,1.4732823045013884e-41,2.5080220070785205e-24
1.1044055932662384e-46,1.887727219361789e-44,1.3929029934042404e-43,1.9868860649763049e-38,2.8679628619654894e-44,7.9561974195845314e-44,1.4297654260354681e-43,6.3945883506071726e-42,5.8108020406105108e-45,9.674787272863917e-25,1.1372837848293707e-40,1.5236129967845072e-44,90466.933224466775,19933.578514239209,3.8382227542445038e-24,4.552420895799027e-25,1.6253668790604607e-39,1.2978870346039298e-39,1.3573200668832081e-24,1.5150192588769946e-24,1.9233593654821113e-44,3.5414798226955617e-44,3.6429201262413065e-45,9.715358353743097e-48,4.6886415909958458e-47,8.5350622160504975e-46,6.0104904391471684e-44,2.6410167997124629e-46,1.8968901580141854e-47,369606.6881081459,115720.80901228279,151812.44333019576,7.0436967668904674e-24,6.994498887373337e-39,1.08549022625346e-39,3.0483509285253841e-39,1.4317539443753865e-41,4.599926320325181e-44,1.3272794219565822e-38
3.0755091212152404e-49,5.6887947530631613e-47,0.0012556367860101201,0.0064655786067859388,8.2318861672557036e-47,1.1580021134211261e-05,0.003996515388551676,0.00065937935574001002,1.78592267831298e-47,0.001346031571737933,0.01000414671493031,4.0080328601061431e-47,217446.98572876281,40772.140253055593,33222.735685007501,298.63041814759083,0.0018480308638669713,0.0036739466483216581,0.0027820785294830177,0.0013140633490065254,4.5484672178778245e-47,8.6390102304935452e-47,9.4886321666268871e-48,3.073620077623319e-50,1.3623499752980832e-49,2.5908220245175333e-48,1.8669638721123429e-46,8.2600394353996313e-49,5.9063292859136282e-50,263378.04747491545,66619.796695911718,0.024346210032477361,0.0010418271858614247,0.0011478166913596018,0.00020302695425882146,0.01028175923929418,0.0017539488759968423,6.0177893101136411e-05,0.00019987204214587327
0.0077719503118411585,80278.059027494979,389305.70970679814,228628.93842761169,585388.24430662417,295461.92947811109,2248728.8237643531,620804.44496730168,11419.509512122579,6752.5856943205517,2239995.5498170434,505842.22184128664,92499.371226616247,34484.634414797576,970192.44430193957,17117.777861896695,30264.205427117271,87403.519645652632,129659.58415271317,0.0043002932909323738,410250.0071431101,166169.37504871743,85892.625301851644,10867.051976532115,107184.91671685937,1050099.8770634085,244764.88791672519,8533.6716270794732,0.00022414385972712814,213362.85043053495,46092.083610903057,57715.465429173622,0.0064246735209894526,21910.055561247507,0.00064888943380376086,815930.88841526024,212805.58624805973,17395.145232118379,15349.470598147074
6.9448793764976656e-24,3640.9157415777358,313126.66797379922,192147.78753488831,475167.95749106788,243847.6039526005,1966358.5373255855,521626.00375476095,9028.5496543929185,0.0081713111442829178,1948479.0574852419,382061.74225324253,62486.812037018513,80661.584951624842,970608.14055887586,32158.772920239691,59796.461066506134,147906.12211338413,102047.02391920536,2800.5381922376037,362814.65435561497,80736.702659455448,62911.212717645583,8632.842256566064,85267.682615867991,843539.75622782286,176695.98506032035,0.0010358422939552758,2.3068181575268042e-25,274565.99465381715,105990.84531079441,328924.70001570642,28259.429218864414,52547.818797154447,12584.258833698037,839478.74993502675,179943.1744642141,12642.323437757581,0.007707966894435969
22570.720108637444,31635.138328346064,640221.1791670355,870774.1946046896,601372.48819498264,282850.97059915768,1948156.2701255768,629855.8279983137,11930.09591096437,35515.171839158851,2014310.320250934,714534.70659511851,1171483.7330265814,301919.96315882972,1594549.1750021195,66760.02194047076,116643.24545163257,235373.87647759065,88954.399503836801,101930.68856790826,441143.80670163472,170302.28076866645,91840.046287543373,10758.930885742906,102327.42646280926,839435.04504076252,222948.15224650048,0.0038170033169297691,0.00031531872485762713,393818.15544736694,274934.20720968186,1200350.1469684616,472012.69007473602,82942.707385406306,11716.70558973985,863827.39304776606,382834.18201051245,205684.33058234121,647303.21882066142
342544.32012973173,335189.27138484264,1497221.2237555522,993811.5774906911,1192042.1590562449,672215.0327126378,3130505.6950944383,1574751.4547906395,58355.616443716724,135126.79161825965,3118058.2112922212,1354092.6667281529,1091610.8944188021,249164.2575368768,1827798.3948547433,54942.824861647285,94456.961362806163,206283.2685275985,117328.73739170635,66213.624770042603,1532815.6234945047,716968.62980943534,235534.13427282605,23752.694725131547,219149.43036643323,2067968.2284440929,991563.95510858472,163411.85230994326,23136.145971511502,302822.31083732133,213120.11692097803,923545.71727071621,376746.31904306478,58079.064823081208,5276.2777918762031,1034619.3300587744,602741.6333394401,213866.06751347228,659741.17016029486
1225066.7972563878,565164.60207775468,1644687.4932725509,1283207.2205279819,1309001.2574633085,701953.70500688674,3232608.912049667,1632982.8220288411,60607.974569826089,1481759.7491326928,3644928.9454120183,1648232.7376470417,1822360.0970659335,400407.8807375303,2441159.7067573084,99432.438233050154,167799.66800215706,390536.1093287869,610953.98139438708,465159.97501141555,2170809.4471536605,1291865.716786602,327575.15633578051,29403.149810546009,257447.99927981608,2066221.0808117229,1072882.9557853665,228002.94240957327,28578.754340184296,694187.00409564073,510264.88920076855,2128375.9824946309,1163032.7259363616,307104.13857366418,47490.225824497473,1659373.8241806747,737313.70271107624,293771.74278674473,981915.99623782502
986846.5360403792,445038.19210734643,1473301.7670861648,1184318.8052758728,1140816.774085342,611869.03192929446,2857713.3906216896,1437378.0279139173,53325.244917361073,1307844.0516910322,3218663.2161497376,1433579.0882162456,2040066.3033241583,438414.03118751501,2325618.0107331309,98485.587393961745,155065.98158041431,338864.8554305259,501343.6095374414,398309.19140821492,1865977.5110565608,1104198.6926719036,281594.49550806102,25151.464199758946,221007.60681432998,1763095.5405446312,920600.07030483126,171390.98486555243,18521.941535813781,1394606.2589591208,721997.22421516641,2278212.2874663738,1075049.6544439837,253885.21598065383,37921.639950252786,1526741.9976180966,678673.41930721444,266914.0629025519,842272.56115541561
806888.73172840755,392409.80215297698,1333411.0322057274,1119263.6725551183,1079438.5789574618,604983.55224733148,2749997.6400519283,1444586.6200031266,58425.055589957956,1876705.6462133976,3230428.8325883374,1278183.7920146305,2169785.7485606736,475693.05787095887,2287972.4330518111,110780.7809148768,172544.11744007759,399489.95661746443,773598.22640473477,618297.53225098702,1673555.1740576141,1025147.6328161614,250310.24048820807,21890.069766192024,193734.26188376817,1624916.5640964713,959074.51765397354,165587.70519427597,19728.509171208931,1525593.3100744803,805932.33568046347,2793043.5751834842,1473964.4427972811,406757.75615694141,67790.396396480544,1695994.1953102585,624080.87633311504,247226.32048803478,809387.62635148328
597972.86283872358,282815.2007903012,1175490.7238515969,946608.35110189975,991540.21149515396,540095.43177698296,2504513.1746026669,1278406.8436008063,51304.393497240591,1606450.0437720905,2769494.5298759895,1195554.6429655077,1744382.5303233899,383432.7595682448,1936349.1410428907,90504.856879555373,140094.84819961051,327369.29635834211,649184.17902260006,522712.39059521048,1555540.383758246,880722.52246145054,221658.28823915555,19432.300378108976,171976.08635499276,1384347.9759880386,817216.4656446774,114599.7465495072,10630.189932509917,1334586.7870820677,687379.3848634715,2368423.0349142151,1268408.7064816242,337301.1969182422,56004.012357283886,1445852.9091455874,544327.33767433022,213082.11615179476,644904.79406687396
409877.95376403269,183856.4245875745,1036206.7542888777,963248.06664493738,856784.69733875594,465297.73388739111,2203299.965129165,1110565.2555244097,44758.121376360548,1836375.4144923706,2479255.3554073256,1037210.3601632726,3523996.6534352773,647139.71825770184,2127800.0422679237,118753.44185162721,170527.13919970376,373057.86180460459,760160.33523935243,639036.06648061844,1382733.3131011904,862898.29048374086,197954.94818530476,16654.294838153332,146683.10141930979,1139454.5853620679,686419.65187508962,69074.658238386692,2562.6241064415867,1587948.9231369756,890197.9000467303,2838813.6717245504,1530964.3631710506,381693.33651586313,60318.21938336789,1402624.0349022024,481114.08717005147,181688.52959017587,519001.09913900838
243212.92018986269,94873.64845727713,897769.0759019769,795118.37390228687,719014.90416284767,394446.33604274539,1908572.4437162953,958016.66247249558,38766.843187897008,1574210.7976432724,2041515.2926177152,865199.38928783685,3038806.1189943207,547023.96057981858,1782086.2607658154,98425.1891706756,138329.84099777348,301922.97669399343,631771.71274450305,542143.11303780333,1162585.7929343523,710728.66599016299,160802.78233796201,13487.889699755051,119137.01081771064,916830.34934998746,567982.91639047512,29456.735881135268,0.00030744542653240076,1414918.5257014749,775491.36663224432,2415137.7115551447,1327139.7986408963,312325.62926786358,48609.491298546462,1174126.3012401564,408432.01340371213,152232.54226320653,378959.09780427546
93543.344653113614,15769.504416721833,768329.09348439006,640497.81925170461,592716.54127565888,329722.90383319062,1624640.2552468362,817637.73453694035,33279.311632994053,1331195.8171841854,1637883.541502601,705116.05117110885,2780515.3421377372,470970.18641344522,1477253.950264242,82703.91597912545,112312.00987619054,239498.16225174724,510977.76201862149,464358.80399699998,932321.13675844879,559123.94893085049,126476.49376270249,10602.518048180738,94010.634359523247,714927.29473577614,460220.21315711498,0.0034886837964441184,3.0444941978129011e-25,1427449.3793548939,754037.01212976302,2299609.2359071523,1177256.7866743938,252400.92097624441,38094.760258036658,964724.7925603115,342099.14323637611,125459.50072401519,245872.46456871211
0.011140943875931843,0.0018949842651585513,650353.98588158167,497721.16686092468,477800.62451894162,270832.63224397163,1366415.5107707249,689832.27158253058,28283.508454561987,1107726.5754065095,1272948.4195365179,559697.34099941771,2347192.0550210131,376564.71411325573,1185335.3005589256,64635.634809322371,84938.350389544023,180134.29151814678,402508.1997999617,383815.00839881843,722917.2326089408,420555.30671112746,95353.184399016667,7983.3591290665399,71212.247038319445,532482.21173387859,362927.95302155375,3.5767109650309621e-24,1.6736947301924751e-39,1264512.7806811323,645069.35324621713,1921230.8620109153,998011.79725296202,194391.99953723629,28424.333357827869,775401.55840615253,281834.68417119858,101208.13545763474,126865.51238057522
9.2181521051282618e-24,1.6693521243172557e-24,542811.60833711666,368179.11820786801,373242.7725857211,217300.07249894849,1130672.7088158992,573512.5264648617,23729.548103509638,888161.7267568761,942253.52244013804,427563.6132642689,1886920.0572638183,284162.318146654,920000.62411663448,47985.806666535973,60147.265631771646,126587.34745370073,303604.96912814281,307069.40368373092,532781.11313188367,294827.43282088463,67145.215246417181,5611.5641367253484,50566.068169831131,368072.4752298214,275251.36823271314,1.9843844205359546e-38,5.0668991505649726e-42,1075442.7208121058,525836.89368923078,1542461.4595658099,817483.58497802401,141642.91294116495,19689.403615347641,603934.97888939397,227150.31302417337,79288.801988597028,20929.756809448601
148968.75871690587,0.0078323187568462189,467325.55207667412,284622.6095082204,278374.85642800416,168759.90387731497,918447.87624645559,468091.74265993451,19588.308663268461,719542.69265201583,679047.80357190722,309110.30840741494,1501792.9229008167,203373.48436456147,737505.76495658851,33130.443244569185,37983.037764039611,78966.820508215009,214225.60426117646,239039.8335600904,480639.97674869758,201033.03264062558,48356.16382406716,4085.522349441705,34757.144008260104,234141.92460013332,209135.75341853994,0.0039911064114733236,0.00047421643652437347,949758.55759646464,437733.58633998112,1238929.2288878004,657516.22361859377,94115.724783833226,11831.635836077181,495563.06118549057,197195.87278626519,67762.151340525248,0.0073764397649042253
1195057.7033710568,891409.21655081667,697922.08824656473,1280836.3813378701,689833.95110484213,503657.35129279958,1123653.1339899471,1079437.8727913226,70575.027289863938,683781.47926901828,1031734.8282281855,703304.71547505597,1677299.1451331754,182420.46195185898,1206445.1476891374,29173.822005777402,30995.886967478738,68535.695432130233,245010.73647047879,203130.00989533617,1727025.5618203548,495126.3804203255,216259.49295567226,28960.904998405527,237881.65224394749,2695296.4875027738,1175396.4753900515,377307.97979910352,81740.548791215042,988229.80594620039,450099.38711246382,1370394.4263421206,550864.47239881789,87759.934540113158,10891.680930834726,579436.10784626158,444561.02660603711,360002.92928467621,956574.52945187991
954068.74148654938,738499.5849455751,586633.69209202181,1088461.7853373466,567791.53029037616,430131.85745414242,911857.98118421319,929846.91724578105,61627.100947478983,504626.26268492581,725456.5360622044,560324.16941020382,1297122.6437511158,112495.29160378732,942390.9928695017,16241.27874313539,11961.629052556988,26896.835748684571,161406.11120582646,143088.81274329263,1460273.6779097964,364315.08441401779,177840.77061310934,24773.30257856549,202949.46853755365,2340071.9217827758,1014831.6425535365,305684.63518688799,66553.839416260962,853570.6801232025,360278.72851144499,1050580.43881418,412616.83117531915,45666.677161873406,3948.0568063381888,427371.3843955202,375264.48613411235,315373.16913058801,767981.63133731252
729348.84233496443,595515.80051545461,484631.8070087221,901701.98092168279,454598.67170124722,362115.69417065574,716498.22844299232,791665.41154181561,54171.637185441803,340603.60568209464,447830.14337599347,427344.18560410949,928367.77526950371,48121.413292800811,699626.10399178567,4563.858065821245,0.001417684399151507,0.0031896444858338559,85503.987246967925,88624.201719597826,1202145.9788272609,243548.26662894225,141823.02900041029,20883.123143648838,170262.67071658777,2010012.0709435802,865579.351888765,240344.58535453863,52605.003088884871,701207.75208618771,268743.25867578707,749816.17892978422,286714.25925219391,7906.2252568595304,0.00047094805453437404,290155.27753947204,311906.37082088046,274119.49943825498,596003.57159760618
527107.84087712097,465819.70156970469,391704.91434364993,732233.838250709,351525.16057112633,300061.00518257223,539163.47924005461,665659.18607458856,47317.596688984537,190968.55833314851,198546.62141372493,306553.64441186294,594829.78396688157,0.0056527522390270668,480608.27711423172,0.00054288134572572978,8.1007591476288739e-25,1.9128152171962175e-24,17206.911240489844,39436.906850757878,963870.36927237327,134460.8615763784,108978.24858675174,17325.533639145706,140374.02352083629,1708159.0739425397,729595.56343477231,181549.37040658947,40042.372486243941,557838.42699138704,183767.47481527802,475072.05488198833,171724.24399767959,0.00094845510480912878,3.8944633045986378e-25,167163.17993119397,254295.13569022343,236402.83037130832,440825.70345727971
345334.08177881927,348366.12084399833,307509.65287087631,578645.5671975665,258097.69936137911,243617.22785067948,379237.71534089139,551115.17571974022,41036.41740520727,56773.029636746644,0.023557222135319304,197536.5464054388,299159.74364009284,3.1806050955213276e-06,284623.38621546811,7.4885246348832906e-05,0.00017075182167262506,0.0003230005233962591,0.002063220878957113,0.0046946405049190796,746956.20532854157,36705.129403572799,79185.437723380426,14076.779120136571,113079.00900785712,1432558.7421006539,606019.22358017717,128775.77767560024,28751.104503057304,425321.80475558364,108382.73729735201,229896.10993932598,68666.713618420748,9.0733191954528544e-07,4.9325287927015678e-05,58710.444475049706,202104.71713175415,201958.66785424211,301254.3647092887
183287.07109872031,243096.31448874963,231715.17462263998,443985.62082477997,174102.94078923957,192609.63268226673,236560.56078776054,447582.10999789886,35366.806234810239,19256.461140587715,0.00051439570542928406,101645.16552826243,182930.49283353458,0.0023269868669704374,129769.01637615066,0.00068667842062088526,0.0013390442697778565,0.0023748635080781573,0.0033173962495845265,0.0048336173640674386,584406.26117341872,0.010195236089488292,55004.444937254098,11140.353853248031,88784.782554367077,1183223.9942496661,494781.97786913166,81729.86439963452,18673.112909112155,376414.87337177421,81881.864237676549,152761.28119818796,87013.506397142686,0.0021009322736434632,0.00025297285559639534,0.0089676810525130494,155032.96566519109,170675.42488833732,176372.77478407713
42864.700314273636,148173.75602872652,163395.66381057826,319435.29981465172,98327.960662393234,146407.28593937252,107820.5720587113,353845.36833709333,30187.95714333807,0.0023150715894422061,4.3414998751576006e-25,14010.587722907314,0.021756831223243109,2.9077864575877577e-24,0.015416295942314317,5.5831387930474204e-25,1.1827698778274209e-24,2.1367037020786184e-24,2.8615317420163938e-24,4.5834861840163664e-24,407664.3546746202,8.2104827342709838e-24,30729.508735890329,8472.6155566213347,66486.266829941087,956562.36798752111,394137.44069851586,40160.309958846177,9693.419103734499,272584.54929768294,18519.818268290066,0.018257837700712962,0.010362783117509607,1.9450231827316159e-24,2.4080215959933211e-25,8.6427890063352641e-24,112618.2982756609,142218.41408540605,64930.226723662898
0.005137524303119808,62939.977937128802,102043.61047129294,206917.52581693971,30237.478981876771,104676.39733648488,0.012791673433005336,269210.53297161305,25464.308913728946,1.348134491994122e-24,6.4463209566284522e-39,0.001683562080739437,1.4416752166322843e-23,4.8994299988048449e-39,1.2081922739914037e-23,1.0828556247083113e-39,3.3121684890471258e-39,7.9151678775539147e-39,1.2087129376729489e-38,1.5304267788942697e-05,247467.0814398895,2.9518175403780089e-38,8895.0290234832319,6054.8021659845117,46295.573414182858,750986.26716736611,303346.53003148909,3071.5799308305704,1736.5229803193581,172418.2717704644,0.0022024455053336234,1.1841935260631438e-23,3.5730282289573944e-05,9.1856425800915717e-39,1.3013851842678213e-39,4.5346254449221509e-38,74535.249813505798,116388.93152048571,0.007733511005514478
4.3922014132263102e-24,0.0074919650069656335,47194.94298094813,105870.4202057092,0.0036201830548894046,67115.310390325845,1.0652323586925408e-23,193059.1485708546,21165.456937237919,4.3467011557103735e-39,1.874526019189288e-41,1.3136524574137106e-24,3.6972257332513157e-38,6.9042952679196087e-42,5.5970270861786859e-38,1.7181940573280524e-42,6.5336535367674492e-42,1.8717946365483534e-41,3.200210495556693e-41,1.1775121318986265e-26,103242.02132806811,7.1040335030945769e-41,0.0010649139815201846,3870.2516280683708,28078.54422616947,565069.62502444768,221728.24401956852,0.00036979617340856104,0.00020837464735258684,83153.791458840889,4.0369397314141763e-24,3.6328546522275475e-38,2.1437601708543398e-26,2.5202930452944862e-41,3.9070182898006727e-42,1.3168213941647764e-40,40490.742783930575,93005.415733116795,7.3871101004208904e-24
2.0579683459094145e-38,6.6717469644446125e-24,0.0055885408596941721,15396.571202086046,3.0663147805147109e-24,33433.272487144495,4.7077933674963626e-38,124777.86775932467,17259.605045310676,8.2611678329289843e-42,5.3387813381878036e-44,5.7150264183171902e-39,1.3916989683599127e-05,8.1401534229174198e-45,1.4763196250080474e-40,2.4655173511445261e-45,1.2399582576149509e-44,4.4299278745961234e-44,8.1088439728987427e-44,1.2378594782269983e-39,0.012295894724624851,1.603594849244924e-43,7.8095252273591359e-25,1902.9345370762162,11697.47897781356,397410.92508322187,148614.10178921069,3.8376268825889638e-25,2.1307493469530285e-25,2565.174454038362,8.3493135754734754e-39,6.4876828194020094e-41,3.4925614819056876e-39,6.981992454156904e-44,1.1975524968877184e-44,3.9902770393309089e-43,10203.062004866653,71892.035399126937,3.9849354116932062e-38
5.8234266767280386e-41,3.591761286620738e-38,5.2454087093147191e-24,0.0018493550010803975,1.6106827342632278e-38,3377.0074597180565,1.2794478555637243e-40,63832.164376104694,13720.373323415295,1.8149930752009327e-44,1.568509057970234e-46,1.5601196042781981e-41,1.0169279227669151e-26,1.1169274930605809e-47,4.1148248965729972e-43,3.9964581830760475e-48,2.5852509359264683e-47,1.1122993202376153e-46,2.2633899801087141e-46,3.5305488401300185e-42,8.5092770645267332e-24,4.0546632515094771e-46,3.468505555873074e-39,138.91154297616816,0.0013936527934404193,246770.09672137987,83414.930332374788,2.1713738086301459e-39,1.1902268193601881e-39,0.00030641806918129495,9.4464639486229633e-42,1.2454759814590522e-43,6.3252098369237743e-42,2.0210312484474837e-46,3.7169964817569617e-47,1.221771428199094e-45,0.0012214931765755961,52889.432777915783,1.1734996854089272e-40
1.6221999413393155e-43,1.0289886041142448e-40,2.8105367231104719e-38,1.4207545780797897e-24,4.7235989372420565e-41,0.00040656277585396968,3.6829824394283426e-43,9715.446423400439,10522.004340699408,3.5652765609495542e-47,4.6069928951094116e-49,4.2454286950957126e-44,1.3157559515138429e-05,0.00014730679751378243,4.7365214205087544e-05,1.157138925422685e-05,5.4019088891151954e-50,2.7614446913815618e-49,6.0811018817752951e-49,9.8264283362341184e-45,3.2602354054658744e-38,9.9914005642293683e-49,9.1003552024958301e-42,1.674072463694411e-05,1.1940814530608646e-24,112363.17811742972,25775.750565646824,6.8150841045299646e-42,3.6780525035182868e-42,6.2693473324511621e-25,1.3288696515674886e-06,2.6484838726203632e-46,1.1630563593004479e-44,5.7530897097897814e-49,1.1490511769433626e-49,3.7226218296255398e-48,1.1972465473758119e-24,35849.07716531495,3.5949526357480131e-43
1.3571082885049236e-05,3.1100980448877255e-43,7.9521080222687868e-41,0.00042230029540916752,1.3995476481587004e-43,3.9779210683073007e-25,1.011537812505335e-45,0.0011670903693511447,7638.5592994885073,0.0006011392203318721,1.3358961311754063e-51,1.1419206133842406e-46,110088.13936707893,0.0054277726967548526,0.0018095443192457515,0.00078367069487131086,0.00060465143652996137,0.00018325158238545914,1.6951251758786366e-51,7.7339855651118223e-05,5.1202699043145592e-06,2.4351908043506675e-51,2.3968212102638582e-44,1.6012043815069386e-26,6.1042308460015672e-39,0.013319266650641105,0.0030754803942387565,2.1380348838313683e-44,1.9031179941737008e-05,404008.82251799421,136055.48494501642,572729.44877009862,0.0072707919152297535,8.8784086067901025e-05,8.1359443875515121e-06,1.1326771813011762e-50,6.5295749355645158e-39,20633.028063712492,1.0957965685002914e-45
1.1709405682913703e-26,9.5831990155579232e-46,4.309136480933925e-05,9180.474114473056,0.00036955097560781346,2.3066523039882954e-39,0.0028665432703784501,1.165817585257734e-24,5050.1727055975653,1531475.5457950616,132297.14593071782,0.0026348114560105131,1527061.4611299708,412149.23439880123,607549.53245293326,138778.9994956333,282602.27049915545,498345.36364127358,536655.56088823988,753633.71187700843,23381.4953896021,109326.62714172481,0.0020734997935896488,0.00012140043561606276,0.00052882815747344613,2.2404844947919256e-09,3.2227835349747897e-24,6.7676264859848518e-47,1.9638550542221184e-26,842573.3712376242,701888.10737581307,3243186.043456045,1761941.1544085625,385892.96471761598,47130.759573545292,371219.44708060223,0.00065261841707405681,7330.9327346462205,0.00011587846209890508
0.0030936441587883895,0.0057465997748215262,1110922.6312707448,1188840.9089272849,1333855.3928230291,390717.26295815391,2524771.3068804354,522712.44532452751,4354.6218845934563,4525193.7274333294,3974487.2920939652,2124746.5402537556,7419766.9242522428,1668039.796466585,3655035.1159419138,585680.63429415785,1246466.2517562881,1814467.921595705,1743658.6059769688,2335349.0326669859,3136265.1282160701,2499988.5254241242,419905.0687836305,26002.942266419141,223318.11881732009,507511.48123058432,59868.588032604843,0.0034506792676273278,0.00017432833436201492,9401277.1992763523,4784201.8437016783,17449724.25310434,7783333.6467557838,1101736.3987208502,169156.86111033132,2288736.2392678661,441749.8879161537,96190.91364405326,351078.57220015529
2399877.3259234359,2278188.2100843857,4198492.7119511422,2574337.6636290606,2673025.9236969231,1692775.0455326077,3863527.2710723439,3665939.7094542305,180164.59424222377,3829785.1869230783,5551297.6340111271,3175372.6531634168,7023609.6071480624,1555949.6531944487,4432866.1812859718,418154.1873305593,889786.30530996597,1339304.4822452397,1623792.4815928258,1609737.8080712114,4805004.9831935093,2677951.0612632483,634404.02015062596,57689.36294985329,579435.25226466334,7808198.8271602411,3006437.4008841016,753938.25572132238,122557.87525026772,7083311.8185315626,3530956.486464527,12833845.166291635,5627875.204685173,994129.59143423045,149851.93871683403,2590539.4570527617,1117947.6026750803,387169.94642960519,3083411.4882138018
2542868.2179904901,2388415.1943085575,3301424.1806396339,2455822.256182746,2185370.7843503039,1409656.7627821148,3692250.2311932272,3100111.6262578871,143456.99111307744,3466884.0014281077,5151877.7822117293,2767372.0631246008,6330029.860495057,1396972.689414216,4074711.6840690724,352216.12937418383,653485.28558513557,1230574.657529857,1500964.6414396518,1384538.1795449886,4319907.3884368073,2544594.1069065132,607468.68304315105,55115.444549968866,494183.34312042629,6697400.1181770284,2712052.084963792,755365.60256877972,120492.12750572825,4981882.7045590179,2461971.2449156349,9027617.73064702,4096804.0752484458,913042.32244958566,137430.68758617417,2371062.4231555825,983451.53715533414,374845.91744829167,3100692.1642904822
2184181.0367696472,2110797.4598954581,2252448.1811082233,2175158.8074187851,1920413.0004096816,992439.40124903503,3298798.263079423,2083834.5635165719,98232.385109147785,3037529.5021805475,4545443.0417512227,2455403.5729779061,5710016.1356088798,1249100.5501283614,3634908.106498918,316355.54296098312,558268.17251256271,1108349.9981309108,1316365.2115208579,1225046.9249931138,3843248.5713987881,2241822.738902247,536451.90240594395,48741.247732188844,437788.16333899146,4487818.6846240638,1898704.5105646586,649147.51971782569,101561.90313760973,3460913.6822362673,1918062.1562838841,6787398.8266733568,2982495.3984524193,810547.45784387609,123027.89618514192,2110967.3292223304,870889.76613891218,328660.14896320103,2726747.4350315141
1851523.0401998083,1852794.1349642384,1667391.0849559945,2036417.0888397072,1735633.9228940762,890714.76952081244,2952498.2902981681,1716047.2067689602,68584.522640304058,2867825.9025889873,4096955.9357400979,2226609.3437862163,5932366.2981819073,1269675.6504040966,3457548.2413994959,302938.62206251209,520379.90718794503,1017641.6089356813,1184341.5736575557,1128204.5320555707,3403268.7366450056,2055423.0835273066,480761.68349790113,43342.859895515874,390159.01753378683,3776906.4602831686,1685931.9178707032,552201.73066449328,84325.541684484735,4969859.2562630298,2170079.0912242141,6695967.5723645249,2816004.6615252206,737850.45071750984,112166.85791333386,1915452.2277906758,790699.62111739488,297199.90220709529,2444518.4120811108
1711531.3916161819,1805766.793379026,2585269.5575871961,2539056.1941556227,1713677.1799799239,927097.16968880442,3225674.4199036621,2073526.5583905105,90027.36665481067,2899192.0818580138,4733302.0559376143,2075181.6039459759,5931496.9802418137,1292259.8936960718,4043170.2001243331,314392.25513981603,542575.96052701329,1082503.3106661716,1266838.7992850123,1168783.8941738445,3138340.9522267296,1883479.1560389812,436397.83584025013,39207.046775692179,356216.47139014752,3666444.7998715625,1777703.794223191,569613.31826532236,87483.641367770411,4219893.4795940937,2103340.4895184627,6827276.0741024818,2826789.8490214809,782227.057253732,121668.96221428271,2306627.9788682917,980958.66785695602,401190.46168797731,3080962.752689695
1420988.3497921687,1574211.7753550394,1722725.2947629255,2284280.9851166718,1505501.0915905756,817991.21350897639,2836491.9386756001,1696296.9638853462,65961.14611536228,2551876.9634900982,4102651.4986451506,1815193.8505510939,5664470.6694719903,1208680.3979839822,3634994.4869513963,285719.75584554253,486829.06066561228,960014.2197815465,1099045.572653986,1033006.9083127677,2745003.9931590003,1632294.1014292992,378809.27670542133,34126.66351848175,310953.52232134313,3227485.8717726679,1564745.9205507422,479970.36967392988,71599.320104722632,3032466.6039638394,1847531.9512369428,6202610.8969985666,2528987.0148415458,681628.12207665271,104793.29872348499,2003502.0372712382,866785.00939256465,352937.26087851514,2712132.3998160684
1155954.1044782675,1360620.8697665969,1506226.550696512,2013013.6868381693,1313242.6310252708,717417.8753261941,2475739.1236218428,1493446.9155241607,58199.38468213498,2221897.6179587422,3521136.6250836872,1575258.2035786624,5076064.8707168428,1062347.433677173,3159968.1787035991,250731.24322192062,427053.74635778158,837481.0232081071,940097.99704417551,905539.24491455546,2382208.1003774833,1402068.2677731921,326177.35468748986,29463.022341711188,269362.10851446964,2824137.608156431,1368961.7591550217,398364.19651370629,57204.230070779857,2444830.1407476398,1651428.5978737283,5512341.5529779671,2235560.747068617,585932.73697215307,89140.749772173556,1722366.025447763,761231.88780734758,308588.34680971137,2369742.4233203433
915135.42430636578,1164996.8975645697,1325904.5715313228,1768349.061956858,1136870.5712505812,625180.09521177877,2145291.1185364476,1307507.7855668056,51080.953218891329,1913488.4113499844,2989153.2279724977,1355272.5294688244,5002427.2309048697,983509.12367456267,2774345.4516630573,226300.74390411814,379132.73342309002,731229.09344477393,794742.81390015385,785135.97645082255,2048688.0347167642,1189927.6965067466,277621.68986170657,25189.632187949897,231243.68121621199,2454445.3654269176,1189805.0180186413,324368.02754299802,44210.944296890055,2469998.0330283889,1618453.340334289,5366198.6821834976,1983464.2394299812,498940.54430810938,75009.851453052645,1465521.7413019929,664483.07011510455,267998.64405944658,2055924.6352650907
696855.90094502864,985980.95684930764,1160459.153499316,1541838.3726901833,975276.62040241098,540615.64827412367,1845128.3224319327,1137147.3554178386,44554.444257003415,1751487.8189259139,2536799.6713051079,1154702.3128661085,4838720.9614883214,916294.7085167364,2458507.4795612167,209212.84475458847,347757.8215255086,666133.3883847926,759461.27390415722,735770.86792578502,1742948.4356446823,995823.99248382309,233192.21583005189,21278.729069016448,196343.06592196837,2115902.7515002047,1026014.7833910369,257438.3484100218,32520.672487236097,2323469.4741941821,1512575.558039984,4899609.8040385116,1793184.7113778479,450977.09147110913,66813.692722908861,1276716.6548334593,576379.9247229913,232240.76572233019,1770780.8075202177
499786.25728819013,822543.91507440351,1008918.7600104514,1320141.8403876363,827268.76754183136,463304.01104021131,1568066.472100287,981693.10235961387,39011.51949694028,1481745.5640119577,2090749.6573410267,970160.58656550013,4213086.2985483836,793430.45169223403,2091307.2523777511,182348.79172917074,302738.23231678677,573758.11988449597,629950.77110528911,635431.90937437653,1462750.2208949875,818338.48376237461,192560.17041555885,17705.201560275385,164426.52944906801,1807520.7012768546,877543.72690899379,197100.00395975923,22043.557881508663,2087664.0340430085,1351181.6075253931,4312745.3103075484,1563171.8135322856,376547.54634646495,54588.490435193518,1060187.1583739142,495365.77006388514,198274.88547674732,1508594.8183407502
321987.30651988817,673528.13321157882,870267.97779607959,1120140.1632953957,692008.46824391664,392660.96933895443,1316165.4576477807,839466.08513383043,33520.071952750783,1312283.4930687058,1691668.8141782309,802508.0101693786,3844071.4645366822,692394.83556366642,1759166.4693229878,158656.44969629106,261957.00044165386,488706.05673164333,535921.89878822549,579796.59137165546,1207348.3078162514,657066.5449884691,155550.0690695309,14445.511023705409,135310.82875966682,1524941.5608390288,741420.18174009898,142876.47525414312,12693.048754511581,2007958.4841308719,1264337.2501979773,4093483.7914166572,1472522.7576281196,320640.59071191028,43667.707992181502,863948.82525902987,421405.85353412217,167326.14278318721,1269247.88775119
162404.48194174675,537852.92123605299,743441.00904433464,934165.30252153962,568393.96814774268,328181.30302651995,1085207.8040301062,709727.70303534484,28503.142565340702,1077695.7739591706,1321952.956624052,648546.72465426708,3261306.0279938928,575304.44662146957,1441905.722300776,133774.55836337604,220872.72018754005,406147.69160312327,425469.09948884352,486578.80147688749,973708.3182704564,509641.87028008536,121794.16959026072,11476.060515340152,108755.16076679602,1267315.4002631027,617624.16032663733,94327.241850945953,4389.5914103789701,1786740.7194382858,1106095.4606911761,3544997.8205674915,1257176.7758721097,256306.13694513671,33473.682801448689,684174.17603910423,353981.27547399054,139177.93393445367,1051226.2194482188
19896.853275192258,414670.85750775901,627706.6762140299,764658.65839703963,455780.72266829765,269457.89124972437,875040.5957554772,591642.24807961727,23931.490208850748,862288.23405119136,986958.02488093975,508539.24916012323,2739556.0724991844,480411.71815765067,1160998.9834357449,111164.3967750478,183388.07821849245,331097.68505598255,324797.04667015001,403652.63299678511,761142.29082410282,375849.83350228699,91152.932605762966,8777.9188829341056,84616.828070539646,1032991.8174474826,505329.59628079308,51057.543178883105,0.00052271853760485877,1558028.1064322502,952368.73727221112,3037552.1011804338,1064518.2181282833,197929.2715691271,24251.810762748497,521620.91071898193,292644.26823826443,113636.96226741734,853121.90907793876
0.0035445010118142573,317535.55651189474,556024.08582718484,648189.85368993704,389482.25403631752,232441.97143603137,812388.78367678018,520665.87037301995,19807.237180755987,1000131.5074019959,862660.44877480937,403373.49604079436,2450193.7878599786,404474.02110859851,940061.21541712596,97081.279107824681,167180.00634722752,297384.32945450093,302816.93565356953,419228.48056746845,678596.69044553477,347369.49482213752,73108.600870656213,6913.3269066065222,67925.563393195902,852640.96831852139,413091.40127101453,17948.617491679139,1.4268604016754219e-05,1484826.7710295378,874836.35009615822,2958662.9520570766,1164871.6983357007,180075.93077825545,19828.533226722026,414671.84991879901,248200.04619437567,96098.982226925567,712951.71270046837
2.9092243510287076e-24,215295.30908930613,457057.46373795171,504826.88023274328,293241.48976257455,182523.74422642621,627789.46235650417,420064.83607647935,16027.571699390186,794737.58735630533,572392.25225263846,286027.23570791096,1988337.8993986435,313207.8589404946,699128.55799080641,77789.364583434537,134870.14043420789,232721.92030882477,213731.78174709377,339976.16170378786,493623.62973329937,229138.90790459991,47081.178207776677,4646.5251072605988,47609.484989346463,656987.41596059129,320455.08463624079,0.0021410142088455612,1.4640207876197009e-26,1300012.5304831453,745858.81675887771,2505915.5401190855,977446.60471127299,128880.5721807446,11959.806596626242,278985.16271114786,196713.55237994748,75301.00590777598,546779.9621939389
1.3473901809994946e-38,123176.46495212114,367058.78269279108,374300.36860790814,205866.44460851868,137283.86133646581,459853.67899142025,328957.77981931041,12606.339373863553,603099.88501055411,310840.10106583795,179795.37677174737,1558706.1537617096,229059.82243598896,481407.27276831161,60014.416113383129,105249.22799362584,174012.55126374395,132782.22746030899,267266.40881284722,325147.28489747469,122021.01570352864,23583.838781660968,2601.2390641337479,29259.397626846978,481363.10467326286,237840.04138427251,2.2178633919338254e-24,2.363402822835029e-40,1111645.4895351271,620476.7647508895,2079078.3084795147,799528.51401291485,82576.861430979247,4900.4543048755713,157375.28667596125,150166.5889920218,55951.613083445205,396798.54761484964
3.7438647964298829e-41,40574.018214159289,285575.9696709913,256611.27080980138,126955.41906046377,96456.780393304609,308387.79147223831,246792.27685590324,9516.1324830996837,429762.89131731476,76793.370520539407,84131.7582993057,1171347.8226984784,153364.40886322333,285884.86844047328,43965.534998013907,78539.027787372324,121218.69078721349,59853.437457623077,201199.27465096232,173103.5054123342,25807.289443071946,2497.1525587343549,764.16129727929831,12757.506822333648,322131.27750974015,163032.013737687,1.2632404140513115e-38,7.4066162798848223e-43,947237.85954813636,508643.77520528238,1690548.5876846798,638284.83538958675,40972.120756952725,0.0005834439203639308,48989.87920322991,108248.72657661125,39398.056054823552,261989.35706015522
1.0653130638638518e-43,0.0048516305581567136,211953.86319909271,162232.81124587357,57560.198203716594,59731.897244489192,180327.17460432291,172927.40314641301,6734.9205244412615,651903.3721177323,0.013011093378029779,19084.66249240487,1715076.2716597531,198705.64178236399,193679.64276592812,48373.255461680164,80874.31453417,111483.96297166286,83188.49352898619,236097.2000828633,239634.60700846784,105058.65030140488,2141.7525362822371,0.00018971423237374322,2492.0956426996413,179335.25738039811,96249.463329801656,3.8534344740086197e-41,2.3252922734937277e-45,1357850.0594959776,694778.70190553239,2072592.0267553229,772152.18757169438,40931.924793707251,0.00040615572688142707,0.0091537646317353272,70627.410450265001,23796.156848247701,141290.69316466546
1.0521186870116123e-05,0.00057672519996164993,145662.47798712089,67014.861065761637,0.006850963472913447,26836.24964971036,57604.663808355443,106998.70724884664,4563.2881136289079,476270.58195855247,0.00076823432747538634,0.0022955151883530074,1678620.8237597493,181624.36374862006,55140.618627964694,43696.988316564726,68517.767809090699,75110.785146791008,15394.774849447696,173585.89731330331,128526.7131059258,10933.471178391854,0.0005386067910550979,3.1071059453678384e-05,0.0003634055382540581,53574.53055898851,38551.103469997848,1.2296421896731832e-43,7.3385545567859232e-48,1864979.2267667546,808227.39804698108,1898349.2930226615,619251.42786620022,4063.5233746930303,2.8512901350082975e-05,0.0019614668525973723,39089.796447181478,10658.142720301659,34185.318580289328
8.8761731698763765e-27,5.2768671805486234e-25,88762.445527262826,89038.15081412725,2.7042809541677057e-05,0.0031858801721190524,0.0077185041970673279,48013.99150829517,2301.9012062874613,378869.62331645779,0.0092817753069288807,1.7221309944584649e-24,1888692.5666958506,361644.43126676313,327795.31227559404,95266.933982131755,184525.82242855799,263286.67515165493,0.0058928191996136707,182444.49539834526,0.01527064422650287,0.0013134299048681284,3.9744640673697403e-25,3.0086209663566366e-26,3.0732517537220187e-25,0.0064068243147344323,0.0045765319780504184,3.8859191456582782e-46,2.2943428299790678e-50,1953342.6795978758,901701.21067067538,2117475.72164908,664400.68088508514,11461.310205136528,1214.9719235482255,0.010875015753574611,17924.132941135304,6013.8510071448618,0.0094288138543039968
4.1297326135631041e-39,2.837816686799394e-39,35353.521184110825,462.49664191892623,2.3766648165841288e-26,3.1734606345110193e-24,6.612225536414278e-24,0.0056826439186465922,292.07869774313036,287272.50365549378,0.00033350237383415369,7.8563429279443868e-39,1522898.7191070383,281649.78311659175,148851.69762766824,77320.31594059107,152387.09656109195,202421.90530038768,0.0026966047991795086,166003.79706947223,2.0889856771646811e-08,9.1779502338506302e-25,1.7342234370641403e-39,1.7680276521466962e-40,1.5718670704968129e-39,6.057406720603378e-24,4.8079608841111499e-24,1.2409011438470461e-48,7.2493486406790454e-53,1821682.9638576419,817300.59929745086,1887720.6917624711,631565.66479030449,0.0028697746742349646,0.00015961091605473223,5.1088809882401759e-05,0.0021343555766297801,0.00071776926057291594,9.2797321365836711e-24
1.1286392727712076e-41,8.522450055483091e-42,0.0042038713315907762,5.5656494181007521e-05,1.7785192025341689e-39,1.8470191525755161e-38,2.9550601165585445e-38,5.651953579531675e-24,3.5118288918909296e-05,143864.50752097947,2.7143010065628372e-25,1.8873073971794237e-41,1126877.9127624133,198130.65845318593,0.017622867300228481,59112.834549288229,120476.27112179692,146233.28937550038,2.0445688697285636e-24,109420.21144819046,1.1721322685386754e-29,2.7894596378277492e-39,3.8813189084148716e-42,5.4915225369821521e-43,4.3787240043646111e-42,3.2895136010454104e-38,2.7211752769237245e-38,3.9071274165748595e-51,2.2646199127128626e-55,1587589.1537378861,683685.66024343332,1514377.7894832955,486123.71092245303,2.2954415173461751e-24,1.3725052405878505e-25,4.586044505770007e-26,2.0551083740221218e-24,7.2922097564795262e-25,4.8880119244118806e-38
3.2111435438684367e-44,2.6176898805970372e-44,0.00043115708211276011,190397.35573744818,6.6227066352701506e-05,5.583751356293426e-41,0.0009294846432330062,3.1437112962928277e-38,3.4774412809516551e-26,1032085.8234140032,59300.026317731972,0.00020345343451365417,4268027.9642012091,972248.85430365137,1130887.74261965,219283.53357651841,419104.80034543085,677379.12804188358,282634.86772698589,628635.70171247609,0.00035187138666210231,0.0015545884384447113,1.0491786281340152e-44,1.7909041405534025e-45,1.3040508633810471e-44,9.853676851499274e-41,8.1803810879615925e-41,1.2381117394133678e-53,7.0943904550073286e-58,2053766.4550608157,1282946.105541036,3766460.8777341451,1879558.404302727,275425.53633768827,41621.707736266704,369646.95138915768,0.0023975302466186774,0.00021583307299710114,0.0021850658330749757
4033045.0770085626,4984466.1638459824,2407030.4533894346,5427997.2354732081,2931592.871449525,2447429.4983500186,5638721.7191720651,6140630.1371537289,330671.09149083192,6068866.639040241,6621003.4561986234,2835007.5865707365,28672465.717763416,6320110.0131569328,11289205.004332947,1490237.2536995537,2866730.3969693738,5168007.5022806739,2367592.3294341317,3839444.8979689004,4327449.8488249667,2657423.7374799442,615734.7137789547,56688.776157310393,490179.00993711618,9501015.8076335192,6930418.1228906102,2597681.7338254424,709354.26084507292,12428858.814142261,8030117.3898605043,23271203.787669428,10754319.231330371,2365958.6465472165,465885.03942091233,4903429.4512108369,1166843.2053835003,656455.92302761937,4503119.8646693537
5718708.2687836168,5656886.0803561732,1989948.8397971205,4786051.0443265503,2689517.6732431562,2079006.974596757,5220925.3285626927,5072251.8429058725,256604.32601668607,6485726.0738032404,6629048.799823503,2798376.4281367608,24128614.981926039,5566553.9411442634,10084825.784491701,1286997.5505054211,2476553.0318129561,4587716.3377583828,2769484.490500147,3547927.6654598759,4523812.7907767259,2710909.8357249447,618921.09551348421,56321.149343385347,484193.34804245451,8288428.7913092142,5940115.1771683311,2869840.6092006993,750116.03284907306,9588385.9201349132,6452530.8518981049,18970039.071579963,9110270.6013652198,2267804.4806275172,447988.94691011216,4615684.9995465418,1004245.4925880714,523512.66385355237,3875946.5975076705
4460185.4715995826,3977584.6316631837,1575082.6638806509,3327351.8228965206,2298233.5776474313,1598064.4856712697,4062993.8687342834,3717088.9016147451,190529.90884766047,6110669.4558270304,6092437.2855010983,2753041.1440818603,18866144.471911851,4391788.0321667716,7529353.5869108671,1019642.0209471132,1957946.5811976572,3621801.9012797563,2409538.5339126382,3039732.5765821561,5002063.8493727185,2663841.5185601013,607843.42690893647,54812.38805286069,467498.06938330224,6158532.2132267822,4321480.6623787954,1992983.6412173447,527096.88392373966,8114871.5099949548,5310236.5399890132,15481939.980786169,7713315.3259321526,1886716.7960254201,362635.74866476509,3532515.7921612025,891999.64216251613,415406.1129252314,3243559.5457731113
4303219.8752980931,4762966.05764555,1613693.5231294262,2936988.9310568669,3389176.7921098466,2141840.3822461325,4404954.8123111436,4469008.9437569464,262963.70148790727,8268506.4298407137,6399416.5866168737,4446707.6849539401,15474506.254074739,3963717.4856635062,7687782.212305259,1018986.9960853418,2031150.6539970841,3895950.5295871557,3355389.8473812807,3388307.3075001989,11066053.683278916,4929657.2456133869,1107879.9457124793,106716.96151435949,843465.88096752239,9521926.0619040523,5550246.6439206274,1841552.3433963887,433184.76213502523,6195706.0285248514,4491053.1855280316,14062100.072715295,7854674.2837617574,2168360.7474836991,397177.43234440958,4078729.3645150373,893131.61753405433,396477.21708537411,3029928.9417897761
3792358.8469649623,3243457.7252665143,1424319.1058632422,2596729.9180327426,2282942.7153058238,1475058.5051177356,3579966.7649779674,3094965.8133410895,187634.31620617615,5796654.5740049938,5628691.3733414654,2999805.5396997957,10440975.117190653,2715361.6104517514,5383657.326643981,719439.73969207658,1453211.015649511,2748633.3569123945,2263436.6630695765,2374550.3408355764,7835837.5121521456,3345280.4198761168,750576.00542828173,72937.706189609948,571699.10310267413,6592867.2302030735,3884535.2009258918,1281146.6731601264,287424.0700758184,4307406.3788141161,3102697.3954958655,9690837.1283628419,5567398.0731414873,1472474.5626379075,269862.60321191361,3265544.1358458786,785285.37304096541,348416.83840984362,2659945.3584530861
3315305.6997932601,2457898.1052180347,1250031.4840958065,2279874.7673008144,1930159.6792369673,1003439.4549963432,3151312.4360292684,2071908.6152070751,131035.63691704767,4022291.0966292173,4913092.1794314953,2552981.3260257128,7974548.6908615353,1884548.4308953893,4746014.0950245736,483416.05592359358,992664.61387696711,1867991.1636046511,1941771.0279544699,1596956.1697712054,5296780.905541949,2777547.8329996993,622534.17645453173,54988.276200190048,459675.49796459981,4406417.6351375626,2640400.3128116741,1129768.3124274409,246476.91451232179,2902303.4850528575,2061564.1472618384,6847618.4868395915,3739195.6944018588,1148266.0331269407,205783.51643161205,2876193.8295765407,686394.49075649574,304424.98204534501,2321140.852130516
2887856.7294743354,2179701.8515923601,1151363.6889709984,2276367.6261244398,1895715.1627402287,948376.26169416588,3122235.222402927,1754211.8723201808,90287.637194484952,6276258.1186326984,5221012.6870858883,2549021.6406715875,11591687.29417707,3173210.3137897062,5460798.665726034,843009.23166813573,1674525.2738277935,3143309.0000195564,2561559.2592473477,2781455.5222314689,6027405.9350152928,3059239.6373476018,642169.91149032942,54100.915145717743,449205.61774405581,3841926.1725040851,1895531.6280891348,993931.11181160959,217157.9351599621,3834634.9928119974,3586543.7301576501,14391479.521550614,6585875.3179835835,1810021.5499719179,322691.38116399106,3303516.2556378026,658967.18661288684,279364.48931347276,2118922.2166224322
2536851.3561322866,2003688.9859244809,1165419.7715768022,2220679.189084088,2116592.7951171184,984096.27382704988,3466578.4409063575,1718746.799559223,67722.050200249694,8591398.1865877621,5914644.4844721071,3292343.3056726353,12154080.755829474,3399539.5948709454,6314749.2264294261,935326.33957890689,1865258.9622196406,3689308.3402647511,3749532.355207745,3440110.2287082043,8955047.9824752808,5710525.3046550499,969909.5252530392,69849.351718165373,529026.71321811632,3808807.6345799528,1753186.6007458488,882513.68948248075,192206.76738815036,3965806.4489501617,3827506.8075946406,15371877.195462106,7690459.198739225,2423062.6745557729,449975.598139073,3986522.451626603,655570.57541612536,267875.06417356076,1919501.7470509436
2174933.9671989442,1755434.5280343539,1093616.4201552041,2191609.8410421456,1921635.9537604712,883482.79282631469,3168229.0239309333,1529396.6112588707,60120.166750438795,7419615.3647447545,5606785.5610533236,2682355.6734709949,15003835.82394293,3760589.4183482914,6597790.378198484,900646.96562284976,1704062.5491411984,3416718.9477511868,3328304.4450245039,3208699.7377210748,6951279.3138695396,4337999.646123833,700027.99387889088,55030.243590080194,456932.65012906812,3367471.6868336843,1543195.8875778518,765398.0521912385,167025.7701980178,5220357.9239419326,4277336.8402679963,15362364.603512874,7282195.7025533514,2348914.5646679508,462331.69270419725,4062538.8020928609,622096.2982094438,254376.68149542614,1791246.9158601563
2152318.7838847791,1799751.0172333503,1338729.4401028708,2689245.7155529256,3444957.6910947096,1355130.8222142835,5175027.2183477059,1968631.353641425,84088.438223781704,12161241.428081311,7507866.7058283323,5216458.4239019165,24192682.063972976,5998824.2389644152,11991286.472287433,1384370.2509538103,2565166.4383319099,5237807.5631746221,5954152.6836930718,5332325.3866952853,9480417.8701764252,7365913.4746466624,1245457.6720586731,82534.488831729497,673187.71722043504,3842129.6480648718,1762708.0380226225,745800.41739775322,152475.80348083455,7753288.2108758679,6434405.4745003032,22964402.966946855,11532793.238081655,3879528.0206548101,715567.06768975023,7606823.929250095,767233.97128453804,297019.64209669811,1912612.8790137316
1830868.1877001426,1576522.2602782021,1173050.7883058239,2382277.9538668748,2329616.9323123959,977493.3886334612,3766639.2416529534,1672933.5947199978,64619.902317998953,8833975.6107303165,6664582.8441919917,3587715.8939416772,17540430.207564417,4348711.5232451688,8341707.685633094,1011957.5153601642,1883471.6509496067,3798612.0946138171,4242699.1011921437,3861647.7841872224,6653169.4071638193,5197116.4139227672,854376.84549971065,57243.561173536058,483650.33440187195,3399209.102933032,1553593.2269746789,640935.53833185532,131640.56511818085,5686310.6382271303,4704491.9709304934,16876566.432364613,8490763.9038676936,2770208.3070999263,509703.28301372787,5243179.5196531592,670209.55566094036,257496.98299296154,1638430.2903384438
1529054.3805466092,1362422.8221215841,1019876.7681286713,2084296.0613093006,1940551.3290364982,863497.08642339904,3319568.8347426257,1471640.188286931,56955.907846620947,5999043.5160783483,5856729.2439885177,2684954.3643633402,11883910.371103697,2988365.5142367459,5517473.3206509845,702253.43697360251,1309054.6997086706,2630576.8174864105,2882142.358960019,2684257.7096705446,4405401.2469602739,3484073.242096744,645758.27703243739,50663.209503610851,427518.85288706113,2981076.7570093744,1358514.418822878,544743.0742998491,111713.52497559652,3931481.3091888689,3258645.9334659711,11627110.007056523,5889506.9973924095,1904026.6008294665,352511.88924280694,3528857.2949560815,580994.66249661555,221288.585751951,1387305.9727816386
1254044.8502871396,1166481.5730838708,940470.55870676041,1981944.2238990869,1754909.3200698739,774231.73141494161,3017806.7871690784,1309100.4047761161,49936.714596206584,4438160.3913573865,5417119.1203833241,2425304.1243935828,9300005.6862575114,2344277.0338701038,5229913.8318282142,561408.73284715915,1065336.5991692028,2184022.086883042,2245584.5625740867,2053699.1785275924,4000991.5256035351,2931074.8127580811,589050.24135834654,45887.63857659966,386294.52732706023,2632190.5825592992,1181504.9889058194,457209.67080505198,93578.95937195477,2963035.8031956144,2458375.7648507762,8615193.260208793,4313348.2073639557,1495977.1082517551,287368.77427551127,3346196.9266856443,541751.9476544956,209439.03896125944,1268570.3889566823
1006460.185368709,994947.44147364818,1056167.1972756481,2215237.2068201024,1950723.8368110899,811452.59349642741,3581724.5677905716,1318137.3421398127,44264.058490757045,8130798.1648375373,6568019.7947822278,2675591.7910523433,13134130.248057147,3421777.2327358243,7928141.4559721546,855044.43649425299,1631401.2646741334,3450120.251147598,3924727.8204439408,3385809.3924366659,5770339.2196199531,4957756.6948573468,673579.50251620344,49102.247930212077,407913.32971299929,2424108.5687750881,1053946.9854885594,385469.83359445498,77555.447878212901,3518208.3012439511,3372912.2792970915,13201735.268205872,7153025.2577452566,2542732.30647957,481990.17236938997,5506983.3777154153,625108.40208794002,221536.53120939338,1305517.4521339645
782925.24751208432,833934.9312777837,952424.26332936028,2008068.0773983947,1840011.22209952,755145.67237716611,3353944.8536198628,1211939.9914010186,40555.70485818883,6319725.9491506359,6143989.0728401914,2540547.2764156228,9976911.3953058887,2625675.7954407595,5881872.8771966808,648393.23695211706,1230264.855224804,2579152.3807862503,3083984.2255535182,2690963.0274167685,4678945.5096251909,4043290.8954309598,637558.36682630377,46146.186181277393,384191.3288587798,2224687.49789155,937629.16705048026,313764.75175880123,62615.090261243233,2632252.9342277935,2599567.6152166435,10080298.649066305,5723279.4526737062,1940192.2546895109,354962.33744648553,4121524.6695920341,561522.92907599744,190153.72723845908,1104818.9839318171
576837.32826640736,683714.05504419713,818476.82306314807,1748104.814369282,1621688.4294758544,659949.42286643246,2954849.5662157256,1049943.7035698059,34935.616905287789,4283528.6458763881,5396124.639720507,2244487.5991631737,8006575.8141755965,1889237.7995481621,4967718.5064924993,440925.97398473334,848464.40343187668,1762006.3072898078,2138270.7398110875,1845625.8817475522,3930247.565551721,2945953.4695814457,563824.03045440372,40505.103949893499,336663.04865913291,1906100.4625302113,796186.80689611321,247863.60026666601,49087.892834524238,2305268.0519381128,1929635.507735675,7040904.1365934489,3973936.8070390397,1302914.9038494106,238701.79678143974,3275566.8959049005,481784.71341551334,159924.36370038224,901722.41745244304
391381.56616877153,547160.22017835686,696007.66243053484,1506416.244298191,1419203.3088268118,572450.23030866403,2580397.8669689009,901631.71900193777,29794.03526676436,3677990.2528023948,4701491.4359457549,1966596.652476067,7005916.5379074803,1657418.2076138614,4369695.9058390651,343674.37363564852,588867.69000050763,1271243.3483098177,1888499.8333754265,1382810.0642896297,3459935.5060001183,2598691.5551565322,495089.19829926617,35308.779378836531,292867.47167271358,1614775.509958368,667380.08988489595,188495.93118789044,36907.656964440401,2017657.9179368438,1695236.1209844626,6168024.4801294804,2929600.0390430079,1109515.4416724718,198640.09865797526,2885803.4002698408,408964.47027959267,132447.72856218077,717432.5552744054
224624.27468560849,423118.21464479633,584375.91009932256,1301475.2641121219,1233736.8534255996,492352.14410050784,2240048.5583839212,766329.14074816171,25106.428142026936,3433561.9340641429,4074683.2534547695,1713577.9169261125,7076846.7146891383,1565207.3284779829,3914459.2688690727,316137.15732140408,533615.20101194282,1141213.0597009885,1685136.5039319638,1266424.5731295885,3033851.5809458555,2285790.8612045976,432346.07819882547,30541.947651029532,252744.9318936239,1349124.9014762498,550422.74412557599,135171.37884574675,25974.2737384301,2414720.7238601726,1784362.4513427867,6241114.0541600455,2740985.8877800195,1005070.1500564957,179693.26398279707,2554959.5251515135,342637.61770077917,107533.60682209242,550743.95536812791
75331.376217116005,310670.86551522475,485489.84971003892,1217478.8435956326,1064891.8524751295,419159.84767355525,1937382.5521358387,643098.2927703748,20838.87598126183,3365956.4012850691,3654283.7997141741,1490195.7120707717,7573230.639470215,1667027.7131849451,3868664.8298721896,325900.42888157291,548022.20228633936,1181388.2990216792,1658197.1451271558,1303203.3376750187,2710317.6648997692,2086301.5440070361,382028.74014094443,26459.18084985251,217584.654833696,1107274.9204810194,444457.1274189906,87453.314568230053,16196.943356156782,2515862.9685659856,1854640.5755345824,6348285.0357462596,2831302.8235911848,1033636.6091635098,191849.57440489775,2497439.9038187144,292268.06200808106,86583.997888772894,441180.01892962458
0.0089927687361336071,209109.64658183747,392927.82909416716,1112831.7446628974,909409.59487701766,352379.4108912315,1652705.5855440907,531091.86485499027,16964.647541096649,3029276.6370761325,3169380.178398543,1277617.2475140356,7641879.3753365884,1737502.2097505704,3789700.8990887101,342126.76112702308,592237.67392520292,1251509.8931732639,1492914.2203614702,1207282.9659972279,2354621.9927054779,1824500.4324588082,328924.68439207791,22444.267304579269,183871.29054395293,887685.68835991586,348754.80152789829,44956.668082861688,7496.9849959173553,3007396.5325284484,1930692.62370252,6464520.89893285,2652315.7703744471,979313.42895391886,190359.04423726568,2339730.9042522069,241221.3502882944,66620.853608755249,304583.92279933702
0.00055281570901662223,121621.01504748875,578581.39466667688,1634840.7896306184,975021.66569691035,366504.36549232731,1893097.977838346,549143.67220011412,14467.29806961724,3661460.116986122,4193529.5258121523,1340904.3029917993,14461012.33198455,3665166.2906011175,5430786.3105748193,696434.01789531496,1268472.8773255541,2577366.4499706896,1856708.0900389024,1728367.5683036037,2614735.1624792209,2092092.2840511762,353427.15723626775,22554.922242479752,182643.78363715316,739013.28283790068,287499.4153366044,11537.752586086068,0.00088756410798656877,3165087.3129420099,2957880.4559446364,10437097.517160079,4130850.4339453047,1397018.6960098178,337748.37490490975,3235502.368344448,375392.01811266714,112648.4432159195,531545.0846380156
335917.47172924812,561662.43395749037,1129163.9147149439,2412595.7180399648,1458777.6638256919,692637.12675066316,2846635.2812227574,1306984.590071396,51687.689628756802,3893843.8652833723,5660242.7104090732,1893426.649410503,14381284.52641277,3696763.7651323685,7558612.0762987584,699091.29919868603,1276101.7659662499,2734212.5515112071,2303350.2735635135,2259100.2031617616,3288277.399100408,2509947.7181830253,464739.37270668027,34238.917108536058,289982.71100087796,2039912.2767310813,969972.47130655695,181971.2978847842,26123.163760377698,2656696.6518900595,2727608.4832292129,10238801.844788268,4410279.8070974881,1776640.886350556,377753.97057525493,3687063.8407843048,644157.01222612069,266732.94566428417,1594394.030142914
1297931.4920574974,1152768.9223792264,1481536.700753489,2791353.6906476286,1637362.1278007908,849019.02176552813,3326897.0902477326,1723822.0407434369,72710.355695780949,3869239.1303540785,6140608.0578138018,2006873.8961025742,12503662.144050276,3191345.7972930814,7650116.7825706303,630185.20686178666,1164487.5762481657,2463996.2081960649,2153501.6467743004,2047580.4861944674,3276285.6103365934,2464884.9197931187,475010.10640405526,37371.77806965584,323781.09043425403,2824120.7359489296,1452577.019004727,495062.30059299071,97018.71008501343,2712546.3198174438,2614105.960048072,9968127.4221150186,4489519.4707197575,1559975.7326346207,311608.74846700922,3697348.4317638571,791969.28869326785,332169.69112400082,2262411.3125631819
1666365.176196951,1426438.0861051313,1852807.7987328244,4554925.151087516,2112956.1665450539,1199441.3142509535,5222087.6283093505,2729969.6981209307,108100.50145823775,4063410.9382436047,7910999.287610068,2548444.2629535869,16861284.892178427,4045755.8693743376,11139391.714475183,784330.20517169079,1399137.7017387643,3079181.4137945888,2935532.0049944073,2200303.91880723,3887971.3415599456,2965369.9719249322,592419.1314151946,48496.352270246141,428957.87391049939,3785256.9973257165,1744302.302772467,618975.93410552305,122814.35554364431,3085881.494750075,3066103.2140368,11277859.866180565,4562624.5494175963,1998268.458227861,421736.2488211671,6033829.4192611566,971960.10410860809,415614.6405526406,2764041.5921141538
1802929.76454244,1659982.593505837,1586708.562892637,3256499.8004852943,1934144.4904013574,1046870.5357787787,3899440.4272039053,2482352.0640628296,118510.67820551568,3670664.2792820721,6892662.3810182139,2291698.4658905254,11964227.635300085,2889000.4252551729,7860413.6228141896,573172.7836140733,1038327.5906732697,2256577.7858090457,2146218.9238910447,1561418.2343749134,3526831.4343737341,2664331.6276891031,531821.93033143727,44371.684593349928,393706.86784171098,3859886.8676293315,1884248.8218392157,672121.68001936981,137095.52966159012,2433283.6438449295,2132763.2096202667,7980204.1084836442,3196193.3149819057,1397646.9766558507,298480.23341758107,4152649.1949814102,880115.79600855452,379697.83402167819,2545137.9162136908
1506059.8734730338,1441594.7680117371,1398441.4365154475,2705375.6561033563,1705753.7317089159,906023.20561020123,3447270.6861270866,1790317.9249104476,79781.688637954416,3228150.5047319913,6068358.2599674398,2006314.6669077538,8469206.5610034876,1949024.3171265465,5421919.2365341932,380474.72732049378,697540.04106739885,1515162.6350466094,1900694.8557164106,1319445.1830851929,3090641.1523259319,2339717.8295642245,465451.02304311277,38857.037127934462,345225.15805417782,3405395.2902113353,1662746.4372441338,573280.99412446131,116891.14073881923,2147351.4345799591,1819816.9594763417,6526659.5414458886,2774747.7177221333,1132579.5196085151,212458.63435283309,3281897.4258293011,773168.24962357641,333044.17274919176,2216214.3133132672
1229031.45055836,1236378.7337684971,1225803.318488247,2380958.4608600461,1493862.2069400954,797375.59604960156,3019709.3337329151,1577900.1782930573,63555.218023268419,2813860.8834451144,5321914.2588729281,1744641.0111837487,7793263.8965357924,1774206.7198871407,4846038.9752689144,346639.43128135661,584270.36382239405,1273293.9498035538,1677797.2555557799,1174065.5057790724,2685524.6016265922,2041584.4086059912,404347.42357998312,33782.893245675448,300491.50685746042,2985129.5429081791,1457026.59719467,482788.09501931112,98208.84705075041,2098146.8845913797,1694723.552684071,5785948.42116425,2434565.5790865398,1024630.8937448025,196545.16582367371,2949069.507311949,675146.23270862526,290307.99707646586,1914327.7518022286
980832.6218181228,1050593.5848354471,1214547.208002974,2533866.7890088907,1495831.2494732279,747413.27135323489,2988386.7039421564,1431264.0013415625,56013.339744984849,3154262.7790145418,5550207.0523822531,1841984.5677482013,10663820.274528565,2666907.174001581,5700580.6652089739,490098.00892135245,885893.58348057279,1727883.603872586,1736874.0162242849,1264247.8056190158,3961876.8356813276,2326354.8092962867,457109.42560089403,35696.413608366871,307994.0785761791,2634444.3920914712,1270110.4160704401,400872.00946432742,81299.651954046116,2492810.4657794167,2014863.8048802074,6896063.2884204043,2806825.4819362145,1053727.1356381238,194143.19917754518,3093360.2300309073,679175.65239592211,261672.40111349031,1730101.4120928489
755592.91125335102,883652.27990369196,1377543.9973015436,2915577.8424056596,1533984.5993167581,739872.1283832601,3327188.7426197631,1394308.1689783605,49154.653383239674,3410834.574365559,6405471.2131015249,1917102.4458418742,11564783.767271623,3120595.954615911,8070586.0135585805,625047.27811232093,1116160.0875142661,2382643.0787892789,2015614.590184415,1395040.6245027739,4538881.8163648508,2763042.3023239579,508510.08403207822,36014.856920091268,308868.18640803272,2319452.2848011404,1109599.6482654731,329098.04049720918,65969.049389957232,2528533.6225920557,2442635.1142193829,9938138.2227495424,2997111.3906656029,1372359.3273771228,328521.11751716014,4308589.8819193579,754469.15000822954,262461.82200408302,1739780.0142539893
552716.42288159498,729351.32237219648,1208598.7027755256,2592382.8792528212,1341372.4102416201,646206.55020327389,2935580.7950837468,1217333.3993347704,42801.590890495405,3040182.6635094066,5644656.4777046945,1673863.7656446658,8505474.3297905531,2144303.2252508295,5487484.069882934,434082.18766948686,779314.00884143589,1631184.7854334782,1791098.1546691195,1239979.214094694,3928593.0193870869,2455357.9153513815,446348.09212207474,31216.923614355728,267711.29786063696,1992840.2809477993,953072.15761122876,261779.93029564642,52126.584751983748,2245752.6911104298,1902226.6112790483,7153252.4163293038,2722399.6099785189,1130231.5741992046,219773.4977100523,3321096.4548197859,658505.52787995781,225926.37640255596,1480692.466131388
431892.20588148688,635664.0260618563,1052948.9564846971,2315018.5939857326,1162820.1955241882,559936.62344937993,2567746.729954592,1054685.0437096762,36982.469392313862,2674817.0775558781,4935139.4535272541,1445792.6388699219,7514523.8285812642,1777591.6198940882,4850821.7241584742,345986.95952382457,579896.2156815721,1247821.1543255488,1576861.9741583313,1092068.6656079923,3461027.4848464704,2155198.0337055768,387598.08172302769,26793.528094791043,229681.34058984451,1713156.237965985,824656.87554033578,236905.14057405692,48243.373048421738,1975589.1595165068,1677236.1863738026,6312496.8433354655,2428625.0368438703,996758.95228806918,194455.77121585485,2928369.9660979151,570462.60919522075,192518.18120311623,1251172.09912146
811546.96501361183,916705.98145728791,2055659.0079684032,2834508.094492109,1640775.0351420855,778073.25296451978,3632283.1415724466,1459499.5895581797,47619.726099038671,3007051.4744251105,7216509.8450243166,2045886.5347873424,15486294.081043147,2883913.6699631731,6786439.3990981691,557485.44351679937,973946.47619316715,1996192.2067518639,1864820.8571524122,1192037.5492091898,6843088.6767797163,4071651.3449597838,610795.79106466169,44422.193125849481,374490.81874088204,2680544.7646524762,1089871.4521428677,348527.76686075632,73358.575851477348,3501886.9483940508,2898307.2180261714,9246492.7705037799,2640013.6173053537,1106723.6530460753,210883.49102658103,3461818.095950882,835536.4037414901,259412.00276207575,1908712.4537000405
612782.25028604048,765678.2818175779,1589845.5567110982,2511322.3118508211,1440112.501643646,681952.77510946058,3223678.7621288467,1315659.3217183787,41940.419807606253,2651486.7773888693,6397006.1270460319,1792582.9070582408,10923365.540763207,1989454.5115259117,5176455.8811157178,380167.11820608511,662955.89494101144,1336724.4424668653,1647639.2371430562,1053740.7600284088,4650297.1502074385,2961762.0223078532,540710.97778443375,38948.39228001445,328134.99368005717,2328202.900441044,943044.02849526389,284714.47252194566,58853.076359538361,2549106.2772484291,2027635.1985255061,6913348.5883335052,2366638.7313226489,981425.21407138917,188523.72995021119,3068678.9124749736,732794.81261319341,223152.35034790725,1638431.7381540677
1131459.9917221649,1345791.5949612544,3171299.152000817,6947595.9804144101,2091631.6281912182,1008778.495542021,4937673.5536103668,2252427.3972180695,63818.875402084523,9029208.6137788221,14136084.118122142,2733922.5197349656,25897665.321884368,6666498.5756027969,18549632.769293781,1553195.5630727021,2945282.4285374898,6126286.0415626736,3272729.4875633195,4080453.4316665526,8229131.807720134,4028848.8733792775,688263.36325216177,55048.685936207221,473978.23366078845,3772185.0577249718,1491387.0435375993,429373.29951718607,74464.275523910634,4726356.8295472516,5333073.2133117579,19419803.236040525,11314383.762182098,3274279.6814946258,655656.34769050125,10223244.555050874,1837220.4441099046,897752.49406887335,2711012.0447408627
4237003.6437025554,7615530.2595177945,6545254.1256289966,11090419.101408906,10769932.546358995,5123538.5657624509,15653433.186605591,8867836.7663328443,415591.80817331042,14592436.147694618,38139380.580974393,16078474.126450818,55586614.82000526,13535511.895016996,35091082.533407614,2830370.3913500761,5149304.4483243348,10627051.846603865,8313787.6288790852,5968960.4680306464,29841879.461241767,12860407.281002106,3887223.670253397,382061.24831177795,3017841.6242110725,23245850.30254335,8712040.4207658675,1276976.3717977563,259414.01030331189,9311886.8533143532,9781589.7347235531,28912398.927723467,13661588.967697503,5311378.7686370378,990708.09175113752,19116625.691996813,3656903.8919778951,1168241.7850487228,3032521.961937855
15212243.311748877,11991093.589576498,7728290.8033800004,12438787.272314727,13558296.321801586,6616667.4246002873,20239652.439736869,11891532.2986877,660719.80185985111,26536674.555969059,43104379.448193297,20176629.25634129,63889618.682880864,16511644.194925724,40085097.051956967,3485067.062487924,6469688.4199554203,13409515.782280084,13301556.306591595,9719857.7668230645,32283993.270579193,17586167.446110394,4455515.2553796684,401493.24014249753,3232106.9508569906,25421777.328712858,12831703.169102238,2687031.8129024012,329910.25775664696,8814285.5678006727,11277181.756626027,38674610.933997564,20170994.50432412,7814938.846550649,1400174.9013583083,22174672.551103827,4103250.5668633012,1287632.5344030885,4570758.1309988415
13332403.658249218,10650602.456173582,5899834.7396076852,9127467.3569527287,11970033.327058747,5891043.1012269873,16431559.078490065,10512563.198686168,584794.85363120865,22634664.596997447,33320129.789744504,18046201.937725037,47630403.098884001,12200794.360378893,29958990.803023607,2609472.0327834855,4893400.051130034,10114502.251143416,10924999.397989547,7641104.9959240034,35175704.542094529,19291380.411945663,4538846.9503549971,403699.51754631923,3218194.764473462,24679770.398247529,11422851.422805479,2252915.1210974804,267115.2084343264,6404035.5996834608,8308487.6514925687,29426833.587560736,15732025.859214567,5999491.7444439484,1047035.6967725847,16489541.555990323,3023081.5530149061,910198.54271681246,3431242.0569722131
10455653.73029826,8215672.4211530779,4194904.4474360691,6449354.947872078,8781029.1190059632,4298280.2863112921,11875648.392776355,7654490.7534133056,430625.87497668818,16616547.733329833,24036277.328820195,13374098.296163293,34566352.688132145,8846676.5494970419,21573815.288052998,1895527.4570098645,3559971.0121373706,7351897.8469895292,7972375.1300231032,5556628.1447632173,26688564.183274467,14362170.752355803,3381840.8886658913,299068.47027633333,2377366.1408425812,18280145.370802082,8386496.6975434106,1554917.3869679261,235675.23278223674,4538398.1225627819,5990415.4275676953,21183706.668195423,11355947.978178643,4342974.1391916089,755108.31435291411,11852255.398836821,2126289.5845314651,620922.76465849846,3029375.6728296438
7917859.9221576052,6106252.8924948154,2927024.7839549794,4726529.6322689615,6285305.4029167015,3088449.1290381476,8348920.2995115584,5469047.7556132609,313638.87766283465,12595105.601389004,17471963.925830387,9605074.9369736966,27266144.876828045,7071011.5739106415,16591814.239091171,1433904.0487963615,2629861.8761899127,5428375.4933681451,5852042.2236489402,4122614.334086596,19438972.238297377,10456671.976758577,2451618.7949512862,219498.67282927886,1746103.4835793786,13518337.830285642,6034961.2688987339,1225749.2967942371,207247.87035027833,3945750.7686186684,4811430.6586646773,16432756.757136613,8737152.6356055085,3251072.2490831995,583110.64896520751,9124134.6166805644,1518726.8873370946,435943.9922013983,2664026.0474771154
6446831.4176017381,6648758.5800300557,5328441.270690497,6771819.9609457869,8180710.4980100272,3841152.5609733104,12261630.317207867,6438134.4186956296,304660.30850564776,14743159.729544939,24720637.653833002,11666954.363520531,36238391.365134299,8635318.1475865208,21573753.335031107,1770988.3379132235,3182878.1432472104,6724109.5257791448,7590949.6976119708,5531691.5392870335,20511668.549940757,12022016.104543921,2909004.2296338044,268714.5038567239,2228968.3179492466,17847794.981196694,6468266.6021098923,1199854.1614143099,196922.37569555649,6774094.2759808404,6875653.4083671989,23788200.36144096,11599582.401645485,4498098.9468556223,809800.24900128169,12762274.689111685,2430202.7672634027,594881.16737706622,2843219.0432725158
5109287.380240242,6346455.0675625354,5277895.4151853211,7504016.4570992105,12428734.821752297,4997378.1562763611,19705514.52386868,7388694.8779705036,270025.05130836111,25009547.887823399,36347509.010057755,18365286.477964826,44139058.568153761,10283172.625637699,25822647.220967568,2137708.6547159092,3753596.1724914308,8001468.2770695053,12883559.83829003,8862787.666569503,34154647.9849777,21310429.280466668,4715840.0994860791,397063.94898203865,3249549.5080299815,20429823.150598262,6240348.162496035,1140290.5587007729,178014.31436164974,11958171.346890125,10203061.739736509,36061714.442477129,17997377.19967854,6601185.7995424978,1044570.9771477855,17080885.583822157,2767147.9506325764,620026.75757285452,2789673.3014066424
9479009.6847728733,9357610.738324197,5084812.9779460402,6778137.1062718658,13056217.427150251,5414361.2228797153,20545208.914445665,8214659.8982425537,305219.40032110194,22166296.464516923,36882423.497522645,19049631.467494246,37433355.599760793,8558941.2880384289,22392862.737019394,1760309.1905586543,3014113.2625415102,6502926.6557711503,11882888.822981518,7756935.2448507156,35670423.406371213,22214147.209127959,4888208.9859930957,405503.22256417817,3333146.323580523,22461259.885206889,7886702.7485034335,2136165.4483472267,288340.14865366754,10289518.542229595,8816816.030806588,31947427.341529179,16112507.77276155,5884066.8814998502,913521.56046683691,15698638.343688549,2755970.5710209194,672973.90868586523,2879121.4947502739
6539637.6345330961,6737701.5612098454,3591856.0927468902,4765843.6552047022,9693819.7315290589,3952253.7994585596,15201624.575222682,5920685.5048419498,220061.13514446432,16461596.598506417,26978034.935908172,14236894.745197563,26975035.255677011,6141800.5060751634,16309166.591835987,1271774.2959716055,2193328.205088777,4744613.6412128424,8801003.2098956928,5725354.3096958278,26832380.609211024,16631983.68294847,3652377.71212913,300382.04997797788,2462591.0415372076,16342647.239135625,5653212.7287169034,1427956.7787136959,246976.98431585121,7383025.4348578695,6338920.5465953778,23587827.159317307,11907589.831855033,4299612.8118037665,658879.21317293076,11333380.177044813,1929880.140361791,447814.77889597835,2524667.2622033879
9332821.9109370876,6719954.4635196738,3450504.5795637518,4195632.9991554329,7098613.7783120666,3032067.6994365701,11120330.779403551,4881800.4504462164,187326.62665741835,11700565.770784235,20086962.924873497,10417549.406925771,19133699.52149592,4322763.7051401101,11828447.179899022,894146.08401254483,1530318.5179178442,3309601.0673235208,6256051.142583943,4056313.1009827284,19325207.350020558,11906335.24416139,2620142.4980007312,217229.24603521969,1789444.6363525817,12683896.308735592,5129732.462040605,2360657.3033589232,429471.60083633888,5197203.3082120623,4477851.7156936936,16605701.580795059,8442401.3213353232,3034597.8350871019,462834.80233903741,8171989.2111266358,1768282.35642209,454718.42172148608,2876814.8886227431
9319353.757801367,7977851.7269990891,4397847.8390242597,6356937.0061782422,7948210.9923867267,3629703.6573499199,13491337.516913164,6142240.7004032247,230399.0681154574,11693640.045698833,23959176.956146806,10853523.771582711,20463610.703116361,4544770.682401685,15005857.832358597,892843.30870181974,1476281.7718978871,3243056.662326585,7112447.0814126292,4555855.2011123588,18254471.631733496,11980315.239131814,2762058.1468613362,235961.44742180989,1985156.0186002005,15830232.864983488,6300215.7753339997,2573518.1543145739,474040.24455977971,6064115.127734432,4939348.2484541917,18896976.529989548,8952493.1874716505,3264041.1645928225,446091.69962610881,10140120.801720599,2602214.201449662,899518.95648524747,3416630.05862774
15338625.474889917,10586813.154822487,4523917.0883376552,5555670.7801719261,7698771.6922444096,3812649.3667151891,12708399.904942259,6839416.0366951032,283193.33538286091,9990749.4316231627,21880724.433651939,10202124.304826356,16159049.489314996,3577682.0505395113,12730587.472970061,691282.50277780904,1129280.9836861596,2543958.6602117019,5854072.7621212434,3690041.8399841976,16409841.901581392,10534554.220770957,2527395.898208898,226268.6542059122,1924877.2078269646,17702661.80062864,7889414.7509108316,3988810.3156772698,758881.69223609031,5257175.0538845984,4055330.965454258,15070383.010892412,7284987.399483664,2631795.2729748972,349922.00676682888,8857906.9482545834,2480543.3483973262,820712.95409343566,3406541.9254821688
11003604.210093824,7645659.5528350202,3169587.1911332849,3823606.8281266908,5521205.9366905391,2729446.7158735595,9072250.3121928517,4875854.6811981415,203130.13846346166,7153808.7907299716,15527184.56364662,7340990.6815611394,11264233.432024684,2448004.3076249398,8862572.2833712827,476379.57116013143,774978.02698333806,1738173.5103747852,4217181.281772458,2653362.0578033761,11882485.983332939,7609617.3085170994,1819876.6475565296,162594.27690839974,1383310.3315624609,12746777.827258879,5648048.9424392069,2842457.7488724287,546060.19932130934,3784603.8412880967,2862945.4415085828,10769128.87165153,5234766.9624629058,1849038.8045761874,235478.2788042535,6171854.8173832642,1723148.3384212439,554933.7993000712,3010996.7532260604
7606614.7562421029,5415302.9726684084,2288399.1617709412,3452473.8616674901,4276782.5552202044,2056487.716269095,7284254.5597268119,3642925.726504318,144721.5049221064,5896910.4984087693,12036211.834513949,5633942.7108696634,11918403.824276172,2528391.8317909092,7822810.332677166,440992.28848781798,714986.09081129555,1582687.870871424,3335823.7381283185,2142137.9047957673,9089438.2486292925,5826923.6348275291,1372396.3432939569,121944.27037861072,1040871.1755489819,9283427.3147845399,4030624.6245409516,1974255.6594040648,373427.27251501696,3061813.1579051744,2463482.6661954466,8891810.8679175656,4186121.6411551842,1541546.4241310088,218507.26188632724,4937726.7710286016,1316140.0079384411,500870.68593183241,2799627.6744441222
5104073.8810810558,3778988.8874135511,1944637.20844882,4572098.0032226108,3293538.0614900403,1538268.1937601122,5889416.7346771928,2681693.7834927454,102402.97558795763,5479487.3332029972,10777711.761309998,4218412.8977195378,15362559.230239175,3024637.5135556525,8864281.0995526705,508125.96210108942,812756.41550604056,1795618.4011438736,2870789.86427136,2011560.2304826595,7425924.6701571383,4897155.8392911591,1060757.3442529344,90809.009631812747,772697.92205449415,6607899.4594116984,2831969.8122372213,1321283.7749397669,266372.26006678469,4790897.2677505957,3281258.7831481295,11232471.601043366,4139348.7938767523,1540708.6553326149,260911.45020581252,5375046.7301421613,1240665.057432336,443628.83883102308,2821636.5642352132
12737348.570665013,7627500.588539971,6632138.8982468247,11956674.32575647,7129358.7397663975,3362321.4031725051,13927302.361836717,6235050.5325030573,210551.59859056576,14549207.424030967,28568386.334915616,9214292.9010807667,42156879.252050728,9267039.8032894526,24696787.254767202,1650779.4610896136,2629701.9558185819,5783441.2570750238,7264856.2006234694,5609862.8262990145,14669502.204831582,11071210.401223592,2242527.0310952039,180871.02870187629,1576513.7948133003,13063216.69206812,5954549.8714305162,3272415.7196977269,616517.71762338409,13736339.670006644,9986878.8455916569,34741114.956333682,14173620.007215381,5002664.0407995693,987360.52904357412,15226140.602823496,3935822.8307869169,1758448.5356390846,8102941.0428479332
9029311.8898508828,5425245.7247591997,4760383.3160849223,8744000.8450053204,5142559.2589951446,2396515.2815974602,10126629.57342967,4432057.2434926359,148880.40433761087,10752586.179912092,20642461.187000621,6701089.9878270626,31560737.89934098,6897212.4180298196,18124111.707996268,1225709.0986437134,1947893.5443359828,4239670.1107163904,5276240.8043718515,4090714.3842732208,10742035.944280211,8112440.731327069,1624909.3788864426,128973.3598176556,1127387.4164572603,9274398.6586923152,4203665.0642268052,2275174.668151611,424973.95359300583,10303552.300133189,7462724.0154687641,26040693.116578437,10579695.520071659,3629585.1560618156,715565.99805763829,10983529.847866373,2816388.3493054654,1256696.1428461752,5614330.5521090999
6107484.5858929809,3722869.0419697422,3374714.5712880767,7406940.1518850168,3653733.0888511753,1659929.632973508,7177555.9962912481,3058777.5851184879,102106.70395683857,11759421.022532275,16212609.761369385,4913871.7629929204,27857632.840496764,6073596.6024344321,15318448.905188045,1037374.8708334735,1613569.0987950701,3788570.398351355,5754335.9767099377,4115756.7844108324,10316603.06303308,7968516.5358591983,1396008.32897962,102694.43286616712,857499.21125860105,6394407.6223802324,2875682.0821127291,1524507.574844959,281323.94589882757,8395451.9869985282,6137986.5166648775,22369707.766167231,9056716.0560233369,3754450.2071929448,804390.1165893646,10230194.026582353,2098321.6911294693,957681.12971542461,4392433.001024914
5778367.2684306372,7185677.0258587888,3816221.6774107167,11033394.525256861,19117180.121737354,6538254.8507636944,31119877.471134067,7478087.8619310325,193539.58133594488,36828784.562527128,65965727.758644611,28370556.507655606,82908718.009407982,17990827.839315761,38199013.940151304,3341489.3486371301,5477938.0907660415,12702781.299163051,22033851.28717969,13395550.137812702,35600620.231173515,32652164.913216803,6206803.9702472584,434317.90676674957,3769449.3507703128,19280303.95932385,5834257.1542139323,1504845.0530188882,261098.06366473591,18318085.542315762,16355613.784025809,55336052.667493694,26711901.020975851,13052971.518120755,2687126.8553311843,30126956.881151568,3091219.0929605253,1209378.8664461952,5161437.4788119923
4499929.8231720868,5350850.8633399969,4052381.2138567436,13042491.198468259,14642721.858962258,5091167.4330830667,24805323.234346617,6141374.0845688535,181561.07368555057,50675236.213627324,59966294.600410402,21665864.589598302,83688011.087690249,20969519.834506478,47742830.313665919,3732380.5088679064,6068519.1456915597,14156412.44818606,23451206.112787034,19130289.085856114,27475939.318667904,25980236.398297712,4735875.8764515175,323492.17951305537,2814780.5416317289,14595632.502203949,4841561.9510736922,1239545.5608717373,232705.85569285371,18099204.769535642,16785145.900310963,60954755.689598128,39522960.124617256,15401988.690074695,2871989.4557065964,35140435.282730974,3720383.0442444836,1216604.6597409113,4650491.3678043932
6519812.3001406584,6484035.9239680916,8060550.3376091449,20555573.116170619,27994909.529662225,9083448.5036355518,47520358.87287008,9999071.6837465707,159260.59211438429,79550103.863316372,107301601.49884824,42062041.569094762,135546413.19659516,35475736.71600198,83605422.228703558,6683625.1359344879,11268683.364428932,25459169.598471921,43880510.308188081,33619606.187244855,63039361.089482613,52340035.62703041,10110045.27911488,712904.2809669486,6236810.6012909245,30479747.787501559,5646673.3927150797,1224908.4974117696,207350.10694145205,30898253.899416726,28086917.468465909,103083109.44968976,66877969.502161473,25472775.863292396,4352669.0181050422,58676504.464681305,6099108.2340759188,1138066.1952132343,4264837.8318985486
22990095.370301589,16397769.853337603,7619142.9628805649,18546778.998694744,24425733.082841136,9007071.084463235,39380808.823186509,11300351.810671465,329473.95687199145,67144743.253463924,89378493.146185428,35687061.690049872,107391138.28726113,27771632.944980692,69060461.038173363,5292331.5358204478,8932976.4746411424,20248767.701505091,36366270.474510387,27767313.28299921,51822137.469885521,43056970.967882968,8614926.6129189804,645054.21609341365,5732447.5304276971,38143939.45593971,11143004.431214042,5303317.3587316275,922781.36849368713,24964760.175282728,22251293.61550219,83241662.844792083,54959140.119141839,20715592.647708401,3472101.6402113107,48653458.418365002,5734430.6399547011,1411192.1793632505,5375407.0662200535
27736785.320756722,18364153.207908746,8463483.966486346,18563709.291513432,22302407.43490129,8700935.6631242502,36339852.923473231,12047010.774812002,351926.68189601018,52128236.41722244,76851286.503197402,31925066.335599229,86210372.005661368,22201074.9091313,57765495.371917769,4243924.0874620415,7185539.6767917359,16342709.963110438,28954936.262245554,21636777.422196634,42296912.459761947,35016438.954867043,7318121.4407019885,579041.1825749682,5206697.3184365956,38513314.892667495,12073670.732204197,6047761.5871692002,1040935.9741406806,19045503.761385083,17340607.232902553,64512124.752707615,42366717.482363597,16424687.986971395,2795738.2117227586,40222718.77691526,5898109.6457818476,1820426.6372962871,9101071.2215163596
21509043.91987098,14334660.12515589,6200353.5124891205,13932694.886136759,17310838.687179595,6647568.4202585584,27805174.442005053,8986100.1017096117,261976.46112552757,42130480.483729802,58539215.428491987,25035490.660394728,63461820.126525275,16574375.514460448,43913089.865589142,3266542.2367258812,5632910.8882169304,12859761.507008273,22999898.859738201,17064491.996561624,36942581.432447203,29751556.540881474,6069999.1501431204,467384.37065240077,4154553.9385309406,29619566.953090087,9120185.8895331752,4474770.1983277192,753595.67698391026,13904766.591866268,12842985.771589652,48342262.930820785,32629592.619001139,12857625.386228507,2179855.5669272244,30880553.863888301,4343117.0705812424,1316544.2785023989,6471306.539058405
15602859.930459088,10454795.083585029,4407863.160469464,9975026.2106773984,12673657.293947008,4838040.8499698117,20217790.830146093,6457609.0739217596,186799.9848312003,31096001.166100413,42721082.656971999,18399008.21402809,46207182.865387537,12108727.315074535,31945864.990457661,2386844.8008483127,4119200.9026274346,9437787.8725322131,17015836.537770968,12632935.252462531,27330737.418207388,22065194.471741375,4493019.8831307683,345454.30771083053,3061527.7388330125,21651099.552263681,6558592.0724463882,3164808.8996231104,525366.19986911211,10060740.815222016,9330379.6967681088,35158519.360187583,23971736.143725719,9471662.4173626136,1600515.3356051689,22595234.350760166,3109705.9730791077,923209.98622043605,4378259.5184078244
11138937.713386197,7434100.9339521164,3063539.1595212934,6938227.0952999759,9061226.3240950853,3454531.8254608861,14367304.377469435,4560279.0746610072,133227.85955842695,22599759.231893897,30625692.896903578,13259044.866298551,33350915.170708131,8775678.5915916413,22752494.415736057,1728031.5217273657,2976241.2320822794,6799443.2003784617,12295856.439067205,9142448.6275772434,20038306.130928833,16047586.360875679,3259815.2807891234,250287.90393903584,2217331.0252678799,15592225.955517622,4643536.753825496,2300438.9092651964,396930.22167429718,7188176.7527675489,6708405.6302554598,25229461.757785078,17455329.953912195,6848856.2249378255,1164588.7879139879,16322819.244614771,2184250.0394078908,632213.65040270356,3352204.2373576476
8993553.9338929038,6602154.9137939345,2261784.847727064,4984282.5814712802,6869485.6793879364,2623330.417347549,10685305.427630831,3441142.2888647253,93275.778303678904,16341040.68316263,22168652.066257473,9969811.7723311894,23516671.998479582,6278206.6319356831,16226285.813748883,1233051.8562934897,2112861.3035730426,4837839.4291040376,8856502.690857118,6623922.060760336,15221704.31954045,11719246.767699391,2440896.2048897147,190601.41367626624,1681998.9132994765,12317738.941942586,3792075.042072637,2222326.3995301807,518746.68695768161,5045268.8434131574,4747846.9691648111,17724543.465744939,12586606.249918621,4937577.978736368,840917.51537253556,11759089.325784067,1605761.4108252306,469297.00070355489,3126399.6681434163
6259084.2493213909,4639831.9550617337,1805801.3060389247,3773571.8306427156,5358476.5082403542,1953791.5105822061,8304495.1958282813,2493744.3373635439,67015.559190590735,12044734.887546802,16971048.903254606,8094178.3577578841,17831008.619339757,4773433.9663639534,12617946.360724803,912650.60131207062,1533280.3306361812,3684945.4488481763,6613510.6618467802,4963359.3908503223,12784456.963596854,9756218.6732802372,1973543.4090749277,149487.41049534944,1306211.1084573444,8807696.9007435441,2602213.1158009134,1504387.7219795275,352510.78323647787,3468353.019455899,3383291.5370127289,12558342.614515055,9063945.3040679637,3898723.0539692268,712553.04076601518,9513399.4825629089,1242726.1306318596,420569.9254757021,2853561.9276486197
4564459.5691193361,3150337.4669049811,1529743.4279117549,2837973.3718453678,3758916.4803520446,1336001.5502202001,5748855.7307341862,1792589.2937673624,59185.573279690143,9054906.9147894643,11805309.161337115,5758142.6428659139,13922233.571495155,3733803.3727536881,9285923.8987988587,713060.68375199242,1199457.7418146809,2817329.1196163972,4787100.0059211385,3689064.9999322277,9579397.5321853254,7374734.9109104695,1425562.7988008594,104930.94672718266,920726.99943958712,6060073.5286239088,1872792.3623157367,1204687.4454452558,261931.80447219015,2497082.5231805472,2477331.7809504615,8978622.7510726471,6686432.6789864646,2855531.1931506512,520333.10045239172,6779469.7601358956,950784.63793732133,371853.74936180824,2501783.0378526673
4047517.4231563727,2440931.7348114345,1348138.8319448549,2512581.6898754053,2735281.7379017016,974530.57843684056,4163322.2155021923,1583723.7918457899,51986.52878375561,6493233.9364906503,8052937.5907194661,4320012.5184977045,9771437.2569042966,2582557.6307505085,6282941.9049717207,495667.40431998979,840230.65678662388,1984778.8051205189,3363237.6489132317,2779727.8346794606,6687496.4596772157,5298186.3557794429,990425.70123969181,71513.963405678427,635380.00569231948,4131528.1920766728,1653208.5019893914,1060592.3759183101,230723.02601586733,2226863.136761548,1908193.7121168026,6851736.769818224,4893341.7228750912,2094927.9840266563,390315.77501608094,4736727.986185004,838606.14061740949,334182.54253263643,2179072.9450128549
3577193.6458200933,2166077.1147174076,1187284.1566395443,2253377.7605936397,2062374.5394875736,864277.79128278384,3681346.2737592394,1411957.9414634586,45431.705869141304,4400394.8535855431,6848827.0839227419,2933522.343043718,8030344.0317161987,1881681.1435985132,5065993.7720627654,361017.19587774453,593817.34681620391,1330339.4943177516,2262118.9149738648,1912112.0123844449,4444351.9685687069,3660357.5905540972,677789.14122318721,54660.373342659761,474307.44251985603,3669194.9284809795,1454019.5431515637,931442.77024242363,202152.64052479999,1961169.595459956,1690104.3769145794,6123495.4427063428,3345620.7008145563,1418520.5182212361,265221.16230854043,3427636.9157641255,747960.09476520249,308949.91308835876,1953897.3124837342
3128369.9880173835,1904907.3597952328,1085461.5045084301,2354300.3617159263,1948774.1763055397,778831.11293209938,3486057.4918873138,1236739.6740372023,39406.212748547994,8538862.3375997022,6985252.509623494,2731275.4055498466,8381646.3764638528,2904695.6157519668,7384765.6591282347,674450.52329189144,1218167.7244827626,2699574.7777033378,3531150.5960158063,4922751.1736278711,4267337.7409309037,5192453.4741930421,734527.63608161488,53255.873384154504,455425.48154815071,3246796.6187774516,1270691.8433165119,810213.51325746661,176135.75477353038,2005978.4950821064,2066515.171975028,13610339.529154578,11968032.002408182,3259244.3746420825,517496.26955270977,6024107.3086538911,734745.22265671357,274503.93652893271,1710538.8319040476
2769080.8425168777,1732163.0876859555,1258742.9463188057,2863341.6896494124,2321007.7714881636,848396.30325020454,4119665.1932787271,1341763.0143946384,42091.641474859382,21005666.507776748,13083851.369811209,3928074.5795987467,23002678.883420307,7504264.2617789442,16483289.4128749,1520903.023286137,2653132.3179249037,6205593.3395843413,8936399.8209183309,8855571.6578809321,8515082.28184467,9464459.1561212242,1270416.7632096142,68854.779416624719,539319.20956554462,3206114.4868565369,1265557.8219936034,760344.0915527083,170117.98195971709,6831610.266441742,6480817.9056830518,29528159.719151441,19722237.274091519,6858836.1196411662,1331474.0095997399,13286520.14685078,850953.12676755281,283112.37473444047,1718559.7524707944
2428648.9633055632,1520519.1456082878,1100124.271074024,2550421.9206889179,1943282.3732853387,745909.77068059565,3526828.9850418838,1169779.3265526961,36362.744090453059,16198935.452068653,8901239.0259462316,2785467.6414523968,17983366.418015677,5721127.0402851794,11858745.165227534,1157576.4082446268,2060581.0628671946,4733237.7808666769,6538693.5419068364,6686917.2030040789,5993829.1088996287,6937209.1423360398,875962.29258306092,54091.161397388729,452979.77541158465,2810320.0868786764,1097917.1931582033,660015.14964240615,147448.04817756984,5522431.1443480114,5108363.8160125436,23177695.717375066,15545086.767570205,5079891.4355807118,986481.13515942311,9546280.0155744758,747173.26949729014,244828.28978029755,1464943.1164995506
2076492.3031525526,1312009.3493378474,1013052.7262055953,2571220.2793061878,1828005.9094008736,683057.54423187545,3406286.658631159,1046056.4017177816,31100.174993523302,12533471.557410374,8316473.5956202187,2567696.5369447619,17750072.064648423,5452428.9291206272,11687781.386796061,1123660.9238251648,2021956.2760447448,4653354.0899392497,5244656.2965242555,5370859.3549101092,4345588.1628564475,5234109.0311042638,676151.73995436251,49336.954125626355,414565.93411070539,2466740.6536299963,942401.09146916424,562281.49237185065,126137.02214278381,4693204.9279681174,4462667.5542542096,19016162.065567173,12464408.129570827,4381966.2702105185,912779.98041778582,9180773.495375596,730567.45485914487,242127.93946334423,1350826.141669675
1754245.608067669,1120885.852945334,875254.45594130829,2335857.6236181376,1615894.5849580972,594186.93649614858,3024730.2047873461,898918.24009713565,26305.327862376798,8976728.6749886535,6911403.853418842,2288017.5257637864,13373524.129498834,3839859.4026018712,8172184.9583256617,798599.75700429478,1464501.7265362721,3359380.7627362967,3709378.259683629,3938384.469692417,3903715.5594358202,3584918.5537477811,603387.59148658474,43461.650720909769,365098.83875825326,2132373.226590455,802382.79766010016,473273.23706439335,106720.22147131429,3446101.6247412059,3153423.1450707079,13642262.286753369,9072495.5240197312,3154879.2726435428,663268.97742927691,6451778.5459477939,642252.17326190905,209997.52322135484,1171846.0408174938
1457684.0274178181,945126.99056660384,747551.08039020898,2053045.7754156946,1409543.4039193266,511902.68756676535,2632611.0637998669,763291.97361524787,21913.187501352415,6150569.5344968494,6081460.1849871296,1992675.0547706401,9020538.1192529183,2617440.9029446472,5493499.7105271658,546544.06324035767,1002329.8661031207,2308786.7826946136,2473494.5214902428,2768651.5206567403,3398915.0717401463,2836733.0199639625,528224.03347635956,37997.156401552675,318450.65146966366,1820676.2908810508,672741.75315680122,392222.23597906105,89008.255510190167,2496168.8030703096,2108717.2320260527,9243249.589371223,6383692.3572492339,2186790.9522025352,466551.76766286255,4358687.6428477131,555553.94583832996,178002.66923380361,962806.93681534461
1191525.1003696143,784944.42659865343,630995.39657468093,1787257.1328257418,1223891.1624321628,437030.33908297366,2284164.5061644241,640273.08637003647,17938.079952462853,4134320.2543168631,5327205.8174972879,1732271.5218583585,7853760.693586397,1891592.2460385186,4853854.4757549707,373757.18784006976,666510.43385833513,1544823.4739261514,1994840.3069503873,1894024.9506939892,2969052.414364805,2496784.4646124411,461728.63550199254,33010.985837433269,276004.10449918383,1536705.4889549506,555321.83559850056,318851.7052602428,72973.173349693359,2206480.5519722584,1816206.7337689898,6855374.8023989294,4366490.0630191825,1481253.9979637666,321299.53370833542,3329720.2969614691,476190.90690019564,148876.45300056582,772820.64509806002
947587.26121498691,639155.1606178591,524943.1186666385,1841792.8206452185,1069917.4972579423,368857.5546538136,2004072.4530892144,528999.54672258697,14342.159513351842,3690170.5452203206,4680705.0294933114,1540659.1663095423,16743628.598304313,2979696.574868334,4857967.2710644957,501507.61410742922,796607.58919725427,1540844.4336674986,1816844.7597865888,2368281.3811370772,2605628.6232804158,2422826.3913982701,431291.39151786902,29416.600506973493,246535.74719952396,1289205.793013013,452310.27740159532,252520.92244782814,58452.89153516962,6329495.898655409,3829800.2532919329,10999231.571884578,6159951.1450196933,1467221.8703484044,246687.48402320413,3004839.5958993975,409494.24044379027,128142.24122212151,685767.15495535766
725785.39778130432,519789.37704134866,509076.36455795378,2052941.3470279393,1289198.3084830784,428476.09910219425,2319881.9027618319,537721.29585265974,11165.936770316996,3608371.7618545904,5245620.6716565937,1750592.449047361,16041189.07028356,2834298.8263045293,5199205.8002378345,557016.05260845413,962194.51363267936,2003767.609700433,1778357.1841174264,2006729.4966526669,3348361.1921655177,2388623.4716469087,470627.64652805118,34658.465789590584,303506.94296029088,1745884.8777620893,390679.04397201113,194860.78781225643,45348.98507284349,7141541.4507620241,4177772.9082018263,12339301.435468221,5628449.3569217501,1543997.0250346919,312366.2771184069,3431971.1734340922,483461.90530675621,189944.52354405614,1073311.3837212205
524511.72233165323,402733.22702553368,430461.63947711064,1816593.7532189235,1823830.1483822824,543790.4755836525,3324829.893775133,646161.36042390415,8402.0648857574633,3279381.459363319,5213367.4737436399,2629796.7994648898,11151123.717295473,1946234.0381447414,4650020.9389672009,379614.96178719669,665597.97730882023,1352763.486745704,1629526.7348740716,1440791.4135331917,3845098.6395197255,2477429.6972553348,519455.6758769126,38684.008546933983,345754.04757867783,1669308.0780965413,332637.94968498289,145710.12411962679,33575.181184998044,5166495.9928336842,2911295.7232436086,8814709.6289367955,3939972.1325039244,1174779.5330639458,216145.69348706937,3056982.6526774755,423508.78945509705,170849.48097887443,933088.14453434141
343921.61154739762,292283.66624720185,342825.5385073942,1566597.8918675056,1628202.5105631086,467240.74076381314,2979544.7480568378,534638.31155923556,5736.8790360731837,2872418.6386482604,4555358.9223228563,2385657.4280467322,8339894.2883231211,1719186.5984249781,4070747.7147347829,335269.179594338,560385.21578650177,1192047.5325328645,1434690.9693781165,1275507.4155670814,3488525.5086677535,2215717.565817005,461700.05325296213,33744.690760593199,302968.86219350388,1400871.5080766659,248694.28399211811,96918.85155274671,22994.339022044896,3549356.6872060252,2002517.1570716128,6805477.2281576507,2987091.7181641692,1037629.9418316301,191169.55469006137,2685828.3153685494,355820.38774533308,144609.62306166126,745803.47435170156
181555.40491108634,192221.46392756232,263460.65960361023,1338549.9106109473,1425347.735503494,395904.36953917198,2606328.5375364451,432223.18317331676,3346.1901734801954,2508711.2077090899,3932726.9039062434,2096099.0535589962,7345750.7785992259,1510113.5309607487,3548676.3592767543,294445.08137893956,492148.19222010992,1049315.8261761414,1248434.979171426,1119733.1133322078,3054787.7205715431,1932854.719441802,401342.81266143773,29090.46995524639,261669.02161324531,1153052.3659680923,172607.23235004352,53359.32352854593,13539.379013331476,2519881.8556179735,1770241.6533269461,6004166.2436867049,2633591.085982454,911977.56770159269,168332.81925332441,2346347.6424548188,294227.70329260349,118552.66449582978,575989.65016241965
142850.82858521014,292393.53634769801,704348.03496760537,1713439.9252614006,1766758.3676160544,593168.46823445614,3424136.7202728079,843246.39262394572,16725.181568484084,2980601.7348630996,6414288.4263342116,2329258.3526412128,7902555.8322320692,1617998.6949147389,4816142.8572826553,309808.71038270486,496625.14754090487,1171199.9636141146,1573505.6864841161,1217503.9333175982,3694926.222686125,2309069.3525713715,483279.40215318883,34849.870390842079,313079.27603873552,1600693.3055999668,418574.9410663594,87741.045937655843,12454.948772055484,2441913.5145711876,1764653.8170991789,5760402.2279167827,2622862.8420019452,1104285.2239859528,215666.11950721155,4106494.4625468557,563433.3016882384,149444.76423256443,1363463.2659714036
16213.358486991185,214366.26400705648,593585.80052762676,1505286.0298651094,1569059.841848037,512770.1344697703,3061312.7928464781,715336.68685287633,13607.064116415939,2694667.0088901985,5693646.5075292019,2080402.4918909587,7269743.673000739,1468540.0953592444,4341052.4913251949,284079.74685928685,452155.18322946382,1053294.2987736491,1400679.2745021945,1086367.9651511312,3386577.0039813216,2049279.2997658597,435013.68568111566,32062.895586250568,286256.93151923566,1448051.3001483125,333257.43422317266,45304.048196534197,4189.8224289281434,2221018.5865618396,1616983.3872759722,5276238.1815842958,2408450.3536138316,983549.80414899543,191662.10101837997,3287242.7246927619,484408.26436407166,123065.04240012458,1140022.5913584062
0.0019465036871877087,122159.23159706124,489973.99830875453,1266018.6779715018,1369878.3342981692,437325.34759774979,2667169.5857627764,595689.89584157488,10403.354131543316,2342926.6494534928,4955468.165182271,1822207.7624797905,6384119.1601440543,1296353.3154385558,3745497.7439438249,249334.63511958197,393641.01663842978,915809.84491473238,1214322.0692336082,956074.4696608549,2996447.3422280825,1793645.4637076734,379972.28527848615,27601.621443717835,247621.3868301668,1198534.8538364787,248859.0647798662,7578.1655563150061,0.00053369236067178768,1959758.7544062296,1429249.4627349596,4650363.4137669448,2116984.0118256584,861478.21909847844,168584.91097740919,2888203.4493477992,410827.46330914856,110399.15410369022,932747.68413249555
0.0010690169281031149,39393.731239119334,396519.42932928191,1067057.984597292,1183938.3835056298,368524.27449093887,2309069.2689585425,487651.42158006033,7518.9770344082826,1997357.6696415746,4293116.6309503047,1567706.4928550341,5703423.9456047267,1159544.4393958731,3277496.7761022919,220438.98127751783,340186.82450210984,795809.16359736503,1040764.0411334103,828956.43336199364,2592445.3916075206,1534802.471386496,324577.43462909147,23453.701039494485,210657.34508768626,971393.31640125392,173135.65866483873,0.00097130265643048663,5.1725740715246065e-25,1735721.9596419674,1276817.5031225013,4061067.6598177906,1841942.7429903308,749377.41823178367,147359.56390535977,2529730.998869705,344160.73392165452,89838.086543722937,759538.2349818541
5.4002027737461378e-05,0.0051247957996654629,321041.59354188183,888331.72817271459,1198109.3372979388,359714.23439069354,2615108.4024322415,434218.91499955876,4966.3351026516839,1688488.5933844303,4305907.8759780917,1364360.0248972275,5108467.4424291365,999753.0047814569,2813799.1506905043,189811.41149216864,291079.75129936554,688732.44583714032,956046.29317524272,716028.18877881987,2213517.0843781768,1304403.6822957236,275297.24994874472,19688.551528625529,178137.84163595032,786906.95487142389,107345.5318068663,9.2022475476462154e-25,2.6703936753019519e-39,1511431.4622406762,1108272.2205587903,3504425.8010491151,1592025.4070432025,662778.21954991086,129146.74443167767,2213138.5136779989,285353.55324436218,83842.168139553221,619714.996922869
0.00063110469723696744,0.00013771312227688396,243913.45144443374,722648.02506925364,1035440.7164291773,298448.16760000604,2301829.3831616468,342032.74042167107,2659.9042246397503,1435604.7486881898,3721087.1657827226,1165689.8907414263,4416741.5211579837,852773.62996142113,2404969.0602481943,161863.56569285761,247650.11153756251,590260.13163882529,813683.64742619346,612075.38391926326,1894589.1277213176,1103306.179509114,231105.48386218052,16258.639535242857,147778.59729542048,597451.88610529143,46763.840601419477,5.3777404701883168e-39,7.9419063279438063e-42,1304602.734956858,951097.99403938162,2985941.3725110982,1361604.7930276461,569721.9877313209,111465.06128048452,1914059.3495902708,230344.82429507806,63673.039637791677,463535.70817224722
4.3857585432911179e-25,1.0796767241350226e-25,174283.74184840202,588866.0471967567,879718.81235255988,242291.25714929943,1971280.129323723,258437.00028035211,608.92022808534455,1196427.1344742728,3164559.4573436999,975667.82454789802,3832796.5512928963,717694.01763309678,2027827.496978312,135573.54668167245,206012.39222329092,496534.36317483714,676695.17591477197,514577.47224806744,1591342.1207366784,910198.54078726843,189974.49881616107,13126.152727165596,119967.89072301546,426304.56307944446,0.0055329846463647728,1.7511088284475642e-41,2.5395649666608332e-44,1117272.2010197495,816959.77764150023,2522784.6745028389,1143013.7942757136,482395.34493156825,95137.317989727584,1639453.8874045222,180524.48487862115,47566.326083073785,323938.7785853626
0.0002741096756524181,2.3214603901655213e-39,546074.76589318877,1388353.325812669,762417.912559852,197070.96431713656,1824785.1844593517,199071.98172531769,7.2970084941716192e-05,1442755.2588173239,3887013.2757992796,835759.57980791025,7490583.4563067826,1188701.6614976677,3692754.0841147411,258248.16352849116,421213.36873294634,902832.13042972074,807346.89555474208,708505.61778335238,1393651.089082273,857982.29350401706,164143.81763209795,10278.931914442335,96438.257268336078,272706.4665560007,6.0175550840965671e-24,5.7412640959754058e-44,8.0640694105024426e-47,4295479.2985247681,1787287.5770107193,4014988.1363360016,1589698.2624934837,599943.23823290935,107904.34280484142,2673410.5210896935,450259.94263507682,79602.9232820217,1025719.1827123858
582725.64714869868,394259.32940661412,6211954.1369827949,6646556.6567473309,1811515.1784775986,677986.50629029598,5150250.4393585874,1007349.6711654856,36722.283928586978,10402307.353498528,28572114.301543668,2190839.0499502835,51347566.60880132,8670375.2665970121,29272156.050276194,1767244.5137565036,2632105.7575171744,6787403.6421207217,7096030.1482674256,5836712.7104870733,2491192.4102474153,2443236.1257256023,428668.22128844558,25805.160337116322,243090.64662635938,1229147.3770102393,608404.18375901831,73610.9894021277,0.00039685314768370561,10231036.61457758,8483962.7595300563,22006271.068993412,10985558.8951074,5787290.9008813621,1391626.7916234634,25865715.08990043,3447543.3887961358,302434.53173655871,2039933.7537847317
423948.37765630608,308021.37222638226,4459631.1446649004,4761194.7545162598,1611518.5443127367,590864.43463854038,3827445.9345524348,893217.46435417118,31586.049272697062,7657411.3962366162,20842776.03208001,1962418.6901095491,38649022.242403351,6490474.4311707327,21884844.680599082,1322625.7276937393,1958010.6317063968,5056650.7921882989,5205366.3901634989,4370789.949424074,2194541.1439380203,2198451.2195818033,377287.04238760471,21896.732611753483,208193.26399645486,1001071.5786410691,507445.43648588157,41186.34097921283,2.5190118191434698e-05,7390031.6746501494,6187255.4045171607,16255186.464198049,8185468.5806310931,4300598.1677085022,1032966.7276148709,19240089.255465157,2455845.2507419037,263565.36685731029,1759664.4066841861
278752.08271205245,244276.29198538681,3684756.5926486999,3231374.3377750511,1447463.8413526926,554582.94515775377,3580273.0765689439,1064599.1957232836,27800.882330795612,5195995.9029487679,15459531.918962212,1723893.1487731221,27706029.469562899,4590179.9173696609,15581436.579440553,936388.7095065841,1374134.3904172606,3568083.9357204796,3585845.0043517603,3068583.6937301252,1868455.9112282568,1912288.1453304584,323201.25834604207,18245.047630531943,174792.31978496915,815872.62671907141,464866.3654541329,35286.059164547136,0.00014268166250891963,5205350.3567094821,4368189.025808665,11251254.591605393,5711728.5548501955,3024723.0498194713,737739.63971482031,13831044.310336245,1871249.3085762833,239553.2264022312,1537176.8736721925
6704780.7759029446,2434227.1290914989,9096830.8584553842,9242808.7014117781,5548626.2104034312,3058556.1386987218,16292013.649842605,7291116.017746564,351717.62837961991,10947267.94595441,33356586.343454819,4282885.6459696349,50296793.764614306,9140826.0645498019,25116146.180848572,1699598.5166245494,2378883.2587218313,5460722.6057684636,6785749.1041984688,5787782.0837611221,3378249.7148189666,3050857.6777531062,596312.16386612412,42473.061456314426,403310.1665546603,3916886.9873125372,5253352.4228982348,2267325.9058993543,649437.04657599609,18695649.26905255,11981941.077569026,31151871.123377748,13506411.441762749,5170961.8486802168,1081455.4877440205,19335306.018667996,4264697.039960579,611038.84656700073,3225080.4594639335
4782658.7007687362,2183109.7128708484,6616347.8502664091,6707900.6573449159,3952861.3660458466,2173917.5540661667,12007590.297306055,5247082.2446794007,257591.10577677097,7942283.8152244203,24385436.708685476,2947063.8730970128,37248484.798632972,6620291.1673308834,18535625.667170595,1245612.9707234628,1750996.5628501761,3997881.4580422477,4926700.1039896943,4269715.4495565826,3088222.350933407,2792116.2569628987,537254.6947999947,37682.089844311966,358167.46683623374,3477192.8527599019,3701491.3151176916,1643393.6298486781,493966.09406197368,13999680.512753351,8830207.2172613647,23252466.688229665,10020715.079058344,3783567.5795362038,787563.04136077815,14109420.292225912,3062772.6964250002,433895.59449512098,2847568.102820104
4284356.1893612053,1929768.5264186289,5008764.5744403731,5970758.2743878765,2674909.201545361,1491169.528474384,8391955.3671510741,3655073.1496113567,182514.5383888449,5426579.0873598065,17198971.696933489,2572934.208833375,27112106.284315675,4764035.3185141366,13562728.578110782,880056.21627711516,1219413.5143704559,2781169.5076764976,3391627.8060703278,3004500.970833757,2705631.5819895375,2470878.8341889596,470946.20989480772,32724.809279774447,312315.99978532206,3052802.7672207155,2500923.7404934354,1271207.1979219036,349839.69855664083,10144543.433998017,6373379.1417222442,16471407.547703456,7086300.7616417911,2652882.7145890947,558843.95003842493,10107591.155226754,2481106.9009902184,498402.17585840548,3427027.2538546356
3794335.5535524576,1688734.1607329343,3540079.0206809305,4332866.8373262603,2045712.2552748558,1012357.0100797155,5768321.6414605686,2490369.4250382823,127386.29690674385,4034616.5013977918,11908358.18188232,2268492.7025150382,19223303.911054242,3305079.8030240396,9512482.7647071201,607624.77146776952,826386.77383036003,1894688.9980054824,2264508.2073104274,2057275.6710939324,2335211.1796367476,2166560.493407025,409559.19912546029,28136.002044715577,270209.15548207349,2677735.502912106,1861520.1678707155,1123333.9948078361,261608.97251054275,7259416.1455196263,4507025.4161629751,11415274.957937364,4896872.3291629171,1822045.5315911777,389229.3976870543,7084826.8218630804,1732191.5982570094,408457.5780153111,3061478.3782090629
3289739.469978875,1453566.1024825987,2411976.7348026787,2973401.842644759,1772965.2462553114,888922.63360241789,3852514.9218940972,1785004.4151459082,84930.120185241656,3511554.3450546684,7797632.8430522038,1946482.8130041463,13211836.001302462,2219223.6461110525,6257682.8313430175,403944.62959435012,592413.75766110397,1303592.2490819027,1935601.3113237424,1421101.4160067455,1968618.565390219,1855667.0608895663,348946.33840913477,23882.823788499914,230614.48919890512,2313224.629992614,1627764.1728858042,980995.13476152706,229429.63271826183,5100656.8693852257,3113298.1849154066,7599042.8831946142,3247624.8904950069,1221658.2538681319,261434.64623699122,4787425.3053730149,1162418.6177261304,358817.33136525145,2693796.2754468801
2863028.2286251956,1250142.2605317782,1665079.2740064422,2635121.7249385384,1558992.9726673835,782691.31854496768,3406912.6224507121,1574994.7149769955,64789.30836539041,3082224.7560542645,6768975.2866394818,1693303.9581701991,8844771.6516631879,1798524.422477026,5068787.1156933019,340754.81740697566,520082.29228565592,1147555.5364148235,1703914.5238624297,1256148.7428968209,1662220.5354182131,1599218.7020136323,297879.18931174697,20084.740541950556,195647.44516581477,1986795.2642649252,1427016.7321393096,855233.30018036731,201024.84591375405,3500290.3942247913,2080697.9083588507,6490045.1511188271,2815414.2372843074,1079897.882080182,203937.76807954401,3427288.8919972098,932406.32590085745,313928.09845887707,2352057.3798765377
2468893.5337504288,1063276.1278950828,1469990.6428234768,2292527.1711503151,1362226.7072273432,685073.99855755141,2996802.7516423017,1382008.5516552015,57114.694612713582,2696629.4555268832,5961985.6692260755,1463236.0851692271,7840950.0811202712,1583721.7189567965,4450153.4371383628,299685.87187862239,455499.94594953209,1005860.5982312395,1494075.2236497663,1106122.3043025814,1389043.5302334065,1370623.7995671751,251655.6966490114,16619.020763858844,163775.81160251872,1688302.2333341364,1242776.552912415,740026.95942899189,175005.35618849483,2506336.3270200398,1809290.1793203955,5723153.5080608614,2479725.0024272385,950239.65696870629,179980.86014165735,3025202.6722196192,820702.57387276634,272670.55923564191,2034241.1436125569
22700634.229504488,5716186.8544152444,1714397.7049087889,2194088.1183537552,2049612.0782686558,1486230.9186135214,3891095.4706953219,3055406.0524498769,189244.96597119182,2376440.6399900666,6708214.1785391774,2059295.4698441168,6866155.950393552,1377202.802377973,4181745.659091319,259067.79338338287,389795.14620087354,893340.82849128149,1437698.7989204694,983024.57362644654,1685759.3351919514,1510721.1889838064,360757.95853392838,32546.497435107729,343971.80774849135,6357043.4541457267,4634060.285687862,2732835.806837975,232928.70488608824,2218983.7466759067,1592367.9008479218,4947705.956340177,2133889.9639299084,868377.46308348223,163135.75346914399,2972923.8965744842,884719.92573981755,263366.96521274024,2114170.6475390252
20956051.750593487,5817083.2089166204,1544107.6230769355,2151478.2817631494,2109780.3484037993,1373622.3180684005,3729642.1205070736,2371600.4641536698,144720.63400595347,2095255.952336479,6734343.3266416658,2190168.6267518476,6483382.6014950098,1342599.40159507,4519064.8304387964,247334.88658052307,364038.24768931547,829529.42641486647,1303069.048073123,889814.78306523315,2453592.8663575514,1497595.9360557878,440457.52307940519,44354.05921991654,431789.47562618158,7871733.7098381687,3866279.6387536642,2241624.1646547331,224449.09456141444,2096775.6868739976,1553371.4563231384,5246093.8262932179,1966679.3698188688,803124.99513903493,146145.08976069308,3260214.8908829219,887383.63229660189,235278.07382289314,1888734.0961164699
15435342.236053767,4097687.5965620931,1590387.4424357375,2858452.7525894968,1921695.6515142373,988104.49296106736,3418677.4001572542,1769777.5864424156,99248.944851312219,2040555.8779808776,7015508.9864640664,2005612.7755301478,14702404.285211997,3199292.5511567337,8493869.9871451072,366380.33226510201,504471.27404546743,1208498.9609816093,1351735.7937810696,953691.81321199017,2444868.3667897959,1592493.6549313825,435317.04282857134,42779.46032160407,408564.68751977134,5598922.2757089017,2659407.8070206107,1563245.2074664999,198239.23715561314,3981565.5612220396,2570656.1164169689,6768513.1769721108,2073007.6118231376,1152160.404849587,405455.24649822229,6583616.5303192725,965760.5647737711,290727.98095783195,2055208.5866697959
12919613.542605001,5439565.7463249853,3929336.9235741589,5713908.6226290483,4213293.8842065865,1925338.717497075,6383668.5314380387,2723151.3127394086,145147.71234966323,2509476.2304336657,16239576.853465794,4609459.9425668083,22720528.522734541,5702928.0538484985,15933687.754627071,793054.77238939947,935710.30122871429,2615603.6216017101,1943243.3760506152,1280509.8558638273,6285254.6499087131,2675334.4877254502,712402.83766741469,65900.330811980093,688424.66887901141,8275560.8106322251,3776655.4029520876,1408682.9464234305,180842.01505051123,4052126.6281298567,3550911.9852302321,10270605.274728568,2678987.3153616725,2299064.1832146463,686230.22423346085,11190662.467298031,1923961.036000421,366333.21284724557,2305194.8809152506
9451769.6795612834,4357258.5438765381,5259367.0239322586,6279391.7004054356,3606357.7626420571,2305709.7947384315,10155637.901731061,5137362.9836317729,234934.03422269679,2547284.5372245745,18626315.665928479,3222736.8994840467,21599403.728353433,6410090.2361130463,17702684.206303645,892500.48160898068,1184104.4785098021,3107055.2891246062,2022854.3564548502,1513478.3260244376,4436527.1690705623,2422216.8238702002,627750.03858651081,53738.019368121582,490641.33681273274,7417766.2240381408,4751199.7064478248,1314571.4311649173,167477.64145109529,2782843.2120460337,2991710.7079760069,9936407.1716925651,3247726.8455465641,2505712.725993806,675221.04304876225,11011631.780755291,2352884.3466656604,427235.93236267881,2311280.3881794456
18489996.049147993,10211268.66562436,8526248.2546765003,7209173.4979063366,5585516.6263051955,3912514.4749649744,14572378.807067646,9185159.0359089356,412675.64294463897,4706723.7826961633,28150046.200144008,4209332.5714561511,19628621.885071974,5485937.8718345063,18895213.259192973,875057.15796529443,1213527.3874877936,3471138.7511271317,3471460.4469161108,2214062.7268454498,9195668.3119346984,2874647.717773167,898207.61590922181,83225.459813268564,820167.43547255802,14105043.348412842,9667199.3840649817,5468127.8909067186,931562.11847519735,3190167.0810972811,3111328.1432986599,10326995.928099463,4664280.1688779341,3191314.6737699946,813111.82956857514,14226745.090238076,3581559.7883385541,615292.58791860507,3182871.592639307
25184812.068294808,12173760.996523524,7522345.9459054312,6991135.4145903261,6898967.4574890407,3858038.3417877532,16862019.373376925,8382446.8841106407,310552.53583935968,4733531.0441423627,39080070.518844001,7057517.8014373761,27376135.123645045,7172076.7462138906,24234501.472407147,1497781.696862011,2522562.2701677443,6125987.5728868879,4930263.80707228,2905040.0933806188,7694628.1324445736,3272652.7388348868,1064002.6713607877,91977.220546168333,905884.54736944498,12969277.425964976,8895849.6475645173,7961441.1886086501,1828228.5269410883,4896810.4527971195,4870647.3607204687,14634153.678457998,5855092.3891257867,4040892.846349807,948655.56609281746,19016128.599892624,3798742.7170058019,609387.53171671147,3225792.5513920006
49138287.328397043,30579069.550497405,22840263.297894105,12442539.426023198,17621466.606986009,10893700.302879469,38389675.154845111,26044364.586059157,1006097.1003198095,4146142.214898909,73342067.270608529,15566086.080365673,22382377.338739816,5683663.6667930447,27385988.586827546,1279322.4697281113,2223604.2309087291,5704953.1537842751,6928972.4340627631,2664649.4277920336,12008619.034130393,5187414.9222192802,2312699.4386593951,262683.04595488787,2730839.8097623829,45520302.936551288,26585348.801527265,17605830.693585087,3750133.7938216436,3455024.9318771954,3756283.9982598308,12793620.564700192,5833654.7345260186,4127332.6191068608,846709.38450068142,21138787.08960003,8448311.6891788282,2001674.4957303996,10524208.320666691
49758301.505617201,25938765.887187742,29437416.186663847,24586956.973190181,14041734.349970317,8513072.9350409321,30543957.365990251,21023081.639849875,784506.9527392725,15531193.792752113,67275837.249949887,13535015.936007412,36458200.218299024,8049013.9820134547,38861921.597936936,1852619.8569936024,3412153.6757509289,8048864.6185986353,6665169.1941647148,3215697.1855893638,10401008.925911635,8985995.2389554512,2469764.7099739923,232459.95607860244,2341062.2621277906,34666407.864547931,21533214.001289155,17364552.887069128,3975249.0786291333,2718375.0406804215,4562032.3383442136,14489178.838175571,7409020.0349522959,4139936.4309449885,879290.07449608145,23716059.283527121,12343552.158269759,4486559.3803436691,28378179.73638266
40149885.891407743,21777900.345292177,26810882.332511719,21178758.199970387,12679629.424397649,7281540.8321406934,24580492.254905809,17531068.705644272,681595.32929346454,12045855.650653495,54470578.010177344,14080982.654934786,26988091.985507615,5830900.8308011265,30957267.007753082,1368073.9171514611,2551269.6764154416,6052682.8540469818,5037915.0311434586,2332308.8226699396,15558270.351211123,8557532.9832683392,2702610.595601954,263675.85568564432,2471894.7374184476,31344569.186782677,18359434.652903993,14259924.129295338,3123613.5217459723,2333026.1273559579,3196315.9069366925,10367825.511224123,5412345.5755912093,3030627.7771197269,639192.15397868422,18418672.220663968,10883689.853986191,4033380.5765298847,29259760.798724435
31135115.325127527,17163904.44923716,20428992.97608484,16352709.349071708,10875888.068253368,5804693.3795153974,20055885.28014826,13294034.490629839,510029.60864175367,9528991.991712546,42939433.698352188,12922590.72707279,19223204.310104959,4220049.7860162621,23837878.695581567,1058835.5324610693,2003614.7318419542,4679500.7175111715,4062438.2776622213,1623967.3700345811,14108952.250891451,10266485.185226841,2660695.986324246,235687.81435846741,2175092.657290475,24489612.605070278,13969071.155136183,10716654.84016408,2323072.4107794436,2055236.6572653113,2239592.3678995594,7263375.4370417213,3699062.8195877606,2191788.8970652819,453699.31916987535,14249773.638419013,8298795.7982833926,3013141.5643285047,23155944.657220956
26336779.769867904,13810257.184898725,18347556.0397809,19406285.207323518,8475131.885250343,4819160.1904994026,16175149.352513202,11420643.870550757,454261.24022184103,6901096.5666566882,36884903.235823095,9682397.7229587138,14135051.299518347,2946471.7166181165,21914096.411497328,789124.2057206349,1543078.7305410451,3690738.8283566791,3141961.3889777977,1421749.5786828538,11189816.949350674,7824750.1344581656,2031757.6921760214,180191.22340802598,1633918.1141611652,19110943.798412066,11650710.388878122,8221547.7679849453,1707020.1693780916,1802068.9627722097,1850670.4123346657,6519764.4779156009,3068581.1172653888,1738985.2846260013,348128.025447805,12336865.039433468,8882067.0597170033,4931216.2648362592,29269431.807627492
19542525.672755294,10233267.648205731,15752825.39270944,20574935.678494286,8578858.409675654,4353221.5632223245,17032955.70775919,9573335.234511517,338103.42435247463,11093661.224405155,39653864.930537753,9946624.6608412229,25622629.770300947,8473035.4082476497,34826869.682252608,1451092.4048358593,2481211.4552323921,5983131.666330711,7172931.4143542387,6188955.4987167446,8869209.010485461,6210858.1645485051,1712465.2565320139,160271.47933571704,1525479.3591271394,17088705.370920155,8809406.1164944619,6036464.0561520159,1240770.7911677097,1730139.4219897462,2726839.9753419147,11387649.817182243,11894574.226144789,4429418.8230667692,648344.95749014022,18240491.583205272,8394659.4853761476,4058135.4779827981,24112948.622691076
29517496.056722052,15009340.611933572,25628283.836134985,40327444.004549988,13615402.608029541,7318541.9246276198,29899158.074611276,16863930.94916052,585062.54141139472,21362917.790244255,69588661.476550683,15312956.731275409,58714827.809834041,17925539.302988939,64059716.10659983,3309508.6511524171,5618156.196002149,12926682.800560629,14397613.624064695,15357391.27953288,15913107.290551249,12772515.346918918,2914225.0293237967,244651.49849310616,2271435.9605668653,24300494.380696967,14921494.549036818,11879999.706639737,2598744.984752893,5603873.0564984903,9086449.6518009175,36031821.792401366,31683929.854210656,10774684.715004526,1666161.5187698049,33732960.165447801,14674292.146055285,8124619.7883630171,48177871.517439343
28173712.728088289,12483163.895957083,19404593.844891012,30793356.72531509,10204055.993621666,5525742.8002564497,24702693.609998181,13355517.231053689,448492.47576707567,16217975.962226709,53052478.359043695,11432761.031721046,44714646.088765696,13449519.072075965,48647934.026903734,2499651.1772601022,4272491.8398767114,9791176.7543595657,10829339.178522967,11770276.259296652,11958129.231752833,9447387.8436183073,2156215.2480845428,179058.71348837079,1668828.8178313547,18144664.647908147,11726567.869686514,10260335.890608221,2182952.532503251,4174612.7672543018,6925877.5551749617,29351291.1660714,24645034.904613212,8190240.0747646531,1249607.8884474116,25322072.047069017,10974319.978733983,6239019.637785689,36322557.63963525
38406020.194374003,18611965.241736446,20592549.489966825,26341626.5956847,13696911.52099009,7638840.0013176147,37192472.589655004,18120937.593230989,576735.60794992989,12718483.624351637,53833194.225925796,13964397.568434712,32406813.593393352,9780594.2795546968,38153796.554981522,1814498.7605196291,3099510.5192066333,7180443.7396462047,8687661.2407558579,8653299.5667483732,17446189.396469481,9516347.156121958,2675489.9741330207,255368.61610489638,2358763.9217799292,27665439.677372556,15938761.116050288,13194140.634427579,3044123.8517156006,3014527.1133457362,5083568.904590331,21910506.590001013,18488663.028508015,6090070.3693295978,911753.28025152732,20107551.596045762,10496900.713690186,5689631.5188822402,36088420.432014614
29816149.854975626,14541386.607172698,15401028.092647973,19887890.819304347,13340729.480988577,6707686.7317934241,31191333.558066677,14301869.036672335,431345.44056922785,10720441.996264154,41276903.279719487,16142548.832304362,23661553.291385703,7115422.6292365361,27998572.706376106,1306499.947269863,2224637.9874125342,5163813.2430095142,6484434.8507040888,6386991.8504998079,19597239.207395695,17659125.364219178,3717209.2429056223,314251.18324708083,2907824.1336072115,27856556.950711414,12264026.973985562,9907503.7219634317,2280626.8285738449,2425037.6874594004,3628436.1957568331,15712326.87865207,13712703.565584535,4436147.4037450207,650909.71831096301,14746150.301171068,7806174.0181484018,4265386.2705221595,27956333.766538329
21986717.722897887,11575278.459754653,11222987.938550806,14442287.618249046,10037502.555075368,5374060.7479591686,23119873.611159693,11697141.482024079,436489.13289675943,7546669.6614687881,29724066.871065751,12042568.675145593,16859993.921462394,5051591.1764006056,19902256.174993481,922422.47813617752,1560905.6552712724,3597085.1053841882,4506250.0536363609,4486013.768718347,14518949.939762635,13213460.636722982,2771454.8733815295,233138.1279043128,2163164.4997692592,22243158.613457005,10902358.406693468,7410665.4975832608,1660093.0884199447,2138536.4289350598,2461298.9813882504,10823230.357967904,9840471.1896370724,3070346.6911912365,449335.87207330001,10332527.980597444,5673947.6668214696,3145104.3391191633,20378399.71255156
15847377.535175627,8435416.5047022905,8155962.2900490863,10583254.538061079,7237253.1245882707,3937706.5208041589,16713387.309112625,8595039.8573515601,322195.83552539191,5118679.2383542871,21164261.388870198,8620709.4991588797,15138688.699449221,3709219.8340343409,14180729.958247509,644370.79550289188,1083369.5817439824,2515616.7495219698,3095693.1826959113,3178990.643358198,10714028.870827442,9495684.3973515853,2036488.2766348142,171363.65236873229,1572646.6140357554,16192779.470531181,7996456.4791620066,5377386.3719479972,1199502.7561628253,1896439.3381998602,1931285.5861932072,7253124.1124430383,6958583.4017054969,2139732.6424851138,308792.89152443223,7254694.2050170917,4104509.9778413605,2305545.3642900735,14772060.957673443
11185229.129332924,6151270.5035805479,5826689.7161154905,7470551.9671807969,5146154.911657338,2927303.69741358,12127628.60875809,7062729.4406593787,230706.60573598079,4628527.2255335655,14889395.874515593,6099352.5301192598,10495289.792215193,2526577.7382170004,9750357.4437598512,433193.79725832003,729109.41432345461,1706760.0625848444,2327864.8204438556,2413108.089489908,7438078.4810518166,6672834.4242564309,1437435.9296556546,122631.80199078747,1140779.5571682246,12263339.725412037,5894934.3246819582,4044581.549487453,865158.30406260071,1657160.7871415215,1707119.8855890224,6411594.8906262955,4916020.6508236015,1515795.9689038419,214988.72528207445,4943207.498687244,2919997.1893401397,1706603.5667744458,10493240.441790614
8145685.5813532947,5080001.7067513317,4462459.6020277748,5533330.5559412232,5153241.4345309893,2678960.5431314171,10219564.323699309,5462162.8592952108,169549.83372495975,3935798.5559036173,11279887.15320171,5726027.2447392968,8278197.8296495117,1929671.4437398403,6849283.2767954152,360426.57660024904,588261.5295666809,1288784.2427386411,2015285.1398484763,1655512.8304287046,6354097.987877341,4956658.6405725079,1417773.9954717231,155717.1327889032,1481823.4722165491,15649296.803659804,4704056.9058250468,2974521.4109914922,617959.78992779437,1459376.0210891545,1542402.69453079,5711367.8284955435,3299325.7297869483,1167658.8400716863,190197.4107584283,3479156.4537071488,2198430.0834893719,1371284.5457063597,8493958.0498158429
7810974.1143120015,4479743.5001199087,7933049.163149138,10613406.188412752,4865613.2003101045,2500670.3044930859,9693693.0589209106,6085385.6600404428,141307.10561086179,3615280.837694162,14906321.443174368,5657136.6523065325,7885359.5973639656,1799311.1288717834,10671276.173836879,341203.27922480041,544707.73028686456,1240220.8987838842,1905977.1618293475,1356961.0812196301,4728360.3584223352,4110411.1562249563,1189238.9064089321,128228.16875312498,1237290.0678082395,12867723.5852545,4147475.0269066347,2515477.704215202,438969.50152095896,1785814.3962741927,1572389.4789422697,5313568.5782068567,2852436.7677307408,1091870.2897481448,181025.70213410279,5912610.8394454895,4325678.1463275198,2775812.926256563,15539477.920058746
9456237.5923940018,6242218.3655459592,6436799.2654341245,10024737.496995693,5836299.4098533504,4120216.0912192212,10193226.952432511,9748094.5428685434,588604.47977218824,4043616.3273992282,12655945.180119019,6826662.275271195,22384012.662883926,4290345.2466752129,12251445.988098765,718402.48006359371,973006.27015771484,1676756.5621136483,1882746.0848979885,2260148.4188154275,9989734.1004365385,11437194.520817161,2373826.3402279736,191624.18464423402,1661280.134119794,16665772.483309403,10636941.837707456,4144477.9536074428,677713.39792778611,8791471.123859968,6648458.10986658,25216509.811759897,9487599.0603230651,1249938.6524596857,190092.08480676662,5402300.9876426505,3620979.379851277,2285493.4503649594,15160177.766056824
9220026.7749073897,9346057.6318838894,4850405.8719878895,8264911.3028817065,5382332.6636790875,3691829.0630435459,9490163.6673522796,8158326.9740678705,443269.98728768952,3753861.7726997538,9621494.3356867731,6346895.1454657987,18522936.856533017,3275695.6991717545,8893706.97906431,514326.94643432723,681924.09004489717,1281175.7938101636,1696937.4015105413,1612032.7436290055,8955394.8025703952,9524126.6033710595,2136811.0149751999,183576.13157432055,1603874.7015456622,18123947.920258913,9706735.5043893848,3764561.7486225069,683669.58156029787,7542039.4675584259,5475441.9994554007,21172724.780122951,7448953.0030088788,1110054.5451050575,167894.09827240813,3610600.2052733311,2861683.2631295412,2080081.8494557261,16797959.783705235
6935231.9087591972,7452623.4747684989,4448961.137159247,7177052.0674438355,4223516.0707743773,2897507.3799775359,7680152.4841717854,6622847.5412715077,338140.05438269983,3318047.1798965493,9027165.2943247501,4849143.9983364791,14783874.534362381,3110592.6454471191,8440521.2807149235,582571.19404566486,928588.01753413898,1660131.7039062406,1555680.4194395756,1377357.5744826016,6666692.0593542149,6839948.7471244391,1629387.2954134124,149620.04213425226,1298028.798968636,14569212.371685417,7642947.4465206442,3244448.0966274687,721198.56564162939,5415160.627112194,4350239.3013065271,17320673.222627733,5489974.9806243759,1071469.2584785763,173221.62030547325,3499975.0287421322,2489391.662202308,1718084.4107054786,14145781.723543381
6952594.8463492664,6110810.2208006755,8606246.9998537153,17826339.545710642,5590494.6713535869,2813699.2695132834,10010903.921551341,5818076.7694872608,259616.48768675429,9547366.025541842,22697445.208904028,7319151.4698377484,28395584.98924382,8519644.9027643558,26824888.665830579,1475265.4589767486,2186667.1388799441,5709171.018734823,4786759.9320780961,5240607.1724185888,17908477.613392703,12793974.360935627,3005286.2354614958,261518.91405603185,2034218.9592622647,13142364.008906044,6013782.1189863905,2684443.5339181134,609695.85399292142,7380608.8793791039,7339467.7138739675,32473747.295247108,13952185.14078179,6131858.3162004799,1473398.5011568123,18971411.572807051,5822926.7647099821,4329536.8097490668,21273849.509102024
29420676.745055817,23596902.316568144,26384995.255392693,24216840.569196589,13897614.54709447,10992529.054236496,30379724.458936825,28588404.145968061,1426966.2889992783,10752357.326847142,61849166.003997281,13765461.269411094,26625117.150650896,7467027.4383012075,36766112.740057431,1299778.9917896863,1824820.0636748283,5327629.3411739757,6080365.7580657471,4571014.3776154341,26823710.200371858,18465214.719327446,4269598.1225042101,396583.34386891127,3288946.4800692503,41407894.019788928,29591906.769022781,13235013.695089083,3010027.7969255457,5710640.2149011632,5800262.51501841,25746741.807222087,11816731.723225115,5766650.3495318657,1319164.7029663997,26944536.585857019,12148989.570828078,5935107.7048192965,27095347.655435964
22169458.551777434,17883894.384339299,19905145.340228699,18234224.332167257,10444483.369105827,8300199.353481235,22921347.558379427,21669829.522203866,1085916.6475868388,7788224.3890097653,46603105.619154245,10269915.485576632,18897245.641701598,5322768.502096748,27574376.558434736,922125.81813331938,1283114.1410903153,3868047.7149404017,4427466.6040737759,3341479.3494795696,20127439.720660184,13839817.114753842,3204628.9426243147,297518.47301868064,2462176.4572953801,31051949.871922974,22424680.533744175,9936529.2987834327,2258946.0666692588,3996051.5594179658,4096460.4415415032,18379903.638888564,8485918.1194476802,4260727.2933439109,973515.41752504045,20148805.440541159,9084678.1411917619,4491171.2697183471,20209611.352968689
20950147.951992776,16219193.790709274,15686242.014198778,16732111.318950273,9989673.2922572996,6817153.0755986068,19197384.928873979,16657062.72814633,806450.39897840237,12978322.240390679,39608663.360651612,11609763.88788783,18601549.088913947,4852071.1896977201,24690993.593571555,889487.3458321488,1227152.2727491502,3777589.7829457782,6313061.0817072242,4241322.7783077639,15682531.776011853,12063421.206765223,2839398.4308770802,263957.18255936017,2233976.2031603507,26477121.557573404,17586280.071758557,7900552.4175486881,1801790.0262117265,5132791.2329144096,4620939.2859334387,19330766.568904229,8518882.8334241398,4741827.5136098806,1064387.8322569584,19565193.66860605,7962992.165000082,4472462.1134555517,19847347.580283556
16081981.55838185,12260256.464741148,11781873.573103599,12798803.481056254,9014684.2179855388,5497127.2747567184,15017459.287771991,12567974.642342646,611364.17521854024,9648462.6707282197,30998625.937140912,12304901.380919339,12932090.244241461,3373788.4364296654,18029248.65015788,617124.2440310159,847880.94946606888,2696550.1125176442,4773689.3257644745,3079361.1951949494,12467113.959726887,12776366.61115307,2751696.5646108813,233678.4580888809,1998897.5000057593,20446436.626940466,13286993.618960083,5807013.5218271166,1323392.5323040779,3545252.6219151667,3212544.3215310429,13888095.559972165,6061657.2384231137,3498071.3362045558,777977.42159073439,14355369.995567644,6002950.2525157249,3530951.3370676022,18799827.210264612
14629302.453479297,10907967.827494238,9526623.613362819,10413667.667915329,7176848.573480458,4618652.7133842604,10821644.945444228,10339640.017343018,565210.49520221492,7931521.4015746508,22719802.988502596,9584713.9648806937,9613450.9922443125,2358428.5558068738,13156696.488513837,431374.11204195378,606014.96200154244,1855838.9563147032,3426331.856454887,2173488.3489710474,9140610.5115909707,9492954.2071221471,2112348.3551099678,189630.33006269683,1696661.5353952784,19942012.171613473,11829402.773146037,5302557.4644393986,1217414.9184214026,2570999.3169337334,2320600.7654838683,10203398.469731295,4261396.4917080654,2499853.2982067708,553471.06033235672,10289182.051030081,4816807.9618870569,2954010.8709151344,18145772.715628162
14829593.777235543,11113860.048324281,11544444.931745302,11933784.37666291,6418263.7164236959,4613818.8064442761,12270013.909037204,11601816.235759184,544873.18483714515,6984890.5689043459,32101860.141937625,7482870.6732858233,16088492.916017147,3787120.78989051,19939812.806263596,781286.07400952675,1139908.2209500384,3525997.5251433952,4498131.8884601835,2607913.3306184839,6758264.5920197247,7049832.9327014433,1646743.441507824,156066.18419519905,1432345.1741405553,19452856.253842916,11747228.487448633,5363632.6873417618,1110814.9153302987,2393076.7435958949,2563844.1821492272,9759244.1260585729,4244630.0126556186,3573761.8628024925,883193.91199387424,16740597.206503786,5996221.5070743235,2885805.0733386199,19698722.834232569
18714756.690827027,10237054.092586791,12688010.730383238,11176499.588712601,5253761.5433021802,4230824.2000311576,11219395.229407676,11260497.423684323,589607.67228923854,6561192.8441736959,28502827.072797924,5459859.7302841162,17170591.21824133,3990957.1269128928,19361979.759958267,870587.69796778623,1364463.3778885882,3777459.9895896292,3593184.7819015183,2187451.9829497198,4648614.9613517225,5190542.6108751092,1185320.6816620093,111673.34493403813,1034446.0446569244,16349406.427296769,11996808.370810825,6217220.8544579996,1227501.2374140872,2233148.9464836046,2498336.5760013401,9255661.4579659663,3699066.3575015995,3132332.5929220081,796753.08365097572,15131593.521162746,5931393.8267574832,2636821.4351820359,19556970.062942483
17692813.340297516,10049989.785188854,10226815.813054567,9309791.8835821096,6200880.3505989453,4190734.2450364139,10385562.269836798,9761962.5356072858,540224.74063457083,14318928.870487433,23460789.343171988,7201045.4858951615,13389168.01573851,2926266.8170464183,15040456.00021298,647680.62539716519,1021064.0186974753,2831916.0044367183,4813914.4673604248,2978727.542271873,4720127.678543916,5599597.6962012956,1369522.4025987084,134152.20475992112,1307699.8927975616,18498200.756559897,11131332.562210077,5007128.0842247941,896797.81935525557,2000963.2843424403,1958138.0833165341,7197801.3588075601,4814683.471444482,2866738.2106388169,601016.67149721924,11715699.665144686,4834619.7272108346,2200700.7254469153,17418807.109397039
12861651.235052306,7318734.1539353291,10367206.128654554,11610546.533323295,4824981.1390960244,3207615.6199369431,8540233.4043566193,7599355.8753795689,403085.77924851555,16225535.947094401,24388176.2116553,5578464.1371217351,20364435.101743609,4059066.5592956319,18204253.346176457,857633.0358778087,1230146.0721928035,4023252.5769308456,5560622.7003357932,5524770.5155427866,4033347.7907595024,4009014.3965833797,970319.41790151712,93831.251124026501,941944.52380322944,13628289.98524126,8225221.0894377492,3581074.3415257558,629422.92445259669,3683225.7146178586,3720176.6444401005,14516131.307914969,12315859.040884048,5728791.9169083955,1395744.9095449953,18106828.882854246,5117691.3297051294,2428329.7065592697,20498655.896493759
28130740.273819599,11534645.130516749,17861282.943929937,35372184.605500095,5340482.3126540026,3375436.3869680054,10402177.044301113,8366477.4292324279,361205.72994957853,18386942.085983634,34766105.688688546,6400181.6702678362,36931533.030138485,7814478.7301957691,37172227.323321514,1803452.4908169771,3040858.4693613821,8191303.0079485541,7784520.7648471799,7012456.1666532997,4450376.5230894089,7178081.6148553872,1302957.2969523764,106012.19284047218,1018982.8833347573,13728725.687334804,9673352.0293712821,9561026.0616331268,2363405.3702231282,6351812.4908517227,6399584.0757256318,22803337.677123811,14889219.080330009,7544265.8789764205,1879138.467170788,27070166.616140477,11311649.327430397,6731935.7956576888,67104647.513892099
24014093.71956066,9581742.4880407006,14217736.746023683,26979079.029438157,5073071.8696310818,2863462.8626921107,9528853.9203516822,6759680.0714822821,275129.02630222042,13715698.609658979,28022112.573571984,6498455.8673571311,27449745.209884908,5669763.7563561266,28184984.09009986,1337649.6512434839,2269711.1742363991,6140343.1166100753,5979552.1123100538,5292510.3877265584,5867359.3242158573,6292979.8198668947,1345831.5975873144,125289.25734673903,1092175.6822585633,12084081.138807794,7459063.1618093532,7230567.5734887216,1771519.3298216914,4526709.8233989868,4582731.1902209371,16920330.945256207,11052808.494121365,5707082.0493885167,1409131.2062034339,20525492.598901577,8687658.0230726041,5082493.088748537,51092150.651968382
17925716.056989957,7148563.5153814089,10450475.340223404,19722317.277093496,3685611.4448186057,2058898.9209316366,6836934.2997465562,4877475.2165813139,196757.1620310529,9710604.8252289109,20249037.913539734,4731661.6888466459,19409936.97784286,3979359.480679336,20250314.310558777,948160.50752775767,1606459.483790518,4386148.0392544083,4203843.7270402908,3765384.5600717659,4375614.7725588027,4450159.5363303944,973622.03299495834,92054.608163278433,798568.4491378041,8837021.6385351177,5392550.2864690283,5246087.7713915817,1283827.1927523043,3073235.5657764007,3173329.8302960456,11747535.90269547,7857681.1676358795,4095350.3050054787,1022502.6676086528,14859011.493809141,6369476.3621744579,3803769.4551096894,37630111.58809673
12742460.93461537,5025595.8705018852,7550863.6704283245,14298447.488562653,2534083.1639617397,1418865.7219993141,4574264.1561281374,3381410.0722433729,137574.77659966779,6731646.362405654,14009751.839842696,3229263.5940140258,13421736.217336094,2755175.7244177735,14321472.934624925,662081.10421580297,1117357.376186213,3077385.0299233417,2843915.2246373422,2610282.0235567219,3868635.9647992044,3095083.8940470838,691536.29599362949,66290.125533646817,562892.17233639618,6247691.5154413013,3776044.0401671198,3713282.1963813114,915941.06364424608,2420970.2799089835,2238123.1383192833,8154053.3239719691,5511932.9371919082,2870486.3077338287,727758.33316498052,10512992.102857459,4603417.6438778834,2780300.7387917954,27545702.749498248
8793853.9489516728,3372272.66881287,5356596.4944925196,10126851.664668042,2006076.9471834626,990409.74953042972,3662153.7747999108,2272082.1316875922,93346.091074478696,4470677.4661695305,9314270.2828209344,2670872.7363287299,8998441.6885766592,1921994.4769720647,9725130.3288897183,444712.95952985768,746317.97018848546,2070931.8640053989,2083448.1122275733,1719650.562909541,3490797.1423911159,2783522.3895177636,623578.94120173634,55326.231285978938,469620.97689579905,4392183.2707935926,2615735.1919314158,2556990.4413638455,637867.57230388699,2134091.0111914845,1845011.2949293612,6629795.1825202545,3714864.9001536858,1933387.683153651,506019.9622682794,7218796.5814549746,3272338.8415752701,2042569.7881299141,19627241.831477597
8017168.5781941749,8835733.7445044294,3838342.5471268878,7168200.1416709488,1989778.0822779876,1777446.1506348012,3808700.4697188581,4361097.1285093958,235853.67847898402,3755389.0402510189,8290329.8551984914,2353613.2861245084,10568445.013759537,1901958.3472452275,7046623.9531064397,386911.28087141766,610215.13717664499,1588960.5716135402,1885900.7828996459,1370703.106486114,3087026.0234938618,2455264.9056465705,552963.10144174844,50327.350346105268,434434.48745844269,9730508.3871006593,6522249.953969487,2599791.0020797756,506479.07489013358,3539692.777921835,2434559.8608672605,6719521.89340067,2965013.9427397233,1405335.8342378722,366956.46750058536,5161944.2748044608,2340806.8404116635,1539778.5690076074,14712245.797746535
7088982.8188294889,9009509.3532306161,5550562.3907554746,13799011.919306289,6041705.736992741,3822896.7398928334,7615840.6650382318,7258667.9150662282,458188.63616117288,6689522.146887918,13536728.723755511,7418890.8960658824,34575162.327335998,5781186.1699073184,14676187.774684742,907457.79874815978,1186793.2140244741,2520814.4189474401,2732164.4456149088,2460857.8043646752,5055711.4735570047,4049907.9765684754,1266239.1156196063,142681.30423719977,1393613.5600171855,19962541.442458458,9778510.7205097303,2699716.8688859046,446355.80877044203,9392286.8396999575,6779906.4889577804,18267011.07702934,6739396.459765641,2358730.7169436179,500646.87688225682,7203267.0349878082,3786971.7654696954,2781660.159438685,26052742.275447275
4856932.8532146616,6819551.0798380403,4177458.1468602344,13123991.3549415,4365918.1962757725,2770258.4813070889,5537826.321688816,5272983.6476238249,339266.32464039774,5251583.1244268883,10699792.03788971,5385367.68968431,35317646.864468686,6893890.502018529,16591288.990660898,1110038.1468896468,1537983.8037102818,3201133.0386178521,2171932.7467683326,2233151.9139885306,4160976.3797236737,3043669.3002423756,895161.52671281563,101510.24113301758,1001462.3204525318,14867608.241510417,7278622.701732683,1848348.5004137971,298199.78293437883,8148527.5287588313,6612225.7760041216,18638226.879413709,6475226.4681892926,2254136.7377848355,498342.44172416121,7425292.8505827747,3239419.3535157107,2536668.7819143999,23842115.634575438
15283451.568779675,7872194.4097396014,4775035.964030345,11348727.953866689,4840895.9867686359,2988459.4406866087,11368066.540539328,6100208.3284561411,311310.40063041699,4148669.9985912209,17703650.816477507,4620275.8467105916,29419390.116088714,5665930.1383161964,14544674.78575637,961733.59622223,1347308.5392770141,2927382.9730661726,2620406.54021494,1958700.5475824634,3777238.6015842697,2756357.5480658798,699501.59245197126,83517.765927284272,835943.85419895605,13252436.239569874,7241247.5911156572,3349219.9376124018,503602.89135070826,6159604.3259567916,5356440.8062095921,15033638.330028165,5411803.2357716467,2345033.8996489742,517126.50148460892,7573305.1158325346,3128236.7476532231,2399098.5849858634,21541846.019195251
18751490.544748377,13192137.418491744,16032990.027214095,14420937.223531773,7034841.2841314357,4086131.6830103728,15749165.464959197,7437721.9850435397,357883.3254851019,16519035.992566839,37745328.202865481,8021307.1476158742,32635517.003935818,7601267.4284498626,28656868.288942333,1762488.2437395693,3077180.2025638153,7427601.1021323195,8803771.0129295811,5884279.4684088388,12713156.032553433,10404748.758525582,2326442.1945719388,206116.20089640224,1715958.3366934676,19251729.023360517,9619652.39215561,3775702.3424726673,536750.94305148616,7176758.3949463656,7024964.2529976256,27763339.798428506,13850949.646450603,5753532.7134540863,1191940.8477806258,20795522.781452872,7390142.7758072382,2878991.3535994119,21994337.423539016
17862950.148938484,10735041.05114115,12141631.948016997,12110801.237372195,5142127.2875560559,2969467.2555278055,11642544.551548818,5424173.0180820795,261916.31821978951,12307266.928072747,28071170.15575498,5841182.9533811091,25036773.166744288,5590496.3996109143,21976706.909774642,1301857.7944950275,2299228.0474892422,5559749.29995286,6538284.0924631348,4371393.2951587215,9322618.7468754295,7674327.8620882239,1713363.9043839886,150583.87625197897,1249840.2511411724,14096483.386345631,7271417.5712614702,4364104.0052540759,867464.5406872374,5069366.0528564723,5043072.4853901844,20540841.004162364,10327637.805156359,4277754.4777650898,882456.35659066425,15448371.211695543,5616985.7591125127,2174614.410932228,20811167.001784492
45304948.375929937,22323726.940485936,17370919.058753099,21185532.07980223,13209315.816705978,7833385.2753611635,21554292.993484076,14826498.979550192,668132.92924968794,9077199.0714380909,46417596.353751443,14662197.156520763,33235131.091825932,7891119.0347325942,35398632.412021734,1710059.8848765425,2936782.7012711829,7131922.0737205818,6403720.6481306544,3507150.3394379676,26339879.58115343,9531358.9938601181,3930509.0627173046,455653.35223732085,4221037.0592017844,49737246.478753164,18115928.691409133,12424393.851721214,2862972.2334590736,5900815.2669193111,5806250.2664460083,21081607.143213049,8219876.0325879101,4464389.9140290422,1001706.7818156016,23589211.877685305,8874473.4135485161,3075651.0778434211,32725488.969447464
49623443.163178772,26593524.795138504,13018769.86005359,15964082.990360303,11774735.782794699,6906736.323097771,17065794.288602319,12456150.677071057,549793.36509990576,6318264.6283211382,35905458.854205467,13876111.770789627,24963462.249169599,5995356.6147358995,26956377.562579811,1281190.5442306155,2218584.7578955097,5393389.3202233398,4800541.315905693,2509913.7617224851,24318392.906627852,7798963.9138155421,3629153.979040843,436435.02271846356,3972799.4759429875,48490335.98968517,17896166.171090666,14292862.44748605,3551232.2557996185,4159699.3365997961,4199029.8884854447,15551854.137920503,5975403.4367875317,3328273.0056199026,741791.63907124638,17638711.213954095,6573332.3571224622,2310383.3553252518,24547993.335251883
43939188.113985315,21274101.146018386,9929196.2404457927,13858951.600822406,9020327.8171432801,5240097.0469407141,13035888.709499341,9452006.0098061841,406952.0953223324,4195103.2815258447,26357941.391663536,10699145.35170579,17704292.304598182,4223959.0854198625,20127607.845054857,906584.20589326019,1569572.1024017173,3839692.2851195922,3339989.9697492546,1656359.8064856387,18099734.10530214,5592247.7437932836,2756494.0605537174,335742.27809427684,3040810.6877827048,36882091.1464037,13932041.574624401,12982139.930811118,3310273.9901987491,2801325.554729796,2887716.1459839442,10790195.757920716,4067100.1237835153,2327955.9564738581,524272.08062242926,12758498.379299512,5374873.1152190827,2298511.7337057698,24274360.294284549
36087419.871408224,16973015.226560231,7260044.1382823298,10341125.673615469,6687184.3598436136,3932352.4534783782,9319148.9499305096,6959348.739525632,315038.48160020722,3726955.0924801799,18778102.39541202,7880958.0978637021,12501442.673124127,2915784.0450422857,14378305.168065472,627230.48529996839,1085751.7077133718,2675934.9964424325,2263174.1263769427,1351357.9815826872,13154298.410928383,3819727.4853788973,2035221.7352144544,254005.10940538344,2290259.4166675555,28414654.725557897,10813235.235317394,9910953.704712579,2502509.9615078657,2361628.3933385499,2008604.7673368116,7285824.6615420673,3024209.2900120183,1580886.4424672183,362840.52871445863,9078114.6627770867,3914940.5866067088,1707286.8552804608,18851267.05726964
30653861.32257941,14223041.364787541,5440395.2610119535,8454276.3326325361,5016249.3443779284,3169210.0962186917,7022821.3308194801,6070451.4566237452,282431.10815003701,3771907.107382514,13091525.832743907,5853497.4741017893,20904837.720652346,3470776.507079158,11155782.749573519,571214.27206584567,850881.53257570346,1941039.9784263417,2001968.9468359547,1273439.8602580314,10723795.299121633,2958934.8804817125,1553922.505727795,197759.82406468029,1751443.6940838625,22418515.128129385,9214733.3971187919,8498642.0198919028,2268320.4117006124,5113512.7075425144,3600475.0482574487,11366795.557070503,2990410.4820192405,1223529.3397338877,272945.712223129,6381036.5574067337,2891217.9976237128,1345051.8734176613,15249514.565114096
52855288.851052128,27493627.896898039,13115133.010631815,20849759.238081977,10936791.041936465,6766614.7258356242,18917606.052572012,14935867.597703198,602700.98113539163,14310708.55978304,38226307.049646832,13734486.147823319,58492380.730028719,13052400.945008535,38472782.733389772,1871040.15349915,2834443.2954862416,6480129.7717580469,6651268.3914426193,7019598.7706080293,20995201.642621052,8299451.1211696314,2870574.3107576286,301505.06665621046,2659527.3008726388,33678370.204987369,18544503.127783768,16699648.10449343,4471405.0516137714,7247870.7524738926,7428249.0799202044,25780563.66883174,16687296.626414279,5343714.1726273019,802615.87716665189,19332521.660424981,7122340.4859084198,2716873.7055621613,24294739.369177088
59506033.191701785,35015650.79338491,12361517.466909697,17061476.032153316,13256223.726388527,9415414.925419433,23454540.431352679,21710397.794634271,1000500.6206454205,10917176.523283575,40958873.380925916,14156742.467817934,44466416.822695404,10054100.981467204,31522977.739822563,1465164.6425235297,2191574.972530439,5105992.0663844207,5773179.7505841795,5537557.4583714064,20751132.392922636,6819398.993058335,3044311.6933209328,368107.49927510583,3396742.7044586958,50037708.412977882,27856473.699734569,22999785.999534637,6365068.2344410811,5222847.0695147347,5526346.1156863365,19971739.820914779,13290675.78230332,4360822.3433856899,633427.22437121544,16722320.661760138,6282800.9229594609,2473215.3717035698,19407363.404008191
57064591.565422393,32184071.236456666,11385720.415068727,15695322.560973421,13300953.907515757,8817058.2432233877,24362495.313690234,20068899.968855631,878903.96290763188,10475466.882551976,36315077.728202336,13716408.695909711,35584772.050855935,8534320.453844754,27557936.363520332,1506069.1824389969,2573127.2372169304,5728484.1080646208,5682881.5224781698,4868428.5898140091,19688380.761442266,7497629.6528280135,2989686.7910488262,335446.09980816505,3100802.7215982019,44246496.705267541,25292180.649679508,21705218.136360057,5968212.4220819119,3908987.7338673375,4703240.8684270456,17137300.800753061,11283543.671497885,3826055.9022308323,545680.25044499314,13728798.501974883,5481953.1894944329,2034816.9321087012,16973240.129266869
60520118.172340818,29865560.960490711,9852945.8624272589,14293012.01522107,12264752.285367947,8322234.8833644558,23127280.45975741,21227372.7971581,753584.617165462,8909695.6707756277,36224450.739449635,12902316.05374275,33199551.75790032,7661952.8957801415,25492840.739103355,1349595.2853370227,2279054.7761684149,5153371.4614426065,5149060.7705808636,3993216.029048556,17937489.615337364,8078301.7126993481,2797405.2211701293,291584.13050568785,2683208.2534454977,36708111.645063393,22216909.094460569,18151672.471410245,4580252.8893895857,2785041.6684190645,3954218.183904225,13871940.568522075,9247689.2411660161,3396818.5599471154,521798.78105096467,13346240.951379757,5010336.8518490773,1915903.2215433174,17419081.401171599
46014045.978447109,22420566.486502353,7236048.5604404928,10910361.963394376,9138046.1240895391,6257793.5083906902,17258862.034348775,16012099.979851047,564348.60153573938,6435829.0360351112,28002743.465308018,9475467.6178856846,25875882.347575579,6496536.2435670206,20644141.31564207,1161451.9162254583,2012362.1354836442,4432821.575716991,3883457.5386502976,3223053.9307995606,13053139.372637162,5779844.8347469615,2046773.2120391943,215745.84300703582,1981349.7380164042,27438781.976719499,16708658.61218204,13611981.446274394,3400053.3018429992,2342536.8390047872,2945457.4849199024,10654284.583347164,7810878.1429981673,2695994.6174536934,401688.06462464243,10116272.341432342,3638535.2548378538,1377492.7861591517,12768413.810144758
34301285.63797342,16422199.417380324,5157723.2484198064,7779686.6531095477,6522797.5944221178,4516365.7218596395,12333015.620637087,11650211.675378615,408390.76989870722,4330422.091707103,20148303.880172644,6681582.2712315042,18463374.650257107,4603807.8475823626,14888100.99841403,818518.85721693421,1426727.5475453206,3178777.725508302,2716811.6554553858,2321059.8676189412,9163621.4887680206,3914466.8753002244,1432144.013000383,151691.81338666732,1401886.4476157585,19842331.766916811,12134875.72392392,9896850.339739373,2477448.7744022128,2066799.7514021422,2010554.3926723173,7244490.1702371128,5492999.7955957465,1921336.8385126463,274876.34331711812,7127781.9875095924,2575166.9089563177,963740.43327093171,8997954.9568522591
25036438.238740154,11923665.922931321,3607260.50659882,5400026.7707427051,4556717.490940216,3212168.126961967,8633129.4695205223,8386110.2627544766,292620.63524754939,3783500.2256186134,13971781.72783952,4603875.2244571941,12788896.001935067,3204655.7713775034,10334711.798540557,562693.95894460834,979637.48744229297,2179728.0378730288,2086886.504069515,1546510.6464539932,6278808.2340356139,2976549.2820836855,990782.5687376227,106334.17771363571,981688.99848873552,14191511.474293463,8708465.2066040393,7126946.6154935993,1786679.0417677248,1819048.5432379539,1781362.1928586147,6406857.5034907851,3733216.1397349481,1273797.1220779803,207632.98223850515,4829018.6256778371,1783347.2628271563,658817.74909456924,6208139.5670467438
17800523.685605414,8414374.0112801529,2465398.2315837936,4564086.9732011845,3265433.0613668398,2298153.4272019295,6003854.769890652,5906032.0050596083,206833.9205622226,3360329.5837478326,9747204.0228070635,3189601.3091587732,16013565.135492589,3714498.7130809063,9002020.5830635559,545181.70796103578,934316.95105337328,2049440.6391951435,1856661.6965622669,1424651.0764676612,4368481.1209803633,2611723.6368037593,725986.41084650857,81870.281979426567,731774.85158301424,10312936.783248404,6181366.590086773,5093124.0773981167,1297087.8053386842,1588123.8213600912,1636731.1029498875,5846661.5130688827,3309767.0309109157,1188493.3617812723,203085.80637489879,3552387.0050274841,1196850.1568225618,517959.46203280741,4224256.8983128499
13705546.424514454,6379919.6125017954,3594615.804231571,6971318.94692339,3513690.8635751149,2321040.7945732037,5695267.2057475504,5536204.3087532334,218600.46150303114,3482048.9030939201,12141451.667554665,3564075.88649958,25352203.26237959,6340008.6451652022,14957209.198683588,1172190.8545869561,2140739.6918688575,4257316.9700516611,1930547.7547221999,2560865.0501477872,4620329.9545388343,2523370.8332439,798833.27697769389,95755.848901309044,844203.3614249503,10636091.753386129,5646111.8129827557,3825525.5050371387,934807.3446625364,2094837.8397985131,3280673.6087248786,15011955.480835916,9575504.9740512818,1965662.7215058201,304157.75517971895,5835097.261338816,1921419.2485878267,1193272.3606176814,5970047.3876844971
12011307.584872296,5980467.232950083,8411764.5044319276,11079622.64290477,4796739.743682527,3409969.0792429294,10108466.299486907,8181752.1908586342,390312.13722682319,8708275.1112186424,30664072.762209013,3756442.6219800035,29041388.183254387,6727459.7366230236,24675262.924212053,1331458.0008926424,2117667.0487407297,5426791.2067192178,5994862.1736017866,4612857.1990218302,4595929.0351432348,2550273.0924029974,806997.522509131,88693.705338179221,811374.15052688273,11983488.09722548,7973909.1813767161,3984724.1707442845,823178.16728287959,2334703.789832403,4215416.2221754789,20529254.545861769,11126607.35639986,4968325.3726884089,1089787.316028404,19175213.821470506,4711847.3253135523,2485385.2741345968,8871492.2306654193
22926148.824432041,8933189.2107276227,20687441.390463039,21080664.650282316,7967409.7275116462,4922323.538484971,19327293.946232971,11924110.781918272,424806.2150279755,31793896.125967693,57207885.000083432,6304482.8679531282,68637909.503320232,20511585.085396718,55810840.945159696,3143120.865569409,4824367.9009922007,11734212.109067623,14875838.251587225,13312562.905454189,9061538.1274682917,4776709.348535791,1521167.7615508277,142962.48336170372,1294539.3758513057,15397108.039496457,9637148.1129178181,5981808.8842499806,1179611.4156035781,14294965.330359997,13746813.413701793,51660905.581892066,30576036.90727672,10924785.623976048,2077509.5230842466,33140990.65374583,8529770.5249279812,2490845.8198517431,11236257.573312087
25425559.258784462,11787349.39303139,26870472.885899931,32360982.416793928,9389541.5854137857,6094196.071125742,32928774.898973949,15127619.941295136,478677.37186427455,32795899.419984773,83424181.625917599,6399179.2826272687,85399668.872938767,25764990.472550731,80411752.555479363,4119103.7580921357,6251543.1652154298,15031405.144484367,16589435.743383763,13714905.967134997,8298932.064430261,4480534.4372834992,1351581.048705864,126799.22919984169,1167521.1956718215,17029189.432460882,11473959.269003527,6241588.7746898793,1106353.386220108,18351675.230270002,17669709.380496658,66634211.449047573,31573319.150808793,12468828.492827818,2498368.1297780997,49234931.991729036,13004492.571246684,3909697.3718805267,18927759.944210611
20649706.802663453,9324530.9104381837,31199077.546759862,37694159.130686052,9723644.9787381049,5787061.4867018145,35405687.545142293,13793993.869164405,367398.76573025895,34299343.370438822,101985089.46605711,6130147.5892069247,90267129.979741499,25012939.817701459,84207161.710755974,3979146.808891526,5901184.6795922853,14257975.71591595,18744444.298403814,13138612.173917383,8604826.0551799908,6409521.2420236655,1437901.6927090057,113669.46246852347,1034441.2801731726,13273247.011250708,9099043.7645828892,5430819.3881494496,992009.61289492366,18521141.877004951,17738856.630311314,67260288.555171505,29465142.586965345,12432924.379901426,2382658.4596973811,52639698.835647158,15716694.97865184,5743198.4158122782,26142783.41362993
27264951.465301428,12468909.780148108,31567073.539571531,39619096.744541153,13007838.386747403,8809778.2374267448,42713566.060811661,21959650.007993281,841810.42665885692,30942136.104863033,110130376.29187523,8992815.6696748231,87871426.51079236,25244292.844909918,86949395.716510341,4320989.122442835,6714319.3652088102,16237560.655010624,19765351.671573374,14089176.918669652,13653336.696553538,6977503.3753594086,1913314.7105051919,173329.92228478781,1544882.3330115594,21669793.885313209,17078024.020539612,7173650.534727403,989404.56500586367,16900273.169909906,17515807.984486371,68650866.202696905,30907429.171830274,13812707.984632812,2722782.6645768415,56296295.571259178,16353471.075769437,6253198.9977922542,32280972.610216133
52006196.462735176,28202898.206101768,30713002.100246914,38355626.862840623,19883573.168445319,12521232.115503922,48421701.592191264,28192994.838957753,1290313.4680210641,36866694.036396168,119635332.72439842,19853043.659374878,97122940.165028811,30487145.248167213,95646096.260179698,6173909.6069531403,10427718.626919586,25046775.114248108,24428302.946302675,20466935.329156723,20689818.949709475,11923344.693942014,3442000.1671562125,313398.45175514859,2834742.4618285345,38625570.776913323,28081783.29614472,12580621.987987179,2134121.9310867321,23478640.658212498,24131560.210776549,96487153.925838158,45599872.17321793,20803066.30707062,4728527.9098416176,69549925.549113274,15674413.854911121,5567212.5378834773,31303878.656751163
79666820.383912921,35257148.374523491,31282079.085916586,34692508.760699369,25623224.048269816,15561028.340695759,63596343.065195598,35134917.89993763,1503654.806738765,38391624.15545024,125658476.19584544,25292288.910303671,88668215.688199922,27634767.284900203,89557875.98957479,5899177.0353393797,10226056.171335179,23864030.95172745,24804157.801447831,18571677.287638064,28556024.967280954,20016474.010666642,4911289.2726300769,399021.5701364773,3652875.1062788283,44777892.011365511,34729768.53783875,21227525.359840337,4174508.5869115684,21907641.445110105,22758889.93379369,93864999.203957707,42470528.773525424,18899378.861177035,4099686.6513599525,65391106.827896103,15278920.025878379,5107447.0817259643,29503092.127213564
73929993.803134173,29999161.241525602,31983302.672040805,38902028.245820142,20481245.09349069,12688044.254287383,52631176.590252906,29470661.4944156,1273149.2009237532,30106223.634155359,107487268.82385539,19824699.164651867,96455494.08466965,25688261.844368614,83513676.446366861,5553892.1767604705,9696601.2918933537,22257319.300929971,20388189.634243749,15484610.889524035,23043638.249715786,15800085.35045008,3919169.0816658284,316300.10214257223,2877832.3857139111,35966519.781409286,29230052.189451139,19029059.674936533,3590454.7770488271,21385515.112315133,21474194.683331389,82862072.872722819,35067724.950431652,16425038.798257258,3671475.2687683809,58484336.433015145,16167402.985098958,5949167.7532359743,43863902.286667794
71591169.104310602,28693213.034245484,25738696.661540162,32133513.222703952,17214892.145444646,11668024.836329155,42160800.736925982,27185899.47994519,1414920.2606793423,23388198.212068014,85517667.213069662,16396662.840463145,86990315.767900601,21858486.365108646,69863302.123692945,4908091.9895934965,8699152.2339940257,19528172.695461556,16315946.719499104,12229518.494590197,20773621.111689761,14584035.678852489,3555711.0508538065,288693.24399003817,2646041.5402975925,35995562.326779693,29934873.529842012,17777635.282278955,3340653.0820379634,22062922.886766531,19747207.334130008,69545528.150288567,27090026.561082348,13219148.990397625,2964975.4413261344,48354188.013706513,13161873.991419984,4659994.1334134368,38473940.644274294
69364490.785338596,30799731.6762302,22147302.387715273,29781582.003000945,17884761.53084318,11542855.7073613,37142873.620563045,25332358.674818281,1349985.1346013779,19462264.331244204,73758023.088383704,18285623.129813768,79212066.080061898,19364312.369897347,62055135.721778981,4033165.5844124244,6906797.2806882104,16000062.143147074,14532398.7791324,11134553.356154278,24514290.509300862,14448007.067421107,3772674.7785416641,328663.67517306103,3062413.1227376708,41279227.918988086,30136000.910564326,19195357.480076846,4056684.0054304148,17887146.663333688,16146402.530208591,56216453.944627218,24164968.489095278,11950691.627813963,2688400.8899061717,43277558.86806006,11819995.463078111,4327825.3125516232,36604383.313181534
53770859.870505348,23938033.994465981,16743135.200463146,24091473.689462636,14282663.631899815,9043078.9554445297,28263579.446755011,19378157.485481188,1026898.8944128099,14175428.155876396,56501103.760055952,14829799.022882741,60690491.26256828,14744063.154318428,48366668.170686953,3086197.5940522053,5294181.6354310075,12577684.56606951,11098193.152605206,8506678.5884883534,20956529.149198629,10968881.585016152,3161963.5288476162,296231.29065017018,2777882.0027729119,35858132.992309421,23203353.208226986,14752236.547637042,3085487.8535978841,13288407.226370377,12031483.871123441,41990867.362956829,17841390.726010073,9620835.432591429,2271618.2149252039,34499224.075013421,9114501.8757392392,3568305.1814680481,30924100.256669734
41347983.348631606,18116463.687812012,13276813.885026274,19354672.545984838,10611227.738772502,6738178.3597295471,20816026.121552255,14318618.449410722,757293.31387178705,11005558.421054943,44218941.04355339,10902085.780777801,44282181.389085531,11037062.620591769,37738307.507791497,2477811.8321503261,4393263.0487678135,10264502.254030444,8698508.6001921277,6516500.0341709182,15320040.434268355,7817800.2442383356,2333650.1619532537,223589.88124642719,2096303.8107541136,27058637.982055143,17259630.58818879,11314429.489029283,2471507.2669282239,9629221.7498966157,9025543.5570922978,31635025.056704897,13408726.10079151,7425259.0912391534,1739771.6583229634,26666776.820527971,7438138.0476107569,3451117.7537881145,24773887.526894219
31649383.422056898,14016481.816064753,9855254.4403347764,14671696.268835258,7715746.3113689665,4949772.6902786754,15017802.863104153,10400589.137815459,552604.52976091288,7740557.8093498535,32672633.49588364,7836701.4036136437,31910616.787558679,7980957.9481764985,27697993.000787146,1799358.274852332,3202615.217019218,7531596.7797473082,6353091.6785673024,4722607.3934519589,10948370.800861027,5444203.7802200476,1687362.3939194088,164913.38469044294,1539124.5535466208,20458921.091613352,12746891.571931256,8350915.681910607,1830128.597086326,6876239.249786512,6493747.3300983468,22742333.416014872,9615707.8864447996,5430707.3486548951,1280196.688349057,19674484.863667514,5637305.3534000088,2933954.3478025538,19197272.296381786
24675981.758657262,13823726.716053963,7516270.8848711057,12421993.620643092,5778819.3181837704,4109323.6388825839,11733237.018284939,9169809.1745675392,398250.92918223445,5344605.8425846547,25283225.128728919,5571979.0242076581,23627722.239245277,5769643.9136431236,20532860.586369265,1325462.4851968111,2396369.7069889652,5647069.2972081257,4606664.5954068173,3354868.134412365,7678853.9133474501,3647484.3389037927,1185890.0055559399,120767.84084253279,1141749.638954896,18104901.807728954,10750268.082131971,6402719.0564482892,1345499.4377848709,5124218.6301101698,4903548.9678959111,17982823.079810396,7177555.0879528439,3990156.0845821514,958226.51931246556,14371043.854979686,4515523.7749459855,2484823.8146536509,18313445.029731192
28166675.686416663,12265340.0759812,8636180.2825952172,12656384.751817562,4640073.1732018208,3305071.0948299612,9362900.2352605462,7770752.5773807839,335178.77255178901,6274830.3635095162,24066792.257590376,4736236.7314889384,30764756.636363365,6666902.6346685989,21106990.554479975,1457560.4298627453,2586244.8992730137,5913525.5041374322,5143277.4004571112,3902087.1152751627,5244189.6525447555,2980501.2453803313,883742.3000270318,90341.329765433024,861891.31534058065,13772280.122239383,9388207.9027546383,8045544.6270029647,1781279.4917535412,4285852.264168838,5177347.8303646743,17842488.943563737,7778230.20262584,4111074.5765910242,932878.42400291702,14338263.211638654,4731907.1872083712,2289875.2349239937,18692046.498324644
33008570.457552444,14389918.624374107,11646914.980105259,16280601.732838364,7800986.8431501286,4899449.1742805401,16848578.217749353,10504476.788181931,496656.84817534435,11347630.510471495,31653730.698429208,7382414.8307204759,28825403.373769592,6070127.2626035074,24477628.233717941,1443784.0211826628,2581388.7664513737,6171505.406309288,6517124.4056435889,5119396.6521470826,9808588.2028168254,9422764.4552061297,1900361.479166866,154671.46875411854,1417740.2932824963,18238317.617829636,12481752.343872814,9850325.2837730777,2258498.3095177608,4278640.1066577304,5004041.648492814,18807237.829699609,10856788.461830428,4947042.4124718038,1053455.9834874845,17326000.142287184,6414943.7661349643,3457241.1088033337,23506894.322160024
28599097.126474041,12322842.867408162,15066346.926306715,18589199.358261999,7819797.5087068183,4508871.3511062004,15329477.112438919,8745026.2645604052,372510.22190809657,10897308.29651509,35363147.387904637,8588616.5731840711,24414754.80230682,5101488.357881614,26391133.092999209,1193304.8082642986,2066760.1752550642,5470136.0748412404,6474102.4495834131,5456762.0805137372,15205501.115838157,11866534.360428507,2621194.6316525196,226725.4015420319,2047529.735822805,21086102.082280502,9966094.9329645,7900742.0276360037,1732839.3588840263,3060393.5616052039,3860988.8591118171,15977356.711854938,11462599.630407238,5178321.1556147821,1099986.6944136403,20215089.199901141,7857178.9006090602,3617942.5963450181,30745095.498669352
22749273.820044965,10434253.519679613,15957976.081911089,18301004.877528645,8271331.3903812449,4972084.1805238882,15871125.250231199,10735133.562661381,471288.50160794688,14667819.779492332,47833553.847118005,9893055.0882114451,18741972.243469622,4548839.4036835441,31716104.934594281,1256261.473924184,2186120.486673451,6291520.7359422799,9061180.1436743829,6877535.357816671,14058837.972568359,10140478.156386124,2352906.8600482624,204142.27787152096,1838153.0964357669,19001574.469163209,10893955.679453272,7441403.8333085002,1598761.3691042836,2504913.3273685356,3317121.6769206189,15175895.150941178,12719349.917581087,6429836.3180829678,1321089.1096876983,27859703.607710004,8976166.310112929,3769069.2385760397,28826343.185081039
18795347.140831146,12610104.896172706,14285352.206800988,23211939.546360761,7261344.2331339903,4471821.5506198555,14433670.023957236,8906792.2274894938,363554.89571360761,11360166.343731711,52572714.316827506,8141948.1001813523,22793158.601720002,6602681.6310761264,37376722.139106616,1925657.2410682165,3788261.3842114434,9012850.8569786362,8529188.2322614174,5716838.5149507327,11251058.940879263,7553101.2253321884,1804479.6882073944,157634.05751584482,1456598.9932096137,18418781.807854056,10001252.411475345,5979368.2302975347,1258579.5319686944,2407367.8640791816,4437466.3577171583,21118646.104392685,10745841.550704205,5875130.2224052958,1153646.1303716267,26528650.767717596,9396787.1453314219,5260360.4312392371,31322432.062365402
22068561.223589346,14009784.958438946,11545429.213150408,18520446.698400561,6513492.1710504536,4030946.5737780719,12504238.407675155,7979984.3381246328,265147.34395632247,9356267.0570700057,44581481.064588152,6963487.2577439863,16363452.186384311,4859101.2169244932,31660422.531779394,1458597.4693322543,2855432.1027262188,7108306.6829268569,7523115.7445165012,4606293.5797424922,9060357.2562584765,6135004.9697337057,1554541.5526147389,142091.6774340696,1366262.3112198447,18989873.883143235,9044926.1903567705,5244971.2974352771,940719.47770941968,2132234.4474697006,3165184.5720414105,15802011.382506711,8389131.8282339815,4852689.0460337978,956599.57974943775,23744390.493629862,7812763.1806197334,4179571.6494217757,24231595.562251169
19059034.481931169,11219751.197288278,9666798.9341273624,16824798.206237976,4894857.1778779412,3005661.839830339,9219107.797638962,5833004.9450886557,189303.29776347571,6881776.7066552639,33555708.028215133,5094972.5145537276,17416598.085733019,4995305.2773042312,26972045.8044702,1147871.3444066811,2093195.4117221667,5254228.2107288055,5835878.8433406912,3401151.083557162,6276753.8086461117,4424032.9811123004,1131271.6814128202,101667.78986622806,989963.24982139585,14219197.441346785,6839294.930604659,4017737.3897523466,672591.01379110559,1883454.3475302565,2377871.7170262588,11115586.871661471,6074942.9317605952,3646238.8746369542,716021.10305662546,18201998.832168724,6561746.6867478108,3721435.2408991517,21955773.130694378
16003271.894887138,9855847.7864927743,7625093.4962978531,13297378.640954286,4186824.838942043,3421516.9184162305,7538687.6810674844,7789513.4468444027,430187.77629582258,4657781.2923831902,24740329.768475275,3732331.7812059266,14787262.919444446,4241355.9168758085,20558663.816282175,893173.40714289108,1530224.9129736761,3766980.1345954216,4101952.4254128411,2350492.3438069597,4930488.3902578186,3558224.5314476392,890980.92753161106,79999.426535782855,752019.83490200841,13531881.636924827,9551125.2048899326,3628777.8628559709,471504.36445466173,1999010.7201985216,2665660.6186538404,11263271.787789945,4239348.1508977721,2564327.4543246636,505263.11417775229,13126979.628422616,5192592.4125233451,2940361.4976249207,18676593.572036777
11533652.87196482,7151357.0635930365,5493835.509565372,9695620.8315662034,2940075.9848899799,2475846.5033658026,5224740.446739573,5688877.3963954551,320117.88109825004,3889813.7488720254,17449134.621327251,2788168.5813667588,12555092.576714186,3677239.9780908413,15402661.893854283,771319.03848907829,1307568.4570453027,3021626.7692435151,2782259.6995793963,1588889.7456693109,4154511.4066283195,2910790.4871321614,675777.72823339514,57683.053721865639,512342.22017099767,9682387.1127338521,7024553.4650838049,2563023.7819076586,316072.16719359998,2126319.7159892363,2945693.2741225665,12148531.160437575,3651743.5658242684,1772744.9812066974,361943.52657298127,9279165.5965183619,3749985.7469759407,2169835.294405384,13656121.150130963
15425004.545522556,8621342.9998487756,3945254.5083307414,6849681.5315462472,3779179.1541211759,2479617.9451935273,4373148.2565300548,4543560.7122852039,254790.35498111512,3666408.689404252,13389871.682231154,4134367.187071485,8677413.5116263404,2501000.2091593919,10769845.827099122,528050.11336600909,904810.74808287458,2114188.5847340943,2442768.9855164094,1378515.2828838346,4051484.8788512535,4744431.6296898788,1106443.2440696056,95163.594052958157,926603.44472878089,12555908.621574182,6300873.3809032412,2298122.0241948748,258952.97515506364,1884352.8595520104,2012298.8377858514,8323696.7192641497,2946450.4013812067,1240494.274813666,242587.75832790305,6350705.4389638333,2684677.3861347088,1569488.4675587919,9878221.2591235209
44313155.97770524,17362090.624104846,11346423.7456463,13528023.269886751,11879281.662766144,5124745.7053253194,14252955.76771671,7150671.6296227546,259663.45946525072,8475352.5306082852,29274204.810384046,16439523.386533303,18144492.341966663,5207613.1462773923,19081742.522880383,915949.88704747334,1551778.1310369472,3419006.3502061446,5291945.9637989113,2002695.7023675763,9495322.5809661578,17517448.085937139,3845964.8822660022,315529.97308242472,2994760.0028898474,26419706.921483211,10314404.414755423,11687781.171037154,2516876.1265302058,2638285.3920751922,3500549.6174155786,10256679.548214791,3922007.8439939055,1932955.1191631092,280556.74834378739,8475781.5477217939,5771024.0917308144,3677188.8763647894,16917697.328883685
45721281.127049334,18902228.341298066,19317361.304425523,16674033.691121165,12274092.063356603,5582584.8775778599,18461232.02461924,9108124.3738796096,233581.32619502005,9677445.012462521,39672899.224538937,16836889.031729739,15369271.797759045,4084639.5502684652,20670463.465297505,737483.21887037961,1275041.3858421287,3079050.5288439961,6190490.5660897866,2495819.3595869364,9746345.7532383874,19276778.410066746,4009163.8043941311,317830.64194010064,3062677.8443679037,27759193.274283718,10670904.396205749,12343948.787481617,2821195.8619671417,2405380.6865696381,2690914.534105612,8179597.0043369234,4347793.4081659624,2073139.9459131553,242696.90715375851,9858265.88693179,8211978.2454667185,4776311.7316013277,20171781.674600285
44424315.083457679,16753263.73555449,17980746.005416136,14541890.230931705,10315488.254919888,4851326.7752865879,17404255.752446312,8404890.1314469688,199605.98215148255,8617435.6952286139,40453032.924796768,13886153.563638765,11809158.259871379,3187564.1475682491,17837680.828090999,597255.47077204194,1021984.003754379,2678518.412620517,6392457.8850230062,2559078.2283610981,9158544.4602520391,16046943.02155401,3428590.8185375179,279416.64783047955,2607755.671945441,22755806.555451781,9327760.2961761374,10906105.984040203,2285214.9105527978,2248246.2417173348,2205018.5425376394,7394111.9295986788,3972899.3808928747,2242401.1930931215,295055.52618444664,9536043.2854198199,7413294.4754894888,4045657.4951627627,19104067.671914004
33655539.923679613,12399327.394105442,13388856.45400021,10621095.11057784,7524712.2520250259,3562824.2515868987,12711942.217600625,6150776.8261403311,142415.04489964596,5947077.3354440071,29968270.614945993,10042244.608090337,8672703.5090496521,2183629.6611116081,12873601.961991239,406107.38197688223,690905.86810286692,1854479.2809496452,4611311.265105457,1783721.6875828896,6350701.6150123691,11611484.637067301,2485982.7023234651,205327.46248858341,1907666.4530776266,16611829.5386275,6823368.9551650379,8118182.676535706,1689482.1638718392,1981383.4933649667,1840050.3117154748,6497093.826981972,3005286.2757749297,1575273.838125773,216905.51146048383,6853476.5457935268,5476089.7012835583,3050762.5826989152,14213530.942526978
24438334.225038808,8875362.340853624,9740426.6597651988,7515546.0898889601,5313546.7128529632,2503266.7016532598,8937446.9479469154,4302904.5295638712,96057.882863804887,4159711.4968527774,21289191.108877894,7104675.8810642529,7657918.6194704408,1792040.5791996166,8841935.0675535966,343216.50839320186,568458.01312305778,1326861.7854932193,3158165.1959688314,1406899.226598917,4409130.5514152553,8251557.4414212536,1763172.0873000489,145306.92687538467,1350563.3017934791,11728250.948022814,4768264.5150333056,5821590.374659624,1209651.4860700918,1733044.0943770127,1621038.861904823,5719723.4913381292,2655112.8793952982,1200870.6229299472,190782.89543970156,4611233.788666253,3935044.7564770887,2207307.9545826693,10079604.428230293
17629147.666640013,6229184.4412598209,7466415.3971959418,5265731.793082526,3658646.8718917798,1710282.6440403636,6139347.8790609902,2921415.4651436224,67332.873480237409,3673590.855728155,15113934.506171755,4912361.3676848486,6730819.3277051887,1578081.7982013882,5901149.2424787451,301839.82393614075,499171.67007065163,1166441.7339035643,2198949.2664119322,1237382.3147643444,3890445.0187952872,5742854.9938447075,1221499.9242902026,100235.70305814831,933987.7702031231,8106175.188178882,3236201.5362220882,4111271.6381931622,857562.38837799034,1506425.5696462875,1420710.1946942564,5009174.0448708739,2330561.2831370016,1054511.3510368993,166733.25204630403,3422398.3981163795,2892422.8105347012,1588247.6675358154,7435400.9025608944
12360512.619934054,4223414.3158261571,5346013.4517051186,3552609.7569873435,2464389.6488253642,1149365.7177000905,4017017.1784760128,1921918.9243399212,59066.041743746457,3233752.1893159011,10148760.743881973,3285616.9426723621,5949014.280028061,1381523.1958016995,5054838.8841582993,263831.34576699178,435490.80749085912,1015719.0354076836,1926781.5827811959,1074785.0510321017,3393066.1772655286,3857591.9240580732,809754.47428375529,66664.751740684122,623445.63592966145,5552090.912204287,2130953.6850560494,2853957.6363695832,602258.29739746929,1299168.0371468649,1237705.6943627156,4353554.9982553031,2031560.8085053449,910561.92861297855,143387.94225446801,2977112.1910227132,2019947.6541801891,1125971.5177349455,5092197.4296873603
8585647.6720119473,2840166.5871910732,3766380.7094788593,2827330.4944489761,1993620.2999901674,930484.3744558316,3543395.9083033232,1662938.8251933905,51855.45193415838,2833230.9540307824,7373541.0463160537,2667647.7605846124,5167215.7953022877,1201827.4418868192,4454546.8944111392,229217.66218651042,377912.08846490335,884041.4484048438,1694473.6347879511,937089.82539133332,2969541.1537335389,2945543.6216283184,646257.08264723734,54321.124512287526,474967.25075320405,4014298.9069449715,1766955.6236251302,1956875.8611503567,413034.18642055569,1109395.543792286,1069829.1186906607,3760844.6861097813,1760167.3049931959,794565.13548752281,124406.37303201547,2611344.7786610015,1374917.6423211982,781032.13734988356,3523934.747661911
5871149.7250025086,2381774.904950724,2587516.6126980335,2498689.523027881,1761300.6688602634,820523.70764189167,3119399.8291267455,1462223.4347742847,45228.745366268144,2460731.4475069013,6512489.5851383479,2354838.7283461289,4465434.4567483217,1037457.3202306302,3896844.7426036769,197520.92829341459,325371.93576925661,763936.2626586894,1481095.0101844291,810577.38957360236,2584765.4477669694,2603193.9554621945,572787.73146222997,48122.126075030639,420309.53734547907,3543652.7743884348,1553560.407497152,1309252.9493280088,275320.66088524723,935671.53413273068,916091.72598476743,3217056.2331997473,1511509.5139084491,687001.68993745127,106907.74748797405,2276143.1096454645,981759.44127595623,524875.83322600881,3116562.1048891614
4540724.8484371565,2453732.7593865227,1708453.1330438629,2182512.3369620512,1566924.7668223658,758097.57580292318,2718716.7474892638,1288769.5701062623,39169.465047631384,2113282.0034396136,5679077.3488259753,2060470.8584998921,4612454.8085656334,976097.08937735646,3396348.4156983993,177758.24371949292,281903.10761618579,652090.21806341526,1274347.1749864048,687154.46589208185,2219120.290632979,2268835.8883545962,501376.48694317252,43599.181388877842,378513.38437038654,3547868.289954328,1486226.9363398154,1155879.141225379,243753.60474304578,782060.28960358235,806619.20067233685,2721012.9522426971,1283242.3972682336,583067.11565832875,90639.951513962675,1962377.5110781183,864996.46348735923,413787.697521066,2732298.7885547513
4043663.6222675736,2345805.6280057761,1644912.3229411123,1902173.8155970031,1426257.1785427493,696114.01949098764,2387600.9540248737,1150234.0778372202,33692.163914637858,1809845.0753461656,5086705.627088855,1884102.8258622913,3973091.4721163819,832746.78385137452,2980540.1949298084,150876.67924408338,238503.07144470629,554475.89926036191,1102789.5951103184,591849.96318412095,1967279.8445483188,2203583.9136365121,485619.66397329827,42430.631327525596,363894.41767084878,3352816.0814448399,1365181.3277955204,1027195.0385896706,214216.28121674221,636401.52205175813,675927.8105746971,2266618.6139683756,1081179.7063765554,496466.62217435276,76150.919697191712,1700952.401570285,794338.75073858013,382831.35030785744,2392588.0204299814
3546491.1006772248,2156351.8339354615,1466862.2026731488,2201653.407323326,1300794.4890059549,667922.67230627546,2097631.4563102233,1140261.4653411477,40240.227061020734,1684427.1379999421,4617241.6126857102,1714971.7394613053,8494791.7722669151,1755367.6510993298,4303858.9166711513,219217.02447965392,291099.34752564138,649366.06794157834,975643.82420910057,535932.09709930653,1800481.1559216282,2005844.8837506697,461809.14456401824,42576.531327743476,356139.71027548134,3311233.3824400241,1389041.1208055811,915404.15948667214,187116.12086996561,566536.52838583058,780170.60261220823,2037598.7167502213,989644.49179173145,457239.07754669531,74278.814393624707,1711139.3071443357,736259.70208210382,344913.31771833042,2101039.4685573243
3345970.726004337,2231655.3828548738,1431621.625505774,3443054.2779720789,1474968.4283819185,952291.62913997425,2878277.0998004265,2135365.7186193787,151727.28211230814,1601744.8595018084,6901262.3193487013,1561308.5301411494,18202194.674312651,4553224.3690267736,12351489.727909613,448715.83532665583,594466.84424218524,1398199.7216977819,1196038.3817199934,660577.97812882077,1573099.1597957374,1771659.6795375997,421281.48109373625,39215.827320413955,331598.37883971503,3790286.4861977953,2733030.8739964818,971892.15268074314,168978.69207353189,552976.71790189273,1012732.5111326048,2739289.9473539838,1137023.3856507854,687964.0997471367,135220.08249131808,3512339.4916702327,930125.86335012782,333099.19569012849,1934725.5063492581
3024018.2184398775,2030100.277627094,2064828.8681566201,5405781.5939752432,1452059.9677908318,918024.78188060038,2913192.1594731142,1834927.0822885251,108668.22188473132,1497225.0700146866,9351453.0373019781,1572974.9732588192,19772913.63853322,4318988.1652014963,13083209.086332494,555518.08703727182,753400.98551894038,1930295.8140387288,1321488.9649435095,980969.24791762873,1376128.9049373269,1581880.5997511311,380782.94471499568,35547.068697262512,303193.31383829552,3453166.3579556439,1971639.5502813302,886788.60023553716,149876.60016734069,605012.64890349563,1158903.2051856697,3797376.4434805838,1971464.3418626154,978714.44161825872,193026.31253057686,5510904.0552383708,1141516.5808110109,347234.18673775357,2273019.0887959599
3784234.5196146369,1863054.1478120727,4919956.8561724331,4576781.828655689,1406783.3878881803,856283.83197305934,3076161.5482633589,1682469.5994475491,71961.217547780005,1378689.1505955912,13537202.432143318,1435880.91100705,15870567.718953829,3710880.4133951892,11993239.067664182,559996.26625179499,872432.3342126105,2104683.7737994078,1410547.0739774848,916431.66461055388,1123365.5343409737,1433597.3502677626,336181.98198992491,30785.811352603472,264409.048815471,3032860.101326955,1772800.8063159671,932299.25861986994,136501.04553185808,524985.33992941142,1106853.3680490882,3562655.610317064,1801281.9841531957,952996.06025647186,179766.02874713167,5136552.2128467048,1630261.1183470052,342806.22138055204,2218261.9599697841
3453205.7224441427,1649131.035288461,3504657.3482580301,3082766.7365763504,1254327.500561584,762504.4057848769,2776078.2215748015,1486572.7209173955,62387.250991903566,1141055.7754248704,9467309.3494715765,1244018.1877941131,10869176.815716285,2523732.3506698804,8302391.0593193555,378790.65223330568,611700.03243204439,1416674.4548105123,1260631.6995476289,806083.00392898964,896110.3390010728,1242343.5862658087,291418.63898658293,26981.065362398513,229618.88379463268,2655256.1762170717,1563284.231574808,818999.12591376761,116293.16057780146,403599.17198367621,957376.23196484975,3138771.5716179498,1564003.2721021997,847277.06253736594,158939.06206701117,3594800.4012967362,1094515.3660966649,307350.07799953927,1931192.7739595245
3068508.0824678503,1408396.6109205671,2386690.7199154268,2719833.6723207654,1171851.44457033,686553.33514070045,2792773.5896511246,1301719.5009113967,53906.743168238943,918124.61094177223,7376680.6956185875,1048989.4656385628,8283816.4191779243,1889336.2478159738,5680844.161905,347152.93096251984,562361.27654539444,1247455.3002714305,1097182.3319004183,696627.46855929971,682038.75501119229,1035612.9835279859,244785.65976904921,22932.748629985694,194439.34277173379,2287671.0545104071,1344409.8476323744,704456.5582154342,97608.632215290039,293817.51827779639,872019.38574206643,3368572.4690008988,1419488.5380557864,755897.75711884396,138514.08863666782,3163307.8686507489,918462.00575584767,269405.82380976359,1650131.2008373546
2745348.5851973323,1205202.0450179765,1666090.8593207172,2380348.9364824481,1024018.5992692113,597789.75247300742,2503972.2021189351,1130730.7153924066,47105.042387613088,710611.42505586473,6511235.2405558843,863852.92189023911,7318366.3299596235,1668796.1986075086,5010597.6962218098,305496.51204187301,494231.36389465415,1095890.9974627453,934399.75059931574,583763.73466331034,496551.21247227024,848997.45369846758,201358.21961214629,19536.223257087022,162777.54499977143,1960591.7915422074,1166067.1270595258,608584.44449738879,80657.041112159306,191608.34878535458,735066.78317468229,2874077.2675331058,1199282.978665275,650350.65312730195,118430.14779640228,2757816.2434046026,806299.61148478475,237255.20647868185,1388834.7903144646
2546301.3725792943,1017311.3307801678,1457203.7360746705,2068637.0844515869,864509.18988974718,514494.66843478725,2153058.5666490933,974017.08254661318,40886.449891542587,523220.46710003074,5613429.731296123,700630.22248775896,6415191.4417599756,1464380.4489454953,4368114.9402057463,267127.76433676603,430948.53476990887,950890.86598620366,776878.10068920627,485171.01541977411,339272.33075281541,680502.32993133261,163718.09948978608,16420.8749074847,134510.44487814693,1663006.4079773205,1003355.46714299,522859.26070753584,65617.912859837073,98689.430966848799,609682.85684102762,2403972.2719572452,998581.52564264613,549969.07458611287,101192.1314097663,2388830.9184090435,703073.78586356272,205536.86008162718,1155424.1047516379
2251567.1442689486,851863.47892647679,1279649.5361492618,1792367.1642097705,720475.26867996517,438857.37529439182,1834277.6601904153,831535.13500298373,35213.324036938444,352308.99600137636,4887149.1140149878,550041.9814163039,5590843.2495180946,1277632.7001637851,3813262.0695684366,232235.58296202502,373761.30579279299,825186.44717091823,640511.64415222756,397182.09080299689,182673.47402728946,526304.73972415342,128224.19950106215,13266.343460178325,107627.54158765012,1391043.2311184288,855923.0930358913,442107.73825553252,51773.653507533483,14406.563558507672,495408.44409384631,1974853.9676551877,815393.55305077857,463436.40841626393,85718.248959922843,2070802.6350836353,610557.04857253865,173845.38848050465,947042.14602961764
3661726.4865702395,902379.89960143995,1116373.5568055336,1541921.1171443479,588448.11321752495,369794.75729339669,1530524.6008672914,702722.43001028826,30414.220234028799,202563.9089157258,4220780.6997536141,416263.31466751837,4838409.6168636186,1106569.8833023335,3299323.3468029047,200193.76695764466,321121.94835750811,707898.70193078939,516512.5204767625,317332.97719673737,62720.459476263073,387348.28298474249,99377.083049220018,10996.549471030321,85556.518144256188,1155114.3785495856,794288.90606717137,591684.95908193232,51575.593850905112,0.0016446748909428929,391230.83086370584,1581255.1695144558,647972.91555688274,382719.99042369047,71547.922817549901,1779208.4935545684,525890.3527390305,144958.22010982802,768364.94296767539
3309743.1289556473,755948.97429706377,966911.96466917696,1308612.1028391388,489647.72773318662,311546.18927311577,1294516.0538827269,586684.34992051509,25685.409194733031,80244.53803127147,3628812.0535396193,313301.20031878457,4146537.7513383017,958977.78812279564,2866494.3357942286,175906.77844787593,277547.15427335125,607660.22697612131,419391.11582411232,257395.91665945743,0.0097576479903793145,271123.30535392661,80067.185700774033,9401.3105119048269,70999.164112670813,988674.97839689965,678423.58346404065,502277.09080030053,39194.681523008287,1.0793057091967252e-22,301494.37707220722,1249038.8111865819,502153.50221909606,320135.06725647266,58811.671958798419,1532565.8054703004,449779.2636066358,118765.92484339088,598913.41491103242
2869553.8832203699,611312.34977770119,830271.63849913387,1101454.9238763291,411431.32982211659,269764.65858521307,1066514.8253216045,480984.29150252818,21350.76277563248,0.0093544293651181137,3076274.1689288262,230399.52098108502,3516766.9005608358,822663.40830849402,2484410.0711812554,152453.57200494615,235255.89182920722,515487.35542673088,319105.62750154443,192816.80075188185,0.0015982824015532133,166107.48817664292,63357.077586147774,8039.7707129623777,60039.14269060381,848913.61195350427,568848.41190106259,417626.58824971039,27957.727659391763,9.7691191799093481e-37,216952.27592625417,925490.0141854689,364296.98609529989,255989.28831168372,47100.844218202627,1291204.2061302471,379363.62278953067,98313.699663487932,442865.01498002285
2464663.4779175417,477765.44162484678,705968.71457930573,914461.61171734356,316564.3787752295,221142.94808526293,852968.98483032768,384319.73478299612,17407.668443915198,1.1726150735161001e-22,2578650.032134138,128748.36826699489,2961998.5738284811,691042.80538743595,2102105.3479528865,127572.85301642372,195450.87115877887,429009.42442020582,228544.82005503762,137823.7342971864,0.0010951572151460731,63801.526365524573,38315.737223754266,5688.1691934955761,40443.426556990838,671455.34267702093,463163.47289758921,340674.5825414891,17911.066556801543,9.5133327680900371e-40,138514.45954862336,630202.49197753717,245177.27711322525,197446.09447086052,36508.826633322533,1070759.4856352992,315338.68954897375,76671.843395220349,307098.7191406081
2104564.7297440944,380860.78470083349,592492.1610888819,740930.80529800872,356768.79244438105,205088.22857616798,750825.02944893693,308200.13191143249,13851.322760222123,101046.51093464441,2173358.293476149,309397.24762448418,2436734.9215296297,577429.24830930715,1768274.8170877299,112817.38327598761,174377.97615728283,379265.23620190128,182974.30623548391,89070.542403253989,1480382.0528347476,595921.43720573955,210501.34752361252,25095.190632092905,147225.46272803133,886329.05201648129,375692.34280258144,270790.29311517946,8977.0089857866769,9.3614599451672777e-43,71648.011999454262,389543.1263057508,166201.34115399016,150370.16198312669,27385.925570252763,883964.88175107469,257166.52890615104,57128.500355229451,180921.13428778021
1905903.0422691777,361767.59169715137,673110.57804500381,646942.6340770697,822661.92278765491,327796.26109167282,920145.31308360677,359715.73515921732,15590.076058547716,169362.67875402604,2040357.0075188233,1190343.662155475,1963937.5861238546,473679.71109286306,1462795.9646640678,91823.636348436921,141936.79462336825,309328.50333332346,133646.15709721719,39931.045220090942,2519966.5979864346,1107884.0263904743,370761.82490692864,42176.719959088827,285914.28161553567,1594047.6044075503,416588.67179571168,262913.92715811974,15322.90954499454,0.00012156133855629123,22753.904630872839,244426.52192790195,75166.347689378628,104597.67092787553,18776.85568572949,718602.47546244634,261745.93118474327,56027.947007673582,373919.07043554023
3328545.5954050235,633122.03172555391,1024656.786957883,1290903.6799813763,812503.49574072263,317303.48430195759,1006020.2929720368,326224.38113810756,12906.52285409608,104328.02249134408,2374099.253874301,1101572.9133734095,2274992.3469176199,667456.17478431389,1996768.3447830256,87550.811759808479,114832.60208214055,257342.01099047009,142657.15878742037,0.0051231133828333027,2349720.9631959805,1004140.9324509776,342959.2454013176,38540.619333298302,258675.59250337107,1483799.0048046112,434701.99486010568,419901.91583315918,52508.720392435331,0.00041251143130095758,0.0063512523756654692,28201.204281936349,0.0089616887083430637,72748.821557340518,11124.63927221789,671467.9275800949,465732.20554420917,202950.1595221507,1335083.4940267305
