c0,c1,c2,c3,c4,c5,c6,c7,c8,c9,c10,c11,c12,c13,c14,c15,c16,c17,c18,c19,c20,c21,c22,c23,c24,c25,c26,c27,c28,c29,c30,c31,c32,c33,c34,c35,c36,c37,c38
0.84143822420451519,1.002938711050307,0.52562332681561286,0.34289933013184809,0.55772184502473454,0.60779026117431079,0.80157524847607298,0.58323231524343555,0.12801983665345462,2.5257911368484351,0.92288885409760735,0.82662822990077878,1.7537651236029079,1.9688180955222911,0.94393219308153531,1.5587237563708143,0.50269455087763715,1.062025337177692,1.4461599565955316,0.91136375975307016,1.7049477052569688,1.4777428784131423,0.69022749823575003,0.10262539575105224,0.52814105971489012,1.0570665113335647,0.29473054012274202,0.45020419091356229,0.058473630730001031,4.090461014941746,2.5908612765991568,2.3778454128656947,1.6238862722116831,0.35858892366127143,0.22922315968150583,0.5559602206730353,0.18986893847628808,0.10371332408658171,0.1665257999021359
0.90297863879105611,0.97044236945628948,0.59535188112841952,0.36452266155036339,0.35592787182572411,0.40609224637240876,0.49287413201804753,0.51091308406422342,0.11227958737465507,1.4036749948952663,0.5036440066308514,0.56039027971539335,1.7952485946470709,1.781480094804603,0.76130402870226799,1.0795644211060309,0.2953835151694767,0.44819845952289888,0.56602042030105293,0.38301168174907707,1.3204983141219837,1.3045379494375107,0.58852384210063546,0.0830935682024765,0.42911489349279486,0.85494732319667266,0.24908662389549147,0.38624754908334091,0.052454974865820285,4.3602223677233267,2.3976647574712744,1.9803142597327748,0.63201264068300489,0.14032383823756522,0.11452636093238672,0.27366610230718785,0.11028522542934482,0.064191050745151426,0.12142681984321434
1.1535908392777574,1.2481403339441026,0.57050427870581022,0.43573631882247144,0.38552226301735754,0.44271860327931112,0.5178563177587916,0.52585722890668085,0.11559189017126978,1.456439856021297,0.4970859376889647,0.63254125290552088,1.933334262606577,1.8577224453243688,0.84717003467655783,1.0943079314158173,0.29631144410961857,0.45163417867643701,0.52654213078610212,0.37642003772574972,1.4351809950399521,1.2569110928687581,0.57949268765746531,0.086403996742166492,0.44849574026354849,0.93616147880934431,0.26864863399184064,0.42888530582691753,0.059904072218853431,4.6979847012543487,2.49075905499866,1.9299283720458107,0.6401079170969004,0.13827189808416479,0.1124126957602731,0.27342291328015339,0.11319825442805899,0.06578730283590295,0.12922167979394017
1.103579512846153,1.4924072338839736,0.62586006089606983,0.53484283692881796,0.4875566715560431,0.56075555941898192,0.66371006720703118,0.56940219853249552,0.12516322069843672,1.6043245512774473,0.62082828006791813,0.80991051541836712,1.967241333486589,1.8173006891069441,0.89908116802066906,1.2225545959942314,0.36099338879070264,0.56677565763231252,0.68587732857061401,0.46456205002516821,1.6273880822884637,1.3523660751497044,0.6465265782843026,0.097348106719718511,0.50953387152853558,1.0832571723941322,0.30191352401960342,0.47431061568571636,0.064344815565065161,5.0487325697032945,2.6452434882056983,2.0739349438211838,0.85339067535458635,0.17573802165973587,0.13661229504662045,0.33627578553973575,0.13472791223678335,0.078063516619869322,0.15544467823459257
1.4579663975971855,1.7402273871707363,0.83169723128636919,0.70882154214647319,0.65303701370452849,0.72860123802461929,0.88644776102567902,0.61131752736449652,0.13438284010346238,1.6927422323666101,0.82742934488789732,1.0871085469374733,2.1227811531248677,1.9669640607334473,1.0836145870230636,1.3156617098646195,0.41259952969440594,0.70090627203597,0.91843633397281599,0.56812745655874419,1.7632062210911386,1.4663897771169099,0.71092495835407976,0.10632671606354321,0.55749415109444223,1.2396607867560983,0.33617926835963524,0.53640503520076288,0.075028540077748451,5.367952783714486,2.8554949068976674,2.2126612235444427,1.0811389968624519,0.21996201779645905,0.16307876478521943,0.42237305729206165,0.16797609005949893,0.097774526420570829,0.19698320087335242
1.6419413961216318,1.4002963580569801,1.1062711913919439,0.91817603574799178,0.25341065325606515,0.28688283643764584,0.50812017985021474,0.4767164928798675,0.10410548837558627,0.72347433651628201,0.81060743399916413,0.30647071042976937,1.9897320103492724,1.7989888496987847,1.1357934516720352,1.0794061701446458,0.29960158368935058,0.61037369808345543,0.62313785339430894,0.32225367225025409,0.47425100457762026,0.3100661915741641,0.15335754734250634,0.025663205112599979,0.13579666771374488,0.35382789454059344,0.13044226988424765,0.22584735665007069,0.035762911041839866,3.0578587507623975,2.0597369584867531,1.7018105837158826,0.73021459392726162,0.1387723577269187,0.11014582914461103,0.34020137059435979,0.14509843875294134,0.086532057067433138,0.18503004226754907
1.1747879935765173,0.7161967929941343,0.63394662803570756,0.44584072206184439,0.26462877185715467,0.29410614158301601,0.55984702074969173,0.48233492213466211,0.10544269552876269,0.8917051616003201,0.81962747509593614,0.32039914974473144,1.1763675736476502,0.98253900429960173,0.62386136940772874,0.69464419114526255,0.23767517317548362,0.54655980256594727,0.79579721263094272,0.4034483838239098,0.50908944161330805,0.34508754309936895,0.17020324581462667,0.028021305922348062,0.14786468259655386,0.35947132693220352,0.13077413710812949,0.2161437711719463,0.033378493795407714,2.9084811149788843,1.8891524500344294,1.6643782980636712,0.8821077966744002,0.17250964012363806,0.12717677933167551,0.36673588990042288,0.13040761279561705,0.076194251207859512,0.15117800474019591
1.3077887535772905,0.76246263148353333,0.65717648694216513,0.38925881558823566,0.3008660839464507,0.33247751247866009,0.51943662920584399,0.48888510757407899,0.10710047880581139,1.0646694920309023,0.89327550071714001,0.39693659841094237,1.3400578838127977,1.1796811026117893,0.69856146631088734,0.77458840236659154,0.25159918324835379,0.59071041208413211,0.894848053123531,0.47423650609870238,0.6657227080230862,0.44229878898425556,0.21773784323197662,0.03622349933545653,0.19076498643491194,0.4485469430753124,0.15568457689930701,0.25456980461896073,0.039071380489669336,2.7872610569824108,1.7965547406954985,1.5009052549527868,1.0032007209517166,0.20159592844539936,0.13536791305620482,0.3973557827297669,0.14154234855728687,0.081466081761442502,0.15489058498084649
1.0107653404497863,0.59698675578167781,0.82251466629387915,0.46881651428446885,0.26860600306103499,0.29731809781861301,0.41797896230950676,0.45767564416210832,0.10034410425072871,1.229610128035594,0.94538560845667652,0.4280699671453353,1.3962945070980699,1.449359924740669,0.81870941976716693,0.96246964945241653,0.31405861831618148,0.75118519510327841,0.88813123891795598,0.52571773503737218,0.77044106981359151,0.44166659856475832,0.21912554589694114,0.038903582443949654,0.20450364493543152,0.46394185482191119,0.15576742439858909,0.2476753423665137,0.037009822287680419,2.8087543403868991,1.8547609957986719,1.6136824446765563,1.2926520473654639,0.2328958224256289,0.1518710620847416,0.44876048261656848,0.16231026573074789,0.094058381193960289,0.17603954126988933
0.90860973789940636,0.58712336370264073,0.8361490409216501,0.51140571654686418,0.28730904390686229,0.31374646179487775,0.44733342646839924,0.46773394036434091,0.10245006649879014,1.5154029762404579,0.82864106720089037,0.4599748981039245,1.4282515668642857,1.4514332561833214,0.84563722994978929,1.1525374249680287,0.38854071510688981,0.88573047395161342,0.90596873673732892,0.59709484964203441,0.82221244986350739,0.51360481369388755,0.25304181429917227,0.043316466697311339,0.22670779994471113,0.4932795076160349,0.16277153137232503,0.25442690941605389,0.037191282366633563,3.0352079009047674,1.9936652068767098,1.7458405052733492,1.4358214086166372,0.26146836759994818,0.16784868379069479,0.46194077489718532,0.16739129810739689,0.097068337004997701,0.18380593228302983
0.84125520104010543,0.67621710596168949,0.93190690213629201,0.55521130760724791,0.32651663654310698,0.36154705237385559,0.51394547334374219,0.49734571391736104,0.10908064922832944,1.3296227348045813,0.9606833716178641,0.4959768927488194,1.3509698997123254,1.229525835807282,0.81732400884993439,1.1866246005120007,0.40612734968084496,0.93596223452664873,0.88792928112936631,0.55930196638425411,0.93575448868583888,0.52772388886711452,0.26009538929619519,0.046613961365221952,0.24346079472512078,0.54489906997976378,0.17936784499675365,0.27878868982281152,0.039710039209972854,3.2593879899141789,2.0750725174814484,1.8769862284755867,1.5392859441004625,0.25494951907248481,0.17048481600759985,0.49163469545446775,0.17334714632127643,0.10116941640102958,0.19462183549940856
1.1014387268189092,0.89841826313806039,1.135673536761995,0.72751139069762161,0.43030370412326935,0.47730289832270406,0.68067105604504963,0.5504838872052864,0.12085126762008561,1.5557165195948075,1.2455558988796078,0.6519768119256264,1.4520015850589818,1.4968823850276129,0.96044894320319818,1.3000096524379683,0.44047920769916249,1.011809880666513,1.159126664577292,0.66795736153572027,1.2376053722089169,0.69377086197109317,0.34171118657993443,0.061417105708652116,0.32075240586774484,0.71935829115425931,0.22614511123345313,0.35441212472370975,0.050742800391272873,3.5313389511969793,2.2453329100331789,2.0360177034349749,1.6693431877765024,0.29531949135433899,0.19218186866916076,0.5723522954029413,0.20292662992173074,0.11890905121228144,0.23379770865451027
1.493783716730356,1.2187473529000168,1.5062746824006605,0.97009305855208405,0.58016874760126025,0.64291672476737871,0.91628677352209731,0.60084765094115511,0.13190341970101019,1.6925668384022703,1.4737774092640177,0.87718876384835676,1.5707975085619796,1.6190421653820186,1.0723030743800499,1.404223607308575,0.47658189028642017,1.0949246657866061,1.3226625574613653,0.73773182581971919,1.5790296983391252,0.93557240685104537,0.46076261882678038,0.08080907211229546,0.42264198570124933,0.95541698591315583,0.28319321782314172,0.44918395721466758,0.065018492206592754,3.8246729135563688,2.432802413160466,2.2092977189665186,1.8129708786278673,0.3244684658007892,0.21003410327238728,0.63718619735526305,0.22716649497504079,0.13442552599152824,0.27266810272261832
1.2229905095344322,0.92966191914432661,1.6250149013984183,1.2911075016650306,0.63010325818847424,0.65550226823679814,0.83420609626058084,0.58617359204873476,0.12858298820467484,1.8376215727308916,1.5307190987865054,1.1274722823074461,1.7003881565079451,1.7544825646325519,1.161579153786827,1.5187827025851419,0.51512616602203731,1.1844195951025021,1.4256346467470706,0.79885877067660416,1.7179425927843572,1.2494229388097471,0.61436463827212229,0.097812038236658183,0.5134529686698418,1.0916312315766623,0.29554581641144406,0.44583239479755998,0.062439278553147057,4.1331463037201157,2.6232136171262552,2.386141122751706,1.9660180872503306,0.3513675532666844,0.22719026799346895,0.68145314472649676,0.24403789469675971,0.14475622614163947,0.30292702408419692
0.36303786314803943,0.37370295157934608,0.90157945558709052,0.69939879026460428,0.44705211915525084,0.46226599125352386,0.71915505714208072,0.54151911908219108,0.1184673755414658,1.9676066626748212,1.4682783978893519,0.78643123750922761,1.7224132256966824,1.802664628933506,1.1656134749106115,1.5466054402742304,0.52697167520211308,1.2146537472868391,1.4482235752945278,0.83357292663591298,1.8329069757097727,1.3336791189063979,0.6456917445375262,0.10342576448409478,0.53216046230710157,0.83021464802192935,0.22867642744269948,0.28636166504847393,0.033089719348549068,3.8128878158213517,2.5248329661487019,2.3431909180354031,2.0058818167122801,0.3642310553233144,0.23022445110098888,0.68055259195595064,0.24001021192770833,0.13713373477239416,0.2339782077638714
0.40199068969832125,0.4384091134180354,0.32857119536449908,0.21930252803768138,0.4666438920612776,0.47246191031861479,0.62983784408399701,0.52333535653582297,0.11440659003697115,2.1046043292364112,0.8274440291993872,0.8324401234884975,1.6111505696258508,1.6491123345562995,0.68290937275810426,1.362781887697381,0.45453826288310362,0.99792728169045386,1.3858215964697151,0.81944640810726654,1.9396303035698479,1.3799103130007357,0.6737571677869727,0.10877734101593482,0.56414505473244425,0.92216211628324096,0.24072729902941442,0.30528513798432727,0.035598659118412826,3.8063714229128451,2.4196585339319716,2.2094080559496176,1.6341609205401593,0.3375191167028303,0.21485567175055567,0.50849953472313869,0.1557381637495979,0.082078877178338436,0.11374787339434769
0.52752268483670262,0.58037996296529848,0.43215340217579323,0.28331291557557947,0.60700589810626226,0.61651512731540437,0.81490976799548409,0.57149012451684023,0.12516388712028981,2.2177278203988235,1.072464076379561,1.0858788178611605,1.6799000930529742,1.7569099422441103,0.80651373563471274,1.4231239096812651,0.47226575510723701,1.0455508743006792,1.4648569749182938,0.86430359397891321,2.011944558448878,1.4600581551481893,0.7128149259165415,0.11397717273398127,0.59443370648628857,1.1063845941527353,0.28372103078292382,0.37222647842486151,0.044418646064895241,4.1118137708731606,2.6113025597072705,2.3289969805228878,1.6934178752531621,0.354679088182346,0.22611940478239728,0.58871103022696769,0.18360999253875504,0.098348768739248638,0.14108036407946375
0.71081792501623009,0.78342031175634497,0.57886558241927888,0.37822915538440666,0.7405209489277319,0.77364137459729543,1.0624509954417702,0.61422350885973453,0.13473379871937213,2.3954783396286148,1.4056915834883177,1.2133105418724606,1.7700586310929303,1.8923308760508326,0.96759975039392065,1.5397307378445917,0.51032680738500769,1.1292788083234724,1.561274806274048,0.92973744401746417,2.1285814717318434,1.5652683058606451,0.76419128692834526,0.12139030952431007,0.63369934789576765,1.284901954906178,0.32663191512506273,0.44779708323425554,0.055244054420952496,4.4097871256553045,2.8113586619787911,2.5011096697373736,1.8211881462534825,0.38164560964180588,0.24310998086520674,0.67266084285895045,0.21592699108268409,0.11770873876448754,0.17659737889539848
0.89998930508773989,1.0566336182538323,0.77636348262931543,0.50641198126440834,0.80422989617722329,0.84883217097766794,1.1843296047953473,0.6331938679360033,0.13894720789613232,2.5699754071619552,1.5220352517279063,1.3179772358403083,1.9116378746066887,2.0480973863027399,1.1557248300580567,1.6662594148117331,0.55233622113836067,1.22272053083335,1.6786035202792493,0.99990016775658896,2.2941609753345547,1.6902539144954929,0.82559211762151641,0.13099411198096886,0.68414870207607592,1.3963897322167909,0.35560270170849251,0.51378793205823947,0.065187262179639424,4.7583645752516182,3.0332064643447114,2.6879016464852716,1.9642275911726523,0.41098047376582786,0.26157175879910838,0.72590403622724797,0.24439852114772975,0.13593922351057125,0.21564110473902851
0.48372106371946688,0.65554658172467228,1.0027959442994629,0.63679570118250672,0.84932650660664966,0.89314458472876412,1.2640700544615706,0.64183614511256826,0.14090602388230317,2.7217377682623267,1.6531200584753512,1.4217757791002825,2.0243617852136913,2.1681380684301992,1.2639247425645168,1.7692207224679342,0.58864262261450295,1.3108008639187796,1.8029609383501899,1.0679012119652189,2.4618957753099022,1.8330910263383127,0.89281047430914751,0.14106657188169486,0.73498839945639527,1.4545207973412118,0.36248346701223094,0.48006392069217929,0.051715406144566323,4.7004846644755069,3.0696638479403795,2.7537981582796527,2.106393153259019,0.43905879900354222,0.27436934247497929,0.77219987356206754,0.26482239945249336,0.14958214955176163,0.24737914845357856
0.14436252788144094,0.18803040291027356,0.22162998126955663,0.24481136071763279,0.30374708804263373,0.29051944903501309,0.41117539580669121,0.42061097342598169,0.091228974483245101,2.6873021269085604,0.55588464248660507,0.52802133055660938,0.96161919999023637,0.77318309616536973,0.4106109450499143,0.95006057281196554,0.37365353949382119,0.86794810685397994,1.5572802880980356,0.99575134582035185,1.236338968111663,0.87421791327712617,0.419339382677893,0.068446729588551969,0.35375474938473772,0.52200515778111889,0.14439368031328265,0.16504821880172318,0.016716200828479338,3.9796646499895703,2.4243877674255891,2.4145758441506215,1.9594793547191325,0.40618699014473286,0.2478226265120273,0.41627580566502526,0.11427865982160758,0.060977306703341318,0.10643450441395824
0.17333375682121052,0.19909418009290114,0.28802256390018294,0.27906557349659411,0.29220786261555659,0.28504161823318602,0.45719122230808157,0.43349074166612489,0.0939997850631486,2.7771089169829506,0.68704460970017456,0.48574155208181324,0.77010935660986479,0.68849321669893093,0.39923829051667026,0.88394610117358718,0.35673245898904343,0.85637298114431937,1.6110327458110809,1.0300632914438403,1.401300986861906,0.92698673670460285,0.44121644391781506,0.074568954001528312,0.3798581799991087,0.50656519270606615,0.1443520533477273,0.17231634325431233,0.018458653307310235,3.968258932252883,2.3808860326328221,2.407490879354274,1.9806021940964258,0.41843641906998341,0.2516227212475719,0.47494192219972536,0.12238968477296835,0.06697741276369884,0.1180948694456318
0.23048365278686739,0.26365775255237778,0.38399496631702151,0.36664100511925857,0.38192667168179567,0.37321387160864933,0.60507693662802775,0.48879559881325013,0.10628196694258522,2.9625425157093952,0.90912448265409462,0.63725684908812918,1.0012511296391611,0.89001095509671246,0.51838068694235995,1.1369652013840474,0.41112087529732649,0.94420519689677163,1.728186202884282,1.1013887256861452,1.6262728351227531,1.2307506144683493,0.58506876163957333,0.09268236013341398,0.47442440426124127,0.65595770674777476,0.18139046329477149,0.22054616385605022,0.023963050072592317,4.2846233915511958,2.5656335480409913,2.5943293281184783,2.1098981931888026,0.44721181994323833,0.26994438568498502,0.57190020031738298,0.15344821317131785,0.084592402878230208,0.15081475239060194
0.3096033099113697,0.35418092185731032,0.51440542606305384,0.48900878583591556,0.51103694957858081,0.50012780737642382,0.81245605867028459,0.54458040891000925,0.11873706014767015,3.2152975241808246,1.2181660292787939,0.85372787839908293,1.1863719503708103,1.1046587820994671,0.6530255114428335,1.245425289549249,0.43918527822431885,1.0101353042619838,1.8754676422249563,1.1952267558537781,1.7643355237806881,1.367216934797129,0.66676469144615869,0.10316471775770644,0.53560139603598156,0.82809542818566617,0.22388579570412229,0.28004493368668415,0.031050561780775473,3.8394758497817354,2.4019897999149631,2.4355430094578119,2.2734758038700456,0.48412586428045645,0.27313231051381848,0.66516736147097799,0.18630325443625456,0.10384809084954336,0.18946598093561545
0.41343221489030996,0.4789025650819404,0.51034211382748895,0.5966587492459049,0.66249949258720453,0.65224242369931817,1.0067701825847757,0.58751922988173533,0.12844809590461215,3.4908642838831256,1.1966982472886307,1.0868391188701663,1.3700106443297235,1.3832575151055797,0.73048895735421326,1.2622169315599436,0.44105800657480132,0.96343632704087101,1.9289497816625767,1.2511130993181603,1.9501117503305205,1.4982932990446329,0.73070717197999591,0.11356437600545104,0.59224766697408582,1.0210779216275727,0.26933431998314805,0.34973354929790074,0.039699825550994432,4.1251897257182302,2.5458530612894248,2.5184550375329526,2.3860137321719534,0.49476525066137172,0.27972179454400631,0.63259135051859583,0.19046942617927456,0.10636887334402105,0.20479836846674981
0.47556460516543941,0.5190349117926959,0.66043600973026639,0.76106961764003334,0.63199222308979763,0.61452035601877186,0.96462147488294159,0.57998520025866906,0.12639293575830338,3.1496615684887934,1.0164486154064631,1.1213062686937416,1.4696044040725358,1.4872943003641768,0.80169876048727573,1.2249367446236432,0.41584158862269743,0.7144727219544369,1.5753034683983531,1.0702385214966059,1.8988907639956187,1.4448737668365406,0.70535523658582511,0.11011564883353013,0.57478541436568176,1.0084902401248081,0.26435263375174989,0.35755521616220187,0.042258582508715913,4.1451683935390014,2.5611344060459551,2.4566217393475225,2.1025047264462904,0.41606186023187347,0.24979206830120745,0.53626966690583366,0.18074700802652013,0.10391535536915029,0.21084109871102144
0.57278271826222882,0.5962432604941762,0.87332016575946547,1.0079157770254576,0.74960654461215848,0.7483351174289834,1.1476598806214717,0.61342237915486397,0.13405295582590607,2.5444226588216039,1.2692258020770673,1.2189970470247447,1.5891435140350869,1.5780268808500115,0.9327241098429484,1.2574574320268255,0.41801080056732914,0.74406239191617285,1.5061501433463895,0.9448712817685242,1.810459383843996,1.4717617007464028,0.71826955778109247,0.10837268568418043,0.5673525599835747,1.0797237963268347,0.28818135839823877,0.39892548096098196,0.048307422309173072,4.4210725920248723,2.6660281475554228,2.4673819832072494,1.9750608384564092,0.37734566706649153,0.23692235253888347,0.57861172692173501,0.20149117314009299,0.11731148684555943,0.24402217475196339
0.67825900395877647,0.70399700149005784,0.95769339141426157,1.3101573263831356,0.78656367977796016,0.81903120997730905,1.2311563874623908,0.63032926009433288,0.13805107289856888,2.5945332088676563,1.4539977140537244,1.2689129543121,1.7082778356499364,1.6830777637508627,1.0803118903948286,1.3273090038177238,0.43775883108488733,0.87903963156964748,1.5511377064288911,0.96337197935854824,1.7916312546672279,1.503529005134149,0.73147514597006846,0.10867167615136766,0.56899959634428665,1.1355442670482805,0.30650780300010821,0.43830573952992702,0.054290944605418084,4.6764101480015423,2.8044867283455885,2.5536692557541616,1.8809019126694704,0.37963683016720268,0.24244987856309819,0.64070039976280901,0.22704134387958821,0.13211098330973578,0.27896711231632365
0.55977363005816405,0.55085919591840793,0.68887632210564809,1.358984193699833,0.73505288304678029,0.73452702868099751,1.1833126731106505,0.61881347287538846,0.1353696995438205,2.1299292084349646,1.4168624688554816,1.1890209244565579,1.8512028818869917,1.8065492723129464,1.1614474845985452,1.4026717606753849,0.45994743330105692,0.88407592175059357,1.4603692943420754,0.85532474896967403,1.3571448991257749,1.2381451352886601,0.60933886492011025,0.086020295812558115,0.45529268550110419,0.96285862414481527,0.27070993692866485,0.37659757525964893,0.04598040578697022,4.8974789126517013,2.9318394499999156,2.6565556581197405,1.8603205193174797,0.34977103310458457,0.23389151478901499,0.62104306482362182,0.22611290890403127,0.12866327659544127,0.2704548673382981
0.65257154860712252,0.67096190734594607,0.60089926209018574,1.3771179515207268,0.7596571756567474,0.78588643073457898,1.2046694674728287,0.62746178570971611,0.13736521936674387,2.0422079779865872,1.4381718817688984,1.2212558825019317,1.9887526775837558,1.9494549016245801,1.230012558851838,1.4990186588159662,0.48895708031267177,0.97763140960207762,1.4755130522637085,0.84342875976339649,0.88379416796977317,0.84549899225316905,0.42715615631397719,0.057929212635580214,0.31185773490635937,0.8181035078896246,0.25078218782206141,0.37116735422809277,0.047493583183036314,5.1381296516541619,3.0936182921384892,2.7771166705629975,1.919618124847283,0.35129145725535021,0.23952134778421991,0.64654698992377602,0.23563894003795308,0.13197774580184837,0.27099136392588552
0.59270280475263615,0.62523054882983964,0.55211304904556824,0.95649610412516772,0.51754384180338253,0.55890096947191126,1.1960058094168058,0.60465460870627186,0.13233953022892175,2.1730906781270423,1.4690892048938098,0.65452835040279966,2.1194336171451797,2.100398451871174,1.2768146321755836,1.6128950749541113,0.52597094236566999,1.0455731586391059,1.5639396494879456,0.89796941160773736,0.65560193180182658,0.56274506000823354,0.28385972543482779,0.040950447333096253,0.21936366190993378,0.56194270893061016,0.1919688110334366,0.29478238018665204,0.038952126148944673,5.4194927811028037,3.2829256231709847,2.956722758829037,2.0700267178597729,0.37563725989347629,0.25616288407954929,0.69085965328600607,0.24725693020452805,0.13584233410779728,0.25908235989081685
0.68014071633900808,0.67349825481378034,0.48560034508739042,0.67050662565577346,0.36913133629106254,0.39545204778981619,0.74224757863972346,0.53262649417742269,0.11662645471887494,2.303948531881379,1.1993963071725144,0.53171461534200481,2.2444236068438741,2.2709595415498773,1.3057084816548636,1.7402148650311811,0.56552005392570903,1.1098594587129738,1.5896569689992641,0.94149188573200704,0.6355045422238853,0.59707922746461772,0.29278404174840578,0.040728950201591278,0.21415461117362083,0.46895775070755891,0.16340981912640901,0.26033213081954187,0.036321329013955371,5.8179996618444996,3.5392969715115528,3.1782721576954969,2.2385214724023141,0.39719052980784642,0.27263655066669801,0.67443077738693069,0.2423775077166764,0.13025900967273996,0.23832314981110544
0.72655261623946388,0.83292389671313272,0.51473512937915666,0.66604235296001069,0.48109316345741904,0.51640999801329202,0.95696487249409157,0.57881945435673787,0.12690868761355598,2.4899011906123696,1.4250141203134792,0.69433241111443911,2.4030632265541021,2.4452986642223546,1.37059097789335,1.8806170480800257,0.61312490675226239,1.1981932747836073,1.7050909589533907,1.0156018299228748,0.81319522776972597,0.76492210479336631,0.37538916649330017,0.052163577821685778,0.2745952975609891,0.60488977580302683,0.20236211269453253,0.31847577506633812,0.043226845002416893,5.8912959578535444,3.7997626061518788,3.4161359800037006,2.441469860949951,0.42979019875654129,0.29429266584158376,0.74831806706194437,0.26330254328097452,0.14048100674953673,0.25057431420393877
0.92416283429899848,1.1098321082846825,0.6835999365324078,0.8707627228296716,0.63181819283446572,0.67701317810079631,1.1483889884536487,0.61592050964453549,0.13513747932869447,2.7208315297554813,1.5297485982913603,0.92306980343619005,2.5808985341469817,2.6256396664226695,1.4647462007489169,2.0190797475550668,0.65783122758620782,1.2878094324196463,1.8453130371695936,1.1036534532195199,1.092302905218687,1.0236333965182196,0.50212032293448017,0.069940064691671217,0.36808121483502526,0.80882650666250244,0.25464727547322286,0.40272989433594852,0.054689877292665369,5.933924614411163,4.0749204414847613,3.6332204088284574,2.637884401156771,0.46608241002642814,0.31678134981912071,0.80492800170508494,0.28608981179795162,0.15680251567548556,0.29156084153298473
1.242253361176503,1.50422788065619,0.91440163699651378,1.1670792524519125,0.75597228551480899,0.80764916076791327,1.2465082023115324,0.63318862843783397,0.13897639525824845,2.9476397357967414,1.6568489817874679,1.1709230019233703,2.7824012855505345,2.8309207685768945,1.5835579029287998,2.1800584592412693,0.70989802790733214,1.39061641276145,1.9961297400476945,1.1938942277701283,1.4552404375422539,1.3069338696964365,0.64239613780080651,0.091532347055663987,0.4821347868967033,1.0601124578284473,0.30789266024786099,0.49462894719684819,0.068401495210746455,5.9815592219936216,4.3727282315488036,3.8802125304626371,2.8433203720291043,0.50365455092899925,0.34077594678925444,0.86836181064719575,0.31186358064743075,0.17489815316001275,0.33913215753247039
1.663554407658973,1.740831662276471,1.2203006032428645,1.3698974976611709,0.83080959078571381,0.88430680503149728,1.3686657149697239,0.64574976808995721,0.1417874809275729,3.1827058588085038,1.8003041695617232,1.2895040489090843,2.9854928485272065,3.0466893033810836,1.7103586265559299,2.3450894268749711,0.76168162826073482,1.4952197977754387,2.1616246511311656,1.2895646023982756,1.6726956703923419,1.4326167334352402,0.70434012184194039,0.1029830827160594,0.54152005543708637,1.2150156249244062,0.33756036534356482,0.54805566333609135,0.07842973994522684,6.0273122271354485,4.6691546543535161,4.1245464441006607,3.063436445473966,0.54362510041373913,0.3656505589058146,0.9361668423579711,0.33890622692199623,0.19374224630714468,0.38650821734944868
1.3490746684486095,1.6599425171699327,1.5819259544591615,1.4915258311300843,0.89982403124049226,0.95612481547233064,1.4832478899962271,0.65603030546301921,0.14406796620974721,3.4317558581618202,1.9447558363690789,1.4018787759069713,3.1902064833353796,3.27204919856614,1.8371637115134825,2.5229161259995023,0.81719253591984908,1.6043691493654937,2.3297713945497098,1.3894551452090658,1.8266948465863249,1.5586741696249449,0.7661442754857537,0.11225584908523108,0.58997544942226521,1.3082065289065099,0.35460620173939988,0.57046439721724862,0.078141450199904983,6.1328486075098887,4.9095941969450534,4.4005977224090973,3.3064956908441285,0.58588397580949381,0.39251195721699633,1.0071079097005737,0.36446602145294538,0.21127290754220268,0.42975727764847194
1.5101656581235419,1.7527636152316752,1.6986236329905755,1.6202369481360059,0.97131233867991995,1.0310233918654668,1.602518607265915,0.66575317151909874,0.14625176041690313,3.7202522188824316,2.0959702036132333,1.512572602405498,3.4637959342895948,3.5606077159215253,1.9954489239733662,2.7327032866859771,0.881254275312783,1.729262009277218,2.5182576074025613,1.5025333357394581,1.9735804720710117,1.6876747270388399,0.82912103395893266,0.12137319724194184,0.63782137000957784,1.4107640492974485,0.37343685484689937,0.60049553343068152,0.08323440889671975,6.1527583634946934,4.9730300759085164,4.6095507866050456,3.5692313177847281,0.63304673114039955,0.41893600420463634,1.0800057561179743,0.39236904971384823,0.22742023914383938,0.46304284019542685
1.9740771569281867,1.8871028923345341,1.8330957972208519,1.7458835446711354,1.0490562086082302,1.1130434330266341,1.7289415472002247,0.67510367993519915,0.1483561835125137,3.9956328554562814,2.2567493013463866,1.6353969787072593,3.7143354969456532,3.8169511797555682,2.1388229645052292,2.9257653751775621,0.94210539958302453,1.8511264895561821,2.7086304449745993,1.6137193751718701,2.1376648035961421,1.8256552862253446,0.8968808516201906,0.13138407821333195,0.69035299489501356,1.5257580868612017,0.393728856668142,0.63497441814875755,0.091267110852141536,6.1966660134479383,5.0136689624642541,4.7766382408489267,3.8250876120004649,0.67955565403426266,0.44338744509839845,1.1518273627064146,0.41921400443703016,0.24314904819476532,0.49579685216630576
2.141557539738455,2.0514240014307057,1.9774382983321468,1.8773315844456382,1.1328311400961359,1.2012863032967747,1.8631036490196393,0.68396629681163013,0.15035247215059097,4.288665076620247,2.4279573141671396,1.769245346801229,3.9404495017620094,4.0639037257808406,2.2814939532842091,3.1191537157052642,0.99874433258534268,1.9646213925861837,2.9068923662958204,1.7306426666129473,2.3152761074826418,1.9723836937743453,0.96918248255521722,0.14215011321099558,0.74685814057442079,1.6500823909442481,0.41449647560166408,0.67084389161085911,0.096832244712037621,6.2239192189952686,5.0213346692822798,4.7857234779966102,4.0863152861908594,0.72808474612758323,0.46203466060694193,1.2176025915041246,0.44461566468646907,0.2581869510891886,0.52772195008569966
1.9163687079593663,2.0628234123529352,2.0123899482013656,1.8391151608275313,1.1260887681080911,1.1944221513070306,1.7004647158867352,0.67933980016076734,0.14938883495788716,4.4816604544579812,2.1250749614835853,1.8778450937080589,4.1380326479195348,4.0904662036330182,2.2894589784726738,2.8661890399551821,0.8910220462621391,1.666053946319862,2.6273801863680415,1.6861023658944811,2.5108667807265692,2.1310439839362241,1.046594164215499,0.15385561934530156,0.80788172502438738,1.768054041756788,0.42907823981074283,0.68930199948691162,0.09723497695324787,6.28334062987292,5.0463657826826509,4.4730380890913679,3.9924044621368924,0.68905589018389646,0.43271410498510904,1.0982390648640574,0.41468092450508803,0.24223039564121523,0.49565396384202559
2.0491770807918095,2.2088945221013558,2.0328254889638417,1.6017003794451719,1.2056435276944464,1.2774879981653153,1.8036304794821558,0.68647511479236489,0.15099346222352591,4.7767069001364471,2.220544456887799,2.019480286288998,3.5951517483621904,3.4303883339384988,2.0379047348194983,2.5923849999796467,0.82199177873595264,1.6026347380700965,2.7502766388398898,1.7801898459422105,2.709635524627156,2.2979099143599915,1.1284566836509993,0.16596735677802749,0.87140492942724634,1.9053044115563034,0.44919768513540603,0.72316063067781056,0.10234460506138315,6.0401454704589881,4.4906949777809819,4.0398180871039013,4.1278429800977339,0.72307211083891043,0.42495834810494093,1.1044378072581711,0.4022823048401476,0.23511339951419008,0.47438522164415975
2.2140519584474836,2.3903986430712796,2.0415421437755135,1.6811891744181806,1.2182958750927582,1.2958028812798288,1.6977395187132598,0.68476865514321228,0.15066434826451516,4.9086700176049067,2.2243384571388285,2.1629757897795741,3.692386579500857,3.5689946277081357,2.0863474329940819,2.7361562335062151,0.86682806797551903,1.6883191764458896,2.8730272577408003,1.8521257504862614,2.9270072198827295,2.4756446602961057,1.2157764187917843,0.17906239799041543,0.94000578176484839,2.0493317214967242,0.46662515572105412,0.75517421868972323,0.10750896079133308,6.2660991450160362,4.7624150924917696,4.2111712710629536,4.3460798988646836,0.7565009338610803,0.44407792742032592,1.1322088422562586,0.4118828443403928,0.24064245002514689,0.48890066743424049
2.3974438642375118,2.5851299975335458,2.0887257149163907,1.7489433818947264,1.305992213213734,1.3884116750173932,1.7857994150212109,0.69151004226743396,0.15218344471321782,4.9450026132275591,2.3547394133838164,2.3250289419702179,3.5449600144996407,3.5467957901878244,2.0792582512231732,2.8136082874354562,0.9045560647580636,1.7766504838100103,3.0755115593974525,1.9251046035608657,3.1499598590447624,2.664204802129412,1.3079464281185982,0.19267059043901794,1.0113740242106752,2.2040407408202887,0.48700695269748084,0.79168374923243523,0.11332154634366513,6.3160176917914521,4.9384662431214181,4.444576589253356,4.3735135239399909,0.78424272989753518,0.46447119692133804,1.1909700694415473,0.42607099747053967,0.24880969050436241,0.50618661320625047
2.6138004009720341,2.7915403026742522,2.2479672862501894,1.8620731164808138,1.4021603563494573,1.4886792501337829,1.9188051532345995,0.6991381938640604,0.15389448815027854,4.9804140912584627,2.5260583082575958,2.4960497761342313,3.381713255956992,3.5769462050064189,2.0869649039249571,2.8901307415176025,0.93929336249231776,1.8730874924621637,3.2851601940412314,1.9880907970485522,3.3912715636615394,2.8637414010815707,1.4056835573657036,0.20725420616628182,1.0876685760033602,2.3677671685571715,0.50772864062970602,0.82892720820083454,0.11943196342803132,6.3582061842229436,5.0142556044206543,4.6570888481635109,4.4014069537960872,0.80947555994880804,0.48304452391932612,1.2562031929507251,0.44272726264567086,0.2591196827167237,0.52981217876729958
2.8009246011466931,2.8216800170086893,2.4093959827884848,2.0137041743246811,1.4849819755524365,1.5729006733196311,2.0621708498386977,0.70565859567184597,0.15536010545185422,5.016970316434926,2.7099535262680861,2.6455611041812368,3.6048304032965817,3.8421943561011709,2.2355707877004218,3.1050868484162839,1.0072315391103217,2.0072345757473093,3.4979010188264219,2.0384305319425882,3.5984050830518206,3.0709844399745649,1.5055440196651795,0.22083552172774595,1.1573413069583023,2.4691175411246036,0.52066269618525307,0.8498588307575623,0.1232574891092354,6.5325703675216724,5.1201431056022608,4.8872496321153722,4.4486539645635004,0.83199458700290208,0.50151673500089655,1.3249821962174786,0.46950818691226104,0.27498194801097142,0.56320252111178115
1.768911358234865,2.1443229739912466,2.5272185673540255,2.1091546394944594,1.389335926176348,1.4770208942761145,2.0752918438385213,0.70362260123565079,0.15487793233283342,4.9027788603127851,2.7779927174185461,2.3786190203118323,3.6162790783746042,3.8127297754792933,2.2603867191716898,3.040466669882163,0.98618481713643613,2.0061729342784203,3.4207666643111114,1.989561126411072,3.4252994816792275,2.8538066400473943,1.3941725652122743,0.20749979236544902,1.0848690358965711,2.2634448939141047,0.4967697631933326,0.79157130466107184,0.10721956409443766,5.7522304725947748,4.6180219021255304,4.330177615686674,4.18178100204325,0.80788660577765292,0.46724058712974365,1.2894851763007298,0.46336424058701603,0.27239926738558079,0.56095315206766105
2.0048170294270378,2.19323246558944,2.6926678739724759,2.2644370567117815,1.3716563955858707,1.4521505967440336,2.1458689312239536,0.7039238291220854,0.15491873984885118,4.6527549652491169,2.901313797042389,2.2915890452197134,3.7800060328439637,3.9882465659500625,2.381512590452961,3.2163216260722289,1.0391712008103016,2.1151258705829377,3.4655353978318941,1.9505478777843939,2.8968754703035473,2.4839272710412286,1.220242348595908,0.178328301921932,0.93526087648893141,2.0352387674710259,0.47231946570776417,0.75998167727231702,0.10631232503984987,5.7273093933964185,4.6478485327150683,4.3748648474831473,4.1461036031098706,0.80023939701079738,0.46754385534396753,1.3178344867804002,0.47857143363156923,0.28186634024481749,0.58385436706969618
2.159402752481983,2.3664467990354443,2.8839095287819183,2.4306837162141148,1.4708301991433919,1.5570194553091827,2.2987424240147445,0.71096777924974053,0.15650154306958552,4.9660386108030252,3.1029582717349937,2.4526440624095986,3.9519485829388779,4.1779188293454164,2.513178413406294,3.4117501538762802,1.1007146283448315,2.2453687221665608,3.6901192866460817,2.0640975615588806,3.0894771559706391,2.6614186793299126,1.3073276661190087,0.19057879991661256,0.99957213335953743,2.1772632856829879,0.49195086981589509,0.79522854482384908,0.1118349145838161,6.1068647615826217,4.8965343759125588,4.5944379122688082,4.4107439740857952,0.84859023834786007,0.49359864041735796,1.3980616019465528,0.50700953001909321,0.29879681127922902,0.6202090657804098
2.3327372907754991,2.5573723798535917,3.0846771526942054,2.6073637871700956,1.5786825418497685,1.6698513470025325,2.4622736589030878,0.71767903134152478,0.15800905070405591,5.0348456739128356,3.3147508883167642,2.6313951168281684,4.1301552581760443,4.4593626006369025,2.656527868620838,3.6336686936618667,1.1679430282472385,2.380180539841787,3.8690077604827997,2.111107284899552,3.3200317142123614,2.8585539238759132,1.4040751527114195,0.2047462606927733,1.0738463597120766,2.3387036015075187,0.51272052623717468,0.83254799176172856,0.11773892753169139,6.4057008782452032,5.0783022976780225,4.8013656249660768,4.4656961269008555,0.86972753308083584,0.51078184993077602,1.465765931631041,0.53315597524473157,0.31450088480832156,0.6547778019643139
2.552182231879395,2.7669060521974771,3.2926690541178276,2.7970447182453575,1.6933447632627139,1.7891277101234433,2.6341679926929027,0.72398357150567472,0.15942500353448974,5.0858879382578266,3.5332321695930458,2.8242509970530723,4.2246582730255655,4.5855617373197415,2.7658039618505028,3.7899093485052213,1.2121092066160799,2.5004326894556557,3.8982282404413255,2.1298238017909239,3.5584394691162609,3.0710474288536149,1.5085073069903723,0.21968749014463426,1.1522321928707135,2.5088351731536842,0.53330878750706057,0.87004628626194802,0.12400977838865659,6.4759906245482055,5.1446316433129624,4.8878649346319998,4.5093700244516288,0.88238983890792988,0.51934486474313413,1.519019568650561,0.55371991537115395,0.32711940346524709,0.68420664178488899
1.1105242513523714,2.0320791836514065,3.4852736773675721,2.9862719795043047,1.6917325151771232,1.7626771533315784,2.6658680938842676,0.72315315100211441,0.15917049752819115,5.120651753654057,3.6945025575212509,2.8661410690636346,4.3022552433105705,4.7354185547996988,2.8697491694230814,3.826543066586428,1.2225486636240741,2.5870792049386475,3.9227173738583057,2.1442591456674656,3.6339876115981742,3.1450651064401209,1.5429081226844723,0.22447834526653687,1.1758600294148021,2.4820683851461141,0.52522237154791007,0.82374857432650672,0.098360737898023604,6.5797484608278145,5.2708434484402895,4.9711077326124284,4.5467552810185961,0.88875137369431445,0.52577254298006459,1.5600941996685742,0.57095093598823021,0.33779218690132151,0.71009255902580948
0.17232258783975757,0.1799201594990405,2.1236517523904257,2.3005509710691836,0.28083452207251558,0.27269746188534272,0.62530123352783817,0.46109676054001225,0.098888501281329047,2.6248309789319118,1.7248044473631381,0.51446103824571943,4.3113005197483485,4.2074512169070566,2.3172799959244466,2.6388321839114046,0.79433723486603924,1.4645290979656322,1.8171060524137361,1.0676972966227967,1.1397724665491789,0.96277305735041641,0.44065080356082093,0.067017517111819511,0.33326572065027416,0.42750093693940361,0.12787727044415997,0.15698962810609141,0.017402703563729704,6.6025952996171036,4.8252357953349145,3.895402396866567,2.5278318520358125,0.44951831179748308,0.3170008435172959,0.85199241498399736,0.34629979014766321,0.20541413912577822,0.44468179966962229
0.18457712308941499,0.20638318357289057,2.2692270648500856,2.4525725920995329,0.29529738646620135,0.29934251294147779,0.70296633393853669,0.4890603671394283,0.10548307189075079,2.157693368918074,1.7253870564263099,0.46482590301726884,4.3352005494132024,4.3512637789708819,2.388228963263999,2.7250606891831333,0.81910309562389572,1.5097941224700464,1.6937795773826083,0.93335748128596518,0.68636143152256457,0.51233520016721712,0.2521192913183789,0.039569873376211644,0.20574000349490454,0.38492209043349973,0.12606545406696154,0.16409332819802683,0.018395109715735655,6.6131103073955924,4.8845622288818786,3.9232530846380254,2.2793167045531648,0.40177089526183057,0.2958713492431807,0.82695276864666656,0.34143958624353099,0.20333045761450863,0.44416359813671108
0.24377532353238837,0.27366823882865587,2.4358330691371197,2.633250399241482,0.38889938953286451,0.3953950137479626,0.9300212420883508,0.54274212701344682,0.1175460468629447,2.2904014631753045,1.8549109818994542,0.61033890965712079,4.3637451737620641,4.606328669228148,2.4896270932459119,2.9075491397349049,0.87552674880258785,1.6181939211208436,1.8114724890031373,0.99471640456535715,0.89265324405620039,0.66986986918830316,0.32958338617939503,0.051592045554140653,0.26836183214211057,0.50585241825572647,0.16082335141994539,0.21185496557035177,0.023939955662292019,6.6652479913333114,5.2177927598857483,4.1495616368147079,2.433139392850582,0.42873757671008855,0.31486265646210448,0.88409483681240519,0.36306542123305519,0.21629217952539914,0.47228057092205744
0.32679696406299713,0.36662628300725375,2.5893248949431968,2.7134754825248564,0.51038585586517871,0.51983303320874186,1.132708225627131,0.58665391308303538,0.12754689968915267,2.2080316249841752,1.8746294492877267,0.80828008078322411,3.6176036492037782,3.9239344644123504,2.1806785581774664,2.3953290508500613,0.71449558119345846,1.410407527496865,1.6978018528107006,0.9234878874585114,1.1982517916890687,0.88588008446667443,0.43654419852362653,0.068805909598883233,0.35797047634754919,0.67518414500976998,0.20505836609889752,0.27401121373042464,0.031341336825385389,6.1835105859188317,4.3151288063778361,3.2579232647848433,1.8256253610091029,0.37808053156682409,0.267294828772075,0.79610995824472897,0.32581811468581728,0.19552292590003406,0.43387816287161701
0.36668637476087212,0.38723492906949913,2.4899218322538559,2.6011466404340862,0.42628809217893954,0.44098704977611453,0.74480001283208097,0.54267971302017259,0.11856050260290604,2.2116194057538543,1.1870952818824181,0.79242802942976853,2.6667164135047301,3.1317697395969257,1.7440928456135991,2.1208059691596719,0.66166443292196653,1.3185472228268762,1.4674346627817041,0.88514130282701398,1.4833090041810422,1.1155059006844315,0.54524024643477287,0.085525050887459708,0.44220052598243714,0.75510342844166312,0.21824111479807068,0.29254082109868246,0.034047108146232651,5.677484556884016,3.8529787553411552,3.2208949081163798,1.8692177063066486,0.36910186262632955,0.26238357428618692,0.67908277316188514,0.2741869764897451,0.1654287032847917,0.37206566613584247
0.39755745764778855,0.27276250869372826,2.5799311013645245,2.730610941605772,0.46526447397788756,0.45462894882613153,0.78806651929452021,0.54383441683172329,0.11890844544076248,2.3811839274262443,1.3890035855359042,0.91908293950386466,2.722796675741912,3.2633666103209915,1.8122960693686267,2.2492200319360318,0.70323985083979978,1.4044970187487453,1.5683792529456575,0.95103442536613736,1.4754720762939799,1.3132783922587745,0.62783319356177192,0.091049763042581333,0.46737755684455923,0.68462649777293638,0.19917047631121496,0.2542599511663674,0.031575051561581274,5.6833590359564683,3.9314096692516984,3.3746073142637814,2.0226883909187245,0.39728448773914038,0.27970279686088123,0.74568815831065161,0.29686082459260693,0.17885834206816889,0.40138889484104801
0.52133826213204137,0.35795762352847776,2.5370893444200169,1.9823650112748992,0.61566039165025233,0.6019237267644989,1.0374043949248677,0.59234008925706483,0.1297590943972359,2.5790585542332609,1.511712042373367,1.1750876107319812,2.8954650498355869,3.4785813305093161,1.8665366556375831,2.3859827677115755,0.74074123169701489,1.4727238871396229,1.6871232054805214,1.023483490258956,1.6652530361518008,1.4142590868334834,0.68989758014081481,0.10167262033479868,0.52864892657091045,0.8518168500278841,0.24154765485612609,0.31598367121708421,0.039819842360898146,6.0272570087008184,4.1669857421760241,3.5603634845083132,2.1468174412911893,0.42565360767101945,0.29800214021852678,0.79788166361352575,0.31308104890196037,0.18716966450205896,0.40441251087870916
0.69834108922940263,0.48085230466908402,2.7212108355478026,2.1191490723630215,0.75401889863229765,0.75754425812848403,1.1871998253853506,0.62420178253710545,0.13691717283865767,2.8099206867648063,1.6269527664621568,1.2748937805205818,3.072009304408692,3.6929320142120585,1.9888915563460372,2.5602193057873421,0.79122842168245311,1.5678815223683737,1.8195726661572951,1.1098871587188515,1.8145525742792645,1.5350871006312279,0.74874344445871299,0.11060368188029226,0.57790944734099037,1.0176908196033805,0.28218990877865846,0.38389430877099345,0.049606679560619163,6.5091561251254992,4.4707731791639187,3.8451159098089969,2.3371154007835693,0.46175259868606344,0.32271900985848045,0.86072784454646223,0.33666267704702363,0.20125178446457573,0.43471812418291489
0.94044606777409123,0.64560554252131241,2.9143148962600107,2.2778451830981346,0.81714849311896254,0.8498792948733821,1.2882703602535737,0.63872565356703026,0.14015715368861006,3.0538048472869139,1.7594698818477852,1.3819899557772672,3.3620194291866095,4.0352854780478395,2.1598626192467649,2.7679494495005605,0.85343042960877757,1.6877046381013987,1.9717579799178702,1.2037732185267112,1.9619342269611098,1.660672636917538,0.80992371211492042,0.11961189855538985,0.62497929902957428,1.1970377383156499,0.32155508247449377,0.4558668654015629,0.060680828557813801,6.6903317557394306,4.8610233567879995,4.133478435025653,2.5341224943279501,0.5004588511021707,0.34869006347994363,0.92961994827754202,0.36406765714767148,0.21755375929474496,0.46961427874913364
1.1757717289715341,0.83225233099832974,2.996042247647841,2.3865663281780476,0.85515985218534118,0.88560560622634754,1.3561188099759764,0.6444420725708182,0.14139357845085812,3.2951426793334275,1.8611472459360958,1.4569661948113601,3.6230070012069056,4.3266497111489617,2.3068338892680154,2.9720927133853681,0.91350890672851059,1.7994973168176813,2.1153173075705487,1.2963148638326984,2.1004451997670235,1.7495094248899734,0.85402868152370426,0.12715813171752308,0.66429810094384145,1.3336331522467997,0.34614733674808584,0.50848051494602742,0.069348990768834343,6.9368011171240251,5.3289070921302839,4.4438949417034852,2.7387326308262576,0.53933820179319669,0.37543283253970933,0.99321651981243242,0.38862315140676107,0.2319034485695379,0.49769839495840118
1.1048160252775341,0.92847851110942603,2.2862420804176686,1.8151600423904337,0.86714858713790377,0.89224333202648154,1.2985286309690942,0.64074031797051101,0.14058184094921797,3.055461480731823,1.7332185121779913,1.5218645315748929,2.9502571522558498,3.5414723085803912,1.8972109361261604,2.575296496925056,0.80872230073340368,1.62599055354957,2.0533390438159653,1.2305754794907804,2.2605740246755133,1.8526313795190519,0.90525722952587662,0.13588577422008055,0.70966694127285335,1.4316493385857907,0.35875833438865046,0.52368528172103257,0.06985355484855281,5.9889527076073676,4.4481228580709091,3.8239886544084385,2.5624149327487236,0.51118124088221772,0.34300979462496844,0.91040349267150467,0.34481024957622014,0.20427885016594016,0.42300401195217946
1.4609744066116159,1.215428110844357,2.4561428661241043,1.9072066403530403,0.9343055530640979,0.96211131134586092,1.3984769799534855,0.65116015552723971,0.14292679525524668,3.2051473259823009,1.8677909209329049,1.6332023355690251,3.009190699200226,3.5578540069859375,1.9544616619301287,2.6306428980842895,0.82590902924039578,1.6878707610046431,2.1952319907942921,1.2992646150037881,2.4176899852894818,1.9836261342811514,0.96992742293101175,0.14545846537323967,0.75983882691541993,1.5358634147734849,0.38145827433729834,0.58079725579716379,0.080374307018559146,5.9405671388673573,4.3761991922847647,3.7686772731653635,2.6017967130455055,0.53482962151259039,0.35048789242719508,0.95162165262915654,0.35927442593854131,0.21318812696059011,0.44225306330368674
1.948920340535522,1.6222947244859904,2.638080106069836,2.0532957056909789,1.008810820007805,1.03886876529711,1.5099391013491468,0.66136107329808558,0.1452222654609196,3.4568914400140671,2.0154578598801089,1.7622866261290482,3.2258291299522766,3.8010499567688329,2.0961237010740761,2.8193712976660468,0.88400213233641034,1.8072693676489304,2.3641133611616518,1.4001376940947894,2.6081549800745192,2.1397627515298803,1.0462984180572306,0.15691513774809585,0.81969080871130995,1.6577249741019819,0.40166646111624549,0.63243433038569741,0.090652519246970237,6.2735170925987207,4.6182060134514771,4.0117008778066987,2.797924161362634,0.57581309642341894,0.37558462068665738,1.0220774599250881,0.38573969191059621,0.22890527160702187,0.47516691458295396
2.1277538438288999,1.7601088112966989,2.8279088499528209,2.2065846707710595,1.0885862553545096,1.1210119756116184,1.6282913115373134,0.67102027074529502,0.14739725410741991,3.7267427183129942,2.1705647604541332,1.9000682252735659,3.454205737880828,4.0286099051660367,2.2417001245752557,2.9897025090737364,0.93438702936003437,1.9195413813701787,2.5435737597035755,1.5073256142067086,2.8114473207952875,2.3057126150115952,1.1274718657098219,0.16911965012825761,0.88345555693054034,1.7878181487140259,0.42217852942526363,0.6678235757368115,0.096240118667737198,6.7433654037850115,4.9047617963828865,4.2206524493039446,3.0018628697125691,0.61889498686564359,0.4001220152673256,1.0926985227524493,0.4124872550118282,0.24481910206821283,0.50876360669001497
2.3110662677711886,1.9100209992381527,3.0279302194993458,2.3807795360007225,1.1745876215790756,1.209385262667575,1.7584623970882964,0.68031591214289588,0.1494907865292856,4.0187651822781252,2.3392586171516814,2.0491563188981869,3.7211171520840693,4.3408142270731025,2.4101646556282814,3.1918089354059154,0.99664791800976016,2.0485679417383134,2.7359415825026936,1.62273035241396,3.0335131987324804,2.4856456553586757,1.2153855994548246,0.18239603522584022,0.95274328868031233,1.9284742967275657,0.44321423122613163,0.70440985603133599,0.10198327683318595,6.8912474961918671,5.2966422792428549,4.4898045444872023,3.2201727113178409,0.66523388614465029,0.42819708321384425,1.1716157262594071,0.4426200420761297,0.26268752578587823,0.54636151949314304
2.5046262378026403,2.0687925906592817,3.2344630232220068,2.557148769088835,1.2655433545235355,1.3028859646832913,1.8939793047720439,0.68898308419337839,0.15144415976333336,4.3187838592994705,2.5158595155653605,2.2067128899581276,3.9877173537178936,4.6373815830870733,2.5793882606562919,3.4101303019746578,1.0634443529175177,2.1845445953599794,2.9294560468578732,1.7395812958013217,3.2688395412006646,2.6755829725205102,1.3081897430423284,0.19643998641584764,1.0260378462169168,2.0774635288558945,0.46428224588147221,0.74132646340103658,0.10781509411418974,6.8928516586599944,5.3392261641594478,4.7156680691907411,3.4727293987107481,0.71394275418696496,0.4553666683452921,1.2509293212460237,0.47293580024036003,0.28068553616105241,0.58440092574093705
2.7032720259469354,2.2359560879017981,3.4473270216862697,2.739199941084431,1.3616632719470358,1.4017355563962539,2.0367668333425866,0.69711643710972282,0.15327805461136496,4.6316785873791959,2.7009920208392377,2.3719059619803167,4.257672651686625,4.7755659144308682,2.74229828412094,3.6335245052173217,1.1302250204735955,2.3169602822988726,3.1404993614450167,1.8640569034639747,3.5143088864804097,2.8737125886612471,1.405056514090302,0.21109462184959524,1.1025569123622299,2.2338784938127283,0.48522833168408641,0.77831223085598877,0.11366881928679737,7.0553629622220342,5.4336017517039874,4.9439514162386562,3.6527808114421214,0.76080368907183082,0.48189262455902027,1.3305201419972494,0.50303793994825308,0.29860112045323972,0.62258539034373184
2.895451333830843,2.3495821813464541,3.6659085567478225,2.9320621905633146,1.4618947415416801,1.5048337173744204,2.1872841211432097,0.70472321886567579,0.15499399492004057,4.9543221012195886,2.8961822580816472,2.5430899692834865,4.3782155458942391,4.8185954238735942,2.8551415152678032,3.8373792835851841,1.1918159598620692,2.4435331146293091,3.3511958261262293,1.9908284598656529,3.7497572434486757,3.081728748986055,1.5061475142508276,0.22571731090310423,1.178720250756907,2.3809996653486354,0.50414210214280109,0.81074153177236086,0.11889998584987177,7.1175897881850023,5.5003273755953686,5.0793956035409913,3.9157731569122869,0.81282835560318234,0.5061825857633957,1.4081613627356016,0.53009305362035741,0.31482618744293106,0.65813457833408451
3.1045752076800626,2.5267004332494025,3.8879367164168919,3.1307637559920782,1.568175562481658,1.6138432265060436,2.3435922421793141,0.71178755899333734,0.156584645450001,5.09673549694622,3.0987311171169369,2.72372706531731,4.4095038036913916,4.8512404572537138,2.9375613925350628,3.865160071398285,1.2301206198131669,2.5586535096777476,3.5750003892252584,2.078782484333173,4.0164373843694001,3.29745847997494,1.6116408191709293,0.24165695924390315,1.261967770857982,2.551937940093481,0.52449736319144113,0.84612543745486646,0.12448821722758524,7.0709108605385804,5.5061280241471939,5.0968162472071281,4.1963797263927436,0.85406859267314938,0.52097202516466856,1.4717030552055381,0.55185149093316543,0.32807384383672544,0.68856609713982397
3.3441016912187758,2.7232833364630675,4.1117431318709547,3.3354899517419883,1.6797606847537536,1.7284642458581425,2.5077299919166673,0.71845945230637043,0.15809053090764771,5.1335329788868105,3.3089426118450929,2.9125761222888209,4.4410118835745722,4.8835754165489549,3.0169057816648186,3.8934657931099861,1.2391186562901777,2.6338767774469898,3.8059914207837582,2.1297858858079808,4.2923896864324318,3.5209852494094882,1.7209607127652196,0.25816226766827999,1.3481947475777849,2.7300923729133135,0.54471636978995919,0.88285352522598326,0.13047708435102048,7.2165337306786297,5.5662214176460241,5.1454674406830954,4.4831559287741802,0.88276073978067904,0.5326509650190242,1.528936934657509,0.57177499569174917,0.34028284892114874,0.7172912906001202
3.6073466284366136,2.9410011773040332,4.3353695635247753,3.5452155563359429,1.7959196060449139,1.8477618576629296,2.6779487362694363,0.72467533978719789,0.15949388647805415,5.1721983776815339,3.5259952920494837,3.1083278030225738,4.4691900259780759,4.9123879138837054,3.0712264647423022,3.9214967932518894,1.248150601537118,2.6532315249855247,3.9268110063022124,2.1610620964737643,4.5791551934907853,3.7513348782764164,1.8336805460094645,0.27525206413697267,1.4374762269238024,2.9152906765628126,0.56454586290142772,0.91952641651981848,0.13655086122315385,7.1681636138763585,5.5565778677577304,5.1599400358903473,4.5366045391473984,0.89440301967805957,0.53712430773050368,1.5718727778450006,0.58662381587321155,0.34959966332492415,0.74082021963390243
3.8862940905265169,3.168963964254556,4.4335064154842048,3.7544504311273861,1.9139009024180158,1.9695703284988066,2.8391678790964678,0.73023288644003204,0.16074997442379377,5.2106362093051555,3.74658049039135,3.3083261745466679,4.505416748276839,4.9545391780591901,3.0954768925694554,3.9509072820138833,1.2574719787091109,2.6729663137407473,3.9558812107898835,2.1770933523020823,4.8492030360539928,3.950324518519817,1.9343030829890948,0.29097084417299113,1.5201867097179911,3.0958189935082596,0.58293847693788481,0.95419606777240684,0.14240487400081461,7.188157585432414,5.594065021465382,5.1930638165955338,4.5706001414452233,0.90105321898392388,0.54086896599650158,1.6078326255644888,0.59796286054202419,0.35655638063017453,0.75988788502213755
4.1776843032320503,3.4078154749531295,4.4656486195140115,3.8800675443102604,2.0253904962812643,2.0880398802492466,2.9999233837588326,0.73527672711907022,0.16189059980360396,5.2463985731802394,3.9555085069272296,3.4951171604030815,4.5361391490490446,4.9871813683502122,3.1157566830920387,3.9766092259807708,1.2656350156411473,2.6903757574749814,3.9800452986234087,2.1907544125048934,4.884974830332089,3.9782908543468443,1.953337257733885,0.29356519461941455,1.5384730987872937,3.2102070263323346,0.59579508322332875,0.98083099541317265,0.14722161455758059,7.2487240680640044,5.6351439626178674,5.230566510186069,4.5929279178608944,0.90636078188786839,0.54438281021124291,1.6370196152292307,0.60720569302934779,0.36209291474259669,0.7734138119949211
4.4806823567227969,3.6570040658405811,4.4986748991887575,3.9085908064831689,2.1497513068859826,2.2158426180303663,3.1796264091614854,0.74021368962198031,0.16300501987573962,5.2840269784114451,4.1423318483218656,3.525251099235656,4.5701685786908683,5.0197278211203828,3.1386068325479113,4.0051347094552421,1.2747776828586663,2.709951682816309,4.009146188765019,2.2066247263703378,4.9204115423219932,4.0073668144039587,1.967621807054456,0.29570942415518869,1.5510238958064737,3.2913675224072998,0.60598787126023868,1.0033715646905397,0.15148396076108384,7.4354717798875036,5.7272199510705821,5.2957025472445292,4.6245220519259496,0.91285443150578016,0.54959250374098911,1.666269069432373,0.61641132649783448,0.3676321015190932,0.78778374090765313
4.7868593687497425,3.9210638938474336,4.5319621243298895,3.9375396294659275,2.1975525728084806,2.2917842551374914,3.3074198514522828,0.74368199127106616,0.16379440445669466,5.3231363536224432,4.1730458498797587,3.551509001975798,4.6061517604202935,5.0641177966156077,3.1631113109809283,4.0356061239001182,1.28440862102479,2.7302568798053084,4.0389476387558139,2.2229838393433217,4.9572045478432374,4.0372206386006093,1.9822715426491497,0.29791605816991129,1.5625927164263125,3.367189789983867,0.61491037932364312,1.02384860283169,0.15541744291854298,7.5284860201174171,5.7921444684519772,5.3430970320674662,4.6594692710616377,0.91965533865969384,0.55406096027791574,1.6793278666692686,0.62123061196787688,0.37066008965949521,0.79726609229448586
5.1150554563714756,4.1932588369239108,4.5654962685494347,3.9641172463629291,2.2137510163231102,2.3250538765325768,3.3317810120668327,0.74547170086420833,0.16419631954804331,5.3635329477014393,4.2039158676914612,3.5775584986239157,4.6380825923289422,5.1035183537356996,3.185215575371072,4.0643031786753072,1.293507456078612,2.7500008135948004,4.0689167582384433,2.2396754784941098,4.9937596785102381,4.0670148228004681,1.996820611832677,0.30010680309659971,1.5740655715657415,3.4403306400633378,0.62260627470297292,1.0421553500000273,0.15906840136578851,7.584078973534182,5.8388512813813707,5.3766733333838914,4.6948104516261919,0.92656830143230962,0.55791477862544281,1.691281431834037,0.62563210596983843,0.37333616020059623,0.80581186834402652
5.4250473633034977,4.4164002993502312,4.5992757884061497,3.9920528037681726,2.2301122740284725,2.3421680036397148,3.3565046403860936,0.74642906361476491,0.16441018187806267,5.4018255717761301,4.2350336273611715,3.6040471662653877,4.669193875771219,5.1361343432323627,3.207293699164933,4.0935849642608817,1.3028995934359311,2.7701682270942869,4.0977073888202078,2.2556286083452517,5.0311112596583785,4.0972722476141721,2.0116740412551,0.30234560124040311,1.5857773221341338,3.4807046343672172,0.62733635054828463,1.054552614159264,0.16178670883949869,7.6108185875546965,5.8655021239698852,5.4062797865193639,4.7292730163102412,0.93324629046581997,0.56150541242183472,1.7028300966110947,0.62993141248696616,0.37591051544159182,0.81390800546348674
5.7562694205456939,4.6629834145924338,4.6333024197261778,4.0215854629314469,2.2452787213977006,2.358064538330801,3.3807791537965084,0.7473620337894854,0.16461867759352078,5.441627206020792,4.2659205968164722,3.6294910984677666,4.7036156196593195,5.1753870928665071,3.2310813713867055,4.1242382555242232,1.3123286207478679,2.7900313199994864,4.1279921635018066,2.2722783623862401,5.0677268886391973,4.1269234106463326,2.0261419746349896,0.30453423856865935,1.5972434229781551,3.505929674051437,0.62997675858941082,1.0636189084601788,0.164038848937759,7.655303848390246,5.907295552126004,5.4431410638182909,4.7645372046198249,0.9401547918790949,0.56551275241418342,1.7150984252783608,0.63451219774836709,0.37864623409500381,0.8201181894780093
5.993943932363476,4.9017940757486693,4.6675937283984039,4.0513734118142573,2.2617402276729548,2.3754101604720517,3.4058454827625568,0.74831881337131212,0.16483239983744419,5.4818966495858188,4.2974874798530376,3.6560612448526717,4.7332478367600759,5.1945044455183957,3.2516374778372779,4.1519117203896441,1.3215456142733542,2.8101778373182871,4.1585545904559353,2.289096870616671,5.1038157115680951,4.1572150625602156,2.0410339151225267,0.30673585124527775,1.6088066785550184,3.530978912043917,0.63233446538873095,1.0713705194579219,0.16579555921654002,7.6145223565706575,5.885289228132029,5.4585657109689469,4.7995808089815064,0.94710213700312429,0.5685168148538271,1.7256594546664676,0.63847573099466171,0.38103115352838812,0.82538998543488618
6.0380407773812061,4.9889659703549061,4.7021105551578577,4.0811976591111936,2.2784841034340655,2.3929909889415093,3.4310786426634716,0.74927604144804127,0.16504620433837011,5.5219908165431653,4.3289313607944786,3.6830731597498363,4.7706098159471617,5.2395488537478832,3.2769210256944827,4.1831934182043957,1.3314489998142256,2.8311016370153395,4.1893113173860108,2.305930005956959,5.1404098574390602,4.1876365906188893,2.0559835163412785,0.30895761948105266,1.62047400980788,3.5568165306345323,0.63474670812874201,1.0764241960273169,0.16662093468228836,7.6772620894459358,5.9476248743846929,5.5029161427008475,4.8347303398207782,0.95406436033914621,0.5728968603000808,1.7387104870842085,0.6433422311945749,0.38393151015781574,0.83164933249723383
6.0818553783235885,5.0259498901909314,4.7369042786621494,4.1114265719682015,2.295318389090744,2.4106775128793196,3.4564122120093508,0.75023184954199196,0.1652596888698781,5.5618287009228355,4.3609717370055332,3.7102934464372002,4.8067728671823904,5.2815881234775315,3.3017118850559251,4.2142843805307901,1.3413426156245218,2.8521061749443155,4.2194843837000322,2.3225225925524557,5.1789393532381807,4.2187537941616648,2.0712571759160316,0.31126364191838385,1.6325629647948328,3.5832435599401009,0.63718748600298658,1.0808937270298209,0.16736390654100217,7.752016115414107,6.0025887309663482,5.5477140683166057,4.8679697902651204,0.96087330049119435,0.57724913112631782,1.7517817447413964,0.64818603731158841,0.38681993667378495,0.83789399302766931
6.1274475093595244,5.0632743572319239,4.7719400057798254,4.1418614984540998,2.3123717971538302,2.4285742880235062,3.4820502784494094,0.751189272647941,0.16547352627227832,5.6047881009836811,4.3932295320955959,3.738032439323113,4.8441306453185948,5.3251353311083731,3.3270763564363692,4.2461461965617051,1.3514107872263723,2.8733584933087681,4.2508232719670982,2.3401225511277888,5.2182956109804453,4.2503903370081186,2.0867753613883568,0.31361315666358414,1.6448731836990351,3.6100852897547253,0.63964683315188697,1.0854020166998093,0.16811659102602797,7.8643872569454629,6.0738534813432077,5.6012261868755955,4.9042213972863262,0.96810522516369391,0.58214971549677696,1.7658731424297125,0.65332107153489571,0.38987523059889223,0.84446243688624656
6.1619260711724069,5.0999592987884776,4.8072696430773059,4.1706717616859175,2.3294964069058075,2.4465547740534439,3.5078606002982391,0.75214555832127139,0.16568709714349358,5.6454495646071461,4.4257636588926879,3.7657590003641466,4.8809188805507491,5.3671490426491566,3.3520579090477485,4.2779201949368932,1.3614621213137124,2.8946812646412918,4.280583925752298,2.3566474580459151,5.2571453946834144,4.2819834551970839,2.1022794685549018,0.31594566811308067,1.6571035471626103,3.6368611023460105,0.64209068156909144,1.0898549514820217,0.16883319016006901,7.9242178213886536,6.1205654573471495,5.6422248199514637,4.9361637439788622,0.97480350459065601,0.58628665243601208,1.7786226127135858,0.65809540333370686,0.39272601708592003,0.85061588627417151
6.2065931090808411,5.1367977455777316,4.8426733409828069,4.1993091008082786,2.3443975349049015,2.4621970750867268,3.5312410910348371,0.75304605690778148,0.16588840423511658,5.6844374577009402,4.4549318974616963,3.791951729631629,4.9152732476641248,5.4065506813459008,3.3758206508345716,4.309595657678031,1.3715192398791356,2.9158140323292372,4.3092474583218641,2.372994729373632,5.2924466424986845,4.3115942377162604,2.1168104292791408,0.31809770198667142,1.6684325076924078,3.662386000740145,0.64440702251678217,1.094119664521668,0.16954855232236224,7.991331659280716,6.1698900221491906,5.6858751434952906,4.9725213239469577,0.98171200845570228,0.59061677485545983,1.79133622614927,0.66278656668135272,0.39552983296223626,0.85669052868291495
6.2525908381189854,5.1748358767228968,4.8784960309116849,4.230386356007056,2.3617563502400531,2.480424968597307,3.5574314815136692,0.75400186322760665,0.16610185108164041,5.7251575973348938,4.4868713910561935,3.8200474646125349,4.9527488066656087,5.4491261762674297,3.4011035995363761,4.3394804984558446,1.380953695276266,2.9355469567360575,4.3361706363672328,2.3891995108813839,5.3316331135496435,4.3435222074367346,2.1324845532368708,0.32045301347356764,1.6807857932997254,3.6895012269477556,0.64685320135408575,1.0986143216004602,0.17029969473023859,8.0714579199288732,6.2241459386118114,5.7320998354761112,5.0094392847592539,0.98859897318091239,0.59506168543686655,1.8044599506343337,0.66767434649725632,0.39844711519156467,0.86301161137089688
6.2940832477497519,5.2131443030303544,4.9145948509311062,4.2617206621466188,2.3792366335784005,2.4987819556641493,3.5837676507131788,0.75495668546197203,0.16631507013320279,5.7675720451065349,4.5200807577621003,3.8483336043310965,4.9900572758935064,5.4910639988670944,3.4266124223100594,4.3717322461544885,1.3911935048628277,2.9572825902685245,4.3682483967257877,2.4068879086195003,5.3711266224098866,4.3756911856052714,2.1482771672869188,0.32282647061779218,1.6932340421786585,3.7167615616188998,0.64929707755702482,1.1031081375541056,0.17103878900316291,8.1505453956405578,6.2776444091821535,5.7784262742910855,5.0466768133282622,0.99592510102259413,0.5996528962499017,1.8181488197342037,0.67271956147015588,0.40145512352157586,0.86951172938396293
6.3406179680412835,5.2516966292420326,4.9509309626608804,4.2930960569234493,2.3968306025779014,2.5172622159690432,3.6102667953563974,0.75591088233094217,0.1665281432023894,5.8101446981117721,4.553496131870725,3.8767639234009397,5.0244311967506894,5.5235383788529973,3.4504716116912295,4.4023166774452855,1.4011239407144687,2.9787559068945098,4.4005401059708023,2.4246670111124167,5.4107273186308467,4.4079877573174473,2.164135722337333,0.32520805220797577,1.7057272424792678,3.7442113733704105,0.65174366721078025,1.1076085337448633,0.17179159785738699,8.1334576475472922,6.2890894782400695,5.8041315511746934,5.0836368496268332,1.0032664531140512,0.60327566636459862,1.8301274133105758,0.67723865193878119,0.40416418423879186,0.8754448262207053
6.387535431407577,5.2905630979213782,4.9875851685283692,4.3250164716849477,2.4145642218408274,2.5358868214155623,3.6369850822688705,0.75686502002321498,0.16674119488298,5.8527474017038488,4.5872136759990925,3.9054479096455061,5.0638977262883307,5.5716296728821098,3.4773407169316624,4.4365517496494959,1.4118388791216152,3.0011908535891214,4.4321289471445384,2.4422599072694844,5.4508039180018466,4.4406132286173641,2.180153188492421,0.32761597124052749,1.7183563498109755,3.7719245652354743,0.65419677498662954,1.1121223647205349,0.17254696243463641,8.2751198763786871,6.3700467904079439,5.8646155438665879,5.121288380872425,1.0106000708722815,0.60853875582949779,1.8451154794560496,0.68269208185288921,0.40740686838042478,0.88240529876098639
6.4346342094603699,5.3293647561284914,5.0244928893039065,4.3570414518040019,2.4324361124176637,2.554654538000618,3.6639106636000203,0.75781893958820479,0.16695418930125075,5.8963457193226301,4.6211713049830445,3.9343811251875564,5.1017826456651267,5.6143849391954479,3.503327758191956,4.4697173872752733,1.4223529120930216,3.0234759952965682,4.4648385759623457,2.4603805911579313,5.4902316456517477,4.4735267776319336,2.1963105883075995,0.33001316101830586,1.7309385259498387,3.7996856322735253,0.65664282398708962,1.116624050050093,0.17330079479786367,8.342838749194188,6.4218959320548858,5.9098250899230571,5.1595015784211276,1.0181073260348537,0.61313661014496423,1.8589426191942862,0.68780245959836672,0.4104549862200787,0.88899885754351049
6.4820306655574482,5.3687198498599162,5.0616437394357643,4.3891974746474922,2.4504011495249274,2.5735306637537434,3.6909470449403514,0.75877149088696227,0.16716687213349607,5.9393461554239364,4.6553074698196717,3.9633546565415316,5.1386782429200242,5.6541141280093745,3.5288109263228531,4.5022778631829183,1.4327754084942363,3.045718587177344,4.4977436242083977,2.4784211249393038,5.5304594101413151,4.5064099066106724,2.2124618218766412,0.33243545521237616,1.7436486269880731,3.8276583238284849,0.65909111203102577,1.1211349724829975,0.17405636958697351,8.3870113775544439,6.463084406089652,5.9498770005613499,5.1970403382548218,1.0255640201034326,0.61747535919996943,1.8723323839237718,0.69277415140108134,0.41342498312826054,0.89544779306592548
6.5300321531904704,5.4084649371185307,5.0990972281840161,4.421705413197567,2.4685456652327047,2.5925829116424088,3.7182840439682359,0.75972489651016084,0.16737973532256509,5.9835729515619489,4.6897713931044693,3.9927447440686383,5.1762827358777841,5.6945043895507412,3.5546776240054019,4.5354874638078249,1.4433639320480474,3.0682575641530327,4.5311050365280856,2.4968384010349283,5.5706057638473609,4.539865478420281,2.2288831732169263,0.33487414551746048,1.7564468633034174,3.8558708492143152,0.66154467231404401,1.1256582521162204,0.17481486968198329,8.4362054728186262,6.5046148797536185,5.9911249560264066,5.2359089265774159,1.0331946115217532,0.6219268349697944,1.8859788504231727,0.69783371960132823,0.41644615603629115,0.90200151166651377
6.5784740297410682,5.448513852415493,5.136831000404988,4.4544578363888885,2.4868144972941661,2.6117682887954832,3.7458059203122067,0.76067775377665292,0.16759246829344646,6.0280122855377449,4.7244826385216614,4.0223139427204906,5.2157436992028448,5.7398452550797892,3.5816154987566731,4.569637517002457,1.4541526684801145,3.0910770939569279,4.5646591604759932,2.5153551712496802,5.6118933618819522,4.5734954394025396,2.2453933091165839,0.3373554278022588,1.7694605659740332,3.8844263147673566,0.6640086121302321,1.1302007206659459,0.17557684187623337,8.527652368500851,6.5648383910319819,6.0416045126602551,5.274889099200009,1.0408627723750699,0.62682613766101614,1.9004705667313406,0.70316942465157639,0.4196257236772199,0.90886334446418071
6.627165495555837,5.4888352533882676,5.1748420178772463,4.4874301737073665,2.5052172915480773,2.6310947587013254,3.7735237971418254,0.76163021782810358,0.16780510560093004,6.0725815268243926,4.7594412906861558,4.0520922404696407,5.2545903985739164,5.7829764165758988,3.6082541642859876,4.6035611667547194,1.464931177753491,3.1139658990245529,4.5984242618070628,2.5339569646911189,5.6534649235360153,4.6073663424414688,2.2620213311937967,0.33985408498152547,1.7825655728103567,3.9131852468445252,0.66647439150216103,1.1347485610425287,0.1763398774888309,8.5967964257278222,6.6155717459631296,6.0875203792657047,5.3138625233305605,1.0485587448533731,0.6315195009566934,1.9146320328372912,0.70840538075872439,0.42274946616482556,0.91562427398818136
6.6749341512288547,5.5272271759451277,5.2131309709496945,4.5206434666810322,2.523755369109324,2.6505633661317298,3.8014540304861106,0.76258216169569459,0.16801761597200993,6.1175806118866891,4.7946602901813327,4.0820802329957067,5.2936147316826574,5.826001177509549,3.6350189531448995,4.6376513390337895,1.4757751135340196,3.1370105756194788,4.632456494720353,2.5527217862410492,5.6953039318514591,4.641461038516387,2.2787599573711348,0.34236908552908302,1.7957568132223314,3.9419062718754931,0.6689222581388552,1.1392464965094795,0.17709341943066564,8.6631673791102752,6.6650221548919548,6.1330290420293032,5.3532046801729702,1.0563225229182893,0.63621589046308091,1.9288412706887135,0.71366158331961382,0.42588577216264722,0.92241508897561686
6.7239889811588069,5.5681234178849577,5.2517023497037805,4.5540945250292593,2.5424328943590591,2.6701777920014536,3.829592651424969,0.76353406337558472,0.16823011104038707,6.1619749731033844,4.8301386993909681,4.112298115546051,5.332841897256575,5.8692119661637649,3.6619430156754289,4.67199668199284,1.4867000515667981,3.1602216636604705,4.6650761282500248,2.5709941013116078,5.7374614906605466,4.6758166070138616,2.295626625214009,0.34490327341774185,1.809048598593924,3.9710804919528364,0.67139209565806413,1.1438061966047228,0.17785842557586259,8.7279981320259186,6.7143820609227953,6.178461218242969,5.392762596310436,1.0639602402549495,0.64086564158061843,1.9429878322343741,0.71891212830269491,0.42901989394135837,0.92920760160250204
6.7658117541299179,5.6038429980579769,5.289895663700352,4.5857725422839417,2.5601508963576682,2.6884369864271394,3.8570035697341836,0.76446430675474653,0.16843783569509121,6.2068217539812389,4.8633035153283544,4.1425219863238167,5.3722363727119085,5.912512775765622,3.6886057558019356,4.706553927470206,1.4976978466335018,3.1833545312615246,4.695956567914136,2.5892179444318333,5.7771282174626837,4.7101857633145352,2.3124802234950317,0.34735750087562667,1.8219372638258347,3.9996552225580624,0.6737925926797329,1.1481802040249853,0.17858003474055195,8.7936303427351383,6.7643290058067436,6.224389178683623,5.4327601876067115,1.0715875788709044,0.64553406436908445,1.9568191322729469,0.72406055930998314,0.43209443755240939,0.93585504463887781
6.809181579027956,5.6443013569638225,5.3290331820514893,4.6196981646666337,2.5790912203993486,2.7083266530321435,3.8855422786627569,0.7654155080072117,0.16865015816348011,6.2527708005366245,4.8992832381194651,4.173170794780992,5.4118890394582415,5.9563795743457923,3.7158728853708203,4.741408213078965,1.5087843942059789,3.2069129715979603,4.7306948490565635,2.6083799726057597,5.8198567372647787,4.7450306969419769,2.3295877340195075,0.34992689834573332,1.8354142448169597,4.029243567054472,0.67626079225783642,1.1527008379006254,0.17932567106157826,8.8417692411198594,6.8124065625549921,6.2677749826374551,5.4729756901785684,1.0795182488237516,0.65018531191049644,1.9710742596805753,0.72936012093296143,0.43525857731472922,0.94271653437957359
6.8595542121433555,5.6860611679858373,5.3684596298455256,4.6538824864529165,2.5981721665261559,2.7283638056134549,3.914284287462297,0.76636635240718853,0.16886239305372014,6.2990289681078702,4.9355259398911508,4.2040478796026086,5.4520872332333328,6.0000148814319303,3.7433872758953783,4.7762637953194877,1.519871009047886,3.2304483332795382,4.7656875700129104,2.6276751537125724,5.8627425332585403,4.7801395741231687,2.3468245466967796,0.35251044487785516,1.8489670460656271,4.0590233236270263,0.6787348428613027,1.1572753332536636,0.18009515731353701,8.9178040429163126,6.8618771254157869,6.3153244601803076,5.5133818214020618,1.0874997527688071,0.65504945292309891,1.9857444939199476,0.73477959056364728,0.43849211431540075,0.94971661416536579
6.9102867149000904,5.7281260549610753,5.4081704044105656,4.6882881557704277,2.6173913692416604,2.7485470746962872,3.943236301893029,0.76731686280078204,0.16907454526759469,6.3455850871334984,4.9720296058825957,4.2351357051069654,5.492357761373265,6.044744127492244,3.7710786705930306,4.8117535440749624,1.5311515587353208,3.2543839381839645,4.8009361804083328,2.6471042417471167,5.9061113366742344,4.8154890650509552,2.3641798714201676,0.35511774557554704,1.862642811741122,4.0890465097264252,0.6812123554372953,1.1618579588635587,0.18086632224967628,8.990316965628411,6.9157755097997144,6.3636160793240757,5.55422999421054,1.0955453872693224,0.65996960244502989,2.0005677430364721,0.74024881488198202,0.44175505686033922,0.95677857722249116
6.9564957465990531,5.7691903663931203,5.4481901120991871,4.7225601917603495,2.6367593724085752,2.7688847290322731,3.972423903741185,0.76826728123477195,0.16928666832791858,6.3914793575661104,5.0088285819567115,4.266472532234598,5.5240364978049596,6.0849230925380287,3.7955109086712158,4.8440523819431753,1.5411550865381238,3.2764991745019949,4.8354280421977762,2.6661925425955944,5.9498062041308133,4.8511107415678216,2.3816688306334304,0.35774486760982088,1.876422517836781,4.1192989516808147,0.68369021760698823,1.1664034086140711,0.18162122119961921,9.0370128828822498,6.9573771510012072,6.40540133238511,5.5953088031476357,1.1035189982821298,0.66456040652582404,2.0147566964188206,0.74536978129609122,0.44482065538992532,0.96346621260491427
7.007024747450787,5.809225416629042,5.4884943487880795,4.7566847079493666,2.656263412033669,2.7893670782367868,4.0018060676982943,0.76921720521621539,0.16949867334653246,6.4272665671791351,5.0458398976077783,4.2980262812470569,5.5565002314936516,6.1211368573647906,3.8195445206045902,4.8729740890829349,1.5499916038619752,3.2964641629211648,4.8658856658745613,2.6814772736649619,5.9936158257958727,4.8869905482697886,2.3992837723499045,0.3603845553078559,1.8902701220958487,4.1496915443833826,0.6861675344206023,1.1709630491439407,0.18238814002147091,9.0680867441658179,6.9848088796156107,6.4301865055173755,5.6174457772384727,1.1094675432369847,0.66769677154795937,2.026296482245709,0.74980078523442051,0.44749404897027673,0.96940361755984894
7.0588029655905613,5.852182988446514,5.5291006242035889,4.7882318716839762,2.6743180524671173,2.8087391788047253,4.031171146244918,0.77015527930990046,0.16970806454860649,6.4694859535378368,5.0825607128952441,4.3261328735196107,5.5794402262437401,6.1492940598856212,3.8388635213415734,4.896371968497939,1.5573658770450298,3.3142670438755477,4.8978451630707882,2.6991842723508808,6.0319452080294624,4.9170287556516064,2.4141291139729781,0.36265530373065841,1.9022140315377851,4.1768246004846281,0.68844654262473814,1.1752425172839176,0.18311800897462727,9.0736996000352956,6.995593156764798,6.4430933811241395,5.6521527843947572,1.1166969189537348,0.67067431183045101,2.0373399467662408,0.75383363071195486,0.44994148706596199,0.97488808291968154
7.1101017719428654,5.8954971876004736,5.5700048053662723,4.8232970195173239,2.6941058240579396,2.8295214253751997,4.0610014453339049,0.77110481156870825,0.16991996578375484,6.5172506639265784,5.1201068716201599,4.3581371940133744,5.619479597963438,6.1940311319605819,3.8667789647157988,4.9323025444713133,1.5688231246248547,3.3387044357952944,4.9340592593325008,2.7191277981595561,6.0765348092388063,4.9533709269179163,2.4319743313793936,0.36533611529552729,1.9162762475152648,4.2077136290631216,0.69093216708391147,1.1798488340725912,0.18389265712722855,9.1264870936363867,7.0419318146091641,6.487705234349292,5.6938442281697164,1.1249387780551687,0.67548186274839994,2.0520709465747635,0.7592963315900747,0.45320507495248902,0.98197238061867387
7.1627383261702233,5.9391283837140456,5.6112182248120286,4.8589345151236678,2.7140466006305153,2.85046221566764,4.0910665070596677,0.77205420267239833,0.17013182694652332,6.5653773773035651,5.1580011245229036,4.3904072768119722,5.6610729947444707,6.2412433916577781,3.8954973704141733,4.9690117035366459,1.5799407295141046,3.3624458737617453,4.9702679107983929,2.7390559737715945,6.1215273620006529,4.9900574085854759,2.4499848985064343,0.36804140615454539,1.930465609204657,4.2388636231519712,0.69342163719322558,1.1844638609853211,0.18467124894417533,9.2026347138185915,7.0956513731159276,6.5359635244849335,5.7356556156309679,1.1331962163168272,0.68047074751099301,2.067198687656945,0.76490664429475419,0.45655393828245955,0.98922902768936671
7.2156402306009184,5.9830563361541333,5.6527218703332656,4.893399514030877,2.7341188238277399,2.8715455022840528,4.1213233535131879,0.77300284858370261,0.17034351337355716,6.6089841237112443,5.1952312678943162,4.4228586274239747,5.6864058922445881,6.2646474407783925,3.914823029988951,4.988050879417254,1.5859415259220409,3.3771672442109586,5.0019691973572682,2.7563383899766025,6.1667082732103653,5.02681043005148,2.4680420371371459,0.37075607189665005,1.9447070063935712,4.2701015341407622,0.69590407875191485,1.1890702274227458,0.1854484647447012,9.2376042974481596,7.1212394643962442,6.5568913628937882,5.7630927347413534,1.1397726614181358,0.68359968249192316,2.0782799169168813,0.76895199256881008,0.45900824872471419,0.99476393404831298
7.2690215409940935,6.027052993229832,5.694549909582709,4.9295674195238028,2.7543515430419143,2.8927938963990067,4.1518198908383948,0.77395157172449536,0.17055520951924905,6.6559437195307209,5.2336756129314042,4.4556094092732037,5.7227947371937402,6.3019612847426929,3.9404418843919768,5.0145470538861234,1.5937915678584167,3.3948476536193986,5.0389286825924513,2.7763098799038763,6.2124276199792829,5.0636915428226192,2.4861814747772248,0.37349374736914953,1.9590688240322587,4.3016690228861769,0.69839493768643612,1.1936899092697195,0.18622863527870728,9.2978611869518026,7.1638926616493714,6.6005448487043425,5.8056653223933381,1.1480904236239096,0.68838877462013237,2.0928541111936845,0.77424444662732328,0.46217807607298816,1.0016913722287162
7.322807659150647,6.0716462888494691,5.7366820006931016,4.9660393972102259,2.7747297290885049,2.9141963561000459,4.1825362537284789,0.77489996952335716,0.17076682506611229,6.7051856791025815,5.2723989426607814,4.4885741532249925,5.7649194429552644,6.3479978583822874,3.9694773096842386,5.051461625097267,1.60553931189064,3.4199110559912764,5.0762111548627589,2.7968507084104042,6.2583861298062979,5.1011519875338545,2.5045737788724995,0.37625678971836479,1.9735617296859285,4.3334936201364105,0.70088890261797832,1.1983199090927672,0.18701093955942322,9.3607365447946762,7.2147872656497629,6.6481598258444237,5.8486193559273527,1.1565848143168269,0.69342383288646237,2.1082320966326806,0.77993912543075083,0.4655783618650563,1.0090658428037718
7.3769944143206079,6.1165685585314584,5.7791250472030393,5.0027176998472234,2.7952548297384197,2.9357542381538071,4.2134750736520283,0.77584805863322004,0.17097836377473341,6.7547130108839326,5.3114010566265595,4.5217679126744939,5.8066420039721338,6.3928155285987396,3.9983666929723896,5.0884005677915392,1.6173288432002411,3.4451089085958406,5.113743243531621,2.8175192541120757,6.3046752093869234,5.1388740499733858,2.5230956624218104,0.37903952103538113,1.9881581008063003,4.3655462498828959,0.70338428544120357,1.202954594989889,0.18779429706111597,9.4253973376176816,7.2639583324393628,6.6959490127047294,5.8917102241554504,1.1651258677497864,0.69848246112966839,2.1236961172096209,0.78564795018683553,0.46898784399725796,1.0164637112236929
7.4315520198927292,6.1618118998130047,5.8218738960649272,5.0397226494384446,2.8159365406555259,2.9574749859859626,4.2446509122955449,0.77679596868888834,0.17118985399512091,6.8046758605323578,5.350694124831791,4.5552216360355349,5.8501846437102865,6.4417705364225579,4.0282676711633716,5.1264053128231959,1.6293696111674745,3.4706797948713142,5.1515924925012637,2.8383663903167609,6.3512915672329227,5.1768891940743851,2.5417600298520044,0.38184273640744648,2.0028619325279964,4.3978377130163224,0.705881594051186,1.2075950104950086,0.18857911149755421,9.5059456893714067,7.3235246479065985,6.7480106096854833,5.9354314553112708,1.1737535344819625,0.70377269989772029,2.1396312377823286,0.79153530164928243,0.47250024260553308,1.0240652695853638
7.4856563850539439,6.2073956045104888,5.8649476555371809,5.0769849242414971,2.836769399411184,2.9793551058109466,4.2760526428373709,0.7777435940063685,0.17140127283391485,6.8550162018177243,5.3902789605429113,4.5889217755419418,5.8935045719409507,6.4896289583249462,4.0580911793743537,5.1641132234156695,1.6409025845253304,3.495471723443043,5.1896986044852103,2.8593626135896812,6.39810044241404,5.2149924526169684,2.56048565075886,0.38465649447223704,2.0176243669463738,4.4303095019598357,0.70837759916662135,1.2122360732041211,0.18936271424725445,9.5756826227748242,7.376349008716053,6.7955697722166075,5.9782734666984592,1.1823832174513293,0.70884950528658441,2.1551902667079128,0.79732436427262465,0.47595776849772359,1.0315684189880061
7.5261320116233632,6.2517082793143812,5.9083393030065992,5.1145696443111222,2.8577644818249675,3.0014034478303868,4.3076993853865577,0.77869110652981366,0.17161265827150815,6.9053948335074438,5.4301618692396367,4.6228981328052861,5.9369463901743718,6.5374937662650501,4.0880188976629093,5.2001120557888392,1.6522261576128174,3.5204949558195127,5.2278505012010799,2.8802977713174078,6.4454878813577814,5.2536025639818131,2.5794426685244809,0.38750492756551502,2.0325645975013389,4.4631072236649878,0.71087992655765952,1.2168519617679285,0.19011317624382218,9.6449618263010386,7.4264980131057721,6.8425810488964203,6.0188948547176091,1.1908940201704272,0.7138626249069473,2.1706853925748613,0.80310436794361084,0.47941128458618265,1.0390711036175047
7.5817907713742843,6.2979595311655316,5.9520567587873154,5.1524226375753024,2.8789042828476958,3.0236068038314232,4.339569599015368,0.77963825415065036,0.17182395449470303,6.956438247608264,5.4703403396538199,4.6570840243480429,5.9806673847751801,6.5853294115608749,4.1181227879947055,5.2379377087120824,1.6639159887029797,3.5457904109042064,5.2665189917321777,2.9015950491427791,6.4931326897092081,5.2924442029591168,2.5985141277976318,0.39036966687799146,2.0475914496571024,4.4961113386712031,0.71338199379674638,1.2215078199008111,0.19090177217957546,9.715796506039565,7.4802812963271474,6.8927498549681561,6.0633282204147676,1.1996965339242975,0.71911974576597071,2.1866700640974881,0.80901898411544171,0.48294273985937974,1.0467292877919663
7.637838942839088,6.3445416147002227,5.9960873129688652,5.1905089577114465,2.9001972798083333,3.0459717648627529,4.3716573987325864,0.78058503145588121,0.17203516023504822,7.0079695873600354,5.5108005447881832,4.6915193201843346,6.0246324343929878,6.6334871764764403,4.1484452396601217,5.2765904913194879,1.6762022948176394,3.5719930111110152,5.3054835380186933,2.9230771821584818,6.541110057618992,5.3315728527017994,2.6177262496408744,0.39325493565079106,2.0627261548563487,4.5293547240493606,0.7158853893498105,1.2261682343080036,0.19169150709310839,9.7859298829646768,7.534875641775133,6.943386190879739,6.1082642924963073,1.2085801568126808,0.72442545699919059,2.2028191415219749,0.81498873323089138,0.48650677740735992,1.0544558928247525
7.6943393237893432,6.3914746505390498,6.0404446510035497,5.2289128944433942,2.9216544853827968,3.0685073828977645,4.4040044782893526,0.78153175474686098,0.17224634545739834,7.0597245894152261,5.5515734584656906,4.7262291011455764,6.0692742190057798,6.6826008991174186,4.1791665605405628,5.3156090149945872,1.6886050977120792,3.5984317519257631,5.344731745932382,2.9446826722335384,6.5895184039067098,5.3710185773738059,2.6370939446417703,0.39616490725364284,2.0779896056605822,4.562867644487854,0.71839173945118784,1.230835961576723,0.19248289953160189,9.8547511089530015,7.5894457399491957,6.9940556714192637,6.1534117646134581,1.2175143048487549,0.72974929998543669,2.2190531281773342,0.8210040930713729,0.49009801009389009,1.0622416519568629
7.7512805760712107,6.4387592287686584,6.0851294454522673,5.2675925214625963,2.9432677170928274,3.0912074961807425,4.4365825897668776,0.78247818418792803,0.17245745714442257,7.1120374761356571,5.5926437926693477,4.7611864024045687,6.1139928948687334,6.7311624701866606,4.2099553184386593,5.3547271908696503,1.7010616337563886,3.6250153490810026,5.3842900844749435,2.9664900604152833,6.638211596293119,5.4107271510044832,2.6565913751810468,0.39909313103085564,2.093349701860133,4.5966076953459547,0.72089859351763674,1.2355070982048533,0.19327536060335271,9.9261041850066878,7.6446117179783482,7.0454064747901546,6.1989907926581713,1.2265304151942764,0.73513219372541316,2.2354397869136116,0.82706286506109916,0.49371518741425607,1.0700837455783676
7.8068292382347693,6.486355836685366,6.1301503120133214,5.3065552240465212,2.965039809361786,3.1140748514544216,4.4693928437579746,0.7834242029823445,0.172668467665612,7.1644565697113451,5.6340095590031281,4.7963952714557463,6.158912211822047,6.7792706193342926,4.2408717239685521,5.3939102986901108,1.7135802917117595,3.6517624657487304,5.4240830265328821,2.9883848764785101,6.6867675352471814,5.4503954708056321,2.6760986906415698,0.40201783930383489,2.1086993131053324,4.6303639059455879,0.72339376765978713,1.2401618933827412,0.19406209323982815,9.9975885168526819,7.6990476799807066,7.0967962508483353,6.2446380217347244,1.2355796428579744,0.74052792615286267,2.2518969276647374,0.83314785117968349,0.49734852896575638,1.0779635325775718
7.8646630793148109,6.5344029177762195,6.1755082503352616,5.345845636496227,2.986987770473049,3.1371230921321902,4.5024803321166864,0.78437043466824474,0.1728795192912001,7.2175881216680029,5.6757069580491217,4.8319325521945879,6.2050095224527571,6.8307768124228181,4.2725342829622601,5.4342018358808915,1.7263374157455575,3.6788733706318522,5.4642590677488734,3.0105288331674758,6.7364663515237044,5.490833403877585,2.6959491563851419,0.40500296245288409,2.1243541765283864,4.6646948639635832,0.72590851433094572,1.2448512459138104,0.19485786495604915,10.074450655758378,7.758384773182911,7.1501360449451532,6.2908189465333573,1.2447298104188047,0.74604928602177012,2.2686394712924187,0.83934919645349293,0.50104944463730139,1.0859798918694539
7.9229032836085365,6.5827658517945453,6.2212122494342212,5.3854215290666998,3.0090942957716376,3.1603388020473284,4.5358147363065351,0.78531644038229631,0.17309051213994667,7.2705307122364173,5.7177220881361217,4.8677075058668606,6.2513414352932699,6.8823436726827483,4.3043744948470195,5.474589916756643,1.7385776221889133,3.704702864336769,5.504701559178705,3.0327083464561082,6.7863900035071776,5.5315045320478422,2.7159168183722251,0.40800355854206027,2.140092079963599,4.6992364733072174,0.72842253803321599,1.2495415507872003,0.19565472769592576,10.15425658181141,7.8176456479694654,7.2039088995127472,6.337411302691268,1.2539168948062689,0.75160348808694144,2.2854243954150206,0.84557260348144458,0.50476418886408769,1.0940295603438894
7.9815131465178855,6.6314662092016388,6.267239159601238,5.4252671362594249,3.0313561485973275,3.1837198324423488,4.5693681874829135,0.78626203193880573,0.17330140501498198,7.3243446018738547,5.7600228043175425,4.9037201933555421,6.2974920570326951,6.9330974702103694,4.3361478145431223,5.5150764211724548,1.7514325525767969,3.7321008147956261,5.5454332091053224,3.0551520973201756,6.8364375931401042,5.5724218930903495,2.736007347165712,0.41101681588380434,2.1558991492745729,4.7339725964886874,0.73093487807290136,1.2542314754026067,0.19645193709461586,10.227736393188039,7.8750548645946603,7.2568346930160752,6.3843235779576526,1.2631969341077236,0.75714741784922379,2.3023022851725745,0.85181658161982787,0.50849184697441963,1.1021106983498992
8.0405099892521026,6.6802981617501604,6.3136093491850058,5.4646888701250429,3.0537838835577826,3.2072747631609548,4.6031772484454061,0.78720707736949758,0.17351216433993299,7.3771241322132202,5.8025194959166368,4.9400019120977321,6.3422138496453924,6.9845379435238835,4.3675399428640667,5.5533190841780096,1.7626687807953538,3.7561591683887938,5.5839890749616865,3.0767330052944057,6.8865269696926719,5.613656398493216,2.7562527575502735,0.41404235773383835,2.1717738779534721,4.7684963370766091,0.73341968950439618,1.2588781428611682,0.19724339444367922,10.303734258537519,7.9311371567560167,7.3088931245961728,6.4309617042770411,1.2721912301442748,0.7625522738880538,2.3187349416763312,0.85792723471639776,0.51214472198869188,1.1100485621209617
8.0999967113342315,6.7294543092866697,6.3603207181968555,5.5051246459510264,3.0763775118293064,3.2310040157208606,4.6372348442018945,0.7881523097955021,0.17372296106928156,7.4317071672495674,5.8454482637803178,4.976549158056649,6.389166830067075,7.036239101794723,4.3998653282724618,5.5943553139369913,1.775689475193645,3.7839175212117402,5.6252906429472578,3.0994936662355665,6.9374719529401361,5.6551895241250527,2.7766449541954317,0.41710549540311054,2.1878409658414193,4.8037482076890718,0.73593504237497098,1.2635753260568425,0.19804269744739592,10.381609662837548,7.9899663824156724,7.36319904471521,6.4785089046011572,1.2816010199394552,0.76820422211000616,2.3359068394863653,0.86427953390515144,0.51593663327713712,1.1182666964276069
8.1564908516859109,6.7792414701823169,6.4073772248302969,5.5458518612554304,3.0991386074244938,3.2549088643233746,4.6715457379010958,0.78909735275638238,0.17393370738396913,7.4866662300221796,5.8886974497723017,5.0133689553761833,6.4364095085802147,7.0884036049823651,4.4324160819688441,5.6357965256923137,1.7888398128375012,3.8119303968207947,5.666914801093677,3.1224215512852478,6.9887826389073222,5.6970228336060762,2.7971850588721954,0.4201907327609305,2.204024151797809,4.8392844466882394,0.73845292031816356,1.2682798697068662,0.19883670196407599,10.457919577610737,8.0491049455145038,7.4176444561477295,6.5264745962672777,1.2910838471554689,0.77388658405197175,2.3531878409011155,0.87067350562733337,0.5197535610382874,1.1265397274533926
8.2135740680226821,6.8293959865019032,6.4547829257216174,5.5868261285987586,3.1220686704335443,3.2789911547631032,4.7061120348183723,0.79004222108150191,0.17414440685695709,7.5420614716379344,5.9322682972968268,5.0504655296315448,6.4837696961145612,7.1411589304071752,4.4651446807123687,5.6775585968192752,1.8020142725110289,3.8397778037682126,5.7088425099675169,3.1455239125900882,7.0401893365894779,5.739192469418386,2.8178891425465324,0.42329061630973364,2.2202868340324051,4.8750375828823769,0.74096996128175074,1.2729854136066197,0.19963174486775112,10.533666839808779,8.1088148866574024,7.4722781130592182,6.5747451331283466,1.3006354559471687,0.77960031825335652,2.3705619233451758,0.87710235856094565,0.52359164647390488,1.1348598903329914
8.2730148520757236,6.8745648979739915,6.4980282198512089,5.6172927283438909,3.1451710117544058,3.3032536262114394,4.7404344726831154,0.79098402635128751,0.17435442415313904,7.5978544688673226,5.9760688456825442,5.0878374940066617,6.5289483125963699,7.1886842496907191,4.4960007675889031,5.7171501939800713,1.8150354809922189,3.8679081930392925,5.7510809386451447,3.1687944334643339,7.0922641661328223,5.781646096209939,2.8387340150638507,0.42642172170846304,2.2367106555093388,4.9106720156480774,0.74346376061399999,1.2776094658750679,0.20041914265312283,10.605307112507644,8.1645711004609627,7.5256416181252792,6.6231762562521697,1.3102471123549972,0.78527311843783032,2.3879030055896244,0.8834020382962261,0.52733724169136553,1.1427214477666525
8.3153746641903226,6.9086294235756709,6.5303449937928937,5.6480035198486851,3.1645845692035839,3.3230494030032691,4.7667560450941204,0.79182904406309862,0.17454223139646843,7.6537787970239162,6.0126091319407671,5.1222741845605082,6.5765860001288186,7.2413464609681686,4.5276102060783172,5.7593230413639285,1.8284424505337453,3.8959083893363959,5.7903156299112331,3.1916343418928212,7.140961891533661,5.822506310262237,2.8585872406807598,0.42937334301821706,2.2521000867227023,4.941863442878617,0.74561440244459465,1.2815254248752197,0.20107019217219035,10.691983280040837,8.2271524877933455,7.5827640872864119,6.6721677796838321,1.3197544244448038,0.79109222808216073,2.4046370598489317,0.88957471198505489,0.5309825837877038,1.150451490878883
8.3077669422587235,6.9300888542364421,6.5736632355178397,5.6845922505314146,3.1836887401955303,3.3427091628934225,4.7962889485092131,0.79269043166861242,0.17473381573732186,7.7097883981702484,6.0536636132729837,5.1556420218488519,6.623099837568593,7.2953756758931299,4.5601031061916029,5.8018383246759715,1.8407271668494516,3.920735423567367,5.8312511796964035,3.2147994063191119,7.1892414819386117,5.8652840509282935,2.8790832316825359,0.43235395177371705,2.2675337928437647,4.9717224577752486,0.7477052935289511,1.2851801413949968,0.20158321983446578,10.768232822200945,8.2876004118749975,7.6378441535435408,6.7215399339276081,1.3293857454468394,0.79684956082499769,2.4216083258187102,0.8958783670102819,0.53473457947580172,1.1585100751952131
8.3687383703655733,6.9813498986183449,6.6222909362952587,5.7262938794092157,3.2072412895090676,3.3674390061235888,4.8317611773777829,0.79363488997363418,0.17494439793210403,7.7667961245706332,6.0984420790713827,5.1937865973142641,6.6714493907203174,7.3498308666702199,4.5936493824355429,5.8448689732624146,1.8543548837226966,3.9497410944357569,5.874385830947797,3.2385758100008912,7.2424363267372991,5.9087004131050564,2.9003927407928152,0.43555349055837395,2.2843137902785684,5.0085093552472255,0.75022998572183941,1.2899083137594878,0.20238878416575179,10.849342349774261,8.3499324448460364,7.6947447060290477,6.7712571239823767,1.3392184680584689,0.80276285837226646,2.4395554097446146,0.90250313374506641,0.53868885894641771,1.1670737973523664
8.4239284086646435,7.0312757580072711,6.6712956681677751,5.7686775419711305,3.2309728972577623,3.3923550992677813,4.8675220372285875,0.79457933685249216,0.17515496926651516,7.8243841307982329,6.1435738954009862,5.2322240250076089,6.7207604917137012,7.4040452967097412,4.6276099238095432,5.8880795519848563,1.8680685791600071,3.9789609618497392,5.9178670660073216,3.2625677634198791,7.2957458079876867,5.9521459415645737,2.9217445527400767,0.4387597961519778,2.3011348862632692,5.0454743512985791,0.75275165684445799,1.2946188726002847,0.2031801326765646,10.929200971041606,8.4112231992098216,7.751534545357976,6.8214587489211223,1.3491403291786845,0.8086998016351804,2.4576015546197438,0.90917809089325319,0.54267311554558706,1.1757062792008168
8.4820185189648818,7.0832722569106954,6.7206507545816132,5.8113322945926242,3.2548707689099636,3.4174483406709553,4.9035243048279256,0.79552335322425438,0.1753654363438488,7.8821877238680162,6.1890185022746564,5.270909271389808,6.7692632901130176,7.4538099988517255,4.6608644080236692,5.9263073545991194,1.8800231742784705,4.0062210890169698,5.9616290605522266,3.2866821273846405,7.3462785423971155,5.9960967644142293,2.9433242500450776,0.44189378141970315,2.3176068708093229,5.0820697253893767,0.75524355524450681,1.2992979194525602,0.20397212461950973,11.006748796586553,8.4654000438225747,7.8056601708475304,6.8716940008012468,1.3590896747026679,0.81451385758438732,2.475359648120131,0.91574051126904266,0.54659450015848565,1.1842251709224088
8.5347928866158593,7.1355650469207372,6.7703763019584979,5.8520424475221011,3.2776145882379444,3.4413141284149784,4.9398103971893637,0.79645917810547084,0.17557409332480783,7.9405793116190102,6.2348170073549172,5.3083393234747653,6.8196135871121948,7.50970167428052,4.6948680770944264,5.9676980812108491,1.8923527017058073,4.0327650008038658,6.0057596709314485,3.311020897264001,7.4006218676047286,6.0404630460235218,2.9650619400381086,0.44516019762979797,2.3347006262488392,5.1188606650324306,0.7577259711264992,1.3039492262922392,0.20474980415551011,11.089684329437556,8.5287621295718328,7.8632927811205411,6.9227108724889863,1.3691600396828039,0.82053927496051793,2.4935338082642158,0.92245141737255076,0.55060184202919493,1.1928823405959688
8.5979288212493383,7.1875676777324964,6.8204682422197722,5.8953337544777593,3.3018637364765433,3.4667745946910005,4.9763624641268054,0.79740310464453346,0.17578452494533581,7.9993529986428378,6.2809483825865096,5.3476139452408846,6.8701457642349704,7.5654446040222307,4.7296411854434712,6.0118375606272023,1.906341840569395,4.0625835895693969,6.050154904527024,3.3355166448393572,7.4554057700734564,6.0851686087542873,2.9870054943817581,0.44845513888631505,2.3519809179827695,5.1567143965593214,0.76025425251788059,1.3086857679276596,0.2055595241752313,11.171759531513768,8.592172574203035,7.9215134570617529,6.9739198458230698,1.3792891424118709,0.82661193757652973,2.5119851732611864,0.92927913768650861,0.55467716308529813,1.2017110646580946
8.6615463613961907,7.2407444299694141,6.8709298299269141,5.9389543831794134,3.3262902993176038,3.4924217579280046,5.0131735867586071,0.79834681247753836,0.17599490003399948,8.0585297160614324,6.3274143077204075,5.3871764702800418,6.9207832951393087,7.6210321913329686,4.7645396281773973,6.0562275198985489,1.9204267096716114,4.0926193410404919,6.0949095499968626,3.3601915360323127,7.5105861807893994,6.1301986672748701,3.0091090912056471,0.45177401664353467,2.3693869156972265,5.1948715856116054,0.76278458717104125,1.313434767421243,0.20637156524606037,11.252434177676585,8.6546559010107931,7.9796478354585254,7.0255097429706916,1.3894925669695213,0.83270467625333122,2.5305276719514747,0.93613826248479071,0.55877173737163055,1.2105844012071065
8.7252525556269163,7.2943070160757628,6.9217585621887583,5.9828761315214312,3.3508936842238009,3.5182556323329535,5.050242501887535,0.79929028314428985,0.17620521450979104,8.1180660539977367,6.3742127568123266,5.4270111376189005,6.9717242709400908,7.6766318142896539,4.7996378979770347,6.1007502377131129,1.9345781980675933,4.1228294221440356,6.1399797298721319,3.3850286709630915,7.5659145021454615,6.1755129137291265,3.0313539731226684,0.45510761266124927,2.3868730460728185,5.2332504883049813,0.76531319591613245,1.31818325152722,0.20718330820509887,11.334357841172755,8.7177025533751387,8.0382812281500495,7.0774028460517542,1.399761987732687,0.83884274155032323,2.5492045092406248,0.94304401570297314,0.56289423870033517,1.2195185896048124
8.7789779077867252,7.339695618050956,6.9729683799474644,6.0271640127389263,3.3756941306827892,3.5442922730811395,5.0876303254766535,0.80023310556454608,0.1764153782974433,8.1781518516004894,6.4213853327795887,5.4671856427667933,7.0234544772757896,7.7348270998023745,4.835305209850949,6.1462983393052744,1.9489724223837082,4.153423631284709,6.1854238481414852,3.4100817827070706,7.6218593240418064,6.2212249571522529,3.0537917929686427,0.45847444212686661,2.4045309485926616,5.2717073860405144,0.76781982488600609,1.3227951730954584,0.20795607070617564,11.42252003461301,8.784965007045475,8.0987161096053608,7.1298306913559557,1.4101241043362875,0.84509678100331787,2.5681429763470258,0.95004995919005297,0.56707455081716762,1.2285714887443073
8.839636150763555,7.3887330608693569,7.0197002469785472,6.0143158671433516,3.3894086235555716,3.5607730183852602,5.1086133728472154,0.80103876086727333,0.176595335759619,7.625836615340158,6.4454810097623589,5.4852311129397409,5.8268241366505453,6.5212639146341713,4.2306799335041489,5.2381431301151578,1.678970355852496,3.704882350502408,6.10350628574444,3.2346264610296154,7.6224087849725093,6.2090830899911813,3.0499348650228337,0.45823600494104644,2.4039753917272271,5.2847353236336367,0.76913714538320155,1.3255450776486297,0.20847342460717952,9.0312418089373345,6.9328644591564785,6.4212443151988197,6.0642590678317481,1.3027833297840909,0.72621128017421788,2.3258956052733928,0.85349823795984503,0.51190705484657228,1.1223187786044762
8.3958152462549265,6.1931673891632766,5.3520058307787064,3.6297594712343488,2.1142355554148509,2.2484662076276063,3.1232422818916983,0.77101993033910443,0.16986839725803168,6.2982551265845341,4.5751535709017608,3.6365168469149292,4.0066462089694097,4.4503570089188713,2.8675913292037754,3.8420574896146706,1.2677954315893054,2.8478415735887119,4.6630894263685612,2.6038050872572098,5.3515053912610515,4.2974403520069107,2.1151085054179046,0.31982676678508221,1.6751455768739654,3.5923438620235242,0.65242469496707756,1.1263091854503664,0.17872718022206574,7.9284455941343124,5.6626007173799975,5.3856623260889851,4.9503262970264519,1.0542905257319533,0.59810038746777161,1.8292547481397692,0.63902090027611602,0.38341007840760877,0.82659036557131371
6.3374479174942699,4.7235875220294039,5.503849183438291,3.8843537847217533,1.9922757300706846,2.111639884198139,3.0287960336182049,0.76742693191396238,0.16902652975870486,6.814465215439367,4.6380275095644787,3.4592041900856731,4.3489767174299852,4.7899946951730312,3.0825760702008198,4.1478051930017577,1.369809131942326,3.0662742982606384,4.882228841767744,2.7882636528460916,5.1885632172030025,4.3282550810161631,2.1209295003060111,0.31493333939931661,1.6465125782652408,3.3953402705535201,0.63224362327325834,1.0720064814202748,0.16680737283743155,8.8025855211921726,6.1822821894591353,5.9249149699612156,5.4086171598680837,1.1350026014284915,0.65070274142381346,1.9481492487742109,0.68222748979152337,0.40880290860732055,0.87820256536522423
6.9106252067954426,5.1637341663093341,5.9722710671006354,4.2420091799586945,2.1801057837528344,2.3085237929601647,3.3073388200146101,0.77489386554077655,0.17070936778887508,7.5252067979258195,5.0569280887206798,3.7878122273568438,4.799419767500722,5.2898196954806593,3.3875772831872211,4.5591390098043298,1.4998992529655411,3.3434020514951892,5.3544883744197751,3.0698674275295925,5.6859946044789371,4.7333518238899197,2.3201069087066792,0.34483992389609286,1.8027582208544219,3.7132712318787111,0.66022135216255906,1.1235991556684857,0.17547153298973378,9.9362732118304109,6.8869437242345839,6.5917113188239336,5.9598450902076126,1.2488618920565497,0.71972197442214703,2.1404743501685219,0.74939717152686147,0.44880379627767086,0.96310477822168028
7.5286938361638605,5.6415996643950947,6.4643325252987225,4.6289745873765424,2.3858952410980048,2.5231124564052632,3.6130414000002729,0.78189901257331806,0.17228789168461842,8.0358144962769273,5.5064615110728052,4.1493845973311494,5.3044802730433283,5.8511502260925461,3.7244179203320096,5.0069469314576072,1.6393396851370425,3.6370917760828476,5.8659521567952124,3.3149038759847769,6.2415149502285852,5.188446748653381,2.5427009802293759,0.37824177947884063,1.9769624718821139,4.06320960551355,0.68817083542632418,1.1754008447845705,0.18422068824998564,11.047987389836273,7.6989967946667042,7.3209155077152293,6.5737666589172505,1.3543893321264533,0.78935203566374834,2.3384858572288136,0.82024562431732428,0.49097869739997413,1.0527615271252517
8.1817901442050598,6.1511871652392474,6.9330330903954183,5.0424268068558566,2.6082598185681491,2.7541484447154607,3.9408358101980991,0.78837605590133708,0.17374740836842895,8.0953705283292816,5.9821207942952439,4.5392116066229589,5.8502808419233867,6.4629514651224422,4.0861697724244328,5.4862613208857995,1.7869015939229069,3.9445380681537898,6.0979644985239156,3.3711777166853509,6.8396556882381185,5.6768371623425757,2.7816316046701495,0.41415467091950969,2.1642471006724056,4.4386855768314346,0.71538416049834719,1.226147571574518,0.19284430348628212,11.135714702032692,8.5137249648811064,7.8860820472235922,6.9867859430961854,1.3916592800413823,0.82895649825510231,2.4851118626290361,0.88111907513284549,0.52738219068796988,1.1322333826035718
8.7055536267535523,6.6964496414850405,6.9843033310571698,5.4798645306536526,2.8470420133518717,3.0012511709268734,4.2892501550474522,0.79433751580087208,0.17509065014945233,8.1550177727100372,6.3523396794808145,4.9571601033838606,6.4363338489612607,7.1076066403755043,4.4702704720377922,5.9863033123088814,1.9067773307537681,4.0897528580632141,6.1430298673991635,3.3960545203730952,7.463430456416333,6.0958207468647139,2.9936094073869604,0.44904629859638229,2.3473066729698897,4.8220663573559079,0.74084479926048397,1.2738009025549426,0.20074572449310391,11.215985223791858,8.5708607770133387,7.9430158141105833,7.0381971637069007,1.4019233096377082,0.83501108048121708,2.5394943613785665,0.92061463333767424,0.55028874402725636,1.1867501932972147
8.7700281972702996,7.2336196869839418,7.036005586627776,5.8989134348775742,3.1021154626510565,3.2639125209423208,4.6583715979848002,0.79981681952270245,0.17631904123483622,8.2156995261001686,6.3993851113720401,5.3639642599211177,6.8130466148717099,7.5099723366244167,4.7116550592633102,6.0317554942570446,1.9210973363267456,4.1202507011493319,6.188547264955238,3.4212699854108628,7.5188974784271077,6.1410733888871842,3.0158253643292938,0.45250838717705855,2.3729998059639787,5.0428864230126287,0.75690639581600216,1.304473842014829,0.2052991842677046,11.317278956707355,8.6456358284804544,8.0063931560806481,7.0906423395644458,1.4123388981990765,0.84142568395933515,2.558709495038372,0.94043427549178404,0.56179314181285211,1.2166093336096009
8.8340752998873011,7.2871417032874808,7.0880671850934993,5.9406868257638399,3.3119597707261419,3.4815018310148584,4.9933400153920333,0.80377897144334476,0.17719341492195917,8.2765881911507879,6.4467457387085103,5.4036803851015387,6.8626870035493965,7.5653266122043217,4.7462128498465477,6.0763408724674486,1.9353059653836748,4.1507328560123353,6.2343567291915205,3.4466098466581059,7.5746512546763229,6.186579432496381,3.0381699971765848,0.45586249144665236,2.3905873350173223,5.1883925628302121,0.76621875471696521,1.3200537916379393,0.20767110354694379,11.400902666230316,8.709299129331125,8.0655441743534055,7.1431801458351618,1.4227995113302927,0.84765050218596594,2.5776270998002659,0.94737070414907476,0.56593737857251336,1.225566817882958
8.8989210877226679,7.3410539293614887,7.1405092057555661,5.9846287768056747,3.336460201154035,3.507257302531622,5.0302768374463902,0.8047302935068058,0.17740546665983464,8.3377028403427271,6.4944425759036104,5.4436494035378749,6.91308907930744,7.6214476760617904,4.781209897042487,6.1213360608877139,1.9496332529076261,4.1814545820166389,6.2804711285416852,3.4720818469671171,7.6268974605703104,6.2318598113123223,3.0604509604905381,0.45910058213911004,2.4076109968402926,5.2529030738486302,0.76991916052279152,1.326677050127048,0.20875364180760128,11.479193514995607,8.7735000813421404,8.1242675859746321,7.1959841954525592,1.4333165526461114,0.85387291549676425,2.5966067217383086,0.95435013366445953,0.57010751276042004,1.2346017299912275
8.9647371511677143,7.3953602873095754,7.1933252740461215,6.0287087193355546,3.3603431973433655,3.5325601895487315,5.0674641823336133,0.8056781771677235,0.17761675748260403,8.3992451671176109,6.542421829761019,5.4836198761710557,6.9624340939294393,7.6762743636641346,4.8158369045664253,6.1664073668153359,1.964020719244038,4.2123494906586263,6.3269323656095624,3.4977389060481716,7.6832692599125014,6.277940141890503,3.0830821953178407,0.46249465842160109,2.425410934620913,5.2916988650894119,0.77246472010423373,1.3314590891731932,0.2095723287485507,11.568673504705387,8.8377008034446352,8.1849247728473173,7.2492821516631336,1.4439156345918804,0.86021520680038488,2.6158540093488862,0.96137505273751622,0.57430406467737949,1.2436898755209354
9.0310853919451706,7.4500825376852715,7.2465524210183139,6.073333334030159,3.3852117618916648,3.5587014143902014,5.1049797491333413,0.80662973569272167,0.17782884864978779,8.4614472236666298,6.5908406469762877,5.5242183253503265,7.0149128868397987,7.7350404972682725,4.8519526485553701,6.2123183790570717,1.9786019073204812,4.2435694450598289,6.3737564003013691,3.5236324833394996,7.7401769823279798,6.3244323318570164,3.1059124819559019,0.46591983407799903,2.4433723116990169,5.3308743481308634,0.77501770702074035,1.3362554691765509,0.21039366376640853,11.660196103624783,8.9058987984757465,8.2467588814811155,7.3029135384086699,1.4546025527644615,0.86664260627368195,2.6353245416062676,0.96854609430429894,0.57858637102786203,1.252955122003174
9.097916009787447,7.5052041628850859,7.3001686516113962,6.1182797761476975,3.4102598269168483,3.5850324142672672,5.1427566651978678,0.80758105099047384,0.17804087792216255,8.5240662041672213,6.6396063340888292,5.5650922179027322,7.0666757354219483,7.7917501965026554,4.8877660510619725,6.2581790856571056,1.99322146151988,4.2749463486735015,6.4209137988342633,3.5497053859257424,7.7974280278073964,6.371215675029843,3.1288881124780201,0.46936623397776078,2.4614461027479866,5.3703113384183103,0.77757031452599834,1.3410534544126058,0.2112157075869722,11.741698208501171,8.9695519504665455,8.3067036967239076,7.3568893334787067,1.4653624479291103,0.87300214852218194,2.6547276139248925,0.97568338428301338,0.58285077573928179,1.262194242197461
9.1634727979398072,7.5606869054713037,7.3541788521380056,6.161666260971665,3.4354899833054402,3.6115556513237732,5.1808074472947974,0.80853218643374392,0.17825285932503812,8.5871083992977866,6.6884877993102716,5.6062669854837157,7.118970865409568,7.8496354291200792,4.9239074920444619,6.3045313786272086,2.0079791053263518,4.3065872538851266,6.468420190045622,3.5759635334054982,7.8551357042250496,6.4183644727156901,3.1520421055169812,0.47283976821287221,2.4796616914697189,5.4100488131257105,0.78012415006318014,1.3458552658018417,0.21203560444693598,11.830333190781662,9.0369561862947272,8.3686125154599562,7.4113664194343807,1.4762052462318729,0.87948331365846311,2.674386949516355,0.98290440470225637,0.5871643825801216,1.2715071627598755
9.2274943814753509,7.616131882512164,7.408583343047404,6.2072468256468634,3.4609070591521909,3.6382755214965208,5.2191350718220511,0.80948317072619347,0.17846479935040327,8.6506992646443077,6.7379720252535691,5.6477404382219554,7.171686390425549,7.9077417473205083,4.9603551092137339,6.35118561849806,2.022838528263101,4.3384534957088166,6.5162820057618873,3.6024343729780246,7.9118638395522201,6.465843563895465,3.1753590074519256,0.47629358643380498,2.4977882767716277,5.4498211947007871,0.78266787374124736,1.3506301781432493,0.21284849859286412,11.919607391957273,9.1042882681426445,8.4308056939305089,7.4662632895773919,1.4871339462121762,0.88600582105927705,2.6942016086360576,0.99018452292571901,0.59151312879734441,1.2809231232045317
9.2943309114058934,7.6709216495185739,7.4633954664376239,6.2531666670275667,3.4865125321183803,3.6651932090773744,5.2577474502068888,0.8104340314566244,0.17867670394311727,8.7146577487389827,6.7878219262239803,5.6895276077353554,7.2246560064305916,7.9661958646632707,4.9970191723032986,6.3981675114910344,2.0378037973209628,4.3705511879496521,6.5644882550045009,3.629076898735629,7.9701462499373523,6.5134394303837864,3.1987557842813077,0.47980268811062249,2.5161955430044149,5.4900583916517682,0.78521966254765418,1.3554196317789131,0.21366818753206474,12.006058832892091,9.171350451230774,8.492893020529598,7.5215006263646522,1.4981337420055041,0.89254613640655012,2.7141079920602165,0.99750166130726725,0.59588444563401566,1.2903904597981335
9.362919145250256,7.7276747264580292,7.5186116274403236,6.2994210412922458,3.5123076688536732,3.6923101712013775,5.296646654346155,0.81138477339848725,0.178888574249252,8.7791919061120165,6.8380386064095768,5.731622229592066,7.2777008164146242,8.02403303833945,5.0337650980006288,6.4452157852391538,2.052826413522125,4.4028280177908128,6.6130561304569433,3.6559387728108219,8.0291070119818944,6.5616295056343796,3.2224216519684834,0.48335229566239984,2.534810529744457,5.5306753314424322,0.78777571199007068,1.360232057064175,0.21449392168882567,12.07618635558565,9.2340346186105915,8.5521708260731195,7.5770791533970661,1.5092172182207375,0.89897744488676001,2.7338763816558536,1.0047906159103821,0.60024109062644848,1.2998381116751299
9.4321965593437067,7.7848486200604716,7.5742385051514747,6.3460444767617838,3.5382905766330737,3.7196254610406561,5.3358279011558123,0.81233535788883859,0.17910040175215924,8.8440534493476015,6.8886278170082536,5.7740191238418364,7.3315189133910605,8.0835035228539649,5.0710074425492557,6.4929599241622302,2.068023844960754,4.4354122996326399,6.6619737907318797,3.6829656625167781,8.0884935560198556,6.610159568752997,3.2462556927057085,0.486927351668201,2.553559227157435,5.5715865416719907,0.79033223721545875,1.3650474554166572,0.21532088889894013,12.174647866891323,9.3037871807200627,8.6169418687639503,7.6330782508641981,1.5203744176313565,0.90569822867358818,2.7542282810736221,1.0122557272865225,0.60469977420972698,1.3094891158356219
9.4948053632199105,7.8395473594728715,7.6302765705216906,6.3928839072293879,3.56446470421103,3.7471420613207043,5.3753026154087866,0.81328573418976635,0.17931217421185322,8.9092015557792568,6.9395875056364433,5.8167154557571061,7.3844342202281625,8.1419850666281288,5.1079623361027977,6.5406390917460566,2.0832495087394687,4.468135107624728,6.7112407436216328,3.710147489418461,8.1482683061412366,6.6590108508283468,3.2702492791639801,0.49052605848216718,2.572432725922853,5.612621495626323,0.79288009586117503,1.369815483575163,0.21612893923718299,12.27183550962992,9.3727560611178404,8.6816341398122923,7.6892989272559289,1.5315895037894061,0.91243364769271051,2.7746442441019417,1.0197207433529241,0.60915984990922434,1.3191498509411181
9.5589279171395347,7.8975397031241146,7.6867222822510266,6.4401473911811076,3.5906865119385518,3.774760123695625,5.4150688351955711,0.81423560348175805,0.17952382717156459,8.9750755793228638,6.9909240694914194,5.8597397208268012,7.4388021731227827,8.2020564209267075,5.1456440779526558,6.5891839409024886,2.098698195100468,4.501231684854357,6.7608925342815223,3.7375890087312444,8.2085211011856281,6.708273879727372,3.2944414306595804,0.49415399354223039,2.591458689825759,5.6541072916822346,0.79543572016649577,1.3746320197173894,0.2169455663377361,12.368878251870612,9.4453145467716659,8.7473962542667252,7.7464268369523266,1.5429311261751084,0.91926153916082032,2.7953121399043885,1.0272932980614011,0.61368277460607945,1.3289397843541715
9.6296520402240393,7.955975014615345,7.7435973001079672,6.4878296070678454,3.6172581739573983,3.8026919958776797,5.4551396657494546,0.81518594563915148,0.17973557715806099,9.041637714562027,7.0426575933564131,5.903135174429532,7.4945948683949704,8.2647840106929777,5.1841333708411854,6.6383638368068931,2.1143057706274218,4.5346268646092582,6.8109391711664395,3.7652820006317893,8.2693866164687631,6.75798883018631,3.3188535881600445,0.49781695006142385,2.6106662505161653,5.6959869069147393,0.79799663360197703,1.3794610273722954,0.21777591850539296,12.461670042381058,9.5168631480031767,8.8123316106231524,7.8038684172291557,1.5543640692335665,0.92607877495987123,2.8160273923452284,1.0349274020588319,0.61824235039693143,1.338809050665231
9.7009012248691864,8.0148412408724923,7.800891271902044,6.5358490777774261,3.6440243209079863,3.8308292943730051,5.4955102748100764,0.81613619634142442,0.17994729913225155,9.1085894170203705,7.0947696020233364,5.9468214911226998,7.5498826408460395,8.325308531060422,5.2223902505730599,6.687406967883299,2.1299375233831839,4.56817062080047,6.861343428448512,3.7931544455801021,8.3306023943780261,6.8080072664338509,3.3434170621901029,0.50150177777579741,2.6299898791834253,5.7381410024510817,0.80055676107220153,1.3842908975956691,0.21860687123684217,12.548335004857345,9.5850619418227954,8.8763724228914267,7.861609686455159,1.5658683537798939,0.93287577420233714,2.8367643207410147,1.0425542004479391,0.62279922928287768,1.34868169313183
9.7726667717002496,8.0741326566783211,7.8586004739264732,6.5841671679924936,3.6709755034750984,3.8591643539754243,5.5361457816248594,0.81708614882131947,0.18015894712593511,9.1759392686200858,7.1472499566328427,5.9907978127521089,7.606407756974634,8.3880781636874406,5.2613419745923942,6.7369975444549954,2.1457182596777988,4.601990196499445,6.9120942716695684,3.8212073246491349,8.392190350297188,6.8583503130176062,3.3681415488295214,0.50520985143734765,2.649436469613383,5.7805771397699193,0.80311613961463013,1.3891215933960845,0.21943839466856482,12.643777617165259,9.6574496813519968,8.9426154723273381,7.9197552907745568,1.5774496730234813,0.93980409442973345,2.8577994471978561,1.0502981475198025,0.62742447246795763,1.3586927642393085
9.8427052264374559,8.1338808928795441,7.9071183174955788,6.6284166760710681,3.6945168907531376,3.884388477808578,5.5751635389663852,0.81800896497382325,0.18036429646405489,9.2438251493981802,7.1967550267704343,6.0261502105130784,7.6611177145465623,8.4480896380515986,5.2993132433061838,6.7865534219566399,2.1615360868751421,4.6359829710715044,6.9629861149517653,3.8494337037531672,8.4543002600571651,6.907691545435811,3.3924045076398053,0.50890270719982977,2.6687718072670048,5.821263892530733,0.80556967784436062,1.3937744598103814,0.22024058906783639,12.68149744873206,9.7167936505853572,8.9989876638119863,7.9782101232957565,1.5891015797617563,0.94627760308118769,2.8777497819600319,1.0576959487270401,0.63182209594378669,1.3681894833669508
9.915484138546546,8.1940562963187062,7.956032673509835,6.6757384445612784,3.7162121451641252,3.9079909681198761,5.6084963378212951,0.81889965906091777,0.18056288924446481,9.3058336606771022,7.2349785617554394,6.0589090781580621,7.7135563661319102,8.5093738922759403,5.3369124999460267,6.8364812647792528,2.1773382843528442,4.6695359774603231,7.0048063482359169,3.8749303482013451,8.4755721647093036,6.912611361592699,3.3964171437860906,0.50987762047061247,2.6744392280826252,5.8457955922393854,0.80736748807183545,1.3973822791701673,0.22089499787755446,12.831535498260189,9.797901588366134,9.074714691581077,8.0370240308329279,1.6000299515391438,0.95345987623252215,2.8979293792285987,1.0651408211695812,0.63625311754645819,1.3778254550173834
9.9841506681082084,8.2541178907048547,8.0148796903266408,6.7250779701230119,3.7437047299979822,3.9369028863391251,5.6499752618148955,0.81984959881187958,0.18077451175077158,9.3749154757311626,7.2884853502809941,6.1037328034658787,7.7713741162385261,8.5744080777376066,5.3768039913711609,6.8873429427355237,2.1935030512943734,4.7041430000482114,7.0566429732199119,3.9036546450724972,8.5381685457206196,6.963675734833644,3.4215107274456527,0.51364402785662233,2.6941967708389365,5.88901102940188,0.80992859574259557,1.402210672229772,0.22171966354554051,12.921764893774899,9.870873646558163,9.1413133998124874,8.0968354926008566,1.6119006101950526,0.96049829370748785,2.919342052835876,1.0730387607691492,0.64097038066035195,1.3880376330222288
10.027444827653012,8.3078817497393267,8.0741770616763695,6.7747527918479573,3.7713931125068738,3.966023220558446,5.6917551329165228,0.82079935435773688,0.18098608535992225,9.4431150616380677,7.3422943719502669,6.148820839783081,7.8262965577565202,8.631505987367218,5.4152044249778566,6.9372278201551003,2.2095386336736622,4.7381591155326293,7.1061273245109149,3.9314929651772137,8.598717006318223,7.0147638445068834,3.4466431350066657,0.5173481281344795,2.7136557349388819,5.9318917819661277,0.8124612964665473,1.4069067485846254,0.22248205906354421,13.01786936362921,9.9386120771832971,9.2057656416735476,8.1530411167990362,1.6231719670612494,0.96722346833190731,2.9401363370479392,1.0806947113419132,0.64555104928186668,1.3979980447818505
10.101498464799832,8.3692936725997704,8.133900906157244,6.8227710176058149,3.7992911388071056,3.9953617015750824,5.7338601009310866,0.82174915896132683,0.18119766216335284,9.5123614308287738,7.3966119695363739,6.1943045916114867,7.8838399047168695,8.6978221302808265,5.4552616634619993,6.9892614048981052,2.2260088120544186,4.7733237747693211,7.1586704830829007,3.9604407241952018,8.6623357544787378,7.0667301041709409,3.4721697162590321,0.52117760912188449,2.7337417153215684,5.9757861235728598,0.81502496766525268,1.411753520274514,0.22331786666295295,13.117446338393107,10.019514753388421,9.2730497522000839,8.2118570247197766,1.6350678266253049,0.97430388357697162,2.961757562117596,1.0886549567945947,0.6503058594440666,1.4082777795111407
10.176209573472951,8.4312091224421213,8.1940702592905517,6.8732435335772992,3.8273927613604983,4.0249151163130632,5.7762557420446523,0.82269880160607223,0.18140919570341699,9.5827485375898185,7.4513293630940218,6.2401222847315276,7.9438475577293151,8.764974139612514,5.4964163105513464,7.0412309177540067,2.2425237107547993,4.8086898120038928,7.2116445042502919,3.989745157996782,8.7263778042250912,7.1190152135227889,3.4978597144529111,0.52503214736071668,2.7539604396287083,6.0199875698845586,0.81758837875787349,1.4166023429249468,0.22415461082044125,13.211007922569259,10.094014229042658,9.338858412890449,8.2694468555970033,1.6470062602404489,0.9813269712104864,2.9833391949474453,1.0966746679620771,0.65509730495106222,1.418659022886696
10.244845181983306,8.4931872914964046,8.2547225633628507,6.9242483418681706,3.8557302802508904,4.0547100877985676,5.8190413188948087,0.82364878975786282,0.1816207983132174,9.6541885311757039,7.5065102772871688,6.2863773609379381,8.0040571435907992,8.8331096676038072,5.5378500377458373,7.0939310979839503,2.2592258837400472,4.844414475626361,7.2650980130790543,4.0194035575119171,8.7912558218001191,7.171859209068387,3.5238170509842321,0.52893212425409331,2.7744128220019846,6.0646333887155031,0.82015695132375599,1.4214561536072567,0.22498177314351708,13.302524778434128,10.16894712363578,9.4068845884666263,8.3312583228221424,1.6592619270937048,0.98855791800494053,3.0053711093170121,1.1048245213645957,0.65996474234514257,1.4291962653947006
10.261927674589931,8.513797272196177,8.3069708874270027,6.8770358794585693,3.8728054621678223,4.0728153404538334,5.8363273574341692,0.82441893202313332,0.18179256470613903,9.7071811296447716,7.5385562802455661,6.3191355309625674,7.5395640892525089,8.4351576845310365,5.3283421136348439,6.7635823517284974,2.1511575619852557,4.6543125621637733,7.3028959760338923,4.0390148686819813,8.829126097116708,7.201295052403049,3.5391913090442082,0.53123167598784515,2.7867384123909864,6.0932810756091262,0.82190983182401867,1.4244584625762897,0.2254468535308769,13.26171135608686,10.109839682659556,9.3700473589005764,8.3334267243266975,1.6642837712531822,0.9880194535080139,2.9988491397742525,1.0904287062776543,0.65189553355784002,1.4133095681571188
7.4571831406486018,5.1939235909557873,5.5752369682280198,4.1573246415711091,2.2914811254158201,2.3888263036248496,3.6377676751057244,0.79299190910178885,0.17462201311834868,7.1065577125058947,5.5329639048475308,3.8573463112644779,4.3184993601845099,4.9238899731482046,3.2017376940345339,4.1440514127977091,1.3563514568127752,3.0924619570716896,5.4685303296971748,2.9667010352268601,5.1276890232818211,4.5966216524205983,2.2461883571150354,0.32117909158530167,1.6818312816198424,3.5510441547105751,0.6565310913392679,1.1204629272385729,0.17624827639300586,8.2180896393393521,6.1331991864136493,5.9745990743555613,5.4504773646635929,1.1926902799549788,0.67033031111736496,2.0972297225607393,0.72595796941249113,0.43442398246614033,0.93207003871506067
6.9351306856554977,4.7487570653818949,5.5007188892380396,4.0676142048533235,2.2508782309173667,2.3403807068871174,3.5597824181929951,0.79186306570595366,0.17438309569819474,7.5770012172330716,5.5974226606968474,3.8439470597449361,4.4003647951887128,4.9252881459351263,3.2260955724378975,4.2258817563414421,1.3876278297178966,3.1625304685658233,5.703524510033807,3.1253248209031348,5.0843869930291286,4.6990140903062807,2.2795565066925145,0.32159887568927625,1.6776010434165207,3.436418433683833,0.64686130540278042,1.0985294356288406,0.17202569629042413,8.586974826858885,6.3181296949313648,6.1920936805194859,5.6124352984681494,1.2461259683625789,0.69745108966908165,2.1604542858067881,0.74170394303351761,0.44320681301325415,0.94966583785097614
7.6323437120439896,5.2176766443314921,6.0412491319882538,4.4482810965185777,2.4644245986566755,2.5610359988886024,3.8702675087629648,0.79892745173988211,0.17598309191769204,8.3449132005989934,6.151891369505825,4.2067948531506509,4.8269228859676918,5.3916029553578131,3.5367179801199913,4.6331251466613432,1.5191713501119601,3.4564818256938858,6.2803278851401734,3.4405095008294038,5.2968003783073234,4.9111871873301016,2.3931110269675084,0.33625748498808555,1.7582452839220091,3.6778025623036847,0.67024092403532609,1.1437261317302099,0.17995578653395461,9.5878597730337241,6.9448489519718395,6.814748378384242,6.0693039561612387,1.3641487929442553,0.76546945340146832,2.370330498816934,0.81347718379471901,0.48608183575394276,1.0410706197617463
8.394523657078917,5.7467472957722281,6.5902690241225281,4.786867924011819,2.7149149791866618,2.8181175744960587,4.2536968875784122,0.80607535419809084,0.17760022810011161,9.3697273658159403,6.7483961730280386,4.6436270998294029,5.3038025898102497,5.9349769712875657,3.8704840328868753,5.1213088722018689,1.6754589961114397,3.7993902712295893,6.9717943481710867,3.8438192056684306,5.8459007597227197,5.4313293356035564,2.6460337026666028,0.37141010516514811,1.9417835247400963,4.0517301157384642,0.70109405973609318,1.201051598158966,0.18968800040627806,10.728497121405519,7.7266201880284733,7.6005534682176021,6.77248039318407,1.5218078157822292,0.85374514214666619,2.6244913538455394,0.89653895720922394,0.53535976856984002,1.1430572047254197
9.2186618370468469,6.3277843536828824,7.2150208679850234,5.2608817651885014,2.9918472019023405,3.1008743275429835,4.6728480252241926,0.81271904008310702,0.17910325419891113,9.5143327840050365,7.3735614505153588,5.1291357859290629,5.8959660583378151,6.6069600085584099,4.2830675870486905,5.6720695537151196,1.8476523686535211,4.1714922174053219,7.177439630990345,3.9588089031421045,6.483354691937171,6.0127920514636326,2.9288199397018388,0.41154449832453521,2.1509840994369198,4.4720683252079869,0.73211167538882838,1.258931360214703,0.19955223952275436,12.344456795828659,8.7208764028554953,8.5761389698984907,7.5657362109129949,1.5998717447430661,0.9286763970906966,2.8484138886272858,0.9796861423955866,0.58501200030314982,1.2494297621554356
9.9920190344737101,6.9606693837616529,7.8712881848870264,5.6870993115333812,3.292793059592892,3.407253048724622,5.1232140448951062,0.81882108116089714,0.18048384181064864,9.5850259338213633,7.4281196374092247,5.6563516635459612,6.5546807013445409,7.3549829473336743,4.7338256087725359,6.2733395514154351,2.0333859172919069,4.5536230026038282,7.2305559158686075,3.9881673947583876,7.1569006750425386,6.6476083681018778,3.2374642731469372,0.45456221374683808,2.3754458284850282,4.925175304056304,0.76209179646459024,1.3146908211795925,0.20893792018732832,12.727161677548262,9.6988054461987421,9.0559940146946172,8.0810888578782301,1.6366988503678579,0.9641602683168643,2.9386078357800622,1.0354805987169251,0.61902816844449082,1.3256481168115253
10.063624227180865,7.6388595301452531,8.1135501786857755,6.1066317661962035,3.6189523907352852,3.7379365853803952,5.60487214193087,0.82441787737321626,0.18175005082723569,9.6561051384881491,7.4827170513851584,6.1214920136953133,7.2790059823687834,8.172684820112778,5.1674350427945921,6.8085682265055203,2.1750575847207787,4.7022936019646453,7.2841005575318949,4.017720130320618,7.9197051390140745,6.9939112235997785,3.4336358517914229,0.49371368492967449,2.5822093411243201,5.3622025091133638,0.78870998727342068,1.3636110019744609,0.21623034254061443,12.822296271647822,9.7743380818992645,9.1233512667860843,8.1411130114916741,1.648833083687693,0.97131906642488086,2.9654805668167805,1.0716157547559564,0.64048127285540746,1.3780083663430378
10.13660458161773,8.2147830160442634,8.1715759393933389,6.6621894148427998,3.7607916295339061,3.9474662105213625,5.6941667990962266,0.82716315646334959,0.1823831194150721,9.7172794975637231,7.5364100953307984,6.1667500295362379,7.6405450944338753,8.4460753677766593,5.329158392207817,6.8270437726100353,2.1776186066053485,4.708705514848095,7.3370309135945684,4.0442715712873749,8.4982136409370579,7.0456200762833436,3.4590224219613948,0.51493913656961243,2.7002251232041505,5.6503554701179439,0.80515817859931238,1.3949254806412195,0.22093120407440328,12.910824897969828,9.8335440901007001,9.1801451554474411,8.1919100027649687,1.6595398941514425,0.97749923280615536,2.9837028232005092,1.0865039229573599,0.64919071319499,1.4036065456896194
10.207021361921642,8.2720014841519127,8.2320335163871494,6.7114705616141688,3.7886181207252085,3.9766732320786966,5.7359991764360903,0.82812116179983242,0.18259655219505433,9.7889731771879092,7.5921326750571128,6.2123856010851535,7.6968440334111934,8.5065465200069941,5.3683494185752672,6.8765090545980696,2.1935133949774501,4.743290771312962,7.3913028469489612,4.0741459294284121,8.5607228444843511,7.0977654417194254,3.4846228892248292,0.51873774181472498,2.7201478499493166,5.8341265175038064,0.81351766948853621,1.4090926172123888,0.22311989836344806,12.99938159419024,9.9007213855290015,9.2459776073371263,8.252192419237792,1.6717882790925058,0.98461848337349156,3.005543293533484,1.0944703523460024,0.65395257827743813,1.4139127561724931
10.281183491106662,8.3303696999399293,8.2929372053639927,6.7610934117731301,3.8166489947357753,4.006095380330577,5.7784388015186297,0.82908013756069399,0.18281018958839843,9.8594954479843242,7.6482315288729676,6.2583485434987978,7.7495759071482775,8.5579608501147462,5.4056177701744437,6.916096270045867,2.2067874384778814,4.7751694771046296,7.445480872099842,4.1016676788030049,8.6198247824848906,7.150081967736039,3.5103257486259345,0.52243348875605067,2.7395728666111405,5.9588408301695557,0.81930269061776362,1.4191189777210347,0.22471025825519464,13.030442223048336,9.91162014680393,9.2436487538480652,8.2730767697210688,1.6811695682314092,0.98745753813972581,3.0195433427930181,1.1004022142418954,0.65755354858199366,1.4220203860201914
10.356502247955898,8.3919870240288574,8.3542931011127326,6.8111877743326996,3.844871774498015,4.0357222401004025,5.8211781666628886,0.83003903608151064,0.183023802498986,9.9321414024157164,7.7048145439901692,6.3045926150289961,7.808081100954551,8.6259799079611739,5.4463808930969799,6.9677539466233096,2.2231907527421022,4.810589258000177,7.500548540549036,4.1319423471146326,8.6834041653177749,7.2029006311390633,3.5362585918071971,0.52628980031471639,2.7597970759903037,6.0028638341879361,0.8218906374294942,1.4240110914693003,0.22555286786292772,12.995716539321647,9.9620409948129272,9.2893795738882581,8.3333989095686878,1.6935422763786663,0.99360963183837847,3.0397931599153729,1.1080803477779206,0.66215378950342774,1.4320386146280899
10.433123136472018,8.454089160802063,8.4161014528317484,6.8615509045495955,3.873325162841367,4.0655866251598063,5.8642397962040915,0.83099797887317095,0.18323741789264361,10.005802897238976,7.7618074982259699,6.3512733136323654,7.8656622108471934,8.6890262532569498,5.4865447997872812,7.0190141484526292,2.2395954040627104,4.8461253410161991,7.5560248439178119,4.1625469427721651,8.7477788562180141,7.2562549457364103,3.5624514542818129,0.53018982269469972,2.7802467471665948,6.0473199748953617,0.82448330464345043,1.4289131126296515,0.22639856866330815,13.198287380188972,10.049152708211325,9.375127585196827,8.3951628820340627,1.7060861915653056,1.0018169916528927,3.0638336360976717,1.1166495612294312,0.66726476970281967,1.4430365229232482
10.51008249362798,8.5166217732290708,8.4783687397537797,6.9122887818293508,3.9019879113429057,4.0956698706383516,5.9076474099203873,0.83195676749457692,0.18345098837026871,10.079933291733534,7.8192408930218118,6.398283176489203,7.9196258367289971,8.746592614602525,5.5251437361633293,7.0702167875036963,2.2560391289721675,4.8818584058008554,7.6119514407067879,4.1933707474537227,8.8125446996264554,7.3099690266495525,3.5888207421244007,0.53411475379572271,2.8008278712002612,6.0917994688568813,0.82706105383952211,1.4337928300552181,0.22724109967864287,13.246660086284459,10.100726975248616,9.434054544974428,8.4575646476938982,1.7187310461398773,1.0087137625611617,3.0855615600798454,1.1245568178567984,0.67199909439917238,1.4533249352549851
10.587399931642603,8.5738968238495996,8.5410823376581924,6.9600297683374226,3.930809010131795,4.1259374081324083,5.9512967956214959,0.83291520056852164,0.18366447548171663,10.153675665358788,7.8770548317400859,6.4455579934499436,7.9782465350361464,8.8151868989223647,5.5662923162010731,7.1227005032862634,2.2727588588412364,4.9179852651715175,7.6681903771643158,4.224202269218952,8.8768724161975072,7.3639504242614038,3.615327126714547,0.5380351095203646,2.8213953096956925,6.1362886830148868,0.82962586093833135,1.4385977641159513,0.22807279831057978,13.395881646515731,10.197682688809566,9.5145712418580644,8.5199407121694239,1.7313857581696579,1.0166919666578376,3.1092887078854741,1.133112065357573,0.67710524509409198,1.4642823987126696
10.639236780886316,8.6276163361523359,8.5956804817001498,6.9810557179949528,3.959908969353366,4.1564769307792595,5.994900971841048,0.83387014069804533,0.18387718610085096,10.229101959713581,7.9337177922844759,6.4933118309980262,8.0350551251288103,8.8824969795919024,5.6057658441444236,7.1762046025934021,2.2897191179571248,4.9545345743481422,7.7250064154707614,4.2555384463639649,8.9380016196128995,7.4184332887994771,3.6420807530616846,0.54186921497558582,2.8415481113750962,6.1808304737329083,0.83216960084155023,1.4432261303740277,0.22883612207994797,13.443238182841027,10.271531503080988,9.577559320173707,8.5832375351430947,1.744231574039397,1.0238546607962937,3.1314786578619098,1.1411395239548487,0.68184920009936312,1.4738255105449463
10.711004834216686,8.6912515810431419,8.6592749154926327,7.0291013785116787,3.9892011709002722,4.1872245512754063,6.0392523028285066,0.83482881009281262,0.18409070934394323,10.301111809142959,7.9924155779250698,6.5413218141056797,8.0617219787481442,8.9329532812896293,5.633670140367423,7.2237799531475098,2.3059721742413806,4.9902939996054556,7.7821417203616221,4.2862342271130105,9.0040735707117854,7.4732965262543241,3.6690159738508363,0.54587569140147463,2.8625585213307621,6.2265383955527476,0.83476132111134138,1.4481255056007205,0.22967243352074279,13.595729723403823,10.337445570643101,9.6490261096122012,8.6406187607922469,1.7566069042555272,1.0312945380219882,3.1543461244490971,1.1486599952674248,0.68636695317788521,1.4836877873139045
10.790239652463542,8.7555389954052139,8.7233332909503076,7.081037598973098,4.018696114656894,4.2181873728601094,6.0838924296291887,0.83578722145894357,0.18430416743143985,10.377065297448297,8.051519173796974,6.5896723397546655,8.1169649268086506,8.9920374383809207,5.6732571642152916,7.2762529259339175,2.3228694968447954,5.0270287147422259,7.839654391993955,4.317877000890034,9.0694405548922497,7.5284956900486444,3.6961204254778526,0.54987115852392132,2.8835241203767015,6.2723513289425901,0.83734463401369852,1.453022235935393,0.23051953596939498,13.679973019657076,10.400862556232331,9.7153029226277923,8.7037415428266165,1.7695421156272244,1.0386501261622367,3.1771637014356773,1.1569002493477776,0.69129754537297872,1.4943837290127258
10.868968451254561,8.8194376582240288,8.7878561886422482,7.1321562143219976,4.0484451934047838,4.2494098743205573,6.1289490356354399,0.83674604569617828,0.18451770980297341,10.452503107563038,8.1111256159846157,6.6384647468238525,8.1707808099078729,9.0619504895746203,5.7131328124328,7.3310785872704374,2.3399326743624052,5.0628568243579908,7.8968557577349392,4.3479263492226456,9.1330860672757943,7.5833114206734109,3.7231159950622867,0.55380374623281081,2.9041900362920998,6.3179902466057962,0.83991010443500469,1.4578858045385343,0.23136054515343646,13.786284726069646,10.485288280985227,9.7826055122887432,8.7484342503737533,1.7810073602594794,1.045605920476814,3.1992877539356526,1.1649906552259255,0.69614177598797289,1.5049066963663413
10.937471205230711,8.8735882545180012,8.835776331816362,7.1291600766742835,4.0399430027448888,4.2454984638817246,6.1264152100648337,0.83736488459134628,0.18465638001198456,10.409111258758919,8.095061353724029,6.6186614571192317,8.1423977550609656,8.8004980333701113,5.6521460118325262,6.6171541816950521,2.0809309689949331,4.5279032849330232,7.5877982857178852,4.2512455534695315,9.1014596003710313,7.2782557620427974,3.5969998963928407,0.54403285412656077,2.8559200598572847,6.2685744541030903,0.83875417608977798,1.4566031601544267,0.23128236163047206,13.767368108703195,10.386364820390694,9.4123639460529631,8.3274820011305568,1.7213004542264236,1.0074761021495793,3.0966104915003405,1.1360457832077768,0.67973978588985806,1.4734684154695128
10.995871183401896,8.8943535742732625,8.8856010424388003,7.1690897931418247,4.0519575198907276,4.256885948546886,6.1524279599942764,0.83812269556761843,0.18482298034770575,10.443635848662597,8.1405335464828052,6.6412308967491409,8.1887977479041325,9.0278244893380108,5.7167781809328604,6.9816516378799669,2.1680592504087079,4.7253934799792967,7.8434745845938609,4.3306023801815847,9.0780210089584372,7.5049329308664374,3.6884572186254818,0.54965295362448741,2.8838223192299934,6.3047776293544597,0.84064724739684316,1.4600039760414687,0.23187579436629746,13.799941302331492,10.4247503211453,9.7089969826580109,8.6685985521103728,1.7706271114581362,1.0383413348483115,3.1724647362240774,1.1588879465180508,0.69298346118942156,1.4995313661464458
11.046069279825918,8.9331841718649692,8.8818829861519344,6.3779846139056557,4.0562347423241985,4.2625155317144818,6.1587557676554257,0.83877944223932333,0.18496867895393582,8.9595026693201962,8.1325752100241218,6.635395647551884,5.9350310071131975,6.8038333024834365,4.4865299034139596,5.3645015268459266,1.7013800828257795,3.8559423413902754,7.3635521640927681,3.8170330338652638,8.0322382198828439,6.5362775892648157,3.2592399496739852,0.48643493698035217,2.5695186164890802,5.9245585440718012,0.8266927609539072,1.437702037874669,0.2286727702082092,9.5230822622927622,7.2365924785852647,6.8843228450589136,6.7819027926838382,1.5121109290595078,0.80920163639558329,2.6684424111468039,0.95707943116093075,0.57647402706930806,1.2620486366300538
7.9445501690375862,5.1586472540007664,5.7566518698670377,3.501939985450508,2.7618671609779648,2.8262728388666702,4.1231024672164684,0.81371501773224009,0.17920409547907545,7.7467561764253317,6.0045349313942049,4.8379060873255346,4.7594131661109875,5.2818099935148073,3.3765261451947257,4.2694048812230205,1.3738450462712322,3.1178382561084308,5.9193116954096574,3.2264965865167756,5.9062997596466724,4.8561627668671354,2.4207504380443137,0.35932998931604787,1.8966462834808,4.1374416843277233,0.7067695222013971,1.1997604845605081,0.18862314258890478,9.575017368719875,6.6232018717839169,6.4013796702762047,6.0502104099572422,1.2990260495167127,0.72338759087844184,2.2423057013687901,0.77088372543517791,0.46006396432883628,0.95368019479043864
7.5914939839431961,5.0144916002644262,5.7951084717217567,3.2409600468687461,2.8860421843149879,2.9353944243215517,4.2406325532772859,0.81616264809957595,0.17974461853676987,8.2579132365821408,6.1324032245161835,5.147940272096502,4.2695171025440652,4.8050351206355533,3.0782617617543027,4.1347174461040055,1.3438020997992322,3.0688397139194108,6.1591784061591701,3.3963248457412045,6.2895471454882905,5.1083160997566122,2.552240085725324,0.38090812750398345,2.0106829088749487,4.3311563261461172,0.71911302861090642,1.2151235911129399,0.19005702942551742,9.7105503304534366,6.5370619071731442,6.4740434677315308,6.2257626856866937,1.3569093200297779,0.74342257408773871,2.2844512059516284,0.75415079785425543,0.4504551189699077,0.92869643649721278
8.3676761404586397,5.4273341694717185,5.941911542027265,3.1779047030273206,2.809131288853103,2.8901663420873329,4.0033113787723487,0.81500630570357135,0.17953399977741263,7.1341159809320223,5.7374646049716969,4.9907556219317337,3.5875907613005338,4.0995512282059403,2.6614076749008571,3.5812630692853484,1.1776247420248402,2.7320093450809075,5.373380953269284,2.9374219657106497,6.1179496928864809,4.7093369886395173,2.3713077926313035,0.362745621263804,1.9206259113519268,4.2825739918772241,0.71844620937773163,1.2229192523982984,0.19277264259826871,7.8301875277648145,5.3952978727032344,5.3193278613563635,5.2095812697455628,1.1682708907825927,0.6255119952706627,1.9913858955857546,0.65716925731118303,0.39504457213227995,0.83357113081688472
9.2509356443694415,5.9959368340848043,6.547484410702114,3.4386625088518317,3.1036984723751955,3.1884685677247147,4.4113643091833996,0.82215942912027262,0.18115366033078928,7.8179563106959815,6.3279268235961661,5.5278058740201104,3.4406650859117685,4.1036200145425923,2.6547731136955361,3.7013158869960079,1.230483741607296,2.8824021191213625,5.8979163784362179,3.2109305630982532,6.7366727927682408,5.1932598025250343,2.616782930362008,0.39984935214660572,2.1173270320563353,4.718137032796494,0.74960626308464673,1.2817360115220904,0.20290514788279257,7.4525391857923307,5.2538870254233521,5.2418999061766911,5.4320376396430525,1.257223125965663,0.642570578875446,2.0901930777188347,0.67723005432970873,0.4080926372918931,0.86761900604762543
10.207977576247345,6.6112760012424987,7.0120737686531749,3.6680643015031351,3.3662994575960878,3.4569891445759686,4.7252797644641289,0.8274961820809329,0.18236781320836642,7.5570270421949184,6.7637959882252936,6.0684396202816302,3.376505372598515,4.1292038513416216,2.6674836377906574,3.6506254184870293,1.2071781032463429,2.8501846479526405,5.9916982475663323,3.1513213974367806,7.3209798484106949,5.6345186070839368,2.8441155724518179,0.43458428706861957,2.3025260548412025,5.1491420125424181,0.77713686585832631,1.3348112746746268,0.21223352409488477,6.4594237346002812,4.7993471300509434,4.7651703961069103,4.9961880265180474,1.2133523915718718,0.60056587653039273,2.0324946650332141,0.66797743560226397,0.40357635853684154,0.86697703803200266
10.624809162206841,6.6307549166143236,5.9357112301544319,2.9799029126550178,2.6984118100234964,2.8282765677879049,3.7595704774092558,0.81487717977092988,0.17957044182630041,6.4253654903725561,5.5762016561683847,4.9960613508821412,2.7122871291578892,3.066102833515167,2.1007230097355536,2.7403606199504589,0.89688620462159518,2.1153005063739165,4.7078104740315281,2.5785709168256932,6.5109299510340914,4.5179630216714672,2.2940679138719591,0.36855437869520574,1.9510492413762295,4.3941449817827021,0.72959217882431648,1.2593692265637206,0.20160774284646585,5.7337281178023849,4.0816062914524789,4.1629952149380065,4.1758197196966789,0.99612686066174905,0.50970271346630969,1.6940653525393323,0.54507452159637104,0.32971905160818393,0.71153160430927065
10.678439376508873,6.5134805306867474,5.5780589463496595,2.5495636216867883,2.099881485760708,2.2510447116493162,3.1526476544302087,0.80107582680573086,0.17648929722833631,5.6886937551857679,4.8241089905965815,3.7063137473940966,1.8702591491721019,2.1014136784534103,1.4909330531516549,1.9501113888489714,0.64283976538420795,1.5307498338249772,3.8102586062921131,2.1997727232750721,4.931256667801021,3.4391001662617611,1.7361049409518454,0.27892590804998163,1.4736805366004464,3.3756642755295458,0.65324671898046338,1.1355566848952907,0.18308509098529352,4.1560699656016453,2.9847946907125613,3.1679267689112498,3.6741903375040468,0.84942567516747092,0.40756064110725138,1.361164173097632,0.41727756439247221,0.25395621887621639,0.55876999757254153
10.595729166537978,5.7139164309853641,3.9152592852818469,1.9289515405252664,1.4439871236087354,1.5778982413229274,2.1744428069087625,0.76816643398588014,0.16918332414113763,4.6705505809369443,3.3443115600869908,2.4974297854438077,1.3764153346329826,1.5417142820450216,1.1041065891062387,1.572640155440187,0.5192046291987874,1.2285775855568035,3.0223360002698239,1.7815967448787122,3.3557867340067054,2.5623988742130561,1.2807685352978875,0.19738555521749054,1.0399950263628881,2.3717181161254679,0.54457093749279339,0.95176167971357706,0.15493819810784057,3.4568936903150975,2.4325406779704237,2.5645610556861684,2.9262045591566976,0.68399958802754579,0.32924272189140913,1.060351129813859,0.31782237557658061,0.19314746338722882,0.42742193019099167
9.737942186928823,4.6569875275505286,3.2296421858862492,1.5664441796121569,1.0606241685429427,1.1712720686963531,1.6675925538303553,0.73551371400484855,0.16187734083693528,3.5114978434793289,2.528038356677266,1.7819142388690243,0.97637207025986239,1.0535067425512632,0.78739148452067653,1.0473420065347945,0.34796292102942095,0.91125308458736365,2.3542529748624421,1.3710784014004116,2.4103747956558945,1.8549714355880893,0.92855995910629907,0.14244597610628026,0.75219474204688774,1.754126251096646,0.45445266109936727,0.79447856428995933,0.12997017074355849,2.9088768853688443,2.0095507411042011,2.0741085094293963,2.3065569200065656,0.53187846465115329,0.26179730726333539,0.8263966319465248,0.23812700433756456,0.1450486144435712,0.32344800605464463
10.541415439084055,5.1181563608905734,3.5468627883722039,1.6803414492231541,1.1508135867423324,1.2741237952962274,1.8043529925936419,0.74641376424391837,0.16432385290840404,3.8311900166241735,2.7642640173169548,1.9242047782654921,1.3055888952156729,1.4422858452297656,1.0220866480951063,1.4229701648973556,0.46985477374250806,1.1002946204384521,2.5734935928803804,1.4984452421379981,2.5889102395841399,2.0006660092671615,1.0023095711224901,0.1533747177044667,0.81053741342197039,1.898633831391846,0.47867338048747099,0.83875019449017463,0.13736210324773895,3.1293347905543585,2.1676507031881349,2.2213889480191833,2.4853225712605878,0.57904307693005641,0.28242500642795521,0.90443741513076814,0.28068694359281354,0.17065421433824715,0.37748963596843343
10.619596718124855,5.6484308527519218,3.9012574528747983,1.837592128646145,1.2660165167598871,1.4007458887540163,1.9751396637494567,0.7578647244350073,0.16689022436948175,4.2455303191003537,3.0384015461301592,2.1256531270797194,1.5171445106198063,1.711314132430823,1.1670996168017367,1.5444934800165657,0.510295758205354,1.1977097336557974,2.8364519742524883,1.6564229185682193,2.8525435786804683,2.2088210985236119,1.1069858142307978,0.16918079335828498,0.89402561428313621,2.0926174194397773,0.50838450596105444,0.89222514623577165,0.14573981740213304,3.4198812045548337,2.3339120762345376,2.4168638029938299,2.7405255135238584,0.63931833065444987,0.30924261171106421,0.99054453926142938,0.31270450231322722,0.19004482686073643,0.4196761210846619
10.687724240655536,6.1920802246424538,4.2965033787147506,2.0108003019897458,1.3950482366464387,1.5424463194538727,2.1736543374742889,0.76905681913338209,0.16939721373580258,4.7361925147061861,3.3509407729484884,2.3504509129378537,1.6733662281443702,1.875311692284561,1.2823194388109806,1.6926813086096526,0.55872732798350433,1.3110151899644853,3.1402281420945415,1.8409123524708546,3.1500205237784407,2.4414547042686925,1.223646652515946,0.18690897370682821,0.98757764743910381,2.308576722707349,0.53910425029016085,0.94668196741377197,0.15422469100240105,3.7973800533888613,2.574617842688554,2.6684819841880225,3.0369056794255163,0.70948807095255229,0.34217919462324908,1.0936539058271422,0.34454913439394336,0.20938972357623914,0.46212947067299065
10.766863331497978,6.820945657750201,4.7306437847215124,2.2247671898861627,1.5401257873486591,1.7007479899734237,2.4048395459161314,0.77987064024977426,0.17181870272200636,5.3348395178716768,3.7030572279139475,2.6092080276395353,1.8621115923494751,2.0859844335077939,1.4254515340156368,1.8860522091563858,0.62499404492040112,1.4614923401302917,3.494212237888537,2.0601867136822833,3.5113340004940388,2.7161495742510722,1.360463808524601,0.20807735384001946,1.0988606855357259,2.5590371578212845,0.5717192623556312,1.0046400272249063,0.16321666454725903,4.2588244041960275,2.8751541875402316,3.0143050199668298,3.4175480913297873,0.79450461002017636,0.38499719626774093,1.2227127853511475,0.38421180443839531,0.23340473143540327,0.51453885932536947
10.84621609087664,7.499285825970361,5.2018331200856762,2.4428296112780159,1.6938152929890529,1.869604056269486,2.644819104130967,0.78959737302993604,0.17399853611923835,5.8960765254140499,4.0803084700158969,2.8751626105201464,2.0565962974395684,2.3035301947690234,1.5712987135704726,2.0855662067605145,0.69009765988054816,1.6098410304487367,3.8681577733910988,2.2791589773556482,3.8731539207021948,2.9929091331265525,1.4991884716142456,0.22940974318543725,1.2114089298996591,2.8165820377354005,0.602678985959341,1.0599311292964535,0.17175889755201387,4.7954120865860359,3.206501084389747,3.3582806558845824,3.7971390676779082,0.8799703015545558,0.42779718711955445,1.3539263110124404,0.4246024288810783,0.257898411072361,0.56811206859766894
10.909613162256377,8.096659748455556,5.3681708632971263,2.6310920321899807,1.8585052307490211,2.0445651584786275,2.8899903429669385,0.79785673747770358,0.17584144975037305,6.560396031324359,4.4523965892027944,3.1648852389734698,2.2546212741103964,2.52208962831084,1.72040292143426,2.279449902136399,0.75348620602352434,1.761551932293896,4.2799491772235845,2.5290802482499037,4.2288928654547151,3.2551294833181097,1.6324557164187996,0.25017353036723194,1.3216483019558207,3.0736102377318191,0.63074650056268433,1.1098019304078175,0.17942500125461486,5.2516478984395629,3.5005248143785308,3.6771348388510563,4.1870078437766916,0.97417700484154024,0.47067200938257409,1.4858224699244762,0.46531100492976374,0.28218714934503725,0.62037133094810959
10.989485394685195,8.30399765012457,5.8932109121676417,2.883632213659038,2.04474215656098,2.2475638077436431,3.1761945077585247,0.80639858666783826,0.17775641702041114,7.3370689425114346,4.9032144062678222,3.4892516830525442,2.4863450451816429,2.7894696242870611,1.8952854308962048,2.5178948768761953,0.83144054402943524,1.939804537344378,4.7414597474357771,2.8149628728360048,4.6654962090677463,3.5877987868566041,1.7994053656148763,0.27588343172460211,1.4573347362954372,3.3833611386481404,0.66202404394888337,1.1629966574587323,0.18758050959692077,5.8748621567727746,3.889580499015787,4.0890480974306946,4.6502680673836059,1.0827733914769773,0.52324285644036506,1.6453405743551122,0.51409416205568814,0.31170271543771727,0.68462068196009729
11.069888365061361,8.3653716770043669,6.4631387339321513,3.1697693635882933,2.249614597775401,2.4702046034365948,3.4901604591943802,0.8143629914569217,0.1795417281711289,8.0658267861367783,5.3927293827104545,3.8455024421683932,2.6180426917258295,2.9802490300864939,2.022523904472517,2.6597633179209064,0.87589688232535079,2.0548888401474064,5.1934021886398645,3.0571344558713696,5.1243382263391064,3.9562855562191865,1.9841617191888783,0.30358464282243564,1.6036698440498263,3.7188011067465272,0.69268320853414644,1.2142713928462168,0.19541534341449288,4.960323912582421,3.6887027066713625,3.8349251029200757,4.783950712971313,1.1544107775703263,0.5181581289173316,1.6866729007491335,0.53617945262815814,0.32555749275628526,0.71866767013624466
11.151483251957634,8.4262792634716064,7.0635425918615082,3.4555726516012371,2.3173917436217168,2.5634039846839394,3.6425386220065143,0.81837660351941699,0.18044623232969487,8.0717678484684772,5.6308821928230177,3.9499428734489137,2.6528442000922423,3.0360880949539122,2.0816448183292477,2.7066258392787841,0.88478643888948627,2.0692395462550182,4.7392723740985154,2.9239673580219985,5.5831325348649994,4.2046662308363887,2.1074739279755579,0.32674256422089321,1.7248893577262641,3.9702915565886268,0.7121824095479341,1.2469805452866332,0.20043360082607606,5.0866929882718379,3.730300948369671,3.911578856196245,4.7902138121139846,1.1213854881177021,0.51806435151495533,1.7067022166873596,0.54682476096916721,0.33264463892006224,0.73903337484343923
11.230188890602362,8.4887505867534578,7.713723280053407,3.7981554363931505,2.5466164503806006,2.8131454764992112,3.9935130344767455,0.82542194143446534,0.18199925436289047,8.9857222754557178,6.1859916611569785,4.3465531027785715,2.8980254676199646,3.3340339314219261,2.2781296749634281,2.9583235663845318,0.9627459483824351,2.2572085489810179,5.2349435933735338,3.2423196816632123,6.1512263788438526,4.6326268775728696,2.3219371296846454,0.35998636046819554,1.9001350085778033,4.3617991184772906,0.7406161443811764,1.2943300793349577,0.20763500785509087,5.6776031147003065,4.1321474137775462,4.2975206548644262,5.2757157892104507,1.24023057174937,0.5707437339879734,1.8766388278597275,0.60007352972025629,0.36497743322066506,0.81063172580755771
11.313023378479828,8.5514283706680061,8.0392526324303546,4.168514351636162,2.8003656445010865,3.0871703565536306,4.3825908843681809,0.83154192694832496,0.18334865727116179,9.1031413317265173,6.7892009203768753,4.790081401750351,3.1928584209663931,3.6644641296883989,2.5058002770775998,3.2567266650785642,1.0589081835188765,2.4795462606342968,5.799267873372588,3.4504797476407703,6.7635460925241428,5.1122127065008005,2.5616723226941134,0.39645564357695207,2.0923076563540972,4.7891086961102358,0.76818193204130569,1.3401241576404765,0.21458664466801305,6.3496270218217434,4.5735760389589872,4.7792558949062487,5.8669374856770382,1.3424036305571829,0.62762047398603982,2.0618035018174079,0.65948226843287849,0.40063018425352942,0.88888688376610936
11.395990924152004,8.6148341293510278,8.0987250669182504,4.5705036982870215,3.0763715312235731,3.3831331320526168,4.8008729603133835,0.83685065574898154,0.18451955275563026,9.1689185720579953,7.2779542217470201,5.2727444467229061,3.5172925577145957,4.0393889701722525,2.7570636233129524,3.5924193935506357,1.1659856389932191,2.725058239298487,6.4196869387940714,3.6531233691133238,7.4322872017123629,5.6359340494372896,2.8232336096276924,0.43626058568083748,2.3019084703148449,5.2201472103691664,0.79314254747144186,1.381547187553936,0.22086896829205524,7.1120250179916651,5.0790431787324817,5.3209096300204743,6.5220632816761421,1.4474116760564724,0.68935026903708685,2.2537795066740327,0.72229209664874283,0.43785737497189003,0.96804178579227551
11.479127429564866,8.676158465262894,8.1586841248627664,5.0089498662904903,3.3750563341685482,3.6453899135586392,5.248504188506633,0.84143051295336302,0.18553006818212292,9.2411318465368542,7.3319213993629528,5.7952999728091692,3.9139967622045657,4.5225788040446675,3.0568085165144385,3.9900935588378013,1.2930275671438307,3.0050205689036575,6.8474841688816284,3.8001655990909584,8.0336531382461036,6.204553002068474,3.0886514064478798,0.47407667653746738,2.4934951839675938,5.5583081201043969,0.81163853631088756,1.4123394281341084,0.22555919354028234,7.9516566603101895,5.6625505519632471,5.9688055004943781,7.2494509375246308,1.5335802641305412,0.75426160682357757,2.4278216582552221,0.7860587928901176,0.4753702766263882,1.0476358924961515
11.562848455951157,8.7402632185031202,8.2190005608693895,5.4786495931340111,3.6198361153776979,3.8318394577622419,5.5152788797984078,0.84432044199948886,0.18616869374856623,9.3115290149271601,7.3860834889622824,5.9310696390133826,4.3092901455525041,5.0092731396643249,3.3611260633058713,4.4032091119350376,1.4219405230707147,3.2935552502595513,6.8982981675671384,3.8287492361421775,8.086448100147873,6.6044787738088502,3.2556340157735546,0.48760537109417873,2.5615362520605234,5.6743278780201312,0.81873794408752654,1.4245703653575439,0.2274909585884396,8.9112509998989218,6.306495898812174,6.6534099347911724,7.5206978161902684,1.5571430562995709,0.80617645489083722,2.5588991051318342,0.84137127179978344,0.50779625365780279,1.1170394252330669
11.648116276884876,8.8051083749519101,8.2798483104122376,5.776292344818712,3.6468352054966537,3.8603653563179803,5.5566092293116975,0.84531058901431944,0.18638923958308076,9.3824784170843998,7.4407768725851984,5.9755995607989743,4.6958269393797218,5.3588742896840955,3.62753685292168,4.7309494659048985,1.5227872318842204,3.5244159301247566,6.9497286426694247,3.8568857812722652,8.1475886399362452,6.6542754061100133,3.2801394703964402,0.4912840045370559,2.5808422964035413,5.7162572613580052,0.8213911241638141,1.4295665659604242,0.22835049329629695,10.105286025632175,7.0417453587003545,7.383014834928237,7.5655789507969251,1.5678886645393795,0.85374662414554814,2.6712656758544555,0.88872833856276767,0.5354786005404476,1.1747760736229418
11.726851595880424,8.8678061414728599,8.340363829307833,6.2013870834759564,3.6737927695591641,3.8889042219364889,5.5976935363961324,0.84629743234554089,0.18660904889905247,9.4515002619953563,7.4958154334215337,6.0197760828889555,5.1183083992160778,5.8223827867878981,3.9475173014479163,5.1024817077605906,1.6101492725055029,3.700315795207445,7.0011270273033155,3.8853326960801757,8.2018131979415578,6.7034842905202501,3.3043969396373707,0.49472430237209625,2.5989751312192753,5.7572462290397111,0.82399434539375427,1.434453108699667,0.22918485799811958,10.796891157537335,7.6320395221973314,7.8989495635183298,7.6209098790871552,1.5794084355111428,0.88623275227852216,2.7495552591475034,0.93303987367643182,0.56130520522060945,1.2300032690529998
11.812822690760267,8.9310711532027991,8.4020627625047783,6.3423763707510856,3.7009454309243011,3.917654703477631,5.6387915672664635,0.84728304564020951,0.186828582552265,9.5193997333338718,7.5511744915406629,6.0642329454528783,5.6158545352012368,6.395301354297966,4.280365556789989,5.5965140131075897,1.7590870936014456,4.0295413338909629,7.0526317283284428,3.9135704591394607,8.2622464934121105,6.7530292372549718,3.3288209899344028,0.49837494996039156,2.6181559754982353,5.7997636395769332,0.82665196383537387,1.4394395824278161,0.2300431279212482,10.833429976967739,8.4122456584486596,8.0768109402933099,7.6721731156860002,1.5906779996934852,0.89920343888891174,2.7992362131666382,0.97083051323816105,0.58332395880511401,1.2748573082792036
11.899967677412347,8.9970140253738435,8.4642201273767643,6.3854588953010953,3.728290588769978,3.9466082869530092,5.6804054881092299,0.84826913883420052,0.18704820975054898,9.589288717842102,7.6070241253834663,6.1089578366269297,6.169621448587459,7.0865260438001716,4.573521913653618,6.1388086377107625,1.9220639948247684,4.2709914060404941,7.1047132640616422,3.9424042749375201,8.3180850781286306,6.802310843697116,3.3531604145326073,0.50187282338061645,2.6365891497357894,5.8411391620737971,0.82924584574383253,1.444341917818347,0.23088998403146582,10.883991255680433,8.575073886762473,8.1532319623182996,7.7307667813264906,1.6025186212924383,0.90678025066219892,2.8324885262812867,1.0003911780873338,0.60055581651160228,1.3092682953640506
11.987816595165448,9.0635326713903943,8.526805942963847,6.4309792206349599,3.7403452622614428,3.9634622512675759,5.7211404480253307,0.84919090166320843,0.18725367297604276,9.6578776741003889,7.6631607180535921,6.101624223840405,6.4633101846418244,7.5407731724150855,4.7348929106159252,6.2076052645916144,1.9817427661774023,4.34409876791206,7.1570170725021605,3.9710445129109186,8.3323236067864066,6.8181026246769623,3.3613386998615291,0.50290895415150694,2.6423189060553582,5.8585940720614476,0.83080594702121024,1.4475558799816819,0.23148598019283781,9.5697477978496313,8.1089747597092288,7.7819087739742629,7.7773584022364375,1.6136606053709823,0.88927148821333812,2.8090412464248464,1.0063833513881664,0.6041862080250977,1.31736497961
11.983799466817828,8.691113555059486,5.3788591550342106,2.9752461659950362,3.0668221433637584,3.2500619379225864,4.1867757280798692,0.83436329292300004,0.18392839879889258,7.4156252770782158,5.3418818663752754,5.4513700840306667,3.2451808938170443,3.9507209716338134,2.4425117092172091,3.610475502871203,1.2157284547668241,2.7540814765817943,5.1391149224564048,2.9328041878212625,7.9110795575204227,6.2320184688411029,3.0847240341534605,0.46994588614360355,2.467324688942786,5.3385236876710636,0.79526397187162989,1.3868670628215198,0.22241999377996183,4.9908060665146827,4.5844895221534339,4.6945288988881106,5.3393298753983016,1.1615591953739597,0.58313076218864801,1.8533904549986768,0.60806631593516292,0.36508115021520171,0.7811416677067593
7.5540614381076656,5.9248746409177411,4.0679113556122504,2.2477987788796199,2.7288971826200989,2.8293182791928984,3.727954058699821,0.82423691930308773,0.18155824225041148,7.9032558197351266,4.7400508732520468,4.9859178030649289,2.9354906596286745,3.3072397422508444,2.1022401813797433,3.1329306859671449,1.0492565248500112,2.3573614848919342,4.9549630981811514,2.986948104716276,7.3879584192686831,5.7887417273314901,2.861075259790876,0.43734876769802522,2.2911824764101016,4.7130070397232302,0.74806886743158374,1.2729869949896062,0.19821309566278478,5.146503164241234,4.435466696440713,4.7258077528226812,5.5684975227074371,1.1790732567639728,0.58831469879410425,1.764160039312477,0.55421244168711126,0.33014784801666758,0.68930186957780326
8.1125572193755104,5.824361976612475,3.692813096222459,2.0042423107259224,2.1693592684668661,2.2987529653806997,3.075191381181531,0.80981408654090015,0.17833896994092274,4.2902917036125743,3.9521034370340287,3.7326782378326353,2.1752777085286352,2.4211355765872518,1.6037721362432993,2.217306103314002,0.74431550511094213,1.734156321351348,3.5316408197125781,1.820528173419057,4.3754000237978534,3.3515718850314893,1.6987985531721805,0.2597241194200206,1.3797195257095336,3.2836667610184129,0.64684827668577038,1.1137832084797756,0.17647972339181917,2.6189456126820634,2.5102030918117002,2.443639595910251,2.9750658657995812,0.70565454950522022,0.32505685259131784,1.1185684649355339,0.37947277768454368,0.22870740736277154,0.49554671945877687
8.9720367782461814,6.4100940686201202,3.9348683425457289,2.0213950381679333,2.2085724159832951,2.3634911710611135,3.1984166032976815,0.8138789520786982,0.17927842870548999,4.2031020922186935,4.0759691772829418,3.7344434560942057,1.9889215230151998,2.1819750751584088,1.4908951864443718,2.06542247252847,0.69270887677577442,1.6242503449986085,3.5647383705224591,1.8042836902209769,4.3608851536295461,3.2333699048446505,1.645733960655317,0.25541479443118192,1.3590184555256624,3.3075923996709848,0.65309516669490808,1.131236970325123,0.18038459295230458,2.4107351322111454,2.2843393611936169,2.2457517434199037,2.7665541115494183,0.68604367233738095,0.30572717759750423,1.0729503812798502,0.36046776267784864,0.21805453536708072,0.47686322943302167
9.9701278993419855,7.088071012220162,4.285405342746234,2.1950961599708276,2.4215248275167598,2.5914897402733779,3.4896222068885936,0.82170948407387345,0.18104686552471763,4.6143023986512208,4.4628922072956296,4.0916142044872776,2.1310960249212214,2.3546423529291292,1.6040463131925444,2.1957955823915549,0.73057413127802495,1.715329498963309,3.9033160778479568,1.9738860404756184,4.7392632739196205,3.5260182116260128,1.7950856922627174,0.27806523407450956,1.4796175471387938,3.6024322868779097,0.68191008691468391,1.1855593589132454,0.18981577885041473,2.6246988504509825,2.4717537249606911,2.4032564952869055,2.9652126868919311,0.74496742425892815,0.32907916445521024,1.1567967387748197,0.38839641211961695,0.23501104379177645,0.51431283969206432
11.062656566297211,7.8289364871105001,4.5578265006249108,2.333798085145645,2.6632041917534237,2.84720636665396,3.8118787931310276,0.82911886042617755,0.18271942577306363,5.1299447784293095,4.8659191577546999,4.5084915289992429,2.2858709358154994,2.5581714085513898,1.72735024460108,2.3716922345952267,0.78356841489952189,1.8370192528305451,4.3190983252638437,2.1885120140030612,5.2010003345443572,3.8677218870973937,1.9707908721426499,0.30522235515613771,1.624315766377338,3.953606062912411,0.71272408090226302,1.243191215394797,0.19978143171082638,2.8715785153903015,2.688680227781147,2.6131230712856599,3.2450855616571541,0.82184977439316176,0.35985314830957987,1.2609441533990136,0.42133892791665789,0.25474953873238165,0.55637357728344128
11.588945340449854,8.2462236486422569,4.4874607182349768,2.4894258413309367,2.6563915719381574,2.8392958674392932,3.6698746271096301,0.82833183400743182,0.18254810787064968,5.7366667540381249,4.8569082074516166,4.6953362778659535,2.4841241769725557,2.8062104333947211,1.8677052000000836,2.6133157173397517,0.861607462705267,2.0128083043843614,4.6978121426738406,2.4237965028890529,5.4772512602122312,4.1877126891803327,2.1293368630341964,0.32537517456780196,1.7293940129436671,4.1344112273299789,0.72473017350075375,1.2673782205378425,0.20400555244385121,3.1696784200403996,2.9660287655531019,2.894090834566148,3.6182121165035661,0.91160994760362146,0.39876421933398037,1.366561748374074,0.45581629952167446,0.27489640648175856,0.60005884893570838
10.174195257246767,7.4397031652097008,4.6390084866219725,2.6230875970139054,2.7536834222154303,2.8721933207093766,3.7617217138653891,0.82843592154885182,0.18246356149395568,6.3949136991144435,4.9254911305842723,4.9651887204449299,2.724776297040636,3.0825512018562375,2.0409698965108909,2.8531719702542135,0.94002035420470254,2.1866151253078803,5.043724234225996,2.664830477680884,5.7274639857807008,4.4962897004781865,2.2845095626954168,0.3443972176842347,1.8314831881185036,4.2967975831993872,0.73059596970954566,1.2709265790435047,0.20285592065386707,3.5216297696943686,3.2576448534322933,3.2059962883705495,3.9969717966442242,1.001619478918323,0.44022532452808771,1.4816961980963474,0.49534821528965839,0.29807394208007759,0.6486226587849494
10.593725618229678,7.9811884808273943,5.0895456728483497,2.8684548781071162,2.9755562219288936,3.1110079272605722,4.0657770604811487,0.83476278451149466,0.18389772209554769,7.1231576576463294,5.4024134545275269,5.3728856546193375,2.993783589084658,3.3793460508836621,2.2392885194377747,3.1272062468753576,1.0293913620941517,2.3931227483546893,5.5636462218006102,2.9560395672882156,6.2835949817274814,4.9227410085760281,2.5003299573587818,0.377416194228618,2.0069662849185388,4.6844149626350919,0.75862534297320372,1.3210779529332863,0.21086150631262926,3.8688173269703996,3.5449287766134496,3.5068874671809702,4.4177536910072392,1.1090787644232487,0.48384218587949884,1.626977573768132,0.54373685640243086,0.32707837836512649,0.7113749996129185
9.6557202460019589,6.1650852323893366,2.5502624291061888,1.8696837852437649,1.8341143769323447,1.8498715322388317,2.2395975862142938,0.78118502962343084,0.1717371060252959,4.8726494757435121,3.0810234497531042,3.703904729322538,1.9115637267539933,2.374690277990994,1.4793623089819787,2.2993758861610116,0.7893651053602172,1.8815172569419709,3.7649979373851967,1.9696427672171515,4.2214882395421611,3.2867617384097616,1.6550973983478774,0.25158772797903184,1.3288177460509851,2.990074732516383,0.60238268189157151,1.0498386534114763,0.16915081758298867,3.0081472735572725,2.6380613033840472,2.6042033470536259,2.7128000696243104,0.72482214034300751,0.34167212506278583,1.1105146605971004,0.36553473619650179,0.21738921690567031,0.47480643022029578
7.6193581387986447,3.7459402210044863,0.60831813882697583,0.33431717995826743,0.70571325464137991,0.63234743762049372,0.72777050371478169,0.58525682291920589,0.12683460787907341,1.5533472114758817,0.99940520492698792,1.5040152483184532,0.57427051905316806,0.68872125385849248,0.39812319691658332,0.60636210591484641,0.20913225490027085,0.50850873720580836,1.2899340402491077,0.59729475477789329,1.5424554702075484,0.86547653859798479,0.46221454994460393,0.080406180244833925,0.43227888223972888,1.1399306447876123,0.3063199940185099,0.53991272818540115,0.088910249406467065,1.4893815314287411,1.0413822531651242,1.1214979587535463,0.67732636848837191,0.20704796029326819,0.12126146607160006,0.36353593808043261,0.10973600872531089,0.06418757116085784,0.13210977589879555
6.6238162061711705,3.2595274670875116,0.43461506998199922,0.23002999973704585,0.45558366721430782,0.4491535872847055,0.50522949049342825,0.52345823502632549,0.11380112300191172,0.99997026595442462,0.62520617270163303,1.0666037918225517,0.4062336288119453,0.45808939270458843,0.27488019682168063,0.4108011243697357,0.13795945660158246,0.32170654125342579,0.79268172041254348,0.39219333412018476,1.076418713475922,0.68137077320214567,0.35678942970083738,0.059212532406150716,0.31998655964233091,0.85389055538381398,0.24705987946495081,0.43693682310958559,0.072150896570083084,1.0534032207058039,0.70613400418545968,0.73256151155905591,0.50690851555268102,0.14085869377996937,0.080727808026851852,0.23641634065034664,0.073132813840428995,0.042943843115916459,0.087162948206617769
4.565479428834708,2.601475058946241,0.51245810483762566,0.27147978086569202,0.48344522563427045,0.47170622508088916,0.56321194500001914,0.54038062310269519,0.11726184192485128,0.96097728522024339,0.70330274672150273,1.1213268940974752,0.4439281455402006,0.5076316882811821,0.30715138588665114,0.42969468697752145,0.14209039976611607,0.32640386236291147,0.76307741675494833,0.38150987110494694,1.231355285333869,0.83073332345312279,0.43135668413915251,0.069619595243396226,0.37413859057980708,0.90956393740307773,0.25441691234414138,0.44405704848106253,0.072040059241810686,1.0960641212773394,0.72868159425301682,0.74485853660426715,0.54202504003264174,0.14096006528140109,0.08129589379506269,0.24652124407079495,0.078632337183128245,0.046411903582570323,0.095524641943140309
4.9947896863751664,2.8306804827073466,0.68671897010268024,0.35985157442365534,0.51514927583813619,0.52476571319389442,0.66904788976480323,0.57674760443193573,0.1255367528805654,1.1651222504559726,0.90026088825511608,1.0127149084775706,0.58067036259339655,0.66749895564686523,0.40300534223187684,0.56339731222639,0.18608964884290052,0.42818998766212651,0.93679016910510737,0.4718071828476913,1.1495958698577786,0.77799777038827012,0.40404476285776075,0.065121926808588165,0.35077717684060761,0.90823472516394621,0.26617042774863531,0.46574899874963938,0.075734439652461447,1.4860690686262554,0.96127209534280555,0.98128171315011947,0.70646583957997078,0.1782643009530526,0.10487061180500391,0.31915738793946313,0.10242988067951128,0.060549477026250458,0.12502028691329212
5.493222606196559,3.1022179882157066,0.61872903092265363,0.34801777317355798,0.58813425926440943,0.60896548174063236,0.69553188964511148,0.59941466341669603,0.13093551579913965,1.2421044005793964,0.92884055858449788,1.143615169103672,0.61150131517750639,0.69109638223981151,0.41858138825235292,0.62715783115656876,0.20996086317590099,0.47938084488055294,1.0405611545578615,0.5170122819395917,1.3134222801031694,0.80216942852052719,0.41943539669810131,0.070826464839685396,0.380889258945729,1.00321123842119,0.29269992903687186,0.51207879348437924,0.08327012288937638,2.0052252117772555,1.173260182440063,1.2040676295311292,0.80305562960906862,0.19784265724435182,0.12180767668801447,0.35613021908905118,0.11063805671370326,0.064725523022653345,0.13186501552567967
3.1050533247242691,2.0734393487061378,0.38293792805122728,0.25768439497292461,0.43240351098741808,0.40609679974032442,0.4711647983602047,0.4971593593077111,0.10722388805801727,0.95990842100304852,0.55511429967754367,1.0189024068078498,0.48306831694666746,0.5923160434652277,0.32062384411673855,0.56448878584124929,0.19445866801047737,0.43591032288354381,0.85877850565513647,0.42412599875156115,1.4852603306806145,0.91656990122620274,0.4690651762641192,0.079524880628176947,0.42119635120950438,0.86098498924597178,0.22749548529519115,0.39131875660503579,0.062430707909473873,1.3301491614121916,0.91583422102046452,0.95205290729851255,0.73662867565975021,0.16913378193031808,0.10060111326922488,0.26509885415415957,0.082743699296028192,0.047934450563117771,0.096402863300476413
3.0863010873111323,1.9907017506955957,0.37934213735207567,0.24353208139201898,0.40940683762471658,0.40310648289144141,0.47683653400599557,0.50509942347123749,0.10936519558437861,0.83847035889484745,0.52312617326071531,0.84597292246604416,0.39980938300509006,0.49139111361086352,0.27417816723099181,0.46405233908498428,0.15842058587851843,0.35684889005606185,0.71816589712427448,0.3599066939320853,1.2521006695093089,0.76864467248113033,0.3944635729056396,0.066964897641015347,0.3555907206773149,0.77380901141502934,0.21932543777428878,0.37762798513761325,0.060374355352480709,0.96884650738311129,0.70801009140971416,0.72663359542704442,0.61065425458383582,0.14182123291136822,0.080645254733687888,0.22504896099255106,0.070727568177984992,0.041375426971693705,0.084634985319782877
2.9599969752966104,1.7757449064952062,0.39445845565772147,0.26680427185878569,0.35827257811669683,0.35778032476857485,0.44907842175124829,0.48773767024449199,0.10556316932300189,0.79272633422057348,0.50769318410442921,0.70407449507566766,0.45631110555658128,0.54274075740880023,0.30161022278620531,0.46803565313662965,0.15649146409985665,0.34931678065092558,0.64539913155391326,0.33578128088995823,0.97216013014927993,0.64537732546493698,0.32877591568106274,0.053927466478536273,0.28626319202112799,0.64166690187120445,0.1924245127142036,0.33200463947697878,0.053374782016669335,1.2176145096702702,0.8049751137940937,0.79878621798961036,0.61800366061381662,0.13550048250419208,0.08227997875313782,0.22514920801806099,0.07345833041841443,0.043028090784888437,0.088859609130937656
3.1927516706528358,1.9856248723826031,0.52942898343853817,0.35426032510120836,0.47462100975029026,0.47551357763618829,0.59314921677316179,0.55016645089311422,0.11944877094661684,1.0563281362844184,0.67536574604713262,0.93353100011967538,0.61919357836402911,0.73794320458533524,0.40513139808686183,0.63325088192645929,0.20992707635805119,0.46596081221930447,0.85793876263342927,0.44681603336430231,1.2859788259336844,0.85506026898142629,0.43601431730248569,0.071434430501624235,0.37949539741097549,0.85539558135190619,0.24468801606539542,0.4177631625596801,0.066456024964380633,1.6837511817222501,1.1023986771576193,1.08866976492456,0.83426598799826834,0.18112582344335498,0.110959346661129,0.3018703323128662,0.098562419515584032,0.057731449945403898,0.11909176867310754
3.5480563581620124,2.1976754679590482,0.72214626714659091,0.48176052140344949,0.65874150365508899,0.65903948590694239,0.81898579436914554,0.61683157497046515,0.13435327883111653,1.4749008799927954,0.93356175628430982,1.3004319847015058,0.84638765336656951,1.0057311718862747,0.5539374821740326,0.86852891837148971,0.28855437732031747,0.6420271783787882,1.1963743196640562,0.62367532115637936,1.7651677487061528,1.1864393030957492,0.60486754446114577,0.098519420572697872,0.52158048294901216,1.1798912755363533,0.31557557123925634,0.53155980175960738,0.083659511495857097,2.0791748612411318,1.5012606373634116,1.46471474359626,1.1527251653312054,0.2521812002684834,0.15211697313280415,0.41511614317266826,0.13520247959888348,0.079158037936379905,0.16313779813904072
3.9187471661665172,2.4216513440177576,0.91748868474721168,0.57160342496286598,0.85182243592127249,0.86723277831937717,1.1029262767792214,0.67111156094656765,0.14660524372449629,1.8264120599019527,1.1899192244011232,1.4415657909186823,1.1062678746931964,1.3206719856289642,0.71623812475187087,1.1948887013889158,0.39993284111752214,0.88908593153339133,1.5129917327046165,0.7875998084032686,1.9323196452650599,1.5119746503911748,0.75275982844920453,0.11479960414882955,0.60585438468845132,1.3719934991539073,0.36393025757595471,0.61029103447341693,0.095733019296680821,2.2256319333962424,1.7668357409538196,1.6889470584352286,1.4744624543687797,0.31907232673837621,0.18425953922988469,0.51844673262269825,0.17079634863897622,0.099803354758240273,0.20406250632996659
4.3029110434220357,2.5927498030697738,1.2168872530675159,0.74725211845412098,0.9142235100596231,0.95496473514126667,1.3236062778179691,0.69867389766886356,0.1529290277146319,2.0037529390511231,1.5767267151123052,1.5728944073329649,1.4854615103292563,1.6793027471242716,0.95706642384921747,1.4565247648015403,0.48248946372645335,1.074606906350859,1.6645953905274073,0.86505610333998362,2.1305489305396481,1.6707205488990917,0.83030270099119174,0.12657669223547297,0.66685827176110857,1.487856513331405,0.3902372612625844,0.65477951803389545,0.10291752738478319,2.4324443196040506,1.9331151710259999,1.8319395673176224,1.6817479408387281,0.35405915982018826,0.20221483488496506,0.61550747411751305,0.21204048705567985,0.12445546685728945,0.25686094791389136
3.7857849284124581,1.7679316736042072,0.15332656026846767,0.14458402367019577,0.21295235432232631,0.22070361311389849,0.21803973145691155,0.35792295768084126,0.077634700242120935,0.62079495371527238,0.25751693485143845,0.47533447976293325,0.4145643395282021,0.49727029787372207,0.24202668218360987,0.44321663131708378,0.15377731390102736,0.33064856795639957,0.44614191549214544,0.25472674052210725,1.0011347855147927,0.70123564703892605,0.34795165396422745,0.056268717681043218,0.29544109173484062,0.57661708987202021,0.16223233770805706,0.28378909643629863,0.046616319227428107,1.0177667904112533,0.70186545959232094,0.69330540616272074,0.56339978356854459,0.10887079485897762,0.068530841580104904,0.15716552764327008,0.052256037399056501,0.029115581357534611,0.058730161465579682
3.4393729990077846,1.3943700953486633,0.20164098401789268,0.18792080539046366,0.26449614985305653,0.27069248503298465,0.28153231588177896,0.40701849477218682,0.088209770943792828,0.80039523476036378,0.33724466105304385,0.59030103883702523,0.53546792327634496,0.64762123407576067,0.31425189320191971,0.57826560921545411,0.20067738537134683,0.43276057537829227,0.57817494859782637,0.32912269347907741,1.1918217767398922,0.90045200841664852,0.44227065980303609,0.069157937892518201,0.36147805168195579,0.66986692889356525,0.18480624834588597,0.31589793110077041,0.051363472105421422,1.3400858397350759,0.91751020875079592,0.9034809728483556,0.72324802050714887,0.14058742798527024,0.088857806084437482,0.20507032948914297,0.068122305218059093,0.037993185631390064,0.076664929836083279
3.6771084115416937,1.8400302383036702,0.27140286971965422,0.25216805551311855,0.35426114544673265,0.36208302350032856,0.38035380474556307,0.47305642845217055,0.10277105002241201,1.1004752699484428,0.45659683052713795,0.79961523272963231,0.68634792714890047,0.85016827417137986,0.41287207262316872,0.78814620972848315,0.27426902113586932,0.59207083146911399,0.78866656167407667,0.45096700909830184,1.6283781524623993,1.2322446100797519,0.60443588996599296,0.094498384619270029,0.49364439478858102,0.90982255530387734,0.23811769657514176,0.40598686946458784,0.065312453096438364,1.7006043407454317,1.2142136022866628,1.2093302751277681,0.98553858805277739,0.19236816501467102,0.12043463405702236,0.27800791336587366,0.09135526503157311,0.050969928369185014,0.10291991567907252
4.0436489144769094,2.024310649775634,0.25504994544716059,0.23179421024214744,0.47477413113541228,0.48775368997954271,0.49788159533008053,0.53513408687155317,0.11659488159788307,1.4151037167000224,0.51208502775860265,1.0718734424821299,0.59947294914991489,0.71337938578620841,0.363815152415632,0.68280470432201856,0.23294230048998649,0.50179849473629035,1.0004273503765202,0.57685670514124698,1.8724119020253547,1.497390236302808,0.73679186014356779,0.1117234025190133,0.5867010081726779,1.1624887772277277,0.29363039205653585,0.4954828562334353,0.079141011093120883,1.9131629731766289,1.2545359700160403,1.344990033393572,1.2944699095375007,0.24386374794507995,0.14347132200973878,0.30693738146794824,0.09240512003458233,0.051251846081051086,0.10058487964190596
3.2358189650628821,1.4297085961446268,0.28072973930691858,0.24001289115664745,0.36574770855831851,0.36456781733609306,0.42665229420806305,0.47881428881100585,0.10373088109222406,1.3568005689549612,0.49307573873936811,0.76355975599024417,0.44578970685495445,0.50204141329117935,0.29786446976279407,0.64652902448923888,0.23816480764776693,0.53447569889345425,0.90445051718113767,0.54382624384361411,1.3723505343932318,0.95798071767500481,0.47166911978868981,0.076612101792985984,0.39967448636379299,0.77290836580133127,0.21435379631467466,0.36221805696059267,0.058221108806713433,1.7582577806345927,1.1678597666351418,1.4054674272683934,1.3486247651927472,0.23741760679523868,0.14449839939519674,0.31046793195016958,0.086185918113364249,0.048603801191762733,0.096668197253910404
3.5139605445225426,1.8747515947605986,0.37474923395998505,0.28630386887980919,0.48461985107704902,0.48627891272284196,0.55500587583556216,0.53974132239547945,0.11729836555314695,1.554140159622508,0.65326409408265818,1.009211158480839,0.35459643904824217,0.40591600219235252,0.26330203773586874,0.52496856932036873,0.19392851686290147,0.46318124622088408,1.1337376567728119,0.62206339710881331,1.7736545577153844,1.2582665137737818,0.62278270721796936,0.10011937692027693,0.52367041993377117,1.026511218026549,0.27055232135705504,0.4565909613478788,0.072642962794833621,1.3892593374557678,0.85220938096514054,1.0155639794897293,1.0555259488591426,0.24476633006012541,0.12503870982616028,0.32425800277294564,0.084259671236136396,0.048764382720637982,0.10071163397082514
3.7983701492334863,2.0498897875427669,0.48237886212528924,0.34008542918461443,0.6590154973654142,0.6615232738709792,0.75034510954225464,0.60188114043773722,0.13118640558403585,1.3918524817378821,0.87642091286451873,1.3206321584660319,0.4273035644485631,0.51643164918605111,0.32307407797287979,0.68149955040872734,0.2529856108074236,0.60572305258918868,1.4525015272132018,0.65629165079621998,1.9003350320202939,1.4983521105255988,0.74085329451131199,0.11289131783099277,0.59340425132867647,1.2660964321318879,0.32538877600652993,0.54350033586655233,0.085816677090856261,1.7544316979319106,1.0876057939418782,1.2564171201872991,1.239635039373205,0.27026110107601292,0.14657016386932262,0.40285654284801375,0.10404212697088921,0.060279195056675727,0.12230009224672726
3.014314594259202,1.8433617280282446,0.31325235714352706,0.33205155305556489,0.41471438320681142,0.41072128877868957,0.38359555672348211,0.47334267015269155,0.10314284390591555,0.88385135369861467,0.5100514900119355,0.94219483869474308,0.45530472822281487,0.54050297990455631,0.32600631006848263,0.61208332404406929,0.21827137873996644,0.48161595077037,0.74376952690328013,0.37898715110282488,0.82906906288391824,0.8067522692418384,0.40810690505926567,0.054753989851936184,0.29243354464128696,0.71538618424308009,0.20903756622508349,0.35304188642414502,0.056497922937228433,2.0215353748808589,1.1535623293721462,1.2399659912992522,0.75566169966031049,0.15681485142745832,0.10759526101331758,0.27507941698177535,0.084814718458968874,0.048636453285460922,0.099647933895562008
2.0689919136808133,0.87365725467506417,0.24536624279390803,0.32420000825628703,0.26286167371418406,0.263720507362464,0.2816976932998963,0.39597933711126454,0.085957443179335458,0.96331318865472215,0.43655853253782262,0.61674480323569369,0.60730203535452576,0.72669532121986724,0.40584797757128221,0.75021001639490259,0.25587530394956137,0.55442433768684696,0.79702843010021696,0.41777168500446954,0.51963424084058851,0.56089513497361387,0.2763737937172247,0.035375295581351565,0.1872975878686865,0.43557849682047345,0.13909845114661837,0.23079344928201473,0.037031767770562316,2.2132772159436906,1.5385655168552232,1.4896336555991478,0.87522177468754958,0.17606324929890393,0.12401801205900015,0.28349852584782109,0.09298142002235614,0.051736489246508983,0.10270795193092461
2.0788033385731248,1.1099945204577764,0.22813432014371662,0.33125182481299564,0.34875091434538319,0.35085411908578606,0.36427318088968824,0.45543999427514509,0.099107777981869372,1.2032333539228195,0.49260984744672737,0.81808894920658648,0.78738152939311823,0.94587005612444641,0.47478260863514876,0.90869101460612667,0.30802084877622427,0.65281931371277013,1.0497450785723876,0.53514177900856796,0.67728759387384108,0.71697466178998048,0.354999937374192,0.045846848383224698,0.24307129614891332,0.57017373232141799,0.17636823896434969,0.29166177651574432,0.046050443942525006,2.4244082990115978,1.7724146442376156,1.7017848844087711,1.180054319883578,0.22785736154706865,0.15296068618009981,0.32695833818223519,0.10656465042871983,0.057950971653402183,0.11371154324864842
1.5310085101346631,1.2949367544004369,0.26827405490824136,0.28233834212273584,0.40466378474121739,0.42026229284496303,0.47586883074962505,0.50831844121837533,0.1108916954968812,1.5263325347522223,0.58810056003293909,0.7870083355013926,0.50600090807812503,0.58840685709746143,0.3391512931312729,0.82402593452189132,0.31751046506111302,0.70240028084836381,1.3456070688363877,0.68312618171185124,0.87196262895681387,0.90154936176132994,0.44450006672465714,0.058349482133398488,0.30853320971495896,0.69878858092678542,0.21182103631045826,0.35056789158858509,0.052897548688373514,2.462541292359484,1.7032914218926629,1.7379242459904554,1.5128907186367047,0.28856229941978473,0.17667814440460761,0.37415826987831746,0.10074029619286611,0.055805081050753276,0.10868970941712303
0.68159636948622071,0.60254835681229768,0.14407615668218288,0.16253707118647939,0.17337592192053644,0.18275758362144173,0.21150665216880507,0.33215479111477358,0.072113533359046439,0.81702209298438222,0.25209819412234874,0.31693449579300198,0.26047208124277138,0.30753815307990329,0.17386769120171866,0.37314898369698485,0.13689567542627817,0.29472052810034544,0.53477079916368497,0.31517165010936671,0.49388327506801161,0.47602458126451258,0.23046357496609921,0.031813908404883594,0.16680740531943514,0.34999158411009251,0.11290416198304477,0.18255019470211145,0.026932016837892647,0.81663093531195097,0.59586198517992184,0.68149062313422804,0.59996568487188084,0.12526043058600822,0.073099440184265591,0.15783810000330972,0.046886039618984063,0.026431244102256717,0.053785671340749686
0.80462391490174723,0.75921472659185096,0.18969755509420619,0.21165639385045354,0.22687454028087792,0.23990105046928897,0.2759645115088889,0.38948719056906311,0.084731852281611425,1.063001809906909,0.33008425912455491,0.41457471117594324,0.34054028767273298,0.40742933405979209,0.22716962778647298,0.48550584569714139,0.1781958130661539,0.38424635689849268,0.69555715361824444,0.41019867040018937,0.64748851101302818,0.62595638903483097,0.30309163046573223,0.041767895609410029,0.21913160545909677,0.460934513291959,0.144610976082927,0.23389329785333682,0.034129248911666341,1.0722996603105184,0.78399200713629991,0.89102227058822914,0.78267284619394084,0.16331798897990443,0.095447907900344159,0.20640334277617695,0.061320225210044224,0.034591489771943561,0.070392194658336987
1.0879791315921687,1.0281259085854979,0.25540718423013464,0.28531330845291092,0.30668168663815171,0.32442480470622276,0.3734605356569905,0.45555964986666753,0.099312987203204264,1.4647223088985235,0.44690119954584034,0.56217573525049858,0.45890659764194858,0.55152286420733898,0.30660870758562064,0.65976695665995366,0.24261034502785958,0.52372455855240241,0.95048780661139853,0.56285297988103655,0.87902983123646949,0.8528876532200782,0.41276175003285365,0.056778803537097272,0.29786094984124989,0.62553277441090083,0.1885547371142067,0.30660210212740757,0.044950356407141713,1.4728139765706108,1.0707574043796588,1.2215177441941978,1.0715838921542291,0.22391919756656481,0.1308535880441366,0.28108845072340183,0.083161185845141053,0.046877192321409716,0.09531702958739556
1.0883542202704415,0.84852643739426858,0.30012992273705169,0.31938049108075389,0.31052209546389625,0.3249812225982473,0.40924769997073202,0.46530088620806059,0.10129581161196029,1.15336673890834,0.4794721854553986,0.56403774153235342,0.50516832831080494,0.59985804281158639,0.33943111695277917,0.67082291409988426,0.24218436726760903,0.50530523348829837,0.73363839351763405,0.44509955134825807,0.83823638897182728,0.73097962444178533,0.35780938836568976,0.051917849831413426,0.27220001064893079,0.5661850808570027,0.17588854937110046,0.28197247627763783,0.041745780184769522,1.5130538060800962,1.0755531645279608,1.166985911779264,1.022484268613967,0.18555967837427395,0.1154094212122387,0.2721732659676388,0.085461148986025443,0.048737290144625182,0.098086312116967
0.92368806840701279,0.75302390964299626,0.39873575587585436,0.41743722761672375,0.35686971322670064,0.374543688818186,0.49662280564837596,0.504649817434077,0.11011317747320891,1.4042378329265548,0.60149757311093,0.64063004925638845,0.59771148041673039,0.72377893814092065,0.41348595270636179,0.81172678241837926,0.28850639241422993,0.60713407227736904,0.88155754605808734,0.542026468460161,0.83918414489691584,0.85196374460806823,0.40907931796317593,0.055041199802600707,0.28817167879532618,0.60071243065786484,0.18868111271046134,0.29711297212135007,0.042685084217401748,1.6967620120727338,1.2666028278220949,1.3653494319884525,1.3280534467536911,0.22978651770902123,0.13939444070737578,0.33531435128824122,0.10516476079953942,0.060353024267531453,0.12274057350545335
1.2238601963115929,0.99387176046001946,0.53754412038554178,0.56487791143798127,0.4736010035600195,0.49897430644552687,0.66174666069700749,0.56494710940896198,0.12353513354695271,1.7543809904798979,0.80690277867200988,0.85131529638531211,0.80792299604880224,0.98484655267682186,0.55797531374253628,1.1091583014523385,0.39364049881235258,0.8251517387172147,1.1930576425238943,0.70644978811429837,1.0940382975677001,1.1456037874449707,0.54865005569845693,0.072613498648241709,0.38049152804585906,0.79845658338494641,0.23956673796407044,0.37992519661257329,0.054908253614497485,2.0436543483090222,1.6843558566670891,1.63415906831391,1.5800572024218873,0.29481116066768476,0.1733998305410244,0.43460502578111554,0.13861908261188532,0.079674425000227034,0.16268723812575736
1.6953120305372988,1.3662817381036036,0.7274421539325765,0.76688177465860052,0.64848592888604439,0.68254788044530346,0.90376730892626422,0.62465571184125546,0.13686138221350502,1.9211665505381283,1.10235380019609,1.1704708270796813,1.1022700266350993,1.347214453606677,0.76068865750307524,1.383833378641762,0.46250197770255758,1.0138533131090033,1.4576410020295465,0.80246894195449525,1.4997168857435124,1.4516178004992482,0.70688432787534972,0.097005041875348211,0.50917419690584631,1.0803911616617861,0.30472781009579009,0.48874917889235936,0.071444548582755438,2.2376001496676556,1.8429264386677247,1.7875648329813494,1.7265342243771415,0.33489184822833673,0.19392597247863963,0.53271969543772979,0.17725156601672962,0.10230458901800932,0.21079811054107564
2.0402448220347611,1.7400594541546723,0.99435703074562454,1.0693210438526275,0.84089057037499948,0.89162291054242293,1.2578701821020601,0.67610368402448551,0.14832563309619101,2.1320432024691063,1.5415342951689164,1.3871281715377459,1.448393742746986,1.65762515578848,1.0183029483623354,1.5262774882034533,0.5112791280255885,1.1241238147769015,1.6273122941682456,0.8935768104101609,1.8251292412726483,1.6192746473805359,0.79172906917815544,0.11386464416258166,0.59831951347689438,1.3211309447537434,0.35900974435403826,0.57708796517138861,0.084485062260526114,2.4418923373875665,2.0123768245906208,1.9568419631633847,1.9081305586944948,0.37223960618899554,0.21397240425843364,0.64286776155322656,0.22253109259514919,0.12922785203934162,0.27010096662424465
2.3466305438515316,1.8573937717574092,0.88892425643308715,0.75285846853293426,0.86875579775499923,0.92201464527787946,1.2768065576549903,0.68083433971340801,0.14942655709840139,1.8627213453146669,1.4092855947985483,1.4196966496485177,1.4912834889529254,1.7645879341776605,1.030465656498021,1.5879487428369132,0.52575669033963424,1.1405111939682646,1.5229524983552958,0.79455729524244256,1.0625690261133895,1.0939404203045549,0.55604173669571966,0.071964839964168165,0.38640340706048704,1.0363502220974143,0.31330037404409528,0.51832271178384282,0.078421682798085368,2.1944940109942404,1.9105009546947664,1.8167989526415507,1.5902844288704225,0.32849478322697018,0.19374230145825372,0.59097902447636164,0.20998714366208621,0.12097981596782655,0.23674853596755735
1.4046303483808253,0.90835665909571728,0.39752117129809056,0.31654514489834112,0.2476048528464655,0.27702074277648203,0.30118753560391665,0.42896699167118357,0.094084678437839089,1.2882254146824614,0.45804464904775366,0.44843053719569259,0.73337281137287325,1.0327195952444002,0.5012331416126663,1.1964431367824497,0.4183617221488089,0.82383690795516384,0.62303191306248473,0.448735720830297,0.74453242111198015,0.72217849238350296,0.35078396178239835,0.048194763344526055,0.25520812949092592,0.56891024583429872,0.17748370191810264,0.28851565818467151,0.043965042616900173,2.2100684969913371,1.7639465798725389,1.7320125072675578,1.3525935789114953,0.20416309918094946,0.14383930043626136,0.32182360884537597,0.10952712404746337,0.062311035716049762,0.11818248086946173
0.27201019183445702,0.2511542016204254,0.253869175115783,0.2890711660800534,0.1465748965701375,0.14356854999528221,0.2120940993979043,0.29207861047517741,0.061609061948974621,1.4173205786888876,0.28291454812015437,0.28406612369545259,0.58349707096630876,0.64562975126442224,0.3466191549546021,0.87403573018309622,0.32693187025961318,0.64640503987813946,0.5957660167773452,0.47391220026491182,0.46259768661046374,0.54503850509145513,0.25453690708759702,0.031850644589085264,0.16587692588960254,0.28804829177249647,0.08484925596944419,0.1283365923765277,0.01716586358501172,2.4057989954744552,1.8033812051867966,1.78868033855229,1.5570279041168082,0.21871587286470331,0.1521964310777843,0.242239909932186,0.079920537415590132,0.045307335700137438,0.091835734210348199
0.21198984153461778,0.20026341807270326,0.19692045829395435,0.26326544944508556,0.1359716851411896,0.12499623913587593,0.19913467943360474,0.25995965351416289,0.054285006160750229,1.6219096879822807,0.25803286840741951,0.27519447663697832,0.69750500944195759,0.77126981510754267,0.36751018907540411,0.98439410540580197,0.37286294893590116,0.71921680799346255,0.67318401036394093,0.54032041304143719,0.51623782801541696,0.55959097389518098,0.26221753936068193,0.034418252117733292,0.17856652494163108,0.27523109756990288,0.07569578896688553,0.11279392812529217,0.014719109831495705,2.5121655769500491,1.8520381593848678,1.83481064979006,1.5848154428085075,0.24393622665095444,0.16443871895085815,0.2332944231700399,0.078999725468624549,0.043738103884226824,0.089048577144458074
0.21491618178772343,0.19416058221272917,0.22279826348449339,0.3001422985236763,0.11419478303117489,0.10962987315983029,0.15142883359171921,0.23482261634662829,0.049495000953270529,0.50412289062978721,0.18839821507365365,0.24727971592165657,0.50407606221150758,0.64015089690738358,0.32242798858657806,0.64933178628758492,0.23318116202704342,0.46880579812444467,0.32654524377029698,0.20525679559954965,0.39028732524695903,0.31941405305292847,0.15751037693977887,0.023573757578183269,0.12410016605683781,0.23120621450331041,0.067533712762962911,0.10134225594091528,0.013563604066236398,1.2425792096843327,0.90436242004116496,0.87230045921242061,0.53062370322221153,0.09129823153678876,0.0672366282175164,0.14263788625952675,0.055018954085902932,0.031861179485156231,0.068156551915171962
0.22050710063057219,0.18695665267935602,0.1687078590009225,0.23615766629717749,0.13792056408974887,0.13063079538773262,0.18731963671267426,0.26791029842895714,0.056608195725340191,0.65518934293491515,0.21740395759773409,0.29698987988567344,0.58351864600063585,0.80168069072006376,0.3523290004385744,0.80642375624195706,0.29244741126668966,0.58597658283356679,0.42434234619331362,0.26711959798825036,0.31637171596145425,0.32125033932232072,0.15920803995406635,0.021069220739480757,0.11184386699203119,0.22652056206634083,0.069911439830038655,0.10381622107693937,0.013904231793929054,1.0529135991455443,0.97345523337482809,0.96568394205062891,0.69024174099697821,0.11890250836627395,0.08266300590576936,0.16834818761626774,0.062678575470603015,0.03496574285676339,0.071246505025393619
0.2872367561666504,0.23452021079270824,0.20594103518063961,0.27304591420235469,0.15872107794973797,0.15036351710599444,0.20962242224884239,0.29056961232966555,0.061747293970184469,0.75603404013862541,0.24766107163489917,0.33067330848489529,0.58080049208296025,0.66695512508316346,0.34849458534469513,0.49803897600300734,0.1564844303651301,0.32273929118595956,0.47594081663671089,0.28728926662772952,0.3006639103621811,0.33874958811167716,0.16629270731407073,0.020791808043773407,0.11053957562770871,0.2413029425750475,0.076640797407202296,0.11682439029923236,0.016131923815892367,1.1902521102610719,0.90998528228697795,0.91332964193742017,0.54360691935646022,0.11595447936584796,0.079520689884966494,0.17098397141417235,0.063654265894828033,0.036107685668036009,0.075029966389246305
0.38489697690351388,0.31041302082244798,0.26527482455638113,0.34519066880196636,0.19887626547020776,0.19082702635709281,0.26371554768975958,0.33822457852016952,0.072208576158880253,0.96896675590323977,0.31863659428844293,0.40052714736037948,0.72821885309608902,0.83077116892494751,0.43533341242381368,0.62142415174904841,0.19541684890568373,0.40595566117955689,0.62036971505432326,0.37073410274226798,0.33524917161076906,0.38918097171801941,0.19252299310736279,0.023531078157368265,0.12562432117645858,0.28974923747467074,0.092902810008589021,0.14385258147387661,0.020185742281999597,1.6068305683738791,1.1836485369561573,1.1843106307265101,0.68855085074487388,0.14897628440549332,0.10254558943737627,0.21953343665163869,0.081101095389886427,0.046044301152877928,0.095707812910835355
0.51696347438356816,0.41769347274544577,0.35458288265510585,0.43741291172265162,0.26450924333609399,0.25455444143222383,0.35222315005246252,0.39817323805716665,0.085365302014910591,1.3290949375280545,0.42657973262616794,0.53247618325721591,0.70907372475202934,0.92243483533143333,0.48214186733126174,0.7679942466620745,0.25062870314851132,0.53267344226823121,0.84320167827525372,0.50608857343645242,0.44350044261350086,0.51813463533927739,0.25636348795025171,0.031207784701862348,0.16667489473571395,0.38587905078234741,0.12091942055694041,0.18833152803040223,0.026552155648034821,1.611708766300133,1.2984225847234365,1.3882713370772792,0.92850350952033511,0.20247180310203858,0.1314176706072992,0.2879683647801296,0.10121510254224236,0.057803867202622719,0.12077177973070301
0.57419042997207204,0.36307996297331768,0.23577977941238282,0.23566616368127061,0.14469302785297389,0.14016778638012531,0.19099991542682296,0.28127591015698672,0.059643471128623941,0.44803253502001766,0.24305967891797917,0.30451522872611825,0.35461707125721997,0.46109236716046481,0.25998636612494946,0.35549663078243543,0.11288655295984,0.23448798883492775,0.29026215163422703,0.17842550636724591,0.22464145868243779,0.28000242552976495,0.13772921972462704,0.016158339864215471,0.0866860147215439,0.21941409493183742,0.072274233600335219,0.11877844895484296,0.01815859046840626,1.2741226248810129,0.73151233956926853,0.84970698470106598,0.53951592525745118,0.080284817093886435,0.06073976907854365,0.14731506775760758,0.052971199777639984,0.030777044659172366,0.061957748109449727
0.28438871212524069,0.21034974557069538,0.23270813628987802,0.25699532518764856,0.12202958923444084,0.11958134597389124,0.17088752779532279,0.25541672239345653,0.054349126566919342,0.55630177033264694,0.23503959902511698,0.26063242463855163,0.42062408631023762,0.51760629714388295,0.29383290577448046,0.4089977523147213,0.12979868013207807,0.26910143942864362,0.33073050504830021,0.21465935506150935,0.261857691904468,0.33050607428870171,0.16000684527269327,0.018795414250316837,0.09984336607582571,0.21442444245618192,0.067883830113018517,0.10215346800289266,0.014381393012770206,1.6920027574081968,0.90804214874188571,1.0387525646900253,0.66354341706909958,0.096611329099432042,0.073417886807552374,0.1611644260911857,0.058394206110621891,0.0337093628528356,0.067924599033841376
0.371421263633469,0.27505715712373002,0.30781555733365251,0.33950639648056347,0.15898081611538839,0.15603607760078173,0.22297768705069823,0.30475702001735633,0.065058187789403532,0.74236020023495286,0.30788193419493404,0.33946502058324246,0.56803795597985174,0.70079168094941768,0.39321590276924201,0.5528845194701214,0.17516998927788699,0.36072523369946646,0.43559563017612346,0.28491483232625042,0.34718192291477995,0.43676079234018805,0.21098684650596267,0.024868176302395347,0.13204124474190129,0.28235441836418168,0.087637044962033811,0.13226966376558438,0.018652581053351883,2.0268025640251799,1.2377237581833842,1.3847138841732873,0.89746078016396658,0.12863570672424257,0.097789738231773005,0.21315678101353333,0.077517295604976028,0.044736768028523145,0.09001871524962772
0.49945633015469426,0.37034155370554361,0.41535946606337337,0.45861103808913334,0.214713809871693,0.21062376961552146,0.30097480108002778,0.36439120320581708,0.078081793908187425,1.0130427723890563,0.41630163246276536,0.45959590445640824,0.76918022314497103,0.95235688554600462,0.53294122264584587,0.75074478726830196,0.23784832330891723,0.48980264526906858,0.59123567223577056,0.38799011177984244,0.46543034547070355,0.59156798189347981,0.28576372001414929,0.033464244010637523,0.1777427211303205,0.38019142639691683,0.11510716304452565,0.17453637619815568,0.024696401974003104,2.218720551474751,1.6572814256618564,1.6405589955329725,1.2280902379410872,0.17532865349188645,0.12735602771752932,0.28387144819828869,0.10381872792875217,0.059943350134150739,0.12077325844537562
0.67831275291081095,0.50241370819884423,0.56442231914066643,0.59472565059073612,0.29214567189170521,0.28671288185914079,0.40867559903807743,0.42782742717925448,0.092050516234193816,1.0061339666255416,0.56111153278890991,0.62658399586199842,0.72842411778945293,0.78140329123982022,0.52754850707019518,0.56512242178901784,0.17980555710423068,0.40994586982153564,0.72280606127409408,0.39064258595232915,0.63131914562714109,0.81088217353735059,0.39153283039338488,0.045560283877828789,0.2420661874809476,0.51676385841141226,0.1512198920512618,0.23067772530554406,0.032796044062320721,1.4956951772858602,0.77736633800895361,0.68592550162997723,0.59565879750880857,0.14617044443564214,0.079543524399774398,0.24475086515853603,0.09421146845703815,0.055758514249781517,0.1188419026371015
0.82646577645865305,0.56700495819250352,0.28397488615578403,0.14903998683624256,0.1936589355269801,0.19975874565577098,0.26156045601613404,0.35140617598636537,0.076068700460949684,0.59595111712052629,0.36530660412974963,0.41749798667171667,0.32231547593457915,0.36372603738636938,0.21948334530977837,0.30018965057778718,0.095083476393215516,0.21136656978583598,0.38977162871332299,0.23258497705311276,0.54762747706903536,0.44750314846961636,0.22213684216129453,0.033173677051034092,0.17589022032953788,0.39664840223153047,0.12299251487487192,0.1974622387663986,0.029598328420350258,1.63098163732826,0.62570371116563972,0.64263644283234944,0.48830482849342866,0.09634642674549905,0.061714335212092207,0.17027677351619355,0.054227490213472895,0.031206394091946442,0.060105191103821037
1.0099680120941976,0.67036419461768981,0.37012102677284203,0.19086460316929321,0.23129829794291018,0.2325011271549472,0.31596974072259243,0.37828583036579572,0.081709377646065659,0.75544569178091592,0.4437008598394791,0.48416252595197323,0.41355216702179681,0.44050454314380033,0.26751669447451482,0.30333486355639205,0.091626566526004288,0.20375329118800303,0.49080800353946258,0.29360303517076808,0.61442299408129186,0.5039216481010671,0.25078101985961954,0.037330586272030057,0.19831048284320668,0.44840586436335339,0.13600092224484298,0.22023346291732668,0.033397648138638242,1.984666120687256,0.74915728286549099,0.75798581226409079,0.5979224111242446,0.12049983727584385,0.075280105785298909,0.19991339668740565,0.064748677278753816,0.037507697665289969,0.073312520968204231
0.54760744357316338,0.4500660256662215,0.38389134897332228,0.23768217597091545,0.25239738291450298,0.24719008876852233,0.35519278323287962,0.38801501155251061,0.083910087627261057,0.97058858426746308,0.48951499269529375,0.48043931915936883,0.44060616227335508,0.44776326165154762,0.28860469719528026,0.36561293354086599,0.11354641393998599,0.25388422853146109,0.62338635359517569,0.3770072951460896,0.54085921373314705,0.40017893003628457,0.20283683453294529,0.031594640058088895,0.16891057165650053,0.40436936970052473,0.12680671706079094,0.19511656675456926,0.027527900743537729,2.0982371507752156,0.87895293188632218,0.88327006634872551,0.73108914192004359,0.15302530649208104,0.092053691369999094,0.23726247177640486,0.074164754969681571,0.042931085230571507,0.085745165656954059
0.6984488621702778,0.56012452728587814,0.44041675056066265,0.28228535974373165,0.28722109402006951,0.28283351772510651,0.42053123021810324,0.4193341682887029,0.090669266712275334,1.3241924277919586,0.60910244473050323,0.52956046438747373,0.56674491546122696,0.60451037263954255,0.37424155921613522,0.49414172388385158,0.15327316978090708,0.34159782921276172,0.828369749397872,0.50951348079137815,0.70407430021830308,0.51558976148398272,0.26049537418967356,0.04085507631117289,0.21798111911284984,0.49868252001882207,0.15013468029378274,0.23249077803500262,0.033151956439601567,2.2411931538680139,1.1313124802910974,1.1060891114943359,0.99306622721524918,0.2068407714251459,0.12003670445553462,0.30583094127439253,0.0955933232629671,0.054962601368773699,0.10563746931997621
0.87210898309546359,0.59401223181550034,0.39191564494698911,0.18904050502444777,0.23709985669622188,0.24362748523006864,0.3256929801089033,0.38727015705467549,0.084220433986871443,0.74305907380598624,0.45549915458244333,0.43056978128315693,0.49820287773455507,0.52006157171733203,0.30495008327835471,0.38904036424013033,0.11985338750933483,0.26202386194802452,0.48717172375357509,0.28803033873182421,0.84038688725186705,0.55010596653244903,0.27593430781073502,0.045892868692006407,0.24243509700234639,0.49975803622373616,0.14973227110041695,0.235788751982663,0.034744782760270661,2.0656468232634833,0.85969566237464068,0.78588488999335782,0.58955996256318588,0.11900277408848596,0.075974671456949638,0.20701997769686101,0.069423604469155617,0.040097440029029395,0.077421293047753859
0.65926353481551936,0.39392199136365408,0.10799646446690374,0.14587713185288312,0.082639691045026498,0.089839645764115197,0.11128782050920358,0.2083800243698764,0.045538075746257546,0.29751938480235185,0.14971492019086208,0.14075347530043714,0.19322395189317973,0.23253252084883705,0.13343121993726581,0.20914209936711059,0.068700912107381509,0.14496720332464039,0.20440513380364234,0.12162745644056021,0.29616797548799295,0.22348507536819545,0.10792095926394793,0.016989272912549761,0.087390211165985762,0.16380201685261164,0.058592162737029149,0.09873461390755188,0.015534669328774594,0.67761453370453062,0.36111297423704508,0.36701957702617338,0.3076184046520109,0.05289827285299744,0.034407846788129352,0.085319754348966631,0.02930620257369233,0.016839896902068465,0.036581490190420556
0.86637383926930034,0.51464345812348589,0.14148259129973403,0.19008586991768808,0.10717248744379802,0.11670325113399656,0.14458507242452459,0.25132207570703458,0.054972773589687995,0.38673611226520194,0.19484680131096627,0.182624839201389,0.25262701762085599,0.30938422026037682,0.17438805904956334,0.27415021961117914,0.089726619557823309,0.18892253531042927,0.26581205381079154,0.15814696587025884,0.38454963513373497,0.29060218959414658,0.14032206288439447,0.022074763109946487,0.11356536819967432,0.21324236703362759,0.075178319105760102,0.12696342057391727,0.020014145020354552,0.90889414826965076,0.48339579294565721,0.48407906925675337,0.40123165254040577,0.06884544249985175,0.045029599157009131,0.11139475484242041,0.038285955019496588,0.022004474878913542,0.047800264003185537
1.1830900861745246,0.69763005302159287,0.19013852706981393,0.2557839126636936,0.1439569136226673,0.15687136204641272,0.19457882201044938,0.3051484876897872,0.066816477876955369,0.52238507432164416,0.26251045522122601,0.24524297304732126,0.3397988512883251,0.41577666131020952,0.23466024713377184,0.3687320252923928,0.12086445532771048,0.2547681351652763,0.35886524565460254,0.21356714070304836,0.51923632484345805,0.39233995214321332,0.18930635016028785,0.029791391984134764,0.15318122227157155,0.2868168949509341,0.098968171047654471,0.16760839474199865,0.026493930565227045,1.2294183268190761,0.64361109527563665,0.6467188970319484,0.53551669191663831,0.092747989269906697,0.060459407687559051,0.14987244273025624,0.051510884545345907,0.029602703214617016,0.064323506757902424
1.6193774158247196,0.95022471318969237,0.25570742661968582,0.3446663512703243,0.19366635559436798,0.21126240711470731,0.26223981431262522,0.36329446086986728,0.07963595895641587,0.70865162783667246,0.35423736190774985,0.32972673540043829,0.45522560541384954,0.56174731724717064,0.31550812894052432,0.49839928297895342,0.16342333721495231,0.3445963789368599,0.48560074487149796,0.28949678628943393,0.70030291687737611,0.53063783346778326,0.25581421153731448,0.040214303260797925,0.20667574897407681,0.38526258374009753,0.12926638305069654,0.21972788852022634,0.034849947842252961,1.6758315044795555,0.87090891987350105,0.87724871935065796,0.72636655292198682,0.1257600088214032,0.081992753232237064,0.20281265224305942,0.069543563767574104,0.039956091404246809,0.086841528824639636
2.1531684160466296,1.3075018244644356,0.34930825279854449,0.47230660354944365,0.26770221020251894,0.29206179311537145,0.36050225169606359,0.42757066143593336,0.09383368221884282,0.96818734267593609,0.49017160699083778,0.45265444430587609,0.61649811637109486,0.76136874665125864,0.43038062548020695,0.67720944714325715,0.22234817607387808,0.47211354976470354,0.66805158518297436,0.39768014223708759,0.96145144912874658,0.72957108852482733,0.35210548206534242,0.055284369905085951,0.28425411796012379,0.5288204164911906,0.17036311610361488,0.28842703531603858,0.045645793643183538,2.0082349146963754,1.1874752715008676,1.1742448818967908,0.99165018851440812,0.172793114601828,0.11145905477180977,0.27812199709214952,0.095172772717429729,0.054664541018765382,0.11881264614226693
2.2743958165325338,1.7543627836358133,0.4462571492208261,0.63744713862158642,0.35984735582720384,0.39280837641357425,0.48476194963161157,0.48604429964622886,0.10678127967123859,1.3217239700394776,0.63345018247188067,0.61059900533698575,0.81958198933854065,1.0326779599004026,0.57240614941011836,0.90815518651898131,0.29873097438816537,0.63385152660688937,0.88313533267141775,0.53657099286517806,1.3006107471761446,0.9890207194185141,0.47648854840667498,0.074788967003055984,0.38437035378059631,0.71287579350248764,0.2185768470246762,0.37062260955404086,0.057765330965013899,2.1960099663820536,1.6237709086772829,1.5402471541313365,1.3262176902217948,0.23233178197727264,0.1483326632174678,0.36543186601698369,0.12549036438026706,0.071929170016576088,0.15675925659120418
2.4590818358610766,1.91453523641964,0.5976151767226956,0.85288699277343383,0.4868032513949338,0.53116198506526446,0.65171669118336406,0.54151675390726017,0.11897585236802938,1.6964227277559729,0.84951669549642461,0.83079736427056028,1.0657312071819578,1.3736109074541407,0.75188838342347775,1.2033693848028275,0.39962121991846139,0.85109557426024984,1.1859497861479762,0.69877095891863128,1.6909204849880695,1.3516072665941961,0.65060003579282655,0.099578400539395526,0.5125221698822775,0.95755853202032015,0.27563421248476372,0.46275762429331319,0.071214386412004047,2.38513036093588,1.7461932055579439,1.6858606698913823,1.5473299543321331,0.29616734711888604,0.17691558148801187,0.46292899901489326,0.16120931810567588,0.092689130683607845,0.20292789755811824
2.6859872086870036,2.0868267922085204,0.80678205137201697,1.1537561472173614,0.66084244188283914,0.72050291732715877,0.8865617343679969,0.59283279197253402,0.1302462889329114,1.8582437411634232,1.152228258390392,1.1370954155108524,1.3847375385449363,1.6169266298419642,0.97911314021701157,1.3652190580843608,0.45041049736331962,0.99775990411624815,1.4326778352922569,0.78746675730968851,1.8479782195686565,1.5056057670664684,0.73742583298512365,0.11091014473656609,0.57906857371263021,1.1894628711104775,0.32432553971085548,0.54034808136475287,0.082561374385183545,2.5677065190820123,1.8509811961941693,1.8069632529627462,1.669989489506879,0.32897335386583959,0.19324839661580309,0.55451245350981848,0.19906029341175152,0.11519188160706027,0.25294257369645368
2.9277902222402701,2.2746695620190778,1.0925967475325569,1.4589225428370629,0.81423744159279399,0.8744227082394852,1.2014526816913647,0.62952083379796431,0.13832490404693815,2.0209809644161107,1.5504358198143298,1.3204867899927208,1.5045801866013548,1.7485986708716408,1.0993435923601667,1.4874615581026684,0.49100767205394763,1.0890913986988251,1.5582458122620126,0.85677571303050193,1.9939370051414167,1.6276305921342098,0.79674971481477108,0.11974202603232409,0.62637504935420574,1.3489203246987536,0.35767833614240374,0.59520815215079703,0.090839911274614146,2.8067339564006302,2.013095831428132,1.9635634585453419,1.8125113535021418,0.35778482358842695,0.21009362655365779,0.640499398407126,0.22901169215615655,0.13401215986345197,0.29451341702093353
3.215846851351865,2.4912634426190965,1.4845091984588925,1.5771756908181149,0.88730850739546696,0.9525718444207848,1.3104677216541933,0.64122077508646214,0.14094493869253183,2.1976299663706165,1.6937141292724727,1.4343093847833297,1.6393431000237346,1.9055604909690018,1.1949349051389535,1.6149041091935632,0.53245511855944361,1.1799993006851552,1.701996387620238,0.9324385469676294,2.1446831431644413,1.7572837475260203,0.86003200936617352,0.12901488068840863,0.67522740862879171,1.4594405545908371,0.37799082228652975,0.63123229805895997,0.096705170677927707,3.0686100111631904,2.1957383099523256,2.1409114393819872,1.9641022976396034,0.38891586721699201,0.22867064596169676,0.69716294521072997,0.2503467652959066,0.14824132081650443,0.32505205871968568
2.1785559177314529,2.1921969698297308,1.8040051752841961,1.6756239112762412,0.97157166452652288,1.0401183698901746,1.43639906412185,0.65252666485115873,0.14347580334456511,2.4265149013090848,1.8446906928451665,1.5836472674013904,1.6767535061159384,2.007029182911046,1.2557449174130864,1.7450856872091791,0.58210011720081467,1.2860796177412639,1.8530994419494327,1.0157715006309906,2.3179941079347941,1.920398315658566,0.93923785503941615,0.14010359926356836,0.73310172079610436,1.5775693071721333,0.39676327752234891,0.64624226667499129,0.093919683038527935,2.8012878183227223,2.0998946123830535,2.0505486715493402,1.9970345101179918,0.41501027106962968,0.23164294195770829,0.72591673957504532,0.26166084235806719,0.15592580532635075,0.33668282946061517
1.6928214658847869,2.1706427136105892,1.9634314461242908,1.8088273243169659,0.94891425847175737,1.0161189207106918,1.4463565474178319,0.65187023399687938,0.14322973171653264,2.5960929979377578,1.8627022320335906,1.5657484392468235,1.7528812243169267,2.1328261421383798,1.3224691216147417,1.8458733106643415,0.61483543805235807,1.3672456678927245,1.9396418884234308,1.0782709524868832,2.4526661743780434,2.0241714401102042,0.98813581599542344,0.14783655275607513,0.7728394194278041,1.6346296003707865,0.40267841256845616,0.65379936250167148,0.090914681504840653,2.9933864589526866,2.2430240195184727,2.1483247347745138,2.0480213566527148,0.43654855849125246,0.24325347586887885,0.7556367413372973,0.27359034400964327,0.16332134818838087,0.35400834004300269
2.1392449079894913,2.3343852936030172,2.133873087368674,1.9282344037771217,1.0094468491959296,1.0849920684722103,1.5383913049112099,0.66025693169230815,0.14512289192657346,2.7622868072784215,2.0094763096370967,1.6545339620519115,1.9004452588316374,2.3192738869668115,1.4228331373622385,1.9832841227018612,0.65724507473148452,1.4638497914091211,2.0796863491313831,1.1522924429204366,2.6070181146964266,2.1648319075117981,1.0554800360028314,0.15748097413415715,0.82287039426650843,1.7368241494467067,0.41958509931074506,0.68423436990775999,0.098305776850142371,3.2757973449264965,2.4487665440544983,2.3415357632653939,2.2007747727689022,0.46783308594195738,0.2629059224352624,0.81612503852126272,0.29516860704341263,0.17624420563088092,0.38190621327715424
2.3123178260351529,2.5292937440163121,2.3076361947525932,2.1194740149976892,1.0963689308222888,1.1738194734054623,1.6879296956043115,0.67021751063886625,0.14729969400349036,3.025221417518813,2.1953726926244599,1.7989267655179839,2.0494423459239441,2.5222087063372802,1.5448228593843885,2.1628594482443653,0.71568658662942564,1.5938717133035201,2.274276714053574,1.2611608643929864,2.7984746847279691,2.3693892854171157,1.152029640291182,0.17033671377823464,0.88965646018191413,1.8748502356266863,0.44017252720596545,0.72079188943512529,0.10399734660654208,3.5757071322893856,2.6661175642255497,2.5543255861082512,2.3988188836834792,0.51090703483617095,0.28688388309323665,0.88971849130907044,0.32132801277778794,0.19179442458579718,0.41551997215593695
2.5333947985145486,2.7720488690147249,2.4593154703790936,2.1529723694755818,1.1810931609393784,1.2674061460187422,1.8296806754441637,0.67928280954027065,0.14934192537483143,3.3446814913095602,2.3926910461665689,1.9378068794363517,2.2362376700923106,2.7513373383458042,1.6873899258128358,2.3817194840628457,0.79056831868064303,1.7507519680346477,2.4854887976798179,1.3883628029313242,2.9817892348007056,2.5577022326074466,1.2415617631827629,0.1824399737571962,0.95304227743144421,2.0170935783193458,0.46106757127829867,0.7589351367924988,0.11018601604749149,3.9191186790725618,2.9142165601226564,2.7994362076580424,2.6545607554061226,0.56257485451579314,0.31508599247957586,0.9740679480129345,0.35115528733342405,0.20904259119204538,0.44876365511403626
2.6540233962733324,2.9374137314146949,2.5796175912031063,2.2546433674115347,1.2829972795683635,1.3729721484475936,2.0112818277011804,0.6884192281073821,0.15140144061796709,3.6341593439130233,2.6017611289901721,2.1154081338579154,2.4152157730927835,2.9919342345629252,1.8239689798897638,2.5665502107101239,0.8463644417288122,1.882193152554489,2.7107115260644337,1.5101606024307082,2.9861106089814973,2.6791490005188181,1.2993541979887315,0.18641679419725371,0.97590381746244603,2.1215173685774258,0.47678912736817475,0.78295609336299476,0.11371106890590778,4.2863846679282496,3.1802831956056958,3.0456118256674549,2.8614671904145079,0.61035087963033252,0.34231279997869168,1.0575093965956739,0.38052281593836262,0.22608547011773358,0.48308634260337668
2.8384296011344801,3.155054498673028,2.5502447489979794,1.8244864935302545,1.3916078792843753,1.477786477343118,2.1743888229443873,0.69535634363382126,0.15285157404037583,3.6393016431664056,2.8196651805703232,2.2881532985535049,2.3726073405366019,3.1029460196871246,1.8186722941444202,2.7567165961168612,0.91461634237935852,2.0359607786613756,2.8752668142243789,1.5548896610444027,3.0887240776636569,2.7813845826923016,1.3551882977787422,0.19358462592612496,1.015955201258028,2.2344134419343891,0.49041291551656407,0.80811355449671818,0.11797168268242456,4.0051876722058752,3.1650757608086288,3.1512986896193764,3.0637492022496939,0.63811800777099859,0.35618369622021656,1.117392580464142,0.39278789812632864,0.22979857595738906,0.47628062912309937
3.0377030123829645,3.3541159522768766,2.3251863111545381,1.6927750412960547,1.2350700473745808,1.3166618201264586,1.7963650307323538,0.68201805285861938,0.14994939513671979,2.3872905458241074,2.1837853563828826,2.1798766318528742,2.317089995321592,3.1624874399988081,1.7669894496886418,2.8564964583521659,0.96066862853536494,2.1341703706735866,2.2250591873231551,1.1248606288810357,3.2204301805072708,2.815483043290588,1.3643792634010623,0.19860614708864155,1.0355664122173276,2.1471648973996404,0.47796977537994112,0.79554954890478258,0.11754240987462476,3.8194955222751044,3.099171376056435,3.0620556129736589,2.7984834865564103,0.50057246895644325,0.30968467592298549,0.96019399869442534,0.35108751136846889,0.20508849455051018,0.42747262886248721
2.8503370774937995,2.8852321952619016,2.1618069700150042,1.4732340859711486,1.1769505423563549,1.2610421984802282,1.7586691607415528,0.67959034690710152,0.14943644445051119,1.9660664113424577,2.1408688195498575,1.9543158833456387,1.5423048179387875,2.1799081104158358,1.2643105459502284,2.0841100794169392,0.72806752315379819,1.6846709305785075,1.9729211412653678,0.95504614263967991,1.2628105035443489,1.8560239889773271,0.89581694764800512,0.095470748303016315,0.50953697808882203,1.3631504402106831,0.37707554589507725,0.63618275144707637,0.09601460127459073,2.2407299142374812,2.0652203589094507,2.2287660204704496,2.546272969544507,0.43284590297727804,0.24719299965934066,0.81243200018613115,0.28220586479402759,0.16625109111477698,0.34011020056250529
2.9063587658764964,2.862267086199092,2.1214493543248341,1.1095517018861811,0.42922227009060671,0.50240236593390042,0.42755119054732404,0.51117719787119187,0.11252583944037214,1.6079080625599016,0.73055375813423462,1.0540360329390452,1.1278639519777836,1.8971006949736902,0.9769033759121688,1.7561379647198341,0.62823139636258707,1.3708671923017597,0.97654956976444451,0.65106517350638737,0.57682078424070515,0.95434558113675261,0.45030946145127276,0.044954603626207443,0.24032365476856796,0.71430362745357734,0.22912087152678701,0.40148175272147635,0.063551930297825146,2.1743705323122287,1.9334234771881109,2.0181026199850178,1.993963704815142,0.29836179989819384,0.19197425630761175,0.48954547292033584,0.18528658902015044,0.11099295243155835,0.23510853659185413
2.6884354059808362,2.3082757048237781,0.76191800894383843,0.29265371286586228,0.49940808595877356,0.56628253035682663,0.48601782145027395,0.53116317582094041,0.11691891228925533,1.2948117529504832,0.65039388247449348,1.1728316573929283,0.62916088874166121,1.3724144383246673,0.50544403621759859,1.5621761973046777,0.57479302753395145,1.2673809690856048,1.1278918604260764,0.60888249437621644,0.57133483431274656,0.89568865355324767,0.43415267737846064,0.044196484492129096,0.23777933550244912,0.7142935227824968,0.23113994770232932,0.4007270057715776,0.063058676189457902,2.0332587103317374,1.7728374988672706,1.871495899904601,1.7917594621610435,0.27966289435503,0.17952486131184084,0.43215255791184642,0.13134163355319131,0.074635138399363324,0.13675558555356895
0.44155004823349925,0.7130921158476522,0.53287185966250528,0.27975197062441653,0.25309733474419061,0.27065559924698751,0.33054294769339959,0.40601704595873539,0.089326163879858506,0.5121317232495608,0.4869274299902781,0.45976351704145746,0.42579433326800836,0.54443677102498012,0.32099186417665426,0.7051067104344676,0.28804060498153233,0.63795909557161379,0.54916574255183959,0.25473836978765529,0.3425461433227916,0.33724540147623577,0.16901251506160619,0.022627312664322607,0.12068432150022811,0.32834713080591132,0.12037897486074307,0.20009888417105431,0.027091954285153482,1.0457277494383406,0.8312765816018749,0.9834150358186009,0.63992471196953038,0.11358213609988162,0.080656662831125853,0.23889848125777349,0.078090013991338525,0.045697157771426605,0.092132758754638819
0.27885183752108739,0.37327742558150079,0.33116554526966518,0.26651192998251855,0.18950618662200114,0.18779662355383239,0.23969188446387701,0.32397162035687888,0.070234384667694202,0.29201965628507554,0.36799171200360459,0.35780550787318688,0.49860523873831258,0.49026806491712682,0.31688112751927283,0.346018188644104,0.10785133326452383,0.23171233522393675,0.30754762584960632,0.138865671552731,0.32023377903633921,0.29423414392297625,0.14677811058928816,0.020491179348553195,0.10874470304007397,0.26482359125449417,0.090660947980991835,0.14140695892964211,0.018579328441455878,1.1244572016659908,0.61688865644849877,0.54363988867115953,0.30728008883156738,0.059691735620690273,0.043160359814407481,0.13821903645776334,0.05381314858562701,0.031626390022184134,0.065878269724077385
0.12896705090915944,0.18589038999785384,0.41610450712753394,0.33067165145019911,0.19284076667560979,0.19161887616738549,0.29303226936965876,0.34627608435059198,0.075146280418260256,0.33363383818933495,0.45383623320290589,0.3388492875832777,0.6695281458940936,0.65326329120323612,0.40903045298381596,0.42640998328291913,0.13011665265228581,0.27604998586747365,0.36993033518200552,0.16267618691133076,0.30964044442877237,0.26074405234563092,0.13003317182350965,0.019044161645321942,0.10045439719545721,0.2285008850546193,0.080095519101076859,0.10987066497349895,0.012425710012107396,1.525157813564485,0.81581672258857563,0.70082769927510202,0.38884554991955955,0.071378981986717258,0.052930150855364788,0.16867313510701146,0.066628284644459329,0.039181236838686864,0.080035502932542857
0.15343784291193313,0.21015089012700194,0.55843522346257923,0.43892046915572902,0.21183145977072038,0.21648933551289939,0.37867466851031006,0.38531447294169091,0.083847729644973459,0.44529209319089219,0.60490319534477022,0.32936682383796029,0.89475217208987268,0.88453336764184853,0.54905910964568483,0.57372696229885189,0.1749300986637039,0.3706054477820791,0.48805503126141575,0.21644137420729373,0.38829579484686982,0.3268272537330445,0.16158383837923865,0.023774233358487759,0.12494394104370017,0.26963086701699135,0.093829222857600786,0.12863061585650179,0.014626755608196106,1.9308413840028185,1.1061723179013792,0.9389080946383318,0.52123155865168491,0.09512617277436311,0.070662507737328115,0.22516602351215972,0.089078584828584301,0.052380931654714809,0.1065214202629147
0.18480238425020304,0.26288642265092288,0.69031616977171539,0.58101030217829575,0.27120573238434248,0.27910380021247722,0.48095833704058849,0.43596058010386329,0.095106728373503632,0.59864091080140835,0.80736795324035593,0.43000950672935623,1.1095542126408391,1.1908747765105034,0.71489275253180784,0.77779736616740391,0.2368228010913363,0.50261823429767283,0.65220426441284995,0.2907183589227586,0.51934419429056855,0.43681290663338207,0.21539280758109269,0.031744476130688842,0.16669109527728349,0.35799854498172645,0.12093006124549964,0.16482227086944545,0.018370958612434211,1.9404723774929566,1.3108327581710202,1.1170658900298926,0.69801362510262333,0.12780944343928854,0.09107213257011311,0.29497550547975071,0.11640489156060825,0.06827661388434525,0.13741516598616127
0.21363448130036347,0.24532844941231483,0.70780025531073021,0.46669295576912373,0.3159660702999128,0.32008855215233301,0.56505996185893892,0.46502833347562056,0.10155162377137081,0.67822468292604321,1.0015727831530734,0.50504884599706368,1.0163763219648549,1.2164997486142175,0.7127469343952374,0.89182784056872233,0.2863935130230939,0.62925898067535424,0.77350044662699591,0.33165735674921987,0.59680079510901929,0.53875825794083754,0.2624313559592038,0.037412937795717867,0.19495103975365291,0.38407030910027345,0.12882573672665579,0.17266938573008891,0.019889806022622112,1.1035024171573637,0.92984587997422108,0.84061993883388042,0.67560205831993314,0.14006192782182447,0.085850523528239811,0.30526244896526772,0.11879964259906708,0.069412012721817865,0.13021277593181585
0.22528634086878654,0.28087624101985492,0.6319264456380046,0.44548195649208033,0.38433187936598401,0.38428913896574923,0.71954846519429827,0.50059255368810884,0.10900238096630921,0.75966540044098652,1.0987056053873221,0.60135295079472562,1.2552866572829307,1.3299811724189301,0.79544277016287623,0.84865289547552614,0.25839482922894363,0.55223162396128966,0.77847753978065548,0.35528950355781663,0.59532173176828507,0.6616402271293621,0.31603897826960836,0.040401602128675107,0.2111618884870132,0.43314215792453448,0.14276060486312034,0.18907827372206185,0.021501844711527617,1.4691965011971504,1.1212295047430798,0.98618737854997263,0.74651550594529881,0.14971276441935799,0.095406683922264188,0.32999326127185624,0.12861409311388397,0.074052306669943585,0.13546048323153653
0.26776080676382696,0.31203849530017319,0.74295421192477618,0.56820805196638002,0.40235145384250581,0.38057542383846527,0.77268483295815826,0.49478960043554049,0.10687335354642254,0.9922380415431844,1.3536356371368297,0.68147820045566576,1.3876884080818239,1.5789907042860265,0.94668607360664458,1.1067096575909723,0.33562920125180062,0.72176705577018085,1.0236302656712106,0.46547476530728243,0.56726390155187523,0.79194128480890402,0.36686949644068689,0.041451517148638532,0.21673148931027222,0.44426542139195985,0.1422600137445898,0.19470208359953314,0.023198583596065921,1.8939013203233561,1.4839752862402309,1.3013315161918302,0.98205907734868303,0.19657782711973407,0.12555937340194953,0.42961115734561955,0.16354171779144019,0.093853527432184378,0.17186648501090368
0.34460622976015975,0.37444139005047222,0.73612143335920199,0.47379087803513376,0.41635862514719724,0.40312051784207931,0.78753152872889898,0.5074247499850254,0.10995053278805057,1.0146731744350057,1.0026644086559422,0.69014395489088831,1.0150334524274995,1.1585684907383478,0.62048823900036387,0.78072698810660635,0.2472280626870858,0.54191500998581543,1.0470555785161013,0.47410067519369703,0.66977403385363443,0.8254791353559835,0.38508389964195144,0.046870215190355273,0.24425384329475944,0.49089602199369492,0.1563031383749578,0.21979785917042285,0.027217777035142412,1.467917522572056,1.1137120783408376,1.0909766314383198,0.96634607688917462,0.19898674628432014,0.11702534856529298,0.35415148252802076,0.12597547545413934,0.073537792404124225,0.14258426983598871
0.44944610844371058,0.45269948859078885,0.90991624697731577,0.51188006624832749,0.53415904956400728,0.50943837636181266,0.96898080941856479,0.54353065730527761,0.11820156282306497,1.0080301250159112,1.2230024241984048,0.89839358294264338,0.87933722720994212,0.86145946118085504,0.56885689130765149,0.79181754916593006,0.26509603081485744,0.60734753587160817,1.0642462963745039,0.47998620535787934,0.8410564742485146,1.0775731593797611,0.50134872673752306,0.059661741136116983,0.31111510550321586,0.61764356118094033,0.18932922789396528,0.26719764408216667,0.033724709929606106,1.3206861145430933,0.98012807870980601,0.96627603541657026,1.0466141998155452,0.2076669115289542,0.1128046021906621,0.37294264745253786,0.12758986996670033,0.075348748586690273,0.1466171061497557
0.48163540661981336,0.54011554982350163,1.1879115143928207,0.61000483554669882,0.66159577401517111,0.6290430893499559,1.1017658413588554,0.57355439759914584,0.12504438431558848,1.1277811191676825,1.5374590682894176,1.116391463984894,1.0404931140339482,1.0771019583600268,0.70141887205761777,0.99873616934564269,0.33510995764317303,0.78214065831098278,1.3404971995153467,0.56577381936593807,1.0477849598549474,1.1772492647774699,0.55777255186698416,0.071180450507021945,0.37188677357138311,0.76105896617089552,0.22460202524464043,0.31500262140413737,0.038767514446012716,1.4083109155188869,1.085367144456006,1.0248202422688044,1.2972661727181334,0.2472481113926506,0.12631813215970561,0.43816037695673665,0.15264838283957124,0.090188795078016831,0.17524760792494448
0.59502801210350353,0.68467450248224015,0.26970616248382356,0.43471669333331803,0.40766320517912719,0.43350601435192448,0.57710549097933883,0.50412511416823758,0.11027528392423194,0.35608039350707127,0.59118867651711959,0.69121522379251132,0.33605771402563483,0.42658510664018962,0.27499570207388807,0.5313808448247318,0.20840396807902384,0.52189774183980175,0.50491945704361785,0.18946397032537909,0.55851120680992228,0.45088299573123486,0.22903639484867971,0.034027805555030245,0.18214637767459574,0.49418971339743162,0.16731588296018568,0.26062006727587794,0.035397555542589956,0.4703969458008373,0.43549134535062595,0.47568212876634502,0.50964876847788498,0.088629940702263321,0.051852363667711648,0.1874102800266666,0.063644411018642391,0.037042274293005745,0.081151651997232774
0.36740134502615868,0.552980794244183,0.34933379773490053,0.48035109150574473,0.3785674648719729,0.41773340767449674,0.57706809648494739,0.50289416185370395,0.11026348781151757,0.45938600204232022,0.7205092863597512,0.62206981225909574,0.4309072008509422,0.57030816103859616,0.35223536783302684,0.70386088013869663,0.27444712608039024,0.68784196349413251,0.63246146416138815,0.2430874836218081,0.69273639848862056,0.55485722332831888,0.27905518489391878,0.041836399851968707,0.22274726918477461,0.56591371910843602,0.18285146226511881,0.26170678113094564,0.031210609652890187,0.62703998085037116,0.58197345808704593,0.62883264689957474,0.66175513847303435,0.11412129868455972,0.06756736472187487,0.2410253564806619,0.081643092583728566,0.047509481269528274,0.10123692133429504
0.26557301979205072,0.41116470448731574,0.35367028275638474,0.3597571256044258,0.25334684515679273,0.26501774385795857,0.36020912740766664,0.40662594818088066,0.08827124901023585,0.56972934295873279,0.65901250315524773,0.55843598718544141,0.52483163863181526,0.67939535495222048,0.40276878378212561,0.74605798701201187,0.26914280609831803,0.64889938741455966,0.63777218556555482,0.28672048614216833,0.73565147481939774,0.56386460294091667,0.27984694808530136,0.043187393225496716,0.22682985826279028,0.48999402994615399,0.14789997944548533,0.21030748261515586,0.024402205775531274,0.83664565369384192,0.74248598009315703,0.80361380511667546,0.86735511435637891,0.13741764680543628,0.08359215834187439,0.27226599301254834,0.09193967613635419,0.052839546081396106,0.10382432930392695
0.268698879824457,0.39346161541478053,0.38677718142256101,0.34148807467432002,0.22204919434940557,0.23477277147764306,0.28059313838701122,0.37153852755092798,0.080837275105827625,0.65790087424122357,0.52587739530986599,0.42641361213098278,0.61093381787457379,0.7393259953014486,0.42527069668723028,0.77101011685642773,0.283412917606297,0.64116947116328049,0.60654163387698878,0.30628505887038149,0.75789425286322709,0.57708057955763037,0.28326423466828993,0.044096658239560972,0.23041721359249309,0.46436642969013786,0.13985657121632503,0.20045499218330867,0.02371704705749559,0.96623520769362847,0.83500185787700543,0.87528125126246403,0.86381520235946496,0.14065224841989071,0.087786432420447841,0.25668643290854598,0.08992560554458498,0.051859314092040115,0.1017842908841964
0.34241904306687776,0.49304453950508675,0.42065591163156929,0.34074548300872043,0.26552482135702832,0.28209876686810537,0.35753990168877614,0.41575092490670246,0.090664362278434468,0.87990722716957481,0.651518950444544,0.50866789024757453,0.78705523491989182,0.96901484690442385,0.52704176143135972,0.98548039478761129,0.35688701311363724,0.79850882994418015,0.78125229007060026,0.4030993688229077,0.9707980333323647,0.74413961410835672,0.36008016119093794,0.056216304564610395,0.29038488629113263,0.54365378505315087,0.16338759925566831,0.23845891709727376,0.028811093117464891,1.1703006761726558,1.0435128955332502,1.0903170160521156,1.0947433315194164,0.18333579792012564,0.11212555370240984,0.32428629062095571,0.11197549770499385,0.063531438010938385,0.11853827101169803
0.41785553748229554,0.60253116201129919,0.56000043282905076,0.43462707551374774,0.34251982691509431,0.3635182298734822,0.48001704537867906,0.4686898934789101,0.10242594056049668,1.1843780266224726,0.86739389546740198,0.6587935214359727,1.0489063191760122,1.3140003166449614,0.70000962188154769,1.2923856014727928,0.43441303275780441,0.96584862554920925,1.0405613772964675,0.54147413947513656,1.2945990266724867,0.99655178769960895,0.47936227813129567,0.074859980718451041,0.38424446264206846,0.68955595488577082,0.20011661331940522,0.28748763217808165,0.034629723588318145,1.5508971986991442,1.401158436388547,1.412859655291655,1.4372368172832803,0.24438200731223222,0.14734978665826398,0.42658221544858782,0.14778640404484075,0.083892719315403694,0.15535360102875642
0.4953757962780348,0.6591959823721909,0.75722200641184945,0.58503681499293825,0.45689878838379261,0.48356362705637879,0.64934669385280563,0.52268238744196527,0.11445329987576411,1.5909276245147759,1.1798531455542225,0.8780709083975301,1.3838247960023042,1.5931685086238592,0.92502995388768572,1.4066166300271026,0.47263097345689653,1.0515027114729663,1.3416390695114981,0.70024992971883371,1.6450070867323225,1.3371203123083959,0.64133792040812121,0.097478717507382004,0.49957576518915398,0.8722149157522584,0.24263554976197374,0.34224883213380469,0.04119988763502419,1.9207252611053227,1.6738506701049025,1.6123968191419542,1.5661075761277834,0.29915894098126045,0.1744258459089354,0.52932161975594161,0.18767915693614251,0.10712675047135049,0.20086734155807578
0.47043263695548848,0.46386870522901719,1.0206699393936587,0.79230555842835571,0.54279546935146628,0.55557804129674659,0.85726679566755648,0.5575921637170228,0.12230739760387532,1.7384668631591653,1.5250947691788244,1.0900379165982974,1.5039771064750118,1.7358124880850521,1.0744386611716963,1.5353232601751678,0.51580001970309219,1.1512071705618334,1.4718479046149975,0.76746862598234755,1.7730631975481923,1.4710011180574969,0.71644501676798977,0.10683002983682977,0.54510779865168468,0.8432053884036671,0.24006786230673843,0.32256520815176409,0.038965326757202851,2.0966573155628838,1.8254393396234803,1.7591485988487441,1.7092309433513801,0.32771074647562098,0.19068379361314641,0.60271540071911867,0.21642231266753204,0.12509565078438326,0.242547714456818
0.46528400487362331,0.50693059991290967,1.0008528285088993,0.97893428934636983,0.6604654088303229,0.64264336314240611,1.0058468997749423,0.57352519951788927,0.1252395978872578,1.8970126205397606,1.6142020526093084,1.2620239964091753,1.6134838745274989,1.8691872779591434,1.1595114345904582,1.6393047413982431,0.54957138171959041,1.2359880329109598,1.5945287882217145,0.83550410871062675,1.8706876920019164,1.5958066391273118,0.77396831966070379,0.11410493828472555,0.59016195583177944,0.95876455827284102,0.2575336027082854,0.3421080515978045,0.040369763219401042,2.2258348626062086,1.8744603917888634,1.7515912708075365,1.8103501977365637,0.35394699977223637,0.19798982406427235,0.63186579337400084,0.22986397751930288,0.13280560712945877,0.26518205372397091
0.48822269219116987,0.59223745813623918,1.092977209980706,0.71094858361414071,0.51881302373808136,0.5284729935951098,0.66679362559864841,0.532761363330986,0.1164343006843742,1.7818390891251681,1.4017598990734337,1.2823231918382634,1.5271357072205556,1.6701350317364747,1.0593042354938846,1.6395272884735124,0.56574718660838785,1.2648585753171666,1.4319918016073221,0.7588225432471577,1.4352188022128125,1.404695270729859,0.68421166623641927,0.0932727255681461,0.48797587938274734,0.95124494199836451,0.2534626360644196,0.35329810203688627,0.042057122247344869,2.3435869670065976,1.9086709540901745,1.751438567979565,1.5517955042926803,0.3164979022376197,0.18689901008330206,0.5876964707607587,0.21210835704664435,0.12282212525049893,0.2417510761135169
0.51192009493291779,0.67305570123529679,1.0507921991042761,0.73110430439898733,0.49295977954343989,0.50801799603007591,0.53580678927712155,0.50748637841075916,0.11113730131746546,1.7118286870141208,1.1028337533375632,1.2943194684634913,1.2210338454724463,1.5604840730920297,0.86361266666459457,1.4451661664905369,0.49211488962110678,1.1023748255814509,1.0986062829674395,0.67830667818830981,1.649783985183833,1.4518028487669452,0.710301761398755,0.10258448003148973,0.53884992152605604,1.0732617839790595,0.26867859472911609,0.36996088479404476,0.043860184189326176,2.4941037472478231,1.8745295897884251,1.7743229323877405,1.5461375923429186,0.29335739009827594,0.18057238114002136,0.53272455889038617,0.18646912124055631,0.10913092476071944,0.22435744147025657
0.62938527329398364,0.8166090267981948,0.73216744265004197,0.45265514211879682,0.62034785074804144,0.62081243638832107,0.63754716446626647,0.53124515670537631,0.11654363803002017,1.7109666763818636,0.95006829445936969,1.3772783086099762,0.93922502441235034,1.261208627424234,0.6292298444157749,1.2035660992476898,0.41922670998371125,0.91189821222140721,0.97110164795622511,0.57497390573818163,1.7665076373592612,1.5687295490186972,0.76674165556792351,0.11024393111127832,0.57921110526517872,1.2181365180394657,0.29776689799793249,0.41861679540100077,0.05083190722641371,2.4541343024285114,1.7615216017875659,1.6264335253717439,0.80481820419632877,0.21102708444389742,0.14366110506293794,0.41923410453008492,0.14166837893187001,0.081758162109068624,0.16190061217821952
0.71585641779768316,0.88989979966769639,0.97655734598152455,0.58624779626826584,0.63970739609896632,0.65379473405762578,0.69411666791739191,0.54835022024869062,0.12040741176305636,1.7903587006860984,1.1478044900795081,1.4466602896968701,1.2206553549115011,1.5578216327097258,0.8121180955724242,1.3409768422772355,0.44727532758946326,0.98405028507156156,1.1404717842854639,0.65364830710446142,1.8485014000569973,1.6463693506050547,0.80365446774725191,0.11543065396265177,0.60545773979042716,1.2502110226993954,0.31045369336330286,0.44561641160692944,0.055245262592838115,2.6646202681035018,1.8954773054104457,1.7306578629830289,1.0142729517852458,0.25041742886651214,0.16308728085486007,0.49057697252429938,0.17203304164861113,0.099933440734736728,0.20012398633232065
0.90097053252042958,1.078876501669048,1.3192267844241838,0.77123226682443968,0.67098229483372585,0.70259641652497462,0.89729889414810682,0.58088753805860582,0.12756942818099498,1.9300631088502058,1.4847834532329733,1.4512677372090135,1.4366132577881476,1.6858357034586469,0.99788279752003828,1.4543776973457743,0.48555525136908306,1.0670062126504214,1.3460054029046022,0.76174836928425027,1.8972456067548809,1.7520089748940277,0.84645667611504316,0.11976460343102459,0.62371236414565112,1.1596151586199861,0.31149244769951573,0.46880938445721865,0.060957187720885729,2.9038876360824641,2.0581228967207701,1.8842711629594227,1.3768666705131032,0.30396245620216161,0.18881920904624361,0.58826710274784377,0.20867719362413123,0.12198240248492349,0.24730514755925975
0.68714969759118161,0.89477925569574324,0.92443165104544001,0.86356902055846085,0.61232493370670948,0.62444158782628956,0.86374429421957533,0.56562898069918977,0.12410506551181942,2.0148085831160318,0.96960134421936994,1.4201910566392311,1.5565932213681095,1.8188160105869249,1.0919882633098705,1.5640563351059282,0.52122636863949112,1.1436813007374025,1.3698596715193525,0.79491175141046799,1.9258822154145778,1.7556595371879187,0.84371255422270885,0.12054470230767134,0.62274700654632709,1.0857597890652813,0.29073441177721854,0.42677368976764268,0.053242601364153673,3.1670391627001204,2.2327525463613838,2.0481120881188675,1.5056470552077674,0.32204506871429217,0.20234589129443958,0.5476779142128817,0.20340094143536774,0.11741603050953792,0.23749547642872432
0.85260888660892786,1.1121669887066088,1.2378537142293091,1.1530118107938927,0.75824822405545733,0.77729350065007818,1.1139162823303197,0.60175947845165423,0.13206213784355861,2.1802727945219327,1.2763536763265373,1.4894486178804596,1.6938629390092663,1.9802074663037121,1.1828986992333981,1.7040883750597633,0.56737467044726997,1.2431852968423942,1.4555112711122298,0.85762533012604913,2.0352665524136264,1.8531927976948657,0.88964806566460186,0.12726666932613584,0.66044295057521152,1.2341522022945488,0.32511018514566009,0.48930477625056334,0.062388462316192154,3.4550381619990964,2.4337934295614931,2.2340837040033188,1.6426999208451558,0.34875917376895832,0.21983889778139809,0.63051406174916735,0.23125881693574979,0.13503701735186927,0.27950848832128478
1.0262372683777363,1.3843440042173958,1.6672362798097173,1.3865262156826472,0.81924909589868566,0.86390836740090227,1.2458677340011028,0.61861034908310752,0.13580376827681648,2.3743025466273964,1.5500260126607259,1.6099825557657641,1.8323260395782608,2.1546355222251807,1.2831177043201749,1.8531201477880412,0.61643467981844613,1.3511334806100197,1.5779243455104759,0.9329974094047403,2.2103039982435577,1.9975489114962135,0.95872870899369056,0.13773035881817919,0.71458436679384663,1.4326765122973575,0.36149658261226275,0.55654514193776505,0.072039900012205768,3.7467708926006793,2.6374537990621185,2.4285552431631934,1.7885444673585955,0.37950668022662476,0.23911023879663307,0.70629047929951194,0.25780903091382268,0.15220373182947344,0.31155180139276362
1.3377480672197621,1.7099988379485647,1.8144748168241283,1.4845746248348721,0.8894520045079759,0.93677572810776299,1.3477601288393004,0.62897794800220008,0.13813456059216198,2.5839382719700597,1.68140479251741,1.7529786568315682,1.9844299316511991,2.3423085687005112,1.3906896841749894,2.0161022007334588,0.66990707624137857,1.4684040320430991,1.7105311670303029,1.0142694401825021,2.4057797864825363,2.1631274003883796,1.0386357853092063,0.14959773860526118,0.77630875379197972,1.5785814049816322,0.38472955001471776,0.60881085816345182,0.082051757759166372,4.0620657274251677,2.8565720401752492,2.6390231765898959,1.9484084486409534,0.41280450963557674,0.25995648815397093,0.76697021211200689,0.27983214742509782,0.16573493273844264,0.34580622875935807
1.2262131313134448,1.0684865395149892,1.8453360052901913,1.6106101918241453,0.81299883937158945,0.78796406474538916,1.3597013829647426,0.60766976239202897,0.13297600435614265,2.7959177053614535,1.7847196637155112,1.6291697055651664,2.1546210854593482,2.5457316225155626,1.5107635632801302,2.187322609155145,0.72531440767147026,1.5904649955938559,1.8617222202293673,1.1002510936041436,2.1367696535519172,2.0559455135714675,0.976297056347873,0.13614814845143328,0.70116755347824844,1.101532872103971,0.29932052378472573,0.46391626507473838,0.064893826115651088,4.2492550659605826,3.0139453311033479,2.7725420270833454,2.120395004484112,0.44826950030974527,0.27824933363656396,0.82048750997009401,0.30060947444687453,0.17785314767375499,0.37241623497911602
0.64315931677646665,0.59858645721100701,1.0663758554772067,1.2026296381362951,0.60804996237227527,0.58525745943258933,1.2087519658600288,0.57572765520270086,0.12578734738083458,2.6817986021242675,1.5985259203692235,1.3923768117433368,2.1572975338561333,2.5059645164378095,1.455861046828498,2.2229973555895657,0.74594305991857945,1.6259705025569622,1.8300585981648756,1.0819059579576338,1.5146157143365866,1.5608839841378075,0.73570186862378084,0.0987957424821167,0.4958590300803169,0.79626174322923016,0.23476340716289479,0.34427718142230118,0.044816049373229305,4.577102220117216,3.1644098592654637,2.9406664484538658,2.2469087162241457,0.45200536462983698,0.28693923977605662,0.80403858382947513,0.28908089074369908,0.16466294791380112,0.31801638150289552
0.65668194338664265,0.59011019752118854,0.86610299940595159,0.3816854984602473,0.57846909421348314,0.55485838721284042,0.97911578197487648,0.55514712184072046,0.12113611378077097,2.5112712063319442,1.5247465163688325,1.3530916990075961,1.7470937585692781,1.867503410099465,1.0103436730762629,1.9007807916696056,0.65710314230945954,1.4452840598349754,1.7087169844093346,0.9914219105654557,1.4856638621522409,1.5257662773020004,0.72054800738258074,0.096952015450563866,0.49128203000575243,0.81032458064203883,0.23286272460022994,0.34149259232460027,0.044747689602061429,4.5537081508633195,2.906383662756026,2.7738005901173861,1.9001740126345408,0.40591913890551856,0.26325252998462745,0.74192780213831155,0.23516431565539789,0.12937409556767393,0.21126043821208848
0.77161118559360053,0.74928994290690154,0.8545068605454168,0.42643984583195277,0.66660542735051864,0.64926755967853422,1.0003511992019438,0.5723728382724782,0.12521747652420245,2.3914847323914707,1.4646616523819258,1.4098147139940944,1.7704767867171505,1.7899275915669668,0.95149195564844313,1.6820693593522356,0.56991961864510388,1.2695222669483015,1.7016631719517368,0.96798077159626505,1.6979408106954774,1.6098718660300784,0.7708510027925648,0.10788295089834331,0.55408387214066113,0.97227703272401478,0.26854067585489416,0.39948591112581217,0.052383972407472952,4.6007650796859085,2.7540983966541317,2.5414774668462887,1.8192529261555899,0.3950102435693047,0.24980738887441345,0.70071068068279307,0.22317192739917985,0.12425641308642271,0.21538077050738469
1.028638187610434,1.0031644628802767,1.1418574919053746,0.56437351644488665,0.77898224534836413,0.79151128006700544,1.1963981513513211,0.60416631674205423,0.13245662932407753,2.5313330877585063,1.5917716732710629,1.5060453432482381,1.9070217971379413,1.9455750925115221,1.1244829237677019,1.8034767053987932,0.60287183315328652,1.3400049773873293,1.7965583548367496,1.0236979673580922,1.8325548782915151,1.7310104579976682,0.82862284764744865,0.11633214936953273,0.60545568575686148,1.1519605921848537,0.30999171997999264,0.47418600688620871,0.063834814163829592,4.9887779668618872,2.9833633388070258,2.7409972848173183,1.966635247225216,0.42062331517972529,0.26749074547567353,0.75267302846407425,0.25074060200316489,0.14201502819950937,0.25654260020214931
1.3895735350296343,1.3698310647242198,1.5463534298703032,0.7617731115207822,0.8521948868608874,0.88972807187401393,1.3060962331225685,0.62244038132134072,0.13659062986896173,2.7542934036808697,1.73657138817912,1.6470213585885398,2.0740720430518103,2.117015249771415,1.2855729474187065,1.9629278947030797,0.65530802714541114,1.4573546114513141,1.9578362366961735,1.1149453424237707,1.998936758855953,1.89072141889544,0.90457841720464482,0.12694107295199475,0.66062667856454127,1.3594560901328152,0.3518297925690595,0.55473379004861612,0.076849358868191983,5.4285054920754421,3.2467141888031334,2.983611524173142,2.1422862815982779,0.45813940455672153,0.29125696369748666,0.81997838490577035,0.28033787582680708,0.16139149437470676,0.30442545194402232
1.8465161872492641,1.7366614259164164,1.7763301834017069,1.0254482526311177,0.93080820928396624,0.97158814651213066,1.4243903664725746,0.63368152492750662,0.13912033928212306,2.9968500236789786,1.8965260989673836,1.799206296519041,2.2438193407427018,2.302198650853887,1.3963470271113956,2.1325495790174887,0.71107376619308382,1.5837261665138624,2.1391810652136196,1.2173700056692152,2.1830704236394403,2.065505391661731,0.98768434233618985,0.13861557151989071,0.72123265665669867,1.5209924312581258,0.37839252066137546,0.60722026355734982,0.086973563887012592,5.8947938604102985,3.5284961995297621,3.2448050994812796,2.3353210975693792,0.50000633168287667,0.31736753472311169,0.89393442887347085,0.30772693944571483,0.17867181176772731,0.3520205923487717
2.158316951676456,1.891973463395632,1.9217385568796639,1.3743940742204477,1.0126420027226173,1.053141989019359,1.5610766598844037,0.64420965350874149,0.14148705070428755,3.2937627704161239,2.0698317628668357,1.9565007089513569,2.4249553299410596,2.5017165288970697,1.5240135843430833,2.3182302396735501,0.77284680566298447,1.7228823348696736,2.3355719879948587,1.3347067702911222,2.3756170683514011,2.2467195995536158,1.0737314777536415,0.15075890526046146,0.78397700901657419,1.6473972427619785,0.39912673103146207,0.64322371015973179,0.093539869991737593,6.3999890614729669,3.8324230674237416,3.5287525624138771,2.5534198176735066,0.54705822091912948,0.34621774271192235,0.97347191602821748,0.33638605871791682,0.19624989802848294,0.40127474459674367
1.8698829968459738,1.8275504444211079,1.6769328450679974,0.88070492750642415,1.0354516083400407,1.0536092628642273,1.5156242335736179,0.63913711040142851,0.14032694293749068,3.582332564258548,1.9613743535230725,2.0743627754669234,2.6188667619458084,2.7161839306312618,1.5835798626527819,2.5222090083168229,0.84032788303196748,1.8620007918734458,2.4844633189179364,1.4416878194579232,2.3245896421713823,2.3371123206777447,1.1124034382121981,0.15118058676317148,0.78682793306920529,1.6642268062637549,0.39748184814373039,0.629638293711133,0.089539013576068249,6.78970714994517,4.1597319047525234,3.8206586299622556,2.7851901302903341,0.59231822483598484,0.37484020544641766,1.0046070864577703,0.34125740723989534,0.19286460459044338,0.36117404716031676
0.59561111176621995,0.81862279459532905,1.2878995841804284,0.90317483889503258,0.95816567595505797,0.96585504469376127,1.5126150681561861,0.6289747327520635,0.13782300973832692,3.0484489155891041,1.8937052409702502,1.837718080790659,2.6941169425520735,2.7559861227290896,1.5873123190308815,2.5485704610156756,0.85107793286134581,1.7999121120637185,2.1065340212113344,1.2224634089430721,2.1679425356828745,2.1083590975717565,1.0100722231218564,0.13942769663298238,0.72644942720623717,1.4547125240048284,0.35055751579847721,0.47295861103427089,0.054760895447995901,6.8263081821718412,4.3684584441834371,3.9229258307955539,2.6439327626124918,0.51505615082873935,0.34838586658447346,0.94471431848185361,0.32742854002866756,0.18412048273788206,0.34565166835827638
0.70409919859158054,0.92275264027483195,0.73213087850283476,0.71552431304654585,0.98537123370407376,0.99831292590363963,1.5659184552010004,0.63763131558090147,0.13988692224800142,2.9587904836421357,1.8233851004627926,1.8332380495939844,2.5845133916857468,2.5752257906781986,1.5000051757455402,2.5584224789715031,0.85997100244251434,1.8275228605749065,2.0998907800759334,1.2099289207995751,2.1006185092401308,2.0971018590573989,1.0064351435956784,0.13673720840686371,0.71333355484505578,1.4504249041644164,0.36003918737182494,0.50519758243910973,0.06048951362867893,6.8755053187481581,4.6105804475689158,4.1374665945461935,2.7575343494136813,0.51945138771281496,0.3576657684164915,0.94849682937549862,0.31822165045039885,0.1717157368315399,0.29930119759659596
0.93731870836738385,1.2099139803002232,0.95735760411085091,0.8630024282435842,1.0157560469367946,1.0337263217777468,1.591985062231065,0.64168813893113164,0.14084430712660528,3.1750533412273576,1.9170650233859601,1.859860578826996,2.718100273053198,2.6952154203671044,1.5667862634880243,2.5967235718338828,0.87539062804286261,1.8952166646212021,2.2253025423516584,1.2902358250620414,2.1778757422398343,2.1223636713582352,1.0219375188383739,0.14053017806015949,0.73400018620295593,1.5352113415519038,0.37944892428084381,0.56011431837306491,0.070648378222383443,6.5740696603482949,4.2484091879187735,3.7272732694347623,2.8370484867430381,0.54865122149686618,0.35468383999854641,0.96783196694443951,0.33170049128938883,0.18414101313174405,0.33395580997740981
1.2497289338029463,1.4086813932242985,1.288426911970429,1.1589433391742758,0.80133954791799777,0.85512209995511779,1.3006131091129369,0.62250903101438981,0.13670946464115868,3.0490265809970425,1.951232489017326,1.3709197410197342,2.9216899057066748,2.8922953445470054,1.6831333924566378,2.752190498702769,0.92327393781612821,2.0103583974453842,2.2423085347461362,1.2806634103156647,1.9863796091281318,1.5945261695227142,0.7790155858145289,0.11823487604365979,0.61751633844955556,1.3115270677944109,0.34621607290481932,0.5390566337626379,0.073426837229736544,6.8863256382492315,4.5663149604199242,3.9433716036643047,2.9478921767604209,0.55409208936863041,0.36531804769513182,1.00043091184958,0.35116328371497507,0.19969839394386471,0.37994160141359801
0.93832774179598299,0.71242997251833151,0.6297183337077179,1.1938718888899251,0.5806711653712644,0.57441186314026726,0.68609505707026885,0.53296964521761081,0.11682173485482086,2.3953949575665918,1.1164445088356669,1.2800476989245686,2.6364937765285745,2.4098817164048119,1.5307510314205821,2.7270237068284042,0.94591233248688966,2.0388882097691021,1.7393603522920222,1.0190961071312259,1.663493960743833,1.4367561066658256,0.70394715723908541,0.10262569486993714,0.53886443136470863,1.0310241284353088,0.26917174281781459,0.38851032473696412,0.052985653206830303,6.6215750182242523,4.3656611194783288,3.7141706169989814,2.6331475255213839,0.45850146622265447,0.31847807308988979,0.76357762845958432,0.28184766015993673,0.15488193679735093,0.31973155802946118
0.3630973111778088,0.45697967979470305,0.56420509200257729,0.4638083354727614,0.3313603380952751,0.34479723961738956,0.35697966044111179,0.43584063297306308,0.095265541280772442,1.9432542109294813,0.56129168891617387,1.1459655146436509,2.2479464290737337,1.7305794692001693,0.86948439555067192,1.17559746958946,0.31543937049884641,0.67056546889912405,1.0884037312070478,0.74403365141797673,1.1780189580264155,1.3887593988180982,0.66991454689331009,0.082273702695496498,0.43332061576812708,0.86448460686396,0.22010253040548905,0.30315736699290274,0.034675566338814974,4.7734065621729895,2.5994643419350236,2.2345447721814122,1.956430051293466,0.33463773919816803,0.21525152594494351,0.42603621214844389,0.15711212885632245,0.088869645687826349,0.1678888468679271
0.38321875993413157,0.41014215486881339,0.72072660288802903,0.57648339630283196,0.34240324147677659,0.35076519728155059,0.39884110095901676,0.44875175300957471,0.097897677246370496,1.9758557396097469,0.67042098010326123,1.0633311885002619,2.3840665555127698,1.8534029160511916,1.0306254524470719,1.3254228776777766,0.38838739262671201,0.84691572304880502,1.276065244102393,0.79933151056997931,0.98164038482238214,1.2144179873045058,0.58819440350139196,0.069939656222803889,0.36906050189464018,0.72644984459353479,0.19930479319551797,0.27921146576296874,0.03342330847124305,5.1615946504713852,2.794020009384262,2.3548398444345957,2.0366009564053305,0.35637868650187532,0.2282281371212854,0.49099142825435615,0.18326612455463584,0.1045170750294495,0.19688731735823489
0.42185442594567479,0.46761280501300045,0.46530375967567084,0.37436303692484019,0.38901861649343566,0.38954278435117579,0.4214908950247957,0.45747552381602008,0.099693111113873772,1.6963436243424523,0.65239050285003908,1.2091845129221941,1.6977647902949562,1.0396831958077897,0.66281289396764442,1.0563913837137648,0.34817065345591441,0.77792860461547975,1.220729924382346,0.7208020861319373,1.1482129327654074,1.2591941495378609,0.61392367994649988,0.078294185739953892,0.41285556488745379,0.82102034686961856,0.21507219866831556,0.30193796174808513,0.036262427044687497,4.9824163254321636,2.5405731521636374,2.2792160401094308,1.848625316415784,0.32336550511074702,0.21278464004730499,0.45467518611077484,0.14930356681564869,0.083155990190547285,0.15371878640787809
0.4929225138078947,0.56267276728462823,0.57915285333588773,0.41913616510313545,0.44355858520064922,0.44286085637024519,0.48379881662327007,0.48167727813622535,0.10503458384489636,1.5932770627986925,0.70095451126388508,1.2427186061508497,1.6388564671647066,1.0567854423294676,0.69153012177345796,1.1596473632795494,0.3921630246240308,0.87843718890644107,1.1245013656979055,0.68033271160764841,1.2468344618480638,1.2996095875027485,0.63909070410825664,0.083611244121358813,0.44191669183698112,0.90245614468506175,0.23407250915726277,0.33217825237877474,0.040484541822476239,5.3342953217093783,2.6382713096192991,2.3716620763167193,1.8995141836927896,0.31268757035192385,0.21199636778680286,0.4745760583207036,0.15691025160567912,0.088839902695204642,0.16543653127182106
0.52802026316787831,0.64896916676863547,0.63890455627310627,0.49288912888259079,0.50012253315669219,0.49851628012725985,0.61030230567350063,0.51348401271060917,0.11202588165131465,1.6946449757781616,0.85168124240786613,1.2795385309785816,1.6554122117933694,1.0399652968357536,0.73693775869311628,1.1138801875358346,0.36246800767014098,0.81946602488363718,1.3382533133835153,0.75049027954327541,1.4740833632057702,1.4119197371486689,0.69145820129404101,0.095161586244555008,0.49695935318512052,0.93170250646418384,0.24616933761436197,0.34893215336574168,0.042651029226414873,5.7235660270411852,2.7415625451842498,2.5117528609169475,2.0632451087530121,0.3429959958376021,0.22930288750848457,0.53817779993502735,0.1742962351587346,0.098851335526409942,0.18487533873252049
0.62805778508396226,0.72339500256939815,0.60170141411650802,0.44873276053263894,0.58447061402900591,0.57149275978496994,0.66521244580577921,0.52843972647705706,0.11559781828208175,1.8163689881973404,0.79401180686198414,1.3471387766242149,1.5219182307782657,0.80843360716076429,0.63106342414423611,1.009688559403584,0.34984720564282812,0.81130874971520861,1.4062320879542909,0.79935313876591874,1.6891496605014635,1.5194088671297501,0.74170396755286705,0.10594415196318917,0.55534203179175512,1.0440604055319553,0.26935718237266693,0.38421729822204398,0.047988127980814685,6.1567815909857986,2.7446677440959308,2.5333803866272508,2.1767309727850961,0.36401833432236397,0.2383902705553167,0.52261711673323508,0.16108966629547894,0.091637668134695913,0.17073195845703593
0.62771123858758437,0.83755143143906607,0.46152748187130904,0.4667880696077728,0.69529644053057882,0.6894742363134444,0.79904538206858799,0.56122565268258662,0.12302595045209089,1.9706053089960089,0.86613324969378336,1.4312114168422894,1.5550736970216086,0.98841239508965983,0.68876658856303474,1.1530121054967908,0.3947049297175696,0.9045979976793761,1.4909259429264525,0.85997075719732163,1.8003551996191844,1.651887215541098,0.80104957739393734,0.11353587479468723,0.59348780104194632,1.170099815317597,0.29893734224839041,0.41902424885111228,0.051040624925301988,6.5112476299695681,2.8518893898162609,2.6668904310598762,2.3479005209134574,0.39125763787572826,0.25399562913432561,0.56347274913141732,0.17342378216419052,0.096070065974500074,0.18110053873195356
0.62053967074651872,0.91456601340010457,0.51280474017697031,0.59118094748689543,0.76832349957651946,0.76317572196356198,0.91680733512682622,0.5794357073596611,0.12707754630890208,2.1464482882572531,1.0182216546074456,1.4897908039762158,1.6641079241321002,1.2883822154385869,0.82794672907444755,1.3091552361984031,0.43127482938309714,0.96921476438602217,1.6032072470527583,0.92978060686465192,1.8555537187750781,1.5996578895034612,0.77963939529732951,0.1140461226845369,0.596491767144256,1.2403733187657173,0.31457160034804327,0.43955971355107137,0.052584205414093525,6.8280557294192104,3.0064066645966845,2.7681826847882971,2.4460892842503843,0.41885243044467585,0.2683919610799001,0.63067899573024644,0.20029454856491985,0.11087883826055921,0.21379003678611044
0.63162742621315282,0.99114102952233674,0.53735041113780802,0.2737787476906211,0.4427287574932553,0.48837297347303971,0.72967930047665408,0.53788199298647088,0.11801207377335013,2.1966660782577621,0.9800624351702516,0.89782216343627264,1.1612119301242136,0.65610932982536418,0.50216567679359314,0.60778910010389775,0.19176366357889155,0.4242515858855101,1.5051027585241723,0.90640444350161153,1.6985652309264638,1.39705000295357,0.66725868899130847,0.10105295821201014,0.52226902195924452,1.0582422016674162,0.28190641810147848,0.41504672390073627,0.050896216712580843,6.7425461805942,2.5462840589302669,2.4269291441939083,2.0229372649539479,0.38399539887798362,0.2406068670464033,0.51216315845193738,0.14328187104085441,0.080024229643957973,0.14339858465023511
0.50197432341912629,0.51723495309595047,0.28475408512736156,0.20154151777891741,0.32238484218100061,0.33877868322529087,0.51333777468953345,0.46230521209967462,0.10104789143248222,1.247836799076651,0.57501579782671552,0.58944282470041987,0.48150238993316818,0.28670707208908669,0.24125993460984727,0.27376314300306392,0.084533506493387964,0.19018477882504192,0.90237320294092405,0.52760936363232636,0.70958419309239718,0.60663090605140968,0.2997400293480787,0.043788985455259347,0.23218951721844949,0.54808200080183633,0.17171036741303686,0.25458115732285641,0.033415215732811671,4.1135401673020429,1.552448141624204,1.2128754747495991,0.97349712470098659,0.21599721378968961,0.12864079145899576,0.276033372014659,0.074111588055151348,0.042161722898898267,0.081891125891574865
0.32181855444403157,0.34025576167818561,0.23181291165205217,0.21339120002087689,0.2977969942300247,0.28877664763938893,0.41393594527584171,0.41295205007005209,0.089347771601080636,0.94021014309522155,0.46329762070712804,0.59339093262435116,0.39428511664256383,0.26976744610548176,0.21266886221793685,0.2589577904406084,0.081270810190732151,0.18092143706642771,0.79245704494773261,0.4179558891864133,0.541233468666656,0.57921967215501613,0.28243315440881467,0.036555023576366127,0.19376514115708054,0.43916135770191111,0.13521788316565717,0.19033239788000428,0.023955724635962836,3.6457247810264266,1.1660933917849183,1.0781107643112671,0.76503794821930693,0.16837462014073237,0.10624716763134463,0.22903888014534163,0.063471583299520434,0.036236485662383709,0.073903191060875909
0.41029181832355943,0.42579337259996175,0.21287511702159453,0.23178320264364882,0.31925813786539348,0.31367234500525515,0.38138263910358694,0.41616837964590164,0.090353882867160548,1.0435258783159551,0.40296265479298066,0.67911372862832498,0.41043084703038396,0.29957188609035379,0.21483254172634214,0.27208635820141508,0.085735785262572958,0.18979115059607973,0.86086476476685458,0.46330599394462368,0.62488389514730569,0.58782595162101914,0.29124744752734216,0.040284049447282068,0.21418374285881245,0.50513510414291529,0.15191784063647443,0.21947652214876778,0.028356515356991394,3.3936666578266976,1.0482813002882159,1.0203847354971365,0.8371550130481541,0.18556583111989755,0.10934466145452784,0.21610577097008007,0.06159001586534834,0.035097564036022211,0.073273140306582163
0.55025396400692717,0.56975889182284067,0.2660259987949008,0.30745348990950805,0.4120137684503335,0.40728521042726462,0.49813461031907014,0.46724493083441621,0.10171367203982958,1.4054910243796344,0.52154804132510868,0.86492360881021024,0.54557243394627386,0.40233391298639665,0.28400282241184605,0.36508533826968803,0.11485629386095822,0.25262076128754202,1.1376549060781018,0.61597121022018519,0.83434205696947894,0.77077100493768846,0.38177308553661793,0.05335319700982017,0.28343643686072528,0.66488681406020556,0.19186514186991122,0.28059049103679695,0.036676139454796003,3.6836993086531122,1.4125051543998624,1.3469640032413162,1.1249373043710604,0.24730584417614665,0.14494389087187393,0.28349075836226079,0.081019215906855624,0.045991541283325124,0.096122628301794202
0.74345996621428811,0.77087893503403293,0.35565522046459724,0.40919811715321763,0.54686561531039779,0.54391519353239282,0.67233008092552649,0.52093466212473838,0.11369531285544661,1.6507824561714612,0.7040466173466291,1.1419881890215602,0.72620483047724149,0.5407092268455822,0.37982365743083446,0.48981099961482216,0.15447143998772203,0.34013553164117172,1.3536774510250844,0.71687446229441854,1.125654928713776,1.0406616380342089,0.51387466666937553,0.071898514775994904,0.38145270443214396,0.89074234257751395,0.24354226922605529,0.36091815718738085,0.047723012088095797,4.0161805974603073,1.6597108265469747,1.6887882500795914,1.4244566196415289,0.29460367923224667,0.17668564095346839,0.36753848058970923,0.10659543596856415,0.060604155269060656,0.12695067543474964
1.0188890434109299,1.0523839753017794,0.47963092721081618,0.55064555769552626,0.71761907114502022,0.71334726179710317,0.90324684395346611,0.56853625292083931,0.12438992715980944,1.8007059680798723,0.94612321147448331,1.2711181378163292,0.98046920702526397,0.72899958603610748,0.51195781017025455,0.66032399908661876,0.20826770727328989,0.45899067613128175,1.4791370159423511,0.78341842913703497,1.4903316050876594,1.3388223709185529,0.65987015820572548,0.093886845583575809,0.49594272966143566,1.1296650219549227,0.29574296137114714,0.44849437115203949,0.060595511267825093,4.3772333215671511,1.8074988005243917,1.8391052539254469,1.5521787774844513,0.32187223160234191,0.19275739792183147,0.4524777287507632,0.13674590770714587,0.078086245503720633,0.16462759768189772
1.2740289723557368,1.4191803031110803,0.64853044700183071,0.74706843394272782,0.80664272487312338,0.84398840024554767,1.1784556472332344,0.60395547650947357,0.13240966149541997,1.9698107283408521,1.2941244764100941,1.3829734115504901,1.3162909617685921,0.95147800250214343,0.68514672606257354,0.8477745468686082,0.27099336745639441,0.6072590754169277,1.6167719319002272,0.85719518890238833,1.7076385187632359,1.4717507205503835,0.72481406942384607,0.10553559613962524,0.55632291276849322,1.2642303182156185,0.33043996423028887,0.51697339742726067,0.071088320869637428,4.767278488182578,1.9492101127758952,1.9852943726741508,1.67289283911581,0.35078816532167578,0.20915174763801544,0.55099519105794725,0.17349620456674611,0.099589160117979553,0.21169578871112874
1.689107570994002,1.7266839995241348,0.86918413167551345,1.0066759916883652,0.87306581691909546,0.9112945967073377,1.2798207859810236,0.61772758232656144,0.13555271212217149,2.1251325887294534,1.5435628379143036,1.5042357653311855,1.457185797614116,1.284840090017072,0.84993219991231028,1.1429000217488652,0.36470222365708715,0.8153334957405215,1.7351591742215604,0.92277616151217934,1.8449559229639869,1.5987808131106556,0.78683873028742224,0.11425859521549142,0.60202406166396205,1.3641342756746282,0.35207333900980609,0.56483674213511526,0.080504926045067052,5.1764932783946431,2.121057979210633,2.1557147065410573,1.8097492992966697,0.37824661490713896,0.22626172810331949,0.64091758089029149,0.20781170675066313,0.12032600580074095,0.2592778022554057
1.0856688182940353,1.0711364656840305,0.47953425928943244,0.96093610260532314,0.89930668930754765,0.93350939405627131,1.3328515128844511,0.62185049859230512,0.13651570648794906,2.155781803545874,1.4601805083941384,1.6010714377325093,1.5836178199457263,1.554511397059835,0.90469023309165564,1.3082083539510696,0.42422048132789042,0.94068205996187348,1.8292292739680442,0.9562357925782955,1.9600002878605876,1.7238408932004159,0.8469073808743488,0.12209457694575472,0.6427116862367942,1.4111386244531072,0.35590927018257656,0.51694845575331516,0.06844617869527346,5.6275277594597499,2.3070624935306419,2.333870406714408,1.9382682674864595,0.39611438950299477,0.24055030512827699,0.64759276254112064,0.2107172597621837,0.1157462107513194,0.24937887915737583
1.2523958771636154,1.0533691852774176,0.61615555795734089,0.90349024979780124,0.91841246281545597,0.93183569765802698,1.393860656179849,0.6205402149879371,0.13585184383187968,2.2626720949695578,1.5673041155670804,1.6874793017713212,1.6921495404301201,1.6558390903041318,1.0254119828175206,1.4064964026036351,0.45702089147695674,1.0048892946767125,1.9579784694022144,1.0132337753821075,2.1016828579598266,1.8667947625575143,0.91406463737176724,0.13127236657581168,0.68927440881804702,1.4495400150506252,0.3496096339748051,0.51404251111362353,0.070376340371762824,5.8849024528241749,2.4256703727213016,2.4616259021651161,2.0894354860745681,0.42218414248289743,0.25519057176213655,0.70452368055847658,0.23322637893259582,0.12910560230084311,0.2717280721014132
1.6598789930443667,1.3574751919800581,0.77634659048100607,1.0802851441331072,0.97847453340355095,0.98886093818351817,1.4856633414769393,0.62873092846929801,0.13759968053159577,2.4575986498116889,1.6872982747966363,1.8055203474318207,1.8323617919674819,1.7995792705406974,1.1746269149454862,1.5273657116106207,0.49615022697228484,1.0910880983666151,2.1251504486916617,1.10075969309456,2.2715330992844049,2.0195741328885455,0.98777471498120561,0.14186975869319407,0.74479386725478569,1.5526798203794283,0.36852372401435357,0.56259116432914158,0.079809619893887046,6.3784680143807062,2.636750612886722,2.6690044176256857,2.2768755055039032,0.45895337670189568,0.27707431138920635,0.76302282648540365,0.25900682589782087,0.14541017653212263,0.30558413975626947
1.5104574015728505,1.5696991258673536,0.97962808896065579,1.3389325026675487,1.0603839597844988,1.068815677011123,1.6121700277509377,0.63810819020449683,0.13993553947900508,2.6684042488316826,1.7925844916353042,1.9617717159398076,1.9864737161234571,1.9438800140028214,1.2479678589623844,1.6365997545719955,0.53428442710230095,1.1768326158218216,2.3093020429849194,1.1950780686895432,2.4733002333756735,2.1955129066202788,1.0739639019665013,0.15436804616045238,0.81017687021210194,1.6801404408568046,0.3932753241338629,0.59377622662150475,0.081716201391703561,6.7332564171636422,2.8654663398042901,2.8883615472746831,2.4676193606625514,0.49795799788909656,0.30026086534823404,0.81590918979385807,0.2771587305626757,0.15814100934073835,0.33331903835710325
1.976401255037991,1.7521226631943683,1.3194157684041281,1.4455130523972417,1.1207388135219711,1.1309396183077471,1.6688731956638292,0.643760377203068,0.14124869291757711,2.9055536119671936,1.9056063338119031,2.0679482429567373,2.0655764027398495,2.0331550707249351,1.3045237620502701,1.618460987777935,0.5207537993118635,1.159977649209023,2.4739822281953057,1.2851473937886215,2.6685310255084529,2.3727470803868513,1.1592485954980705,0.16657258855064538,0.87363213659159833,1.8053239612239271,0.41266963519089339,0.6387975151927836,0.091152700906272394,5.825596141801257,2.7036622778747739,2.6487323937112324,2.53550847942719,0.5285553932292032,0.29742364817242106,0.83056945927528025,0.28737088031047098,0.16730518697888022,0.35477109821559644
2.1502265975697856,1.9152554063649365,1.6743268843613985,1.5721841059352235,1.1966806090895046,1.2105121767111082,1.7675192431471278,0.65129729629743771,0.14297181068342657,3.1250668921265494,2.0477887624899669,2.2058511548764743,2.2110943783280441,2.1930863524027675,1.3993208879393306,1.7406443720051845,0.55212606876305326,1.2203045412929554,2.6373531121689573,1.3776999918472757,2.8407663731613741,2.5501129467121011,1.2452029082767706,0.17804067259190637,0.93408400452915241,1.9359171006972524,0.43175926284478106,0.68212415909979851,0.097899131269949646,6.1654768630726817,2.8978602781772995,2.8155710041881177,2.6861322477679366,0.56496670372218749,0.31706913744707066,0.8875723972277102,0.30819350164695875,0.18125752078337676,0.38443495572286801
2.3282053741503237,2.0795263806769393,1.8118417388076762,1.7093481704432969,1.2971195331698993,1.3104275283973637,1.9243670640675032,0.66020892760727223,0.14499034734358185,3.3467179162405709,2.2197940815007575,2.3978903226390997,2.3941551670097847,2.3806439173784693,1.5174350045656524,1.8897497755168429,0.59884858948758013,1.3241763538574156,2.841323346731143,1.4804776696274315,3.0865352296595669,2.761485395482524,1.3459605378734367,0.19297444673510178,1.0116101922037126,2.0937737008229833,0.45324286507126665,0.71981235760254347,0.10383853536359161,6.6618142676916028,3.1381334368990474,3.0530747928314539,2.9099555616966235,0.60867012515559538,0.34267122742858525,0.96007199862770021,0.3336300141934021,0.19621180366865304,0.41630980597248829
2.555758442028778,2.2677336221139242,1.9636835159676762,1.8640767516251135,1.3991366188244188,1.4140841499340695,2.0805762237269785,0.66823060346568297,0.14680844544499205,3.6108265422426151,2.403330876461184,2.5813094404529484,2.5952486923171088,2.5829978924591672,1.6501764703610233,2.0505087045911936,0.6492455314076141,1.4362674247977769,3.0554833626909566,1.5953832039340556,3.3291317075967206,2.9805055299226479,1.4505325345603408,0.208049673647696,1.0901761104657712,2.2534755180773609,0.47387079999658455,0.75707808691405865,0.1099421726482538,6.7581529140592913,3.4001011398914116,3.2823522659644913,3.1444867212151308,0.65633597058416948,0.36895378364390102,1.0364980398585748,0.36108560959699298,0.21237033646669126,0.45086478130241991
2.7671261651888597,2.450180898105133,2.1260469659106573,2.0157251996405252,1.5043646350392099,1.5228811746916953,2.2547619551823304,0.67586422024380821,0.14853831909999179,3.9319678441999142,2.6035101264616434,2.7678037732847232,2.8042869469967924,2.8000998464124089,1.787206633070634,2.2271370221569495,0.70503861436405335,1.5645200582149281,3.3064940446636388,1.7338671876890392,3.5769938837765336,3.2041999139909594,1.5568326499729479,0.22342184417120745,1.1703658007016886,2.4223594051203281,0.49440809170527383,0.79378815884556442,0.11582176372631744,6.8110426590291206,3.6888390055822202,3.5305998796611626,3.4428890745047394,0.71415838044968671,0.39913331261700269,1.1222068233728479,0.39097127499057749,0.22993987192545498,0.48805152397907164
2.9511016670593762,2.6479826072402814,2.3003221212356091,2.1868391139234125,1.6089467982226973,1.6313733964587294,2.4370179213754266,0.68284567972104315,0.15012296279489409,4.283874476728653,2.8118825742354723,2.9587967774559352,2.9977321699816621,3.0014419832448489,1.9206148114384649,2.3905713765981176,0.75935397065540877,1.6890976274848215,3.5712113936800565,1.8807658439854793,3.826534017269998,3.4464159185746941,1.671008619922445,0.23934455941983915,1.2533033122597785,2.5959256351015867,0.51445377847906826,0.83006227525713594,0.12148737117385859,6.8591172167462497,3.9397521062239522,3.7723802315308461,3.7295205069107666,0.77355454696355297,0.42934942230077355,1.2085505564188148,0.42078602433473405,0.2475442854291692,0.52576139131601307
3.1795547677308402,2.8640932615349013,2.4868545638313653,2.358961565070322,1.733962983439117,1.7578009302314432,2.6268986820330968,0.68953976829999353,0.15164163578417458,4.6251222140712542,3.0353590270858617,3.1861720128444371,3.2270987802017514,3.2286637472275332,2.0660593988703093,2.5769040970873225,0.81882782012885946,1.8205900282284018,3.8379054970500488,2.0258516586409199,4.1292570795728585,3.711461000138069,1.7996269955155766,0.25804773130920755,1.3510791847329304,2.7969461823702435,0.53576349662694644,0.86866296582491653,0.12768335115672355,6.9129797382237275,4.2443424073579417,4.0349779733606024,4.0298903618347115,0.83336419692232377,0.46085095247411118,1.3000625460116597,0.45269256948793035,0.26638052126505729,0.56590731016691198
3.4387450985379289,3.0971997943945473,2.6853254147138728,2.5513502256971972,1.855009421031208,1.8837918005533762,2.8206209307569519,0.69559284415002209,0.15301670831991854,4.9041024820857499,3.2683704063395544,3.4026034597175432,3.4782522928228268,3.4840344734333959,2.2287245606048174,2.7820891595956718,0.88299044082698441,1.9618863261948916,4.1108812266621175,2.1575153982520723,4.4485358103805908,3.9785439071108062,1.9289189093836248,0.27734788251387238,1.4514232292964171,3.002120909399292,0.55616472346006551,0.90630579515305421,0.13388705266933945,6.9671270418736544,4.5871836382434372,4.3136421009639134,4.3325954823498778,0.88995203617565233,0.49226257501763931,1.3936660281561215,0.48636510410019385,0.28625865940753165,0.60845288855104829
3.7007969472946964,3.3457691784315164,2.8960772791260578,2.756561248505121,1.8848031262060763,1.9277388746239841,2.9218340194576609,0.69889066210386175,0.15378507399058988,4.9583214552916699,3.4166431590321396,3.4164189130714688,3.7245901077732446,3.7357170605296961,2.3882897710797892,2.9667284619240206,0.94326221419976797,2.0962111453378776,4.0814114693489083,2.1710003656031662,4.0320301324275736,3.4933402634761208,1.7151806941435057,0.24940909921394916,1.31382411017267,2.9111198768682041,0.5536671532259082,0.91096105192273658,0.1358335906791153,7.0185718604795095,4.9081700716886809,4.5943699937684199,4.6231149470071156,0.91070348941312151,0.51373384130770605,1.4611625880963646,0.51394079701816353,0.30283272678416667,0.64525585244244676
3.9986493768134377,3.6142264329096165,3.0854665527708751,2.9621416822545901,1.8440136515541912,1.9155465664408806,2.9608387215092016,0.70042878200672942,0.15416404145575788,5.0049825079605128,3.4508921468674587,3.1765884219733143,3.9882493848879257,4.0065717056819725,2.5604672948531273,3.164934905221382,0.99758502226175916,2.2088656004297165,4.1878902314575788,2.1998673807304803,3.7245156364867746,3.1495193533533579,1.5641084531451475,0.22915933012446948,1.2123950584894732,2.8014108937712128,0.54837429509019808,0.91083505353888372,0.13714725792863583,7.0679208474357296,5.1646961923056782,4.681532733087935,4.718526319283658,0.92373012978003466,0.52221954850513508,1.4950199279938443,0.53445482543099743,0.31537796510607391,0.67458461823980842
4.3037479687202502,3.8197754539760118,3.317895429267653,3.1900740404007273,1.9107814841394273,1.9744004923918337,3.1203255122154765,0.70312875257455743,0.15479318847619866,5.1717156159597923,3.6909003685615152,3.3031951874683938,4.1619737158432795,4.0429297409331655,2.6815237423240164,3.1539866421580292,1.0021696474364541,2.2693214508501462,4.3623239324205594,2.2670425124510949,3.8872334776068866,3.2506229715045976,1.6146887832671497,0.23794477010482237,1.2565519258505908,2.8509081097726532,0.5547020698272751,0.9255306698458915,0.14032149279764292,7.0297589192899244,4.7180123905797089,4.1487151771963724,4.7527982245224436,0.94404528213566663,0.4964755024425706,1.4895104763963603,0.54183158095442729,0.32071867950875582,0.69072798583401007
4.4972167048879781,4.0827407012202039,3.5616351810700646,3.4258484466275223,2.0395492973612761,2.1089454914888219,3.3321969319076388,0.70826511714391627,0.15595502949993634,5.4729793814050227,3.9549913608638145,3.5210694667932376,4.4163126972404125,4.3356951017820586,2.8558851936764489,3.3590532410574858,1.0605543374488318,2.4098486280572238,4.3941141050891313,2.3438614415309957,4.1599067117352231,3.4883539944230897,1.7308333980081827,0.2548028390434432,1.3443970677241515,3.0345856182173034,0.57293073494739721,0.9588583086208734,0.14554943870313816,7.1083340885652833,5.0364611275105222,4.3122077744663647,4.8297105158667906,0.96907433297150891,0.51288765676457082,1.5604723589589204,0.57079470981308933,0.33817949220403326,0.72973108119234209
4.8244216529663078,4.3829071035950333,3.815597552612652,3.6865023827544801,2.1780153664792214,2.2528841290285415,3.5502362187174876,0.71309683209596997,0.15704746347212512,5.5452490101559846,4.2273045025009148,3.7211762651947518,4.4602670472757531,4.6496052441111582,2.9817704499985433,3.6169618546125046,1.1391119653528561,2.5774780838659228,4.4283030403054369,2.3686148615690183,3.9047204508001361,3.4352921726367902,1.7065898230011098,0.24463553041577427,1.2955849862307929,3.0529010573675164,0.57850408689427013,0.9738468865684653,0.14874580757898856,7.1643592662689919,5.3861581475186284,4.5985205165713623,4.8441336732150333,0.97710849747092798,0.53223799641217295,1.6382111933802166,0.59849723670276433,0.35496686905662883,0.76777699870868354
4.5468283080906797,4.3473290294685336,4.0772123133195075,3.9168283159189463,2.3002835653374989,2.3793426227149417,3.6612944086364623,0.71646865993463826,0.15781641952438089,5.6403109135078493,4.5025860924821375,3.9052948275429524,4.4847129763536593,4.898642529281318,3.0810949334202826,3.8656554804299255,1.2145685992751682,2.7404927589010026,4.4634932282425961,2.3986378404836595,4.1357085026975877,3.6462760664782206,1.8080510788093236,0.25910385509292305,1.3708754490471993,3.2035723643851419,0.59178216242523574,0.98938500016339692,0.14980283922427873,7.220051532243029,5.428010442666424,4.8475932379807221,4.9172495300321248,0.98955127890412542,0.54994165064687384,1.712368481878755,0.62369351870103273,0.37035917351211872,0.80276728081353577
3.6777554497458449,3.1942365061650357,4.0002322846963949,3.9531976053083806,2.3063984246257654,2.2965147369395575,3.6369196217494353,0.71371216925409109,0.15704903933789213,5.6874405547569049,3.9327389699980997,3.9273178493587824,4.526239533955934,4.9356480384910801,3.006794286377549,4.0939597811012289,1.2941807417209856,2.848179425756558,4.4700024214807748,2.4132576734024718,4.2444698472041384,3.6609570686456161,1.8226547333459042,0.26378639304149104,1.3957794262447922,3.119894555531888,0.57552505626013895,0.93321331360517523,0.13839207590403405,7.278387475112055,5.4725002713930451,5.0754577318999843,4.9561155410458895,0.99592583902183318,0.56434918893893726,1.6667818625262698,0.60638773550219149,0.36026506671229458,0.78239330359449266
3.8888624105219467,3.4178551242441966,4.2633809511016096,4.1653205401487616,2.4157682925888819,2.4216614256945128,3.6842224700963837,0.71675877959287371,0.15775804267257471,5.7262258624686488,4.196716744508918,3.9550305920271609,4.5452470402964593,4.972013867528843,3.0798018264354354,4.1310450365655011,1.3182431754481889,2.8808073273156078,4.5008574368270242,2.4299327172783425,4.5199225938530843,3.8990955335126469,1.9418589477495511,0.28095927882635724,1.4860034450924999,3.2965265228809271,0.59153328238571434,0.96417869157925074,0.14345820101837289,7.3322615074961552,5.5148220375067529,5.2066767743632241,5.0309996266312673,1.0049184971382141,0.57401803866492818,1.7232024836084177,0.6256355183189557,0.37225833562413352,0.81043155287618873
4.1874756984864954,3.691261218795395,4.5346979824669154,4.2941326676743472,2.4295156443328692,2.4791437476364995,3.6982024988714675,0.71877896438618594,0.15823993704313047,5.7316122168871173,4.4368546043148172,3.984592485129768,4.5711812552089022,5.0113972733957537,3.1694761981709099,4.1706466739917838,1.3314068273129553,2.9056421997324735,4.532579695277942,2.4394513809402993,4.8679009792610088,4.1781930877843676,2.0706726610904176,0.30115949340337239,1.5874905667820076,3.4858471625115248,0.60723703181418043,0.99581348026498007,0.14898442522904551,7.3887165776753445,5.5564400688607529,5.2480052578799539,5.0428865194702244,1.0088249011865036,0.57738892045506629,1.764298754666846,0.64218039414089789,0.38272366624997284,0.83486472582366633
4.1340626419342055,3.8257096740835355,4.2142709577267183,4.0020151770918284,2.2991619126917344,2.381984718829516,3.5010218421868355,0.71696701579570532,0.15787665057306333,5.791904275689391,3.9953885457529705,3.7071682968220987,4.6156711334665079,5.0422253444856562,3.1593915717321908,4.2201222119642336,1.3490234040667541,2.8738391931894411,4.5212763863914436,2.4514830387560682,4.6488625133752741,4.0612851935595131,2.0150302882830307,0.29012565505576116,1.5325283431272039,3.4288853515108486,0.60429470023237852,0.99195427828655436,0.1481183344262913,7.4237652188850278,5.5756579391750325,5.2840317163620805,4.9669617097902501,0.99916262477712248,0.5755888894258494,1.7030614170683669,0.62518801165724314,0.37156422141064255,0.806329836608632
3.1399065882854562,2.9622504432237284,3.4088430770554345,3.1316884260181461,1.9240804987071878,1.9768403655188447,2.9616125528408062,0.70452410991673031,0.15502065445106347,5.8308008186615039,3.4700104304485611,3.3102012251945205,4.7134971098440035,5.0727119766374971,2.9911072475492766,4.1398815810902851,1.3349895815616104,2.8308484442575694,4.504305369854718,2.416758661527405,4.6934511312871425,4.0815947351421089,2.0020527665267305,0.29057135184956362,1.5215839363748185,3.0917770293659248,0.56777796003226344,0.91219590764178982,0.13266288085990199,7.4614591794679042,5.5934943807441559,5.2067679418960493,4.3093840070842457,0.95088464292565444,0.55740686649851423,1.5846074276499376,0.58195558576038864,0.3432601933426454,0.72849063926028779
3.2830778621471115,2.9313515867890061,2.8351412287833311,2.2422813335702774,1.8197364342161364,1.880265563681776,2.6940581582125742,0.70010897183151111,0.15409236497692627,4.5449657651991524,3.0402957768895247,3.178236878030869,3.1917991985641732,3.3384465550388507,2.0842802291349347,3.3607596257987473,1.1694849641551961,2.5099499161449805,3.6199806631310505,1.8934335640162612,4.6232461245773626,3.6505099058783426,1.8011342732557456,0.27443117611432088,1.4352966587799785,2.9256715921454841,0.55461475353019984,0.89377864462859036,0.13108790602350856,6.4467245152188939,4.6353458088056918,4.5459054692397247,3.297854318525431,0.74352091384545194,0.45859365935959956,1.3320550217468345,0.46040775480252599,0.27162018681286865,0.56794236105409646
3.0069265958127342,2.1045940987208116,2.8161714063055854,1.657072897440208,1.7359342240666344,1.6461155138760339,2.6997986516227948,0.6890565515010233,0.15094950611376978,4.8391548667716888,3.1626078566378504,3.294483915551274,2.8116514674415547,2.9102504732010943,1.8358002636100774,2.8270537419511799,0.95200897395003659,2.0704722475151294,3.7788505551778244,1.9685371746759841,4.7438177751440227,3.8147883996079943,1.8749267145435184,0.28341261327659117,1.4785848955504333,2.7040454909948655,0.5097249480761944,0.8037621527825467,0.11833416160407505,6.279367607865316,4.2938390202793695,4.3597391371691092,3.2194644087289399,0.75598446952063025,0.45417200843466604,1.3206504751973518,0.43639388774546201,0.25442514683831757,0.51631999253349481
1.9702152819958307,1.1320728478877258,2.8151379777334165,1.7459612346115956,1.6888373092669633,1.4740538415613182,2.6591574284513531,0.67556543912547229,0.14583625467972167,5.1658509326636377,3.243569471383974,3.4965170636131564,2.9374594135010215,3.0828511479521086,1.93106315110473,2.9849598165280207,1.0052211366807993,2.1950437240738103,4.0344426952061063,2.1042700069635223,5.0047191662257591,4.08954866970259,2.0080862461081597,0.30110294505704854,1.5690675789160262,2.544247011139019,0.43554653441321617,0.63146489749244183,0.09050071571452703,6.7441576272437773,4.5618728093329235,4.5920585556007456,3.4014378012495228,0.80538509782732115,0.48136985745752076,1.3890497036419012,0.45891304128513533,0.26814893875690293,0.54317856774764994
2.0222620410222061,1.4174255662072832,2.7079771202777287,1.8307868744497908,1.8145591985141081,1.5835701534131066,2.8349277752252671,0.68217530151160766,0.14805102116004479,5.6448549327134545,3.4232893879628898,3.7483207136464882,3.1254224120341512,3.3249411692669164,2.0624860780038405,3.2142736680651498,1.0802851767051675,2.3540403273793782,4.3384460670298335,2.2856886834948571,5.2302661759592235,4.3488721769787544,2.1312492184155634,0.31688087109405205,1.6517069755976472,2.7138622556409273,0.46906499229596232,0.69082422373931496,0.097562737705119251,6.9388303228513033,4.746180831755014,4.8951182814014187,3.7400260832526295,0.87722314273531821,0.51905238428322731,1.4872519483215698,0.49017400624003321,0.28603632938180285,0.57133830641168393
2.1646170189572294,1.7006485511336893,2.8614598011599828,1.9717824922443026,1.9527902558473091,1.7090069980677145,3.0425284939913255,0.68938286988867092,0.15028190613365303,5.830590013773751,3.6714533277863439,3.9790310864562644,3.3864874554482682,3.6012546467835094,2.230701375700094,3.4556103411258623,1.1582442595122642,2.5176201200933508,4.5292610687020911,2.3909559682500134,5.3465027757648409,4.3816099425394448,2.1546121016180595,0.32238847886036209,1.6858600564036277,2.8605492736104612,0.50298779465836363,0.762548721715537,0.10741179838472731,7.4165371511220419,5.1066915267772819,5.2643959668173945,4.0649988119279579,0.93050494347184787,0.55415217203413869,1.5902212814964849,0.52611571855453976,0.306940303893039,0.60346242389134341
2.306367548030928,1.80616895983909,2.7564289778100948,2.0031844040518552,2.0516731166239079,1.7598381206425409,3.1918484783485903,0.69125193517728767,0.15018460137385517,5.8744620338234048,3.8681444426386267,4.0084565816679367,3.7105686155404354,3.971083873637296,2.4140969621726369,3.726889700216375,1.2443833899009327,2.6934703705991274,4.5628591138700534,2.4426698752129892,5.3883642054950931,4.4147709168056037,2.1708946895825623,0.32498027771363563,1.7052397257294809,2.92067913958418,0.49959668238563393,0.76743610779983729,0.10935029257426557,7.4843480797248949,5.5084149929376389,5.4028771947307668,4.4147469975357803,0.97216753688130786,0.57427498064751825,1.6637663529694442,0.55571351043760386,0.32253371679222498,0.61167354651778016
2.5093454037617615,1.9616947609416429,2.9608480588425543,2.1461977423647784,2.1888508980433694,1.8772507842869453,3.1350224011467396,0.69429271603242115,0.15146145888312759,5.9188995232560826,4.0187421966963877,4.0378326273240255,3.7027228617281214,4.0943071443089547,2.4795865633678238,3.9423789502261584,1.3174044453480429,2.8522173338064003,4.591654323379827,2.4842744643207206,5.4271615183437643,4.4449076377608643,2.1859152336330063,0.3272783770639458,1.7175038010758106,3.0290842666116387,0.52526626570057111,0.81118741201175237,0.11614377515658714,7.4002757442363238,5.5040299822503025,5.4105764028476395,4.6322348521616652,0.99769186489030948,0.58252460102660797,1.7113993769871385,0.57227565021292126,0.33313495516695329,0.64370290714134548
2.5286152204189718,1.9406813846278961,2.2853362378507875,1.6347942096696044,1.8444900727846383,1.6162323758385724,2.5644676939816407,0.68064378417725346,0.1482980559168042,5.0574143295069574,3.1550478507094799,3.5503977309082608,3.1348865254855536,3.4230255802553775,2.0179420663445038,3.5596671616964892,1.2235844725884673,2.6343408350286732,3.8089542440798918,2.1092125256033252,4.5409809327925394,3.7456144154891131,1.8540848173338702,0.27570288712979552,1.4511007191462266,2.668507247257756,0.48800522301630733,0.76155247757269329,0.11030530273859035,7.3460745706287991,5.3226097538119683,5.2766559411620362,4.1306634450887776,0.86362237249029838,0.53288495226587029,1.483212818763352,0.48307152396620906,0.27862093758889123,0.52594464600847601
2.7247900355711585,2.0935930457912684,2.4608028172586303,1.7321900024416927,1.9749216467511663,1.7347937871970227,2.7377232358095607,0.68756159819434348,0.15030312821619349,5.4145295622551188,3.3636251752874236,3.7970820987520755,3.2486223824496059,3.5436970470232154,2.1130842589655514,3.746414937434984,1.2827465241356124,2.7576590461004691,4.0848506974792809,2.2603864679982264,4.8424027502126012,4.0083655915872107,1.9841328400805169,0.29448279287382217,1.5499691739419819,2.8613567372500834,0.51442330876830389,0.8058156371307581,0.11705165744063173,7.4732253768731356,5.5561028978150118,5.3155624069782039,4.3787771383843097,0.92179212704157998,0.55409767785916031,1.5568238495107334,0.50715325708104797,0.29417593968525574,0.57062725812231663
2.9368286779111883,2.2560786061020979,2.656936994375755,1.8732290328806089,2.1109268674954622,1.8620386342820254,2.9385784206142018,0.69442194259989776,0.15217958788093897,5.8168860103215403,3.6090584134999362,4.0257299257073145,3.4996144265870592,3.8170048127569856,2.2740781421321987,3.978384931771779,1.3226171411072227,2.8877254131889947,4.3734623321837773,2.425013306397354,5.1710157740778797,4.287475864130589,2.1214896371730476,0.31460048750874781,1.6548572818082303,3.0635874851895397,0.53541571125159126,0.84336914776967675,0.12306014384612635,7.529613829821467,5.5949933529389755,5.3317014994690872,4.6901429011420079,0.98608199454772616,0.57502172339496371,1.6363212058044876,0.53815834269330642,0.31255770059648513,0.60867617881417546
3.1326103880533602,2.4495318288953212,2.864108896247946,2.0272753619646786,2.2607613863036113,2.0010155174278026,3.154383605185636,0.70100393273794814,0.15370852159734461,5.853406375733619,3.8568471335644903,4.0611785414178794,3.7775735584978793,4.1149237373993905,2.4504853150025885,4.2025030938763042,1.3594126979791121,2.942461299405486,4.5848965062401019,2.4725437176161118,5.4144553608488808,4.4496462374735684,2.1901954638057677,0.32718944617212986,1.7178706641750245,3.2154934214899464,0.55230379180730971,0.87628407513281104,0.12837561858888547,7.5895284947467427,5.6410824713406527,5.3887102761237458,4.9569910218077986,1.0136614717679506,0.58625736648843818,1.6975465639683667,0.56663445732542617,0.32965821864839828,0.64544447532991411
3.3866069467375675,2.662191145498483,3.0873321714569979,2.2221452511391635,2.4122289496019702,2.1453779286365138,3.3776825551570466,0.70713558322410075,0.15513611790881413,5.978941858711222,4.1274513139691198,4.0946244914345229,4.1121692611817062,4.4575331126933033,2.6608010285901109,4.2621070862771928,1.3754999942718369,2.9701836231671312,4.6245388626416517,2.5100602755174122,5.4701084814252106,4.4876688226373949,2.2084144760650966,0.33024751403136554,1.7336745512089087,3.32745353165951,0.56638391876766414,0.9058096365027638,0.1335612542458845,7.6514134230344366,5.690270808567675,5.4668852200107967,5.0711278187278408,1.0302655303576695,0.59528551891634829,1.7555853660016438,0.59681606442743795,0.34778958620673939,0.68532819728588323
3.6214418336181144,2.8730813467594825,3.3186099171609857,2.4074019657460943,2.4369659965906973,2.2257331909313378,3.5991862209188437,0.71199784246045128,0.15627831904606224,6.0205018147398555,4.4001249307662986,4.1255046467853926,4.4630172220028514,4.8140802993544174,2.8739255781763808,4.3053767100860503,1.3885522335841183,2.9950030091017528,4.6588418345004765,2.5280766764191935,5.5111989878270693,4.5214456368273677,2.2250005636045822,0.33272786075973815,1.7466848221770384,3.433164039529375,0.57913444145234549,0.93289783582950025,0.13828693305576031,7.7179480527841324,5.7446753195414431,5.5492179660037575,5.1143947490371762,1.038048306175622,0.60190360310419544,1.8074992821574765,0.62533534868001595,0.36505687467700992,0.72362157041702013
3.9067890051121403,3.1030990325439864,3.5599879384833804,2.6013436097694407,2.454065333690286,2.2986854749511165,3.6997637799298739,0.71557638270161172,0.15713543973289032,6.0667082688685694,4.6116637701613978,4.1557952780139846,4.7035083613236708,5.0999465814450806,3.0475001339706638,4.3387708747139282,1.3993089727599097,3.0175249571434808,4.6935097171667213,2.5471943376533464,5.552045018157636,4.5549560559615268,2.2414801912245634,0.3351930500031734,1.7596242657177394,3.5359863179514033,0.59087537417077596,0.95877192121207477,0.14304765914672302,7.7834460303473305,5.7932246444283297,5.612935603985969,5.1600853022242514,1.0462484522979212,0.60767767965455566,1.8455954216977992,0.64752214699670252,0.37890719218316826,0.75677934563526517
4.20108673962892,3.3465084703192387,3.8094574726302217,2.7878988476092306,2.4712999533277089,2.3646874400842357,3.7263062246556538,0.71836110671324405,0.15781395670118525,6.1132261562082917,4.6443647623840025,4.1864599575785624,4.7363668888342421,5.1223918296340134,3.1396629945235324,4.3662421414845864,1.4089109638519624,3.0391511223686525,4.7284351813939391,2.5664362139855403,5.5937111719492414,4.5889759069289253,2.258210041541302,0.3377020262382297,1.7727876670086313,3.6304554847998629,0.60135469356237192,0.98268531294747297,0.14752318050063812,7.8402041133133835,5.830962192635547,5.6483613058450137,5.2003331688734002,1.0542015446351791,0.61192387224041023,1.8586387947894036,0.65815771036698101,0.38640151807364087,0.77895094100025397
4.4881703789408052,3.586641570397616,4.0679759792040633,2.972087870884093,2.4896300209745763,2.4357186046646326,3.7539125123700061,0.72106911980484989,0.15847067290289479,6.1589071301048914,4.677743672436895,4.2176186236125659,4.8096146134024051,5.1885929688573453,3.2460841059746426,4.4025204451977418,1.4202002862042755,3.0620853999979789,4.7634672384430994,2.5855412209388624,5.6356581774235153,4.6231207451124146,2.2750073614030821,0.34022477455720229,1.7860243084454586,3.7240935678636431,0.6114995045151248,1.0054309461411026,0.15175108587746353,7.9101634218054091,5.8895320538480256,5.7189335186840609,5.2425641686756244,1.0622099673861325,0.61798458173879511,1.8749430586519287,0.67030680663339515,0.39466526831396936,0.80208747099701083
4.8170155343005883,3.8552679854859147,4.290629399400955,2.9273156788133212,2.5080327807704421,2.5026512723401466,3.7809656074757152,0.72355967609843719,0.15907489671995476,6.2051682849152288,4.7076492298897534,4.2488813959210647,4.447338466649331,4.3872442222834325,2.9471886024868557,4.0054661656750001,1.3036343665949921,2.8566446644968102,4.7978989178839155,2.6045759917284133,5.6759505084830719,4.657288412170808,2.2918304454887126,0.34269637086622939,1.7990138876030337,3.8111953841998445,0.62087699700748245,1.0272679336948689,0.15594254527067181,8.0072830527354135,5.9645232689901233,5.791094412682642,5.2838635157684495,1.0700895849033871,0.62408036062035688,1.880136957526223,0.6518829350405364,0.3856346369090119,0.79110812500173655
3.5220794447462267,3.5127096134668694,4.1668692971369481,2.6625557441991359,2.5238958153454525,2.5576920895548021,3.8039761715243978,0.72494343744908907,0.1594288954032333,6.251379900467299,4.7296411373428073,4.2758377734544544,4.3708050927025939,4.4922522033610717,2.9372028179316749,4.1419505062430213,1.3519242470395538,2.9545053647897719,4.8265881534347734,2.6220994261017214,5.5624461651324424,4.6590837888308068,2.2933122327559143,0.33913332205275809,1.7819448476108233,3.8571628753377092,0.62278947258914374,0.99589034346539318,0.1450729735711728,8.1860321743064706,6.049244417900244,5.8388418830215958,5.3161110582501019,1.0766269718564287,0.62847896033688522,1.8955069187221356,0.65412872709227254,0.38650632460251894,0.7779793790063364
3.4430391337711876,3.5761488116089306,4.3931186797461699,2.8533888503021712,2.400336461538946,2.4076661614935571,3.6145855752447131,0.72133872089686202,0.15852428699714674,6.2964929714993687,4.7459553754234811,3.9866839050091962,4.5878818434311306,4.73272114714689,3.0984563216525682,4.3934197705120548,1.4198055319096419,3.0685577266648014,4.8611884638482836,2.6410436410262408,5.6875121416205818,4.6787460107629544,2.3013306553610824,0.34368183864964785,1.8005808918070387,3.7266603081679239,0.61067697658767994,0.98103704163211403,0.1428144065273679,8.0539909526094355,5.9645946789525377,5.7927216987314427,5.3495862814835178,1.0841600410024963,0.62843190817434025,1.9034529593245841,0.66869744607889181,0.39583287656323507,0.80327690281001951
3.5890620858375022,3.2573399297950765,3.9625981486799406,2.2626504599804216,2.4209141383094637,2.3670773219989143,3.6248442968607502,0.72021595212145273,0.15812848263493898,6.3362170684152384,4.7550098740668991,4.1754297296267309,4.7042174118557751,4.9163422823760357,3.0856410327310728,4.4002997956561813,1.4222401844829047,3.0753676204653391,4.8897389339885464,2.6576524340555148,5.7226328675459239,4.6971317381608415,2.3105241651040216,0.34550163556909025,1.8134578969410704,3.7023225549877803,0.60288678207229951,0.96588661090720096,0.14181512462965087,8.0861104508996142,5.9684189285774183,5.7967158160720977,5.3821282776778627,1.090959668518156,0.63070789059321364,1.9094181910265091,0.66528923583916555,0.38887269266760505,0.76100866008523493
3.2308953437077923,3.2276758956244738,4.2240067646975188,2.3068758195471752,2.5283863427983291,2.4883303624857613,3.8081234078141932,0.7244434394433199,0.15912328336429324,6.3840494373004866,4.7899711596324615,4.2887506873287098,4.7433954711224819,5.1487763578913883,3.1777357033010203,4.4283948724288917,1.4305979051827584,3.09356905780264,4.9256829014812533,2.6774756693169164,5.7608342463916715,4.7311438282937628,2.3270351642467872,0.34788184435051672,1.8259078302674094,3.7998185870252263,0.61348112167306046,0.98230480059677716,0.1418521647722282,8.1412823879328915,6.0095786435284451,5.8203469685968159,5.4221432834031322,1.0990663006458319,0.63438249407459568,1.9215255424585229,0.67586767025472838,0.39634216346902273,0.77817266634342319
1.4282444534542811,2.1213712746555906,3.4641530137719738,2.1673342774676323,2.3956529647348028,2.2460863453282269,3.4770803275513291,0.71398815613145639,0.1565441205482874,6.4081348652597798,4.520026045958307,4.298468009425835,4.9051793016571326,5.3113289798441317,3.2428866321924525,4.4712651784875916,1.4425539605837558,3.1149132012965648,4.9472095477079137,2.6895925469256867,5.7659618892871114,4.7443375209093537,2.3333357630112914,0.34848268625488599,1.828081363602843,3.5508182592768498,0.57642069252897354,0.82223348109440275,0.10322885133100655,8.2561741240018645,6.1362239213123368,5.9588004177552261,5.4669140801167284,1.1052018762052824,0.64338102516829276,1.9123785347730664,0.67536861842464391,0.39181589515208726,0.74433547912534903
0.53414085489499963,1.3636235304524513,2.3786454399697541,1.6666476894096134,2.0905443031993349,1.9438907650083919,3.0998613375328929,0.70146916941578175,0.15339608242777031,6.4035608635682042,4.094423774353773,3.6955263310157043,4.9264218743359454,5.3611926322835926,3.0697890803679835,4.4785028598011749,1.4446633331503567,3.1105095949276782,4.9555113866886931,2.6919962573421858,5.3824858888891676,4.3293182383340376,2.1262544492758986,0.32160104753756924,1.6844556526520804,3.1694671481029228,0.53422953304571497,0.6695033992003484,0.064886582559576106,8.3799561917965271,6.2288692040292553,6.0138236552021898,5.4912210195287106,1.1074829825543693,0.64688859835402324,1.8506998899956895,0.64052560235894229,0.36120613527626821,0.52144235543535522
0.54648374128006061,1.2545076308980783,1.5482112044317249,1.0865433313976094,1.906019721287912,1.8057462195594636,2.944635889663167,0.69798575025123144,0.15294271564775322,6.4051295852938885,3.6999690900712832,3.2430129547797022,4.519489738645575,4.8549219830700423,2.6986241254421737,4.2155979490240059,1.3675282217311828,2.9646024221589258,4.9531085854346744,2.6934389304169013,4.6972516194728327,3.8234085820998209,1.8765551040537038,0.28215140456960908,1.4783973433744864,2.8435770858313965,0.51579566326001636,0.67011338770867779,0.065912279121145667,8.5146690793114086,6.1683585242106531,6.0185999402891923,5.5045339979057548,1.1089880370231842,0.64762300399407713,1.7838806218865804,0.58375626819564153,0.31210108807651465,0.36699621968441526
0.64670844496052993,1.3479775949875079,1.6542685839845457,1.1795036710220828,1.9903951632028594,1.8930773548688675,3.1253819702136396,0.70318694074188326,0.15416357428989386,6.4399213149487444,3.9099157606712711,3.3645577473017987,4.6217538001812768,4.9391551073886575,2.7641423743658868,4.4419681847143302,1.4403168589117432,3.1144250299490008,4.9874476140601676,2.7102408029104157,4.4962297404170037,3.9356317047228528,1.9187282594189117,0.27837057803376164,1.4592958305417658,2.8547408474667066,0.52103291606626234,0.69474096933462237,0.072097765917798248,8.3598754715691221,6.168060913404025,6.0160205359371783,5.5403788962865503,1.1161160908168426,0.64968993649511342,1.8316457692396382,0.60300732619551523,0.32562726870843067,0.38910822513542964
0.51940328283548709,0.92066977849525655,1.7574201058081025,1.3454031525133126,1.6908962978498758,1.6142165361787546,2.6244013404640891,0.69153160896911214,0.15170743429170319,3.8734519282812894,3.6901881501904015,3.0617354116564628,4.5153726167655952,4.5636906367967933,2.6559629354683887,3.9638265489282523,1.2607984150219209,2.7460259180144186,3.9694661479831588,1.8621301476545939,4.5778714482819876,4.0609469494752668,1.9465639671525079,0.2825554729971948,1.4542670552465982,2.3959135870215791,0.47966362177251026,0.62575113466745103,0.062462784819302813,8.3812168896176971,6.1522981719868213,6.0164593132648276,4.9256136816694926,0.84069040953632501,0.55558042028969679,1.6311831151594096,0.55781597721378351,0.30937636264343715,0.4259209438087519
0.67541458115258268,1.1779393446390727,1.8539442364387029,1.275508182928389,1.7896849364208771,1.7016532840009482,2.5721968250588794,0.69367909323526988,0.15225653996541413,4.1574536920759746,3.8259810731885699,3.2855730633058817,4.7221836483336865,4.7987818534836144,2.7636186304541637,4.2016106760103922,1.33319343352935,2.9094275776127407,4.2732518210710824,2.0022958153177752,4.9316365045438797,4.3691056314538299,2.0949202602547397,0.30425547312672241,1.5659893599538661,2.5708136814135494,0.49800274811151052,0.69034481526731695,0.073610242965353054,8.4259331852357864,6.1415637506545115,6.0155572958935517,5.144868645359673,0.89680464899389523,0.57677466803810462,1.6970983602641332,0.57940591975279321,0.3187648902004182,0.46140526112002483
0.89924727977133856,1.5609270899845151,1.8964428155700228,1.3881467639629073,1.9111395252562282,1.8201445346635383,2.7323852941498186,0.70000912463537601,0.15371182639814693,3.9067472477856238,3.9477125410677254,3.4356279540827654,3.6119206071721424,3.9341807914983788,2.3866820405661655,3.756727613776992,1.247084331174384,2.8456952870775285,4.4690077256455529,1.9653397010354683,2.9196026755401863,4.1609280073077874,1.9685155377643784,0.21673382809278663,1.1380424450374775,2.3107261366387539,0.48250255251895047,0.71776956578554318,0.083454533265224062,5.2468829362507092,4.4840045521120793,5.0413135296695453,5.1591906083233257,0.8862736130024953,0.53019198519316191,1.6329013218776962,0.54010932007207324,0.30211612168040874,0.48015143214039013
1.0666286892000214,1.646593764466884,1.8900917540616615,0.76813157573316426,1.1540977694176355,1.1580574552119474,1.3766123228533258,0.64651291452645399,0.14199551238160382,2.6905500742996908,2.7067493663974123,2.1964323731831112,2.2664332645007104,2.3037354157595038,1.5452148231714031,2.4341985509201778,0.82657018559859963,1.9114481309453808,2.7416998540066118,1.2492135482515572,1.6881061444696279,1.5710946451229983,0.79091316339190032,0.1091242809713988,0.58213707051859842,1.4605346338610452,0.37279147015861613,0.57682995520782387,0.074295472716324196,5.1039863628425337,3.788251494475011,4.2402844907051049,2.4211522867679007,0.5237468811345799,0.36388694694480961,1.1294861976232657,0.36891497489291952,0.21163708941274625,0.33189246408819251
0.98439390926217929,1.018680182731976,1.2468201737900924,0.75470914176371995,0.87322854597708266,0.87118478395087096,0.72226591596120271,0.56902306233137501,0.12483989551387097,2.4244512827355305,2.194865657101305,1.6048966956201056,2.3277961970060383,2.3760940319433317,1.5593497166447132,2.5490990680882031,0.86920022117287687,2.0107423626167615,2.5199813813529146,1.1593184934704919,0.87031331855722516,0.7539940514681378,0.39174799349077161,0.055371644418191743,0.29915985441895376,0.82534319489173369,0.24778910720394348,0.38698131719612677,0.053552871891270101,5.2371519097240684,3.9226943684315079,4.4337325343871141,2.5198627668946476,0.50543077541683545,0.36190741240346797,1.0638450570744882,0.35014769928304629,0.19679757890931138,0.29922562776115696
1.2798006447240646,1.32343255405757,1.6362123194671776,0.98760400493650946,0.93303848990040072,0.94190797247206182,0.94557057004169953,0.60410671627976054,0.13257815237774462,2.5929174623493041,2.3564327188524703,1.7100820514868504,2.4494581167057423,2.5368637493849904,1.6522726934446677,2.7063939578264078,0.92084857265778564,2.1281937848951862,2.711048073764958,1.2423798753917725,1.100317541556709,0.98734873907283915,0.51094784007410232,0.070902777477901371,0.38060498264829756,1.0249091695371322,0.29414431061944957,0.46615034392158816,0.065458576466200805,5.3184691804934356,4.0165590013420314,4.4934423653003046,2.6462561037943781,0.5387531813954618,0.37875112962577562,1.1240328215490165,0.37464066417705166,0.21464467981135749,0.3493575160515508
1.715791640161382,1.6708699949227446,1.7557867852967572,1.3314259815970448,1.0137040950019727,1.0223125259573653,1.1933456378767673,0.63097333326986926,0.13850711067728502,2.8401032643488779,2.5552655370835802,1.8560780789716489,2.661254423651263,2.7579835395049677,1.795008163793224,2.9274683633980545,0.99285898600234479,2.2911099937262729,2.9560953148096343,1.3579344337906629,1.4253642658753689,1.3406631715861081,0.66875669388439141,0.09215209736073085,0.49036521118157034,1.2355747724558481,0.33630201790164782,0.54204887884826169,0.07800479386182306,5.8294574580825476,4.3400064436934169,4.8259230395572041,2.8498924199978823,0.58621246456043297,0.410101813376475,1.2161813182411427,0.40794799978893836,0.23455355716015031,0.40338011378299843
1.7939800489863258,1.7205240318994992,0.98304812132627351,0.57730451649972458,1.0900962476094143,1.085278920976944,1.2900999315317276,0.63826192871277598,0.14006030018207402,3.1021411734290161,2.5664285483968921,2.0036286852557819,2.8843022960820006,3.0375898645903376,1.8146867569445133,3.1955060003056666,1.0793500636849023,2.4564243002647594,3.1280097259872317,1.4660113422374996,1.6533589656101753,1.460702389883265,0.72525649324998298,0.10375219691574447,0.55027628080727475,1.351958117943211,0.35477520111333244,0.57082555021393167,0.082071820307424617,6.4201860842911911,4.7575929768147303,5.2767805921220274,3.1257633432226331,0.63515986366164889,0.44567724220946836,1.2808425590761416,0.40512763828329018,0.21289234610069355,0.31014850984693626
2.0419295797496733,1.8591778818644984,1.3039718617099711,0.74497928081259179,1.1844114989454984,1.1774920378113334,1.4107940671816093,0.64916734934317877,0.14251007316060071,3.4110841003759087,2.7750575805860502,2.1884256046915023,3.1285772536648655,3.3274886997183364,1.9643677910361252,3.4570756838903729,1.1635353743734875,2.6368927239740532,3.3994467342374888,1.6041106065339097,1.8055521308478819,1.613503635990567,0.79954882313843212,0.11377283770015567,0.60316605205175933,1.4760248555857318,0.37650401909243114,0.60702732862453035,0.088211070223464388,7.063446177946874,5.1930417592123908,5.6073100649240315,3.4033079269435467,0.6933736492742667,0.48139534602516576,1.382207130154951,0.4443211898251147,0.24006423785014738,0.36416387987545717
2.2058627446084675,2.0120621170644144,1.6456150933065226,0.99180684287260468,1.2834921478142456,1.2750681777688542,1.5294980114317054,0.65884034734815,0.14468976167967776,3.730036217435404,2.9896609735181885,2.3766595662811314,3.3673879358889245,3.6131298240903047,2.1184747300988391,3.7278000313700943,1.2501195699820951,2.8216732934238156,3.6902411004180986,1.7489685374875175,1.9715731921981436,1.7581540611813467,0.87109348977767831,0.12410645030308289,0.65779817797865836,1.6051065046616702,0.39790520207101931,0.64343145052990958,0.093773775916306812,7.6809457490978588,5.6447974154621514,5.8202717105170594,3.7004827285151798,0.7546930277471714,0.51427512687828136,1.4801727965031606,0.48321161978781296,0.26678383364028618,0.43190905771013466
2.390999082583841,2.179033162262098,1.7743523828002516,1.3248460805569122,1.3891416087228698,1.3791351211283502,1.6569486641067985,0.66814610515201145,0.14678650459586257,4.0653646732723008,3.2216723832776735,2.5758517089565456,3.5915591963944062,3.8420658382959996,2.2671448514903636,4.0016805357252432,1.3376466825776885,3.0079407120946025,3.994166276499449,1.9011268633995608,2.1385515914328495,1.9085391335802677,0.94563679292135072,0.13466603320516507,0.71375319146292571,1.7393658619542793,0.41918018711716892,0.68018057324976322,0.099500474858162422,8.239210871908039,6.0173599806810678,5.9944360712764748,4.0037518423468814,0.81534954829462203,0.54498161555452507,1.577255300981218,0.51877095976317933,0.28918413049897967,0.50035699222725794
2.5949371129627732,2.3602107423763048,1.9226041488258887,1.4720736068934597,1.5026676334753775,1.4908276722497429,1.7953998049081252,0.67700791235125846,0.14878437995496099,4.423309192658043,3.4707883939975122,2.7908590314438753,3.8992604796571499,4.2000800852486053,2.46020832065616,4.2975224543449428,1.4156144540907782,3.0942730544779828,4.320988793465113,2.063987482399301,2.3242257329711133,2.0696008331417075,1.0258865244303064,0.14624053649890698,0.77505516786420825,1.8852321780121741,0.44098429108512255,0.71810369910154526,0.1054703459684718,8.317000407801391,6.1994774673080215,6.0690089166914705,4.3556719484990474,0.88024307400552326,0.57290362842986009,1.6688652910011699,0.55430131471900124,0.31168423383778654,0.56307884798301466
2.8079242682730916,2.5507646151763446,2.0782072846015751,1.5908949134428765,1.6228137385757446,1.6090296884643338,1.9412227286465762,0.68525725205852916,0.15064509430864942,4.8147320616060441,3.7282739723014355,3.0170781439561338,4.1968213848989944,4.4689004575908822,2.6419241345061977,4.431305716051174,1.4377712360294834,3.1273553539896395,4.6591158017741225,2.238444959430467,2.5053844552288598,2.2428123856792803,1.1117404492218677,0.15801322164902218,0.8375395892638664,2.0343099163113045,0.46210762206404704,0.75528729688965945,0.11138127182698776,8.4112023496394777,6.2196101958266299,6.1088585118336267,4.7209505815684549,0.94832412819895751,0.59944586431318914,1.7491307121129558,0.58660772428803942,0.33241660414965346,0.62114025288640151
2.9735543059835527,2.7483673769524528,2.2460893195621141,1.7244100399659956,1.7484875156922082,1.7316207266655603,2.0956856771945782,0.69285757104015477,0.15236084222105417,5.2332359954443319,3.9955400636899476,3.2591507940260973,4.4855357070794986,4.8034506828637582,2.831751497889055,4.4635793524047136,1.4483690980151389,3.1505560614823147,4.8850362133633247,2.3993205342225541,2.7204503278870771,2.4349774068361674,1.2065550024450147,0.17153069050248071,0.9088825400654873,2.1996920732928893,0.4838484440097941,0.79308643580888927,0.11710507368364689,8.3701678476560772,6.1902858948429582,6.1175191475600217,5.109412449626233,1.0130742866186291,0.62220167314857755,1.821895683759803,0.6179079513487008,0.35120162568476382,0.66006825605084851
3.1777211198164834,2.9464201528446581,2.4262847514495309,1.869656417103589,1.8846579211820433,1.8649536507288238,2.2667035331057503,0.70026015800948183,0.15403123323109166,5.689282909663266,4.2742216776932702,3.5172037116358053,4.8085907537326031,5.1831050805290024,3.0329343435789355,4.4995950974654635,1.4598556644110934,3.1744525145276605,4.9210776235880358,2.5207975564233625,2.9630806140946757,2.6472392773961491,1.3112886569369935,0.18664192196250323,0.98865246329209466,2.3823384801211804,0.50637337398071147,0.83238304345195691,0.12322394940448264,8.4575532467532426,6.28064138704113,6.1821873856225791,5.4041635189785033,1.0617519835051732,0.64127663249823308,1.8884337926391601,0.64855619506249174,0.36957136805944268,0.69917507405589652
3.4294961356780984,3.1756302560448977,2.6179223162942109,2.025255983459314,2.0270148665344068,2.0044171988736745,2.4470844459741059,0.70715010830988667,0.15558642925873153,6.1684871090565894,4.5602318596201812,3.7851956645226967,4.8594851196445426,5.274477389095872,3.1408498810263885,4.5329923171762472,1.4708078286707376,3.1980896524823863,4.957491553682952,2.6409048024196533,3.2182017163942587,2.8710285906699693,1.4218159072485221,0.20255716114785477,1.0726885526687531,2.5744994672572794,0.52857582783472146,0.87195605910119856,0.12960433881531322,8.5437440647505039,6.3626937562209838,6.2408548853427606,5.4453598576412663,1.0970799054457532,0.65544703852134945,1.9459466696721097,0.67073023275214816,0.38361540705669717,0.73257244801295074
3.6926748318205469,3.4064293969514017,2.819504025625216,2.1864503097261361,2.1754920734834364,2.1498678030553648,2.636281842580916,0.71354694109118844,0.15703081349626474,6.2455106485468468,4.745302112152574,4.0627136888106543,4.8717388770781529,5.2699874138946372,3.2279638527859418,4.5619124707237333,1.4808431551712191,3.2208942787799311,4.9940319865494214,2.6674384911910094,3.4831178514782248,3.1062148492378516,1.5380882382841317,0.21917956356791593,1.1605050868967923,2.7749752128994527,0.55025260846522683,0.91067938168634899,0.13590629828856685,8.5802787678849288,6.3628660058061319,6.2707759287595239,5.4840234290140408,1.1069740210276287,0.66007234787806168,1.9753578136310515,0.68528362683483557,0.39366359922718636,0.760154106477261
3.9250860120416236,3.6479425461700172,3.0334462744422619,2.3589659428641645,2.3289465629054349,2.2997410986494882,2.8385641611639252,0.71952607315076611,0.15838087969470296,6.2921697232963822,4.7798723782994355,4.2020926532273597,4.9105637890024019,5.3255787315516852,3.323929904233025,4.5989257942346411,1.4924731942156331,3.2454394925303633,5.0310382085592424,2.6872914305711704,3.7855999445922826,3.3653238143364237,1.665872116152491,0.23783780881021119,1.2587920763386058,2.9791479974283517,0.57101234905278164,0.94788113629931114,0.14185155611189951,8.6536067086979109,6.4323698246118814,6.3264365316955535,5.5252821901814579,1.1152326295802775,0.66542683003066649,1.9907678247056044,0.69719149109985346,0.40228142769965819,0.78567827542806723
4.0828544175222676,3.8852702954360194,3.2528381694540562,2.5469810839609974,2.4775356356193603,2.444189830736589,3.0475058898103056,0.72493460288364475,0.15960305917030757,6.341953381937822,4.8141112038366485,4.2324818473002841,4.9717031060953731,5.4042158704034389,3.3952404082758263,4.6350920813526999,1.5038406323329558,3.2696859036119221,5.0683244760439603,2.707915856035894,4.0996156747707637,3.6349912308210639,1.798928458394881,0.25723243979769161,1.3609552335742787,3.1767038390000404,0.59003882604648539,0.98240103429678027,0.14709883182451125,8.7414993700777792,6.5124090151852201,6.3831107154893605,5.5677559218548165,1.1237567316500869,0.67091409450519524,2.0063455710141076,0.70730671971643178,0.40983929992101059,0.80966658362799371
4.3658082176669408,4.1587373582965101,3.4873037307965249,2.7452278341530434,2.4978547132985445,2.5131624278215701,3.2632806781759931,0.72926335870577896,0.16058551791463044,6.3892660409636015,4.8495338486268285,4.2637477429503381,5.0208191739742176,5.4688315450828151,3.4263401627487644,4.6705380848107172,1.5151731712892604,3.294081622779474,5.1057900531776967,2.7280345425792905,4.4278569096630251,3.9181498089076969,1.9384884272244531,0.27753437828407612,1.467828763066918,3.379240882672478,0.60812096008982708,1.0162631457095201,0.15280178158309371,8.8164793913418098,6.5807059779244383,6.4356694594371167,5.6085358404708998,1.1320717231402009,0.67613599736178609,2.0216266936649716,0.71461524495949846,0.41583341880792829,0.83091162711749333
4.6821982382027247,4.4394829215789686,3.730702960183697,2.9503254638397158,2.5152221218629482,2.5729333138858328,3.475219065246252,0.7330958017885012,0.16145627660765247,6.436099812258143,4.8834265247497735,4.2947371760692503,5.0539157507712726,5.5008388501320011,3.4497010008380422,4.7045341791376769,1.5262780551827122,3.3183502785228223,5.1431395364448393,2.7480515103788359,4.7716756663961926,4.2132689921619608,2.0834119892371947,0.2987097337101346,1.5788692267726081,3.5841183253632991,0.62525543144234197,1.0486585857783768,0.15841163721136015,8.8732116923355342,6.6128359569080848,6.4776940685625268,5.6491066478250831,1.1403551215572039,0.68083890732221486,2.0358552270652783,0.72106005218521585,0.42124977726918506,0.85086503047909079
5.0104474522694034,4.7313989429215999,3.9819388193782368,3.1602386227068182,2.5337841549622508,2.6040364434842704,3.7006030376652652,0.73651687008675859,0.16223329601617195,6.4853475353779189,4.9194509624123555,4.3266679832565655,5.0989994916348422,5.5670228692855916,3.4796155381076814,4.7413114812135833,1.5379407247715302,3.3432683000353802,5.1813124092948222,2.7687767875130289,5.133482566761125,4.5194543830720066,2.2295829801141087,0.32054393882390814,1.6884096050223607,3.7725146279721762,0.64038301150571109,1.0779503780155031,0.16360454628893195,9.01594758466101,6.7309634024817404,6.553045296396963,5.6937371924988378,1.1490440894643983,0.68727980558428958,2.05335611845245,0.72858515285776171,0.4271506342616172,0.87120289416661068
5.3491273831773753,5.0269221924000469,4.2388119845137755,3.3839109398227802,2.5525768367789201,2.6233389402947185,3.7493833649550812,0.7383226620233766,0.16263341439417087,6.5333801518967309,4.9557689294184675,4.3587672528593089,5.1424639690526552,5.6226451161012969,3.5082654000473261,4.7770977018448804,1.5494506891821018,3.3681462862297606,5.2189394399702342,2.7891689647933613,5.5053600240125231,4.6137804770628135,2.270603033614083,0.33570748259588667,1.7643182538946323,3.8759552705519651,0.64889921988351495,1.0968916088426306,0.16738227935698574,9.0992074325581171,6.8019841572948865,6.6076847529236469,5.7364813234581407,1.1575532964784399,0.69266356996621092,2.0690640133657001,0.73550892900803988,0.43261601897890367,0.89056095737653551
5.6801139353693175,5.0815936680103988,4.4990230049738695,3.6169914392327818,2.5714431441046512,2.6427328452036187,3.7771250315714426,0.73937635447019368,0.16286834571329323,6.5821549270333826,4.9924537267557785,4.390936459081999,5.1850675724870818,5.6857269505829784,3.5373040441042636,4.813772292376993,1.5611506286737211,3.3932958733660255,5.2575719572455775,2.8099064377792047,5.597032857069828,4.647906632672945,2.2873946817040527,0.33984967443476699,1.7855628948420987,3.9141869882039071,0.6519048389408425,1.1040310753276048,0.16944678743288158,9.4067472119254418,6.9648987985145512,6.7035651561742204,5.7773131372217508,1.1660612717484047,0.70002265574793454,2.0882475571071071,0.74316838421337328,0.43830696054277568,0.90988783976481946
6.0226351303365133,5.1177547232275407,4.7560276447199623,3.4910559032134238,2.5902832347555154,2.6621668888545971,3.8042175170660442,0.74028911876170889,0.1630723180890512,6.2171979911008988,5.0209256287383894,4.421502944967342,3.9582676742051448,4.5101690659422102,2.9148566493250168,4.1419518068160555,1.3793749493447773,3.1138563183313184,5.2362508031254347,2.6836930434496962,5.6112296463945732,4.6628110352175955,2.2957029405322471,0.3408918449754339,1.7914278836787891,3.9342354398664683,0.65378930051980078,1.107684673801995,0.17093529517970807,7.2355495183841807,5.4957360297320896,5.4303226082842961,4.9072931985393105,1.0818683852701023,0.60938468638737409,1.914414337911085,0.66013373715043566,0.39283081457854069,0.83027982018533286
6.0639189030491014,5.1500369248310269,3.4649378263080983,1.97901392864993,2.2768145800992063,2.3859936209560391,3.2281335183163495,0.73290842139773182,0.16145327824794686,4.1841365152515877,3.977634322853369,3.8192589490556612,1.7989050177022923,2.1373137784332967,1.4184074516368319,2.1207522850088574,0.72786260933565505,1.7442602478291374,3.6387822183042955,1.7974057000939478,4.7117632472511346,3.4034277407038362,1.7081058370883051,0.27042809203952889,1.4312488021205572,3.393122869798737,0.61663854547904784,1.0505418693391233,0.16307766999620441,3.6271213397947273,2.8506289973420835,3.0326415692780473,3.0615257222375463,0.711875113855301,0.36890393781917791,1.2295309594520334,0.38254653549775086,0.22955194654272418,0.49042689139353052
5.3862798638496487,4.220079461473051,2.2470408570586828,1.3559929541311611,1.5694433565043455,1.6464610333687828,2.1335352990232517,0.70091456677210162,0.15418993322988603,2.3708767820987506,2.7847168775427478,2.7022136798466083,1.1659915876311795,1.489886880219623,0.94806162218128598,1.4158952007073295,0.47425790640245952,1.1252319425664603,2.3718219871977269,1.0821458266165942,3.0438603716202075,2.2372781926144261,1.1333389912949199,0.17710742147947728,0.94264209901309348,2.3485968573775211,0.5092075548562488,0.86721230784917513,0.13550804098339297,2.9476648178354905,2.1331503176525275,2.2649900747704867,1.9980530766934794,0.44266691432581678,0.25199418807503265,0.84073004655926464,0.25895435300227415,0.15478244310561659,0.32871592418847578
1.1599255558424497,1.8357326882193072,0.96337913185208324,0.59241547066718336,1.0254058488006315,1.0242118276617296,1.0022363618197354,0.61584690077288828,0.13498966523217687,2.3165153231071005,1.8666101974852094,2.0876992107131205,0.79035023144227323,0.98785840055587015,0.63223739043027505,1.1106412019821255,0.39800466094810177,0.98343811777913814,2.1172721468999094,1.0297579520366642,2.5262451265670425,1.9911319835719354,0.99372034190347081,0.15079127620771116,0.79603608923572533,1.7527056930256588,0.39720176892004344,0.59116177483870436,0.076839584387325535,2.9536984218186166,2.005183086908688,2.198292032177624,1.9230524827091784,0.42212928202746908,0.24240266239902905,0.73560683073699407,0.19733405766845089,0.11419702931331567,0.21322952707419099
0.97201728422141154,1.7713612231746316,0.75165671614215157,0.60198937782685713,0.95112835811557117,0.96101031174011542,0.86596442870477242,0.60246860099425203,0.13197471844631961,2.2258912172198611,1.7499445660829214,1.907754364472803,0.61096899213997002,0.81249609062136918,0.51672317371816567,0.98326624760757508,0.37165945726788607,0.95605022623953384,2.073665008476874,0.99820138016998028,2.2045055109282465,1.7631361634880354,0.88396013323388301,0.1328275632073686,0.70371793908966485,1.610830730160937,0.37703886221588573,0.5701301247098356,0.071958319878662427,2.0717674288848809,1.4618636762631032,1.7388355857560063,1.7680582598397721,0.40420408232662752,0.21078936765269324,0.66352829268749614,0.16981449048611297,0.098076739618702433,0.19351062228109492
0.99365877081930831,1.2614299724201081,0.97180060134539914,0.79335266786046077,0.91800221370425372,0.87527584480358289,1.0727352032873179,0.6035174142074845,0.13104043006627628,2.3873792555415303,1.8807855030752867,1.9019271828880242,0.81987159976610768,1.0979251201705338,0.69145786393273323,1.3147134718083602,0.45029106736341429,1.0893791224636606,2.2444562139227835,1.0750131866650612,2.2026178159082592,1.8817937598585279,0.9314182677035685,0.13589868717289799,0.71439035523096295,1.4826115791248928,0.33697191927246267,0.49883286728078818,0.065170437057458175,2.2573008858326333,1.739692595723717,1.8974840484832765,1.8893217382779239,0.43470041926069797,0.22846875358150065,0.72058884898576292,0.20472071407764394,0.11891321370772896,0.2385915524958257
1.3148618004619059,1.6442874221023176,1.2999637255349927,1.0660556703134656,0.99004828149049551,0.97500351393685403,1.2350848266280678,0.62910000994767712,0.13710876864159721,2.6319489403702412,2.0434620121270028,2.0554297969874891,1.1151702673794102,1.4944904081654047,0.90367164600113914,1.4394479588533342,0.49393071533273242,1.1948561536380773,2.4606870712152951,1.1827022293982083,2.3705165071622791,2.0452321812628123,1.0113192499255397,0.14684684073918858,0.772031749385656,1.6095134990039139,0.37031413212860465,0.56743750019920258,0.076721945068116276,2.477235255167864,1.9028890711656952,2.0830794195322846,2.0757255160890247,0.47786946533127894,0.25097015836526454,0.78877532646877102,0.24305406417898659,0.14230458879553615,0.29120787482798277
1.7853056835955181,1.7949252989796856,1.655447921148905,1.3813073498444655,1.0823477986943992,1.0636709056733562,1.3594468650326004,0.64620568003087675,0.14128789845789844,2.8893104276007495,2.2263672194731559,2.2478956667626933,1.436262530835565,1.6700683033516182,1.0883889428936016,1.5817451157140305,0.54398332697362983,1.311149808403234,2.693398069403302,1.2964898059033976,2.5900271859551438,2.2296257285772478,1.102518465442861,0.16027943411872234,0.84248637966875117,1.7534816056163658,0.40302875185987375,0.62793998560364184,0.088370437389649448,2.720940178963871,2.0833061980643204,2.2925802250969194,2.2794178388781421,0.5239569737390255,0.27571413929627353,0.86390547248071636,0.27693184258274961,0.16333043558151741,0.3416869766162795
2.0847324566495655,1.9457042388621721,1.7930055020548299,1.4967063714884608,1.1743172200687337,1.1532634467285303,1.4784441189445798,0.65683259078174283,0.14396819870594443,3.1772410681395504,2.4167264510786182,2.4417874094007792,1.5451382908424107,1.8120849102644974,1.1743892081195801,1.727464892312593,0.59421084667683821,1.4283075533003486,2.9392315033267606,1.4209196540985884,2.8189242929634468,2.4267992939382177,1.1993626063146536,0.17440083980340984,0.91650705582709913,1.9036950787661302,0.42658406685525307,0.67587693780150115,0.09664032150387962,2.9038703195358866,2.2590868494990097,2.5088543903306766,2.5124901508185618,0.57494569635873105,0.30210153775057397,0.94322861447471029,0.30091633437102489,0.17773627438187894,0.37387924029861702
2.2603739564690759,2.1110357681745966,1.9398808825529033,1.620768246192811,1.2763796302544148,1.2519824126129391,1.6057101466316372,0.66695145611362627,0.14628226987339268,3.4753223177337582,2.6204111616612491,2.6586821401319098,1.6290113537162321,1.9594185921728973,1.2519985533592832,1.8809329109278794,0.64717061241502738,1.5544041998404843,3.2034595323224093,1.5520393343260912,3.0720687325306595,2.6358931000665744,1.3028640102720517,0.18978101080733786,0.9971965834248433,2.0680462491680265,0.44933546752179543,0.71512052328990683,0.10278407581545319,2.9621644756587591,2.3943389499470928,2.6326591983504644,2.7506739479855913,0.62828899134673033,0.32307443861289165,1.0143328363207686,0.32255721105792007,0.19061204865158474,0.40147490731825142
2.4473958071649049,2.2849633173164778,2.095946406988658,1.7202032136155716,1.3830023743014854,1.3556353144008553,1.7396470291748849,0.67634588057491496,0.14841026982085795,3.7508878856548833,2.8363656505313033,2.8828224015953481,1.636200604957371,1.9754864787059414,1.2730056843611828,1.9299719280301746,0.66592231910898625,1.6123643812790716,3.4824121616926353,1.6784948594173514,3.3290889728068063,2.8558351112349278,1.4114632136845264,0.20563037167982415,1.0804194144808483,2.2389213068382117,0.47167494940382731,0.75387716445196684,0.10882213957798381,2.584694831133354,2.2768468893722611,2.4930071276192871,2.8715250417724905,0.67237042661582092,0.32316638901534139,1.0416342813187187,0.33037040911844956,0.19578149532819153,0.41483983997930157
2.6476684314512484,2.4714288935888056,2.2637282650425683,1.8584155290648332,1.497628863529066,1.4668210188067063,1.8623297772579321,0.68456814735365579,0.15027962564795472,4.0895999302515742,3.0620646652870218,3.1233732716233455,1.7463140450080425,2.1091600828044514,1.3642236693995438,2.0827614577716402,0.72021332667433147,1.7445424205956328,3.7779859815172507,1.8272977091574754,3.6040595857221236,3.0913160138746734,1.5277209996146315,0.22259104827600279,1.1694694213160317,2.4218216426094443,0.49392018390377163,0.79293926241003121,0.11496945522087326,2.734853059431829,2.4072379538177269,2.6683906330316653,3.1218234167634082,0.73140930728734799,0.34829912959653431,1.1230376974128653,0.35535251372010329,0.21062784343756238,0.44652716398317954
2.8630652875485545,2.6711720521618001,2.4428113134040674,2.0085941620611489,1.6200206297043005,1.5855590324577549,2.00650382383024,0.69275542885514274,0.15213833801695129,4.4607118608215774,3.3060946022516635,3.378240544519131,1.8974507092936783,2.2908582166661891,1.4799482198261684,2.26434487560029,0.78224679132905894,1.8916134227520025,4.1026457975245316,1.9899959631004636,3.8968958729260494,3.3412060498085383,1.6510671659171072,0.24062262986997518,1.2641309870292812,2.6161812699512459,0.51627404292694279,0.83252234408684223,0.12125724670629857,2.9995163750066012,2.6239560566706812,2.9091051445330507,3.4021977768719718,0.79629688738968618,0.37947437185789668,1.2194809221973189,0.38565032545296007,0.22851547137735831,0.48412024151909161
3.0212639994298494,2.7440399585988717,2.632715407203472,2.1692501588144184,1.7267326295089205,1.6863828328759169,2.1239650259814056,0.69895986167790358,0.15356078806988446,4.860548547750696,3.5494635882314207,3.613281855044534,2.075212086438353,2.5010874060780348,1.6119664641538383,2.4666220079595531,0.85051899160971189,2.0508513398276902,4.4476599734770943,2.1645311953164947,4.2048947004891097,3.6049637341306742,1.7804470508219263,0.25955018795059004,1.3623529284095348,2.7778335017554072,0.53362923633019776,0.86160866372841227,0.12588809876365467,3.2967427218576195,2.8724907319538628,3.1929794677418171,3.710112538104207,0.86640411130733097,0.41481658802183935,1.3251490839926714,0.41935309367217005,0.24836690174275244,0.52561936406803322
