c0,c1,c2,c3,c4,c5,c6,c7,c8,c9,c10,c11,c12,c13,c14,c15,c16,c17,c18,c19,c20,c21,c22,c23,c24,c25,c26,c27,c28,c29,c30,c31,c32,c33,c34,c35,c36,c37,c38
9.0277751877497003,7.8812114300862017,7.2261432169161868,5.7393439598997338,3.3588035057551879,3.5283682555306646,4.88938064453398,0.59645569911138263,0.13156591303386575,6.8662197242611347,6.2669927291293401,5.5938791742157585,5.4783420137730436,6.7039287501172469,4.1448121657105057,5.6737500716130089,0.43021448899460712,1.7122263802313278,5.4402405351429026,2.9171286017627658,7.2613372042176465,5.6279495124523455,2.7951294298224405,0.12398121926103062,0.6805863922513784,2.2643806812599845,0.47400819478303785,0.84243316183396966,0.13686511687714065,6.0896474610780444,5.8721670559128265,5.4707003088457729,5.840283884851611,1.2067451186307578,0.64547716768684127,2.0018643879770548,0.76519974913381761,0.46121018127209795,1.020846286459832
9.5289491582154717,8.030518668642495,7.7443659566993519,6.2631032764781223,3.6264249904855208,3.8022602798115264,5.3407072036316512,0.5993455985445284,0.13221040371991283,7.5682520250878653,6.8357333981410422,5.9057292213202519,5.9905882388785132,7.3632196937439982,4.5124862342416252,6.1717134268184335,0.43260433723973551,1.7451864558678281,5.9693386806818332,3.2087451081307168,7.692759869160164,6.1561526185450068,3.0458752602488453,0.12492487546688975,0.6862430895914331,2.2971124666615506,0.47859286331018774,0.8516212178255379,0.13868553425542324,6.6907296959732907,6.4617328215575105,6.0285702523171425,6.440074776828296,1.3241638492091441,0.70951881397318417,2.1687058913663702,0.830106075888013,0.50014320466627116,1.1073389930786595
9.5954479395588326,8.0801064072222069,7.8016698492346359,6.4259436626844,3.6532047354361055,3.8303287166891207,5.5383977144181289,0.60037473877164593,0.13243854138762567,7.7890195379834379,6.9198113400048813,5.9492560713476772,6.3241581687586415,7.5098615273482112,4.6691579234104097,6.2090461529202887,0.4333603675340359,1.7497925865647257,6.2370371273397067,3.3213880002914684,7.7493565223802623,6.22856453865551,3.0793146254136752,0.12532760741991553,0.68850134937060237,2.3062897446051718,0.47994468158501885,0.8541637839638363,0.13912842173130932,7.3888567978763362,7.1110912365132126,6.6342917421016523,7.0041063478559016,1.3841285853073122,0.76107165070886096,2.2669748521570314,0.864717842466317,0.52044826942975342,1.1497018047929839
8.1590957857658637,5.9189441913599046,5.2692560599031557,3.0915107796522712,2.3285239772618933,2.4468800504944803,3.7309997155439634,0.58640459138452206,0.12924716443015002,2.9239179030107327,4.4369974671870791,3.8649600188936173,2.3927347986635832,2.3226380802707673,1.7724284996074615,1.871367766685502,0.38377492921668421,1.1045462532985917,2.5475983523839938,1.2657037201918939,4.7053786440634466,4.026346370092786,1.9818228967407729,0.12065995418001631,0.65658737480360108,1.9860182903374495,0.43913544587187275,0.77545931075945262,0.1258836446554408,4.5060777813829054,3.0292025184512292,2.8310852187761828,2.5148189293063807,0.51862826477171786,0.30335628657876917,1.0568997906541389,0.38086902193812,0.23214246234820748,0.52415665430620706
6.6478656139244467,3.9939380842591001,3.1690945480166399,2.0367399312781478,1.3488537820433295,1.4156204239227472,2.0866522570305901,0.55686119394313482,0.1225870158067149,2.1538111936775328,2.8736277912008115,2.2912353522318094,1.5280310534075592,1.2174211943174758,1.1181672617643625,0.95800014865584338,0.32737149931184989,0.76798264691330598,1.859347959064374,0.92381418171110463,2.8424162146570273,2.7145907860820815,1.3108035022597169,0.11378699572468488,0.60859285551592635,1.5707149591883338,0.37676375512837013,0.65828247453962196,0.10663520219095561,2.7168394661746351,1.8875539233622955,1.8067433260586614,1.6749586224716193,0.36808053769046672,0.20444541251981418,0.71300264018586423,0.25112718653804522,0.15271350226975616,0.34562932445183703
7.08019178243892,4.1633613501048341,3.1542422065552538,2.066671447471939,1.2100050618156619,1.2833843210957145,1.8830475856162467,0.55103072476550907,0.12128861938457038,2.0803721303888758,2.653214473425261,1.9840287910730223,1.373031898774195,1.2054408235238283,1.0476632754809363,0.96902429236647192,0.33022143499238321,0.76117482837054562,1.7293517296813909,0.88614424583465157,2.2226004360152456,1.8903260437891714,0.93603395723803662,0.10827218741940928,0.5776234135124334,1.4949074675507334,0.3656447518160863,0.64159094929192395,0.10443812207814784,2.6787467073127975,1.8401844029260179,1.7977419930727789,1.681007831974112,0.35756884348994311,0.20074949775130019,0.69343957216883578,0.24121479733147355,0.14684527944209053,0.33401196667413713
6.8194332141384244,3.5700697496922289,2.8522699224291594,1.9282573487072503,1.0837190976463913,1.1483050015079301,1.6852247291008093,0.54298077382482191,0.11945793455201878,1.4408568134421509,2.4262301727335256,1.7549006691806011,1.218019915851082,1.0408601127053638,0.93667916847692612,0.86187458807205375,0.3217079828877743,0.68888356283897068,1.4742783323568576,0.64554749927898214,1.4109795862484211,1.1939344147427811,0.61302577462537744,0.097566882741986924,0.51930179180409131,1.3353288694888368,0.34072742709803683,0.59597685076261708,0.097205516980149426,2.5851480987335154,1.7455168261599296,1.6469953138419287,1.1108911389855267,0.25469137320451735,0.16041541582488431,0.57746560742777331,0.20602892634142611,0.12564719386007236,0.28702973772601753
6.5864870051279425,3.7385447134957985,3.1238324665195778,2.0891914782949272,1.1831243640900901,1.2542967616388399,1.8344068898736703,0.54964608818128124,0.12096211449562183,1.7872155247331736,2.6518586674621578,1.9101335185679496,1.4968359452477495,1.338494812411446,1.1164583214387631,1.1389549903561051,0.34728681863881061,0.84148035146262667,1.5949216816338234,0.78588239707281671,1.814407893093791,1.5030258821541125,0.75396218862107878,0.10350057293146031,0.55162645860157966,1.4322969169740036,0.35649262544862453,0.62337017435143527,0.10126617758116678,2.7966977244018434,1.8848831079766233,1.8296971202749925,1.4998309354805186,0.31972711240836899,0.19099269088233115,0.67653302663998205,0.24254755102803355,0.14765005041272117,0.33538235028176999
7.2152965343866011,4.1063260109579147,3.4136562945804334,2.2805624539785372,1.3003105717512957,1.3768601658158868,2.015098233883116,0.55632701415324293,0.12246728444013225,1.9575024609885303,2.9060726062101199,2.1054718515174984,1.629136206027219,1.7094959802533791,1.2444817443893008,1.454180429133114,0.36884094893237612,0.9585029084385982,1.7442864272292025,0.86004772328094659,1.9892674751737931,1.6462378823800108,0.8261274487049971,0.10571439213450495,0.5652026840829022,1.5046487465306013,0.36893849636182935,0.64728341573624848,0.10544707716305599,3.0693788837245832,2.0609454566097303,2.0035118662918423,1.6791438647746921,0.35203167748067304,0.21009680183823953,0.7457762649941293,0.26830540768803185,0.16327221279853096,0.37044308274941179
7.8968195455532513,4.5117180551172682,3.7422881130240264,2.4993561719538464,1.4276058647737753,1.5104734458555484,2.2125915092329196,0.56258736433668211,0.12387946429591512,2.1554426545422394,3.1881536218762179,2.3180863511058138,1.7999522154149239,1.8855446822232511,1.3715748223068014,1.6016599892113417,0.37581414051550255,1.0137688782474743,1.915405447415947,0.94558287485008885,2.1942038971451354,1.8142408960040259,0.91007371417509453,0.10797080977590923,0.57895709477639978,1.5784660782219249,0.38122043281260642,0.67098404795882416,0.10959744311175519,3.3944550709744452,2.2727251792628098,2.2099058776104235,1.8475958891798518,0.38703267115059858,0.23132283038655493,0.8174954519547275,0.29461820700423974,0.1792730167627862,0.40666162501355346
8.6138674127412074,4.9507762294626509,4.1014601564375415,2.7411601950264641,1.566943025459917,1.656658442577166,2.4299224168075511,0.56845333305545254,0.12520305097452347,2.3913075232408287,3.4967689673417719,2.5490226297434755,1.9885425733375057,2.0983971036274678,1.5132203950544714,1.7791345590434269,0.38268509891301716,1.0702320135072463,2.1049690793658473,1.044185591274571,2.4165052418791628,1.9964646129272388,1.0010611917596459,0.11010071160677125,0.59202296060281989,1.651912800397195,0.39309647531742348,0.69399121229666738,0.11362359780854667,3.7960962400267686,2.5385443626022552,2.4541417926827682,2.0559809868277013,0.42796794565563506,0.2562664895538988,0.89955924254508335,0.32444203400158733,0.19739108959724475,0.44753990094668344
9.2766498776584054,5.4284276145643915,4.4907332030032006,3.0019942621358737,1.7185936613754196,1.8157828981435491,2.6628509243031688,0.57388193434264767,0.12642852555286085,2.6205170792718184,3.8304922030149662,2.7985618239695498,2.1741401006963916,2.3016318080849381,1.6558130666256969,1.947123682504672,0.38852321670100903,1.1246486184481987,2.3055740901375512,1.1438973753729327,2.645487733997824,2.184565503239138,1.0955899817703334,0.11203155261273277,0.60400768364334179,1.7238448426082997,0.40442786652523915,0.71607741325330043,0.11745151279493947,4.1606009039116598,2.7784308668795141,2.6883511408161036,2.2519065137445042,0.46880076465424309,0.28071875669780494,0.9814596874727155,0.35431985369162133,0.21557821059818164,0.48882673672365512
9.3453776286862382,5.9504739178149721,4.9126843560054896,3.2878334285893343,1.8852176433810313,1.9901919415781488,2.9181390572888333,0.57896383356303527,0.12757584938038247,2.8752227015802396,4.1943725635438325,3.0737534391147361,2.3850660211963981,2.5334358961045154,1.8161461958386311,2.1377627902348308,0.39417580471544261,1.1799674769952417,2.5265867780691669,1.2542570735398562,2.899441683213591,2.3915348802935266,1.1996351124115296,0.1139001712732578,0.61562445598189863,1.7955056630029846,0.41538251292627149,0.73690372822870054,0.12075019140473015,4.587217931526939,3.0597717901949579,2.9542244754364324,2.4709278252936775,0.51408487185776108,0.30812656940539918,1.0718406922183104,0.38748427101266925,0.23575191392646822,0.53454577088795807
9.4144404882816328,6.513293237161661,5.3673269753718866,3.5994489612188465,2.0676275221861626,2.1806449585768992,3.1963056854441487,0.58370110252873331,0.12864543325870692,3.1543763191973984,4.5888300521637895,3.3755899729114884,2.6145518642133747,2.7892831348293194,1.991107210019726,2.3479207004339875,0.39954025462429826,1.2355110036482748,2.7691069008437883,1.3753045618980346,3.177457062329732,2.6190055462183692,1.3139464554800708,0.11569264664211171,0.626789039991686,1.8666689471794033,0.42594394580469508,0.75701225417212359,0.123932452313641,5.0596160172057401,3.3703127413733069,3.2478312423860882,2.7114696546499539,0.56377162025885252,0.33828812475072945,1.1700359887973644,0.42355854698911,0.25768878403007506,0.58423041184530455
9.4831839104719879,7.0578266390793534,5.6129445243655676,3.7451028617873807,2.0567872297811181,2.1927180514645515,3.2040197862593036,0.58475199518090915,0.12890205802056182,3.2647093375379024,4.5700680082228171,3.3075430742371839,2.8254239726332102,3.0068027606552938,2.124808926544743,2.466880247348747,0.40224528022977707,1.259532052530298,2.8197710674368595,1.4137195379613123,3.2856969486021153,2.6485499889440671,1.3306021590923065,0.11627442962398694,0.63026934761915676,1.886870823264879,0.42944707656567682,0.76484650976114354,0.12519685684535883,5.5506543875514422,3.6491595574690976,3.4724954737813056,2.7840664795914174,0.57952681722769317,0.35404046134435946,1.209225932357902,0.44220892689522484,0.26903952072990073,0.61021591058885016
9.553267182942669,7.6479845582672414,5.875742182120625,3.9903570613321913,2.1413604502355414,2.2927426155856216,3.2791098472325144,0.58689644617696013,0.12939698925058671,3.3959095419447074,4.7113491761365083,3.4628706155630189,2.829858612925328,3.0754589004317121,2.1625343975509419,2.4861200912147585,0.40276024732389093,1.2635641025392521,2.8769215464223965,1.4577182997894047,3.48090988680464,2.7644729671934849,1.3905663256749861,0.11731982718498773,0.63688067110956748,1.935686743313918,0.43636095521581603,0.77844634111754107,0.12736116786163709,5.7066383168585091,3.7287608529591432,3.5681053281470247,2.8656972923461042,0.59634376241209086,0.36401281112470951,1.2411364665810434,0.45283878026291502,0.27568565334589484,0.62733241996512545
9.6239873058304699,7.7045908005577752,6.3936596577529423,4.3592628527052186,2.3459677857183427,2.5085722565423918,3.5856127695048778,0.59109231213216673,0.13034146888189224,3.7192405166685902,5.1439660947116952,3.7989284835591595,3.0744803380481764,3.3401139988900979,2.3537840319130092,2.7073493523312435,0.40743051288843968,1.3177549895271206,3.1504405874134007,1.5964112080841848,3.8131000923291443,3.0244554971851185,1.5216738311780442,0.11897125335597981,0.64718340619941539,2.0042995341002854,0.445948946847813,0.79508546145425196,0.12999778720140262,6.2148448559915641,4.0448417373641048,3.8960160227444272,3.1314023484230042,0.65268626789912021,0.39798780902218828,1.3493008798313575,0.49247061304467926,0.29980615417016654,0.68207111148725086
9.6952320883238468,7.7616102044787585,6.9397168290008358,4.7593598870496567,2.5691513293651482,2.7427566638543395,3.919141001867585,0.59499502865805354,0.13121966615406849,4.092543070648504,5.608829945493218,4.1676588414139557,3.3707824057237255,3.6735011684280279,2.5790296906680892,2.9729193016851774,0.41211949862783442,1.3728705855681371,3.4543215113930459,1.7536604536459577,4.1813945346657482,3.313515100461613,1.6671857284535057,0.12056933197772861,0.65714024868478671,2.0715699696648988,0.45496117674273584,0.81073051256575923,0.13247804457219234,6.8653592415892293,4.4564254586960228,4.2895154851928856,3.4471092873264224,0.71717204668170298,0.43768603727938743,1.471523446122613,0.53781074020282027,0.32734238208981509,0.74251941356329765
9.7669627440529627,7.8190352894721604,7.0137661444535242,4.4336866797016716,2.6997001241652416,2.8927173238353663,4.0942044634873742,0.59737719726451344,0.13176132850107272,4.0289730127574446,5.5335512078139857,4.3725718056143634,2.484671483703242,2.9482662651192748,2.0302400847559623,2.5502476780331484,0.40599957802876674,1.3147985942017899,3.5119576687931451,1.7434163054318079,4.5308458413186701,3.4335095495290853,1.7319515627405053,0.12166158726498509,0.66391235590149367,2.1201598452443462,0.46079741119775758,0.82094681445492224,0.13411370458059663,5.6986745917317307,3.6084277102697082,3.535093726696807,3.1657983371603042,0.69757759464255742,0.39408710255116269,1.3569779739704451,0.47094560133660968,0.28764635008363876,0.65702121966579352
9.829335601503141,7.8484385349003931,6.902705243021547,4.5550902804825615,2.6264954440515145,2.8050193245382409,3.8845907969573887,0.59589929393230312,0.13142864763796464,3.8268350392394868,5.2214589160452318,4.317497362019501,2.4620322673574115,2.9304484524628713,2.0259459233171881,2.5381695308380832,0.40618376862191324,1.3139255677925856,3.3144690944716491,1.6629006618327136,4.4081085774462805,3.1154239641237829,1.5822437872088999,0.12106351002442674,0.66055240720854014,2.1155177137378622,0.45970355052712214,0.81920608895081837,0.13388471837010382,5.1710963041025124,3.3545387025349847,3.2654825066505748,3.1149882376633773,0.67253937193612412,0.37203360100862959,1.2934359797002331,0.45629673865406095,0.2788584501778939,0.63898278933115027
9.9015940551374797,7.9064800318873942,7.2812431798102111,4.9641018096141707,2.8690238463918147,3.0581114165777787,4.2351508759656147,0.59946657812296933,0.1322242588390021,4.1921982467075605,5.6850903858790458,4.7147864074653283,2.6553279167201018,3.1728938675019318,2.1932303557346762,2.7588907232058761,0.41069658185449437,1.3673724153232174,3.6270668472342305,1.820387081011035,4.8227669336939121,3.4041405069272592,1.7291827815580016,0.12256703654394009,0.66988073267431147,2.1774852158667937,0.46720334069050085,0.83226520936514758,0.13596271589609732,5.5177144777652085,3.5933607147438309,3.524528061187767,3.4037922921273589,0.73581047243146902,0.40427901691804391,1.3991865167239945,0.49360405119667611,0.30142721502355102,0.68923857588799353
9.9748636136804922,7.9641881347887002,4.7671611053405432,2.0723278089582409,2.3216231151480682,2.5545981530048167,3.2225398546684518,0.59222655877006003,0.13063129564501363,1.8387311748354636,3.5004928561063196,3.8586213180320348,0.85238848776636678,0.76957478261293255,0.7112797445039748,0.49713063459466905,0.25116357999676658,0.42592660008187605,1.6954939523344146,0.77527013150629276,4.0274794632251592,2.4053714396024395,1.2432503850348857,0.11888259447551268,0.64846083813049837,2.0937806998052948,0.45626078962084488,0.81381117294974126,0.13313931568742041,2.0900138398970109,1.0095941564148616,1.057648203041621,1.0671126186857136,0.28525062019270392,0.13660197791043707,0.50839406619707395,0.17289535724525756,0.10655306395689898,0.24887002842907913
8.2844774239291166,5.5389125692591215,3.0774492031085328,1.7426797882973235,1.5520404977584608,1.6749251207174098,2.1779044076157907,0.57127178123459366,0.12584990216084158,1.501187173408536,2.4617115143271171,2.7167577622654866,0.83298420213124491,0.73312010015456097,0.64219544148316143,0.4741424443672751,0.24709271724098039,0.40147253063486638,1.35051477949759,0.61212752191510122,2.7956143747762474,1.7356891743637803,0.89656895992477426,0.11250511705902747,0.60864231093251542,1.7938152722297596,0.41165999598027503,0.72791446263364623,0.11867998362956476,1.9230072276579129,0.90985090579852534,0.91598476811537632,0.79138896737605768,0.21784267747833169,0.11181107400731759,0.41899042037263673,0.14709962394431403,0.090370373457437453,0.21057319267045435
7.5530230910861045,5.1950060465380696,3.2190685847291438,1.833009578317125,1.6248049970180838,1.735992749702618,2.295896871657563,0.57373737874802622,0.12636928720962728,1.7807091015806831,2.5945018343140722,2.8754840995968847,1.0869346098797503,0.95099832740767976,0.82659026687938075,0.61466770224844403,0.27594166474559767,0.49534800148931346,1.5065518103609903,0.73524436553815076,2.9518428244586725,1.8505971598234214,0.95486780148045414,0.11383665422539295,0.61646291637433825,1.8197696296678223,0.41462874753220574,0.7305920321341981,0.1185267080149766,2.0506813211550372,1.1871977518563532,1.1522838323349942,1.0424645691503869,0.27236455387918568,0.14031638468695021,0.50981446181590506,0.18216863371958397,0.11157221330249945,0.25750910052547316
6.9445919613327893,4.9255191593843275,3.5150062353256155,1.9892422613487308,1.7455884242092448,1.8546116210922423,2.4912094170534069,0.57801046223470076,0.12732920041206844,1.9397094524078791,2.8180673411405128,3.097915318994541,1.4613299866410192,1.2936909007995088,1.0644158292673982,0.82792961687662037,0.30700242968723052,0.61786103949630811,1.623910052014762,0.82430708326017132,3.1360370856389119,1.9887082585380342,1.0244996474692585,0.11527370941794687,0.62487130715042982,1.8559781190468807,0.4202334556419432,0.73804559501064981,0.11910026240427853,2.2373540306086879,1.620479384990468,1.5026068302503788,1.4129736221976119,0.32405740488787538,0.17520415942510853,0.61978809962585313,0.22539079504604323,0.13767908334495285,0.3151698262898886
7.6268960749366554,5.4054461392678954,3.8451596400051899,2.1855539061050244,1.9116763787714879,2.029146110496129,2.7282023870024865,0.58313807570335074,0.12848698694184296,2.1414212417354865,3.0848418551894463,3.3973234811019029,1.611521446487076,1.6741583431272864,1.1991035111884196,1.1431511145540973,0.33787333783452111,0.77765138918664622,1.7790356824953728,0.90654596500345364,3.4316552471585404,2.1754804918475896,1.1208138660029192,0.11713264234856387,0.63627333352421489,1.9267405121034518,0.43077896312859665,0.75925501338445711,0.12299223279055856,2.464687472218936,1.810449040717008,1.7425812617237619,1.638902206804473,0.36167091239838739,0.19933216676415347,0.7070728350776484,0.25596712128455656,0.1562204543252084,0.3567473613584381
8.3698076921252227,5.9312396229908479,4.2045925469413383,2.3978377047412187,2.0936678030891986,2.2196673067687085,2.9885134982259931,0.58794002028574333,0.12957123696900102,2.3588022877039903,3.3777954750461157,3.7256709893701498,1.7874658767409874,1.8581199429759714,1.3251111662965129,1.4545925993230135,0.36319470575416279,0.92949270698274811,1.9510526715384089,0.99607213867840916,3.7686061279693401,2.3886212420333441,1.2302878358534421,0.11897567715512287,0.64754312081707832,1.9971131000788103,0.44096758783176643,0.77982328730382278,0.12677686830987947,2.7395591864953621,2.0118675435320319,1.9353668856074837,1.8165418728429892,0.39820173166870892,0.22040876573966645,0.78608553650504387,0.28395780668163839,0.1732424061310382,0.39525056702667472
9.1669484158768242,6.4997976900598058,4.5897492874287735,2.6207995607110619,2.2895589430312167,2.424495880887295,3.2644609436870407,0.59234699121231704,0.13056660565533035,2.5787551643222884,3.6908363935849171,4.0772437890184454,1.9513389751049712,2.0324134846551969,1.4472815427398671,1.5871165543360994,0.37386152904663694,0.9857351086344307,2.13213848593599,1.0886534075384529,4.1235078241983256,2.6102747092598295,1.3446498657912165,0.12067287364694396,0.65797271475148211,2.0646794423882722,0.45052746194953719,0.79900105504288133,0.13031803623837432,2.9898779510718603,2.1946473246014566,2.1128017719855094,1.9833394291276323,0.43508245948068314,0.24072005183978748,0.85620344969660522,0.30956427693943772,0.18886901887096258,0.43093914001977596
9.7199259903408777,7.1091121156880739,5.0035549876909071,2.8634815229404502,2.5012749104088994,2.6450544845815056,3.5625883569291696,0.59643399681248033,0.13148958761988797,2.8203131153077972,4.0298096322461427,4.4566168153747423,2.1175960847697075,2.2114271499020486,1.5744430968384242,1.7270440414949533,0.37981289399728363,1.0371555620253132,2.3310492502039577,1.1902907226945505,4.5109102693033565,2.8528922516342523,1.4697159952838716,0.12229865138860789,0.66795700424373994,2.1302349708168502,0.45957537254211106,0.816677136316875,0.13342625577845021,3.21134137975262,2.3693387610902619,2.2820358386403514,2.1584803367119156,0.47506773260787255,0.26142014599702573,0.92801104908120025,0.33594267619625107,0.20498332050821333,0.46786406929371543
9.7908362345579576,7.7179692552991419,5.4458637473647107,3.1289220117278629,2.7291732269018425,2.88144430596547,3.8826695409617242,0.6002128461762164,0.13234285436186638,3.0913473696325569,4.3961134927166459,4.8641177331256449,2.3316985674484099,2.4408536227919622,1.7297524080693865,1.9034401880911853,0.38622180482513285,1.0915210714471499,2.5493722366628684,1.3031231711949547,4.9339765287685653,3.1201631810970176,1.6072067952109048,0.12385954121467804,0.67752716371093535,2.193415241817958,0.46808876375912989,0.83322709823445551,0.13604454817370074,3.556877937335186,2.6240108138231144,2.5246670758001444,2.3755886365084775,0.52079318082445403,0.28788914675619937,1.0152812242705307,0.36800260665049445,0.2245099498412701,0.51223524601078785
9.8611383499882859,7.775074833872929,5.9151239145297643,3.4160906645821649,2.9713823572940781,3.131963209329466,4.2235929252730982,0.60369078325725534,0.13312803414306976,3.3842823543033749,4.7891202029133852,5.2974929019913759,2.5527047966639183,2.6759214518945686,1.89235721207809,2.0820335658849931,0.39189821310356499,1.1449707937881815,2.7870602608064083,1.4256119043246798,5.3879869099759752,3.4080840441385476,1.7552976871072636,0.12533581284433479,0.68657290765897261,2.2526923704439725,0.47568929053206271,0.84644014617083929,0.13814291399066025,3.9451761825301772,2.8886643960621683,2.7753096568064373,2.6013020535773372,0.56983395521697877,0.3157282109739456,1.1067470138513422,0.40159375091762645,0.24497498701242593,0.55879560195492151
9.9340802860811319,7.8325903659125018,6.4089693497053277,3.7268096649862184,3.2298356654094498,3.3973863495249894,4.5845706308506324,0.60681436049958504,0.13383339380352821,3.7072754700361057,5.2088220450555607,5.3434689545607927,2.7969477801156333,2.9405178240622281,2.0715908371130585,2.2832377096374024,0.39740177437912044,1.1992994462158237,3.0471247288550991,1.5602049747167703,5.8777122482251114,3.7212137747610576,1.9160748837381674,0.12674213464681558,0.69481391602657594,2.2778371201498926,0.47943998217271644,0.8530964149636433,0.13922602883278359,4.3558391515323089,3.1825838604290166,3.0490862190880956,2.8502288990572509,0.62374135305341438,0.34622649140594863,1.2055880428672774,0.43811753458963093,0.26721079756584049,0.60891483075634778
10.007580360900873,7.8905443642006041,6.9233531461802187,4.0624575091062001,3.2843273554973433,3.4528549543935867,4.9429912496411719,0.60859566426154865,0.13422986312245047,4.0587058685751201,5.6535855363733143,5.3830059837925939,3.0588076801685249,3.2293254538384701,2.2648493448645222,2.5029018365496278,0.40257929576477836,1.2534233999722171,3.3300873666162953,1.7067259880275023,6.4012702688638008,4.0591810246299929,2.0893008545611513,0.12807191863566939,0.70206491716660879,2.3001887858186731,0.48232783867575474,0.85828526772870606,0.14008198958834805,4.7660812404782797,3.4895188470047094,3.3386020378463046,3.1205031745324017,0.68237031559928951,0.37892944713519405,1.3104074276397233,0.47705124559539147,0.29090207046952848,0.66122962957202625
10.081632058095609,7.9489262935801932,7.0291898627273497,4.4218820063141155,3.3086247101311193,3.4783994952525648,4.9795684749371851,0.60927921641817651,0.13438200923211999,4.4414737519363436,6.1206211954592726,5.422813350614617,3.3326105877458154,3.5276073297957824,2.4685922982284221,2.734623886925331,0.40737868851716036,1.3068930088361197,3.6371545831924563,1.8661534118772287,6.8894436157703449,4.4231646715932253,2.2691616754569091,0.12926423878516433,0.70857656056320151,2.3206352273602757,0.48455431682350614,0.86234934651567507,0.14076385168418315,5.2199220691224699,3.8156914448755006,3.654567894572343,3.4152649120334235,0.74617768137143536,0.41456905906409647,1.4225782583774806,0.51848698766117141,0.31575213368672622,0.71588369046196243
10.055503907839293,7.7131358791724827,5.7226271804904041,3.423903492125151,2.7229254860151086,2.8839610387521128,4.0539343715237353,0.60311023138268716,0.13299608349080538,3.164262074286579,4.5264115267790723,4.5181217545604087,2.3819420240420466,2.4043210398164971,1.751876508012729,1.8843965819937492,0.38660970721633253,1.0843557600062685,2.6107863695183169,1.3139926693377262,5.237221280253495,3.3916548630584802,1.7431315314545552,0.12617859483824589,0.68896537928033541,2.1872090003619307,0.46868356023987984,0.83444766645419055,0.13640711217220736,4.3994260016521167,2.9583635997957987,2.76910760786871,2.2214066717046155,0.51351395286080037,0.29903399377445083,1.0451809521827107,0.37705835450113251,0.23027793752463876,0.52695852352082306
10.085661258149186,7.9164094119097879,6.0678945087296592,3.6473477706560806,2.7871075100014839,2.9583184351112952,4.1812169441839435,0.60461888356667259,0.13333248392991526,3.4460374366613218,4.7914847286328968,4.6351967611640443,2.5663982521546296,2.5728214437907271,1.8884028058862985,2.0337580727283306,0.39182506160220981,1.1354871940514704,2.8236266751468824,1.4281321539692533,5.5650338459286219,3.6289343196337711,1.8608099038679637,0.12729696299346802,0.6957091427316221,2.2231643462965129,0.47307774600811509,0.84268236774684546,0.13771235549214544,4.7477154097214802,3.1721637069170847,2.9973606988053652,2.4072548094752126,0.55767490444710333,0.32426107327033982,1.1247778055253719,0.40590124580535669,0.24778080947256192,0.56658454155190041
10.141982607458464,7.9235246028775306,5.3273292320990171,3.1321353725675189,2.6724465969058246,2.8371153792153061,3.8885226670075799,0.60283503609399447,0.13293208964254058,3.3547813513272757,4.3970945761623899,4.5405705216851491,2.5093992140778041,2.5466950462205862,1.8193903089604866,1.9530281498682107,0.38914901145507358,1.1052068335062657,2.6836229280286488,1.3792883844579451,5.7289306603956049,3.4698554237286618,1.7843088990181439,0.12745602474158504,0.69644687933904248,2.2191566270131151,0.47185960895798168,0.84066455965340725,0.1374352136144126,4.365783978960903,3.004797158300395,2.8195444162074939,2.3467889989204522,0.54004721497664621,0.30969950242900468,1.0674437380723028,0.38662778217124544,0.23547747775953609,0.53425426264432085
8.7068278771287932,5.9690438693941461,3.597732829450405,2.1823455162612264,1.6740932844757612,1.7936196934772974,2.4662212147939413,0.58175799160101183,0.12817500747071953,2.5758173961651463,2.9380988885003707,2.8526735590948884,1.855721758255398,1.8274281520369873,1.3212585060474555,1.1754432901617025,0.33736977038571303,0.74946832266747521,1.9343388691860126,1.0335105882786542,3.77658236858107,2.4770149793508169,1.2588387768751479,0.12170314352434959,0.65818544076751495,1.8923722187711742,0.42665978864809717,0.75522205074716331,0.12319535808916977,3.4320306447210673,2.2321844494171295,2.1260891402850768,1.799941660005929,0.40567719537167574,0.23293357403722681,0.77555366003623394,0.28067087067782748,0.17064742853064249,0.38613324876415323
8.5976445880271974,5.6458507083262388,3.5928014323092947,2.2189113582342181,1.7407461102999964,1.8511234652588853,2.5859304038920325,0.58390843479382082,0.12864065442889208,2.7906736977292561,3.1084908655147565,2.9809946960409204,1.9555574392631412,1.927911188940169,1.3973969644747257,1.4189969023212092,0.35952364934986558,0.90247042321538418,2.0975499282564445,1.1208530224360373,3.9650911150686694,2.6451205601550667,1.3398774071257578,0.12286978342582536,0.66483333011294654,1.9081158653969503,0.42865544743704331,0.7570744501965474,0.12341066820699363,3.6184799175333398,2.3539425975163137,2.267363463368322,1.9351634615646869,0.43891068160395391,0.25027651417013624,0.84175855738138317,0.30184487044956643,0.18318313545931761,0.41255346820829836
9.4345597408194379,6.1908335332996325,3.9210239260193531,2.4138524794733538,1.9029827791527483,2.0221082954803706,2.8225095135292992,0.58896685309882524,0.12978207459158592,3.0552793019968512,3.3925118245948016,3.2635490826512989,2.1359498767830036,2.1108956938501624,1.5255963362575933,1.5525617643774239,0.37368500731699378,0.96401154349292262,2.2927720331632977,1.2252680957547553,4.3306903174499993,2.8891342996615239,1.4634464295302956,0.12455697537734134,0.67547868071964889,1.9807667808693701,0.43924720707353859,0.77826097622812551,0.12727349676605421,3.9733509260986106,2.5781756886017275,2.4805051319611828,2.1131262942055566,0.47961348987324837,0.27363818082216973,0.91767432143840055,0.32921716674876889,0.19979549056049123,0.44991277355950848
10.008909844795291,6.7818519373854516,4.2782570981306982,2.6437495839040559,2.081358067421847,2.2091334046581697,3.0856311611933913,0.59374700314041085,0.13086042922993651,3.3563019830751726,3.7044490757049817,3.5760302324270379,2.3569284816456193,2.328365532737632,1.6784564978163459,1.7115640614683665,0.38081179562913847,1.0191353787113953,2.5094245237467994,1.3431122063794199,4.7301177809706809,3.15803252502264,1.599409656059898,0.12618057354659093,0.68572267170690115,2.0526080854339108,0.44944930653268866,0.79859539745920072,0.13079447671144859,4.4300495027867495,2.8553893794340097,2.7477312691151652,2.3302044022499411,0.52647365660967183,0.30167749518469084,1.0047087838087507,0.36098329951071489,0.21903863386808298,0.49311309158129008
10.081660568040906,7.4124850152033037,4.6601108300763219,2.878275789559841,2.2735813708090435,2.4102803469180984,3.3650428345350876,0.59814744659015251,0.13185327646971931,3.6745960326269596,4.0373900115239838,3.9127358610260914,2.5343989594684437,2.5675969959445903,1.8197107764955565,1.8897090471943589,0.38743043157615914,1.0734259466699418,2.7418081439022743,1.4686919610499716,5.1612058255480022,3.4465595600399439,1.7454385579884524,0.12771980927296725,0.69543900151108973,2.1219614825206476,0.45904496818856022,0.81714668328038764,0.13373425005243042,4.902126056790113,3.1659357876620517,3.0267367186947607,2.5550339083397664,0.57606072042712675,0.33114679978903694,1.0958350493591889,0.39293668711548779,0.23842851727011224,0.53675533932208752
10.155125343001091,7.7853925526617269,5.0682198040556834,3.1386235707165646,2.4802486090831919,2.6258929736265384,3.6634575185905769,0.60221465707504218,0.1327708879193315,3.9720181569796154,4.3940195622162808,4.2739230275558926,2.7551913402509891,2.7976761488208224,1.98038208877093,2.0522621803872965,0.39283855345144192,1.1240651020241625,2.9861722913647073,1.5933542357115946,5.6224819245318125,3.742996601106432,1.8963876471413637,0.12915619612547596,0.70452431718261499,2.1890981740348185,0.46810938177929956,0.83384408253555109,0.1363829047512484,5.2994399971444457,3.4260077711751418,3.276614430215476,2.7731301950308893,0.62540030076485109,0.35903642152959442,1.184473115368732,0.42568738668023354,0.25832654001212901,0.58176715970382231
10.230183036294095,7.8429679657675822,5.5013862107448004,3.4193183785949999,2.7016883287332663,2.8559942855320313,3.9811512669171591,0.60596913196864122,0.13361779218570768,4.3356770487792247,4.7745244974179899,4.6616696513603264,2.9968704201988361,3.0459207993188935,2.1555241741299986,2.2344341748229257,0.39820869321053876,1.1769369047266827,3.2564006316874687,1.7384124295895871,6.113549130738714,4.0742116318807078,2.0639086784704985,0.13053769397167295,0.71323137283908999,2.2540345735631617,0.47665655016280889,0.84868581485729833,0.13874185917765705,5.7699919472336179,3.721181327969433,3.5716862420351734,3.0257842187275767,0.68230946207471099,0.39154346372762544,1.2843706754842359,0.46214522723972346,0.28044566770085994,0.63162280829391049
10.305844761280561,7.9004355739000696,5.9581393947730836,3.7213135458135951,2.9379950145537088,3.1003334278739088,4.318352369703697,0.60943310473449308,0.13439893680887904,4.7355694605887226,5.1787361694134706,5.0756466603714898,3.255516613108441,3.3177688737219881,2.3441271062944606,2.4349535486724401,0.40332501035943014,1.2299112445388121,3.5506301074755218,1.8973615334686682,6.6347153972927604,4.4301401201844461,2.2436241853582199,0.13184917600510671,0.72147920634183782,2.3162071299635056,0.48391472084172815,0.8613239358991932,0.14075734404382551,6.2609234074214788,4.0462887087914945,3.8913941826897447,3.3003589422399964,0.74443085046307511,0.42689833428582613,1.3913428794892599,0.50124400839090777,0.30415544864893029,0.68499708970054085
10.382037189707217,7.9582499633404309,6.4019767223006774,4.0350329172228232,3.1867164372808454,3.3559837099422887,4.672419446640987,0.61260807457438538,0.13510803848479838,5.1721573217766696,5.6022744198884427,5.2543308837528286,3.5581814864287695,3.6365431858884674,2.5581321376644199,2.664501408265525,0.40835616642696976,1.2836401473998587,3.8696272732120036,2.0704815257188414,6.7367813513471262,4.809884733315239,2.4247822332171185,0.1327003236411094,0.72663782581552627,2.3518330580764029,0.48857934629022853,0.86954207651770388,0.14208558076231537,6.8738300603760187,4.4394731349380203,4.2641181967424746,3.6133152832708966,0.81293797664629985,0.46693961863223388,1.5088260895559888,0.54458167822735615,0.33034502446532504,0.74241481786869146
10.457547849370075,8.0155115155196039,6.7855095838156538,4.3810522235463853,3.2164462815414185,3.3851390023350998,4.8325477503825267,0.61371034211816144,0.13535242025322508,5.6400552845491543,5.9783762409907437,5.2931483377033173,3.8793724420587634,3.9836779415579815,2.7871640053929427,2.9119845077747706,0.41305312631019148,1.3364661025249449,4.2113649852412172,2.2562573617578705,6.7865671003900001,5.2107218441847403,2.5948702877795009,0.13343028518368025,0.73066135943836819,2.3657904352465993,0.49039140153989452,0.87289864584835675,0.14265765654685725,7.5291269624551411,4.8676908841482787,4.6631736028516046,3.9469957493220038,0.88628460965062339,0.5098070550465299,1.6296641928903046,0.58978704014706884,0.35757618287036019,0.80136534840344442
10.534916106717205,8.0748227169018598,5.8965116627908811,4.1534836566721918,3.2149183008295319,3.386810291392389,4.6434778509797408,0.61358652012201575,0.135326828670531,5.9533222638624466,5.7649604692785799,5.3159777532481618,4.2067277692202474,4.3520830059520899,2.9503966460531661,3.1480066515580716,0.41694230373848729,1.3722522389742939,4.323754342035766,2.3525811324802559,6.8299266037837079,5.3695490613766426,2.6626113157971298,0.13392312566145675,0.73339535124428812,2.3757927935230656,0.49131335554662237,0.87474378821737508,0.1429956435031626,7.6747680909684624,5.3298631769155698,4.9875305439811859,4.103295977761884,0.9219017883060876,0.53732733046844083,1.6780919716627449,0.61145710842738521,0.36870661174921471,0.82057429124820902
10.612878518790195,8.1339317554548991,5.8204771300873812,3.9351704842882236,3.2287786849045377,3.4023448990529355,4.7910192549854793,0.61459363473375628,0.13555023885476644,6.1513114584867106,5.8470926389706479,5.3437238813252987,4.4449586576247411,4.6183468934855059,3.0584860959073104,3.3046695048680941,0.41961369817459082,1.3953416615645557,4.4377834907731861,2.4113482234834378,6.8690683322156323,5.3907999669399222,2.6738573885894659,0.1342999825122832,0.73551010195997513,2.3844759759383609,0.49261241314420623,0.87722882361863408,0.1434332523889244,7.6960874962856032,5.6163247767498472,5.1329933672034764,4.0852818099932326,0.93395593959586354,0.54821409100278484,1.7047357290201814,0.62446572768596997,0.37580858515444049,0.831105036249703
10.675247849259431,8.171303858762812,5.6849861926039615,3.6091941704080086,3.2241699688899028,3.3976093720699518,4.7728393589166336,0.61495716559195113,0.13562642699222649,4.1519417179349212,5.2979365149499102,5.3321019324052736,3.9971653335415076,3.6734852877103861,2.6391140336209542,2.5121629672953114,0.40569447522191437,1.2088696737538118,3.3611798976184764,1.6867761850079541,6.4474465447068505,4.6338595474060655,2.3367766099678908,0.13348031570290883,0.73103972727017008,2.3727444916152014,0.49174247275643856,0.87591783296811465,0.14326907285146515,7.6899651252329839,4.9886590182072279,4.4484513328342272,2.8261265496431922,0.65292040940958396,0.42126794605901469,1.3749994749304386,0.51548391659353487,0.31204650900425079,0.69825538495316186
10.751001024809481,8.2274377646955283,6.0037482663835604,3.6822126123122412,3.2236745977825199,3.4012136130990882,4.799891687370919,0.61553934473040361,0.13575917028358137,3.8293692406027331,5.14431289496929,5.3178684760025323,3.6435371746788401,3.3430811611361961,2.4358449692162054,2.2180661569628106,0.39809825273616917,1.1278572808368983,2.9869200338062911,1.5424605173091266,5.3255835494379467,4.0520063316906256,2.0624159750858366,0.13171411759437182,0.72146530203229453,2.3494295148772077,0.4900274799461512,0.87324059443544488,0.14290003693755088,7.0080968664921022,4.4992474397992046,4.0828653709430665,2.7141579660313906,0.60625644027441361,0.38919680304675208,1.280669685994932,0.47945328585195907,0.29133532868796091,0.65785212848955521
10.761382989294214,8.2174318937189614,4.6309143277170222,2.9482058512058309,2.1444104953605407,2.3667456499038493,3.0558549027948789,0.60137835505143566,0.13263367781991467,2.7257173108028914,3.5509046545065632,3.4884879169051324,2.714882888592836,2.4140275189380183,1.8034537461818823,1.6486484719020027,0.37904698230429501,0.95481760434391671,2.0889487778646969,1.1074435687374107,3.166367817187846,2.5270534865734606,1.2906528310825585,0.12359079345553277,0.67225026971714774,2.0956207744584066,0.45993377967468424,0.82170041302044861,0.13484912311813757,5.5161651748521718,3.4312517091451431,3.1968658817360271,2.1501629880529802,0.44877928912721177,0.29482639027605734,0.96594934068877047,0.3598555612374556,0.2189475032702656,0.4989509459625795
10.809844453293028,8.2430836157126777,5.0072571606462573,3.1984646267640473,1.9625446559351467,2.1989898421639231,2.8543124973903558,0.59903797418654381,0.13212504020839905,2.7585778589332062,3.5462977373192515,3.1483257261337312,2.8925404241994319,2.5563724220938608,1.9255752871892082,1.7533679273540541,0.38382696954852474,0.99377080165778175,2.1042650398233351,1.1232725379561899,2.9480338143420037,2.3225217922293706,1.1853104638826251,0.12213602316824843,0.66288417743178452,2.0374418782409651,0.45345269108706759,0.81069297707765542,0.13314919183980115,5.5046147258046743,3.4930830318679198,3.2331018962392126,2.2059147336418055,0.45763652279718603,0.29976647113434568,0.98470968020230809,0.37215659078217761,0.22669336812623053,0.51826539689121842
10.588988299161512,8.0393345522413675,5.3491197299569428,3.4816206182530554,2.0064761001364833,2.2249063454555662,2.8298180108080855,0.59895606838450011,0.13209282569176642,2.9631464212596947,3.7240250729799325,3.2470163252023561,3.1529264095157137,2.7934942342245699,2.0987856874531516,1.9059528616002914,0.38953564524612488,1.0394237729941891,2.2263403316972052,1.1996396945967933,3.0193101389654782,2.4000650723058508,1.2218180628104545,0.12283656138147374,0.6664727480741518,2.0404913048493589,0.45330176269585354,0.80987580103516055,0.13290562300500278,5.9971083674248451,3.7948990173815624,3.5012423004096465,2.3823541540938913,0.4900375991819203,0.32241406381259607,1.0518805090228349,0.39991514436340531,0.24357521283343256,0.55681328996264723
10.813851115969154,8.2499109545767819,5.7877388670018712,3.7840630817885303,2.188110316278796,2.4232300544075933,3.0773303090587349,0.6033051135830122,0.13306403522254212,3.2238111869519708,4.0492187172640692,3.5448919751890475,3.4208048242665572,3.0335159461493406,2.2796256393556309,2.0701818850500828,0.39502374228506737,1.0898988988341318,2.4229264676669788,1.3056303310626454,3.2752026193685961,2.6039964004128144,1.326420295373232,0.12464914465029966,0.67765223596753565,2.1098693694065966,0.46239798769821527,0.8261263062969757,0.13557500345441023,6.4579422687039871,4.1000901305816644,3.7962574390566268,2.5904513513234995,0.53325870051824031,0.35034417499134018,1.1385675562483615,0.43328832784290972,0.26388657987413522,0.60196216658365576
10.89361369659593,8.304760315362314,6.2467302029132075,4.0920515977445016,2.3891744640688395,2.6403294125609875,3.357047598348696,0.60745614858708086,0.13397969634600906,3.5392825426253607,4.4037278506007995,3.884887208759265,3.7363188856891489,3.3560234131526734,2.4926883554905355,2.2809030805007362,0.40121823929241612,1.1462894478645964,2.6503302637413029,1.4302687180845137,3.60395279389145,2.8549344788871069,1.453917200846996,0.12662320098733393,0.68965291464056433,2.1812277375302305,0.47110400949970299,0.84128910462601336,0.1379962017569179,7.1620937001155065,4.5373777077351782,4.1793619709148739,2.8457552384683846,0.58434817118860571,0.38459678807767955,1.2404358045137334,0.47247687181929005,0.28767082572961455,0.65427350047365418
10.971744851875691,8.3638405214165186,6.6401507027824538,4.429859701761627,2.6028081929711582,2.8698610840518612,3.6512404423131235,0.61108473071516922,0.1347803257875777,3.8703429361148465,4.7769502798738923,4.2448829758105422,4.0525118392376642,3.6706310322341218,2.7085638752178713,2.4942460816416556,0.40660540334245271,1.2000082910716243,2.890962362993609,1.5620237916338597,3.9462004927730319,3.1180200325830474,1.5877815824665866,0.12843439895721881,0.70071026892351707,2.246071027731257,0.47883076401583019,0.85477935287286899,0.14015347128801134,7.5884962154992222,4.9711880105264363,4.5454600924901998,3.1154974114741392,0.63842343159245429,0.41940563117073448,1.344154703832988,0.51231985473257147,0.3117828372042698,0.70721925523644391
11.052448973420219,8.4257086262258323,6.6892904264656377,4.7855311609238864,2.8296023323352681,3.0970642695116348,3.9613309190701251,0.61408790770146671,0.13544325239363661,4.2223402745133392,5.1701584584929074,4.6276552500418777,4.3812999613672066,4.0188325649035894,2.937247170144651,2.7266259735445266,0.41168229701868359,1.2535108330040268,3.1497675813745762,1.7030730199719883,4.3075434477088033,3.3961934220288161,1.7295062106019625,0.13012348941468674,0.71104083432793885,2.2927606180761555,0.48451025721920088,0.86476543357828373,0.14176316477931891,7.6568745364029978,5.4251845405264207,4.8928301677043553,3.4002514452087844,0.69613692092782942,0.45492585551706743,1.4503329060860177,0.5531930251419831,0.33610626912275132,0.76047299069785013
11.134196591498451,8.4875270289181302,6.7070202461632427,5.0177675382045281,3.0695497941492116,3.2826646767766845,4.2837086406754459,0.61665963464605889,0.13601118279828459,4.600560581346949,5.5591976586468004,5.0312149688934387,4.4852459854892128,4.1526013096978192,3.0398419400342007,2.9429297677877688,0.41621046751432245,1.3037459213606493,3.4286946386181509,1.854492410013586,4.6983696280721041,3.6953639701165195,1.8818392643289266,0.13173134488576249,0.72086178440566584,2.3371316316006054,0.48973867042075492,0.87397806872815609,0.14325227355317133,7.7020059063888704,5.8573923677129143,5.2432016071758003,3.6997193138789384,0.75752945853443709,0.491897725294347,1.5576321057061924,0.58726814977368058,0.3562343944459942,0.80396823231314252
8.6145367509833459,6.5911303405054156,5.0931643883133688,3.5795222940265212,2.8886682807120381,3.033761900509599,3.8890637121600267,0.61308658969959029,0.1351876506609217,4.8423458956373606,4.9319993313590871,4.9443410513239003,3.9141590478852062,3.6807382960687605,2.6085969374749718,2.767302896760933,0.41412095109405289,1.271910839125177,3.4630640444417047,1.91610854812781,4.8884156930872678,3.8869882596347525,1.9675652660952796,0.13262050381420132,0.72489886328110276,2.2921057143296051,0.48178555501743203,0.85076319821509883,0.13780075499035604,7.7131552348933408,5.6839419752365838,5.1963451745934357,3.8412860401527724,0.77990038005023865,0.49812926335770513,1.5147866319037502,0.54761596561666404,0.32988422567173914,0.72427944104488473
9.2981505744890693,7.1238527070478845,4.935545283668282,3.1074716850631696,2.8532572196631332,3.0331893464473989,3.7753857484538962,0.61334437191637559,0.13526387162150869,4.0530450819573582,4.5110087941927226,4.8665228125122706,2.5688563997385949,2.5756359485903522,1.8568941481010257,2.0398542903885546,0.39811015126921129,1.1169544654103043,2.9223168169824163,1.5963282131828003,4.7776768192119317,3.5692205030799089,1.8214286449567922,0.13213581436125788,0.72247460497538707,2.3049196141500516,0.48408685792587886,0.85791043696497538,0.13948804861943076,5.0768249097112719,3.760978274848962,3.6380934940222724,3.0044108934237319,0.63725588717498094,0.38027838382069934,1.224433807001658,0.42545142847261103,0.25810150353818578,0.57706786008702693
8.448636319267532,6.0469746067995089,3.9934620811793096,2.6987976401835692,2.7961279366043685,2.8835180412202805,3.6469296723501201,0.61090045859517517,0.13466351644735239,4.1952761657023814,4.3693203620786321,4.9817623867114253,2.6782263524851402,2.6796331301959762,1.9018575521116943,2.1271390999096931,0.40114198104438714,1.1389652743543219,2.9495922577868154,1.6325332254835971,4.8952136931242336,3.7249834885027018,1.8950048221101869,0.1328759244763672,0.72617237973783255,2.269923276031756,0.47726351126014249,0.84039245739351687,0.13607718766952634,5.3383283247233839,3.9212350163381227,3.820218017134462,3.1206542561370765,0.65341665318083919,0.39402024514428929,1.2482382733177955,0.43312977509104938,0.26073490339420502,0.5739082487030156
9.3299130606301208,6.6532226644090562,4.3406571919191643,2.9080980694348928,3.0313350059430717,3.1245449778310288,3.9504320988426396,0.61460094843867208,0.13550019648731521,4.5615169952976036,4.7330588795082846,5.1672115260990372,2.9026370825353673,2.9127897926373461,2.0623633151352361,2.3068695358353279,0.40614385914133522,1.1893111814211503,3.2061856510860109,1.7749403354233027,5.3243143090814815,4.043184735314135,2.0568626616892538,0.13437850888988292,0.7353938749071689,2.3277314339291055,0.48529248841217215,0.85794369364329226,0.13952363193409278,5.7919857410148454,4.2378898058878569,4.1434417310599994,3.3887433346326592,0.71020029488222025,0.42786025802231803,1.3482239240183307,0.46848227569350248,0.2820511656293892,0.62033805177371126
10.304931981502067,7.3198766718645594,4.7163575157321134,3.155759408235876,3.1375726237434907,3.2813348079886708,4.2754237311568781,0.61768996006230192,0.13620185880007943,4.9671882526666149,5.1212320881587337,5.2055511722665067,3.1701504118253903,3.1920015672493602,2.2511092433971478,2.5225194613308677,0.41149893945833399,1.2441835681064592,3.4905718514971409,1.9328826475361678,5.7909062778423364,4.3884172701672473,2.2318692816465884,0.13581922589527928,0.74322977146960378,2.3753569484340944,0.49201798899808946,0.87314287928043544,0.14259120957117125,6.3571888042270279,4.6391818025035265,4.5328278441115115,3.6997836988849797,0.7738622916710165,0.46704586256303304,1.4606027591116597,0.50882550058893772,0.3063382532645853,0.67381433342864816
10.836133868008984,8.0162120664598131,5.1176192515011207,3.4276556650211223,3.160785910944389,3.3394100872748242,4.612204667177104,0.62017925702353194,0.13676945512176483,5.4093652298105308,5.5256607808576224,5.2441060746824766,3.4670642847015909,3.5219497191671811,2.4599063801612533,2.7660610403421559,0.41670252628119842,1.2990806579848793,3.7968066904488564,2.1041927296122385,6.2858422335895483,4.754574268668085,2.3959412518505974,0.13712686454116371,0.75035243388812656,2.4158947531869801,0.49771242655535647,0.88587094631703223,0.14492400849565421,7.1023478161349924,5.1405063408057732,4.9894362879035139,4.0451269500302303,0.84323548352224142,0.51122368718395039,1.5830541040558159,0.55300361830359479,0.33290848640066828,0.73226530901434306
10.916174969744644,8.289964917899189,5.5405668983461869,3.7259921137249168,3.1841903628723065,3.3641355142802096,4.6740708314305923,0.62129633472520762,0.13702820835529514,5.8740800404744116,5.7686510844458256,5.2828913693616624,3.7558231945192211,3.8272523594399193,2.667250874799683,3.0108850424520091,0.42125597875802151,1.3514614307333206,4.1216220453033001,2.2852308629875564,6.5953873460881756,5.1370519178406138,2.5582894807928898,0.13814540252369137,0.75592544862509592,2.433805993079063,0.5001147093440117,0.89090972878977592,0.14576003515692129,7.3968381721881249,5.5250712081707674,5.3694431697737341,4.4040924748524306,0.91627133133004635,0.55309049389290788,1.6928407004653228,0.59422823913277223,0.35781610917122691,0.78795433559899675
10.996875650560822,8.3512585121185108,5.9819519142219448,4.0406570312267283,3.2077380389147794,3.3890152186922826,4.7086380410273581,0.62200111831944682,0.13718507784839354,6.2823752245340643,5.8113473386767902,5.3220048540922118,4.0837132233725857,4.1834257949371203,2.8978790899930376,3.2803614124560552,0.42561267717170359,1.403063604588928,4.4667823753806495,2.4620615335546323,6.644336172349405,5.2206226072244588,2.5959415263776711,0.13859811010656956,0.7584644574888092,2.4441275704853189,0.50141880406908623,0.89341046542583491,0.14620081599155588,7.5123965445153216,6.0368859340899634,5.7620194562117435,4.7905394033839377,0.99026029172346575,0.59586712842689282,1.7931786165011547,0.6349659408526015,0.38248211584050817,0.84349321840480551
11.078312348842148,8.4130832763422347,6.4388451914662221,4.364493856305641,3.2314925878588938,3.4141071434589012,4.7435472448695544,0.62270629927407672,0.13734203017359703,6.3289805476103798,5.8543626173429537,5.3614103949290861,4.2034251638722333,4.479382119787763,3.0450328950146668,3.5755790671572214,0.4297563954292975,1.453704169119949,4.8302714446974093,2.5732721954234821,6.6934209702911582,5.2591946930485145,2.6151250399238233,0.13901044897532816,0.76078721212355949,2.4539195590675216,0.50267533151749333,0.8958280577174218,0.14662881008429157,7.6588494561247513,6.2847863320902526,5.945196604108995,5.2000617782910084,1.0492362303709413,0.62392046144883606,1.8660987597856216,0.66325030173782074,0.39993927851314981,0.88491305489118788
11.078801765394539,8.4433686910508072,6.301151062496003,3.9111717848989591,3.2517468165698165,3.4344345861692331,4.754405777219592,0.62328055572676089,0.13746950872513986,5.4610587109518782,5.7001618673103502,5.4003741472898588,2.9608546884366023,3.2962058067049029,2.2783186694409907,2.4804427521290617,0.41182445411488644,1.2489083167493806,4.3572882617433937,2.2021381494706174,6.7123724747090394,5.290761837500666,2.6311907460090773,0.13938792300414915,0.76291013881496039,2.4628385814090086,0.50375417512767706,0.89772264928527512,0.14692262419737856,5.1799854757673289,4.1110037906800567,3.9780235697486264,3.769346726402107,0.85342458060733173,0.46161093682142118,1.4937316706445594,0.52030460278120572,0.31567565472102266,0.7098642433025214
7.8130587498225639,4.6989648133785922,4.0188871594188225,3.3423000149486572,2.0265078220902573,2.174815504608044,2.8518355133057822,0.60423293109352783,0.13322055995227003,3.3130523364423072,3.8030569762696098,3.6944539330845263,2.6323987367731014,2.8224733844991543,1.9816797550478897,2.250222597470994,0.40840583270077568,1.2176907538514394,3.0594383517828074,1.4637373536856435,4.8714874097641285,4.0723323461844982,1.9943012711336019,0.13549446602782811,0.73439958132975725,2.1147213199092119,0.45863913110593291,0.79976872048545999,0.12924563823319507,3.2884244045528863,2.8710898001331149,2.6611926469927432,2.6215273391623795,0.58735453371166479,0.31399362391355379,1.0702767022974988,0.39718265430227712,0.24028774290411861,0.54520580942582542
6.9226972315122435,4.2120590758028005,4.3667005141678787,3.6186546103996333,2.180778112064262,2.3220697241880788,3.0997114004184128,0.60816452551913858,0.13409209818940976,3.5966358905398823,4.1311223139568192,3.9987233467123322,2.834860756991084,3.0374863859336712,2.1388617590725296,2.4332932013784609,0.41332543629414448,1.2695032837428166,3.3239113894392927,1.5898828634943523,5.2166328029365712,4.417746403576718,2.1588932394678544,0.13688088694965508,0.74275333376000607,2.1422405550521213,0.46252522298485144,0.8014072085126781,0.12856054553727542,3.4750635803705898,3.0565192585419485,2.8521664933652828,2.8360303754596443,0.63721289375976953,0.3385004044683228,1.1516591003584526,0.42781146549138832,0.25887757424715574,0.58758354980800354
7.0936845133269655,4.061274436349998,3.8396091706189481,3.4633418091867481,1.7000699131624828,1.8501654552289406,2.5165724532794109,0.59768276872920323,0.13175887020256066,3.4501025809195864,3.4682849034579637,2.929624506797408,2.871164270071858,3.1080540722656762,2.1267958791533728,2.4582936988582254,0.41380299874063886,1.2589949423357387,3.0733517559167574,1.5292723341426238,3.8090457220455187,3.5907734502722741,1.7382522908773204,0.13265483170223452,0.71503739814458023,1.9578000343534501,0.43896897540384544,0.76186513435876257,0.12278830494256332,3.7868612971839539,3.2453206582844207,3.0561701502599892,3.005291164515925,0.63125156346447098,0.34908046010901084,1.1309890499565949,0.42119012598921368,0.2540078922547111,0.57624257593969397
7.5076576055918434,4.0747703660328893,3.9151064976762875,3.5954181531025751,1.7257020087598132,1.8446497209193762,2.6041936055805777,0.59757503351844254,0.13168220388430918,3.660020178833451,3.6047675785501019,2.9935235007944332,3.0711331837302769,3.3627359797255854,2.2689336996791147,2.6691526440718865,0.41821171147591535,1.2946890353013227,3.2960750192016834,1.6300928454447881,3.7182707348310862,3.7896687250381986,1.818176234618665,0.13296221084813728,0.71599134689409916,1.9396491614812983,0.43566940632859824,0.75699419586587979,0.12247303689780537,4.1079864817566643,3.5073937604607806,3.2984369452261673,3.2678351206091829,0.6758523292622638,0.37503573416845892,1.1974863189332488,0.44673534168251633,0.26906001543961189,0.60968698166506641
7.7713807602853615,4.3069575676061422,3.8373287563699128,3.2454827004792506,1.6241144300385573,1.7605773246978624,2.4497341713864866,0.59520655151058111,0.13117003270588096,3.1230433274458851,3.5055029086817209,2.7654330631028672,2.8190038099321471,2.6970479166761252,1.9862175982789907,2.1526705953139551,0.4052230460150536,1.1600094669235022,3.1121537605383769,1.4379105103820717,3.6264382826941777,3.3900836128323957,1.6515915347899202,0.1321463069215951,0.71159784530370818,1.9287984056980763,0.43422804032282963,0.75707497261782131,0.12273572773525147,4.228659908940557,3.2662532875674688,3.0760407291188234,2.9130079910280813,0.60014432745072854,0.34133352617334628,1.102287813259059,0.40525279110869417,0.24464807672244712,0.55579525987074174
2.9426890513600972,2.4256285476864101,2.401973836405725,2.1205713909404413,1.0788198393931694,1.1680005722854785,1.5559201517429757,0.56433517057098548,0.12426702669696803,2.4147955907992866,2.2434453514626633,1.8344104564269674,1.833756984080112,1.8014816475683066,1.3200379719058073,1.6449367409345268,0.3879866426232717,0.99755778682805707,1.9342162910987026,1.0420922590610482,2.0039950816566487,1.4717177676397852,0.74071389423331435,0.11570898996817196,0.61320642159141547,1.5169092754436786,0.37007690510369168,0.62157379716080308,0.094642773338073805,4.0010807207735413,2.7919859670619567,2.7413778442604202,2.547642023852422,0.45659105052813953,0.27967039513986619,0.85582594821949109,0.29842195015402895,0.17928234586365605,0.40187492898195676
3.1507536103050309,2.5354969408652885,2.4590477894442651,2.2460430431473717,1.164401386899647,1.2490750296430013,1.6291221627013521,0.56838070272386643,0.12515662535566757,2.6047036508493226,2.3738417516333938,1.9993527756314142,1.9251047847840339,1.8712180312305875,1.3872175092570431,1.7490865871270926,0.39286144431078562,1.041959382835876,2.0985174775747608,1.1270840944830158,2.170445483743475,1.5911297511282605,0.80156796473167646,0.11798714841167518,0.62736505270753995,1.5803860769078748,0.37940727054054579,0.63874499006425389,0.097704515222255914,4.302730529808211,2.9854884831705815,2.9465926715559752,2.746030871598061,0.4936520643222459,0.30158799777448997,0.91481689460894677,0.3170091058557703,0.19021642254935034,0.42619428253853336
3.4554146197539017,2.7767179915962461,2.6802670045546204,2.4451607036661236,1.2710606239056388,1.3633969209423418,1.7722779118918432,0.57537287600067322,0.1267267611476843,2.8452167141154314,2.5851523942330621,2.1846449748127172,2.0932998485199348,2.0461239166806395,1.5098814156723455,1.9165147736235051,0.39942022469800714,1.0960025383976859,2.284989816696037,1.2295067662188206,2.3605999237099864,1.726996989744233,0.87047947384226476,0.12030126081607791,0.64170378046475884,1.6573085455859322,0.39221970502461456,0.66391160147807726,0.10214111894668573,4.768820662770338,3.2923330460844715,3.2424841598108802,3.0065474373985381,0.53883086789406942,0.33037478683277416,0.99608110746335021,0.34511931715960936,0.20708664227909321,0.46400800419176824
3.5020544090097969,2.5712227444557243,2.4203418257827134,2.2350106448860507,0.96654617527445241,1.0560227214098772,1.4104238846138786,0.55694306848132724,0.12262501773868471,2.4007724054970137,2.0884407386302244,1.6075507373641869,1.9628982541343332,1.8800848775724617,1.3833799992614124,1.6689192368526125,0.39005068170099766,0.9972952257790435,1.7519491336890927,0.98960212144459703,2.0078815443508851,1.4685264964145217,0.73495659247776124,0.11569306896763538,0.61173877691601741,1.4741787519210172,0.36256296800301951,0.61470981818268655,0.095424051670398968,4.5097475804331193,2.9586386151916462,2.8390742448969712,2.3461570558942952,0.42698961694615889,0.27309186655578244,0.82582371063197613,0.29624135258611012,0.17810963093135823,0.40194062503127626
3.7037661510576898,2.627235845653503,2.3945014628257799,2.1843667141664129,0.92261794372296446,1.0080247590062761,1.354121153986046,0.55328759138829886,0.12179066078715681,2.1553842276644377,2.006522729981727,1.5280187736999795,1.9703117852315994,1.8762825736372575,1.3776953012993027,1.6117858788769244,0.38720818010035973,0.97000208835735702,1.6087102377707621,0.8976078428573373,1.8401325024530752,1.2432816442526666,0.63248168920883596,0.11212802332942021,0.59175736091738484,1.4138789160730829,0.35343993366124377,0.60206363187021561,0.094137514123418919,4.6118142017007564,2.924487396790147,2.7749775933766232,2.1533354229844353,0.38922330996775151,0.25627551070711296,0.78342597443485584,0.28556265640948619,0.1718092392509542,0.38815016238245648
4.0042830434452616,2.8417302131516236,2.4334824757208455,1.9057992909534269,0.95676854947151513,1.0497282932518057,1.3812868905623787,0.55665793710729294,0.12256238797316286,2.2070484369423129,2.0102892320086339,1.5999592273296503,1.747701539004999,1.7114848853914086,1.2486632121328507,1.4877716141117958,0.38126747657233584,0.92341707909739612,1.5831004744633392,0.89577920985385584,1.9270381987512208,1.4127314853327706,0.70919296737942328,0.114522975162275,0.60548915360474598,1.4684434563358846,0.36264388099347322,0.62038315826361545,0.097411757642000177,4.6248877096834979,2.7964264528576543,2.6983428880690892,2.054314625503824,0.3816804195400253,0.25021515090711366,0.76753791237645141,0.27278445384429689,0.16425731894585643,0.36891210998705071
4.3969440815915419,3.1092094665375991,2.6506680041060915,2.0678340758231157,1.0414745674631476,1.1433983775782948,1.4998559705255929,0.56422386870319063,0.12425846222897119,2.3829975761123934,2.1845211760876593,1.7404411246019484,1.8611309147841599,1.8240900771343047,1.3386740447037524,1.5913932361127285,0.3864318364417601,0.96362279685347119,1.7117218995842685,0.96672746323489656,2.087859129847466,1.5230314516952055,0.76499393918079606,0.11679635527216632,0.61953823810205844,1.5410984082367349,0.37533580427608892,0.64494222963334258,0.10173412973406974,4.8487458075943231,2.9637705256376727,2.8560339069711347,2.198675875957893,0.41127904100047757,0.26768227280258378,0.82320936728927996,0.2925972803978506,0.17628275156985784,0.39634758340775184
4.7297384203560648,3.1326318373252935,1.9004408152118453,1.5257724721269119,0.82936189746557853,0.92296520632633627,1.1928329399796731,0.54514791520720984,0.12002151151834438,0.56200038944542208,1.5879563100564722,1.3086515746776783,0.82916990684160696,0.7267487219965838,0.59906491930062211,0.55372402821536126,0.27729199047499586,0.4379558889144059,0.5865811987309103,0.25644003799784365,0.93238032017345984,0.55000856782840102,0.2892134006948972,0.086386399098907787,0.45741561182610829,1.1831437382423386,0.32057357828280891,0.55761060148251085,0.089394188794850754,2.721837828414472,1.5116882723391147,1.1262826828396175,0.56163973925510557,0.11070279666013511,0.083180777398424582,0.31664853280200106,0.11896112759712814,0.072839730670182345,0.17079726396343992
4.9756466067252862,3.2465813422519418,1.6698735979403041,1.3112255918522466,0.47460492917000952,0.58721512488591276,0.76170026527203738,0.50178641349071029,0.11050514858983723,0.64641292845923304,1.1207976571148353,0.6199757340066645,0.9648068509306359,0.88631906633904345,0.68391588830004268,0.68008051491679333,0.30225317947051727,0.51931969513100829,0.5994245929353994,0.2872617625104214,0.62610964023250759,0.42745169084321438,0.22005092434083104,0.07331144022549313,0.37986726696344719,0.88895495676851444,0.26302052725470121,0.46387401389302463,0.075422227758808455,2.8380450579241843,1.6721239813825544,1.3632860180666775,0.67316324323799792,0.12606847783126976,0.096613794312078116,0.33926873923135537,0.12965486507864693,0.07900176388921272,0.18326782702426919
5.0514164585383297,2.9155634005196309,1.7241542659498366,1.4518205972066351,0.46827592660839484,0.55943344206546408,0.776644809137091,0.49993698949324539,0.11003317972700422,0.82835210288598193,1.1435332448276636,0.67223050191821865,1.0871872234151108,1.0458743673772262,0.74742345754528372,0.754687557512422,0.31254331847289551,0.53852827420872651,0.70183151154340639,0.35547968006666386,0.65849616386045506,0.48506402741962823,0.24700758749765236,0.07615354022220959,0.39047945178385363,0.88016239521308548,0.25987483752004886,0.45657399885462491,0.074345513903845098,3.0900720419054255,1.7701633590926489,1.6125082324822109,0.87249601565190305,0.15526136251185896,0.11709311493716446,0.3822239339948838,0.14456475971597718,0.087907351838517361,0.20350971635849691
5.5504976002403872,3.1864605827844832,1.8962971465510794,1.4693521005250232,0.63317346547468079,0.73589548064186039,1.0348861229665647,0.52935816189131268,0.11652158219388867,0.67958291937077975,1.3387111299035694,0.90480973548889032,0.96766689609580181,0.93708592576384064,0.68784770185455846,0.6951045054123477,0.30390248464332992,0.51528698699382847,0.70220089598784874,0.31201700019542994,0.86805896831187457,0.63118321216240569,0.3227791685050902,0.08616208448724616,0.44777829224109494,1.053658898547857,0.29623943646917633,0.51926509033068324,0.084400031318783084,2.8384535156475539,1.6766504912450508,1.4729854149470083,0.73264184023125312,0.13618161827525918,0.10417620694554817,0.36168449851842543,0.13583546027486879,0.082910970464570771,0.19291962707541921
6.1155464086620608,3.4988090959854219,1.9770961225075752,1.4434515992448176,0.7738411047620386,0.86765316523381431,1.2511325605632972,0.54623094200426692,0.12025978270192345,0.6988849860647266,1.536261996023623,1.1011006643951962,1.0567602254628436,1.0709755284037508,0.75603772283391069,0.80565850219172053,0.32134693837582717,0.57510661343212199,0.65564542791264235,0.31381205695802528,0.91716298710366306,0.67964043964937737,0.35029555094335263,0.088474907116159185,0.46490735124741117,1.141540287939109,0.31500922575373008,0.55315648471540579,0.09006875112571365,2.7508996311923113,1.6714695483895154,1.44797056860606,0.83788838319173797,0.14085402966157962,0.10595000994780729,0.37839830933916047,0.14409343145246711,0.087858725198618773,0.20359707039414604
4.7758976036490237,2.1792988948863941,1.1213412058897956,0.96457707371215962,0.31673655406480794,0.33781329642927055,0.51092451335807854,0.42463195054255415,0.092797808937691531,0.42795595580340523,0.6916503794417872,0.53104273716075645,0.56523362289786894,0.73714091347211474,0.46390420906029889,0.6760926309462999,0.31334393766622298,0.55547095812123015,0.42219003923718851,0.20041074898214031,0.47890986923640938,0.37932504896056762,0.19244923051165166,0.064890210430231257,0.33026552978316615,0.64941678754640819,0.19638295321459301,0.34521175499318629,0.05680053731188503,2.0433145056224018,0.94113999183079478,0.92329575967754984,0.5352767224166286,0.090820891963577705,0.068214842994381797,0.23711672369158285,0.089899861157144725,0.054789475906636236,0.12802470685913328
4.6955311717915622,2.1383289701263593,1.4791429694101605,1.1720089140174559,0.34509199090912751,0.37354453315082703,0.5808073228228019,0.44390407662154424,0.097125679418082561,0.49197860224610085,0.78884809798402866,0.56346631506412148,0.54706645055207548,0.70911769102987643,0.46016000882845171,0.62567986197433267,0.30181997432813845,0.51483831998088692,0.46912733789026179,0.22591424918435837,0.5494428965407403,0.43721972488659672,0.2209915009546434,0.069676094471717104,0.35452455153629697,0.69030865717636392,0.20817667366657008,0.36465705246542868,0.059824558290182121,1.6926640589104667,0.84591624793561082,0.86534974195763781,0.56879597413675387,0.10009895530976086,0.071018034632021346,0.24935776223635922,0.093023998667741262,0.056965668396019194,0.13381551973826186
4.4611376949096515,2.0193765743348986,1.1875345794679197,0.89540477453499245,0.31802412972325428,0.34403720650599012,0.5148386549601266,0.42838340134466785,0.093723927891057837,0.4041567540096157,0.70671055067588862,0.51000596080896143,0.54491163721223268,0.63940856360002452,0.43321275200798703,0.51776194432012801,0.27762613253101948,0.43837462705638625,0.42014518887139235,0.1916916094432739,0.44999671296132293,0.35920430296479311,0.18222622299237926,0.062236678173881739,0.31486772069993935,0.60905536085298162,0.18894983097740153,0.33181324329393624,0.054543848595262415,1.0452631291535732,0.66672437404041918,0.63671397557906728,0.45519534325369249,0.083956859371131523,0.056721055972473046,0.20512072938011688,0.079509389236270878,0.0485889111594986,0.11386868174682432
2.6542861662484509,1.097438572577812,0.94959993932732645,0.8110652693501581,0.23814640474339757,0.26037188843929521,0.38189382124432253,0.38391652980229901,0.083910417533719778,0.41048765252127939,0.51527436465267851,0.379521636119729,0.43534028018694249,0.5136164578563025,0.34611386817488665,0.40349389894825588,0.24686657791618283,0.35001520410385517,0.35236275373305265,0.18097766253291522,0.40224972491161709,0.3170649793573424,0.15936754138865611,0.057605856309810674,0.28640170350344413,0.49723019297694798,0.15668383593256735,0.26843318109252795,0.043464436820150137,1.0007567206376036,0.59925637515677743,0.59342048828921001,0.43833527721237198,0.078629004592444582,0.05293626079232959,0.17826814867820634,0.067383550742720524,0.041163531765466554,0.096670846473259048
2.4913722202936412,1.2419439502768181,1.2856182657390374,1.0828775433882523,0.31752755390008025,0.34758574916659457,0.50831823323355052,0.42901527047065213,0.093934848665411907,0.53861285818662508,0.68997169500905975,0.50340327414852315,0.57238787955971315,0.68606724959965071,0.45755632426242521,0.5324758291175411,0.2784598435791954,0.44259912559102504,0.46642081651599898,0.23830289597887308,0.52989774364825926,0.41862713822908854,0.21056272846236526,0.067118123071992816,0.33830842437865821,0.62477839623810161,0.19054278455652712,0.32389283480138742,0.051609560024800424,1.3556431098386295,0.80595335146867897,0.78348453943457441,0.57557794352653791,0.10358990271062885,0.0698110942634141,0.23562087902219278,0.089090161018465328,0.05445253569785867,0.12750694007904692
2.6891718022979876,1.6464915578603023,1.6516235166613367,1.3376268351419636,0.41948494445793838,0.45897257814629516,0.6639295569454633,0.46820028657646889,0.10265400506743495,0.72769024081213207,0.91467106187766845,0.67105178526665388,0.74225153341910921,0.88028859693311068,0.59024722173752497,0.70097087348385734,0.30957446234763114,0.55505310751786419,0.62863736156415428,0.32129742687539964,0.70355953143592576,0.56008342631885943,0.28169454608530875,0.077111577627845804,0.39378087760806874,0.77787405457638292,0.22828001952554222,0.38991157912426838,0.061617334349462337,1.8479333862469147,1.0762930492351526,1.0548133862936837,0.77115670649361889,0.13928599635997585,0.093893128892040656,0.31355622387477555,0.11739439742828438,0.071663109212192988,0.16676584191187035
2.9382412965671514,1.9381550538018213,1.5949219008267463,1.4199081544258783,0.4803152226352797,0.52907681479848878,0.70944692955412403,0.48264236017716228,0.10596415664582713,0.89778229757106054,1.0094445643839849,0.80212226858895896,0.87110259528230238,1.0438190022842713,0.68789948572719273,0.85505429837067648,0.33091185674277024,0.64419113821419838,0.73121912104438813,0.39039052913272049,0.92153434643935483,0.7033875877817658,0.35437180077319291,0.085632850250069295,0.44251317779764426,0.925649102081748,0.25950727795510076,0.44385381993937595,0.069908879252499764,1.9790283875050032,1.3104515071268115,1.2775370914936519,0.99631209528167997,0.17134433013177786,0.11475601724215803,0.3717991425190656,0.1382065062782771,0.083952448132853602,0.19405901038468548
3.2372981841406832,2.1268150827134025,1.8375995082759475,1.5360272146831957,0.44079517119729938,0.50721740185549025,0.7428347029388761,0.48814776319375452,0.10730210935200112,0.93295317145482648,0.9848207987965627,0.65678313404101907,1.1286541625735607,1.2093871305144175,0.83459138333271743,0.81736188426444467,0.31896164017944295,0.5528943786201197,0.67574071633888577,0.39347044727871455,1.0181135357518429,0.63243659375890238,0.32003602048361895,0.085407151933891728,0.44165147975375441,0.9376199924155304,0.2638667205183618,0.45397649532863987,0.071931084912744803,2.1741431677269136,1.5881831548506153,1.4444720461226341,1.2145610558645084,0.17465779533808745,0.12091281344168077,0.37567749785446786,0.14720547983876503,0.089571179340001167,0.20722458921327275
3.4054903928213274,2.1842387276180686,1.9475504223126219,1.5834765596560412,0.48738162774123028,0.5633979775901079,0.79940384151127075,0.49918593269350781,0.10975983428238115,0.98920279951147094,1.1595695279395601,0.74819978985772284,1.4075661571837235,1.4708277266319896,1.0212090037373383,0.88220469442959415,0.32350026362734313,0.57529765412809475,0.60532483948862159,0.3712795081729558,0.81321105459796417,0.73155386580415094,0.3614128500311144,0.083292664776756578,0.43102776421855282,0.96172397143686572,0.27072625490430818,0.46621945440530355,0.074015303669901472,2.3280385910943577,1.6676980902866407,1.5758193654804487,0.94677739435560981,0.16055204070180548,0.11853041015567088,0.39062540588768085,0.15943000123832643,0.096895244262346192,0.22356488130036406
3.2065189934826681,2.1078761381277822,2.1200805222533354,1.7169244913107893,0.6438782530473609,0.7286153204298812,1.072934029716192,0.52692853677533102,0.11582419011821903,1.3078078852219444,1.5518510831511008,0.99733916209577222,1.5277342017066065,1.6506776813617938,1.1149435319522294,1.1832364260632591,0.35063548937927658,0.71065244456907661,0.80382512495286984,0.49208271384079005,1.067386657301123,0.96983457813567997,0.47910752291039072,0.092250726706380001,0.48316305553917099,1.1091346047576427,0.29947645472293694,0.51055745321094248,0.08008588661608905,2.5472408013320234,1.8153082769766411,1.7084641372286946,1.2444809530264975,0.21260939113884458,0.14632165305288189,0.49290238522519741,0.19366460004718797,0.11732487531964449,0.26879383242189342
2.9534109687540475,1.8219236788097695,1.9322815273906333,1.6275100174631703,0.4432817864386801,0.5032189298537264,0.64498146345186236,0.47710295936755015,0.10493189232980774,0.70987236841902401,1.0586015936913389,0.62067553816087095,1.5715079431535128,1.5951128564472645,1.0266080377568092,0.91414722529049364,0.32675973328636504,0.57639585930798465,0.61680309165927727,0.31753565223925928,1.0149870744871297,0.70729017586840548,0.35170027071730003,0.086489038146423128,0.44292024314430228,0.85147775519524371,0.24708898140054159,0.42397814936650274,0.067102517851399326,2.7087956440656109,1.8399345621644927,1.7173505417613626,0.98433853659505088,0.1456831095646943,0.11398901217551666,0.36545481776878097,0.15171618529451586,0.092327119529830484,0.21433243978537656
3.0410721263873617,1.5665845729774139,1.7599790244211164,1.6070669185071838,0.34240500814675701,0.39540287595800155,0.47540503469337431,0.44097993019996434,0.09702077914363838,0.36625039336535531,0.74722844158786828,0.52653530355048817,1.4521788879231343,1.2423373309695942,0.90064277716330721,0.64932596548887644,0.29019786929627772,0.42756996571639039,0.29620296825994791,0.15836711881854337,0.47784668628488502,0.38928459441291047,0.19940251520001356,0.063436763536820109,0.32703102371473464,0.69226159826764633,0.21163875139715996,0.36408438153388428,0.058379625055187165,2.6837359001801797,1.6942277614327796,1.3624728971473745,0.51662506521065488,0.073913130394714657,0.064726242472929504,0.22613650696037771,0.1009703576140117,0.061897686520670687,0.14629933899814415
2.5548208520544349,1.4652568720254604,1.7719056560534145,1.6063875615631089,0.35625319622594148,0.4159410624991805,0.48874689258384724,0.44719588605089083,0.098395054438379967,0.4689001926763956,0.8776539289147357,0.58401272610281174,1.526087834993086,1.558307794764638,1.0329492885325522,0.83528037808369449,0.31765363752837678,0.52922572628388231,0.37407216199449989,0.20255634138854087,0.58116414798672489,0.47307425547662746,0.24109345651425601,0.0698565507821165,0.36119065348254931,0.7735527791936746,0.22768164789261494,0.38603073720858194,0.060790982492049457,2.8013341367534168,1.7562828633874576,1.5890406462420563,0.65779753655591877,0.094574081362743465,0.081214302264688135,0.28063573019985433,0.12332797045058691,0.075261112104682129,0.17598295906847436
2.2366417190844445,1.3179643652415667,1.8703655999098368,1.7214971736910376,0.43656959251201899,0.50310150127003972,0.6271917023319773,0.47524755023358467,0.10452450780107791,0.62780111247424619,1.1674003537885813,0.70336256961342147,1.6122896749831652,1.6271390736515647,1.1257486530304279,0.91591138020284335,0.3251447916290266,0.57592145966844011,0.49595313096511812,0.26987605327933645,0.75501105270424895,0.61582299831785292,0.3125775801484133,0.078549682899090617,0.40886518158935403,0.88350009557393128,0.25129768707094757,0.41692622178849609,0.064374538050029712,3.0138424981611212,1.8418181365208308,1.7244669803027419,0.87115163431591869,0.12560018043060098,0.10266974377276225,0.35542250294279437,0.15144393822712146,0.092071197475507432,0.21294844930508328
2.4101696001956427,1.7860196261592591,1.9997534139072133,1.7879333590393369,0.44790433785269618,0.52246756816864781,0.66783439940008482,0.48313859065230841,0.1062707431946293,0.55957848857428238,1.1052479234087642,0.67954112783641507,1.034577132688689,0.99870093990759734,0.77000239188890485,0.53308585016440213,0.26858625668407837,0.39205165856208568,0.46431918046579335,0.24167205281475296,0.6645398813268073,0.49782114465106603,0.25528580496657177,0.07283683068987977,0.37972449249474211,0.87709630141212824,0.25255124360266251,0.42893366814164813,0.066535171966171716,2.651183678053731,1.3636544751292758,1.1952320614992844,0.65715498000342198,0.10606507463405655,0.081628969134129273,0.28601958289040058,0.11801517183254505,0.072274603781129751,0.16973407843320715
2.5820944336291669,1.9046295254323475,1.8838574390520639,1.6775818144831358,0.40751761681591298,0.46393426325604581,0.44632618323836792,0.44053927821940908,0.096942024739674532,0.59867085542887699,0.77486672056894024,0.66864682372461748,0.89657222852096585,0.89024425289029718,0.63742568446695391,0.54277247043763299,0.27273358294292688,0.40328079321802557,0.4921394128833374,0.2626659663623247,0.75210960295177831,0.50957332083402507,0.26188459077708159,0.075180016261288146,0.39175595936244251,0.88821462819367936,0.24603299835255019,0.42096456394940029,0.065838546626019498,2.6144501246405598,1.3689998471391434,1.2623427236691149,0.78344845458615453,0.11757593784147977,0.089151230588499386,0.27831624928660742,0.11029675969775862,0.067563643876084725,0.15895768872406454
2.3427399206710198,1.7479959742562265,1.9036987124589704,1.6136196795381161,0.31322635272352412,0.36223297196330212,0.45481751456577452,0.42716509569005356,0.093937835504045122,0.75829426739681971,0.78955956688424145,0.44979217988660841,1.0182399246455653,1.000858720510494,0.71974262876586237,0.69351619177216861,0.30008356813484416,0.49003223966434944,0.58301330555756214,0.32603922737420143,0.7800181541256066,0.58028133276408056,0.29009520547290646,0.077238374935639328,0.39574324433811447,0.75844835658058563,0.22006554114847968,0.37698224132247443,0.059018783375741311,2.5768637721920413,1.5203869415163471,1.3974015621267502,0.97699566921924463,0.14615133232887143,0.10679840458433762,0.3224629904323898,0.12674530666841155,0.077396090284375871,0.18074069610747226
1.4117439731892922,0.56921610793555633,0.82425182742704894,0.66633222353975574,0.1669477086328941,0.18547358778004933,0.25974664902195427,0.3250410417008136,0.071029327141438572,0.58938714347822363,0.40278699223421838,0.25808111359904079,0.45443120424730682,0.46756483875562432,0.32001802540508678,0.41444296672853614,0.25032088164213434,0.35525433149996705,0.41959464948803676,0.2460669612958819,0.44826573194305153,0.38432919484322958,0.18657517628089199,0.060134334678876918,0.29279340236846146,0.41208463411240071,0.12850989242454303,0.21133155055048528,0.033317073339895413,1.9706612935943717,0.7544787800361662,0.79358146326496304,0.6247771424552776,0.10659361117092372,0.071250456106193225,0.19631341296414362,0.06993017959116575,0.042436731013797871,0.098697148454354552
1.356275479446299,0.66552863681262509,0.64919368295848245,0.49977507748596883,0.18336711586808366,0.20448476534511587,0.26708582430409139,0.33506407641697883,0.073337478295767283,0.6466521903389616,0.35719941895412266,0.29071693867762871,0.36381495262892266,0.39460894606170038,0.26486522832853127,0.36068491164630201,0.23491466617213388,0.32231432688022049,0.3921844314873143,0.25085617074240052,0.5628632166658083,0.45681080201612995,0.22189595611452861,0.066638887025630533,0.32766896836039811,0.47695484840181762,0.1441064161610715,0.23565203197479012,0.036613269542179132,1.8455978032679035,0.67489684283099627,0.74591997516736719,0.64176056883090404,0.10782616526695989,0.069920680281232273,0.18444594150020288,0.062723467388533016,0.037904002344209861,0.087027521241974951
0.49921422881289923,0.31118467124616456,0.32347939853490976,0.29378192536958586,0.11839553990861125,0.12621164938699625,0.17124166479846586,0.25261379897061009,0.054769465016737948,0.63555901736361164,0.2418484046335469,0.20217921632140498,0.33278609324015324,0.35661309298335564,0.22211153017051535,0.33205355856005847,0.22666846955534356,0.29125015364700069,0.32939607276096594,0.23055698954095152,0.40950142422004449,0.33633426170893188,0.16181639996431349,0.055932273724016823,0.26669011428083089,0.31791563190389505,0.094750113542478684,0.14490643803894404,0.021099424514519734,1.9023742770145988,0.71021984619106515,0.76950668315350101,0.64329974948131596,0.09943486801762895,0.067253275270696758,0.15090580322342351,0.051357918049144864,0.030458114229064002,0.067113803027529298
0.48792863718535939,0.30827868276144099,0.33461287216725355,0.28272560591150342,0.13636262939278274,0.14424886693114081,0.2024578938007372,0.27516610033415073,0.059649099656735684,0.76427995233281454,0.28437074666015894,0.2315582970773841,0.39155064153887686,0.42951859741867687,0.25654707144172406,0.40321279242846225,0.24955716440370854,0.35080403470064442,0.40301471429936631,0.28029589986051801,0.42720432909945716,0.38117574025925921,0.1815485313517845,0.058114697485149733,0.27722081118309744,0.33594888053780025,0.1008835453484558,0.15280124002065226,0.02200767736825231,1.5407269806693968,0.76190357587422475,0.82975255215443744,0.80036009534908426,0.12183863964602251,0.078368383129397687,0.17701993625386886,0.059654726946315073,0.03509249236572038,0.075108807648258114
0.63976861510934147,0.4047915939977258,0.4465787805798847,0.37305492928439848,0.17985889542688302,0.19038075662881745,0.26912574399812395,0.32051062465522256,0.069637632925524107,1.0251479476683332,0.37746442338586389,0.30690450606554076,0.52700094933416841,0.57897958868883093,0.34345139776930894,0.54320974775778785,0.28268373198526842,0.44870815631269662,0.53802718944521444,0.36994454349404116,0.56286155506590452,0.50544675349421231,0.2404504926647214,0.066904211533956218,0.32526296206798749,0.42939453437139485,0.12643872748015547,0.19327778681178445,0.02800272210107398,1.9004610200321506,1.0272934274637939,1.0869396644497842,0.95068037435708919,0.15737716400470381,0.10187056687083486,0.23240019118096342,0.078893910527720976,0.046433902207639162,0.099404482591654991
0.86797807393737059,0.54700777077700025,0.6025271775824389,0.50135408409267879,0.24103955720120362,0.25515285209082111,0.36263010254456812,0.3684200327041916,0.080241636620772577,1.3886743339954113,0.50966451778595678,0.41195066662191465,0.71076743759519667,0.78189849110674703,0.46347453645688902,0.73458489063734045,0.31419339268157448,0.57044207642930478,0.72506959712020846,0.49850052079443241,0.75582964179653123,0.6769770788093068,0.3217980653292406,0.076072912062183723,0.37722253779584619,0.54908620584288625,0.15791518055016276,0.24473693091542853,0.035832655825848832,2.0721500298806772,1.3922266667413812,1.4200287198756862,1.2796968262845079,0.21210046231525168,0.13554481401854426,0.31072211353745832,0.10584016830854062,0.062311608722329465,0.13346045850516208
1.1993220493516052,0.75000140020182826,0.81692341191127094,0.67949004437864302,0.32930759839582946,0.34875973851661346,0.4944846989303433,0.4168068072977687,0.091004307810202092,1.6640876592032019,0.69665660186183842,0.5615069526423706,0.96105491349725791,1.0580707302681123,0.62839418046847717,0.99755073716108189,0.34297349991329718,0.71797093438692561,0.99246864017358472,0.64181573697944228,1.0287471071202861,0.92303382818522495,0.43873023188686122,0.085244373338385193,0.43133143581492528,0.7006931293546772,0.19577812907152115,0.30842422143981207,0.045749920051230616,2.259376052867383,1.6563725722831122,1.6115549844834256,1.4941227520495144,0.26949568183770117,0.16417503362015426,0.39972341303996611,0.13879412414293868,0.081864358176948676,0.17609646504038429
1.6643962209107563,1.0360440511575006,1.1070319964197317,0.93871512116791067,0.45207825174948396,0.47721183171389991,0.67904376467387417,0.46153633450910453,0.10099178964156891,1.8308745637506734,0.94861247952759353,0.77390042445499696,1.297831244467466,1.4225619223637633,0.85581774229195051,1.3045039453460061,0.36316982140779025,0.87867603725037013,1.3371891046682056,0.75559542493728449,1.419900510044789,1.268072797449098,0.60306122775585114,0.093873888055938104,0.48384775170371458,0.88196608032466095,0.23792186247503141,0.38168070675969484,0.057461463226381806,2.4510256881203079,1.7950055404719167,1.7548326727639343,1.6314885939950206,0.31513049185539105,0.1861570861572375,0.49368171083963291,0.17735047025291995,0.10494009480242356,0.22764784787445966
1.101751973223341,0.63088349280101541,1.1519100081734006,1.1222115039894214,0.37670686218849653,0.36467357238278386,0.49523956420913529,0.41035331136224534,0.088947212871517453,1.994050656677844,0.88143846580672214,0.85763468135982157,1.4559887949018695,1.615345638307754,1.0173526185680573,1.4245360282256274,0.37016397586659983,0.92953104491176397,1.3933553814660342,0.81210202109546548,1.6672589663069035,1.4436072435639442,0.68957426032162528,0.097490003604398759,0.50329599889913934,0.79726266750204577,0.20004424814028318,0.30544289207037073,0.044817761476130438,2.4301832433837975,1.8231983323799281,1.8021324897030671,1.7851291283795339,0.34005037167596608,0.19626188614941023,0.51039176710019196,0.19152876966949622,0.11328051631663227,0.24688058457570639
1.1298315337518685,0.70644707167884802,0.78859491235405854,0.41781135236934652,0.2880816148958889,0.29672561819217114,0.36770532417317359,0.3796204427060284,0.082668527072369186,0.5667303219198313,0.37386210415120968,0.62206384728395991,0.30292082194555342,0.29297526723818634,0.21469131718357268,0.23841683368219516,0.17708164565967344,0.2074258448830886,0.35529723756793241,0.21281868468621579,0.653604756116972,0.55123448575025091,0.27144706662726864,0.070918974235095564,0.35918977090840076,0.6385022730507689,0.17630177777146125,0.27768658040036043,0.041375190487719572,0.78584402602958336,0.46603885365312098,0.49439854077036371,0.4499735701938461,0.084481629414956474,0.050649587664074291,0.14854338358736741,0.050880478190295932,0.031133316811412921,0.071141427959855549
0.58954056875355432,0.46993144882558485,0.81374895073615494,0.46262065321235307,0.26679969798721825,0.27594711091672602,0.35188511192311728,0.37058858159656849,0.080698633278478496,0.48488992887545251,0.39657961325405283,0.56757157211764531,0.36484173692190724,0.32857072869596737,0.24749999033169109,0.24026080672220057,0.17587227315344084,0.20346679482810437,0.33186958422616436,0.18722227304295089,0.55558580476893804,0.52033550655507055,0.25369192833138809,0.066885476543942737,0.33541119264501507,0.56050718689082457,0.15891666707256336,0.23605661359753335,0.032496557424942882,0.92674884019800141,0.50674214362091807,0.51180274675853676,0.37518367848953527,0.074046351920727199,0.04777136024114937,0.14554568185366953,0.05271584003239229,0.032241635041155486,0.073854689710937116
0.77497529417022726,0.61625554395968063,1.0941061215367118,0.60751700687422949,0.35132324298909301,0.36458324317082424,0.46120918809828154,0.41339210100943419,0.090230980984987774,0.63039787826025084,0.52228965136832473,0.74615330029810933,0.4883835627300448,0.44195862454611073,0.3289943030997457,0.32079018786660801,0.20646829654300955,0.25999083061948275,0.43311342361069111,0.24378790560954799,0.71823261415826556,0.67981570605442831,0.33154496143289397,0.074895430856460526,0.38146819289024447,0.6958561960587154,0.19250482348200609,0.29072128104679879,0.040537037763464963,1.2543551597697993,0.68262082781043987,0.67965443711048568,0.48846039184360218,0.096460795467690139,0.062729606466817925,0.19090927060793822,0.069461100305271223,0.042501346971173498,0.097402920266747031
1.0388811059622347,0.8291184615085222,0.85579091098848725,0.59410398672442477,0.26619188262816357,0.29791439197826003,0.38461034099205499,0.39268085895605737,0.085980647827454432,0.61248003422899333,0.48404291431741653,0.4878828439162316,0.49349748890082179,0.48930262744536396,0.34634245119245483,0.38248152086853676,0.22811646989959461,0.31030765289411527,0.43171254994341657,0.24397227498474275,0.73227265705464151,0.60649991975748885,0.29893082042233776,0.073636618914994331,0.374155950097464,0.67287312084391848,0.19044490973045078,0.30241963421027057,0.044028457148164057,1.3512371786899438,0.75231825280763187,0.73595346973651354,0.49391611794214857,0.098489122921897529,0.065780909379433719,0.19788002962371989,0.072187314808778699,0.043872308245217928,0.099641759964355647
1.4043441582855449,1.1204351472203917,1.1456792843419947,0.70088340216166023,0.34507454931797898,0.3886613774645003,0.50136026284454493,0.43299145006346484,0.094961273577857039,0.80692035445558907,0.62925000998592029,0.6308207721716268,0.60238561728347084,0.5538476069896916,0.40928964093933351,0.3878871871804711,0.22494602484928863,0.305261502897263,0.55821651850401932,0.31734604302363628,0.96069951355547478,0.78593159804623969,0.38733672614291581,0.081430313447434441,0.41985178478346824,0.82500014480148687,0.22685794665339692,0.36668086629164315,0.054239974659382469,1.7735948195159055,0.88760532619088428,0.88548260300219395,0.64511098977822112,0.1276905484998351,0.082714280624694006,0.24497542368703706,0.088094792887251083,0.053646830156526056,0.12185805635690806
1.9526972593285137,1.5645786215782012,1.5510998698036105,0.91294057065727419,0.46846368866747512,0.52806363320960259,0.68150424447301283,0.474635578442273,0.10424396841139473,1.075087822306154,0.8527829353401668,0.85936403421447538,0.6964025280945314,0.64270300671087854,0.48976795060470607,0.47460823014302883,0.2479014716599367,0.3723709438058006,0.7371233872744154,0.41670166051721308,1.3110818409371525,1.0725156372435418,0.52872963443090504,0.089854537472326704,0.47017890777321175,1.0192850461060803,0.27002407482917479,0.44451044975446086,0.066935663946583221,1.3727642044412383,0.88909824735458942,0.90308877190477688,0.77719592850129271,0.16371212865790596,0.095989661625280456,0.2994015658224447,0.10706352742110527,0.065364621687052815,0.14912630925612019
2.3076796733477418,1.8732729596315896,1.8108122878844199,1.2190320969319191,0.64298853589383997,0.72283540674351132,0.92780211660159195,0.50946681743340128,0.11195810987848882,1.4425094961852671,1.1520815000100684,1.1825271309259799,0.93018024696711166,0.85836510201214899,0.65267366313958231,0.63529859018325319,0.27884598890177992,0.47105366715748553,0.98296639200526847,0.55684725314410621,1.6931353926433179,1.3835406103891341,0.68273322904064027,0.096044336598209629,0.50760331631313116,1.1835103062598611,0.30416882557162872,0.50499996989312357,0.076470620011404741,1.8015325027457778,1.1762546084219287,1.1756667434591122,1.028196241186903,0.21823353585915828,0.12655784271631515,0.39601462874105847,0.14184916769464517,0.086340955827165,0.19576865487075451
2.519367699264623,2.0419676183339504,1.9720782719208632,1.475807013477026,0.80755542091673105,0.87371217998859818,1.0780076655991595,0.52519143330001761,0.11544582492348494,1.7051766464218598,1.5237780647011805,1.3539636649712372,1.2604784610375053,1.1611520257609891,0.88618556098773316,0.85930824501034742,0.30892062272123388,0.59494867266928031,1.3324116076669206,0.70578485938322455,1.8608048272578248,1.5208778612883929,0.75015017512200899,0.0981694717858035,0.52059644460473842,1.2554356014730006,0.31935038374530966,0.53232726844722122,0.080939431041359755,1.9783332658856814,1.5726482916286562,1.4995461666901562,1.3984687330947263,0.28409375029880807,0.1632374847248618,0.51467899277933282,0.18649560353026073,0.11290677487837177,0.25328998082890608
2.6401915327263308,1.672087242680129,2.1418306145955475,1.6040672434303631,0.83303958657263588,0.88918522983094184,1.253276261449316,0.5329999988532319,0.11709382132435686,1.8247230842190283,1.649237581354039,1.4188334060082957,1.4371385707726607,1.5236536538172527,1.04811335620169,1.1637406867521569,0.33610011656319128,0.74158590833516413,1.4229948582469958,0.76530141071186497,1.846407981642022,1.603578932480767,0.78763475029960617,0.098607445937779162,0.52324749362325518,1.236573612522778,0.31662309996131438,0.52154344411475873,0.079917238920180655,2.1534614638822749,1.7099343065204742,1.6265219440773717,1.5251809628049491,0.31271421545733674,0.17883678624624907,0.57076229529776223,0.21091752008277925,0.12752670404820479,0.28511524497904267
2.4973621817028659,1.724520017293673,1.824512774368539,1.4451439952345184,0.62637760595062209,0.6889060756993034,0.65558372392739517,0.48541353812500188,0.10659072146885316,0.72872121829053438,1.0329542025222747,1.3722255550021318,1.46577776345362,1.6081644966671063,1.0653936544625922,1.3144445082502647,0.35033298507219313,0.80819454677248581,0.57414789693430279,0.3109746640565707,1.9069003197439474,1.5665899287762761,0.77106075606356439,0.098821791252316896,0.52438122155169897,1.2386234375521028,0.30330806139612526,0.50118673047386753,0.076613097261083521,2.2444671260543347,1.7611743109572588,1.6258175966400528,0.78354760441085425,0.13978869745093811,0.10970941769458267,0.37785668669285977,0.15687689538464428,0.095230553630220066,0.21649410747057626
2.7026427276173526,1.8982952154648147,1.9775373227131299,1.5512472584491506,0.7920608354607751,0.85433188677072269,0.8636163550754612,0.51217078253962067,0.11254444615181668,0.9422483984459108,1.3814744547172804,1.4681863126760129,1.5694696672853494,1.748431197457794,1.1462724047044164,1.4240611703315111,0.35859200694286514,0.89536631256290733,0.74964049603412264,0.40389135520878383,2.0467193876739929,1.6763536203369063,0.82587453433088165,0.10034539389538234,0.53413960372958713,1.2915996210174847,0.31918153626957085,0.52983212687903125,0.081203143297208846,2.4181713889738812,1.895983839201564,1.714467415485323,1.011114634558248,0.18160501805641793,0.13330776943047118,0.46227268488002526,0.18594179406092745,0.1125551797880676,0.25404162927843565
2.9600600074768928,2.0701876302637974,2.030327063070521,1.420655678711146,0.81893945185035188,0.88775659144131858,0.96507607935282069,0.52083644097218218,0.11448880194693439,1.0777970561183696,1.2731492318606967,1.4976494651209402,1.1403090803344333,1.2168556660825078,0.84280259869122143,1.0136449988952856,0.32768822137826192,0.67040886148704915,0.77655282309354035,0.43897694413116639,2.0714679729325733,1.5813171528965846,0.78420380911844523,0.10003870699669362,0.53291214450413182,1.3148301197422458,0.32615438462508228,0.54510128917605427,0.084091663514925044,2.3415879358200664,1.7328441486601427,1.6254598387372663,1.0197932510500811,0.18947967813270636,0.13408929028634148,0.44186315797482473,0.16560833396282681,0.10061406284216312,0.22835988429126872
0.83401736532407644,0.81986999516837822,0.71104255468745792,0.40018452320831749,0.38648981585656489,0.40492156874244867,0.39942971836516988,0.40868632773733626,0.089332826864461409,1.2765323120414225,0.51553101273924407,1.1032116447338605,0.53497975572637435,0.6748195751589714,0.38809297753619182,0.69330343804153582,0.30273716168483161,0.55160256215864201,0.67132739333131053,0.45287799211236152,1.914128853674357,1.454692391559351,0.71387008375531857,0.098233567398789509,0.51726263020296215,1.001962389098102,0.23781929523938411,0.35965851308243363,0.048803901708847006,2.0769700528290098,1.30399568484319,1.401250561247203,1.022653580837916,0.18855412684448444,0.1259847865306255,0.3029565705766496,0.097741773840912066,0.058092069015660837,0.12085103003729118
1.0548740563964463,1.0689998043087143,0.95146572428366216,0.52035890966757914,0.50966980458330657,0.53608296792282906,0.52192854501704644,0.44856544395048331,0.098236570299488041,1.6023347430108454,0.67747861932310516,1.2902010910527049,0.69336054926801094,0.89075123278574686,0.50428215450720415,0.90511765560645407,0.3268923675125151,0.67117119474487164,0.88031222811498944,0.58291553808502616,2.019490156608899,1.5345415896260834,0.75505505344007862,0.099466242689940046,0.52584423596569951,1.1418746442892067,0.27139827512775205,0.42082058024379121,0.058054290260570532,2.2259328044416113,1.60575627793205,1.5769984567929789,1.3467292022329502,0.24463378863527063,0.15420304225571915,0.38331526055841053,0.12509315062200679,0.074504645367685932,0.15560126222764228
1.2450928470676972,1.3491599742568523,1.1853315824710309,0.60355983354397913,0.56609513126799815,0.58142960909618835,0.41212421644737085,0.43026888533657887,0.094460802372518776,1.7401403204341128,0.73530457900880264,1.387384961590981,0.91880858103896068,1.2037716278288328,0.66799067417341396,1.2228692956794094,0.35051598801922396,0.82370004305894851,1.1225231442333206,0.68782106496637618,2.1581926740675517,1.6451505738597416,0.80987892296595188,0.10095053452824615,0.53539277548754105,1.238040301720656,0.28292238441958167,0.45242839753780811,0.063615918885232242,2.4252147633426988,1.7477022753861273,1.7163808002201468,1.5001176405135899,0.28896071881352453,0.17594925859543098,0.43842486777744905,0.15098356030733373,0.090033163085880205,0.18194823600718832
1.374679252451934,1.1065745954636976,1.0585953315185468,0.63836795242577171,0.3360905004805525,0.35626906955897586,0.28690689679307502,0.37403899405178015,0.081917250973213729,1.3780092178587922,0.52499117413625518,1.2621292126396322,1.0831989358910594,1.3012739607025716,0.73961687344651961,1.3319129512670149,0.35664890439709779,0.87546898405492501,0.48035892973905786,0.40501330596466983,1.9312374793691214,1.3938319026895551,0.694083032719499,0.098208151233446728,0.51994809989758284,1.0980513651966,0.2438929807564264,0.39284949631951649,0.057492501001010526,2.63582407884445,1.8610543120922889,1.8006970931791617,1.4796874729082419,0.19244645663553478,0.14076393036284407,0.34529330512674905,0.13249210454590885,0.079122920421957982,0.1656823469487553
1.8126057959057593,1.412249676058259,1.4191475451250708,0.83309407043848482,0.3593100370322177,0.39126474719728316,0.35482629328522747,0.40108442066285543,0.087988750112804118,1.6177753298251454,0.66897071571130151,0.91384815698824995,1.3736682205211848,1.568389441538256,0.95214895390575949,1.4557718083297759,0.36328090316973038,0.92241744411456372,0.61443310754913461,0.50199395139527225,1.7070942900234343,1.2959383039404766,0.64621275107658249,0.096016511188968062,0.50726118315994062,1.0553907047189195,0.25191321920860149,0.41456965248225003,0.062404173034902415,2.852005304860417,2.0252983029735798,1.9486038832780475,1.5695696556752237,0.23336779630842977,0.16378715515488657,0.41929346213745505,0.16370924409646462,0.097960635412318378,0.20587946404707702
1.4634276842764158,0.88399458372304329,0.24782069246359395,0.32841991740143073,0.21989470970481154,0.22862618472210927,0.20657561526054477,0.30490392907969183,0.066684685373306865,1.046216886943979,0.29715058599474298,0.50437616079454295,0.68626611010416305,0.62991981534193076,0.37124863640526595,0.4322205301430061,0.24156035709197779,0.33836044931195669,0.48036958839044053,0.34496574613282099,0.80616348234484048,0.92366755318823468,0.43064141357373531,0.079998582962811843,0.40210419593609703,0.62800257818720451,0.16313256440928622,0.26849730105160946,0.041499014022470179,1.2997788842943707,0.76022621436087756,0.76899286040850368,0.81201652015957193,0.14653857907919587,0.084367114433681098,0.18797387428680493,0.069412251272237685,0.039709203151472645,0.084509645802370373
0.82029959407890451,0.54387931632301134,0.25930984281692054,0.23291496127317915,0.14612240357688772,0.15292682926237758,0.19710178939162712,0.27390535656696119,0.059564525060656702,0.67057909468476518,0.29344310181336852,0.29142757028370803,0.56987185129280127,0.60137363928369514,0.33355439214824179,0.41046505808918743,0.23748825418679406,0.34223662278235006,0.44760478935665798,0.26874771422870763,0.50900176979106737,0.61676326154103478,0.27217806192148497,0.065585968731542016,0.29936035088652074,0.33091238255217659,0.10289849983858851,0.16883557939307803,0.025776141179455262,1.0584580976203799,0.61218609731374973,0.59008306345004902,0.62581742191100964,0.11588925358181881,0.065845596038465043,0.16800085494677489,0.062084377633682429,0.035592225729431402,0.073276088963547065
0.64674871953560964,0.35887453558323029,0.27302899786431073,0.28001421154002054,0.10996902176501605,0.11746145967065212,0.15902058159319996,0.24199755737464987,0.052694360341016308,0.50527240944557306,0.21775884530370901,0.21357496358612257,0.74824779566800914,0.79366857931393342,0.40266331052716153,0.51824239041139086,0.26383971085774494,0.39089437436588009,0.30515667990672174,0.20064276305160203,0.37325454987654316,0.38285040929415437,0.17405857937191707,0.053923930669477808,0.24083078546179165,0.25391767063365445,0.082580966258900337,0.13390842128538796,0.020456076289544489,1.4079174772820968,0.80642746234621887,0.74605442813198519,0.66235364638795136,0.093650290687298493,0.064607888351634085,0.14886009850119489,0.059940757756132002,0.034718394947568516,0.073794876437196205
0.85050059904386854,0.46959297542666967,0.36238452034801782,0.37352648740130906,0.1432201960457013,0.15321375287143912,0.20768110744795007,0.28312713638890902,0.061749204892143743,0.65895858365611393,0.28452478608134241,0.27840296880460941,0.99139780760562013,1.0715416258458503,0.53484000827206823,0.69831108169595835,0.29444368462154019,0.49484713734890834,0.39715036067327469,0.26144970219111607,0.4863326776074452,0.49836539253927142,0.22664314347935438,0.061859013262520864,0.28318280029071974,0.32304381737170984,0.10327687536730315,0.16850688564040511,0.025867412132200316,1.8373264638203981,1.0889888699353709,1.0011725694160347,0.88640709356043923,0.12266564883493813,0.085406552893044774,0.19538716514676582,0.0789219202685712,0.045738817736888024,0.097364060307547615
1.1523920946924595,0.6357733154456896,0.4905440326461839,0.5021892920513974,0.19311515948617958,0.2066544403730716,0.27991949670668981,0.3305584041096003,0.072220531265989762,0.88992969565199043,0.38398792788797159,0.37589067066695891,1.3042370674767785,1.4482600794611022,0.71560568959198179,0.94429398275273213,0.32257387449664876,0.62411184663531816,0.53652847820692229,0.35316916109438107,0.65633079046300191,0.67295395161807192,0.30574506171918087,0.070839039203179022,0.33330497570188039,0.41848038089621864,0.13074167229995035,0.21508165903848567,0.033223322560683437,2.0018504144553422,1.4729630495806914,1.3072137466400684,1.1974916870731316,0.16578312369273873,0.1139369789406771,0.26173579315677581,0.10572218856720834,0.061313838344508591,0.13047856937054983
1.5715633394408191,0.86293149077889997,0.6614802526385527,0.68046026737655418,0.26077301465768421,0.27933262685683885,0.37750829727692936,0.37775722593537975,0.082681371471329368,1.2010956875981162,0.51786706252724246,0.50842818070237972,1.4435401365380993,1.6126656695388575,0.87445615863897264,1.2634709184944184,0.34702676390643677,0.77248469584341295,0.7208014598179634,0.4750679091521493,0.88969686870957143,0.91285437048927653,0.41454874048592205,0.079559974604744774,0.38459934757214492,0.53799372509892662,0.16339231374767327,0.27133076622157171,0.042215338851055294,2.1824487435404265,1.668597474483998,1.5582414120391408,1.4485880139967082,0.21883524668288631,0.14438587422537708,0.34189152906176462,0.13615056561240629,0.079216949094808115,0.16962125717522678
2.1365821149358366,1.19688812664191,0.85204797021525636,0.7437237823406595,0.30415465438743633,0.3318561771937158,0.43000140116096069,0.40349593015647939,0.088493401390123738,0.93623065957340257,0.5815148672642807,0.58529530412599817,0.63268199246802836,0.81392454675123382,0.49662947336538765,0.68820071561813356,0.29718724147927728,0.55492350353450159,0.60277975564259578,0.37530347564432981,0.91619765009008325,0.69501242568829957,0.3377304068573771,0.077307575982106552,0.38433993937156186,0.62858235695343734,0.18785978909820603,0.31693036436020783,0.049933610106022715,1.2795037696223557,0.8799332756247159,0.96159192826516826,1.129213369513862,0.17055849158028302,0.10151956544903488,0.29066299049607508,0.10456447924519513,0.062548815531803817,0.13929293044939797
2.3105679458551687,1.6144196624291545,0.97003258438799245,0.69900020584175737,0.36424491372630335,0.40455032932714952,0.50719220043068858,0.43129022028570085,0.094732837980216408,0.83308779632700225,0.65208114667095385,0.66430873027027326,0.49531636329921164,0.62070334106376068,0.4040841306709167,0.51608051909655084,0.26505326347919594,0.44244468844734686,0.5750204037381309,0.34273498907987343,0.83610936155439453,0.55745798718107731,0.27973507858244828,0.073175585475059104,0.37115315979716201,0.70741526719071068,0.21025595542750264,0.35870849575641833,0.056300719666602161,0.89913487146554871,0.66390317183583691,0.72825581908145676,0.92923662358383041,0.15155094571646927,0.083406074686835668,0.26243645044284419,0.091523542321603493,0.055189199140354535,0.12407899350275947
2.4754048937211,1.8162940772744964,1.302227729852129,0.90777941254167671,0.46028051181009716,0.51280758633471235,0.65716475956359821,0.46494908645340788,0.1022012194868365,1.0272158877127939,0.85772562700255639,0.80687926326228587,0.64228536522254542,0.82811797133224474,0.52584070489872092,0.67008234113679221,0.2909351288780504,0.54143316117155227,0.72676851565087974,0.42778348710140318,0.85981626999668614,0.64773011595879204,0.32421789984245736,0.075573776147767127,0.38766217952580079,0.80023445046098407,0.23481394867681038,0.40009580748759721,0.062559905602080107,1.2039300869914473,0.88282867729508929,0.94879756674937943,1.1698594000443656,0.19016269187525878,0.10667809321045557,0.33798661143488146,0.11836666303917741,0.071463818885288216,0.16088167291515856
2.6749436047476376,1.9095905797799662,1.7045057451569336,1.2306112936062936,0.59440503056311411,0.66200692953711704,0.88242761403545478,0.49625080385058268,0.1090889237495606,1.2750253880658768,1.1580952922123136,1.0390250466286055,0.76951290822431806,1.0785537250009749,0.65973446755589393,0.89623727010602827,0.31821127866929039,0.67102353859182551,0.94489737110184935,0.54065863454855601,1.1164994954084722,0.85855800115774339,0.42869607884046285,0.082894953961033205,0.43046935164807992,0.94801159016935865,0.26645994632681314,0.45109845877702803,0.070249818109946002,1.3592027441726791,1.0772518344561408,1.1646450216135953,1.4140009015427379,0.2392030087356031,0.13261634281997556,0.43082788795396471,0.15019452305094069,0.090736925784763015,0.20433792594228326
2.9017499199774335,2.0537676721435516,1.8345951942745784,1.4075631031735492,0.61153236127534705,0.69969461477908546,0.94785336476523829,0.50317947174585342,0.11064777781009628,1.0582467941469458,1.2437467805148805,0.99382843847131797,0.61293849477416451,0.80590141127861692,0.54259918460964751,0.67002207817713832,0.29246252688698782,0.57116658458026981,0.80008768170331668,0.44626669197277502,1.0170069111326916,0.77419565759699938,0.39216980824768188,0.080395730112318875,0.4206495829249432,0.99554587836244945,0.27656576861530602,0.46967206213830703,0.073413127481440008,0.63628471163656819,0.62732212028396228,0.67725536777187156,1.0791266470611289,0.19359302401302467,0.089780676773791632,0.33002983693460253,0.11838090096374825,0.072269516154067348,0.16669584088007644
2.7460172773728462,1.6621776208459118,0.5057004935332311,0.20654754727561964,0.31099433536157717,0.34121322749839583,0.39982217801641201,0.39771132850744223,0.087272813455706297,0.62165136002851507,0.49533559427983187,0.56007397015530502,0.25016916732166494,0.32587773877773857,0.19841877421946777,0.31735865250371098,0.21650131211045789,0.31845662591521179,0.48538473190858944,0.2583034981932944,0.72536339999881072,0.59598737843606941,0.29323916358334567,0.071284837531296538,0.35986047300017027,0.66575639949440923,0.19484784788900489,0.33471695367626181,0.053471368215447207,0.45650797360676443,0.38395678713234654,0.42413390069525603,0.49072888039177576,0.10406109397773061,0.052548035665385247,0.1722867528266824,0.053356469184266571,0.03179220059168502,0.066830941147094328
2.8133490674806447,1.3367943231657984,0.56715487493426908,0.21943661229862257,0.37355037518912193,0.40850334380569525,0.50039638777941897,0.42798261044440961,0.093980790564673344,0.76138772744637007,0.57059300795367374,0.6692897932865659,0.22457826292172331,0.30012365553560155,0.1844858899032209,0.30073849594705765,0.21098093188042644,0.31253253624064181,0.58815220197854989,0.31199834135329774,0.80601228625808452,0.72525447439266444,0.35499417405915923,0.075299341663177546,0.38409493141637019,0.72990835387611486,0.21171265812829476,0.35649842081901417,0.056788088563311745,0.44377643583157816,0.37464380646435919,0.42808569435347227,0.56896153407557648,0.1232387255689831,0.056843439757083759,0.18727824090572356,0.054272185659082067,0.032446796244325241,0.068664427635655889
3.0221522425641494,1.6936167388627892,0.56354108404465453,0.20700597909646073,0.24114957882117979,0.28416535095178186,0.41860877487222775,0.39808030889360829,0.087514078098730616,0.24719853420915813,0.48040392456006514,0.33911158062588254,0.16603517770408585,0.20963427951720751,0.13931481741551435,0.1963205064611305,0.16511770705716056,0.21510594117100662,0.24015662421792411,0.10896424322686796,0.48191664726568401,0.31779338407458296,0.15972878576585253,0.055918698939799873,0.28098392223395863,0.54320765975153207,0.17360924411387044,0.3015523675377248,0.048790943140564071,0.23374182887053802,0.20648177901720474,0.20347130501668589,0.1931205840559298,0.043783471358741138,0.023752973298462973,0.093738754657588644,0.032369532750020531,0.019696283894683125,0.043600261120311172
3.2646319151092733,1.8071107135360283,0.3155050430510255,0.15367593921136666,0.24455424912582596,0.28674025802093872,0.35448133208130184,0.38327748722411725,0.084320644309268902,0.24449033237167297,0.36560887680391707,0.34990531596025604,0.15287741094931537,0.19050026235428746,0.12172102142240525,0.18156577572336963,0.15740295282988173,0.19583875729563183,0.20543399027367037,0.10251291019282753,0.5441879061497632,0.36204857437716753,0.18182044958769114,0.059447633488462416,0.30058697124478451,0.58253291288335296,0.18039058738918087,0.31387828987018995,0.050891089206670161,0.25053124770061047,0.20775711177671966,0.20330918403592305,0.19314177354093501,0.041801647744354013,0.023194747894086428,0.08646877442841211,0.029110736617558926,0.017483294379678625,0.038098161341873119
0.58573238077432277,0.37445690723224145,0.18771593044060367,0.11645818200556299,0.12796768746593137,0.1413720585599457,0.18510990779928774,0.26873995669806372,0.058723358475598612,0.13984730968303441,0.20875949054500281,0.19275829262228433,0.11365898817788624,0.13901889251959684,0.08987507237065652,0.13137054039280652,0.1262833775197218,0.14101214217200431,0.12843488886783042,0.062271934630570264,0.22241079487060983,0.17739010139781194,0.089072917356707859,0.036557453730498235,0.1797643307590516,0.29038630646292224,0.094557323291117018,0.14947934757310766,0.022172198763566384,0.17708573381360884,0.14817600840005762,0.14226503257378331,0.13171830991256422,0.026345061619605665,0.015379290768269787,0.05641829047066698,0.019844436182993017,0.011897205833736265,0.02615624550687673
0.69697730884412734,0.44325064780961859,0.24761215285719212,0.15157848079276467,0.16697204897073115,0.1849786037129231,0.24103454276885214,0.31061076149256717,0.067968096892915553,0.18138894652729956,0.27252601620767208,0.25063088527809446,0.14976909796096927,0.18466350742858847,0.11800204521072734,0.17215539463229604,0.15054314547386649,0.17970926764808626,0.16694691428182268,0.080842205947893056,0.2791753378264798,0.22749166158228404,0.11422578081622532,0.042511390170094226,0.21165101162559397,0.35965901458568078,0.11542257002775755,0.18180697808529428,0.026878470358499777,0.23575293945292383,0.19719962096732238,0.18689505340943321,0.17135878175316457,0.034220285845438278,0.020084300016308163,0.073608416139863089,0.025951868037100381,0.015562698427015452,0.034211583976345827
0.74371161880724601,0.39582161967342144,0.27711768643660029,0.1886580309503279,0.18885017534174858,0.20089976446061117,0.2683462995755444,0.32141739014156201,0.069967848254361378,0.23858593692591509,0.30930894924741342,0.30892563193909289,0.18092052792844027,0.21556112445726874,0.14111427863685436,0.20781931873893095,0.16970103371083001,0.21627307504902948,0.21119168637889107,0.10506400271161731,0.35348141257221921,0.28815688878818035,0.14400020373955136,0.048688189951090803,0.24278724489092363,0.38904715618675384,0.119843119071582,0.18502415416589721,0.027514433184694417,0.29626139526266837,0.24422719251525496,0.23406484459153129,0.22065817842194221,0.044289672796452045,0.025589201145044115,0.09131459926739656,0.031760042886197964,0.019006548813429856,0.041528456702661552
0.46189627793813248,0.31245741923396925,0.21142919102128774,0.17079806036871212,0.1411973672290813,0.15138994032109201,0.20573637539682285,0.27685357971657915,0.060175737579886805,0.23954404350817729,0.2608178501016486,0.22858934617377039,0.21325478874762274,0.24457612626484293,0.15565126662408424,0.22963813169293842,0.17943613467190717,0.23072966862327732,0.21221479122821826,0.10678774368854022,0.32003059945432727,0.27083107501254988,0.13368305537923469,0.046029654003605334,0.22617287013318824,0.32871602676352585,0.10084921203037236,0.15256457654179117,0.021742565096448299,0.34315202301503456,0.27607973756190785,0.26089614546701273,0.23460254499645106,0.045601576904096691,0.027345488331236636,0.092202987458393809,0.032861160470967911,0.0194279849485153,0.041571757413110234
0.44385442692127508,0.30944570353649659,0.13204655430935527,0.12634106522922531,0.11702652773728414,0.12388447619776141,0.14446400366757436,0.23237937003752676,0.050513453200089285,0.22752542231506698,0.17719179881385302,0.20262561941043397,0.21746733912573946,0.23168976688214213,0.14057052804860268,0.21965305395475215,0.1758441504416916,0.21002623155466715,0.18132712093979272,0.098005748946844967,0.29916581358390154,0.24669026177610104,0.12093999858840671,0.043575805537900879,0.21060510197965343,0.28867588579558345,0.087649758245954015,0.13602001386742982,0.019664951562503953,0.31692841418945011,0.26980371561201605,0.25499306475235711,0.23725011120662098,0.04240258860423058,0.025958782207892921,0.078238763601642808,0.02824496024456128,0.016418253389212309,0.03466232625922696
0.4748593714793814,0.28172381353891701,0.15212227102050005,0.13548885178940134,0.13586887392056674,0.14203958253078178,0.16690591787235731,0.25229269368557605,0.054898644170648159,0.28611706510354801,0.18858419229146017,0.2399271663470498,0.27213193616119735,0.30055671692128227,0.16945052912820915,0.27027708418529495,0.19625564668776105,0.24704844247314472,0.21479472836059416,0.12097239732555395,0.33464380221135359,0.29015292898597361,0.14185136844916288,0.046935065722072719,0.22860391408610017,0.31365392267440068,0.094658599413353611,0.14279409515121369,0.020664814046625676,0.41492297428767888,0.34724036772347683,0.32195510212681056,0.29853154871883675,0.05233564585054571,0.032344701977913837,0.091752734763265245,0.033356657310802569,0.019366951898004112,0.040269672847591809
0.49839672747108704,0.29570370531933393,0.18600120327863276,0.16810780885135793,0.17320351070165965,0.17806042725990948,0.21231989592443598,0.2842964510383546,0.061894292664406075,0.38202433171644545,0.23934359404835812,0.31431583541304259,0.3633310913193058,0.40391822725993909,0.22260247324145047,0.36225829624779515,0.22586721511084307,0.3144797197702085,0.27986098689578848,0.1597620113496277,0.43896623226198189,0.38165026611955388,0.18650164849946227,0.054124877206210106,0.2677639232772579,0.38001354799528614,0.11125886519584252,0.16384616234166344,0.023359906257696815,0.55799693462765498,0.46652548376115377,0.43159831941327215,0.39976229458024892,0.069241753259689759,0.043037422343324652,0.11981521773308143,0.043556075802152899,0.025169983432492563,0.051702393116085738
0.65529257141547814,0.38792630071274969,0.2467845317704265,0.22390783575910678,0.23132835356385892,0.23707390921047347,0.28384803595249042,0.32860784210397337,0.071676764293959597,0.51349720203137572,0.31929215957599055,0.42255017901305264,0.48633863656646992,0.543409928937993,0.29831898095145576,0.48728932120249963,0.25530078446221244,0.40299849928763259,0.3752685422575317,0.21434588503295365,0.58956727780826923,0.51315914439641419,0.25047071977743962,0.061905606188133046,0.3114645735528131,0.48241040895844689,0.13830198300955651,0.20604734105679001,0.029599484643504786,0.75156564731538877,0.62784054740807538,0.58080323887305163,0.53654051107410283,0.09292763585112522,0.057828545196456652,0.16025618786338044,0.058277422713980745,0.033653093933118085,0.069017184802805387
0.8870145688883293,0.52207767336919941,0.33372181130893425,0.30161796506616184,0.31421043722937825,0.32170813279264332,0.38489615332438581,0.37490594626002116,0.081938354372534092,0.69436081097138014,0.4326264882784413,0.5731383470181316,0.65369417116841044,0.73227364749344337,0.4022323941953298,0.65846746149543656,0.28327416557835727,0.51385777296751567,0.50809590652535763,0.29054026127831756,0.78025697964327345,0.69245627770921603,0.33800290646988174,0.069221187039751123,0.35428113939430866,0.60873735267375007,0.17072413042201476,0.25871309005596566,0.037611104340981902,1.0149706410697292,0.84645262193842852,0.78373783351517701,0.72546554630397619,0.12598655999310884,0.07824446205805817,0.21652426629456337,0.078688775485366,0.04544272060555108,0.093217924789372728
1.2122158756897581,0.71081633946870926,0.44706897898993531,0.3749885633234204,0.41923118159148876,0.42912186547761727,0.5174243799357644,0.41684181026775913,0.091248932636411387,0.70047848913497768,0.55945590809242263,0.76611204602439908,0.72348112392150954,0.81942313554997359,0.47379046297715832,0.64769849784937916,0.2752504193189409,0.49182715064642274,0.38697407920848814,0.25569413276284064,1.0593185697890266,0.92506793385958597,0.45116418484759274,0.076187899751260918,0.39521905758181647,0.75023071011910281,0.20538110641936386,0.31808566704532082,0.046963097886971013,1.2139431543415058,0.88448759356449014,0.80762563994344228,0.76112079468160343,0.11688809379839134,0.076138440385726244,0.2340438343566407,0.087750433099662753,0.051272658016637454,0.10575687493381121
0.89356924936193605,0.80382489475473551,0.3237945375960215,0.2843303410265729,0.53894588226850582,0.55088282691547852,0.64029943233994735,0.44688941619958572,0.097933772247507656,0.74030220431875182,0.42025784979555325,0.96056412585758932,0.21610244907378154,0.25233439486397691,0.16006387305774983,0.31130682728168102,0.21128951378876587,0.29840822566494762,0.39948052886023105,0.26114120468599256,1.2323572730439547,1.1481466637101032,0.55442154834503465,0.07993671354417542,0.41835708262652432,0.86812480704014883,0.23161051869847349,0.35260423346929454,0.048741682152434754,1.2595555906226641,0.61580717634296367,0.68615748787044795,0.62591058677745381,0.11065843227909127,0.068561840889809461,0.18028839924030141,0.049683652957325027,0.029585305172360007,0.065215214933415686
1.162997097731266,0.93997581808618191,0.38496759835890093,0.34143155450456231,0.40582275099351572,0.42423396881030467,0.6493599004338555,0.43122110260987823,0.093976916050617698,0.90784439474216749,0.52268258593878492,0.57378961453549149,0.28065375571588302,0.3307563610558345,0.20650817243517752,0.39938974792656401,0.2353312216677447,0.36478247430280719,0.49277594166555222,0.32215654747327283,0.76722191499476922,0.79399588415980182,0.38554279857539447,0.070250995995356363,0.364525454158518,0.71934995229240972,0.20113110282662794,0.32168597446320679,0.04722939733745702,1.6967158462124987,0.82350867819733287,0.90198922294360862,0.77761680448159087,0.13741169214173232,0.08731446344567427,0.22836880026078149,0.063404347994146029,0.037576529812431009,0.082252659718176649
1.4687113645030241,1.1662684874943674,0.51180468566260606,0.4504783797430017,0.51951399926609165,0.54840817481950599,0.83321326634554282,0.46381367875397622,0.10133681739413544,0.9331457596330005,0.68210415807738956,0.7270925150866282,0.37351884806743302,0.42321140463263363,0.27082975109934809,0.46460428267127563,0.24754750813797205,0.4143448425848969,0.62109064095227817,0.36280581324630518,0.94041144180677438,1.005074974967888,0.48283550269864145,0.075162795504045185,0.39287982962282114,0.83248252149250745,0.23004625532297923,0.37249824474404392,0.055325133140248957,1.8777304390849348,0.93170481092667246,0.90854660343931382,0.7633810394608771,0.15107366190598528,0.092567762180121138,0.2636932371500606,0.077779584333435736,0.046279932658978715,0.10128821975904466
1.732316428293903,1.0150343055205515,0.53073813225489319,0.29855850429731773,0.34720240350594062,0.37327974247167783,0.44243844894830431,0.39764446691896504,0.087153468470218667,0.38931609460423844,0.53967127496338518,0.44919885937723725,0.29614770100327914,0.32862163598958166,0.22106842233270438,0.34842020629384368,0.2163006367068947,0.33727793266794565,0.47152716076383688,0.20040719458834616,0.85875955762573952,0.89834639841982478,0.42696066107403385,0.072686606922090238,0.37450741819897099,0.68305800555061924,0.19423540883665844,0.3188614804971745,0.049210511383999775,1.2739614776096291,0.62535108683724705,0.62618132828134765,0.60226340210953844,0.094310104314195703,0.060568182023524382,0.19386185164131131,0.059929120949217582,0.035779692928745131,0.076612442643368792
0.77971956768670292,0.33467963197532813,0.40652047118686169,0.203125050307324,0.078362838317337202,0.093715276502796513,0.15617134998516352,0.23041116290248498,0.050534890964006048,0.31008692795690629,0.30354770136684728,0.10457014499676201,0.2282271496088123,0.27310602984609766,0.17300642384137313,0.26459319917737345,0.18724233345251304,0.26420858665983632,0.27672571822922887,0.14283169178380656,0.31228499731795839,0.18275286658066728,0.090999979657163804,0.039725915050875922,0.19095522742712065,0.24343472114793729,0.080880257708822068,0.12854564018704429,0.019965663250019396,0.64008844717433522,0.3937039548929932,0.38302121716597831,0.36035619022680776,0.064010446659526377,0.039275042422733955,0.12453405619353729,0.04163194333946147,0.024883713100252138,0.053556214988791581
0.5426868710232633,0.35057721451519125,0.53852934332187508,0.26381553208374248,0.1010995182180157,0.1207153531952898,0.20279815593036618,0.26795693826927025,0.05876951077324763,0.40369132272343122,0.39592548672021821,0.13509516912125935,0.30090841819154007,0.36338100462248069,0.22707221829113439,0.34833283398956905,0.21395722168237027,0.33111918831160397,0.35935310142872473,0.18574225050385179,0.39670749060971094,0.23701310899951189,0.11778062825888945,0.045862764473262541,0.22330910039915666,0.2989872289318109,0.097380667289214795,0.15088082892402721,0.022101095552547918,0.85390253906335378,0.5234447228863478,0.50096961629328318,0.46546131920220207,0.083130053115636537,0.051174103243831308,0.16206588513520595,0.054366341231415878,0.032510073444917888,0.069971188854364846
0.71042941904625767,0.45996720825047033,0.72545701147694075,0.35433739992988439,0.13555366342011099,0.16164002393935473,0.27264032258080484,0.31270194387985834,0.068645619759490586,0.54275171234994002,0.53346678771262412,0.18133759320364626,0.40430957863262734,0.48854864135457166,0.30513999771103811,0.46780191387899767,0.24293662493766413,0.42168396743489456,0.48328802607133736,0.24976997207187476,0.53290624765100225,0.31857509823704394,0.15827544168172722,0.053364720449816022,0.26417943193511806,0.38330848503329557,0.1221549157427473,0.19073045787124521,0.028083870336645569,1.1497525671964459,0.70407440190471882,0.67385442444740618,0.62608623140559849,0.11178037406900065,0.068810935650827271,0.21727328423198985,0.072951849983025632,0.043628943660619333,0.093932785874107555
0.96109695212129442,0.62262987685898674,0.96902531250475521,0.47672887128983688,0.18230417392217604,0.21752769268157318,0.36684658767515549,0.3578647066676563,0.078636113259588941,0.72803590692375542,0.71882797148256183,0.24371521404567353,0.54325805407351757,0.65741722103023137,0.41040074217501421,0.62944812427690766,0.27037232951578449,0.53070741897407681,0.64277735064508945,0.33405948667904223,0.71656014493851439,0.42749425860036111,0.21230002535323891,0.060783380846546248,0.30623644706233816,0.4884512819227721,0.1517566743223713,0.24014143625666101,0.035712511242692278,1.5537683001113516,0.94847723315818167,0.90559898453309651,0.84038701580457587,0.14958428179299446,0.092247872489391744,0.29057405114900614,0.097777181507620992,0.058476626799651689,0.12601110597855841
0.73647785461646831,0.54475433469946544,0.89490092886924777,0.37691263420780641,0.19224288133551887,0.21884008873605099,0.348208519654091,0.34816792750424674,0.076144115619602118,0.70959242480080464,0.68238870957594944,0.27953014722436642,0.40959683187518259,0.45655087779108855,0.3106625694949619,0.57690429460640136,0.26980990671762833,0.54303851669610104,0.64507903125895283,0.33588301106561008,0.89154994638359564,0.49071816180811301,0.24278168648967841,0.06488801032395923,0.32627448438292028,0.49838096354669637,0.14872987993318448,0.23263143508169157,0.033530338647720342,1.7653146547167411,0.95102774295345738,1.0741247043945459,1.0523053250667707,0.15827191149682179,0.10254281703875927,0.3059956496500113,0.089907203019423204,0.053670742054685507,0.11355009005890986
0.41783863284114425,0.3937094879523057,0.98532792722634377,0.36739175880048774,0.16229095152929096,0.18400009019591618,0.27781825272971972,0.31748483197140009,0.069483313199956376,0.30014722554967238,0.44444326471101786,0.24269381003454493,0.26969174511865557,0.28593317313527539,0.20674438496882486,0.25820539169549767,0.17849665451003624,0.24067643758140897,0.31399005403499636,0.14066197208684406,0.52736978011036162,0.36315842476076038,0.17975370400866639,0.054608162125732163,0.27174543062153189,0.41750976541067653,0.12843625120195606,0.19630152200157913,0.026313209415518828,0.89064659623611586,0.46259341021421291,0.4576837654667999,0.28840370722206626,0.059768780640370764,0.040662979863492037,0.14036373163514512,0.048403008178573889,0.029568451740760896,0.066971547035083068
0.16250210257391948,0.16550597892811536,0.34950723413336021,0.21939889648497818,0.099306983869937068,0.1120773700452888,0.17803107714808597,0.24570331363772177,0.053605134932347503,0.20483843399199306,0.21954324235460176,0.14007828584212115,0.25438549551029671,0.24114893041607688,0.15960177923572572,0.1736789919851007,0.13955029446036166,0.14910164004769971,0.18790953299504998,0.091275994975827418,0.14386286373977764,0.13379815823010613,0.067617481828722834,0.027072274272085715,0.13437858813346312,0.22050534174679223,0.074026366077906761,0.10437290540113775,0.012888738375362313,0.8750854196036244,0.38953504256325211,0.36651392792596371,0.1971664340051317,0.038042861466299885,0.027942013831066453,0.084291669480665216,0.031346389570422163,0.018937231199578596,0.042420088680494905
0.1601683601707598,0.16055663863840475,0.27603093037439724,0.20041084232053683,0.079072842333768198,0.085962587951072075,0.1173052730092938,0.19297871646783629,0.041815410812586121,0.19605056943268667,0.1765878989538831,0.12146133322409777,0.16829939795920498,0.17304322682348966,0.11865258021167278,0.1276029439203849,0.11179805613279491,0.11517365234811056,0.16336752905929608,0.084561986430531977,0.1619288539317652,0.14067244343224164,0.070704738439974074,0.02860953276444898,0.14044729839206108,0.20282239171709107,0.063753381989540919,0.092061700862080556,0.011711517400194188,0.44376012348778254,0.25516014576137941,0.25464032913034568,0.18739885187020022,0.03533131995481488,0.023313390682594855,0.070495766687620892,0.025364527076838506,0.015364744658511195,0.034997600504382047
0.20942623882040684,0.20939575061895446,0.30256471065001772,0.20987422050266147,0.098726758359806724,0.10783870136498232,0.14800811422404306,0.2250728478252608,0.048873613983722579,0.24151988258317217,0.20519843795966231,0.15276731131869908,0.19981656812442888,0.20511831724360491,0.13520107590407643,0.15092570017495818,0.12522641659673303,0.1315249675180101,0.1966735660592491,0.10239114343879187,0.21208832006411779,0.1767765652902844,0.088736463080684058,0.033731919427644405,0.16638038216598572,0.24795719343756684,0.077718964679192523,0.11392934033422787,0.014698038248767418,0.5547334324604527,0.31561722744381981,0.30808668199960576,0.22197648957707272,0.042193001078694781,0.027947709833225951,0.082021158980299463,0.029243153287805277,0.017677154982148873,0.039919177789703872
0.28122696807428371,0.28109197122088758,0.35838517382120227,0.25747659274054829,0.13109681621338728,0.14318966259245092,0.19773036994677795,0.26675233165916651,0.058037969852425569,0.32061356525399398,0.26274863974689383,0.20407033725156121,0.26503482879643669,0.26830229466027533,0.17427368812158434,0.19645986116753592,0.14858196036256996,0.16760304736246884,0.25938290363377026,0.1352758610183562,0.2842856287631908,0.23616192632589816,0.11850495967516078,0.040161680800365918,0.20043948615602544,0.31799496778393405,0.098262290150817791,0.14583454363218559,0.019035102248732547,0.74149395228325721,0.41535099950624371,0.40467208257716458,0.29352999917469347,0.055624125381667798,0.03678259761426269,0.1060567202648539,0.037710868618827609,0.022720008606849865,0.051093452627206312
0.37896172848550513,0.37887040183588444,0.47799457579130494,0.34385238136440494,0.17622989820145102,0.19254558663999299,0.26567822400852864,0.31106365414190634,0.067816777856874594,0.42972797670326363,0.35190075288595102,0.27438642158195942,0.35593127452767093,0.3603532808826404,0.23348377381934241,0.26367182119732169,0.17580163759534428,0.21841844515905182,0.34787374737949928,0.18135164912087168,0.38214409521949694,0.31745764765944301,0.15932779158457286,0.046967501781337913,0.23775137141954952,0.40587145372248412,0.12316387552356868,0.18548050360094021,0.024542671176750252,0.99749536633242364,0.5575211463467411,0.54293646840405052,0.39387879023791161,0.074586087085123348,0.049332911827079363,0.14175936166308006,0.050441545791932982,0.030385150646145304,0.068320019051839403
0.51867675336592045,0.52002785352312619,0.64587881214396015,0.45800560603691309,0.24038108838600414,0.26311912849583147,0.36066989785230169,0.35704541605011358,0.078011291357592244,0.57805603898191082,0.47633586034421538,0.37259355245615289,0.47171314953385279,0.48440593541686744,0.31152730251315897,0.353069053652253,0.2035388500096684,0.28285449595746331,0.46943777047681307,0.2442427445655645,0.51710610572221716,0.43006428505989769,0.21588325292361824,0.053936392453875152,0.2770351764738338,0.51563159387187019,0.15323476297646424,0.23491971237205606,0.031625094318434813,1.3434963720661002,0.74846122718985963,0.72942846839008513,0.52954882842949536,0.10042632862738743,0.06636854892936267,0.19050656593191909,0.067630435475626888,0.040749230333710251,0.091620615763110785
0.69841476375410128,0.69976879700226657,0.87086536394634706,0.615972075507357,0.32486705372321634,0.35463758118296607,0.48679999321728784,0.39888077638674169,0.087312666840330871,0.77835166434545644,0.64535155409980993,0.50190375032301149,0.63399224630389495,0.65176011009736401,0.41917152934771468,0.47476441289976662,0.23107044557557269,0.36369011727596573,0.63417602832809827,0.32973471649827579,0.69278825267119948,0.57902081660519134,0.29062407376704702,0.060428631353891725,0.31463181203709362,0.63861095150432046,0.18513793256710573,0.28900609542189082,0.039646513093311721,1.7928277184249037,1.0083914117609396,0.98118797774792199,0.70884935485230638,0.13544406758606392,0.089429543245424126,0.25640844664583073,0.091018467098256228,0.054844902136471231,0.123343790294641
0.93981991567468504,0.93998049057355282,1.1225703948350365,0.65780286625450979,0.41682944858775456,0.45729936987732506,0.64196257333407625,0.43377295278352956,0.095116385278710122,0.90798943043086588,0.81484966719646335,0.61477252926466264,0.50983541403952037,0.55066070272020196,0.37248208519016118,0.36891856726310307,0.20427737642878238,0.29913733270245713,0.74835454064309737,0.36923477635769203,0.55737315727084935,0.5588838322624593,0.27964391779280401,0.05726922661933017,0.30049957560803381,0.69869437286340219,0.20539559131253252,0.32988911383006114,0.046682157759457207,1.3364702555634025,0.70011479350606887,0.6749666043465582,0.53980461996422446,0.13382390177085565,0.075217808868384167,0.24139581013766584,0.084375828061391739,0.051267590042007802,0.11643522006303859
1.1784798544312065,1.1757157508542553,0.33406732577246984,0.58024842695335754,0.23083809857693777,0.27655142056902027,0.43834499636144658,0.38662542117804166,0.084975284552342864,1.084638367113667,0.64339907340112223,0.30034871185320022,0.47422810441687885,0.52667713287401652,0.34572745159763346,0.42247439370799739,0.21941516504560016,0.34501784947748459,0.84611016650550586,0.44218621421956711,0.38453642192639503,0.36597925020677391,0.18105367706679693,0.047983546716731926,0.24621130708618227,0.5138301320890708,0.16526830507792351,0.27955600716449097,0.041974567751215587,1.4450938769184991,0.8107295188943513,0.8193305904156406,0.68358217096354001,0.16418312325153855,0.091865329190007478,0.26321007850110995,0.085714255641725884,0.04970115037929964,0.11191437739374648
1.1784832220582635,1.2447411834555413,0.34066321323000753,0.5120157883825861,0.19062797333392323,0.23025039300325362,0.32701537924526447,0.35622476060794012,0.078388886319478643,0.37111234913058627,0.44955524573681843,0.27051769581273127,0.42497850468612969,0.46187674487467628,0.2937718203951884,0.42051457228113515,0.22358742438055343,0.33323525938006149,0.34595986397659201,0.17135659744253512,0.25503942444514444,0.24463681914582266,0.1228233002515962,0.038582014831415164,0.19803531758153572,0.43843796488953635,0.14598849297677335,0.25154064070622434,0.038301267929860286,1.7677463560081332,0.91398210167986316,0.90297200546912448,0.48358333478234511,0.077238975133503571,0.06034001196318093,0.17934712606773826,0.063474024555532957,0.037540134497864613,0.085148479178832184
0.70195037056375598,0.25761619125961649,0.38892416037053856,0.57398513108250526,0.14502424685538151,0.16387746553848834,0.27801997677815404,0.3151800184072992,0.06916930596438027,0.32403217836861475,0.40904932072882993,0.24443344624318977,0.53126372961432178,0.52149868588371129,0.33805205703582042,0.39305703630012923,0.21277839770742193,0.29010946042605079,0.22540316850588063,0.13312291410603277,0.28582443715797035,0.2431431939200539,0.12112444210419675,0.039680900687788921,0.19689125528406212,0.29952967880084663,0.10087937952563202,0.15353578909784021,0.023315106344979103,1.9087392920288386,1.0169501231731095,0.94161847735212478,0.46643433126431577,0.062302032198832888,0.052085602474174451,0.15803281864928376,0.06084848125377583,0.036273455216135508,0.083083041802876248
0.84462913381010274,0.29400821240172476,0.50717910466212335,0.64113867468338248,0.16668851924546121,0.18499541087035204,0.24335266911504008,0.30985359709897192,0.068108619265113746,0.40700510109420196,0.43741513454003628,0.29706295538836658,0.36988379210328154,0.38703649020875341,0.27321368327284679,0.36378969759827223,0.21093220483827402,0.30928275552117396,0.27334953986278959,0.16536611317669581,0.3735897926998421,0.31376864774560964,0.15550122610691181,0.045382017261115952,0.22693535008300436,0.35089858037578475,0.11323823775442028,0.17310324958160117,0.026487954266293259,0.58492753732397174,0.55859935262660632,0.63904627448404383,0.58540677077061865,0.077345121736963771,0.053835085516923772,0.16786445494473387,0.059754972802236843,0.036019868698205566,0.083432738114725125
1.0658004187909491,0.38433482427787696,0.68223790508101689,0.83933795986809689,0.2140036468760578,0.23753623807148566,0.30502868384757476,0.34484413682025961,0.075863866713062972,0.38610019326686956,0.56159198512282349,0.38788658935460402,0.4749134419109966,0.51560907926203792,0.35481270980354279,0.47708168525459188,0.23462932226881095,0.38321975247742868,0.33499196379844043,0.17608417384887609,0.47223979124925969,0.39762183159685699,0.19703267035537264,0.050529993537157897,0.25634780097082049,0.43472670802415536,0.13705474169182083,0.21236015903675973,0.032601100465048778,0.77146141042825012,0.74422589791528337,0.82852602481946747,0.61266333798665973,0.083654537356177103,0.062171258836687358,0.20208155985172141,0.073826350703663599,0.044626955478005548,0.10356066996892076
1.1672312886787786,0.44451166217508542,0.68295395654911328,1.022605963617752,0.26639454893151765,0.28310837458507992,0.39719859682459063,0.36907901406224747,0.080547413310563309,0.34494291746398981,0.70870830881614488,0.46362093079519162,0.49618373428126211,0.57816157294816395,0.39478880408005673,0.5250778109486326,0.24349866355766658,0.43841307242716243,0.37485260296484219,0.16944178605500268,0.44722461799174301,0.36644924804456253,0.18499446776087242,0.049105035599316539,0.25182297355776062,0.46799138655309608,0.14321058953244348,0.22221614042249299,0.03411910818679878,0.59155340521430544,0.59994896589092328,0.58263516216982958,0.45629781862299618,0.077809853057594774,0.052441618189529582,0.19371799612520871,0.074115041986658414,0.044836081681835671,0.10430498136269514
1.1270091239112972,0.49066921302209732,0.80085587826348936,0.89658715909330089,0.25809225760511045,0.27412969687791378,0.36650985127801189,0.35968536876290613,0.078629043848906899,0.34436306333352801,0.73952490190341857,0.43410354092339337,0.3847977731457759,0.48909523043779862,0.33026837443077001,0.40670261624005744,0.21862923110467139,0.37482428077992691,0.42948715350876338,0.17289477755029356,0.45618878267025281,0.32775886489197364,0.16561017043686646,0.048021162023429105,0.24432600794521453,0.44698483604083344,0.13938316790156727,0.22011893094555199,0.033739932149513527,0.34297228424572057,0.39733113049745933,0.39727330407348016,0.35162671676565571,0.074312379545022789,0.043303274201111082,0.16827790667173964,0.063800867621962909,0.038841750239115458,0.09035606995662411
1.1978284430111663,0.60541782078381368,0.90673510285252457,0.95577847320729414,0.23355750684912763,0.26073627852565873,0.36448392012095715,0.36131097259949485,0.079157195165669561,0.26601888538428509,0.72391020590515776,0.35837488682417395,0.41845860964433629,0.54944218655881527,0.36590212406395539,0.42700003175927126,0.22059692524801586,0.37835550097468779,0.22361720147367034,0.11593747674297564,0.41101527563549367,0.29318093328662564,0.14860481576479939,0.045520149737910666,0.23165141778337564,0.4388357250764493,0.14062340956301844,0.22828968303421238,0.035120292656464519,0.37933748504723891,0.41460166551105726,0.38658264797577907,0.26338186607991515,0.051652487821178365,0.034927718585044273,0.14270600280199336,0.058237930724926695,0.035616302937725962,0.08340503272014553
1.0687173526678608,0.58099439206120851,0.84114325723295313,0.83268525937927607,0.18091517871449059,0.21127741790636892,0.35215042337805219,0.34826915936235492,0.076472054633372713,0.30619419389781866,0.65184112141016992,0.2312505082736511,0.49733013891217537,0.54677531187762152,0.3788567523961649,0.33445297405140428,0.19198690301376559,0.28858044386966819,0.24723879203645871,0.12924044777291036,0.27824795775857836,0.2282854541390979,0.11451820328460881,0.038139397450061306,0.19264382093505147,0.36068129233607205,0.12274303934544249,0.20185430365993476,0.031097819344051706,0.49106196213511311,0.43392419243613856,0.37822853944331436,0.26133643454347633,0.055438330479781216,0.036094561151177672,0.14016799269954858,0.057813465719642521,0.035330053820054295,0.082187944717563993
1.0353376891526462,0.63981935583254412,0.99633640591668771,0.92927877168914241,0.22769130087611841,0.25600894444666111,0.42848946586906728,0.36946904781476153,0.080722105461319651,0.39601165291567642,0.82230687203838104,0.30006124237227155,0.66766751118130152,0.73449554688087371,0.4998960790852971,0.44634843732061996,0.21751096897062908,0.3578880234334767,0.30257049134146841,0.16336077481059438,0.36192752414776541,0.29803150982870852,0.14928589223479685,0.043722309704155395,0.22329865112921193,0.43139327808882671,0.13890651671628099,0.22561044379165088,0.034151085029054569,0.65316146021056631,0.5763587706439891,0.49541023906632981,0.34174746325634769,0.070626046340185489,0.046508500101590272,0.17975746793540759,0.074541978552086011,0.045389899275476375,0.10485040030339328
0.87496201354881886,0.70602759391398784,1.2023651161037265,1.2286540743163632,0.28908551909317404,0.32469652851312991,0.55954819097865205,0.40335476977886903,0.088271165613287531,0.52540170602458514,1.0875114088598108,0.38212850578300417,0.89138848442478236,0.98439680429898291,0.66788812157371991,0.58519093904132302,0.24083111710342339,0.44150297772987174,0.39358200045961955,0.21241681313490599,0.38955882646228973,0.37065792259570113,0.18492532646743151,0.043993619469432539,0.2280380121696309,0.48677487438839923,0.15636828334759076,0.25136870430287317,0.036691592889958873,0.87200731578146617,0.76235187669331517,0.64896145402112593,0.41266194319587945,0.089804195234362172,0.059863692431197033,0.23201932445180828,0.096911679770768436,0.058902304026523883,0.1352115914942191
0.46390624578815243,0.47755839600859484,1.0352620253707312,0.67488819864732386,0.27984969137806137,0.29741955292958527,0.47005663771787298,0.37700507906466191,0.082124118840206553,0.55862654876482321,0.92028445216609989,0.40426776761472233,0.88791118252523837,0.87188280960454223,0.59746954106150862,0.52888701589488063,0.23242081846833926,0.4092907073526062,0.43627863379017839,0.23321173270515769,0.41981137450134909,0.42287690664488742,0.20863646909766476,0.027807891194424204,0.14811585333523458,0.3702281278232693,0.1235310983205981,0.19204723913530944,0.026320312447244254,1.07751553895157,0.7979948459590529,0.68594577165046899,0.48808106569300874,0.10014252977355069,0.065223680013793181,0.23755063641920326,0.095624516136861265,0.057707994071428508,0.12477171719003817
0.39034486413440045,0.46859236648433966,0.48861024323186886,0.30050878228479416,0.28690121789603962,0.30132261486596995,0.40588732134814071,0.36459769541880327,0.079519506497753009,0.64569907817533001,0.70316474444069765,0.48498743715925663,0.67733375112418193,0.70182195823536897,0.42900745528178647,0.51339660776570029,0.23188258180747634,0.40459289607097504,0.50564010585942976,0.27164482809548524,0.52696488738947755,0.51686974111998285,0.25455619213826119,0.034491543956027854,0.18352117338878512,0.44780680187022859,0.13859262905555839,0.20597764247699224,0.026694487477067968,1.2898371404893354,0.86093221427585898,0.77858089890761495,0.58295828262688032,0.11706281652124542,0.075277769198173208,0.2450498233890587,0.087618182130792824,0.051234300755700721,0.096456897718474044
0.4790271160278482,0.57903737534783117,0.40949510829967983,0.26359270995360812,0.35457961895732365,0.37330118736433576,0.46675199507479925,0.38872811232671567,0.08497944497138013,0.81640545469549453,0.70693058401405373,0.62240918074938267,0.71932615834063429,0.79827534154772362,0.43783872824433778,0.58744965922026204,0.24402513466693052,0.44452680939572498,0.59554173561406187,0.32211939418068158,0.7018105059876979,0.67576745487384893,0.33244977665855074,0.045551589517713487,0.2421828961870878,0.58596916330089455,0.17035098772668528,0.25078112816199222,0.032486274402082037,1.6331130196313304,1.0475375298815215,0.95039788033700989,0.57567011108365074,0.13088951416578118,0.08726388503453944,0.26864563490452115,0.092972584993767246,0.053408357398214854,0.095784136722339985
0.64156344960536649,0.77124978809311984,0.54203779282251052,0.34535233828461132,0.47319361985884484,0.49804878317999701,0.61925433544951303,0.42531143809399113,0.093161962066236018,1.0947523066575173,0.92646421337673079,0.83752680897661447,0.96376720387659898,1.0689895537864582,0.58022351212514489,0.77737063594234634,0.26633065575496806,0.54632193510130977,0.7796914953697669,0.42497825694755786,0.94023650486525856,0.9099004325687815,0.4472995858460162,0.061132713435312847,0.32498432879380862,0.78620312165549555,0.21393616853151648,0.31852149331013946,0.041780005590992188,1.8854002154469656,1.3935596320047114,1.2381362896121235,0.7629693249865942,0.17266322412333909,0.11442888645513925,0.35059852176322931,0.12200652842033179,0.070117519156025251,0.12562933768164286
0.86765680276884061,1.0362959302913437,0.72936369749171648,0.46406619698657614,0.63023410798331136,0.66077625461223133,0.83176937327924649,0.45849538427972109,0.10060606386034873,1.472031867940502,1.2455486548735732,1.1228108076438295,1.2926624510333435,1.4373854798300585,0.77934644354538296,1.0443304931631741,0.28700015880455587,0.66986414272336814,1.0378423409215172,0.56962158363624515,1.2588477545474395,1.2218790864314615,0.59897411863404848,0.068317292153428799,0.3656329007336242,0.94100295831272363,0.24921618561170736,0.38139638444178864,0.051420290754494301,2.0444859035823661,1.6171374663969686,1.5008355266566544,1.0257722802673277,0.23109777048022992,0.14675342490503362,0.45537997729179108,0.16037611498852308,0.092316230811930855,0.16631925715479207
1.1456264986465063,1.1621420833094878,0.8361213629392148,0.58791313085164332,0.76845429131807119,0.81331725066826066,1.1137790623604464,0.48348572864501965,0.10622472712895849,1.6228551754345151,1.4830329044037414,1.2563312000174509,1.4181364800919063,1.5829073444317261,0.92356881495887611,1.2731601737565659,0.30193232749745452,0.78460047944214528,1.2826114206316568,0.67767933416320802,1.598048171443154,1.3777510812373854,0.67830010974573918,0.070932103272726379,0.38026776962453407,0.99004872926459875,0.26537945606920227,0.41317027089335079,0.057819080497864064,2.2127489888861422,1.7548255717530452,1.6293884817409094,1.3589109879830752,0.28084732123221606,0.16952569529190242,0.53667610233348051,0.18965324244135798,0.10926147915520407,0.20088615710576663
0.79681883362857131,1.029938252091227,0.93658217529375543,0.69960566743971442,0.80534115234997838,0.84574501110917866,1.0933943140738303,0.48425561646882043,0.10641947138884376,1.7420430757638379,1.5456786858958809,1.3124262364471777,1.5238810941482694,1.7166601128036594,1.0619750331220021,1.3833659599918859,0.30661269074749076,0.82652867389074003,1.3884660968223108,0.73618516494858077,1.6433793879318919,1.4232310762358895,0.69701627433689228,0.071353915018528405,0.38230892059952148,1.0034375747434929,0.26717213192625772,0.4004483223247991,0.052381500908974858,2.4049125382221059,1.9063100045774091,1.7697313308341773,1.47697459085426,0.3054962545091503,0.18427441318921503,0.57620127911771746,0.20894616593295279,0.120922104864914,0.22752386803320929
0.98089190040406371,1.2596871113116663,1.0329280560125955,0.90986035478025207,0.859947936025654,0.90284619956703382,1.1772404268630918,0.49199644793600822,0.10815498945791405,1.8831507438626671,1.6141680200493091,1.3894701314785047,1.6496329165355899,1.8627030175360901,1.1429359067962392,1.5008970562363293,0.31101380943385543,0.86386175156766654,1.4766041334281241,0.79118732011245296,1.7254821913449743,1.4848338387490372,0.7288391712234773,0.07202013030666661,0.38681946025684227,1.033543564993219,0.27705421137307379,0.43008977480821881,0.058087630024695323,2.613249474597648,2.0698494755135113,1.921102209567175,1.6026192057525346,0.32919821722221632,0.1992097873894825,0.61528078437542355,0.22473262196628077,0.13063604550166152,0.25597096818332937
1.3010725172233575,1.644919501169634,1.3770335915041114,1.2119839235804042,0.9312919480096451,0.97689569152510336,1.2533631411971757,0.49808562506029991,0.10952852433352549,2.0434209397240912,1.730720274031883,1.5096650507348179,1.7704212941362045,2.0200750972495465,1.2311774913995182,1.6263485473300492,0.31516431195146005,0.90065502724136792,1.5895918676558511,0.85624192243300201,1.8716823382021144,1.5998977191951107,0.78630750589084419,0.07305515539997251,0.39334400305616313,1.0736295091935029,0.28561190894794874,0.46004911648431868,0.064828973282284541,2.8386940181662568,2.246404156430172,2.0852190640966879,1.7393352077408548,0.35634785579864575,0.21589912647366785,0.66281087665134675,0.24355206008912453,0.14344987272281259,0.29161182033277955
1.761197736409897,1.7911172083095488,1.6841963971158362,1.4037853761456474,1.0106629153932121,1.0593302367666244,1.3629013750288086,0.50479529435640758,0.11103663080017913,2.2102560261670061,1.8791344797173208,1.6358899516815693,1.9174060763846683,2.1894126915062593,1.3348241605118123,1.7622339639369875,0.31912425465191485,0.93991074961448262,1.7284177447055711,0.92824285963596531,2.0261452526567671,1.7342823811857282,0.85177764175987392,0.074062814015693271,0.39964265804169641,1.1137242484645171,0.29432502506541275,0.48290496783522063,0.070910720892194481,3.0822456888888974,2.4367512084165321,2.2622457316366389,1.8866935370580868,0.38634470620084327,0.2341353564678032,0.7165344633919889,0.26374428024892638,0.15644890672905346,0.3261437252648165
2.114782740057358,1.9690840413734181,1.8264869994796427,1.5364226597654216,1.0974027989720272,1.1491438026377843,1.483127671976209,0.51121540358869955,0.11248011987380334,2.3929979869151619,2.0399094674229854,1.7826318937400276,2.051767273147461,2.3712700542666543,1.4389090068177379,1.9084463756428651,0.32288237643124479,0.97938127115247953,1.8715408080694571,1.0047592732306885,2.2044934934909901,1.888554095517138,0.92768057726706266,0.075090976251135852,0.40606497937299124,1.155412585508123,0.30316922382419115,0.50373125822150311,0.075479603479926605,3.3446805453185289,2.6415503121325292,2.4517289626751526,2.0444034411673919,0.418246662388506,0.25358605398969525,0.77368556032659153,0.28465862728741581,0.16887981712132921,0.35790308476412941
2.313063821255696,2.1442350380154749,1.9794159213304019,1.665838911645366,1.1882840025797881,1.2433321331786613,1.6189648489184725,0.51729808419374979,0.11384762913609238,2.595234213914539,2.2143432996122057,1.9299483995613789,2.2151990689574532,2.5568500059548867,1.554531856396419,2.0636809043456599,0.32640021293620231,1.0175803286920386,2.0364066780746293,1.0906948546738022,2.3878109199314754,2.0502149876714624,1.0061254109745166,0.076036697003828896,0.41199796180201786,1.194400013230047,0.3113884752810186,0.52045758432889244,0.07853683599607246,3.6267070329661379,2.8544512877738817,2.654402360555582,2.2150444222903682,0.4536187835366694,0.27479716942577898,0.83526878347861577,0.30739547677076084,0.18239635120084557,0.38668070921589559
2.5159870925681842,2.3292190444721843,2.1413682766660846,1.8023669423124229,1.2899246006766447,1.3474573519627286,1.7569596712019981,0.52290639245015236,0.1151095578372902,2.8110856577975047,2.3941621852913477,2.1064521440509356,2.1922110180280932,2.6559695181077911,1.5992849455056393,2.2073006111017115,0.32957077593890488,1.0571539083855026,2.2046637880781792,1.1813251595623881,2.6170886958679671,2.2372981948006712,1.0978375590384284,0.077035142475673793,0.41819717723088728,1.2358147354968414,0.31977637378168611,0.53740371541142362,0.081594744667799188,3.8030713306776756,2.9929622467482795,2.8360424830194262,2.4000795129854016,0.49124863212313197,0.29575181534145001,0.89705676301681592,0.32591679242723498,0.19357741207031776,0.4114885926867009
2.7330432752295541,2.5262965140247822,2.3144803373662617,1.9460161200954773,1.3988343925644005,1.4589993292659991,1.9089656798103865,0.52822649100873909,0.11630672896187028,3.0437996342916791,2.5850755988169229,2.2859562614742881,2.3529725813286229,2.8515498876672192,1.7183730243797091,2.3892731918493522,0.33284730535252466,1.095917602827184,2.3913686533860186,1.2805989546489547,2.834615337397735,2.419196354222406,1.187263536529592,0.077899673553288709,0.42364403580135673,1.2745961021808809,0.32765019794997902,0.55355611311813391,0.08455415095450422,4.1151857452578833,3.2277698795032195,3.0666228664210933,2.6003967211612937,0.53221579555079779,0.32010775194173191,0.9658559418464342,0.35070999333418984,0.2083450335897076,0.44315698740599413
2.9684489211316207,2.7377196088618692,2.4990918519479068,2.1098116763527663,1.5099908086716796,1.5738914407412912,2.0607620322420286,0.53300638632107544,0.11738349580153827,3.2922065612018949,2.7870909582047507,2.4733386059753779,2.5360786465641922,3.0621258612989477,1.8511928168002578,2.5740954340239734,0.33578967301023022,1.1316750137141667,2.5880860400398022,1.3857709787370924,3.0676710744000655,2.6170643878852711,1.2844697901090778,0.078732116325249554,0.42888152180834049,1.3122452709538508,0.33513577508204678,0.56909865685964012,0.087444660506041605,4.4520539328312134,3.4873364155811286,3.3133414531536531,2.8128113657646696,0.57554680716195872,0.34599998816898747,1.0380349759495864,0.37722365114976969,0.2241272549930543,0.47714325775556682
3.2210477562885371,2.9604278160133122,2.6955574729482743,2.2797322856959692,1.6000929535109059,1.6762485847341186,2.2131173443421814,0.53715997497094214,0.118321012847537,3.4591189588857794,2.9933318138815603,2.6088421970696709,2.7345908812241384,3.2999040939005715,1.9944789332069301,2.7715904838192982,0.33859041938755369,1.1663919001137586,2.7705558584040508,1.4678082146885261,3.2889967887053939,2.695267997769037,1.3244319595401943,0.079319875367622472,0.43252937088833143,1.3425007516498324,0.34135631972638036,0.58256210957560672,0.090049980875773261,4.8104427000689771,3.7629862035548483,3.5755688538130528,3.0200083844859837,0.61251507862730969,0.3705777976003663,1.10815291969937,0.40392142083144106,0.2400703880631945,0.51169196181449872
3.4844179646302238,3.2018067453693284,2.9036833049238888,2.4737569814982425,1.7158697950302557,1.7985217992173335,2.3759977752137735,0.5412361604153193,0.11923985380747958,3.7107310089818393,3.2131256422473409,2.7914597366243736,2.900899078662913,3.5260731135305736,2.1297435054701022,2.9815483465135353,0.34120302213396703,1.1994791126579165,2.9479495045472435,1.5696850027682241,3.5249426356303557,2.8738449658154366,1.4123664976502313,0.080016348957259259,0.43692656063243213,1.3757359063285002,0.34789560614668069,0.59651397194495148,0.092702516860626361,5.1821974831186681,3.9982985743488415,3.7993508754928911,3.2420584665023409,0.65555337272669434,0.39530544828762842,1.1794155710010883,0.43043275392443836,0.25595639288445354,0.5465609518771678
3.7479179730637795,3.4552594893634145,3.1232663277862582,2.6494549509220269,1.8446951246803256,1.9309420975641673,2.5547804519104469,0.54507314587090394,0.12010415229957355,3.9817318542507407,3.4324363799131978,3.0013855490883619,3.0943235814035193,3.7848726841933851,2.2740142943412578,3.1884873583706748,0.34357439859754418,1.2305552539863303,3.1415405861342682,1.6804544902814036,3.77824140234438,3.0886611851062296,1.5179660609700678,0.080722360863623152,0.44137598704046183,1.4091505672593327,0.35422924763690322,0.60958816455722753,0.095152890121457029,5.5560166949889354,4.2820577917072713,4.0782809029018505,3.4808591447980364,0.7019109973867802,0.42367468177689377,1.2558009581134058,0.45878510615065493,0.27292910324926528,0.58342773913397061
4.0480386181273396,3.727830365361787,3.3536847432491061,2.8676672247823678,1.9777377063271175,2.064183711897559,2.7430309600615934,0.54865885989886665,0.1209118959678937,4.2831075482051659,3.6743310980725359,3.2348375694342586,3.3175196209805176,4.0561345160715643,2.4383337079336975,3.4136753008177907,0.34588822428809901,1.2608394329154595,3.3838308877991445,1.8081919181556929,4.0737700292545362,3.3304409534364812,1.6367531234765775,0.081440968068617905,0.44585799019351668,1.4415308130292623,0.3603370615180142,0.62271699999710295,0.097684966233897594,5.9646243167028965,4.5984462287502375,4.3797110811090709,3.744302986762083,0.75445312615718996,0.45513696025166417,1.339554042219071,0.49020626805150208,0.29168316184910964,0.62429269342272098
4.3763868812474813,4.0178544462006274,3.5939309008688181,3.0785353962111053,2.1176987986707085,2.2077118601074859,2.9409016067942644,0.55205664332136495,0.12167674463852203,4.5950061285693629,3.9224853042341707,3.4652774663568531,3.5505293631545669,4.3372895687826567,2.6088772071332684,3.6558116722465051,0.34812841844103709,1.2901752483728555,3.6181962849993479,1.93854810530699,4.3565033127692354,3.5728828009997957,1.7559194244140004,0.082094327341076287,0.44994456340266953,1.4722109124654568,0.3661006726456153,0.63521646584384961,0.10013516328987115,6.0118258779222566,4.9287547948405912,4.6378974290466957,4.0094498881505043,0.80789530468798121,0.48463005930778053,1.4199983869424238,0.52120512166702404,0.31023607759729849,0.66485582096481355
4.1170048185835988,2.5212245804611637,2.7988699581383778,2.9326715354738311,1.7413166617061877,1.7590871509788564,2.5675848221922326,0.54334592241736612,0.1196343699626595,4.10679283937184,3.3702848088197936,3.0606820193111948,2.8322952808542334,3.1299348046124198,2.1240839405864507,2.6733244325399212,0.34138283610191411,1.2126014792855437,3.0383475286865811,1.4774784558281135,4.0058135564147674,3.0151480006203895,1.4896828353303591,0.081452783258550918,0.44435273822484744,1.3427209453305149,0.34129906069755195,0.57915166664604434,0.091411265063775879,2.6305133577271036,2.4438439194879398,2.3060682047547458,1.7429779211232037,0.51344930824392099,0.2740305558048961,0.95280894399774474,0.37145059727340884,0.22247403231815613,0.49415258925249533
4.3291835576910325,2.6357292542671811,2.3617182228009668,2.4709384468069144,1.542525802447974,1.5705878108627693,2.0682037734223746,0.53441113565677845,0.11768778996949138,4.2374581571369916,3.1789721801723512,3.0861686355122004,2.4270283154455194,2.812668337356464,1.8941023501347471,2.5274212814296813,0.34075010884256129,1.2274522007750113,3.1061227528877313,1.5246529810999929,3.695299379971599,2.9438858151467131,1.4567738473753278,0.081253060569333471,0.44345222090654762,1.3492749092053393,0.33988069715719466,0.57883110268932481,0.091735138074929098,1.5152710054905412,1.9563872169743901,1.8877420440589241,1.7991396834813993,0.53092229376377587,0.24922202760798909,0.88708828857271993,0.34144045785398824,0.2039088809113476,0.44277655366795937
4.2228359993169464,2.6598965420577874,2.4791367590640601,2.5561940636326437,1.4950233412310896,1.5432708524322063,2.056523430530699,0.53483348985373391,0.11780428799966251,2.8174589752688575,3.2762325579853209,2.8813513597990235,2.4878046347168543,2.910458658109834,1.9515649553880816,2.5961217986309841,0.34230120383648138,1.2512711267363288,2.9117254674345574,1.2321135694738674,3.038774978855852,2.4568188140497553,1.2268803860552335,0.079929152090288946,0.43591033637471943,1.3318955450309664,0.33828661875076094,0.57716862503079913,0.091364669830365716,1.2885746717165654,1.8194107097766845,1.6978532856927124,1.818486408179713,0.47292434628797914,0.2233614131335627,0.82880857051914814,0.32801156621769539,0.19659267521625143,0.43112568292049591
4.3416200345266418,2.8160479424920886,2.6452973270359612,2.7324524344538714,1.5302053667992526,1.5888055031340629,2.1877871884757987,0.5381332391083774,0.1185528294617714,2.7169727615144774,3.493219582679044,2.9179263654655956,2.488709806047019,2.9946835747439478,1.9912164631450826,2.6958295576420532,0.34402849134520624,1.2748199684510972,2.9706103388005443,1.2256240448591167,3.0344407154191551,2.5614086045067683,1.2741858781624698,0.080234434923746115,0.43719040743379556,1.3301844912490541,0.33992619592677814,0.58234475513967154,0.092329493379981614,1.3311431943987528,1.8041930474607402,1.6944428693985807,1.9229745251534078,0.48176998151498113,0.22484018076843384,0.84425648212893523,0.33447750869384968,0.20081467785461418,0.44195113959974514
4.6299279408970211,3.0569510044612498,2.7706531624502757,2.697907696320875,1.6430359575076587,1.7011965066023689,2.3595039876313706,0.54224010488592744,0.11945419667059771,2.3868822927621975,3.7162963125914401,3.1196397918336194,2.4723264097681215,3.1087711025131917,2.0177790947727186,2.8828660093016376,0.3465132113687624,1.3041122004044492,3.0089335918773537,1.1568776499680182,3.2511257152576531,2.7560261048841954,1.3707162383010698,0.081002603701825118,0.44201958147315962,1.3637068525622547,0.34617519914984229,0.59575811585949723,0.09475882248023311,1.4258575539018792,1.8616457201596239,1.7807670131971454,2.0232795466774176,0.47383714633822799,0.22972229879790163,0.86903568454183333,0.34277947239621215,0.20578947233597278,0.45008127178991097
4.954733497628089,3.0153210134705399,2.9044805100898228,2.5806793688548861,1.5236123212941888,1.5828452682515446,2.1926695629532382,0.53951847830179478,0.11887741807548116,1.9164296205921054,2.7670854345460456,2.7632562628084938,2.4273679442768397,3.1112745974496203,1.9950514433327815,2.8590264470998843,0.34652456492039541,1.2704559092096133,2.1571451219977518,0.92312598929989698,2.6809268891553097,1.8803904141858838,0.95619662611500378,0.078655580086047394,0.42850852292503971,1.3168979569888761,0.33949371977551995,0.58559669994725805,0.093710503994621913,1.5737727738748681,1.8878838479419653,1.8609508099106724,1.9626680307282678,0.39949342729135728,0.21732023619439733,0.79235857027994405,0.3193495053033808,0.19229505961167717,0.42089371034115586
5.3312675976800667,3.2299253537509207,3.1037134376908684,2.6793726969591845,1.4130126072695457,1.4805152669873618,1.8473284043961207,0.53332547421746546,0.11753468488639271,1.8831630010174181,2.50453155069762,2.567579211321656,2.2145007898501192,2.3842634892645389,1.7103687506472971,1.4550100640263126,0.31330599097786804,0.85506212319561514,1.7712276824239379,0.80620415810455526,1.9277584302881572,1.8449048107723707,0.8999805525819834,0.076499288919591402,0.41384238063901818,1.260065452733736,0.330497841449854,0.57376920762994676,0.092381987636694016,0.86106130707241002,1.1692799669400737,1.1832685755380441,1.3158865349395357,0.31735875227227983,0.15296583905524186,0.57883345805889852,0.24320410205544146,0.1479881890664364,0.33397602798848858
5.1528498603425099,2.6552469241515255,1.9075761514436949,1.1954276984009249,1.0843071899500656,1.172923595577873,1.5509387942438277,0.52184860340552375,0.11501725423481113,1.7660093603265985,2.0520850998371545,1.8114305482690969,1.7353228344607086,1.9455517717018043,1.2989636661960473,1.3749571664054343,0.31208783477544361,0.85544792911441159,1.7127406404223924,0.77865737377841115,1.887818419433023,1.8139125791874833,0.87447497656888151,0.07630224150845992,0.41062560946543614,1.1652370663306466,0.31270817789362215,0.53880585227701849,0.086888867271144671,0.92329603213063416,1.1617106731020856,1.2003347847039256,1.3812755006851558,0.31571832152981899,0.1539185022181711,0.56051739211666318,0.22029285488455594,0.13021344663765236,0.26869861199206208
5.4665511969969112,2.833427003094569,1.8398575326441284,1.3208823844344442,1.1510726262753974,1.2492088886600672,1.6342640420280679,0.5261080991899002,0.11597002672400961,1.8789701453946854,2.1522849401757234,1.9140713497779631,1.5490201608157315,1.8081024981314904,1.1967532130821703,1.376694305673805,0.31297080237098918,0.86442606977253666,1.8208393558010534,0.82915650341040859,1.9787837164498261,1.9300611444092044,0.92823165755825188,0.077032171662105492,0.41528963706977973,1.1980567378862417,0.31938502947514413,0.55193122246933246,0.089196629671696892,1.0247566497229856,1.2742531082226853,1.3020269688098691,1.489648571529657,0.33695275652195722,0.16572461020392365,0.59669622348852125,0.22537162089614768,0.13365432349841927,0.28248789344825032
5.1646108436819178,2.8565496105886776,1.8250515482403933,1.3932806114616578,1.1227211472111978,1.2206746609333545,1.6438015262716135,0.52559010000023532,0.11586662678748361,1.9332149430836942,2.1386074288049937,1.8200154851821233,1.6750031666747474,1.9423391871354287,1.276095607769177,1.4233640419062668,0.31482656662772462,0.87661782658994392,1.7370675928225867,0.81767761342183065,2.0869342886267597,2.0197954410531573,0.96913432040870107,0.077707851464252756,0.41903165298948974,1.1985384615869588,0.31958501880398255,0.55247497240191257,0.089000294506927966,1.3629466503616956,1.5484389347418361,1.5061886908359665,1.3658957105490213,0.32480131679789381,0.17619860649805466,0.62333305358098878,0.23671637907106058,0.14062776255268097,0.29812553954973542
3.4572529906497915,2.3146130755663088,1.9166653268895906,1.3779558514033496,1.0922924534032445,1.196220613735876,1.6761315647512529,0.52612008365426943,0.1159831105749863,2.0346046650088017,2.2597818156552298,1.6920662857704099,1.7668545912846858,2.0515715999877693,1.345459510688477,1.5217961661204118,0.31879612192256923,0.91390172653678436,1.8214059157290303,0.8598176716037006,2.0388828637186216,2.0623940252446218,0.97695042721698999,0.07770438684777016,0.41801195051174783,1.1705993772765391,0.31482470033174781,0.53625661251559276,0.084119927983595452,1.5291549026502067,1.597219211863856,1.5917759843503585,1.4100616517363869,0.33990780319762226,0.18534796136089987,0.65642933093913158,0.24911744603719771,0.14727662729424632,0.30548928359490063
0.96309609412217556,0.97808261436307176,1.9836069871715627,1.4698838457841337,0.92778319760198968,1.0112490435210399,1.582661616319051,0.51783628848203,0.11406356683412461,2.1727784043228819,2.2351564234519761,1.4047991817288028,1.9118464732103524,2.2247368857547505,1.4579964201081694,1.655112575015026,0.32322067794864262,0.9551296968052736,1.8866943844600166,0.91163867500264872,1.9489792610812049,1.9659201761001479,0.93061199875892231,0.077271938108545393,0.4148220040670445,1.0950172168398302,0.29607123926238837,0.45587567453281447,0.06085900195554203,1.846247851997987,1.7340480385644927,1.7739436770345101,1.5217741474592015,0.36234385599162006,0.20204440631674747,0.6995945383569987,0.26661451582336521,0.15792619795906437,0.32452159714017381
0.59999526016694726,0.82730348898721584,2.0464827697951478,1.507065285271546,0.95427615459240234,1.0431358260782349,1.6401556680050633,0.51990566910392477,0.11452966497152405,2.3244965543946834,2.3640951739535878,1.4138837483877826,2.0641016109004737,2.4087372079017841,1.5695433629798374,1.7875373072153018,0.3271106247302219,0.99238711052885231,2.0026223366680687,0.97282039269957499,2.0144930517876332,2.0573081695331501,0.97134456394640745,0.07781891668497036,0.41813495725525951,1.1125943602168149,0.29879343585061224,0.43643629406419154,0.052034400382859052,2.0075455529397042,1.8832288902491203,1.9253432368704424,1.6495954777468378,0.38856851643628015,0.2179689624920107,0.74916062684460771,0.28558686856071752,0.16880735530445568,0.33948400805357487
0.28282252380029982,0.46829180859778563,1.9578754313764823,1.5789554175611054,0.87064295004226222,0.9387505430462908,1.5306692448509414,0.51214780459928744,0.11271076524972172,2.5285280461790194,2.2986436284201481,1.3274892324883203,2.1269397272346939,2.5229642041169176,1.6245868747586112,1.9194554309264069,0.33104187126602713,1.0314467393749815,2.1189577418016623,1.0527241521036632,2.1530504150920158,2.1724564155340742,1.0180179113518188,0.078593995806488279,0.42168021412789136,1.0754545856946991,0.28479973555316646,0.35698014233475961,0.034877031638893594,2.1694006941725301,2.0114718862848924,2.0705811808735231,1.7845686433122505,0.41997220729098211,0.23498903907500907,0.78667117186581537,0.29827482563910462,0.17608784772478922,0.35469238431614952
0.17263022070580802,0.27061677013099433,1.6871460934321125,1.6502112715881945,0.36112286986159914,0.37525114219295957,0.677392007501042,0.41597779707522625,0.091014059091944877,2.6539135907836258,1.798015136131341,0.67744444244223545,2.2927652901209044,2.7081782201602933,1.7205137060115898,2.0591997064509386,0.33452500051241585,1.0613544442513043,1.9725936873524326,1.0653625499722656,1.8958012812117695,1.8594725801871959,0.86193977738938576,0.076978942223256838,0.40252596408337443,0.672231615090784,0.1798640528595945,0.20903280156644646,0.020616929460361949,2.3536433422300109,2.1649785259243166,2.2308538410326477,1.8777247938767787,0.42962361211254807,0.24662330176113276,0.76872719482322904,0.29763291837389694,0.17479115690963148,0.35731068199534588
0.20563746711031494,0.29951374691718863,1.6398699520674991,1.6330369781019078,0.137102470384486,0.15185368218019879,0.26564458774080058,0.29388990617674515,0.063955936796570467,2.3427465702001733,1.01209886880397,0.18509939288124216,2.3955392585848552,2.7741169694498669,1.7574552449459506,2.1380627074925322,0.33687549127906702,1.0779800123893757,1.5525458723374628,0.93019875298871069,0.32277903902644067,0.22324243949538192,0.10899276706330432,0.039911395171230567,0.19903253039241961,0.33100765879597732,0.1032867815045912,0.14656071376841195,0.017522975918121082,2.1949793773590383,2.0852210932589945,2.1324692927022992,1.8635122669016768,0.39071227991256663,0.2297940021628172,0.61911888613413024,0.25500231753976704,0.15119653836043179,0.3130856915121481
0.27284616629768244,0.38598592202459525,1.638957250269387,1.5014158005038194,0.17518081898803961,0.19263630565795542,0.3316195732923729,0.32561886381647287,0.071018027917589127,2.412479433427857,1.1995277192616058,0.23757263417451902,2.3247748940525188,2.8669052354394857,1.7358208467966028,2.2552442727621913,0.33932581700571768,1.1082524663520561,1.6316454712080164,0.9694405452725855,0.38504638344445269,0.27572840760037443,0.13473490993434023,0.04413752516594923,0.22311619036220157,0.40088897036703502,0.12295225754818856,0.17770070667201315,0.02181526205144203,2.3365885262528017,2.2262151968961992,2.2362476972175127,1.9414999127195205,0.40799001604560398,0.24046707081487981,0.67457199643592825,0.27099958422285253,0.15961211253648599,0.32276910692561489
0.31637038164056414,0.38515896121220206,0.91085661347663149,1.4705953615477441,0.20069639359838393,0.22115062508377534,0.35393468203927275,0.34320132688495947,0.075057115301070537,2.4760002320580803,1.1060044037059564,0.29177348788167268,2.4122400749461419,2.8597838925680983,1.7177351038283191,2.3202756589651052,0.34137292198609376,1.1264468734023718,1.628907853900557,0.98749368937671567,0.39163896964075873,0.31368640430324768,0.15318246127981711,0.045591106742366376,0.23249304159975262,0.43845234508745867,0.13376527758662871,0.19241867724877768,0.024062030055119702,2.5176226115917242,2.3687098701767848,2.3907482136495353,2.0437192711964034,0.41987832211612275,0.25195415068773386,0.66962168484032758,0.26715586858164286,0.15271974704266411,0.30538492451551918
0.389842437228272,0.43503417798647803,0.21980185428316434,0.53249733499034457,0.2245624021297572,0.23864949485771647,0.33782745368298689,0.34071588074756437,0.074405006615671801,2.3916138231767854,0.46022708151417246,0.35938939630655176,2.1531174782951954,2.6741818568426927,1.2625498505022221,2.2160853061582535,0.34164351466166326,1.086029424981892,1.3006333153952416,0.88012584586716258,0.47108206334306785,0.40456451921536357,0.19476801788527667,0.050126376228444208,0.25596494186811503,0.48201896548859385,0.14141270148033286,0.20793109453547357,0.026919445786337592,2.6741986316118895,2.4381189743711338,2.5219560972179669,2.0981795909488334,0.38865623345154215,0.2473569596034863,0.42797227217242834,0.168066443238509,0.084827282893478767,0.1687962120608017
0.37991214671101309,0.48351737093027397,0.27001996860015592,0.48821644430919164,0.25907699085064018,0.27049907181297339,0.33783351164214825,0.34465861687923177,0.075447603193055962,2.3533620023376516,0.53434748929353648,0.42147435234764624,1.7772559259586971,1.9450534288180814,0.97302084568013625,2.0639859253861816,0.34114139918329939,1.0981973807078438,1.3277328935024881,0.88527853103588638,0.61409722161121083,0.52458059057711948,0.25178810519435052,0.055626492486189762,0.2867097399851759,0.55882209873936561,0.1569220986749644,0.22796100437811218,0.028627858292910226,2.8784303085027565,2.4839196140112278,2.6627322635660682,2.1434128552544478,0.39393548219127866,0.25515715288248314,0.4719001545947546,0.17125861743331697,0.089091857331567242,0.17408475932337436
0.22882158626490456,0.37723948726305445,0.30489933824988302,0.5379015301636404,0.29912493879802093,0.30179675433064318,0.40307818047410726,0.36173377947168811,0.078819314340380628,2.434813522016039,0.6419856347515428,0.48986372427176428,1.7723617301473433,1.9343700068442422,1.002421892851753,2.0259315892704737,0.3404910938073229,1.0940160459417121,1.3766237775501917,0.92084004313550827,0.35276707688327691,0.44160340047337787,0.21304879494460602,0.047010445664524593,0.24427708220212713,0.53446853972577435,0.15178458986664245,0.21231871438337413,0.023461181617072648,2.693800137942794,2.4731249523624479,2.6276027483855451,2.2609734515405906,0.41144672832431695,0.26007860542726752,0.5216894883054024,0.18573087949579231,0.097138839299134069,0.18826339366391093
0.26965733426270488,0.40857376634013132,0.29001649453517964,0.44907856860287532,0.30872244152335904,0.29298751141520957,0.43973783658209653,0.35987684065641584,0.077715767486380385,2.28818537526351,0.64535473769244556,0.55596934946422871,1.6342278961398204,1.7944572584583931,0.85889543336408347,1.7183953414137698,0.33158682605565976,0.98168403489929235,1.3865084405712405,0.9010995377095945,0.40319232880931033,0.50376536614704126,0.24235808322852567,0.049758126531223273,0.25843819060131057,0.53376831738318653,0.14675377604754136,0.21262501034372044,0.024849946061369196,2.8039709707849552,2.3828178066309182,2.5926039785435431,2.3210468599453193,0.40767893381139669,0.25722139211019296,0.51220481159663045,0.17409967976995588,0.090963486216402059,0.17167432932401669
0.31704225826728988,0.4950223653438085,0.28993920030648634,0.48181272292521582,0.38826184831403443,0.37116686706543395,0.55214288037933801,0.39273819304552909,0.085134820908804462,2.2366647408532283,0.62689285593565069,0.70110995461726966,1.6488038665218363,1.6622010350627501,0.74874259011735556,1.2905135752546506,0.31340527884587105,0.76792552121541124,1.2155491562113039,0.83380083129845983,0.53525209031330534,0.65687149917605558,0.31506373877636901,0.05546755792007077,0.29038179019498689,0.63309679133278218,0.17184417135631797,0.25017505457601347,0.029215069005839145,2.9451561279708383,2.1748887403643891,2.3130892219377359,2.2136358872733961,0.37400412428234581,0.23264454122698214,0.4421676548657073,0.15189850762853521,0.081303018080138317,0.1599471297770233
0.30311807678129127,0.52623948024330736,0.37144536499104119,0.6146555908696667,0.49988022259072845,0.47995775109391231,0.70923758643288537,0.42540285226381669,0.092552674751410671,2.3749426407094192,0.79895313099167797,0.91788637198804224,1.4055580329359005,1.5062099127157842,0.76222332125310632,1.2369858132818976,0.31206731661388815,0.80342661821605332,1.3227305600444903,0.89013907022281846,0.68783505684057356,0.86317230131620382,0.41332367610466875,0.060479639382627848,0.31933639771657663,0.73861336143018586,0.19761668873271857,0.28257183381881512,0.031246872036017014,2.417936032993234,1.8973965920478795,2.0622471339190853,2.2390948934633927,0.39294260159041811,0.22654483271313067,0.49892668400043705,0.16715887044659516,0.091335196968073865,0.18451826837929383
0.34549205766005492,0.5071904632949179,0.37104878316714435,0.53549440308880036,0.51093174226123672,0.48088003266648616,0.76799094310730587,0.42867060078088731,0.093023355684764594,2.1133563800608961,0.86469895904228322,0.90029829816647378,0.92275591497389786,1.1600100964560862,0.59376792597885342,1.196166001673405,0.31262810561980259,0.82205992160327956,1.365340914088345,0.85673071083800834,0.72283186122295451,0.72468367678022949,0.35515324166406037,0.059875511228652846,0.31623428831702194,0.71488505732064644,0.19222851588177317,0.27757954383855232,0.032287575500804647,2.2842468197423673,1.8013818829319383,2.0404499502581865,2.3147778384707554,0.38720505539945993,0.22379702938366516,0.51249067458249531,0.15434906220478109,0.084766061386821454,0.16926180411847275
0.32940574751879736,0.51091242107625368,0.46221948442107519,0.55179056364256807,0.54618869548597404,0.53466363128321304,0.86052383055831216,0.44599610962507008,0.097121689479326603,1.9921533446514066,0.96503114982032012,0.98779578865196838,0.7394943218376302,0.79754288400040374,0.48973503446692024,0.61771469584639382,0.26310689429607947,0.52384476876169883,1.2929141491903147,0.79649457925689759,0.90109526679432961,0.81494317728996923,0.40058575969853683,0.063083746000515972,0.33435070330747702,0.77458594234344191,0.20819753093631369,0.2955800872838501,0.033129458437537125,2.2965580482387535,1.5480958053731497,1.6835737554271895,1.9522764940321762,0.34517964835092751,0.19160841640656234,0.46137152825100708,0.13577165552409393,0.077159942092420108,0.15861529172233002
0.3637620579110693,0.5659715212911528,0.54037651708673573,0.60116247333127826,0.66887272266080566,0.64838159698482245,1.0386638931666372,0.46689153014198875,0.10189245939913133,2.0711113252422386,1.1713251087677996,1.182928538022197,0.94727843990875638,1.0320188022408405,0.6118390003445181,0.80891114131698882,0.28394936179212787,0.62834525239048722,1.3598421395047198,0.83285369621885241,1.1356089362624422,1.048843707324389,0.51561913045192742,0.06709150319584449,0.35862718279827938,0.86818440020769005,0.22972946553383092,0.32777507792234856,0.036690333494650784,2.3942872825186741,1.6539745299295061,1.7564862122734084,2.0391649737010193,0.36129907278182744,0.20027213781581091,0.5214524312072053,0.15978438406325093,0.090655894334114945,0.17992260430919743
0.44290225590995236,0.73570403607463319,0.7149817549139369,0.79219793505908032,0.76928004480770984,0.78436100476066595,1.182446726856438,0.48548176544395383,0.10623018697438252,2.0504631635013224,1.4485506302671169,1.2764657270454265,1.2441089100240037,1.3227723370536877,0.79768853873112577,1.0276238734707455,0.30172411871633703,0.74375991085604598,1.3001361096515331,0.81242946283430106,1.4123391266708398,1.284507768209973,0.63247990379417107,0.070258076795290836,0.37604548437431956,0.96165693504114069,0.25374165802583065,0.37472772959622985,0.042880179491973237,2.5902006423015695,1.7737610400544153,1.8786598637806267,2.0500008083341155,0.35704662206097826,0.20587270433166605,0.58532991226202369,0.19106025533944732,0.10935868759752364,0.22058048928122906
0.53094632995405899,0.91129665095877432,0.84755979164148365,0.77838632707787514,0.83859602914870468,0.86949870779093585,1.2924009532929115,0.49642821914697494,0.10887046744661077,2.1571132530073811,1.551904063540696,1.3879500321474352,1.389896163169033,1.5282912136591147,0.92308408193096025,1.2311933691302428,0.3117249056633461,0.807648528115394,1.3353556585392523,0.82411953561182882,1.6425564827915959,1.3912286900802833,0.68458422200032232,0.071913065953348884,0.3855429187740857,1.0085070050684741,0.26815178287478542,0.40703148109558557,0.048079052137969529,2.605352049496227,1.8056541655701879,1.8404902289110145,1.7377126606857385,0.3462818682765984,0.20077078397817091,0.60212567670642125,0.20495437750238762,0.11746273044875696,0.23434025841579376
0.69920644895912643,1.119796602117791,1.0121648510295542,0.85594465379404139,0.82054326348385009,0.83126699710013818,1.2249232107419992,0.49001183315642088,0.10715269372318593,2.0210644687443002,1.4708235597910655,1.4444482604991147,1.2616013064454676,1.1153906742010906,0.78241851716210664,0.60064560645940523,0.25279848565849505,0.49183814991005054,1.2293716742142613,0.7589825443699979,1.6838929934974705,1.4155671680331814,0.69824631013219074,0.072279724277630603,0.38805731305366814,1.0234934298120006,0.26634387749399419,0.41902392400628652,0.05311407981103191,1.3381732768098176,0.91924282886121311,0.99979846243236448,1.4723655503819728,0.31131127276385068,0.13749618697900348,0.43872470302170813,0.15878708491213764,0.093624951786118363,0.19766234665256696
0.79819984985559378,1.3375114051179313,1.3148404756479575,1.0451484751283471,0.86951774335120557,0.88963218197132288,1.2919022998908283,0.49693253388181985,0.1087208870712877,2.1055020725103972,1.5704337014874701,1.5357282973345157,1.2483607920958024,1.2486635512476774,0.85980899079114015,0.73983519499810158,0.2718500428165988,0.58941395045539358,1.3357906105278743,0.80283641259803662,1.7804872250429551,1.4840146203316205,0.73240438836869159,0.07301755955966098,0.39279048002824229,1.0547855706766338,0.2752689354204772,0.44271060579194194,0.057248090627450121,1.7302684423339105,1.1362149477566654,1.2707159006945075,1.5430821540135182,0.32858342810823005,0.16164013538525543,0.51377535041232103,0.18273547650359301,0.10843720076271847,0.22969497086000543
0.98068775435743749,1.466387913317893,1.5471579964451201,1.3227802008534848,0.91156375750990182,0.93561993510140995,1.3795655006247936,0.50206017657876512,0.1100606769998463,2.2791953216791252,1.6644682885039879,1.5576622183227149,1.3955146331664896,1.4670386011578236,0.97101462919138326,0.71842918659446697,0.26299521015320559,0.52370153639109651,1.4393114275962127,0.86650923880136299,1.9183731772513632,1.585950717437671,0.78197569420299318,0.073961071676071438,0.39856764796250271,1.077513895709969,0.28357160864017089,0.46292435589669079,0.062107747990885614,1.9032690892609501,1.4041440253471955,1.4382911763733397,1.6629377871725124,0.35260278696096992,0.17847187005769663,0.54621931396111956,0.19870894348043139,0.11856039715894164,0.25668728695103626
1.2883491668775748,1.6543938622213192,1.7204676861281263,1.3323183594818613,0.90954215985917519,0.92378016440642208,1.4375649859529758,0.50250816469799175,0.1097509855104018,2.4029832523430783,1.7592676500854152,1.5358016764676108,1.4442996949833178,1.5107348121526432,1.0202786010866507,0.90076087055592036,0.28280497002981531,0.62942696450498714,1.5335931869632446,0.92078514740520478,2.0709028949370212,1.6754296589627526,0.82505943178414731,0.074824511902678636,0.40346211226255629,1.0840386128322306,0.28000771971518384,0.46353016014130505,0.065542624242876574,1.9398505081008868,1.5494448933387421,1.5190952687603883,1.8018346264443068,0.37673878039111369,0.1894997551807269,0.58796355494549357,0.21253569708566003,0.1272453887709401,0.27506847129453277
1.7336729132782027,1.7721456917085898,0.55075592791197614,1.1586987040553902,0.86640265463478894,0.88442252470124538,1.155814494896874,0.49105944261713352,0.10756331810936845,2.1555754027019285,1.3056787205398734,1.528197081015555,1.4262000403308495,1.323501275749712,0.84050388166130097,0.66533417261926242,0.25633965366792916,0.47258456899119944,1.3453645316146361,0.8257361716914845,2.145978441046255,1.5922268569246916,0.78763968264996709,0.074888970278217296,0.40386925708674404,1.0960356655239767,0.28428110942359763,0.47334222432224188,0.069834603373945259,1.937052792673492,1.4767024611100872,1.4882948741641671,1.8076644781436266,0.34731905023151138,0.18039975436779199,0.49473459196050706,0.17523589513195997,0.10007038429017748,0.22076786007958091
0.76585961012546455,1.2046178212323959,0.40241931118579988,0.77008986989586437,0.55994526028713221,0.55519255736287187,0.66648873813622822,0.43370411498309852,0.095117201638145493,2.1528253787500513,0.8938193174989677,1.0435869526574097,1.5015913119250064,1.4469011240344825,0.83496106849389962,0.72734904527927124,0.263666819163901,0.51660812588321148,1.3436327994727517,0.82784760784972156,1.8124111030709467,0.64716475943256979,0.32995391953901865,0.067052060156453611,0.35688390186613284,0.91669656762528251,0.23866553009434319,0.3755895044228732,0.049756956018859738,2.0687456939797766,1.457637168771261,1.2262578126628072,1.6060202083966959,0.33766222382528688,0.1601688802126964,0.42357776259929242,0.15546260553213936,0.086765229355179663,0.17876181159617774
0.89061274220598186,0.79819479233996127,0.45414809015090091,0.92389813339235682,0.38314608702472719,0.41107156897135366,0.66156826696025528,0.42339434568622292,0.092894757681898352,2.1984880339952468,1.0085394271597425,0.53761882678076278,1.6261478682646935,1.5683675754348851,0.9517938218921711,0.92260271064055954,0.28294040529041031,0.61836645529584822,1.3811436984494583,0.85181396588886404,0.95316635112745285,0.4836322916586997,0.24438597187585109,0.059311852289122897,0.31189044746886213,0.69402614145304853,0.19996734880902048,0.31485917218543069,0.044592790416143002,2.2350804765692329,1.5896039952068672,1.3490739583780258,1.636754365174631,0.34703483982640065,0.17108399576782557,0.46988200158752674,0.17401590942905568,0.097341607014440043,0.20334915237612841
0.72912125723044763,0.40263098412415704,0.37733352457830144,0.7741193502438386,0.31173127788711402,0.31796594925559857,0.53346634622463551,0.38947005115371697,0.085072181097215219,1.9908012496247609,0.79054533690026596,0.45315723293818883,1.2297982705310069,0.9504837437720236,0.68356640281930359,0.56695679408805921,0.2436524000284514,0.42791301725510883,0.98474396125386943,0.70515883735378859,0.60779172495753853,0.40719553338380393,0.20282749955085716,0.052963399838740946,0.27260336571709165,0.50079696741068469,0.15137971912764497,0.22782269330600907,0.032963535974673351,2.2049476879966243,1.2884899525330622,1.2301923331054023,1.6053147053821923,0.30109990896774685,0.15246308958380408,0.38713115390628988,0.13832238122795634,0.077990978892010662,0.16570385334962154
0.73502636277655342,0.39435514065669697,0.31472686227679786,0.41087612664984285,0.27762963576616867,0.28217301748519868,0.40748620179565143,0.36282547445421631,0.079152486741696254,1.7174135760505926,0.52879870966241005,0.45313982659079222,0.60960142481302593,0.51135206241722486,0.34967224200830704,0.37421080953543601,0.2113657803540174,0.33283068282979539,0.68255860996145912,0.54095610284438145,0.44763472734050536,0.39603296080060557,0.19571758143789575,0.049069619043477355,0.25231292624381624,0.47339837465484552,0.14216606999869472,0.21614436778380061,0.031576610752311392,1.3902844299961366,0.68726404696768828,0.74979646667096622,1.3938177003207413,0.24030466893176686,0.10429992828834268,0.25625669545389773,0.083781076434385607,0.048310238349035854,0.10135447025745452
0.90566230248053037,0.48459271978371088,0.35365929667785495,0.39865599396285245,0.33793755506312628,0.33381677123704939,0.47456512600140782,0.3792478434357115,0.082742329932220096,1.7259598858653686,0.56006324318213996,0.5845603091429975,0.4707587832395595,0.4338725610641182,0.30228250836397735,0.40220248518714569,0.22309992189186859,0.3816427086319415,0.79921169857546592,0.59804238923199726,0.55613792860877675,0.51179256546924035,0.25219828417279516,0.053896034501256435,0.28027332122689463,0.56044195315596146,0.16149827416021623,0.24830935769007878,0.036650004001268742,1.078811817840692,0.65614290361668304,0.74559189460207864,1.4222942897392203,0.26034759943182717,0.10714434510336164,0.27270530868316745,0.082364418158105537,0.047917437945678362,0.10104696128892007
0.84683871321258963,0.58992841255172646,0.46783568991018176,0.52246670580117216,0.44525521097086229,0.43420645338796943,0.60984170333201371,0.41064785758853495,0.089788445094676289,1.8516840232266338,0.72242941582190723,0.78370197344830217,0.61652010333930918,0.55897081859792597,0.39329943251741944,0.50102811366589228,0.24220512085705528,0.45718288098464022,1.0473456138056605,0.69125387039333885,0.74275255598067225,0.68196620281222942,0.33563169776880292,0.059527635017534601,0.3132411210126359,0.6816662211361495,0.190517161703151,0.29457883021138875,0.041947117299570381,1.3951412088628263,0.80398303172641727,0.84823459172119597,1.4792192370219952,0.29092179949988839,0.12105766250521367,0.32733815293275254,0.10245275467157478,0.059852017728164154,0.12706781829857133
1.1082918711514098,0.78883840645201109,0.62079814687476531,0.70107098931309075,0.59048961502964015,0.57686237800454632,0.81312233785935673,0.44520042184114211,0.097538304581683138,2.0064978612395405,0.96400197926041542,1.0430288309057578,0.82807176724147924,0.74876500736326856,0.5272385039391857,0.66896200938503014,0.26646760392879693,0.56653879168692223,1.2814674558300798,0.77947963749312343,0.9896219562614863,0.91560539700283639,0.44977403672310412,0.064660300062705067,0.34386196193567398,0.81761288623844497,0.22346288624754351,0.35281146797357632,0.050937741291457221,1.7937394368366344,1.080840892152316,1.1288804588363355,1.5974636328112635,0.32292925238469083,0.1499005255712465,0.41740172746773246,0.13337381137658674,0.078014392276085226,0.16598479467417432
1.4800634556785794,1.0681300100167868,0.83429638216860913,0.93973782308237297,0.74709081973309877,0.74396429347045179,1.0916730782073429,0.4751883792256516,0.10429089346149102,2.1805636444246423,1.2857208547027317,1.2224754078480926,1.1105085557068695,1.0024847818854088,0.70541168100434681,0.88500541631580121,0.28791157931242983,0.68970733293594577,1.3967118251289881,0.84911576228622765,1.3072178141720943,1.1743216711168161,0.57967671845180535,0.068854728781549107,0.36854475913842671,0.93902350404583701,0.25359032829127109,0.40883084720066465,0.060240535131050585,1.9467112226099428,1.4325725083787717,1.4342913557167716,1.7347447946932113,0.3515146465551594,0.17799146489148854,0.51851046616142193,0.17072565436114515,0.10016493176708115,0.21434969232845866
0.43816557606865109,0.52264603402572518,0.89304459036861195,0.92563848585028374,0.77427688620471358,0.76881751426030576,1.1851276454781947,0.47960654836777711,0.10528934642646934,2.3703970484758132,1.4808125753242716,1.2842486982134291,1.2893946399454104,1.2323244907438724,0.84576922856131409,1.1441367207800592,0.30476870317900706,0.79481574597347004,1.4679503979162236,0.90962367104559561,1.6083839509504418,1.3089600861551649,0.64567365276294597,0.071140495424324254,0.38045941289607793,0.89807352141364005,0.23959777072218866,0.32593050628768366,0.038517484122974566,2.0440906831964574,1.589854900580999,1.5436039597674407,1.8797481328290238,0.37790720530028782,0.19147076427281609,0.57842953386647711,0.19500327492835928,0.11383090553312397,0.22877168187761354
0.52169807548763514,0.56033011035754454,1.0624037671124236,0.84333796220281787,0.81002723038616253,0.78977775206934897,1.2314915903078982,0.48168928577795372,0.10543402713534542,2.5014471779394878,1.5815988084012327,1.3564201552453492,1.3812655963470251,1.4834491893189876,0.95498878932314979,1.2865430393974229,0.31130131046358456,0.8294254621873357,1.5596901510436292,0.96458728231134094,1.6427995015836692,1.3746570083419147,0.67836036925031007,0.071659529514188886,0.38401952330747396,0.9108921739531145,0.23969097822341637,0.33527776063835113,0.041395200415270679,2.2034931405956644,1.6973457833465355,1.6554564269675702,2.0097157741714358,0.40215209789537293,0.20463219891688378,0.61728326534438049,0.21267424036604676,0.12472591049889506,0.23435769049211524
0.46708174935715358,0.25846547944259179,0.61331970930133972,0.68898907758172179,0.30940649110794399,0.2833582851870195,0.26416694439869681,0.3226495473508238,0.070369936418855666,2.2773885383293475,0.40754821981318085,0.93454026634407528,1.0577130767572589,0.96455285268481938,0.62707030745958348,0.56316495422582791,0.24336855357009404,0.41860619708132751,0.95178031752307735,0.72806893660231942,0.88726896616526663,0.84228335792354092,0.41319072498343368,0.063089626700965129,0.33062612060108076,0.54894134683075657,0.14379741763525072,0.19625067124202689,0.026830668306455776,1.3832405185750913,0.90683150670476742,0.91013141984463164,1.4325589952585902,0.2912022340213094,0.12632059472125001,0.27374904008945111,0.10673141176463181,0.063167969145552186,0.13278213849334247
0.60084402601659348,0.32783541213069473,0.39059689891098004,0.2800054199049663,0.37163869236089736,0.33775201876380789,0.29206416364638227,0.33976852842430494,0.074228117607828312,2.3630649498898899,0.43826474963941808,1.1585843806014113,0.86232463605078413,0.90434124231347868,0.49626337861823022,0.61906548220463686,0.25372374983230273,0.45652392951496429,1.1515329759003003,0.80308571942731666,1.1260377399458572,1.0791589512513764,0.52760069255464259,0.067085498973443486,0.35503003825374024,0.64571999687407411,0.16423504615322987,0.22955082681691799,0.03195755069892784,1.7589037176000732,1.0865465032182475,1.1023869270487185,1.4724375007524089,0.31389244741091876,0.14579682339692132,0.30257819898040206,0.10465457993254275,0.059380545537792262,0.11009787723933107
0.8097579576274333,0.43955144089797155,0.51634683866679265,0.36277709262485991,0.47840302808800816,0.43787616598820184,0.38435341969189979,0.37843531534203873,0.082826729594639659,2.5316282921707782,0.57608901253987288,1.2489858488550678,1.1408317060762923,1.2134769808728325,0.65227732370757618,0.82978163943344629,0.27716388160008215,0.56466761044784053,1.3017820227157142,0.87897470319623516,1.4374462790104605,1.3164972917430577,0.64662126825803234,0.070448052648618406,0.37625295613911025,0.75477335093301157,0.19227602227096091,0.27744917739107622,0.039393745864361972,1.9115102427875545,1.4602280166416668,1.4240220185424681,1.5963280565684035,0.3433775831757151,0.17498243185377388,0.38146021297267385,0.1339708174757023,0.076227761936042873,0.14185189551094343
1.090362574536226,0.59091760613096955,0.68782337281895567,0.48685909758943202,0.61334534371851934,0.56550776163987593,0.49059346787788555,0.41252816760320354,0.090449160729165173,2.7201303951318874,0.75104209950129874,1.3466907473424152,1.3649703776859083,1.5044508331249278,0.82571734126384277,1.1127347982812625,0.29784031881080464,0.69076904232011127,1.3917991933088829,0.94424594832603481,1.6390176054094538,1.4163588981287405,0.69558755629654434,0.071911334630661905,0.38493033032245766,0.85704233243559902,0.21956578386540249,0.32792417395618179,0.047568512777750642,2.058381780955286,1.6247522898334783,1.5487934580997562,1.7313206246827435,0.37020567650728831,0.18955469008501669,0.45706813643303212,0.16397416989933628,0.093981767631017413,0.1784357772769109
1.481660222261463,0.81012053582506516,0.9217957427640685,0.64706636894940794,0.76163157290362593,0.72804635305905385,0.66102135199468914,0.44703684658623172,0.098164875942524391,2.9717080604671291,1.0145237125752595,1.4782571692882605,1.4731243714691105,1.6330120948173765,0.97892081835662226,1.291755849835565,0.30975912209807982,0.7989236378928648,1.5219743295513486,1.0343427885045815,1.7989042952120813,1.5503949373771186,0.7616758138810561,0.07314506445173953,0.39265981829482399,0.96329205313442023,0.24823105614689533,0.38377285134189726,0.056894389128878016,2.2329284089103862,1.7635239764478974,1.6819559430108404,1.8915687442727658,0.40533170956795733,0.20662664696075808,0.54597516437811255,0.19626061410689141,0.11347162578387318,0.22021598743063633
1.9679589598039204,1.0907353568132692,1.238104143199781,0.88036701340052548,0.82919210861708392,0.85061175788742305,0.89529539066880404,0.47444826889590347,0.10425446376039459,3.2223743632656836,1.3734995058709785,1.6044101613812731,1.5962537896358817,1.7709370547506866,1.108535868108188,1.4074358253277088,0.31475676979203931,0.84263738775273211,1.656640123301176,1.1235389796630977,1.9545062254121484,1.6814089189240846,0.82623292504482648,0.074213742508035307,0.39937537964787517,1.0456617792291745,0.27166748445686384,0.43356424250986209,0.065614819793010259,2.4234032037754605,1.9124043402239914,1.8263529327080743,2.0601613332310476,0.44080314557908573,0.22452136539151932,0.63039326752219504,0.22637152235051972,0.13228045227944915,0.26152942507932275
2.1363557664581028,1.4604158489862911,1.6111364048100367,1.1526484880768901,0.90025521000606057,0.9225061851915497,1.1511302491093265,0.49214929290332032,0.10816797000814123,3.4904875388702306,1.5346046291679287,1.7404452367250136,1.6563441911481556,1.8686881754851654,1.1718414967888038,1.5202013403429273,0.31932079620340786,0.88480024856646389,1.80116358413198,1.2186241596855636,2.1205556164021764,1.8217986240371953,0.89521939116472327,0.075229554388379402,0.40576817275986649,1.0866654439033949,0.28477732978480763,0.46597566684571406,0.07060235224375562,2.3958356482612322,1.9968386818853916,1.9304071295256779,2.2476917520507729,0.47878265949588023,0.24028488137623888,0.68190836549709655,0.24453357068695197,0.14453932618702167,0.29253216658365533
2.3138752270178062,1.6683370572200535,1.736971734283675,1.3783966483107177,0.9501853853000628,0.96726401835281661,1.2407255828596624,0.49718722738809418,0.10924924300991888,3.1382669378950987,1.6091274973338201,1.7908138960442417,1.770266380401452,2.0120307495237646,1.2516372603393739,1.6155652209738083,0.32269386610352113,0.91055471683801981,1.4488926219867007,1.033892183049802,1.8957454755646281,1.5976317822152508,0.7934974099190113,0.07402116832056789,0.39947047178865341,1.0902169881533439,0.2866101820129407,0.474569693277549,0.072412192721181198,2.5830494204334542,2.1441462193446315,2.0583141166086274,2.2351348016263684,0.42822511355933929,0.23585974868171261,0.6870628741982413,0.25137710048037992,0.14938064840498669,0.31264473887414507
2.4341351987109987,1.7900235216734173,1.7111001233850618,1.469326318298191,0.86426821714868851,0.89842416789504742,1.0403449660558306,0.48864839017029471,0.10742324826166295,2.8910966407539669,1.4759738421985127,1.5870005885193963,1.8563494539139114,2.1042399897443187,1.2670943698133919,1.6679848803948392,0.32523817293863383,0.91981108251891219,1.4505653425157632,1.0038984045294763,1.0404231675034565,0.71851871323904604,0.373115593798094,0.064208635406363249,0.34613374310217876,0.98461632220821393,0.2701989751250452,0.45295223742366275,0.069823980853175122,2.736422718204218,2.2664156378050397,2.1729122394334266,2.2404394400545793,0.42013211836468406,0.23990879495368417,0.66914237186730952,0.24753858922126942,0.14737931860134867,0.31654511081741743
2.5845678767534657,1.8981970680197808,1.6278837173159042,1.5502332662267408,0.80005720034308558,0.84681062857254241,1.1589490133581184,0.49161973697540162,0.10802845793310289,2.7038688057601123,1.5502812813542914,1.2950621269796576,1.9893474977154777,2.2782949623594053,1.3479747801876618,1.7994404255709759,0.32896065725299944,0.95258886910003349,1.5204225549198267,0.99626269667323464,0.95570011493440243,0.78712464643938418,0.39897768621440682,0.063964418159294475,0.34420744454777585,0.95794313273927412,0.26640973768450132,0.44968099269609135,0.069790349546534361,2.9404963290384649,2.446784556923522,2.3275608993136649,2.2618489042604422,0.42154601830230165,0.24846966520414079,0.69759155969987485,0.2594485387419263,0.15391746153836758,0.33106091601279164
2.4559080747690158,1.9299004257793235,1.6005344389443446,1.5604326191519857,0.84999091039520147,0.89611368594518348,1.2226750775107922,0.49495554061936026,0.10879619967198505,2.8287061753687581,1.6317245768465936,1.3706229767373006,2.1112360672348398,2.4363852582701897,1.4292464211427933,1.9330718380691541,0.33247825988022528,0.98918147717122384,1.6264402753067215,1.054152418787589,1.2547773818848034,1.0411440038829103,0.52708186848035798,0.068472809424758377,0.36849879473464253,1.0240773061585398,0.27785317838952656,0.46595969325568909,0.071664822143655188,3.180571059101394,2.6419249540229868,2.5038888352956983,2.3914523819830529,0.44658117423598842,0.26514643690373746,0.73997096399442142,0.27477407354550826,0.16239639492199495,0.34585094064015076
2.6298814188768458,2.0743509754220519,1.7241185471567075,1.6043956809159283,0.91153879118078385,0.95741009417530187,1.3023224332493968,0.50026223797178482,0.10996374068374044,2.1148511715797476,1.7257839875075049,1.457900639605276,2.1905914745094748,2.6166234224023404,1.4921310542166009,2.0769398242710593,0.33580648170145222,1.0244043831228733,1.6451219474648566,0.91899886555347465,1.186347291656624,0.83610321458616799,0.43563000849143929,0.066611351204769104,0.35934543999322827,1.0277489736808023,0.28033481909262542,0.47301001049160291,0.073150327471837293,3.3474635297186239,2.8245995925464094,2.6489692719319309,2.3968022456499334,0.40951329968785227,0.25950452219201758,0.74889857797460924,0.28097291756650683,0.16651772198409928,0.35578264577222524
2.1747376446174407,1.0257014577821448,1.8632872628917156,1.7087786201279793,0.81707353956172235,0.84729072709276954,1.1484116445233734,0.49085060747908232,0.10784036102875919,2.1772151772173385,1.6926368008184265,1.462309362689346,2.3489004040750423,2.8205186339943022,1.6059837280543729,2.271552244159452,0.33998694673746255,1.067535984836969,1.6721663848250239,0.94718478190766908,1.0485309202902793,0.94645176367788497,0.47596095211827533,0.066194056632659662,0.35614199433452742,0.97107525982794807,0.2640410591990297,0.42171660311604675,0.064744010605781499,3.5901645589572739,3.030054578844168,2.8703144564797003,2.5999696671506736,0.42745374680803189,0.27526011499896452,0.77742978634436044,0.29490030339342277,0.1750286925609516,0.37498165797960331
2.3132536754745892,1.3376955993593547,2.0134268665681034,1.8392526193691032,0.8730420262808658,0.90709094081798558,1.2160619295570536,0.49653278867432848,0.1091250630011017,2.3557586344013619,1.8141745238390636,1.5720211148413104,2.5130376515383634,3.0260321814256685,1.717405753736144,2.4175519937811578,0.34258467480333304,1.101537159316867,1.7909347972411436,1.0207736592851786,1.3700447617770575,1.2523655760752956,0.6222642934992374,0.070326653907429801,0.37855612521494802,1.0365277369451322,0.27828403431176985,0.45415823655875848,0.069638252399139233,3.8761861605502759,3.2548145456162465,3.0689843128022005,2.8147814690792248,0.46094848618058898,0.29575660038082241,0.83212862047993807,0.31563254895807191,0.1874176298804705,0.40187364158483607
2.5155985485401313,1.651563157545336,2.175959389625771,2.001227459894348,0.94438073247244647,0.98147631114567924,1.3175133190157657,0.50323725996664137,0.11063500614415553,2.5417495542417625,1.9639773989507763,1.6984893144370612,2.7131083882152454,3.2627218992630271,1.8586668550422674,2.6203590568437565,0.34587513555708765,1.1396842732918511,1.9347908484943586,1.1014258242327246,1.6251818737415471,1.3760586026874935,0.68172958290609786,0.072239020278483571,0.38953877831746214,1.0840457230427369,0.28815339920867206,0.47784000633819601,0.073524074185140412,4.1914248046788583,3.5132523052942006,3.3207655146677832,3.0302091683164716,0.49700130236497692,0.31935109132392414,0.89568287287782899,0.34027134189143865,0.20206093282701748,0.43358565702941609
2.7313234101135571,1.7942684626224827,2.3459173539373768,2.1703909208350693,1.0226535160415768,1.0625069677040375,1.4250495195987325,0.50954257558761618,0.11205628195801576,2.773444531908364,2.122265191101941,1.8405147823794437,2.9243228412956102,3.5052928300844295,2.0031954838050168,2.8052045788164701,0.34846536497830638,1.1743137889373514,2.0972405094781172,1.1974849821351279,1.7630590459153614,1.4989010784194925,0.74233500627311522,0.073384160919167982,0.39655843223960913,1.1252351487890309,0.29691029667437324,0.49499424754664062,0.076527874204545904,4.5263880961965022,3.7842692145727406,3.573221835059369,3.2764641416956359,0.53916662609352972,0.34521471949925603,0.96350142243830061,0.36623804327445242,0.21749149177073573,0.46696038234813358
2.9786933185374087,1.9750945454886288,2.5250048728814316,2.3463529903464946,1.1186724457949617,1.1592574088760075,1.5635919194433394,0.51620632779943132,0.11355481529432518,3.0066621823390167,2.2921441639917557,2.0054572162119855,3.150532306836241,3.7662462800831116,2.1582963528771346,3.0276240576895761,0.35129495432427343,1.2091509534197811,2.2729899562119971,1.2965602145222732,1.9392906246922654,1.6371682038433515,0.81124361286550428,0.074596647917459333,0.40393877027189079,1.1685231151960822,0.30605149852254765,0.51333098270765487,0.079749903566071562,4.8821401878928024,4.071913853244097,3.852467859532696,3.533285183619137,0.58271978121463441,0.37266817997161267,1.0346766635922748,0.39366142449145769,0.23378502313141492,0.50215194511570804
3.1916982746741711,2.1282227076763522,2.7145219074683027,2.5201133473303701,1.2029531712401305,1.2460985731868974,1.6893637245468642,0.52156754872663547,0.11475965463266412,3.261909979480333,2.4688857343775887,2.1590703150024253,3.3830106195506544,4.0329055200416066,2.3160590792184643,3.2478340477236229,0.35381274884050318,1.2415214894017057,2.4491023374309497,1.4014218998172927,2.1003215853463297,1.7726608619254209,0.877846673345691,0.075613043346303366,0.4101444611866753,1.206884667622963,0.31387217994062616,0.52863153142205599,0.082428552218549903,5.2566594319210722,4.3726516504709148,4.1430381746414682,3.8071140092603941,0.62865489056486934,0.40144216560236284,1.108368826889228,0.42192812299280635,0.25059871646936865,0.53841901308038898
3.4155225556856923,2.29850306961331,2.8743852707063717,2.6893785011687208,1.2976576709554222,1.3433170493589506,1.8241789838883706,0.52674882213744789,0.11592863047792927,3.5305101149783842,2.6398428816268127,2.3299736862552178,3.6165211077052568,4.2983587666857597,2.4707233984514967,3.4671706228293306,0.35612879305072465,1.2713297633693101,2.5837662282386606,1.4993892722153412,2.2399099378521923,1.920035017320473,0.9504899835231484,0.076508262264421159,0.41572823890274391,1.2444669520381,0.32159147237704788,0.54417814986647228,0.085153427805128176,5.6490136032657281,4.6805227013513946,4.4412520878015265,4.0921600988319531,0.6727655324805325,0.42988817857924466,1.1804291531130038,0.44945987053395936,0.26688211875784706,0.57312562734681283
3.6800660452654648,2.4862984351452839,3.082131355368249,2.8837469114595242,1.398479650465446,1.447104077326498,1.9659267886918765,0.53161947428077871,0.11702787616878604,3.7987825688830066,2.8360187056040203,2.5052749779788761,3.862429133403297,4.5634956126143411,2.6370131649560444,3.6929005055625188,0.35825744774297896,1.3004216134305593,2.7734700326261534,1.6104484985669714,2.4101994856429538,2.0747942867187223,1.026475819873014,0.077414065254415632,0.42128989268012507,1.2812786617295235,0.32904985654922697,0.55938350501282597,0.087891072314060736,5.8425432450414343,4.8918148945145754,4.6164484686649407,4.3741193889346341,0.72126477900651154,0.4546049407746881,1.2502281339294532,0.47716250696233103,0.28345681857848692,0.60944312926986521
3.8402969099069879,2.6348783489852505,3.2987998033530523,3.0863573310610408,1.4123923214254461,1.4827947257271867,2.105705817893516,0.53500260881592232,0.11779866825253135,3.8035781819030925,3.026886193337686,2.3460704997996271,4.0575209204049338,4.5862638888643028,2.7697876567706001,3.8204771560634119,0.35938348437312262,1.3247643199194958,2.6787148508719016,1.5888286336073465,2.5008843562698639,2.1864043305138217,1.0769893742995011,0.077967973964548437,0.42447805946237882,1.2929223303612392,0.33244975870738164,0.56633839508726436,0.089158298676660197,5.8803963573797278,4.9247743618991136,4.6420744558339946,4.4416765666767519,0.71927819355092537,0.45501317140989955,1.2819836043184052,0.49296338641147364,0.29333086948366383,0.63330777767900892
3.0523391855697475,1.1487209437873453,3.0751355230084019,2.8792545808148398,1.3576054733950451,1.3650894349820779,2.0179655540855848,0.53037236040591951,0.1167065770537237,4.0150514262842112,3.0716853020866788,2.391386963808269,4.1228283598901969,4.6362289997444392,2.8297669474455391,3.8996303756508461,0.36045108569034234,1.3372402438023443,2.7732143969854426,1.6654444506009685,2.4337174246233548,2.1303114103160028,1.0561099900584878,0.077870161164297957,0.42384348035634162,1.2162254160222272,0.31448046743869623,0.50040058813228361,0.078072989109169239,5.9296632065124211,4.9715260224731219,4.7564373181771709,4.4807916482698626,0.74831190693684191,0.47014891776705198,1.31839874900365,0.50455987480881581,0.29837459622888335,0.6283460911353641
2.8580122913278219,1.0858260264938058,3.2510966619642074,3.0120254328012153,1.379861641295026,1.3722284151778563,2.0256834321882291,0.53053199107408855,0.11670326534932512,4.2831313403211535,3.2157343694256277,2.5124648924018493,4.1733164207178142,4.6764903854742226,2.9103085838535452,3.9177741553890391,0.36107986195154973,1.3418187942329232,2.9496202017262143,1.7745760168799032,2.5534919027342986,2.2631195628034551,1.1202004601314521,0.078531649575571905,0.42780465491926917,1.2256903470587619,0.31498137145136296,0.49706536739878648,0.077119279541583305,5.9707590084884679,5.005276398803665,4.769309340302736,4.496401068679635,0.78309889677518452,0.48271623140360581,1.3607732078741046,0.52054651621648151,0.30824368656425005,0.64849225418712908
2.5911227417115401,1.1396985213678898,3.2263435513905145,2.8815572947281067,1.3177199685777032,1.330814930494109,2.132006569112527,0.53189646432976101,0.11703515463467198,4.5998074130253848,3.3832128181795902,2.2717162508921507,4.236851048001455,4.7309028980996528,2.9703843479598828,3.9549760878615459,0.36178699986403412,1.3465444833186782,3.1620423439487317,1.8939296367475085,2.324943383115663,2.3523285282023356,1.1158942054443213,0.078107258812015717,0.42199812632529188,1.1649517202833732,0.30707161382584269,0.48703929284863207,0.074892857466101179,6.0178010859121525,5.0439565034358278,4.8075102367259674,4.5293853460193896,0.82020553113995831,0.4968061922910319,1.4061308699534327,0.53537289271485977,0.31614455448559081,0.6583795340696379
2.7301831093097215,1.4713578941801571,3.4470562685179149,3.0148319309194229,1.4119581486298864,1.4249857863679249,2.281857215633508,0.53626454735030915,0.11802596840848598,4.936304774156512,3.5965655262557106,2.430529754070236,4.2721787261172635,4.7825603262746235,3.0344592991298769,3.9911450557250281,0.36249264176368551,1.3512791558000004,3.3857871527499963,2.0081236968916989,2.4690824426328817,2.5246441863016993,1.1961101273066841,0.078883956080989984,0.42700315545603384,1.2003327349165434,0.31437768621280648,0.51128548642975802,0.078662323891254535,6.0700776600124353,5.091961458983655,4.8860935328298361,4.5770370069001034,0.85540148228726987,0.51190306552341813,1.4552044785300238,0.55252985786587416,0.3268875857348309,0.68310850542948987
2.9464496471846044,1.6975087173516163,3.6740402434362145,3.2216371430518156,1.5081195477189342,1.5229993995397726,2.4379560031889422,0.54031385754937289,0.11894542891647485,5.010287846917179,3.7979520593539764,2.6038843905599958,4.366373332983966,4.8770344222291682,3.0839710861124932,4.0221900116412685,0.36316615626468007,1.35593108301084,3.6042306810997706,2.0660452491867356,2.6680141319509163,2.7103007039853302,1.2843202414514094,0.079741525986526465,0.43243632084977524,1.2394972932289769,0.32226280840825694,0.5303715990001987,0.08193181214748646,6.1506895953220795,5.1588489723160427,4.9357842449511997,4.605529362156334,0.87345921864335174,0.52005850104954976,1.4880677592147906,0.56466192054494913,0.33480429162544351,0.70430567015200785
3.1073640155209676,1.8653373376665714,3.8627183776619622,3.3708805024378843,1.615167105821697,1.6318559640043904,2.5939810761921471,0.54416923628729419,0.1198206092499409,4.8335389048747999,3.8706668965193756,2.7152152060189123,4.3596384933805838,4.634812998845101,3.0317108968425241,3.4949419315434311,0.35979180531298449,1.3044344898406885,3.3963371196804313,1.8852855984337962,2.358656712287873,2.6056161056898692,1.2465020841071568,0.079089083172972752,0.42956940783196973,1.2570290610072681,0.32700187526786922,0.54242172038986813,0.084041138538319612,6.2229626160560176,4.8465554343160004,4.3516102488056223,3.3030370282911834,0.74499448209824481,0.45082380153986351,1.3660562911988379,0.52967884595477188,0.31580819549060646,0.67101091439220673
3.2798951116573831,2.017903624809843,2.1725877632150756,2.4953888912567912,1.6271201413920173,1.6392533155463935,2.5414039001207787,0.54338525539786031,0.11966303623743875,4.4545454199951839,3.2620121516482894,2.7826351595124117,3.3117535102089275,3.3619757588579504,2.2438820610552561,2.5661522340709499,0.35024665049788206,1.1716208100720855,3.045049086411459,1.7112082807356213,2.3653569781030965,2.5839962794950946,1.2423452838470777,0.079238626736678683,0.43084522979236856,1.2781521009966583,0.3304989354211656,0.55166413306457029,0.085773891228437177,5.1749807360033575,3.7083912511649473,3.4600576241639591,2.8965056754493785,0.66714664247773769,0.38174966953351841,1.1562382081333338,0.42986520037009018,0.25208094825689809,0.53740851139348955
2.3564507620497293,1.7846693632626738,2.3032715873819796,2.4802039261213302,1.5463380744208424,1.5647019888319988,2.1918630138459609,0.53814716920542904,0.11853306130024599,4.2893753344889474,2.9893640562025343,2.6153578202007632,3.3308346739480799,3.2707026887011499,2.2324537665804227,2.4285651576498157,0.34825943422746342,1.143025624222175,2.8665091696166098,1.6369776317380458,2.0135498852824791,2.107761716236856,1.0259640465834923,0.077542271773505478,0.42085158489712587,1.2444835644263659,0.32356964307232805,0.52420793494697404,0.078321815168831257,5.215420633905687,3.5603584315601511,3.2090309438967681,2.7705847666980432,0.6372703131687032,0.35940150845368907,1.0883479854492255,0.41204050664326503,0.24303588211028085,0.51638589331857165
2.1442614872091634,1.7895115569128588,2.4783308750240365,2.6443919833205816,1.6561325554789461,1.6747577838563843,2.335734624472702,0.54207443920484932,0.11941788449715911,4.5649757690516788,3.1948998266838653,2.7965675695223209,3.5016779614563625,3.4694285706157055,2.3626710266227935,2.5926328935054279,0.35102464805234762,1.1766384017307927,3.0664767959623482,1.7477366001192041,2.1289401061318545,2.2469839574999493,1.0939699435279941,0.07831830685127901,0.42576030019610728,1.27847008582495,0.32996242600869791,0.53157622520201731,0.078457980420872556,5.5862408223455455,3.8095421043994602,3.3911500650356436,2.9486882798443932,0.679945413637837,0.38167225165758611,1.1540358914525406,0.43680093908877304,0.25784511503164875,0.54862278976826684
2.015733999005052,1.8463717025266717,2.6641824873114661,2.8184959213967806,1.7751313403165676,1.7952819755344598,2.4969308152857956,0.5460387507030604,0.12030949927894055,4.799410991172917,3.4134215869029307,2.9983896220897619,3.6885772399031311,3.7070295391875456,2.5030613596528126,2.7703316680439012,0.35374132188830049,1.2111328277675995,3.2777566883130596,1.8554164752725839,2.3013818441310381,2.4195521175183616,1.1783954674316903,0.079256489241649825,0.43153848763793007,1.3161176520876223,0.33709485343129864,0.54591088835120416,0.079957600647511923,6.0038360794895507,4.0995637714848288,3.6367531519896312,3.1551494882789868,0.7240564701833101,0.40784428010125701,1.2275089853100807,0.46415561553088591,0.27415528762929869,0.58394818963658002
1.9324953729041634,1.9184446640745136,2.8685615646760256,3.0338166458328466,1.9042794764476361,1.9249971728146695,2.6893038901566033,0.54997531257405186,0.12119355331821668,5.0058508398328962,3.6509176978675768,3.2162809846000289,4.0162710092903779,4.0322381884580052,2.7105676502068827,3.0228129676840396,0.35714407927083214,1.2491568465377909,3.512622080408053,1.9654445836619336,2.5103531900016605,2.6189473143143736,1.2758369573277146,0.080236108318958166,0.43751675997877443,1.3534854319970333,0.34402766668191676,0.55783875167914232,0.081087436987370073,6.1620450706194623,4.4305034878363703,3.9278055978213051,3.4464091254093803,0.77463009331934429,0.43834980613494501,1.3105022741038119,0.49752912605427807,0.29391823496134034,0.62628661321765366
1.4195816716515133,1.8125750208296563,3.0509046431947238,3.2296613597909691,1.8164969206261363,1.8241302465315801,2.6205403571256722,0.54780566156372057,0.12064755487858882,5.0867888137144375,3.746623521740124,3.1024202095630207,4.3700057896479247,4.4443629240490576,2.9202250525688349,3.2737620838548067,0.3600729194306509,1.2832221026299495,3.7199840173919969,2.0456320621462423,2.6908962881204244,2.7499227546209575,1.3361283454052686,0.080955126026979754,0.44140951982546384,1.3502316518263691,0.34137954040757301,0.54949007625002122,0.076255011762815544,6.3170132924135771,4.8859308584346213,4.3039479186364966,3.7647550364377174,0.81903432867349368,0.47154520626706087,1.3850331084893399,0.5286544451359253,0.31232687609692256,0.66583305435743001
0.43372687874624394,0.76339406972361945,2.4991581022180145,2.8284274552705821,1.50832689756574,1.4843903343084235,2.0848968334733513,0.53471180640650773,0.11761284614398022,4.3625424047254109,3.024700877957101,2.7029161854562442,3.2762835732818916,3.3170907323650343,2.2456621077603893,2.4886640595494032,0.35134073333357596,1.1650391033182723,3.1117282138448012,1.7301939485414086,2.5017422984464175,2.5026617923370886,1.2145102340290908,0.080315112000276592,0.43668796774149504,1.2727497137488724,0.3211338814033094,0.44351770954104808,0.047281138952619567,4.5094731515561763,3.5437267149851546,3.1782501168261654,3.0590135743983295,0.68308246469259337,0.37019364286604167,1.1169949993363373,0.42140292613911268,0.24967924943276246,0.54037911097408819
0.36892217050627396,0.69587270095130638,2.4412571980411566,2.6923832307699342,1.5699839823311694,1.5295712048964936,2.1525937585422263,0.53573231948600075,0.11783225484102437,4.653509439273793,3.124246062596026,2.8406936117745842,3.2833124338410511,3.3813285927753216,2.2695216691004885,2.5651793531170557,0.35300910237624883,1.1854550126114636,3.3097333811999601,1.8438331105513026,2.6282746477300383,2.6006448966136051,1.2631016198091323,0.080905369025523977,0.44032104638646613,1.2921147572849754,0.32292886274073851,0.42945854048530407,0.043469732081898929,4.5089113103469813,3.5682811897164224,3.2877870426510802,3.2498161301374862,0.72654613226632081,0.38811973615321738,1.1622088743476735,0.43418775820958883,0.2565276331462365,0.54468241832490438
0.47592918284416835,0.90581188439754534,2.1840873558437024,2.5536155534963108,1.6727743886462734,1.628698801959112,2.2709059865856029,0.53934326736888305,0.11865704168584802,4.9748967863715015,3.1549120492355032,3.0331415005952707,3.1588136521177672,3.302596132933779,2.1896373138319531,2.5691367972140875,0.35358793300375113,1.1911216261504742,3.5220282891711623,1.9695716126423624,2.820363696941202,2.7672713356227847,1.345866865927638,0.081697778217866682,0.44528972828223795,1.3288964162545507,0.33015244031150687,0.46757915034381997,0.050577289751504821,4.8090565903879456,3.6918490760932778,3.4855633363063045,3.4880597717933299,0.77691379774715363,0.41316537204102599,1.2082563853090502,0.44028053854227306,0.25847172023576287,0.54309622319604001
0.63642550294947631,1.1928013560897384,2.2118577549059228,2.6722185049349627,1.7925134025358065,1.7471292586143987,2.4295456265279269,0.54364735058668978,0.1196358521078387,5.0713310852877491,3.3278827930364403,3.2432197905406621,3.3054623855110021,3.4812684878147491,2.3009720872899497,2.7397328376182046,0.3562816519614479,1.2243631920718325,3.7538047326885771,2.0557084951090414,3.0428004270629097,2.9678907236131487,1.444130770353524,0.082521893708236024,0.45040549328177637,1.3655918602911727,0.33761750020429299,0.50515889383897383,0.058811476279857867,5.2078289858503579,3.9731706025347129,3.7494720630035658,3.7445863663726731,0.81913073490431731,0.44019499110276555,1.2783851353972997,0.46443787193290798,0.27199553921042657,0.57166160972989521
0.80797011128953788,1.2907441606988808,2.3179868602660081,2.8214374513609708,1.9083433458470542,1.858577541283988,2.6052660697277803,0.54753202307674687,0.12052025148452447,5.1501688092219942,3.5479156859958065,3.4547581558466378,3.6029809418495238,3.8220905937569083,2.4909816010189245,2.9819005727613823,0.35955449204999318,1.2615248430743264,3.9282394548711483,2.1283475705697836,3.282472264087188,3.1908123057394873,1.5517933122484606,0.083324920977836156,0.45530369256516279,1.3918644417182797,0.34280033176978925,0.51944392141526541,0.064203447247412296,5.6740340876645048,4.3333607429047198,4.1094961737419577,4.059450556262191,0.86122071761902808,0.47267193433962301,1.362425252837216,0.49702106603186508,0.29068507899109713,0.60645100800195118
1.0902809238465598,1.639416009307628,2.4965518056393217,3.0248237542086795,2.0325464346438831,1.9804871713537673,2.7836091264204925,0.55127947551258194,0.12137286082869293,5.1895510983370965,3.7798522091333684,3.6563662454418888,3.8589078651312199,4.0743157776848706,2.6630187883019647,3.1988490199525343,0.36222825897482042,1.2944802353123812,3.9572728914704993,2.1640400412618201,3.5356711220690347,3.4161108407804908,1.661786681766368,0.084085614186073465,0.45998463990283428,1.4257907279913105,0.34963314675001811,0.55134086004762062,0.072474653137992034,6.0686758218922092,4.6216775203353073,4.408047569020936,4.3521211811721976,0.88802710373184601,0.49697113245972108,1.433466483528371,0.52569463245341508,0.30777498018155747,0.64360034748797645
1.4581752816441294,1.7749271398752973,2.6868828885417746,3.2421897208851642,2.1635880759507895,2.1115511226411643,2.9670640116636333,0.5548258390678108,0.12217882652697773,5.2264972271303884,4.0167989649734563,3.6831881104517636,4.1696740692413181,4.4192552913926049,2.86347284163524,3.4389929581706733,0.36482558903203222,1.3260952419866585,3.9863670174225376,2.1797073247692853,3.7968332740075641,3.6457944120567642,1.774159674434785,0.084802307748047576,0.46440549386262531,1.4535532787123933,0.35559543553598855,0.5724165522522664,0.079413722505280115,6.2501559474969932,4.974289139933024,4.6999230714333144,4.6007145291847289,0.90553626250125008,0.51786055169280043,1.4988773286483654,0.55456267892327582,0.32504083930786309,0.68147405758524393
1.9458351745898335,1.9177647222145824,2.8868978893432975,3.4634287941892343,2.2643671732470301,2.2258741685331498,3.1556273221687188,0.5579915095862692,0.12289926627503392,5.2663576806241457,4.2557798322080149,3.7103136380459989,4.42381308161786,4.7469490772280896,3.0431806923915832,3.6810973076999498,0.36720278263662381,1.3556125395660377,4.0159569193585458,2.1961053577175069,4.0695397832609563,3.880527721678062,1.8891933570026116,0.085484782450691355,0.46860220367575356,1.4804911165460839,0.36128353258294527,0.5868633960740669,0.085116975866717307,6.4080887644733071,5.2451132686857136,4.993036843336883,4.6343659311746324,0.912289017346678,0.53506376423125557,1.5517561762956043,0.57895340349833768,0.3398878763312021,0.71521591523004058
2.1093825409824398,2.0801887430133994,3.0952416690200781,3.688986948877937,2.2809948533612148,2.2880937786075952,3.3456458085739227,0.56059274892956101,0.12349383498254034,5.2910833018491008,4.2990266649661635,3.7370841633144112,4.4293824113564693,4.9063424104474258,3.1157199198112888,3.9223870337420568,0.36938443893126821,1.3748626911416699,4.045136506319869,2.2091850634427908,4.3482657572380869,3.9890845121159435,1.9546858694127522,0.086054781281368245,0.47185702264620716,1.5043441211356896,0.3663540501071727,0.59996264083199147,0.087793796000903868,6.356915718679728,5.2239236508699785,4.9975691916831559,4.6608933481565833,0.9178092815829878,0.53701355000041306,1.5621747762720073,0.58648230469791629,0.34541318945369237,0.73215225483070756
2.2830542996091601,2.2472530898909349,3.3129168530550772,3.9180367809529271,2.2977082521484937,2.348089853804459,3.4130921404970724,0.56238624663668435,0.12390899328900501,5.3343944106807211,4.3307429471915553,3.7642309912695291,4.4448893119216857,4.9256357331336487,3.1312478833441251,4.0323194939690863,0.37064745320893833,1.3811591958501828,4.0749883090600028,2.2264007051497829,4.6407834092106341,4.0183672135021826,1.9755889833555864,0.086540543412953322,0.47453520232056073,1.525856262381396,0.37080168558499732,0.61183906149951595,0.090303364678082143,6.3753904721464183,5.2415868298633113,5.015476962685514,4.6931052972686897,0.92471908887071153,0.54005695276329346,1.5716403222375297,0.59062404365196275,0.34898721769196822,0.74524099218389861
2.4759687691438139,2.4323465970923555,3.5393147918988435,4.0523545289665375,2.3147099500324604,2.405828008756449,3.438216367124431,0.56386653433712741,0.1242534694994778,5.3752990247808308,4.3627423434688222,3.7920659403725749,4.4833492411363034,4.9693892636783792,3.1570081771704119,4.0629410407731061,0.37133917803202604,1.3859696364774399,4.1049296649680347,2.243147425746657,4.8936362577140651,4.0485620731091556,1.9904242951279825,0.086966529215374802,0.4768921546497874,1.5456591095955181,0.37486399557110422,0.62310134089503411,0.092758479581953199,6.428128468616416,5.2881631690997573,5.0587484550266213,4.7307945530326103,0.9317789238676556,0.54443153803944699,1.5831054957657933,0.59576801744405095,0.35299023254283446,0.75797819791640175
2.6668601814913178,2.6202762144714944,3.7715560038539917,4.0817614870488237,2.3317319929895564,2.4273799878619502,3.4632853988080141,0.56506781755842539,0.12453470191796956,5.4110944734041828,4.3948768202121338,3.8198760664407474,4.4745470088716353,4.9672930319555828,3.1620915094095889,4.0872284666646514,0.3719986954410715,1.390641800425094,4.1349327285845074,2.2587903855991245,4.9283864876689787,4.0783521883122082,2.0050637891380596,0.087232727018233369,0.47838844143135029,1.5622406598905489,0.37834796866116799,0.63312442237271949,0.094968466303104154,6.4612278408473269,5.3081544869427155,5.0680441857314875,4.7570802030644899,0.93798466046595907,0.54682093610559701,1.5913027974839311,0.59888186807334731,0.35570356825117661,0.76712679019607644
2.8866030627855483,2.827639430337757,4.0094220778470477,4.1118664210017579,2.3490789067446989,2.4454128404660396,3.489146376240746,0.5661914880583685,0.12479341450916641,5.4490353161391925,4.4274823776685217,3.8483451331769873,4.5269375201394366,5.0195391637067486,3.1937493785253852,4.1199538761958818,0.37269969293146232,1.3955001464483987,4.1656052406413844,2.2750658262196914,4.9644097190872838,4.1083945494836476,2.0198465538908401,0.08750069134631315,0.47989461457493737,1.5737247923894289,0.38107016249853903,0.64191264343318044,0.097062724113436083,6.5174325593854734,5.3543842526132552,5.1109785305490956,4.7929661238033283,0.94484262703792654,0.55111894284720819,1.6027047286368878,0.6038248973685113,0.35938547076960609,0.77787700606353982
3.1061643460932942,3.0484142400703398,4.2496490291481432,4.1420090918519312,2.3661764489285035,2.462930290391506,3.5143163177580026,0.5670978962619575,0.12499485010374654,5.4937692434802479,4.460160082978736,3.8770038318615638,4.5858509314133302,5.0753137871981426,3.2279447594707316,4.153814367885909,0.37340927427455833,1.4004018883146756,4.1969103243772148,2.2929722347349495,5.002454382782159,4.13889550760784,2.0347105923610389,0.08777080551030006,0.48140954783409623,1.5800055882743227,0.38302221849198975,0.64922293526409536,0.098878583343874338,6.5793750383342173,5.4115122672313625,5.1741384504255645,4.8356857511992368,0.95248245323363012,0.55668068134064763,1.616189625327034,0.60928603998133113,0.36330003252973248,0.78886943803666687
2.491079859775343,2.0794984360850557,3.2641065581080833,3.5282018393158587,1.8050736713702387,1.8402413399452136,2.7987636514197147,0.55525495965078098,0.12224352370692636,5.5329920848008447,3.9439085128749372,3.1070056260054968,4.6637233822569195,5.2149752418009685,3.2115424377408912,4.1824136930185078,0.37408055199277024,1.4039040390341408,4.151417753664429,2.2959906834219752,3.942206377534037,3.7323067088410964,1.7858678026195816,0.086651497653022241,0.47228012740455233,1.4253938010559286,0.35398394771720204,0.58498463368513909,0.087824308719519364,6.7489945641682132,5.616282939666168,5.2821619844003944,4.8764650898880157,0.95566590188531009,0.56311376924450196,1.5808033049697299,0.59674855997702192,0.35179743890377091,0.74539728411674078
2.4068362495390003,1.9371304014223785,1.0401947693655487,1.0582186170358761,1.083490934026305,1.1361534335664556,1.4620613673162708,0.52093836646898728,0.11464305813150059,3.707973942783191,1.9637339311671014,1.852538079640931,3.695658611729955,3.7247769392371559,2.0875495468415961,2.6939459489965851,0.36039928787897574,1.1705404167523716,2.4016701129708991,1.4655032793032967,2.5142377158047258,2.1531849323766399,1.046858433995792,0.082315656354205069,0.4444855329281347,1.2351854683380667,0.31690882809104165,0.52514441127431422,0.079531693232575043,6.6584982366160466,4.6723651027291364,4.2775099893838275,3.4798920486277658,0.62798295662645842,0.40580355056071388,1.0229569184389324,0.37752618181642383,0.208700614393932,0.34221474039812699
2.0104465101862181,1.3787785779611101,0.3210610063476157,0.34441012872072013,0.24368339050741147,0.27137369975179099,0.3208104790018631,0.35626212697831877,0.078278745068398103,2.2994543707432924,0.57709493493536157,0.39326007878233349,2.6768886301825474,2.4850366725396356,1.1417442433201874,1.590502175593673,0.33537618212453379,0.8812913450302664,1.1979315437368325,0.83091490613960883,0.89257930447067135,0.66052810029694109,0.31256285688270413,0.064389684883320475,0.32807801574905837,0.58171219184709533,0.17208715147169512,0.29288848403176926,0.046179311333701165,4.7657251076002716,3.038439353201456,2.7051405619554862,2.0644131470306752,0.36054058091299207,0.24235221112191099,0.46084709402356855,0.1738194095722784,0.091095672399096467,0.15116579342658715
1.5655657045058164,1.2045726989609133,0.40303520735161796,0.41511826616820729,0.23754306981875212,0.26694279698670992,0.34813365037449795,0.36169815439083797,0.079414701483190742,2.145586407093548,0.65566079850212899,0.35053408519476092,2.7180842622662431,2.4502562783998791,1.2149309008854057,1.5472663483566524,0.33394932821887752,0.86925556304344842,1.0725979904756102,0.76803491973793137,0.60379891422009502,0.4832609387845378,0.233747912144739,0.056839592016920619,0.28931577402206687,0.532189824090611,0.16292500804847201,0.2745512701325819,0.042571914132499708,4.5750280570295132,2.917724552154112,2.6241706547670973,2.0048399838087501,0.33868869037759336,0.23059967316801988,0.47975297084829571,0.18402533254189765,0.098913832113679129,0.17059401045582009
0.96013006142070612,0.7105796770326227,0.49805829459123918,0.53255424145794694,0.23119337580445654,0.24872759388798141,0.38676981090801432,0.35891029194873508,0.078428443287049968,2.2710703572887327,0.78071352053009224,0.36210004910762339,2.7165343312436097,2.5216781677003803,1.3738653278399782,1.6272992413118441,0.33719561816689997,0.90024651408008249,1.2982850521579858,0.85126920983852739,0.53012250064348465,0.50671637115703994,0.239746941142579,0.055343587883074169,0.27679416117248778,0.45588786806634329,0.14184370605527638,0.22779396967478549,0.034030537131416641,4.7918546619451723,3.038560941822511,2.7383361969186106,2.0355123024784683,0.36636167282252402,0.24597295439796255,0.54437061375751339,0.21011778404396356,0.11434567536604837,0.203273697048589
1.26542052813437,0.93550856038294328,0.53596938841814679,0.48009471229031903,0.297891737746311,0.32110317013345191,0.49006226696919952,0.3945128816904056,0.086369606205363422,2.409672180385781,0.9015359016888459,0.47183254805271091,2.899253457684182,2.7185487634607384,1.4151939342263185,1.7317858372569128,0.34076475958837849,0.92853690235436515,1.3619463264738072,0.89911635293490622,0.6656338289247612,0.65146577247288262,0.30788914738389833,0.060540711162001715,0.30773649216318621,0.55825866606978003,0.16958860277240856,0.27587118687479179,0.041655722510070714,5.2039156864190019,3.2868565854706819,2.9485628745480339,2.1597511303743553,0.38761357083478631,0.2620816658834132,0.59444409732771797,0.22444068275205833,0.12101134342622377,0.20696534565778912
1.4433320333512929,1.1314732207433966,0.69975566905811259,0.55301312824935311,0.40243941207762635,0.43089913101861332,0.65764572117827225,0.43160532992254586,0.094642586579707602,2.6280975870567,1.1703463731149064,0.63943641826766506,1.9682486967100286,2.0141380838240965,1.0866018235534718,1.4189169892036273,0.33050805232867597,0.86819702517885622,1.4708869140531715,0.96505585747679412,0.88120015378724736,0.87548238676528256,0.41309873406412423,0.066386602944940476,0.34279395998670886,0.6844978318358601,0.20113640944781885,0.32440934131957477,0.048643932123062984,3.3566545160443226,2.2991884795509017,2.1292697089574522,2.0700615106092521,0.40342507306273201,0.23280892498086841,0.61323040554014108,0.21664815445003111,0.12113359640828379,0.21987828209867269
1.9177814727951221,1.5039234565668667,0.93233080572827276,0.7254083487732631,0.53900242551021804,0.57633879711721903,0.87827008146468277,0.46561652452365421,0.10224581738479663,2.5408652050051037,1.478323317707251,0.86215721662378664,2.0548379042803377,2.0861808786462368,1.2574694600395717,1.4785860886541244,0.33338020018900438,0.89977760047378519,1.5522708342135196,0.96209245048945879,1.1845422240242482,1.179389914955641,0.55602724093535538,0.071800029063614823,0.37618656257861621,0.82844376074173054,0.23590509480085536,0.38655485633291248,0.058735159220162043,3.4647957200758976,2.3397383888087551,2.1564021924399377,1.8911536680331649,0.39492580972721836,0.23179353695494076,0.65990991643863506,0.24047963390372262,0.13686847418528944,0.25836710799697987
2.1046306814636373,1.7177467626497642,1.2436631555209683,0.97253112425862942,0.72859228524136788,0.77660267865096599,1.1589565937387354,0.49472057748217813,0.10869094372372994,2.7304632290132642,1.6017545907386683,1.1713186816357735,2.2323678287792599,2.2652237995402129,1.3632607281467102,1.600680389456838,0.33804746624964827,0.94054784568992789,1.6752963675015009,1.0363506617373086,1.5908234082267165,1.3869269370909925,0.67267316666508881,0.075801208621771088,0.40248874732531986,0.97981053379308192,0.26918953485271685,0.44446694123405811,0.06731991895530702,3.7730046109023987,2.5441905316702944,2.3264210610789759,2.0150938651880921,0.42434292637013188,0.24954903684475516,0.71028115985629547,0.26143950033421204,0.15130197024450404,0.29760927865101106
2.2751856980298886,1.8569349989655644,1.6117271393327726,1.314335915808077,0.80159465587449608,0.85200512209065082,1.2432898262265797,0.50207775153964795,0.11034473675063827,2.9686488374765982,1.7355918900284342,1.2927754106173821,2.4108084443765727,2.4529431091739822,1.4762022748704804,1.7349396434213744,0.34262124417095974,0.98292431144707948,1.8172655871103771,1.1245728754886852,1.7290537082754562,1.5046536487039184,0.73212378614497409,0.077088602468524364,0.41141478048789404,1.0431472952164658,0.28169735538231089,0.4690059421088546,0.071375818670727564,4.104747149506891,2.7629330994297696,2.5249381186349269,2.1874610416159901,0.46039605679585877,0.27078898891060343,0.76777245310524533,0.28423589769714475,0.16651918219787271,0.3397214696473928
2.4651961498415109,2.0099776617903049,1.7425758434256748,1.4607795026748178,0.86821164799863004,0.92244362381917644,1.344566992290043,0.50898726694128704,0.11189924243290027,3.225906577521958,1.8787820303885656,1.4029255505049989,2.6835551214022515,2.7255331422017268,1.6291351829039566,1.9077729041119467,0.34782973247028504,1.0302400155195492,1.969415735314217,1.2204896683658986,1.879042157674345,1.6317867849458496,0.79394275086572641,0.078298256865503152,0.41902708659697097,1.0873647319885857,0.29109696944719471,0.48694822944426625,0.074512011574206741,4.5427049617087896,3.0478749335142599,2.8037053007652344,2.392271164006428,0.50054222079506694,0.29730587769388145,0.83509411577151638,0.31040462377886691,0.18236579201914693,0.37942244759424315
2.6654271785086583,2.1725622778536082,1.8825672530698188,1.5826735784331907,0.94062113150202908,0.99869123326324183,1.4565082430589356,0.5156171216623886,0.11339093664082774,3.5156593543988297,2.0322728800466487,1.5218408670683037,2.9077525058749725,2.9628848101762499,1.7648641011367856,2.0740074421793628,0.35207252341657125,1.0727049294025079,2.1343500620358711,1.3261710671154117,2.0357250674102438,1.7677572985022458,0.86004010471093661,0.079437305369840061,0.42623599935826811,1.1312958886112423,0.30030191511388221,0.50463636067639395,0.077570140504730781,4.8949647966125669,3.3059208924766188,3.0478050624068262,2.6184091732915737,0.54462258101061956,0.32332860016611376,0.90262471743927941,0.33571839706784928,0.19751252430691099,0.41108363727397407
2.8700740242876051,2.342411590283739,2.0308419786400154,1.7030942653962846,1.0154956781445827,1.078189397734779,1.5673829780330393,0.52161273937062436,0.1147417847805882,3.7615600105805966,2.193363151382008,1.6412938318395627,3.1067310332939275,3.1836984299412183,1.8944245771226349,2.2421174603911664,0.35586771825629826,1.1132232327764722,2.3054427368763539,1.4262211202869477,2.1954602908830121,1.9084355693007438,0.92845889173799767,0.080488383474773231,0.43293104959557188,1.1734875231801418,0.30901154201425385,0.52156456590662814,0.080513538124748235,5.2427653967985171,3.5785006946320261,3.2973748191725587,2.8345623860376379,0.58684982446136746,0.34904800406978359,0.97049857930552974,0.36082837570008447,0.21233489298387831,0.44089435959566009
2.9955920331069832,2.4820055338150295,2.1896716750386234,1.8309848196627407,1.0984951915872256,1.1655370148087678,1.6937700832576146,0.52748953730890746,0.11606517211034764,4.0449705830449938,2.3665357603016974,1.774179446910648,3.2629927966472345,3.3795880005539458,2.0133237178035421,2.4127620730181016,0.3593279154054918,1.1530325374693275,2.4865064695434933,1.5362686825974616,2.3700412639831816,2.0585794336891303,1.0017910966480814,0.081508925405884905,0.43944240383931349,1.2147985833166206,0.31747116713126122,0.53763303889697933,0.083116313430390359,5.6022659623267543,3.8142718014403676,3.5206937471178423,3.0538192751232507,0.63214236201963536,0.37444522946780368,1.0394725535837372,0.38567935693458849,0.22707692393523646,0.47202685452896381
3.2270346984928344,2.6754274891077237,2.3614142559396067,1.9976040155261703,1.190628101481799,1.2614761983888036,1.8361441906440936,0.53319408115218059,0.11734939299346821,4.3862244796104353,2.5565312864799261,1.929977176172353,3.6076896226784956,3.7247419400624722,2.2070698684054491,2.6276727240796003,0.36312595370447376,1.1950772765645978,2.6899348223201618,1.6632486736213792,2.5744667576327593,2.2331269606142161,1.0866766960965233,0.082559210875148656,0.44608759736679904,1.2588218048272803,0.32620051918519055,0.5547202477568608,0.086122249832372433,6.0986446639124487,4.1645669208249121,3.8566669356606273,3.3198598790817346,0.68470214167688659,0.40767639913329173,1.1224335138736423,0.41825020779857058,0.24616948728230031,0.51178064054453298
3.4843118504137203,2.8864034569006853,2.5430692351948379,2.1612171271363692,1.2880978856371608,1.3630007606673684,1.9846755941269902,0.53846864282683182,0.1185374660877284,4.7396897572835286,2.7562787704952867,2.0938262552312277,3.9095451514959674,4.0505716724179264,2.387395871028267,2.8432430216172868,0.36647416006219807,1.234434204828617,2.9032461324477836,1.7956415964103443,2.7889457797884987,2.4159592815275377,1.1756265555292,0.083543574215270797,0.45233309688972123,1.3016126098689869,0.33454499290851919,0.57126665905426799,0.089085779081088598,6.5676743824237178,4.5361023972967551,4.1859803617945426,3.5975320264321282,0.73948673853174729,0.44127326487371848,1.2066685830045702,0.45044539835418451,0.26512066961900382,0.55142655270643648
3.7483283848113751,3.1050462971233954,2.7342480578675015,2.3328217619826646,1.3904959975478961,1.4697196451007422,2.1401235009681669,0.54335117752701367,0.11963757433735771,5.1048498096470114,2.9663992245275859,2.2637599304746243,4.2058036977434963,4.368149901534788,2.5692951723134319,3.0670760304378311,0.36956097396171961,1.2721383653790079,3.1267539194733764,1.9334260430410228,3.0117282136715566,2.6070813837748732,1.2686389786239227,0.084465806097741139,0.4581963827921009,1.3428149897495485,0.34246082178158643,0.58706467630508552,0.091928022500703699,6.642822182302548,4.907148467745496,4.4775256398821268,3.8878290242156655,0.79652489697482265,0.47373352844141353,1.2901572601270259,0.48257341630902134,0.28409371455722521,0.59144897973203758
4.0263809014984355,3.3355920283600744,2.9348207182359181,2.5140748283068897,1.4988134050499216,1.5824131947137794,2.3028333752102932,0.54789055408798915,0.1206606063453704,5.4350778145987171,3.1859410559238781,2.4426642738604492,4.5009734749807118,4.694172752291629,2.7550568865975658,3.3012013788640631,0.3724402080272905,1.3082326830819839,3.360384341497193,2.0681217594279482,3.246041665238979,2.8078784560442105,1.3664389937494761,0.085340384142328668,0.46375873283743607,1.382761431559596,0.3500142496140014,0.60225006306018536,0.09468193932312835,6.6950194218508319,5.2926544433430749,4.7719292089859948,4.1884935240834933,0.8534365597377821,0.50606306289764436,1.3741949709959382,0.51508543779991911,0.30333724360694148,0.63230796559852176
4.3153445507190069,3.5758181178723025,3.1451157577692905,2.7061333973121182,1.6141220375886318,1.7018074903798093,2.4750815356347386,0.5521410863607823,0.12161847272959335,5.4754698915875917,3.4158962229451437,2.6347563124670477,4.6220272679463674,5.043168859812595,2.897201366398833,3.5453380437642239,0.37512889529048865,1.3426200282128438,3.6047178934129596,2.1525498951732889,3.496176887840857,3.0211689479294512,1.4703585219962545,0.086180596782655661,0.46909428430574301,1.4217307943065525,0.35725732200191612,0.61687178269459408,0.097346139656791009,6.7732818930091279,5.4910625263582791,5.0469981086801123,4.5015437486449077,0.89732342385020047,0.53333909109303745,1.4516839974065798,0.54363981933677519,0.32043849900828775,0.66973930291424122
4.6144418422225382,3.8262538457917308,3.3637386718952134,2.9088643477671225,1.7354088327855195,1.8269437149009449,2.6546550306091556,0.55608666342888768,0.12250761202923727,5.5163413433985022,3.6545206542513675,2.8381323423733802,4.6634031287609394,5.1637826181530722,3.002456497000245,3.7980486558471283,0.37763805944484147,1.3752002271796804,3.8578701351874951,2.2357120023005446,3.7606290201919088,3.245895162885176,1.5798899100544652,0.086983952745596241,0.47418693127412459,1.4594110980132387,0.36414452923144897,0.63084805502249708,0.099906083239465218,6.883682604441125,5.5791034738967138,5.2391095788583932,4.7886130718105493,0.93458495995591717,0.55445910368752716,1.520654165247507,0.56804848502435501,0.33527082116431528,0.70341743805011414
4.9229225930626912,4.0853159547665427,3.5899376736729534,3.1197907976986681,1.8625370313173819,1.9575740103163315,2.8421040179823223,0.5597543764716929,0.12333402273094592,5.5580427027689829,3.900847798507117,3.0515215103642097,4.6994081267467909,5.2095086035472633,3.0990268057711847,4.0544729240511774,0.37995831552978243,1.4057325368980285,4.1177600867589241,2.2926296985852903,4.0373412149695787,3.4795555386792865,1.6938794902635042,0.087748039276775172,0.4790218886203545,1.4955158722956048,0.37064611060086228,0.64410964602858856,0.10234939755500026,6.9887657777898236,5.6609518497480371,5.294021980266737,4.8251388874815468,0.95238102516033896,0.56274650464383458,1.5703543920572853,0.5870323442201234,0.34709374007130472,0.73184388611795803
5.238693167589572,4.3513560459057326,3.8150595967513468,3.3364089572305642,1.9942868584659663,2.092490507030516,3.0337537733631095,0.56313284614820636,0.12409521721829138,5.5995949925994415,4.1504157045254155,3.2724476244177496,4.7343308791226386,5.2501915615140504,3.1916551457233395,4.1400777432461444,0.38140256692349839,1.4202220375150592,4.1677336930885938,2.3129243070947441,4.3233970417268122,3.7200857314531635,1.8113555878781198,0.088472173073843516,0.48359476001471008,1.5300043625632043,0.37676502527765299,0.65664314275551994,0.10467033852126809,6.9845785811377867,5.6882512307581692,5.3215874268326839,4.8611002154685137,0.96029617746100671,0.56659901028045512,1.6083857034530498,0.60276842659490526,0.35705610583571984,0.75628620411819614
5.5582958992436637,4.6217806094874083,4.0501607365447967,3.5617714949754613,2.1299634003266963,2.2308672466581072,3.2286537618297331,0.56624207395265647,0.12479561887177751,5.6404829980643418,4.4033646314637114,3.4998641807616213,4.7678489403506301,5.284946214286955,3.2797660109597775,4.170526968617974,0.38210900512550988,1.425146977346603,4.1984553571503049,2.3298985987773095,4.6168327208957658,3.9661825679365474,1.9316551989445976,0.08915856360805105,0.48791696265127649,1.5627155861749986,0.38248651623106644,0.66840552504070638,0.10685793779597742,7.0978838339364332,5.7340592159761004,5.3716935071122274,4.8966766220752111,0.96734393979090316,0.57130553956127095,1.6386949685540853,0.61623979385063665,0.36575065961565567,0.77899563661495808
5.3314727212310853,4.6017192582175381,4.0459428381942226,3.5437795859449155,1.999601085686644,2.0928087792584908,3.0168056889017891,0.56354060098824943,0.12418074432073915,5.6573674153638045,4.3217962986720018,3.3365593485312783,4.5312847136023366,5.081840823632338,3.1690717510119266,4.0402557733043345,0.38173765387606939,1.4172963489397583,4.2002770319275937,2.3346963871851436,4.1273605326219149,3.5900629973171618,1.7535913684614621,0.088593847097446804,0.48426596633265645,1.5376414089140895,0.37802548063234132,0.66082077765995262,0.10545347675769443,7.1944154820991404,5.7766598580381379,5.3797781013489931,4.9094049737355423,0.96941515475359064,0.57235611210947235,1.6330024814045407,0.60897630307060113,0.36169188361066479,0.77300798165844498
5.2878094613477229,3.7274761266648437,3.8240618576140468,3.2753624397612318,1.8475248096797723,1.9147640008579727,2.6927378433893154,0.5590631922683198,0.12316524968004229,5.6974474055136959,4.1920274160092257,3.3075803802499895,4.7733059642654911,5.3009281326733984,3.2809923078763821,4.1842269009732691,0.38321305673865369,1.4301990974253898,4.2167944326838729,2.3489623139589733,4.1715915313775964,3.7778629836705786,1.8237128927720276,0.088977680320629124,0.48560247359742592,1.4987182382229871,0.3699947917821505,0.64176402192474946,0.10257227551921497,7.2195666668005005,5.7978434248298258,5.4213694636935434,4.9445703760336297,0.97562574873948071,0.5763812229379619,1.6306692577662403,0.61328561548461868,0.362600279736562,0.76166792696452756
5.5936433912876478,3.952188885021195,4.0598168172326279,3.4787689771169217,1.9661030579216752,2.0361843896251157,2.8713207945673167,0.56246730593145988,0.12393359698839944,5.7266252382166432,4.4158525711304177,3.514582851757702,4.7803230209480887,5.3161911863127305,3.3058062766438456,4.1469528279641574,0.383256897114368,1.4284676583592177,4.2275436487255895,2.3575145592749664,4.4349239554530495,3.9598753203472561,1.9156392990114519,0.089609075334256494,0.4896238987562172,1.53127446241625,0.37589005100950357,0.65371931679401674,0.1047519157337404,6.8067196004912942,5.5451741430227628,5.199395155000488,4.9554198904889848,0.97872990671284976,0.56608852038363455,1.6334440034215283,0.61622822642414288,0.36541886768933968,0.77369644378380564
5.8097812919777718,4.2064502266565027,4.0691543417139178,2.8778642701625325,2.0427456260749417,2.121239864073734,2.9826620362772429,0.56480759246223666,0.12446653605857887,5.7477849713285067,4.4435266160554487,3.6566285435583308,4.7883719229314634,5.3267591765798006,3.311849032752435,4.2077585234602441,0.38436516495118983,1.436212688874291,4.2534291300259017,2.3693833190956139,4.6758794838496609,3.9274421243505206,1.9101586741795009,0.090027712185040062,0.49228365486744741,1.5573161999611684,0.38058351335934637,0.66375741324664783,0.10652546745577253,6.7550297653048519,5.6447967360302771,5.2797122954455347,4.9887076039913643,0.98430476675806489,0.57194019107715999,1.6473572646230086,0.61978020351231067,0.36746913950336646,0.75504228162186937
1.1620554564126671,1.5176315216202836,1.9436190676548688,1.5656618316946898,0.79858840147180699,0.84788106965616827,0.61204959434825024,0.46625138633511293,0.102640455801028,2.5363666925362085,1.8566457848803832,1.4265755762441901,3.8914335342160986,3.6102692115102655,2.2527201420120093,2.3469516591252431,0.36245062633371672,1.1094327331409413,1.992052643405591,1.0898138149820036,1.7302563816208729,1.4394804567938748,0.70418192167088589,0.079331322950883132,0.42391429101140332,1.1046580137924282,0.28353998601892949,0.46233093535785569,0.064071037479104462,6.3183787316727633,4.262064587205459,3.6896013299382346,2.4982662105864866,0.46995189781088142,0.3219220501137815,0.88923271526675651,0.35454713565755214,0.2082858041640899,0.41191404074812732
1.530588344395877,1.7042684883937276,2.0932764596099016,1.6687513650452588,0.85426175665405546,0.90897033512520309,0.79915475550481974,0.48701851593803919,0.10722282235951144,2.6973138842931239,1.9923439022907359,1.5211191748568194,4.1325005454880293,3.7866357749053621,2.3983086067828654,2.498565835562423,0.36561325677201195,1.1476191073409647,2.1269509402594333,1.1623750427770911,1.8371587741602395,1.530240195995592,0.74901573609532901,0.080310798771770373,0.43024479424459999,1.1442030890996047,0.29534418726223982,0.48652969572878441,0.070098318435515436,6.671221785408898,4.4555606912695058,3.9230655690737088,2.6681004307771481,0.5019264574496356,0.34328066863351564,0.94818004727162941,0.37802680568921726,0.22221884560273106,0.45077303885433728
1.9670919094063271,1.848520308838286,2.2592436211738325,1.8125557998536532,0.92981049449270192,0.98790632237616705,1.0771216642805088,0.50587700870458607,0.11138792671968696,2.9595705830287922,2.1588171682275745,1.6578671036138275,4.481098685049675,4.1399567633454915,2.5986435322725403,2.7142944161285114,0.36947892972205432,1.1914463227623651,2.3095733095301672,1.2690575073121444,2.0014387051728586,1.6664436183113043,0.81573208084925997,0.081614059406820497,0.43836135473902549,1.1912991788101386,0.30779018677492637,0.50925805069505736,0.075553410347036193,7.1256057586914983,4.877309255367221,4.2669458701219449,2.9135298021020684,0.54759554388239029,0.37405177170610826,1.0258215947418943,0.40909370896096831,0.24044484340076663,0.48879560351998458
2.1373591756896326,2.0040341576493406,2.4358365947016756,1.9663058927825539,1.008588255433909,1.0706647332246855,1.2119282847711976,0.51463463499667061,0.11333604999075189,3.2183437803850694,2.3354825280055236,1.7987713377462395,4.7693285366418605,4.4469865996545366,2.7824365826782129,2.9228198892037458,0.37283228627162657,1.2322718351196131,2.500170638893751,1.3769673587207283,2.1680288430555525,1.8049483058987148,0.88359737988046227,0.082795210476783065,0.44577271490504705,1.2366274106704187,0.31741582580535604,0.52797546941768936,0.07882036488660174,7.1178716889975657,5.2289871246560518,4.5434383020075098,3.1579913217423177,0.59376039671995973,0.40274344936310441,1.1014918478310374,0.43901451692570076,0.25810445995573944,0.52549861513173579
2.0471703292959331,2.0428711579641945,2.6240831430796288,2.134683416450156,1.0993587722031792,1.1642880872468,1.3343114311212338,0.52209387015291531,0.11499811176105006,3.5338862394481807,2.5287088734369445,1.960511644147382,4.8178546177968284,4.8661707502140574,2.9151117230315591,3.1659524723630215,0.37625597626124346,1.2731160129349719,2.7138666478262041,1.5031351036581533,2.2812656779434293,1.9674065500659472,0.95884061402454457,0.083745723266712299,0.45164160518836483,1.2762307042988688,0.32571942423640787,0.5420937165206704,0.080236480976430519,7.3383832812306826,5.7882658539930718,4.9109198766821578,3.4518464299219973,0.64767354493242657,0.43771197835909276,1.188190598554941,0.4702206015555368,0.27654690978320989,0.56401290344187283
2.1254967362650832,2.1413119831842544,2.8149760193389248,2.2968326963507173,1.1836057572647618,1.2515289222514328,1.4399582148777885,0.52784090901095315,0.11628228852260659,3.8276956021321618,2.715344832429611,2.1169409357136075,4.8528405521506874,5.2285740412916413,3.0368840961815948,3.4066820338296324,0.37924337501332855,1.3112607960285538,2.9286530983963464,1.6250204680948956,2.4612038032863133,2.1262309133344672,1.0360634129178004,0.08481456492854518,0.45836737819919354,1.3187832312836361,0.33370151491125782,0.5552825682196364,0.082268825334775142,7.4195028026632022,5.8384997059936543,5.181083285782341,3.7350959059345326,0.70002210151528788,0.4685995932850191,1.267855634062286,0.49888150650573149,0.29360473085487371,0.6002994031637886
2.2955680026653118,2.3081573005945999,3.0196722773296409,2.4746891389977876,1.2781071900826393,1.350386409459355,1.5567705839939812,0.53370814255540433,0.11759196975687031,4.1511167214775604,2.9221692639221803,2.2861018465114555,4.8886448068984638,5.3594314800920975,3.1431370075871254,3.6587435447607559,0.38204572676920179,1.3478809091453725,3.1562842761402661,1.7569515554517903,2.6612387287610875,2.2969344255039976,1.1192402464805207,0.085860838901123615,0.46494217955170097,1.361603653277816,0.34200149198682978,0.57204965324922785,0.085293289826033389,7.4853243465237602,5.8914437053733959,5.4478416226379043,4.0380638040885586,0.7563349865393566,0.50080721698204911,1.3516126839278126,0.52799372621270058,0.31098670337784151,0.63767644272148605
2.4823249480942318,2.4909329935537232,3.2334450627478106,2.6557803998133935,1.3789681676981151,1.4556436562633985,1.6819593411745775,0.53923292986535554,0.11882511209331913,4.4948843376914782,3.139842512425763,2.4657762612118428,4.8411557441306856,5.3754192265389351,3.2027093460723881,3.8592313803172171,0.38441584894410852,1.3817829046793195,3.3955133768255807,1.8963767037587327,2.8730065246294467,2.4780943955457633,1.2075673760408951,0.086856512150787241,0.47120578906492167,1.4032983077175145,0.34997027659905244,0.58839733282022078,0.08829749638429317,7.2688386717036035,5.8954999016691989,5.4324816541752963,4.3521910287080487,0.81545937050979389,0.5228329997390212,1.4217044008191122,0.55112387958955245,0.32508822019286526,0.66967766476652446
2.6835209363379073,2.6861733857386012,3.4554390196683653,2.8233829748292885,1.4861104443410811,1.5671568354037202,1.8155936965311015,0.54441820978659228,0.11998233858140396,4.8574734639593053,3.3611596949328222,2.656189209030559,4.8991120078582915,5.3876822525369077,3.2691812056677709,3.8838141572484721,0.38482232666163774,1.3834430951487389,3.6370262660889576,2.0359893448697153,3.0994496129499653,2.6705506307472371,1.3014571601385827,0.087810740674638108,0.47720517180264399,1.4439331552565504,0.35761709452349172,0.60423676545787985,0.091249747774029943,7.4755873104924087,5.90851611912188,5.4702402489818569,4.5700884179562502,0.86870838295685893,0.54352477945135802,1.4835264653440812,0.57212135081421744,0.33802370039766866,0.69942648049585898
2.8983896096118928,2.8930276103449204,3.684626678960734,3.0289390576145347,1.5995257228511652,1.6848436447742385,1.9582860061396752,0.54928205098091776,0.12106760412157705,5.2432851039110213,3.5981085287667116,2.8569782072960228,4.933647652548883,5.4228789203978991,3.3602487334483158,4.1451273568558173,0.38726029223312863,1.4162409596120056,3.8971931852548445,2.1896672467977361,3.338672029228714,2.8744745165543057,1.4009185829987165,0.088721046483672808,0.48292414840212428,1.4832435506400179,0.36491141018996814,0.61948239226152257,0.094127354056550525,7.4713000457337246,5.9279211075213922,5.4976299432653368,4.9108718660640243,0.93115609459522153,0.56588882245417638,1.5548716506663758,0.59678462102576912,0.35302311848735468,0.73360036651035687
3.1261620081098549,3.1112414217560742,3.9192950500390373,3.2438696418982067,1.7188007675343209,1.8082364548309238,2.109289105064958,0.55381949460047142,0.12207483427796165,5.6464225905169414,3.8429570597755358,3.0671242157742653,4.9713570430802596,5.4654729800701025,3.3927833952457886,4.2166292382261519,0.38907946723351078,1.4459236850143808,4.165427736010372,2.3322578832637042,3.5904278737319322,3.088689244479125,1.5054516339986579,0.089588041124034248,0.48836498311215748,1.5210641313328821,0.37182405581089567,0.63405593749517553,0.096910356298733957,7.586441380826674,5.9888267718224473,5.5498675038552712,4.9731526512542938,0.97392470949668652,0.582205280886817,1.6115815589132771,0.6145678198046971,0.36417139419958855,0.76116260492343391
3.367111058722426,3.3405621879707796,4.1574468710856687,3.4660703772220081,1.8435980434344423,1.9369042579309745,2.268444011156439,0.55804422185792302,0.12300599957547176,5.7052837769098499,4.0937191703148343,3.2856686101423622,5.0086373906191444,5.5062731937170177,3.4180751579619915,4.2479793698606407,0.3900251220728494,1.4529012208570329,4.2517333782130455,2.3623806977433115,3.854217212691764,3.312381849087672,1.614675222672842,0.090413363900757271,0.49353553516344323,1.5572778695001286,0.37834473954700509,0.64792051014221375,0.099589426106117637,7.6657508752837975,6.0422578731720646,5.5958409526270376,5.0099523289543173,0.98458833477979923,0.58784651748889938,1.646524419848054,0.62602994898148578,0.37173721767321166,0.78230193974513085
3.6226689008497197,3.5812334931090288,4.3970839100647172,3.6948928654289719,1.9737111180463793,2.070474306955183,2.4364826305425824,0.56198290362156245,0.12387427203846853,5.7474793356339111,4.3484935370195306,3.5121458362331008,5.0463953305784779,5.549482446951326,3.4437834715648172,4.2798036979313236,0.39075030330714278,1.4579605828113142,4.2832095194370519,2.379860616226988,4.131595408886926,3.546301175681978,1.728928848276607,0.091203114774841207,0.49846924089653433,1.5918828586598053,0.38449474127375982,0.66109721316813053,0.10216668364356891,7.725837123204383,6.0895075148316877,5.6382811430912678,5.047174968962886,0.9918813805303015,0.59224864122212451,1.6779707785011966,0.63649681949340375,0.37869221044145801,0.80217110006931569
3.892421229299138,3.8317573188465119,4.5924416255167904,3.9268876024102943,2.1080736409109715,2.2078311677340459,2.6125213403116718,0.56563850044983321,0.12468030166671155,5.7901513370143478,4.4551797645616169,3.7438197057467844,5.0838816377119249,5.590560626204562,3.4693194288041584,4.3113876400594648,0.39147465285432537,1.4630139344642519,4.3149252414272095,2.3975047523107453,4.4186474920111838,3.7874825041472913,1.8468158791637457,0.091953440986113133,0.50314380011346926,1.6246612609475608,0.39025118855573182,0.67352169367325676,0.1046271635616518,7.7746070160243939,6.1306994669818655,5.6780376061028983,5.0844999644506563,0.99922904783249944,0.59653869308472951,1.6956762292471603,0.64296159805089736,0.38318994047576144,0.81726478975067418
4.1741231464886273,4.0905156037937802,4.6264152055895682,4.100633288548984,2.2455656500019221,2.3477812445061166,2.7946875938442375,0.56901261443651463,0.12542443953755336,5.8328505047138375,4.4881292562819093,3.7973463841744191,5.1216796861586626,5.6327268539517359,3.4951059841155074,4.3434633315364657,0.39220135504242609,1.468078075636243,4.3468289121712544,2.4152089367150156,4.7134368047199775,4.0338234849879484,1.9673309888670765,0.092665554549381524,0.50756557734101093,1.6444269504986637,0.39396185019870261,0.68250575646957445,0.10658034682480834,7.8434232659048444,6.1817039165135252,5.7225954325876973,5.1220966632297058,1.0066116022350515,0.60107208997720096,1.7075448957319599,0.64754551831035778,0.38610531477742555,0.82842834831357604
4.4661442929971269,4.3538822412248539,4.6606457302061033,4.1059290596084832,2.3248370182153448,2.4296325525662907,2.9829298181510198,0.57178920745239881,0.12603717693637745,5.8757263602148102,4.5213393455460871,3.8254344354142011,5.1228035279221427,5.6536905586329391,3.5041701949779949,4.3686575660953073,0.3928988978189184,1.4730346535939001,4.3789976702920184,2.4328027615255303,4.9448254976119692,4.1046574377096192,2.0155878988203999,0.093167853210706197,0.51035206791586685,1.6540926618798761,0.39610960501961312,0.68875068907207848,0.10811030463666857,7.8475909097327445,6.1941918644136544,5.7339259846260342,5.1497669283286589,1.0134697944846056,0.6038310559043053,1.716642953736307,0.65053044624295653,0.38801463026721239,0.83518759537975562
4.7682414618590556,4.6244062679333515,4.6951259066050088,4.1305407604411108,2.3420355546350455,2.4476064692566584,3.1757900608518175,0.57391508454900286,0.12650681297989769,5.9168071030188187,4.554524876037414,3.8537291717033249,5.154151455755021,5.6878400964079256,3.5261969649049081,4.3982087102667089,0.39361566876655296,1.478007110064496,4.4103075388574231,2.4497358982856507,4.9813714934572886,4.1350052056108124,2.0304908954597205,0.093451637657849071,0.51194831837620491,1.6607708779014636,0.39769344635114295,0.69387576032007503,0.10944276784428279,7.896973283981608,6.2332718886601501,5.7710182207813263,5.1794636430931158,1.0202254616557074,0.60780297831855401,1.7275461395385339,0.65466247778519893,0.39049614142558475,0.84317770294945471
5.0747499345722868,4.8283760533077889,4.7297291673183697,4.1596709670147867,2.3584576089445997,2.4645751748090294,3.3681337565367504,0.57557982846738964,0.12687503463605443,5.9599168459600369,4.5866040737869254,3.8817741459029622,5.1898513786733647,5.72573388657944,3.5508704287150592,4.4302317560820024,0.39434374077210227,1.4830551306518089,4.4425420847307509,2.4676397760730815,5.0180427537270029,4.1646252571681268,2.0450302276190331,0.093735416248164519,0.51354357913464699,1.6674169203735509,0.39911945435389479,0.69815026258201363,0.11060705641725227,7.9391841262777954,6.2718515970281334,5.8098560503206471,5.2169258116753516,1.0276491256743894,0.61206941474363075,1.7388221050977755,0.65903204259459469,0.39311457971349079,0.85062269563790727
5.3893155713871872,4.8641713066421168,4.7647374683956558,4.1904883828712185,2.3759310506271079,2.4828299682707051,3.4694860484170862,0.57667644533394735,0.12711830700808471,6.0046945052110896,4.6205626105987223,3.9105663191348379,5.2270664291615523,5.7674432236790656,3.5766984538766713,4.4628954817093387,0.39507474550258725,1.4881499810942596,4.4754763367715409,2.4860566811393587,5.055079296045748,4.1951326582451047,2.0599907786190528,0.094020860306033766,0.5151480562717653,1.6741379359039583,0.40036934357126347,0.70066388958419545,0.11147658158660131,7.988537366178714,6.3126160980892134,5.8505727617711587,5.2560795171913375,1.0353229425007138,0.61650989609341356,1.75064969358477,0.66361058936229655,0.39585380427302436,0.8565943192536738
5.7100179074484174,4.9001679663138642,4.800004203010408,4.2215672422855484,2.393518771721542,2.5012062604624714,3.4952028490001412,0.57736336362807061,0.12727146346254425,6.0492985522633509,4.6547917859781762,3.9395355197055544,5.2675328847658616,5.8144115040880919,3.604090770558543,4.4965485459603496,0.39580979977693931,1.4932672171607517,4.5086395586179746,2.504498625606816,5.0925543218861993,4.2262362564607479,2.075260499038039,0.094307836020885702,0.51676199708557591,1.6808905702646508,0.40148648526565239,0.70280772813240766,0.11223642453179801,8.0759672569943461,6.373270135611885,5.9004805320490128,5.2951577676790018,1.0430060086321025,0.62140025930680287,1.7632103976877456,0.66846498399938226,0.39875107039517677,0.86287280100734631
5.8181418602008845,4.9363830822884252,4.8355125098544836,4.2528114636355676,2.4112091645450922,2.5196972185399145,3.521029765431178,0.5780496108021036,0.1274244656766296,6.0938150468461645,4.6892155621054341,3.9686109476133602,5.3052229741797312,5.8567198275921424,3.6302681894383912,4.5297067270961566,0.39654344751222931,1.4983758844138686,4.5419703387758616,2.5229724422162829,5.1300668509527112,4.2573948303955849,2.0905650114910594,0.094595593394583677,0.51838024813827943,1.6876594344652991,0.40260385228874851,0.70495222810418046,0.11269723998352123,8.1286911820790557,6.4179848664376191,5.9421544810031852,5.3336016790553904,1.050671528746254,0.62588534862376977,1.7751547619532961,0.67309403222455866,0.40152094365108681,0.86891352286988355
5.8606713055338844,4.9729415294304342,4.8712883510297234,4.2841270415087784,2.4290664881467672,2.5383534046497327,3.5471062994178264,0.57873621552384258,0.12757754115105466,6.1391192471715099,4.7239141712088459,3.9980408958094826,5.3436194299534039,5.8999601245918711,3.6568252562355932,4.5631265367489782,0.39727861993189967,1.50349375857343,4.5755931036724888,2.541688673892526,5.1681816590690168,4.2888491798834822,2.1060201308187549,0.094884747185850785,0.52000627541885391,1.6944628639681698,0.40372401385803047,0.70710120151810185,0.11307398798632072,8.1904329094608617,6.4657364919247122,5.9864090812460287,5.3731112042206295,1.0584607722278392,0.63053512243595755,1.787383731127254,0.67781884407063264,0.40434634681974441,0.87506395627081002
5.9032287729458925,5.0089711625995434,4.9073346321806897,4.3158399725099112,2.4470381893999837,2.5571334905866165,3.573363099082949,0.57942255411168464,0.12773055161786384,6.1846047910728377,4.7588800718265816,4.0276237951331169,5.3834795957992476,5.9443776930627772,3.6840496442012691,4.5970273456967261,0.39801594249589417,1.5086250111410415,4.6094622640292933,2.5605026589677329,5.20644385098183,4.3205984813157308,2.1216094463479727,0.095174927963905087,0.52163794759712212,1.7012874359430779,0.40484509391337892,0.70924926706047009,0.11345040296855839,8.252340942516355,6.5147787970501856,6.0310924296007151,5.4128225732423889,1.0662924603758124,0.63521943438795136,1.7996941514983664,0.68260053949784005,0.40720515348306296,0.8812852384001465
5.9468742705294062,5.0460022381400194,4.9436284801717418,4.3472985764193934,2.4651318468649106,2.5760433671126179,3.5997638454156049,0.58010846543394079,0.12788346149363886,6.2298581530999622,4.7940598600023465,4.057388271669752,5.4220864223266005,5.9860974472621118,3.710717143134608,4.6305224833172014,0.39875218797516387,1.5137474574899104,4.6435313879341242,2.5793226579996036,5.2448534806292058,4.3525031759841353,2.1372786560584296,0.095466052902883708,0.52327484866059604,1.7081333669471983,0.40596704955702834,0.71140320815835389,0.1138288061197814,8.3086507412700676,6.5586295350872481,6.0741026043380959,5.4524606104013174,1.0741274268329914,0.63982381214281581,1.8118894469581299,0.68732367173448261,0.41003154968450861,0.88744548090666953
5.9908655868952643,5.0833627741132608,4.9802144649021907,4.3792249934309577,2.4833793460654685,2.5951103636763104,3.6264200913308309,0.58079468807390333,0.12803643493282102,6.2760588130843296,4.8295468060059141,4.0874275158556488,5.4620049041757701,6.0323791222618208,3.7382561497566051,4.6652999074802901,0.39949369853805849,1.5189034793463023,4.6779107833976985,2.5984355664633854,5.2837248934587802,4.384728016841219,2.15310210306323,0.095758470805241414,0.52491891402226387,1.7150092615643806,0.40709121002642579,0.71356170188906864,0.1142080667707385,8.3758243173956224,6.6116831673601668,6.1208617198258821,5.4931318508959111,1.0820925401980304,0.64464918510559299,1.8244227123609114,0.69218219697507455,0.41293612941590291,0.89376297157715967
6.0352087536915215,5.1209793182690371,5.017063664348024,4.4115621867973509,2.5017585620610445,2.614314819037868,3.6532726332885965,0.58148076550958716,0.12818936979905715,6.3225709910960219,4.8652896691790923,4.1176935187492738,5.5023056530860774,6.0776159365227533,3.7659205861017777,4.6999250992851707,0.4002350381178863,1.5240583396527767,4.7125342731120394,2.6176795242789503,5.3228768230991585,4.417215170712339,2.1690527220695475,0.096052006230688131,0.52656916332013948,1.7219103285348136,0.40821675778019328,0.7157229667204239,0.11458792245919386,8.4401508333685538,6.662055410264295,6.1667727590371708,5.5338097130700676,1.090105552173267,0.64945127291989435,1.8369929953562998,0.69705777421429682,0.41585141072043424,0.90010842564514426
6.0798230234189798,5.1588643846950326,5.0541774716131371,4.4442043546725412,2.5202697625194719,2.6336582844938459,3.6803083970281563,0.58216656251250898,0.12834223628067049,6.3694299348523629,4.9012907367287983,4.1481634331332833,5.5428601685862873,6.1222035759673421,3.7937035894514435,4.7346023635356964,0.40097699449926316,1.5292158282834185,4.7474105458408991,2.6370654704266001,5.3622561934704054,4.4496782488219431,2.1850132995754947,0.096346443154378805,0.52822441896719419,1.7288145852851673,0.40934059707761361,0.71788191896267728,0.11496745473767854,8.492622921651499,6.7085704089675957,6.2103853491077672,5.5747170240448352,1.0981724054507715,0.65415731162638624,1.8494091554030698,0.70189935280224391,0.41874718714534281,0.90642107303165054
6.1248055032258666,5.1970436069418389,5.091573657024151,4.4732594182694303,2.5389202000862849,2.6531469624547506,3.7075497155303698,0.58285238581981458,0.12849510333848971,6.4165223111644236,4.9375566398683146,4.1788621989252821,5.5824947470492399,6.1676867472918087,3.8212201137777821,4.7696957595949474,0.40172089371969599,1.5343856818300654,4.7825324211347002,2.6565587635048025,5.4019557985488742,4.4826060528441767,2.2011826158862271,0.096642151895591638,0.52988670050033304,1.735764855890138,0.41046883100702097,0.72004879048812354,0.11534837849898934,8.5584649420202705,6.7585309788157693,6.2568913533492552,5.6158724029779181,1.1062882622119332,0.65902139310199248,1.8621271159106356,0.70680801926855685,0.42168335071643415,0.91276658387068366
6.1701125960153336,5.2354909766195536,5.1292422120576955,4.50632021121924,2.5577028772833361,2.6727751370209036,3.7349743799707253,0.58353799729604749,0.12864791763185404,6.4640475718570904,4.9740821870092677,4.2097776665969304,5.6236992671086972,6.2134344060780133,3.8494614785407748,4.8049893567078774,0.40246429683280494,1.539556607544786,4.8179161500325129,2.6762244371595112,5.4419333591238779,4.5157739890730832,2.2174696825021578,0.096938964818710879,0.53155509158288461,1.7427398019919702,0.41159835262697286,0.7222182845755587,0.11572987234714449,8.6274674117917254,6.8061457663382807,6.2964989074027438,5.655474146610282,1.1143800637289347,0.6635429837631065,1.8743392851183289,0.71162062477856147,0.42456581638349444,0.91906697780869451
6.2147700679176312,5.2671916121180349,5.1662329822271369,4.5238191004440385,2.5660829283600051,2.682718520848498,3.7597485223697498,0.58415782873086197,0.1287862530983529,5.9106136716908955,5.0087313525385966,4.2218187740069935,5.5424311232517827,6.2307349140774368,3.8313481618263756,4.8298325487109137,0.40316103015802068,1.5442433283299781,4.8282716130494236,2.5576649032179377,5.4498029912760906,4.5261512446206016,2.2222899272951819,0.097196014433435632,0.5328274141876792,1.7428856886604178,0.41191106819365486,0.72299980209650749,0.11590272659995653,8.0936157914845896,6.7477968928219623,6.2111194369796285,5.6624917365618668,1.0831286893441854,0.64955177385697471,1.8573079550464329,0.7062794741669236,0.4216589468411589,0.91412216621260889
6.2608771605524423,5.3061865985747181,5.2044552431560023,4.5572910208995774,2.58505245499975,2.7025557314798898,3.7875380766789895,0.58484326567648992,0.12893901697087709,6.4177758089244117,5.0457719581931455,4.252995763477835,5.6459525271245052,6.2755196911264504,3.8812889530777834,4.8653355556765865,0.40390802071780729,1.5494318085302186,4.8639231857246283,2.6789963391357028,5.4899646845617491,4.5595306018791968,2.2386827457561296,0.097494813554861226,0.53460354036224533,1.75329752772726,0.41343210477819353,0.72581903950007687,0.11638180546888489,8.5822737346781874,6.8297285568454997,6.3269082049441367,5.7039794989023989,1.1190958269527906,0.66659991839919652,1.8892829768920896,0.71746164228288578,0.4281748018779809,0.92737077772000798
6.3072584581239663,5.3454792125098836,5.2429729853523739,4.5910481939814884,2.6041977462329302,2.7225670372312409,3.8156280997387189,0.58552918913122076,0.12909188207520966,6.4844593504849923,5.0831373423357142,4.2845166984049285,5.6885881145488453,6.3238847026411333,3.9104469188045545,4.9017019045809631,0.40465826543831196,1.5546386326442703,4.899949723166948,2.7029137338696194,5.5307004836497828,4.5933441103907695,2.2552812971579437,0.097794747473070695,0.53628934049885468,1.7603447426151664,0.41456654991195246,0.72799828236345565,0.11676520768532066,8.668662529900736,6.8869963731087864,6.378250227691816,5.7464212772228711,1.1284908319286222,0.67210370464977243,1.9031160348003742,0.72275411664097911,0.43133376328641893,0.93421544260910905
6.351586023813673,5.3850271004260497,5.2817617123658307,4.6250121065302672,2.6234663157944915,2.7427109370024385,3.8438578794859644,0.58621462798942514,0.12924463422571925,6.5325006807323023,5.1207424783493209,4.316223349381314,5.7306907555657629,6.3706943371161167,3.9393846835832051,4.9379588769013072,0.40540876923424207,1.5598470706884753,4.9362089990766682,2.7229271673035327,5.5716309149732419,4.6273367374619401,2.2719713449042569,0.098095694102318914,0.53798074670798246,1.7674141041602387,0.41570183062739391,0.73017772143116111,0.11714603495370658,8.7323341152337974,6.9379337394720837,6.4253877377089612,5.7889969033583597,1.1368472792597315,0.67707604030851831,1.9161431153990636,0.727822044774591,0.43436575824276979,0.94082341707678185
6.3984675286313868,5.4247072647528665,5.3208288009173588,4.6592063409192708,2.642859755813626,2.7629898893406248,3.8722549669456234,0.58689972270024038,0.12939730417400275,6.5807677799034909,5.1586037058662262,4.3481038823201548,5.7726676415455689,6.416892784013486,3.9683130746145778,4.9743008618568068,0.40616007791923991,1.5650593775676114,4.9727060197874948,2.7430543212247653,5.6127325709287357,4.6615016699471878,2.2887482724910635,0.098397633474506738,0.53967763334357166,1.7745022762446734,0.41683759779180102,0.73235925003237423,0.11752987058400495,8.796164073372676,6.9882905200853562,6.4726149991899824,5.8317589599168089,1.1452496991793399,0.68206757068944379,1.9292241020293495,0.73290459531978891,0.43740711726801429,0.94745505247023365
6.4458971218680876,5.4648744754693457,5.360203951100754,4.693710605820268,2.6624273612552174,2.7834431514918339,3.9009413244254105,0.58758522487204357,0.12955005897639824,6.6295732707314841,5.1967921631180376,4.3803197587961531,5.815914107327619,6.4653015873459365,3.997930364461856,5.0112874074327705,0.40691397577241795,1.5702884016206107,5.0095234927940488,2.7633795016864751,5.6543638682962776,4.6960520996111121,2.3057099431500028,0.09870095301346099,0.54138218516789161,1.7816261055653662,0.41797611062868528,0.7345468847516915,0.11791499332187885,8.8654071430252461,7.0414652794592456,6.5214014678704011,5.8749794637418988,1.1537349767751015,0.68716137831207214,1.9424963253958392,0.73807417975619038,0.44049920347489674,0.95419026806566976
6.4936050246505701,5.5053138362581384,5.3998651105321738,4.7284429720071008,2.682130415479195,2.8040403678637076,3.9298143701712918,0.58827049664879261,0.12970275688030625,6.6786392944956576,5.2352502345778387,4.4127454798727834,5.8590307134061037,6.5134516149906263,4.0275635153806082,5.0484300738842727,0.40766890170576225,1.5755227871929791,5.0465927635760046,2.7838291668631263,5.6962428719893659,4.730555356635052,2.3226744537784811,0.099005201158280223,0.54309190178527611,1.7887718027575716,0.41911549024700823,0.73673635669782467,0.11830045011245438,8.9327350631058096,7.0943634146567938,6.5700550310714263,5.9184414650793844,1.1622720567290641,0.69226539887494154,1.9558096687728841,0.74325629783149305,0.44359948912786162,0.96094696739474794
6.541653193647849,5.5460476272592114,5.4398152895752165,4.7634286826841192,2.7019737640912616,2.8247858272570401,3.9588893589794467,0.58895562515450439,0.12985541735260994,6.7280585675828402,5.2739827775178911,4.4453915243668884,5.902416957397822,6.5616548167107469,4.0573757733657434,5.0857859917292307,0.4084250251595381,1.5807636582300939,5.0839325688521448,2.8044276290423835,5.7383852852355011,4.7655501749254894,2.3398569850112239,0.099310696036501445,0.54480849489340621,1.7959442349034471,0.42025631781318157,0.73892874643570716,0.11868647071645655,8.9989253814266466,7.1468439229389276,6.6186726516473753,5.9622414199672678,1.1708723822972646,0.69738796080230847,1.9691775958083841,0.74846291797388853,0.44671480589417129,0.96773849849849103
6.5898621075314585,5.5870818974908829,5.48006014166703,4.7986668441649059,2.7219627266957285,2.8456838191663629,3.9881727101178495,0.58964056875780757,0.13000803041883463,6.7777699015752333,5.3129959915391129,4.4782746701727074,5.9456632139353864,6.6081295065633601,4.0870415456581668,5.1232475208767356,0.40918214424544214,1.5860104233180208,5.1215353546888265,2.825159743500576,5.7808442089428134,4.8008003819036489,2.3571651700726952,0.099617343241443043,0.54653147048069128,1.8031301650668472,0.42139669611634423,0.74112091906667088,0.11907234703876877,9.0633690701051073,7.197968516501871,6.6670122839325927,6.0063107818663726,1.179528474690833,0.7025149427089088,1.9825787220328945,0.7536716691808274,0.44983241862239015,0.97454055887797975
6.6384058043964114,5.6284110553081783,5.5205991611110852,4.834168608166431,2.7420952605114364,2.8667331665720694,4.0176637663671126,0.59032547520606626,0.13016063030153643,6.8278852405923267,5.3522914545185802,4.5113819917089817,5.9896408941840988,6.6566181361374657,4.1172456069544729,5.1608343419172158,0.40994046730934247,1.5912644955079478,5.159413035589778,2.8460526520783178,5.8235611951803179,4.8362829694518288,2.3745877970153373,0.099925089806005021,0.54826052749381726,1.8103533375594356,0.42254009908925155,0.74331860020320784,0.11945911947640801,9.1337585853777892,7.2516134493831155,6.7165115975010181,6.0497393256947012,1.1882032072585058,0.70770453253543342,1.9961033057454414,0.75894166815272879,0.45298602588550885,0.9814175985065271
6.6874026866432468,5.6700510918676983,5.5614464383307807,4.8699306640816937,2.7623844182861337,2.8879438562908306,4.0474013685737669,0.59101046252676426,0.13031324224051999,6.877850867364991,5.391901905689525,4.5447641722298044,6.0341584600334652,6.706245015416763,4.1478050082116695,5.1990730686317246,0.41070097422659002,1.5965305734579782,5.1975957798408094,2.8668931683378323,5.8666461441679223,4.8720755023180047,2.3921608201766857,0.1002340586824426,0.54999636422893405,1.8176046858800128,0.42368515676257223,0.7455195846831667,0.11984671362405384,9.2011941829213928,7.3054340027125289,6.7662108394618397,6.093892906452453,1.1969064110795629,0.71291317904889218,2.0096876464439881,0.76424657625769554,0.456160656674789,0.98834107471778543
6.7341412838737904,5.7117172939021481,5.6025917931871581,4.9059541892344436,2.7828249379918875,2.9093125850732253,4.0773485365870723,0.59169535290616959,0.13046582721227998,6.9288477504445138,5.4317941971552521,4.5784056756558442,6.0784894337606916,6.7551861434502758,4.1783344519464762,5.2374518778149932,0.41146247496926242,1.6018020505672999,5.2360643238740918,2.8881310536682792,5.9100881369691978,4.9081499340584154,2.4098723829201991,0.10054422678817691,0.5517388589337564,1.824883521978331,0.42483171744414178,0.74772234520393666,0.12023190015065223,9.268817831601087,7.3588259025713558,6.8159620773387504,6.1390694696300887,1.2057736386553308,0.71817642474997667,2.023382357536804,0.76958014999783608,0.45935272337625349,0.99530417669807103
6.7839383158010049,5.7539715183849509,5.6440424566831027,4.9414373061841701,2.8034124051978537,2.93083626590108,4.1075099402290807,0.59237991030141757,0.13061833095195005,6.9800463857628738,5.4719099766076926,4.6122719281126807,6.1216002636655498,6.8055662102013663,4.20861930515085,5.2762603774429833,0.41222579527891956,1.6070641388269884,5.2747939452985451,2.9094829230113177,5.9537918403540022,4.944441288310478,2.4276924077977431,0.10085549289958007,0.55348743157932512,1.832130740166946,0.42597131784854692,0.74991527352017673,0.12061865701354857,9.3368242536553758,7.4132762196107906,6.866284913931807,6.1844242207031321,1.2146653396086604,0.72346949126463056,2.0370710681063562,0.77490046548708003,0.46253834565067242,1.0022529851595536
6.834137682168584,5.7965429603113918,5.6857976476407819,4.9779824675942237,2.8241502496577158,2.9525175138113564,4.1378880736171881,0.59306461308548841,0.13077086309850547,7.0316405638769188,5.5123863918120426,4.6463894613511867,6.1670177710979157,6.8562229143675122,4.2398201783809393,5.3153270232049623,0.41299047540703232,1.6123530939830328,5.3138088293175718,2.930996186764478,5.997838510369724,4.98101685518058,2.44565117731451,0.10116795133108568,0.55524260980737539,1.8394611173223341,0.42712046667875864,0.75212465244653604,0.12100806186694352,9.4068738262342446,7.4686622399775091,6.9173351229151239,6.2301483502407686,1.2236469832251369,0.72883263576043134,2.050974129803683,0.78032551884195478,0.46578479548287138,1.0093325845916581
5.4265195210651429,5.185324587263632,5.7278708757793177,5.0148212066311419,2.8419831916377256,2.9700642581105359,4.1681788058528921,0.59371801076231767,0.13091633117687895,7.083754957590501,5.5531916127645049,4.6780114022411841,6.2126111121458081,6.9068933822890397,4.2711768898994151,5.3546944928632936,0.41375659516649971,1.6176518383405767,5.3531493518892566,2.952705958644454,6.0402563629052164,5.01792536228215,2.4635554694185791,0.10148002396803983,0.55697925576357199,1.8449884561047118,0.42788656006759507,0.74881960660551272,0.11864349632158237,9.4770402968347351,7.5238600444317933,6.968589908489891,6.27628554915675,1.2327092191816387,0.73423150788121938,2.0649630186431778,0.78578224049150114,0.4690504561454209,1.0164556355276879
3.1177913857035984,3.214825207401355,5.3618850182473565,5.0355184059665286,1.7736556189710098,1.8907800366003975,2.8812932283133668,0.57663902911880471,0.12705379922754814,7.0853037671400489,4.9151545323227905,2.6880962515469116,6.2584008441385004,6.9581959754154763,4.2995475974497017,5.3943357763563018,0.41452408549257375,1.6228087265644979,5.2147719445137835,2.9325322585246751,3.435365453936071,3.0288616745556856,1.4770531109037179,0.096854876278004945,0.52607481434628478,1.5712435606543187,0.38499660390973123,0.65741128222159917,0.10012647145854568,9.5472243589907642,7.5798910402291542,7.0201639812455552,6.3183657442166989,1.2298109930710746,0.73585833031953574,2.0132201349878089,0.77298354610055287,0.46067401095022598,0.99895839680329823
3.1869445866986328,3.1671066466500153,5.7196651207439615,5.0727510781710441,1.8678744142033625,1.9861108909322387,3.1012350385402807,0.58003119534547698,0.12781577006771364,7.1375725315386189,5.2901434352252403,2.8334633096732271,6.3048152582911134,7.0099412252793893,4.3314111087547778,5.4343089857733498,0.41529310743688047,1.6281222825412083,5.3676876249402321,2.9733559648825283,3.6098405546301402,3.2233940621575887,1.5663195456982921,0.097628633282839355,0.53040893521853782,1.5856056172601765,0.38814039846690529,0.66247206121140445,0.10107050334856922,9.6179802844028757,7.636358236287939,7.0722059548660372,6.3649653010209697,1.2440846432362112,0.74295073535808409,2.060395314756907,0.78767766428045682,0.47015385621434419,1.0194332796858883
3.4533524439393366,3.4308876873182004,5.7626217953250869,5.1068246108537352,2.0257164458096435,2.150838062330493,3.345429796177402,0.58402878094647193,0.12871830481401947,7.1903130800886226,5.548750972707774,3.080035354344695,6.3504411118806994,7.0606554552433938,4.3629530804462808,5.4743150215070298,0.41606282292003627,1.6334388895383676,5.4073829398354087,2.9953367301269407,3.9151702472316208,3.4972029873229404,1.6992084713933255,0.098675020444212766,0.53706867611511022,1.634839271742752,0.39646683462772236,0.67978048454798612,0.10432715679560794,9.6880655049458237,7.6919017425512912,7.1240316471408365,6.4114007639137256,1.2532508150037969,0.74841128596911588,2.0928597730067895,0.79810212826634963,0.47625418913781986,1.0319397122059579
3.7441498879185069,3.7157403081772342,5.8052526856095961,5.143748756495353,2.1945884933304338,2.3261268171403473,3.6015171636044583,0.58773691570838216,0.12955537223032298,7.2431939247964081,5.589787763039471,3.3481181431887754,6.3957160763039527,7.1134321252734356,4.3946818544150714,5.5148767290195133,0.416834684354281,1.6387669829723239,5.4473703127860507,3.0173655270076489,4.2479038460950571,3.7935023406137103,1.842570839922349,0.099684292518635004,0.54349489822473041,1.6829977828987657,0.40443138562340586,0.69647632036465923,0.10751583910553837,9.7607883656229255,7.7490460027466472,7.1769267170534778,6.4584838693187869,1.2624651880328521,0.75393627436435762,2.1070455800216732,0.80363149281902879,0.47956383247680617,1.0391571799261292
4.0550199394754554,4.0171595190461531,5.8482104123836534,5.1728017306483345,2.3735982848963162,2.5109746856045856,3.8677866915834458,0.59116216879848049,0.13032841542043966,7.2967859201006231,5.631097086378646,3.6346377032159438,6.2811320713297683,7.1102950552541531,4.362364682260564,5.52455483347401,0.41748343697022577,1.6424147877697164,5.486882601316867,3.0393127782104066,4.6059440983611761,4.1082391879683726,1.9954619827292854,0.10064972958880428,0.54962763119257851,1.7295109619121882,0.41196870279355524,0.71237855099886016,0.11058901068292586,9.7748678277934697,7.7611068049601908,7.2082639796384944,6.5053397979822503,1.2715719294021541,0.75838074359479946,2.1192596107462562,0.80537819135877364,0.48071858877882823,1.0421801495911858
4.3848010002922218,4.3367739693636409,5.891482473621517,5.211041753052311,2.5613996482830643,2.7039041226210059,4.1407875638228724,0.59430791495748558,0.13103819038589157,7.3442862571969094,5.6725420760256684,3.9375692892620267,6.4076905126471546,7.1574104860130614,4.4219643767532473,5.5650393197748231,0.41825661812340775,1.6477499573110206,5.5249984502101421,3.0595980957721967,4.9833700004876107,4.4381946783866821,2.1559660812087742,0.10156340464530132,0.55542278091224473,1.7739976371767354,0.41904007422524464,0.72741571765904522,0.11352707181151596,9.8420771310980353,7.815277135770712,7.2601521094365005,6.5489915315688094,1.2801398382771527,0.76365622585434179,2.1330996182121398,0.81224260301876405,0.48479159008999101,1.0508774011031921
4.7292009453461787,4.6729721655302345,5.8402582808806613,4.9717370824401215,2.6560851894913147,2.8075957360951089,4.1384941225152465,0.59557870423065784,0.13132483988096186,7.036709304832927,5.6292380985689849,4.1471199446524754,5.6556150409478878,6.5529120337374902,4.052546409733881,5.1312426737952714,0.41708799485233095,1.6281254930650895,5.3338414963326661,2.9384377982193604,5.1581291847796793,4.4776181530714094,2.1869056150055459,0.10202173332568557,0.5584539121817329,1.8037592923463619,0.42363933074222693,0.73826680479060092,0.11583834805476227,7.3972625604846689,6.3415533455605555,5.938716450034315,5.9979829631526655,1.2167230947926564,0.67557285461521366,1.9830857025445487,0.75314900336900814,0.45081792572929702,0.98176183254546368
5.0975661155651926,5.0244297679309886,5.9245581022945837,5.215241691857587,2.8132826268473852,2.9462731374343787,4.1690742712443489,0.59679700501220634,0.13159481175395946,7.3434933686373673,5.7023393838475567,4.4759793957657941,6.182575626697691,7.1165783385190187,4.3421333225092296,5.5413927637310074,0.41936220733104101,1.6513756205164865,5.5328423293910554,3.0608746261094892,5.5642563409172272,4.8250633368120779,2.356478217085288,0.10287695986947441,0.56383344747240938,1.8447024916989596,0.4289998756832048,0.75019117788524448,0.11828985465644234,8.1962798902580083,6.9833209213406446,6.5434889309351529,6.5152285054487153,1.2791104483745079,0.72669717834269754,2.0795415283530083,0.79396300028838296,0.47447568011644331,1.0314343936230626
5.4838693595538857,5.3888566434415379,5.9683589752363808,5.2308151443324453,2.8321998212428374,2.9664574433227946,4.195568735056673,0.59746234549219879,0.13174308355675077,7.3449018224858422,5.7337011572382872,4.6236423668989728,5.557023183890192,6.5359545873934399,4.0657544514802737,5.2765247707398162,0.41915114437819767,1.650518855638059,5.5471309545491856,3.0630899275248336,5.9641476166338636,4.9757575885837655,2.4417042725063993,0.10354930070046818,0.56802568068300763,1.8709624566181642,0.43222750118227632,0.75840496310345706,0.12017146905222058,6.9691809236628659,6.066479236965721,5.6736761380690943,6.248201561551495,1.266332112753606,0.67309606475333661,1.9941851332360905,0.75711185179100993,0.45351190008739728,0.99153765260927107
5.7668708027172366,5.3079498259398212,5.0442679682798346,3.8583334434283025,2.5875040580343893,2.694815039050737,3.4600006901051952,0.59212388358433377,0.13053540621050064,7.3069682160717262,4.9461332870225014,4.4171547159645481,4.9340847455720498,5.7280179582693105,3.4820136765446317,4.6485788633822738,0.4165652288183162,1.6003126970444754,5.2939907872054697,3.003287897762958,5.9049918682883513,4.8118572144655305,2.3679670239733239,0.1036654196172158,0.56852618443759184,1.8542639017649625,0.42749219154764961,0.75028161893363132,0.11941321914603203,6.983452705680258,5.7931447483102581,5.510413252330979,6.1348958628727326,1.2409646186699463,0.65653658798523606,1.8694412357258072,0.68897226177659565,0.41106439511764153,0.87934264040172028
6.1650779046355311,5.6528067067316714,5.4160052563462751,4.1748215946956533,2.7854333245714864,2.8961505309133893,3.7225163502250536,0.59540262273055322,0.13127527886176055,7.3743682450839065,5.3375510043896943,4.6279258931422405,5.3964964870488377,6.2671142530321342,3.7927520979603098,5.0553336255378429,0.41933895199620363,1.6400579716366892,5.5475258958952178,3.0712986151570738,5.9963613788295858,4.9888283475628858,2.4489534668182822,0.10410941128731396,0.57109478000973768,1.8793845727371139,0.43219394384929211,0.759899481679436,0.12138704564264205,7.742703478929637,6.374361448957397,6.0700474428462687,6.4846112308413852,1.2807441958082086,0.70059341140112119,1.9912560687240493,0.73889986343282799,0.44086789929916786,0.94376652114499515
6.579172908042044,5.7535135363488665,5.797714644181962,4.5109072012079734,2.8415079606908988,2.9740561824947154,3.9956178497002059,0.59789962231892735,0.13183883546048797,7.4289307092855719,5.7105085274476695,4.6621700961777197,5.9017345072550915,6.8559304011207143,4.1272940602619146,5.48634741198192,0.42152880774041829,1.6577408908734204,5.5885662165258037,3.0940213112864852,6.0407284580698031,5.0257445603661424,2.4670749850272515,0.10443075697199246,0.57290041513486989,1.8869238549160718,0.43418223587342986,0.76377773786630632,0.12248011288965649,8.6127133187339062,7.0284744895902556,6.6925132935924525,6.5325370757972099,1.2902171178418229,0.73795934923486395,2.0969112772623579,0.78588433710525285,0.46903959400827711,1.0055581742941448
6.7673308770254366,5.7960711586765177,5.9732948617769486,4.7487396175562786,2.8625266685986301,2.9960565335063025,4.1903103879872576,0.59925714987948175,0.13213944834346025,7.4818681080535345,5.7457906744761296,4.6966657309720601,5.8412299907887242,6.7009893815896726,4.1148922145764093,5.3699339831310953,0.42160382857922724,1.657238573885224,5.6213545197408967,3.1135117703646373,6.0854400752675284,5.0629388952731178,2.4853326396389988,0.10475332704418221,0.5747128312061861,1.8944657497483692,0.43558735815123312,0.76641990193917142,0.12309432655829529,8.3517628494200125,6.902235354611487,6.6304465920646107,6.5528930657025066,1.2968925555367654,0.73656856687758787,2.0993507586492526,0.78687192196565825,0.47038752554954344,1.0156283359238596
6.816611353369689,5.8384105951519576,6.0174926841194996,5.1088364957367496,2.8837097066316737,3.0182263963448901,4.2212184195307794,0.59994801479793092,0.13229333424921552,7.5372004555545731,5.7883053291055697,4.7314225836900405,6.2605126273321288,7.0190418035812332,4.3527643303846855,5.5024655643661564,0.422795028862539,1.663833813293264,5.6629306712690903,3.1365381502092293,6.1304599609943331,5.1004017113933848,2.5037223954456227,0.10507709300323202,0.57653187631419767,1.9020565134447602,0.43675577543613309,0.76866619744766063,0.12348982665002063,9.2660997028733725,7.5801842359839799,7.0447676002401156,6.6011938027026096,1.3064757585994549,0.76121175994971779,2.1437504436354482,0.81171048034440452,0.484893826608502,1.0506223776256993
6.8471827047045046,5.8560250867605008,6.0618284458519254,5.2203781843531942,2.9050481564893729,3.0404298422309028,4.2524539377697383,0.60063845444548691,0.13244712058523656,7.5929890784653917,5.8311295566486852,4.7664385741042326,6.3066368502393226,7.0706176412445592,4.3848731531494991,5.5430803497695686,0.42357896425017461,1.6692434657760276,5.7048283987188784,3.1597491713518484,6.1758418491871439,5.1381496006855647,2.5222521308001502,0.10540210202817776,0.57835781105932227,1.9093033354686366,0.43786644977243055,0.77065257237969975,0.12382343440975689,9.5122574353630807,7.6352103955816863,7.1235664725988928,6.6500464405256876,1.3161437771337245,0.76820531757612909,2.1604240137423858,0.81792551380598422,0.48860048487683833,1.0593492002794009
6.8978274793861756,5.899347525584905,6.106678629253234,5.2578951204649496,2.9265432032092034,3.0629260169448651,4.2839235058783762,0.60132960786918144,0.13260105886544979,7.6491835901309253,5.8742785635484402,4.8017097226960299,6.3512282030419511,7.1233185335688916,4.4166165827406632,5.5843294102787002,0.42436521253920423,1.6746664757843701,5.7470463541072228,3.183132790760232,6.2215381618390975,5.175933953127462,2.5408213488839237,0.10572818793667921,0.58018973010870645,1.9169546482642126,0.43903895887609046,0.77290938707699963,0.12422164913490798,9.5511841414338718,7.6839408319010429,7.1684939172575257,6.6993057902581361,1.3258860290197352,0.77349414162638208,2.1745083421705189,0.82343895967419012,0.49190819217209336,1.0663634073334431
6.9488549490112597,5.9429913312511227,6.1086797885678861,5.241292958712493,2.946734305594136,3.0835147612538245,4.290811887500805,0.60190132086886161,0.13272869121675879,7.7057328569265104,5.8729210389122839,4.8372285330464306,6.3646142413866338,7.1518010039226212,4.4210428361511074,5.6190629207502996,0.42513796036976725,1.6793368860476048,5.782701570316064,3.205477281163025,6.2675618627177601,5.2142197501717122,2.5596159980291424,0.10605561224600535,0.58202904654716492,1.924630774722438,0.4401687224745322,0.77509541804913973,0.1246093600818515,9.6219557734513508,7.7402234219123134,7.2203649654125481,6.7487115362936922,1.3351567651559118,0.77897911937284492,2.1832553122240759,0.82594617620908595,0.49336156121094771,1.0693522613264661
7.0002587780246888,5.9869539336122388,6.1538673368040335,5.2873662787125992,2.9685288269216197,3.1063232084259513,4.3198990832420234,0.60258271845702094,0.13288047018182597,7.7623859935937727,5.9109002169720393,4.8730158722389501,6.3903513144271082,7.1912966569316099,4.444691347693329,5.6554717382532989,0.42591491696104722,1.6847353603789583,5.8235431627120553,3.2287959123061496,6.3139235469499573,5.2527951811153129,2.5785521462378038,0.1063842693211144,0.58387519085610362,1.9323393020447976,0.44134042230822335,0.77735184192038465,0.12500779186603792,9.6384032291854211,7.7714723534033014,7.2552030631756477,6.7973710431918031,1.3448647120707209,0.78374277256922475,2.1961261811192685,0.83072659815431238,0.49625205322895549,1.0758884381648002
6.8657659207244155,5.9473578870324166,5.3494378204914383,4.085802777943436,2.5140439157563321,2.6714750471598183,3.4856311507062694,0.59630221045596354,0.13148791124227091,6.7000088382626224,4.5014090616558251,4.0009537373078432,4.1133927240258057,4.380947207252806,2.8969242032474734,3.2948305612999627,0.40883041629891298,1.3974317820589515,4.3377287319295306,2.5698530825674801,5.1963755151876141,4.2788636056124547,2.1158793685219233,0.10505554999241845,0.5754268716625347,1.8694887279157533,0.43182148486765554,0.76070188390974181,0.12233619365661741,8.8772686053280108,5.8999612090443687,5.7920922719846208,5.1708789731556406,1.0322071190343542,0.61037265918911632,1.698511840293579,0.61145708621570227,0.36786516519349949,0.80658510900156122
7.0317097727649598,6.0218581061658369,5.7464282023214794,4.4083395139761583,2.7196059085366562,2.8833682235151783,3.7579086366094288,0.59971226159225932,0.13224884445661675,7.3794517953019003,4.8807791770021405,4.3406232655457844,4.4890632315726879,4.7778275351829516,3.1559402862639807,3.5927345395019987,0.41263145463217216,1.4476643267519478,4.7421277469790235,2.8205093991863968,5.6278434791169047,4.6367389536165131,2.2920389650410478,0.10599496518807368,0.58129301101730591,1.9084547232401186,0.43774983469413303,0.77153038341210434,0.12416455876661643,9.5724884912583903,6.4829878400823393,6.3486223262388073,5.6817588319957189,1.1329629332066586,0.66953595160884738,1.8417875695938981,0.6638952102373058,0.39923549655503632,0.87449941980448032
7.0750337643950418,6.0655772991513111,6.0210037340548723,4.2133804693319368,2.8629903976628044,3.0296270714085991,3.9363334665073095,0.60195752397929991,0.13274484408576148,6.1531156639993734,4.8308757257038559,4.5413102845444735,3.5204813952078884,3.7267490173009952,2.570945487292061,2.8544288226449375,0.4040000645385794,1.339893756365204,4.2107303562743965,2.3734696607325243,5.6558438633221568,4.4221209132466717,2.2074414924161769,0.10613256327959829,0.58245393426905545,1.91998949853375,0.43990607407416138,0.77541916904327923,0.12479926897051433,6.7300191876849187,4.7842064182836559,4.7151711840675157,4.2499595465707545,0.92572944237216381,0.52322124246955182,1.5701404449215697,0.55950612357754936,0.33893579706934746,0.75546756826692463
5.8887448555791888,4.651679024506036,6.0671489480042649,4.2681692391333241,2.5249728728474063,2.6019933152869874,3.7376459454590996,0.59742927369968735,0.13164873175267242,5.5444729383912152,4.8303435563492734,4.1711037784891376,3.1078634904660176,3.3570506401853,2.3489381216638234,2.5546178796326204,0.39903050674423041,1.2853033640340508,4.028333307214063,2.1754301491177199,5.258453315357273,4.2012332077212067,2.0800933658569263,0.10580260655085921,0.5788675091393185,1.8248552839661596,0.4239080943340322,0.73780793171617243,0.11762020348376551,6.1410702383252911,4.1705481682982253,4.0316457764719358,3.567473710100034,0.82958715572317743,0.45846745415468715,1.4419719565252815,0.5137809977048462,0.31207841003991416,0.70153862182869031
5.8947137504891796,4.671784532425165,6.1607389901850667,4.6114493077730891,2.6753339278594566,2.7425499485386524,3.9963421168581776,0.60012054815439186,0.13225221811298754,6.1039760055760874,5.2240254696032276,4.4384373557369994,3.3925632628482152,3.6610403636192554,2.560791104681404,2.7865471718858008,0.40353965028451461,1.3376823786543657,4.4052517529118758,2.388135261153904,5.4447714751523737,4.5331038914656503,2.2303292772516987,0.10650443456761242,0.58288128286017293,1.846783059556514,0.42768532178366048,0.74463722682596112,0.11865773306466201,6.7255528269380429,4.5450972968830428,4.4128207456416817,3.9123560559663502,0.91025282221222958,0.50244103138455598,1.5650459622721549,0.55823049860571317,0.3383969776742381,0.75836350898921523
6.3231602220173677,5.0371931877409661,6.2040800964560603,4.8018884335253231,2.8324935177737767,2.9083317729212443,4.1328509727514398,0.60246283580059035,0.13279180231070684,6.493436882878127,5.5401723533134701,4.7447202026607691,3.5831565623903487,3.7925027747699849,2.6777972597637008,2.9167144326083725,0.40607826228195998,1.36791536525498,4.6917607400278403,2.540367073725152,5.6108491235213958,4.7896006763216832,2.3556585626089608,0.10711801224934218,0.58681421693027858,1.8843183170323341,0.43369544813699829,0.75786004332874246,0.12121422616182591,7.212530546552081,4.8328099899959085,4.6842249769217457,4.143764435239115,0.96715975090674244,0.53364125216791569,1.6515418011727658,0.58688624526317879,0.35529621978337478,0.79435638112338258
6.7768600630468843,5.4262792498014658,6.2415930510528774,5.0001551784428617,2.9446270785251905,3.0492568066257202,4.2918481361949148,0.60461906560674217,0.13328819365677605,6.7070598482904309,5.7377935976669061,4.8395796612859208,3.8514578103539385,4.0861784955924572,2.8540987932947917,3.1099071096139004,0.40919122871746066,1.4022431337537644,4.8492645910522496,2.6236866628235722,5.9938016172454649,5.0976979006106609,2.5091241879523887,0.10791592571395343,0.59185154940707718,1.918921883493713,0.4392039347437392,0.77012168393014691,0.12361636710714936,7.6918594668659939,5.1837398801577832,4.9927075591664893,4.3215528697181638,1.0036439190359039,0.56130750001701146,1.7219589553859684,0.61595927633428182,0.37239023349097439,0.83059199319692423
7.0662236000892387,5.8310814489241531,6.287768061471338,5.2374908449444497,2.9664346113299587,3.1003198308696107,4.3236317152148809,0.6058561182607437,0.13358036628819886,7.3754465856034468,5.8605923217650373,4.8753802758422786,4.242081067167689,4.511948526769527,3.1277526398935107,3.4055422729780105,0.41328002498432631,1.453079328530112,5.2884104632634763,2.8757417085431904,6.2455518195023654,5.2100471953541589,2.5592114553401433,0.10843868879741377,0.59489674814129012,1.946347825127426,0.44349963115945135,0.78018202894250777,0.12547638646897152,8.5648086377264363,5.7342721527247571,5.5054843832305842,4.7495825781178871,1.100684281290494,0.61724385197020704,1.8506607656355656,0.66545139785230267,0.40136402059860854,0.89094771543343498
7.1184017950709357,6.0469486437402891,6.3196874774797642,5.2347475519042499,2.9835339261878024,3.1187556601676478,4.3481349780419691,0.60650329495630095,0.13374060689068878,7.5661002475523746,5.8906745827819647,4.9031926776409263,4.3778717501958635,4.6914117017269144,3.2336144087494514,3.5780625121222269,0.41568869581699308,1.4827950854644369,5.6733017206316605,3.0235983562965068,6.2870817129761418,5.2450459739320836,2.5763394357517959,0.10876778055024028,0.5967338804035569,1.9663367340220503,0.44646261600604265,0.78630750382293657,0.12648326232349577,9.2907987880065832,6.1247891496804101,5.9094379807779038,5.1296102764128593,1.1690872410292796,0.65905369314941176,1.9393005125179461,0.6937724366190493,0.4178891924510949,0.92404187447281105
7.171050969052958,6.0916801146314397,6.3522054489855257,5.2608983982840183,3.0038676977574119,3.1403236831518346,4.3748109415704439,0.60717126261934118,0.13389123683846005,7.6098991946038232,5.924545231975908,4.9358514017613748,4.6621923997026373,4.9963414909138946,3.4351260164987001,3.6978249883632888,0.41703107878341011,1.4976006444942216,5.7052434012626883,3.0738893433208085,6.3332022486922339,5.2800034526250972,2.5937278710155396,0.10910119462041008,0.59860665679044844,1.9747411990758055,0.44769855973325656,0.78867525627983959,0.12689923749007245,9.3378484265328687,6.4570628949983897,6.1299756152975844,5.3648394993882498,1.2043903871048864,0.68153835527705831,1.9913268480944295,0.71988955330089321,0.4331160186371078,0.95478741776312837
7.2241266375198432,6.1367608512179697,6.3992006701602842,5.2997331199827116,3.0260959819203892,3.1635607774552685,4.4071800874288813,0.60786736431140986,0.13404626606114586,7.6662459161272887,5.9683799329071272,4.9723816383454835,5.0830697763408406,5.4693055416414573,3.732999522032975,4.0335604680736816,0.42062003803789383,1.5451292300923813,5.7474618190627345,3.149422541213017,6.3801192231307065,5.319094638431344,2.6129303436127338,0.10943848371191436,0.60050163255435984,1.9826569833105192,0.44888883394272966,0.7909674158914981,0.12730400141132356,9.3907900061528764,7.014819124062031,6.5453753111419193,5.8825857943300903,1.2658626163929176,0.72212430600766364,2.0730067407988488,0.75902631478066585,0.45587076034427815,1.0003111176553154
7.2764289698136038,6.1806772706259219,6.4465446314492265,5.3388380562444286,3.0484802937451385,3.1869629781670596,4.4397784624578902,0.60856331038092593,0.13420125476042594,7.7144100434393348,6.0125338483134207,5.0091551427953567,5.5274197735379715,5.9860898649976244,4.00182384042074,4.3971548935386604,0.42400158751981137,1.5908360364097307,5.789978141079942,3.1910772822704612,6.4266896391701591,5.3565618854897545,2.6314582556708137,0.10977547870763213,0.60239518538432191,1.9905590958852735,0.45007536566894074,0.79324734916293738,0.1277058452332592,9.4256637118864557,7.4381751664118072,6.9269154408952671,6.4043771189521683,1.3096208873291042,0.75564028733958588,2.1396406176307599,0.79207153320574986,0.47505454893957288,1.0385573797039747
7.3291006689811713,6.2264040490677148,6.4942400100934812,5.3783323948935386,3.0710344363765616,3.2105416160290119,4.4726280124560605,0.60925933700583546,0.13435625609971599,7.7713361182159755,6.0570156329547,5.0462141391770583,6.0197514066214683,6.5391077599840077,4.2392669922168968,4.7848921789605834,0.42715499174248056,1.6342828897985613,5.8328039452084264,3.2146525566281192,6.4742403320779163,5.3961781972417988,2.6509212150121524,0.11011523380605794,0.60430382081888778,1.9985309409459591,0.45126817857560519,0.79554469373160419,0.12811031181158716,9.4865791067951051,7.4888692568578117,7.0180458986430887,6.53809800058142,1.3238385440524114,0.76486174966240439,2.1674078411956814,0.81286965498607056,0.48716135829584906,1.0629087579649132
7.3833290896707311,6.2724744754575559,6.5422886064372721,5.418136301154064,3.0937574996403758,3.2342965784637303,4.5057225996406549,0.60995535336193318,0.13451124961714275,7.8288797183537246,6.101830964992887,5.0835561624010124,6.137175165140917,6.8619247613520882,4.3172039741658219,5.1951287313824137,0.43009016964558899,1.675236532131305,5.8759633652966992,3.2384473147919484,6.5221278604172523,5.4361051895015393,2.6705353714761046,0.11045626697507824,0.60621953968259479,2.0065321113054622,0.45246238778828396,0.79784489244290646,0.12851667583669782,9.5419180921077231,7.5403428228836527,7.0652862613277598,6.5864799161950769,1.3336364371702567,0.77027799893345139,2.188626267217614,0.82279387330497256,0.49301258415449439,1.0751207547911683
7.4379487079292606,6.3188785744086955,6.5906905746007247,5.458202377046466,3.1166421849862922,3.2582219778016501,4.5390496028377774,0.61065128241090938,0.13466621823900746,7.8868308974168597,6.1469722974809979,5.1211578535992226,6.1819879107402569,6.9121044415360764,4.3488843439120988,5.4236207390252611,0.43245431186496047,1.6890306506834054,5.9194346714175188,3.2624123912085548,6.570376594816711,5.476320531771214,2.6902914614340654,0.11079858248588717,0.6081423617713817,2.0145618469293347,0.45365786085116383,0.80014765833305412,0.12892355004113071,9.6118382027764042,7.5957647732951514,7.1173803470888011,6.6351802593793119,1.3435031599458789,0.7759675578145081,2.2050694174022447,0.82893225668350567,0.49668940260757061,1.0831314237341552
7.4929730087120916,6.3656257451849845,6.6393920116724363,5.4877424679048135,3.1397003107419224,3.2823275056573054,4.5726083575573577,0.6113471554624863,0.13482116900291266,7.8821990552764847,6.1850176766867317,5.159046780656122,6.1820802939217447,6.8726611478442328,4.3468613161162599,5.0783577435980352,0.43061861383204203,1.6521283884523801,5.9460645305693314,3.2666737119002209,6.6189897717260289,5.5168309878786665,2.7101931778471111,0.11114218852929807,0.61007234223234486,2.0226212253968008,0.45485471335476374,0.8024532140635604,0.12933097825622736,9.5659918199910443,7.4836091680106387,6.9849337111593224,6.6290455862510616,1.3443175437648689,0.76922253440936217,2.1904970706557454,0.82513659265263994,0.49465703962174595,1.0799869874211065
7.5484173782474944,6.4127224829561618,6.688482249961953,5.5279940028764294,3.1629330893237304,3.3066147878479963,4.606453636358343,0.61204315852629654,0.13497614298746802,7.9399228031227951,6.230025940122105,5.1972216280122963,6.223796533344375,6.9343968839503516,4.3779508161783349,5.4098173752183891,0.43313201180832106,1.6894616854505931,5.9900357749087441,3.2907115273957861,6.6679685873391588,5.5576617922932883,2.7302505682248661,0.11148710013370713,0.61200955162855752,2.0307102744617032,0.45605301062703885,0.80476168903260259,0.12973899190099841,9.5160186400249884,7.5830946771089991,7.1072617998534691,6.6776753190010201,1.3542070647911666,0.77862920852514783,2.2172576122441927,0.83393098586014258,0.4998632486305371,1.0909708730117982
5.2408733841621631,5.6222466530836286,5.6710766567325086,4.5355675203941619,2.6150556895988353,2.7505190505136916,3.272911220911261,0.60225880025687728,0.132799075409885,7.2475626088845839,4.0898667121864358,4.5091638132162544,4.1642027277310483,4.9009185871832592,2.9464047008845151,3.5418138335620508,0.42001787482472369,1.4725583636274324,4.4482853907708666,2.761698782803502,6.4722265574776863,5.0022210518575525,2.4770721103528581,0.11128376401129463,0.61052769721467182,1.997783041265818,0.44750613762751251,0.78246115459520904,0.12314772405553984,7.377036228685804,5.4996144456495912,5.5114705018689953,5.8598217122031713,1.1424772422446474,0.62992965756264396,1.6864176930294106,0.61141515692949922,0.36870628134343197,0.81968319370947496
2.6978316337675916,3.4999805608842998,4.4440057818697412,3.2638479863384298,1.7000671028765635,1.841087670398537,2.1920077151791038,0.58319688132504399,0.12855182944527896,5.382760914937692,3.077166676704548,2.855688280217703,3.3258256753385211,3.5526274982611987,2.2736422503104601,2.5633011948447653,0.40594250775318047,1.2811656493396451,3.1786340243572391,2.0091274980312352,3.6480033451490881,3.0811963968290081,1.5290072041120699,0.10605892940767589,0.5772678357507961,1.7462182642286013,0.40966048876171823,0.69929989191867581,0.10391557792267818,6.0369836486850206,4.2408019425705437,4.1398193708086124,4.0990544427713385,0.8210326006929799,0.46248011836657521,1.278666632648835,0.46642690003374782,0.28145981152540694,0.62291739809014313
2.2247429444517977,2.5925202296329428,3.7692989380641575,2.8516685469289094,1.2135856341124585,1.3109110081902147,1.6605975997913567,0.56276406786274535,0.12391376761446585,3.9931516110106409,2.5142941743267646,2.012423699297857,2.9027007890209817,3.027283322529263,1.9668156770808372,2.1750344092800895,0.39754080597957514,1.1827914809388358,2.4477349282307239,1.5318443944913449,2.2348008729757245,1.9089078997064288,0.95330595543614416,0.098904997907396389,0.53285067621314441,1.4734492027066464,0.36515405999416439,0.61523222257718446,0.090619726889854979,5.1988178668543998,3.6138132316098992,3.544324235827303,3.3703806383314938,0.64368411216150834,0.37848542244190414,1.0638892738381032,0.39295649223920009,0.23723031616286069,0.52790083296413681
2.41330457654735,2.8196129140035886,4.1022447312953245,3.0956349376349355,1.3218882823162033,1.4278243316606496,1.8004712032485151,0.56912397671701542,0.12534392397203731,4.3725415560500478,2.7403693716686726,2.1900931464136928,3.1387996059275158,3.2731276972157408,2.1313079763241376,2.3472998939491991,0.40213808369009413,1.2332951825004455,2.672537683126039,1.6757487993139419,2.4178119374062881,2.0702035026982348,1.0343523878659453,0.10040569080003221,0.54224300715800167,1.5321306934487158,0.37573715639385646,0.63626597095057325,0.094345241728581053,5.6275851541797737,3.9035123588821481,3.8475930697682554,3.6754129712440262,0.70368301294017344,0.41242116471450851,1.154347313876581,0.42622612665462445,0.25734072991123053,0.57268122755482531
2.6346623453425528,3.0747360555112135,4.4632750415712952,3.3761469385742719,1.4461010799318921,1.560259043992418,1.9706835780719771,0.57552149784283557,0.12678099747311408,4.8309996490126403,2.9996228031213867,2.4015447118750606,3.472917155948827,3.6209787423722837,2.3480088220960065,2.5824027653741739,0.40744835191865575,1.2895066838483493,2.9343268492230719,1.84428289811155,2.6467733985760971,2.2664499520660573,1.1321741111677153,0.1020220979641614,0.55222933654497908,1.5939814294709536,0.38659065645720042,0.65789975400889222,0.098261090804064824,6.3230626834490975,4.3391024911351952,4.2657407811193835,4.0457085495301506,0.77421850857162233,0.45537968312247679,1.2631065491634685,0.46728649331274735,0.28205145263579995,0.62717962571685171
2.8265285671141727,3.1197268481979012,3.9381180602597308,2.8436421603699178,1.3428712428676362,1.4474689283607332,1.7864772141351604,0.56972260214357595,0.12548084261777837,4.3004080508795459,2.7544652708220414,2.2750233345122521,3.1068411961139204,3.2464837612506816,2.0979678676883853,2.2853967318103634,0.40077422774941707,1.2069656621786289,2.6666922348389721,1.6573242202543259,2.4916387027097882,2.1129558936241759,1.058205018249617,0.10111436529758283,0.54664345007238035,1.5586377022680724,0.37987054044360635,0.64857290089489794,0.097895488247482801,6.0246216716004746,4.0026473037551611,3.911723583484267,3.6408810022916587,0.69624721574555393,0.41319854720062038,1.1542199007893124,0.42388139683275156,0.25555753641708401,0.56382302098205705
2.8737956534409901,3.0725594187329874,3.9550576817392948,2.808159425748832,1.2195808823712986,1.3256446883337349,1.6898149809307654,0.56531629534169248,0.12449488341158324,4.2765873128561624,2.6645662180972565,1.9996104018222762,2.9188838006025617,3.0105736579716851,1.9777408200430819,2.1894787770666189,0.39902928575923208,1.1822875259160275,2.4999450281217768,1.5989258930552677,2.2550541211869426,1.9679473752690122,0.98042349472436319,0.099685722342433628,0.53705390003701103,1.4889796447477119,0.36932705384961895,0.631682444933785,0.095835246328264873,6.1045881416333723,3.9375139934611996,3.8781858964100633,3.5594868765687835,0.67230812246108573,0.40370397019965654,1.1225855042467943,0.40854248687282924,0.24671268952537559,0.54722963193200724
3.1134587916581098,3.309459375772974,3.9266566117396033,2.7798423586074823,1.1333258263180706,1.2525589677603379,1.5856356385822803,0.56206889660458226,0.12381000790262786,3.7066283246241447,2.5036187401312819,1.7908215709143682,2.8409337964558601,2.7864071710211729,1.8958708773915374,1.9684101423580551,0.39224371178138634,1.1030503649817518,2.1618108860026877,1.3901305048350789,1.9228353151606312,1.6176898416152519,0.81183214742841703,0.09653574536740496,0.51912366407331823,1.4415981239886426,0.36330633256817263,0.62578154837811517,0.095898115181895879,5.8077523222539078,3.6453164315542916,3.5618021052549547,3.2678691184994575,0.59072155144139538,0.36153714660479558,1.0256212466028933,0.37943692015748764,0.22968401774980679,0.51344221221555919
3.3881352567991305,3.6000600918280026,4.2692602043062262,3.0238264068407101,1.2355342207980957,1.3650937437229471,1.7242877513789001,0.56867667592747073,0.12529116299682452,4.055124815928524,2.7304730166650475,1.9516391465737204,3.0688734133850031,3.0049062194872613,2.0536511959860047,2.1194348103825522,0.39708658993479484,1.1529373440152304,2.3588421673023507,1.5191097999372829,2.0842302800343657,1.7560781827370722,0.88165782357997957,0.098185820662168147,0.52930576209130542,1.5008818784814193,0.37402758138510628,0.64672845735770979,0.099646052371063859,6.1425792633653309,3.8788951343012594,3.8198092827722689,3.5522148798328477,0.64479908152893717,0.39154932904107692,1.1093376228871945,0.41062818141757323,0.24859577243114861,0.55586930707681148
3.6841675236450837,3.9097122810459259,4.6362686504594759,3.2759679846400367,1.3059106022264118,1.4496958628437508,1.8492739091549466,0.57380109769780618,0.1264446608327455,4.2707115040259573,2.947354007980413,2.0286593217136253,3.2809286976612206,3.2550908878732763,2.2101483586044348,2.2918641076169193,0.40189956873857308,1.2003049378196824,2.4569919737110273,1.5864217584157838,2.1730156469067272,1.831763585616577,0.91969474687212494,0.099057104689587339,0.53475794166794699,1.539304818404768,0.38152712824561513,0.66244181241713274,0.10267740640567041,6.7426784386912182,4.1978222439831896,4.0781898608971758,3.6564080255311402,0.6726770540236241,0.41294127084243021,1.1784847924988138,0.4380893335822057,0.26535939074449427,0.59409525073711722
4.0039342934870019,4.2441372819173973,5.0252071019950479,3.5326829461892544,1.4187067207202375,1.5744518220582397,2.0042054856629328,0.57955926397511015,0.12773572122507845,4.5667202057878864,3.2129199646299202,2.2121732646768666,3.355552748574552,3.4268078006348692,2.3115700344078176,2.4257831488598871,0.40544062761332389,1.2422747527442726,2.6789971514629878,1.7137558494344787,2.3631917305739583,1.9936054984751663,1.0009774069305295,0.10067264770004143,0.54465220344221943,1.5980055720487267,0.39165319780053381,0.68238284847132191,0.10630535139749855,6.4799653272442894,4.2564991042230549,4.1714896188580317,3.9450566111320158,0.72734635806201564,0.43554082487200546,1.2539532595286922,0.46388507317871913,0.28117518426323701,0.63049156631815573
4.3475366785131211,4.5960583924056984,5.4349413781579328,3.83708302517875,1.5479544201716584,1.7160639204570756,2.1826293848361948,0.58521305616296138,0.1290021651434595,5.0244236237812858,3.5037197605453883,2.4177340737424817,3.6503101877563102,3.7458158180236536,2.5168714279194626,2.6472899735884963,0.41034709871897418,1.2957948182012233,2.9333064615249556,1.8807544149782103,2.581585693923377,2.1771007371180988,1.0929802125087467,0.10229451586457519,0.55459634321620566,1.6578421614567136,0.40172165709214086,0.70216497634370567,0.10991771809909459,7.0021081387081399,4.620898770677293,4.5440433419584521,4.3259686886464284,0.79784865579730391,0.47623113710988674,1.3624055021925272,0.50429769672871216,0.30561235677679088,0.68495799947636948
4.7158272212840044,4.9746769101723878,5.6952281386276802,3.3671512176130651,1.5767329675916775,1.7619757297106993,2.2324585512921118,0.58740844215673338,0.12950609991238762,3.6737385998831011,3.288107831834707,2.4118778295963699,2.2672365375312911,2.447148170396948,1.7054294936153902,1.9019679597998249,0.39312669954545076,1.130084446777458,2.50387106516698,1.4587526743767574,2.4052623596287819,1.890843181220869,0.96051010897145905,0.1007511884612385,0.54642500581142361,1.6566411921112107,0.40318634523641528,0.70768887344084153,0.11147730512259105,4.3780458338076924,3.0745537868098856,3.115918457227238,3.016093930672028,0.60392763727408538,0.34415586685393201,1.0781150207637666,0.38096779820235566,0.23279946804928889,0.5307508578987491
5.0984176498866569,5.3205642805822269,5.7110393296777895,3.5259279013308644,1.6603275340313799,1.8497367136516696,2.2568080087841267,0.58931222017259222,0.12993480141625605,3.9577946708788003,3.4109557328983615,2.5950015617218631,2.3888261436660829,2.5762801089359466,1.7961576609909446,2.0204199144711819,0.39751646982853023,1.174859665715932,2.6986987979111312,1.5700015481502525,2.6082549208858703,2.0533132812539865,1.0424668681825418,0.10227272925017124,0.55557807301816264,1.7054006797086954,0.41020332527781322,0.72189897263929581,0.11424213904834289,4.358836041984568,3.1584963566667836,3.2095506242580001,3.1504160916468784,0.64526639880054959,0.36128439597387513,1.1277672782052865,0.39933305451924683,0.24384383780795069,0.55604633593411434
5.2466426500782486,4.9367138183120503,3.9689273224154533,2.5081027632671953,1.4179362898246584,1.5533553002860203,1.8452891762149957,0.57612068350156753,0.12697511741993212,4.2474524655845896,2.9767554586453384,2.3092287224961527,2.4075960073085967,2.6428039224728197,1.7607326132091845,2.1070140210689927,0.40074746832269548,1.2028143655873622,2.8069335489865073,1.6695073618571465,2.6043293622868742,2.0610226221843755,1.0370349559184804,0.10233588255659147,0.55383661831624209,1.6252868450093907,0.39412972591748108,0.69251831667498887,0.11016871994876183,3.9764250587111336,3.0639020612754368,3.1015129883061405,3.344441375629867,0.68473697982627735,0.36564221516830997,1.1028121245803997,0.38892328865657755,0.23517507529994244,0.51393954830277178
4.9061987827788824,3.9882696823795993,2.5072697696812178,1.5224348203441809,1.1459769519436147,1.2401803493592414,1.4679691733881612,0.55845640998813795,0.12297026765922452,2.6982860363034371,2.0508653971545359,1.8976428495958417,1.4131682566980153,1.5840742437665085,1.0431888961196241,1.1427021983494592,0.35499425993022954,0.86751481136167341,1.8121218617885897,1.0630375170094235,2.2269110255218965,1.7461316601138355,0.87712723711026908,0.099557002585775198,0.53564707442925663,1.4773972623903784,0.366481853125595,0.63934461456095537,0.10178687395790663,2.6562609024699939,2.004710272642046,2.0566790706261942,2.209397454328677,0.4385873387202362,0.23818310829504674,0.72771753808071549,0.24699564557322201,0.14930812817296168,0.3256611180067539
3.986153134750186,3.05051920027176,2.4010362283268738,1.4983229519925885,1.0511045707849731,1.1272147201253333,1.4204408241169313,0.55285349247911275,0.12165699079960922,2.847231548382601,2.028537593028219,1.7361691253840175,1.5096784476144092,1.6611442947411523,1.0956248783421734,1.3735082577282776,0.37249746785641874,0.94256022450395283,1.8928381740615012,1.1213753866289049,2.0771184246742069,1.7087234943298171,0.85118237733397895,0.09865388294829032,0.52834730390274831,1.3859891453725939,0.34990534951841884,0.6017391039373996,0.09466011419688998,2.7888100419723494,2.0870533446699988,2.1761761150448962,2.3683498852741551,0.46499003196538186,0.25230555281649097,0.75878498703247688,0.25786367297907653,0.15545143496982539,0.33543862096080157
4.3071230335824504,3.3105496689053582,2.6142232147522733,1.6133923992668109,1.1431673472876558,1.2260361533600059,1.5397734795920777,0.55998163019127056,0.12325910764943444,3.1007457746272733,2.2067994866413065,1.8860484878323089,1.6356762637426543,1.8032125056422281,1.18553724934119,1.4904917709209529,0.37865729679390142,0.98901746332900664,2.0619687533442477,1.2218365591150377,2.2492423718788332,1.8546531133080475,0.92405919556282146,0.10027309734531659,0.53847411834817116,1.4453248950888606,0.3609414141535035,0.62298275920620172,0.098348344659834511,3.0586745358881289,2.2788657949411655,2.374175814167431,2.581019402897851,0.50675226940368034,0.27512416993286526,0.82398812413665534,0.27968299082568659,0.16862822074994643,0.3637913561430291
4.6743478361433501,3.6031840276125942,2.8514617221597827,1.7706833728043077,1.2483925890090215,1.3379124612942628,1.6809367078178699,0.56710426635049183,0.12485928033490004,3.4118583194009355,2.4117984003763882,2.0635467738162849,1.7941353555626625,1.9776258613312294,1.3004736119278668,1.6327808843663802,0.38543411575898506,1.0444429763507579,2.2572251779756183,1.3409161302148691,2.4529622700321534,2.0227361988967441,1.0078905918163124,0.10194266864959602,0.54886435018790458,1.5076404851879734,0.37224510614082507,0.64481567804916762,0.10217533666604918,3.3640197740378799,2.5013719110438579,2.6102760951257995,2.8405171223614252,0.5564391240263542,0.30228860594910401,0.9003661025717139,0.30601525431840015,0.18448072887879316,0.39796716159384182
5.0576644785485305,3.9121226902927408,3.1074895448136286,1.9407715332877071,1.3626973496548866,1.4591652979674867,1.8351689486788541,0.57380435389401163,0.12636466525666568,3.7740965857092941,2.634728872803636,2.2571722226404245,1.9917099888788417,2.1921572670455296,1.4372066275066049,1.8067989280719225,0.39251950508889799,1.1021666919223678,2.4776047615361838,1.477020189796173,2.6824281027983465,2.2111507029200892,1.1015075747898202,0.10358793330886688,0.55907977818710441,1.5696402074491291,0.38320351827205817,0.66605917372214496,0.1059115507665134,3.7629811359458079,2.787083443089295,2.9058344742845224,3.1408131104696015,0.61313669825293615,0.33479865423595101,0.98797234022175351,0.33658882374974569,0.20284331996045446,0.43723026981228885
5.4626472157187411,4.2050538255343861,3.3823498217254562,2.107997731963553,1.4858298880232248,1.5897256618592668,1.9988929218558733,0.58001774046207033,0.12776135597527985,4.1438636345393896,2.8731188873982894,2.4655639801893754,2.1750915835005471,2.4005386604680115,1.5690665801402459,1.9697076306803396,0.39820391536241589,1.1551364756914495,2.7093504360876715,1.6182826174406006,2.9316793084167205,2.4134906667502385,1.2021474241935646,0.10515205596511201,0.56881914829631086,1.6299786467040913,0.39362527482030191,0.68609195541652679,0.10947003409389111,4.1439900496155397,3.0528038097571049,3.1862222603069075,3.4427547292331604,0.67169142714191932,0.36692543721703125,1.0759580152749937,0.36687557526635695,0.2210814662488787,0.47636336380047362
5.7625803104942044,4.5011536354226322,3.677987007183777,2.2944795102185074,1.6188880431074497,1.7305610130319449,2.1753068143764969,0.58582419241538208,0.12906672013469125,4.5440755367649581,3.1308299216414603,2.6901017714922113,2.3846258936341953,2.6414814261158499,1.7173500165211497,2.160011110014866,0.40386267809685411,1.2091746567232808,2.9623808760143646,1.7719406135844478,3.1953304216847767,2.631822054668453,1.3106775358291303,0.10662481723137184,0.5780187817062642,1.6897136382204385,0.40371223663104983,0.70552254411691528,0.11277780043034925,4.5328669839658531,3.3522827490303122,3.4858498507771012,3.7690855204833094,0.73528488497940458,0.40154426782005964,1.1702975943727743,0.39992062565689757,0.24097112685937594,0.5191136701495328
6.1987242995374299,4.8671813807315107,3.9888448961780569,2.4930063807255607,1.7623957776443668,1.8821375115692909,2.3641909703429671,0.59123410815194655,0.13028309377664016,4.9859631487487901,3.4084758837517262,2.9319019695127881,2.5862958680131358,2.8755788781670168,1.8657471686132727,2.3494793621174344,0.40891257277362925,1.2619691997133207,3.236612008267735,1.9399858716111207,3.4785027915086957,2.8657896948796102,1.4270645357858831,0.108022080048676,0.5867611232340405,1.7484779030746191,0.41342779517678607,0.72464514708900074,0.11619516890571385,4.9071098146124443,3.6182104945148281,3.7853260789874503,4.1210642135966475,0.80449887604755277,0.43765247568957905,1.2689504748334528,0.4339461311145032,0.2614682389031649,0.56338646021667993
6.6516518475044872,5.2444897402281301,4.326452898156262,2.7122080001346935,1.9174004273867149,2.045273678141073,2.5681089479653196,0.59629340979179335,0.13141901212859358,5.4734194121632758,3.7082606772060691,3.1941133299569695,2.8177422032488799,3.1440182516457864,2.0327825539349225,2.5657946798818743,0.41386550692281227,1.3150918171538901,3.5359440213045747,2.1243042881849701,3.7868020999730994,3.1189047108210111,1.5529884586612126,0.10936244535885573,0.59514431080225016,1.8058919686872712,0.42270744169032948,0.74293303339993433,0.11946193313140188,5.387810207101615,3.9522253321917518,4.1449489176764756,4.5101144921871024,0.88045884375123973,0.47908266175325231,1.3784392700860968,0.47187130509743125,0.28428974546184188,0.61254338928701835
7.0914026370239167,5.5959327190861465,4.6847645933409456,2.9476261023285408,2.0839441768640516,2.2195666590775365,2.7865421640788171,0.6009624471756686,0.13246314211025048,6.0025896269592494,4.0298472778511103,3.4731673483614101,3.0725484148897726,3.4341397732690004,2.2149422231006231,2.7965076245337182,0.41847710286274642,1.3673413063459385,3.8594592957055425,2.3228833620974054,4.1199235533958731,3.3939426817791851,1.6895674003538519,0.11064577252113973,0.60316316542366721,1.8609562204406442,0.43131610652749602,0.75924968830399986,0.12238635244911739,5.9394417075865409,4.3288068471919816,4.5449300222746789,4.9249509728776459,0.96209448061865754,0.52441472684941581,1.4961254731573979,0.51283850405190035,0.30891222072054514,0.66552765808274961
7.2156184888775563,5.9931583622326823,5.0624481649675248,3.1993088933412746,2.2618659473391194,2.4053536666323456,3.0191566382290671,0.60533774363776804,0.13344721696491119,6.5797831849991422,4.3727651835140744,3.7748943494949745,3.3920845280475049,3.792308062710279,2.4313407410263683,3.0599042424306737,0.42297752617397866,1.4191457130304956,4.2095616171602819,2.5395476699426238,4.4766142810833607,3.6894741554657511,1.8361755655141589,0.11186660580691285,0.61078441903057867,1.9149982907530025,0.43970289293190662,0.77517395562516411,0.12492277448657864,6.8131094889604666,4.8807321024381825,5.0599581112516168,5.3781774073120019,1.0510293373474047,0.57836315815655404,1.6289703273887095,0.55988627267983293,0.33712066104746735,0.72572848228053377
7.2667980975005388,6.1218725954534534,5.4575824606625947,3.4717370725516936,2.4514742144898172,2.6023224497389372,3.2671771367092761,0.60940051676149087,0.13436077246543437,7.1191449491318926,4.7369588114380168,4.0971186473891272,3.7035610924561215,4.1452150386399422,2.6490799384203809,3.3307308565453497,0.42705878066268205,1.4690986981963761,4.584889598465085,2.7569577114072978,4.8574355137540275,4.0052277803078455,1.9927194155815835,0.11302718189938175,0.61801941662677073,1.9668273663468039,0.4475902475753189,0.78902427135202391,0.12707090532374954,7.5272612711373679,5.3563914333112299,5.5443995034255789,5.8619134216390147,1.1422301519709932,0.63114945912754516,1.7612264234065236,0.60694074622512184,0.36537189892225286,0.78651523953460745
6.7639331071765394,6.1237972073114095,5.8669235610065043,3.7627470684922857,2.6518005819188986,2.8092743806108351,3.5291527453286431,0.61315475465403135,0.13520365724025624,7.1721735956915271,5.1207709002366819,4.4384769640751625,4.0402087971493819,4.5358470722847892,2.8839047975958469,3.6284304239563001,0.43094333986617661,1.5178590397233191,4.9869122832248589,2.8880039457012052,5.2662343469114585,4.3429928750319995,2.1599162781268824,0.11413587795657082,0.6249110543907832,2.0156565420168544,0.45424769001200388,0.80020588133251724,0.12819098769889353,8.270228341635546,5.8786274496028499,6.0580692595173646,6.0894148613310835,1.1985803852168047,0.67588924357722568,1.8826460921473396,0.65296012428487138,0.39305540831839836,0.84662584114896344
7.1951198832863712,6.1655261333415261,6.2334806400311864,4.0426353853234573,2.8615970294102273,3.022884255184028,3.8028328018952817,0.61659903479052369,0.13596359139584158,7.2231634090106782,5.5191482754324452,4.7689514567086082,4.3818173270969716,4.9208321015753533,3.1234789906996614,3.9313817885420881,0.4344723035574598,1.5641556312065072,5.4099873638312586,2.9880116414471978,5.6958650342425159,4.6991958698224359,2.336041566539969,0.11518381492661225,0.63114319430764332,2.0528658607461243,0.45950285171793415,0.80926952737226698,0.130050458410196,8.4040124912634457,6.3552741901405989,6.3377221981676657,6.1329335373192873,1.2326373015214407,0.70128363264958993,1.9752897381294372,0.69275135974407809,0.41704512582428133,0.8997782764949448
7.2900323796175108,6.2067502502151122,6.2796316459714125,4.3400339954019129,2.9211595055934745,3.070368274751055,3.9926505373463095,0.61832478612380037,0.13634530217801361,7.2696248998592736,5.7311146503971138,4.7624091052091932,4.7584782764670788,5.3987265167540102,3.3883468818167337,4.2501985490149892,0.43743759558798134,1.5980745888323364,5.450321621124365,3.0077706981419592,6.0169061936361254,4.7635104958205217,2.3728677339714244,0.11580762856825466,0.63452906062883896,2.0628595009805948,0.46128486414847658,0.8125303029566584,0.13064791258802561,8.6261620022093055,6.8603680202154083,6.4859059084452957,6.1756889471510048,1.2408260528269615,0.71182871591380081,2.0268617606918,0.72454157504938399,0.43561924035904859,0.94302688589744443
6.531448317018322,5.9503423094033705,6.2750862329122086,4.1626387486326335,2.9268342091426671,3.0748362306296078,4.0208008014574537,0.6188909646598828,0.13646893771230803,7.3046089403893104,5.7274218595519946,4.7790508989632148,5.115247193075021,5.8627559032460637,3.6101293338392351,4.5929673578923431,0.4405334236430743,1.6351051472618554,5.4564316342622865,3.0185489632265115,6.187874188340321,4.9775873806670283,2.4618767977791109,0.11638781762840082,0.63768835896750975,2.071692601031363,0.46231272139621943,0.81212521871056498,0.12964216374525517,8.6236881905283784,6.89635577448656,6.5098359550572731,6.2093593796935664,1.2455923965743101,0.7144786732373638,2.0438042754160226,0.74317665544582512,0.44622970430409403,0.95495449292564238
5.841985570291512,5.5992863343853765,5.9659986821498538,3.7597434011953221,2.7652617568088744,2.9144077779571091,3.7482374260967126,0.61694301526921569,0.13603549035317977,7.3454318491162907,5.619004501837134,4.6700995739379492,5.258225923139177,5.9603135815173918,3.6471548515472705,4.79053008051822,0.44265700755508613,1.6617788740130111,5.4653156515482673,3.0308039285642607,6.1975416675554209,5.0034998172381231,2.4668598590250079,0.1166870045407145,0.6387168967689163,2.0499724218159305,0.45892155126329931,0.80350541778541285,0.12732440639825593,8.7011837916128982,6.935625162240008,6.5472846555085038,6.2390466370292259,1.2508178769917095,0.71801737208397343,2.0502757966676355,0.74598660370458381,0.44664048515383981,0.93477836745721488
6.0282074029438677,5.4361164281188152,5.8045378051941308,3.5111792879112871,2.2615355253158831,2.4356052556783037,3.2838824536842615,0.61127059673432116,0.13477169180352397,5.4812458851088293,5.1259558791191013,3.6561169411606649,4.2462273245479638,4.8755666128662574,3.0677382604651644,3.9002202872065581,0.4361400998068567,1.566704134762569,4.6638942686346319,2.3954268955097016,4.5254049265536969,3.7453976639845599,1.8560824643579632,0.11379467213426181,0.61996539456895239,1.915036447436554,0.44185963143208085,0.77488214731552985,0.12342489858412316,6.3471360240317853,5.1813373781954866,4.8211145250768874,4.7011964994166862,0.98640570415454221,0.5481672182327455,1.6952388116964709,0.62198742105741223,0.37458287477185792,0.79995762144192806
6.0118925550383722,5.2815857430432871,5.8443154890602802,3.7396883622679473,1.9871953597034953,2.1720658918320535,2.9501284965846297,0.60691165938428893,0.13380806566324727,5.3197443229097603,4.7586083210784311,3.1604821261466087,4.3308336673777275,4.8972496986314509,3.1060170499980053,3.8267984170261906,0.43552171637423692,1.5405331040442762,4.2733698123432893,2.2741305428503731,3.8649245743895619,3.2803304855858912,1.6228064907902613,0.11216684646083498,0.60910389360782635,1.8347822524215933,0.43110308244624579,0.75641527238145867,0.12067768366890468,6.6079956525924572,5.2426394093091311,4.9190086675239595,4.6519203451648359,0.94512859820640716,0.54140213543867555,1.6461108708484322,0.61216315021601619,0.36911024208415916,0.79655133989593185
6.4707793677673004,5.6913149736665245,6.2424476534242546,4.0473054471117162,2.155845426872514,2.352079271993154,3.1889348157141493,0.6110755345603458,0.13474268246978166,5.8329373837850973,5.1391748476206001,3.4302011513965907,4.6977317522035866,5.3446710466539544,3.364624976027411,4.1451757600225569,0.43899202565087064,1.5862541077549677,4.6504635817585207,2.4853529221262232,4.1858786884722461,3.5550544982572139,1.7583462667295591,0.11342372694542907,0.61706132878793729,1.8902276853039177,0.43962319059588834,0.77357185555422758,0.12385128338660771,7.4075079001220105,5.8000151429292899,5.4178027651682648,5.085636977872217,1.0323728036828377,0.59371158694996107,1.7827000521524261,0.66287773430817809,0.39950664519028478,0.86199201830447714
6.9069578042614221,5.9646353758311559,5.6914672673550513,3.4059446436744385,2.104168515280405,2.3016704880286536,3.0217392796788651,0.60972709960335558,0.13444550007266892,5.1018152116854836,4.7153078372771562,3.3451448649077213,3.6547456548850414,4.300848573710164,2.7199306906540315,3.5294164415180282,0.43388094096984309,1.5150852176594221,4.1807306824396848,2.1916358140019443,3.8931539224342697,3.1443784109052175,1.5696698674128926,0.1124517411848287,0.61159125629019839,1.8794753167874303,0.43814257240347215,0.77273114982207658,0.12424088400819064,5.5964684730606056,4.5728224879402504,4.3002691557051138,4.1794159903609547,0.89597186434948195,0.49333371420804506,1.5456894150083251,0.56276479035567561,0.33970936162683363,0.73727153808335
7.2481711504791608,6.179366071169472,5.6331577762227321,3.043680491162458,2.253888402422374,2.4659969768562555,3.1824587320043984,0.61294433271947812,0.13516005851530921,4.376986678508648,4.624034615350622,3.5854816239807086,2.1908934695379081,2.7143414914712269,1.7965913309874295,2.232677405774957,0.41255294260845748,1.2880504694633133,3.6375608841021356,1.8171483971489502,4.1103428691396537,3.1878762554101372,1.6003993896638733,0.1131750666250245,0.61652154954692096,1.9249729901433514,0.44464441321184694,0.78464147272318252,0.12640058738804072,2.8197593037552804,2.4604372817039319,2.3778944442472829,2.7756477778359581,0.68770722199859657,0.31671338961348655,1.1199769893014471,0.39749462023595883,0.2422273781373307,0.54080473448520805
7.296877545480787,6.2130976659819135,5.3917194042592147,2.7001073809606582,2.3505687367662866,2.569964094901664,3.102850531812396,0.61350906775777458,0.13528579658667961,3.5686903700022548,4.4516295479205903,3.7377492984975769,2.1200148052536472,2.5170527933438742,1.7011862942835736,1.9607346095061491,0.40364367805369661,1.167746347442534,3.0143934672242634,1.4745168527334225,4.1849865819954388,3.2561500356252213,1.6406743707249407,0.11367519155928238,0.61982717589112968,1.9524933366437851,0.44790978402740211,0.79033712884324514,0.12731404828528758,2.7164838430960692,2.3030652054178007,2.2076031187226102,2.2870060896026456,0.55748933927282374,0.27688552998218424,0.99370166229338219,0.3604034325935811,0.21969097115480496,0.49036642281300657
7.0733444488687995,5.1789229460837811,3.8323395296828071,1.8037856546375863,1.9563940138007416,2.1269687840713245,2.5557299471900858,0.60389959032285123,0.13311859454412561,2.7565377172373777,3.4239529089943432,3.1396540404991926,1.7076778507683961,1.6918662228587766,1.2578640472629965,1.1466529799798175,0.35201673095974606,0.81177560816709982,2.3557919883435621,1.127067788882119,4.1322888352175005,2.9579075533718657,1.4908023893987601,0.11318293671050519,0.61559049375325037,1.8588046704631731,0.4320030413576213,0.75855191431503621,0.12228349266462768,2.493882182616121,1.9167653326211496,1.8560885036883601,1.652214169057775,0.41636468785801334,0.22018512650031308,0.77183024190369198,0.27508612300461061,0.16721495313022516,0.36924966227180717
7.3092154282885096,5.4894205248187582,4.0051731938579387,1.9294556419965412,2.0418374839547937,2.2205086933658973,2.5715238560580564,0.60543402453385653,0.13346142829199267,2.9472209597264545,3.5906007264443471,3.3387613549689528,1.7962962522026584,1.7793491120743836,1.3326360447555365,1.3611675274175181,0.369077297761154,0.91100909013954645,2.5555188539901228,1.2056339145615544,4.4796141216356435,3.206974421952717,1.6163994757503966,0.1144734505067371,0.62366595708148542,1.9077975821430326,0.43843961729375491,0.77117452950326038,0.12443174942672042,2.6089656519143656,2.002257268065077,1.9272403985888575,1.7162167246115416,0.44087398348682733,0.23077553079777929,0.81532009221289714,0.29088449634610691,0.17681140895613412,0.39080656854719537
7.3632175380211686,5.9103709886446243,4.3399765205425478,2.0979169808279097,2.2135021501714021,2.4029502581668685,2.7844150874982883,0.6099004296520687,0.13446469723243004,3.2083279233802764,3.897024498867395,3.6245935982137958,1.9573072236451388,1.9413172369111402,1.4514552962077254,1.4786337574176007,0.38186970548456101,0.96484187241271757,2.7873808823877151,1.3124961714758741,4.8562184422931276,3.482699653106673,1.7547644591820064,0.11572558493485116,0.63149613413822525,1.9633496765468803,0.44695821442137806,0.78753935037848966,0.12696651692998917,2.8629505602922203,2.1855655816975075,2.0902302531081554,1.8492422005811255,0.47840857634399675,0.25036929358635823,0.88262169956599001,0.31553511711963839,0.1917958335058782,0.42399502595833927
7.4164819663263346,6.1993330052907334,4.6948424130174935,2.2836437453157892,2.3942301635096994,2.5942022786137784,3.0149680693756422,0.61406662423581626,0.1354001779965982,3.5445446504118419,4.2270158761556491,3.9259619505404784,2.1548758684289284,2.1286755127369705,1.5918171210818299,1.6195644426253633,0.3890497742167916,1.0189674760709477,3.0504881414321341,1.4433791868451027,5.25465115603882,3.7809910428311024,1.9040425758124517,0.11691925753648166,0.63886696865232029,2.0128579465941141,0.45446770930602276,0.80149787143549434,0.12913433144283917,3.1643771219877719,2.4084729828321638,2.3135504327960961,2.0398055713087166,0.52637566301207717,0.27631464173436404,0.96626248495674072,0.34558461079038799,0.20999855152865293,0.46388111108457408
7.0510894173390621,5.7259745242558111,3.8795438953385646,2.2778366412485194,2.0892969270897011,2.1978057111754614,2.7575656632782524,0.6072005706998419,0.13372528539616629,3.8916660494792934,3.926928405057398,3.724280304074266,2.3670702381373192,2.326910157724317,1.6932779689144795,1.7785566804738491,0.39624877569051431,1.0695175538432971,3.2113282548066726,1.5583214159089804,5.2902797976884797,3.9776948813369004,1.978730493509647,0.11742136769028544,0.63977337218725372,1.9263570722228565,0.43865848225589654,0.7724839057145213,0.12437602454825798,3.5247884475258,2.6787266077765857,2.5593104091566756,2.2144730987409709,0.56889158819081953,0.30230204685210821,1.0188296687712666,0.3645223973520475,0.22015802508159649,0.48406973930665259
