c0,c1,c2,c3,c4,c5,c6,c7,c8,c9,c10,c11,c12,c13,c14,c15,c16,c17,c18,c19,c20,c21,c22,c23,c24,c25,c26,c27,c28,c29,c30,c31,c32,c33,c34,c35,c36,c37,c38
1054901.3374475243,599458.26093751413,575658.24502959359,1434714.8380629963,826401.29644718929,1189895.2770963395,1566759.4457368392,12714117.121441294,12735415.808368236,1367871.0212958241,2898724.8609684384,1115901.6322995813,2928890.2632126501,661745.50157069857,5958689.4206765397,147547.08802896854,393821.91775243561,923831.30639927089,917531.17078671756,2851733.364252015,2230824.2337470846,1797158.3557560467,2125152.2355955015,4379343.3591673551,4576146.9072802989,6982412.5040466934,20263363.192099314,21180273.803700902,22301158.262033116,884314.51844154904,737244.51887058828,4363725.931339466,1181904.1010413377,4499400.0898366412,8947952.817125557,14271747.550872054,20641191.814960018,21416256.873504061,24184374.063934542
1047163.8792532772,595059.82378859923,525885.14713780128,1351576.7318156601,745578.43051066017,1075348.3497569289,1419947.8219596483,12625959.272613002,12645522.291281257,1225944.3087018402,2646295.9370164862,1005273.6620872809,2866965.1288479352,655330.8598360999,5799195.1996070258,146255.73494818504,390881.27205878362,910612.15738630958,834064.03379448841,2587870.3619950735,2025446.2164062327,1630656.8345383541,1927731.9532403734,3974313.550950943,4152328.7066647704,6330741.3434039662,19514272.812921029,20424454.118635327,21537116.639360584,887141.70537315332,719717.50711688446,4204463.4728739196,1109383.6906199842,4132606.9664989184,8416888.3553275913,13385417.598563036,19565442.290185969,20278073.262517981,22847582.157863032
1039701.8861721266,590816.06970277987,478830.11250320944,1270080.9826333043,675956.51553346834,977085.56255376874,1290656.9592831128,12549600.41463994,12569041.242701542,1095848.3813980939,2402352.0087474547,911600.08340141969,2814638.6325640026,669506.07902103779,5682623.395965266,146293.68283710923,389887.92370756465,897853.81394586596,756304.21953987982,2336341.4922193219,1848111.4599943471,1487522.0378073126,1758216.9386335944,3625593.2244747775,3787635.6649761843,5851016.0446227109,18954388.790299363,19858058.602207832,20962782.975807928,923438.63435113977,736637.55641750095,4306940.1880221814,1056743.3766645039,3796635.9268571478,8178275.1376301032,12789150.736971004,18820884.854152828,19472191.235579748,21852558.308063831
1032064.3053431688,586476.87379686174,473083.38330902514,1161730.133674663,610561.06283940363,895435.07555213769,1170501.1928128283,12488948.621165566,12508246.678617388,1011658.0844706038,2178593.6393428454,821800.13220014831,2629456.3675281759,623479.01002673281,5263289.3923762161,136827.05042263572,363870.87910636631,830983.078210345,682764.56356854958,2136388.2950978298,1680173.9956691577,1349894.8100757336,1595222.625521882,3292847.2800656664,3439675.5824270896,5404797.3070650613,18443451.470060371,19340484.426988535,20437093.663329087,942911.70317508304,735963.0208352888,4340485.5448044417,1006512.223268052,3511527.4785618335,7920466.4921984524,12127988.729326103,17710735.297037043,18342579.687920645,20514463.355033878
1024682.2228230278,582714.68467401143,473381.62447591539,1163382.4482627683,706150.40053110721,1010438.7961389929,1383737.6242787272,12562643.489680164,12581871.343996268,1137065.5892541285,2732109.1639300305,921722.52456307621,2818278.0905304304,712800.95060922217,5723231.9920365671,171031.40810778068,468566.5955212501,1088054.0937991042,850595.06291625241,2525812.5281301499,1637926.2600843282,1377696.1690022321,1627610.5577018028,3283081.8947956264,3431910.0583141232,5495039.2285023052,18604867.018207259,19495973.437810458,20584759.32170153,991110.81854334113,817888.39569814061,4910747.0151202381,1208511.7051421101,4221231.8329065936,9228819.512774745,14424233.787027704,20459588.091657355,21086423.360121526,23244431.860979922
1023615.8838604202,583954.21354659984,477122.14954236511,1202533.350319352,710989.77189738199,1019931.860618996,1385772.7779421348,12559627.24590536,12579409.855128936,1366257.7287885176,2790617.3199583846,941444.90529035358,2709523.8804580891,731457.5193933429,5745067.8646803647,188349.2351990992,526109.49722168234,1241937.0720021308,989765.84154188575,3000537.550599766,1990958.2705313973,1622886.1430440922,1902155.2428016039,3911964.4335730281,4068286.8285099743,6156436.7311865427,19266116.230990022,20158074.293178275,21245703.298285875,911477.19907598523,805414.68486917939,4932060.2158617778,1356974.4859576945,4937347.3299115384,9989226.5077680014,15521495.222496184,21586717.451449774,22219963.114653267,24506265.787235446
1039795.4861291827,605875.50093094888,515008.2068746697,1318199.2402713143,774334.9922028142,1116336.5831034479,1542100.7562981702,12627977.600919617,12649960.676960193,1411615.3866929498,3029629.263006587,997968.5901514875,3058436.1032220293,815343.65250191407,6426207.59671818,202016.1307942071,558605.05145149014,1319033.7099548702,1038363.2161098748,3117999.3370364257,2026629.5191665411,1653152.9165854538,1943354.1311945394,3990084.6196597973,4158915.14008934,6427633.5348745445,19642134.948309712,20557812.726854838,21661921.901803568,872821.97656982578,817567.8888077325,4933347.2108562905,1387669.7945665556,5117241.1880390961,10178426.632783594,16149281.030959215,22923095.178462271,23608124.289605673,26022268.998318907
1045321.4396866009,655130.60326215753,642015.03719346621,1624635.7314074642,1095840.4403909582,1551884.0573859967,2131078.0707965433,12915295.86253315,12942007.955714615,2115497.5392834875,4029057.6417275988,1444285.1467524972,4723134.5889816666,1194871.425020494,9349136.8794123698,286576.56733272981,786213.77849490545,1835440.3455381412,1435545.8860933799,4513585.1080227848,2676144.0910447221,2190703.5423755618,2583153.4138549189,5286798.6393750124,5518873.7493871273,8568413.9860686064,22159256.344681177,23130661.764750611,24241510.180645954,1412842.1879480449,1276143.2276225551,7667249.0825586589,2099826.5472559766,7460579.1360415528,15300050.918021876,23341298.75822271,33120052.434136689,33958248.465954468,36851667.522390299
1228978.841621717,884868.51134197973,1027394.7962898122,2545144.3996456056,1654495.3564106079,2345290.7819786617,3262712.893216698,13484136.483306408,13521682.290973864,2975487.5751842423,5898579.6682784604,2180385.1455740891,6094053.7746273177,1585547.9282796201,12590085.251313111,376256.85740669462,1034479.9863792857,2435409.4323769081,1959674.896869061,6230806.1809968008,4178587.4552066312,3173337.0306477873,3766590.8112955657,7988560.3522919109,8351182.5757821659,12992740.525980571,27402420.641673837,28654124.728754811,29959277.83170335,1675903.6677454833,1580056.4225919691,9494869.7522323132,2821425.513454746,10179384.36971489,19898942.418353755,31284460.860292371,44553439.330362931,45898300.07635057,50454965.021635495
1094164.5002091562,790702.35534263204,933018.45798640954,2333996.7224275875,1505764.4637140511,2133707.3296341342,2982458.342880907,13328674.119970998,13362754.751837688,2723297.3072484452,5374116.8372611376,1985826.2413881212,5653538.0149511946,1479977.0244423416,11632679.758669131,350237.65732954885,960817.91914187849,2248529.2094220421,1793143.1056522299,5699890.4375801627,3836218.8032657951,2909004.8655360686,3450571.6733144047,7326251.7032479765,7656072.7529172599,11874258.96508128,26042592.641563378,27164022.971851561,28326762.449183095,1567539.2715760844,1480981.1551323116,8837126.9609225988,2613199.0248820079,9342663.5757878516,18385148.979317933,28791341.228833873,41042207.927554652,42265216.749425285,46424771.374802239
1054156.8802320496,705655.42979200417,846303.56855512608,2122505.2631751779,1366193.3876168488,1936382.6674525032,2704162.5718412255,13179150.611110188,13210081.090365844,2456140.9697750034,4874671.1566851903,1801021.9192330232,5105707.6065557394,1338173.1188582859,10535286.253058597,317938.50454741932,872446.92989035673,2044054.7573369739,1626124.0786063536,5156426.8408971224,3498297.6738643176,2653547.9345405325,3146474.4349225685,6680621.2553094774,6980166.6620199597,10807053.320037104,24748861.510813262,25770767.35380799,26890590.185375106,1413102.6758431625,1339117.7765129944,7997149.6621449338,2367978.0084457733,8460471.6270998102,16644910.452435656,26099148.095773585,37197216.399817348,38308485.040797934,42087090.626246952
1046547.1808190151,630163.23351702793,768078.18801343441,1929794.4578587273,1238265.436049527,1755998.6532988034,2452727.9003631049,13042537.441094192,13070634.728987888,2209303.8162953164,4422327.5054969601,1629822.9830764222,4599000.5586270886,1208397.4510780328,9527859.4815695398,288106.94258618267,790486.54688239645,1855962.4422677038,1474691.9551819253,4658574.2596206963,3181537.8362257299,2413528.4057787689,2861391.6074516079,6075476.9801340513,6347328.7469236935,9814385.3578661215,23550578.180831417,24494668.80832452,25606399.614999641,1266968.0309855875,1209051.5796085699,7198742.3340400346,2138584.8371488592,7648289.3263781462,15017839.351253342,23605376.58476951,33645930.170657441,34656358.907459214,38089604.898835905
1038833.2373665527,608955.48354848498,697639.33389897249,1753324.1155252845,1121528.7880199507,1591747.5855874359,2221405.0716073061,12916806.452082176,12942364.343191624,1983938.0680124899,4010918.7168372739,1473194.8840091983,4173252.5238765273,1076843.3460641361,8633358.5706116408,258517.8220026803,712036.55099516152,1680975.2682648075,1336013.9158454093,4203913.2989561027,2886786.3432851434,2191712.8575321021,2598101.7104794118,5514427.9313881667,5761070.31416215,8901371.2621547487,22450558.780879479,23371135.046407238,24474672.970626183,1131485.2657646942,1076775.6231566672,6452369.522148788,1923722.6412088759,6901534.1974525983,13509682.669817148,21305554.614503894,30406443.498927288,31326041.636968147,34445565.360109262
1169151.0273301469,717801.96361467114,1296579.7366076743,3179084.1111911847,1457908.2025699751,2061772.4722235771,3101042.943117084,13304538.928462012,13334276.780704172,2776272.2698180438,6005315.1667470085,1829816.5237197629,7123369.0810630023,1825608.665341523,14609710.279379668,409428.17851061036,1115951.287570064,2615159.352167211,1827209.0406973981,5878640.8435979653,3220131.9734634249,2720731.6407805416,3204596.7730967319,6458616.515976835,6747461.4146395586,10538912.849370701,24597054.502721462,25680213.468476184,26925884.83144797,1680580.8504073359,1670834.4844813319,10030180.917954693,2894752.4952876633,9927492.705394702,20196847.048865706,32049689.911371402,47495685.505711101,49208115.01718244,55078306.471131027
1348579.601224703,1044805.6397692182,1212742.3402193035,3072016.3649978242,1516511.0291397627,2206623.0499197594,3024886.0986403269,13348760.148691634,13389362.235904846,2605986.4094159552,5841107.0206257151,1844888.5342581917,6959086.6716427784,1793048.6820864354,14268265.160187507,393740.86048256728,1065066.6021568528,2492264.1764294645,1753387.0595505971,5583763.4819582598,3306451.7511317949,2607680.1583714578,3097877.8291710867,6440358.8670951808,6751161.6042446448,11183387.287587155,25548284.492226839,26998315.085492928,28426327.76711639,1580692.1029050299,1601606.2969258092,9485313.8315189406,2767755.4033464091,9458343.9990381803,19171653.747192156,30650245.173900824,45720447.637406871,47327177.627121873,52940395.142864808
1203137.9001122133,940301.99836432806,1106094.432893852,2955339.04577102,1402290.3597572544,2038378.6679040007,2835906.6807810143,13231844.188400224,13268971.701937072,2508024.481276317,5444469.9260603562,1701997.4954127539,8182122.0910810027,1982917.4723647251,15719328.574683309,418104.21533399849,1119693.4707091558,2575596.4168958194,1679547.7968481749,5408194.5283548394,3052786.1389712556,2432525.0320743821,2887031.0514087095,5972900.4437812278,6258657.5765998112,10321852.151279774,24481230.398776516,25787504.768010236,27062186.129654128,1925234.6353716082,1823725.1699442288,10635574.410079451,2894259.0746159288,9389593.783412179,20248146.50527798,31281154.781048033,47737202.304411508,49203615.191886432,54474891.068806343
1165878.9554748361,966712.31668616866,1399093.3952178147,3634332.9152022623,1644757.2472240115,2387553.5405047112,3349431.5550272497,13486796.279627535,13530580.836906634,3377791.2731726738,6676875.3605870157,2006467.0318829329,9884621.3726928141,2395183.0381538132,19109128.729722787,536622.82117097324,1439913.9225182526,3185251.7788661802,2158753.3148839576,7124868.9945926052,3595273.3732022899,2827677.1814440149,3362124.8729359386,6996905.7326230779,7337869.0032839682,12076185.861687105,26602140.690062128,27941878.337378498,29180160.663841989,2577215.3347567255,2275144.4406193732,13167693.136145698,3664458.4627474127,12153134.432489324,25594392.002921194,39277991.858381838,59330454.750644006,61180975.498299561,67768518.48825717
1080124.4387521516,892396.56824643316,1287536.9053465442,3383148.8430888113,1515988.5512348944,2202021.6667654025,3102207.5309141953,13349549.906623617,13389667.343644248,3097796.1569645042,6150423.5795793431,1844245.7905411306,9238540.7033415213,2230694.1225003079,17760545.173511554,461654.24243809778,1223666.0901991355,2826716.5782311866,1982965.158766571,6534405.4723978629,3322615.7997674122,2617327.1210482265,3110904.6049181507,6469875.0902309753,6783726.4731915034,11146200.834783731,25456951.597380642,26696781.714619435,27845053.726693314,2420807.9397993675,2125610.2198464815,12256625.385770587,3405749.1176555208,11188748.941161137,23695762.570656743,36169866.251034155,54802450.359765522,56511029.240588211,62674892.379295498
1072174.1304882199,799623.20505415823,1170945.8676189701,3085133.4756555334,1377754.1642649025,2001895.6508858125,2822722.3964090948,13197147.06884842,13233608.581887003,2811569.0515125445,5597323.2014442347,1673718.3377479119,8369867.8387963036,2026398.1332336292,16128634.560489604,420368.42779370031,1115068.7748880857,2578845.0728757805,1811067.273122696,5954022.0282831285,3028479.4403495537,2389864.2061733915,2839272.0917494833,5900816.4208001336,6186207.6140172351,10147859.511841614,24218905.85318429,25342726.24553806,26481716.173604306,2208953.0274235904,1938582.9313819229,11185940.308993293,3099916.429095997,10197743.569366902,21614131.415726867,32987209.38562791,49910980.438353814,51466750.677485898,57081395.742964819
1064330.8048076408,717808.17437518027,1065068.6600962752,2811924.5592207629,1254019.7769657662,1822103.1469435571,2568566.1140788347,13058337.050201885,13091519.691007992,2587126.1116369185,5094688.8497645715,1530597.7537854332,7575058.3917468851,1833762.3804222262,14635203.927714482,381676.70336469868,1015110.019853384,2357807.0886596446,1657605.5971821418,5466574.2185593275,2844358.3542989255,2257946.8720249208,2675449.4305439303,5550361.625929988,5813039.9033809667,9426828.8807505835,23281232.604135796,24320895.814330053,25451555.659904789,2016664.5381499019,1760240.2954742184,10207118.216973586,2829509.6054738984,9348088.3959989864,19769644.986417722,30152744.312163711,45513089.505753078,46929972.553674079,52042597.58947771
1057007.1928923582,657336.44519726071,968972.95880865038,2576484.2717129686,1186006.1733172163,1715573.7727869188,2365229.1621736521,12953656.665321222,12984090.680203635,2481199.762745691,4709106.1611200674,1478953.5839311997,7100564.5474622305,1716109.5606477044,13683827.015041646,362740.03467172309,971297.27454497444,2259201.588028457,1598260.402389091,5267029.9624533188,2722451.4539749459,2179836.2158713778,2579592.2652620119,5331259.5252660662,5582752.7795412857,9026216.184498921,22714127.077259436,23690995.303357322,24813844.385057557,1925348.1706035451,1671247.2603293571,9765140.0732771549,2713135.5985285612,8989484.6607577,18959057.971339244,28671813.594312254,43017155.875722319,44307905.837888435,48977140.022063054
1049264.5142241376,641623.79010046332,882147.46207598515,2353459.7877483829,1078412.2233667627,1560908.1225306788,2153954.8674741713,12835585.81533966,12863347.651677256,2255729.7816593247,4287532.9059734344,1343907.9311448713,6538060.0557548488,1584160.7866218283,12570849.986391412,334663.8548402689,893527.24440382735,2072743.2937660539,1456798.1383454367,4795650.8100486724,2487499.1828278131,1991375.7741628767,2355745.6639102455,4869840.0353244971,5098774.6063119108,8230912.1375741325,21738261.449029893,22697069.895731509,23811692.688004863,1802212.4708805587,1557283.4016216127,9025030.2934680916,2491504.2538419184,8208542.0207033623,17420508.867554218,26287263.755563155,39461968.352453157,40638651.211582966,44896744.304478765
1041557.81201377,636910.70227532764,803592.27142401249,2147465.3305877931,980110.1817993552,1420022.7334943516,1960651.9104760559,12727147.099238141,12752517.514597032,2037655.6702785611,3902382.9080108455,1219713.2134601648,5895624.1482511098,1429269.1474314702,11386123.167952688,303168.82290955179,811611.86995184829,1888060.8537754091,1324632.4624507849,4348151.6220779736,2267382.4839303363,1813989.822784415,2145804.8183161169,4437403.5946054319,4645835.7696579974,7494968.8260855367,20838641.475511227,21790407.325137712,22896843.41723343,1610039.4388487686,1398612.3046548273,8134395.6815967541,2256265.2710532779,7444527.7030070256,15749757.265231377,23829274.294226624,35767010.170721367,36840454.499992847,40722473.582678795
1033913.9189304344,632231.94136330765,732783.88427730976,1960861.9601209217,891207.54497776506,1292789.7319201434,1786284.923720364,12628457.248324446,12651698.10316086,1882199.9898042539,3554253.3488650355,1107784.6894882799,5390819.780535032,1298358.4164905965,10399263.138603689,277902.46294674912,748219.57551729202,1741883.5062383539,1214291.6736690388,4024165.6185158771,2068387.0969166369,1653941.6385176398,1956315.3424540884,4046772.2192779235,4236717.9572803667,6832989.8073587148,20065615.489671607,21010390.198503919,22108705.925858691,1471465.4774233829,1281074.4520100306,7547896.3020465104,2155300.0135233547,6958807.6039043153,14664380.281396868,22053595.334205564,32957290.317891914,33937617.609780133,37479946.595330752
1026379.0779738128,627849.1958382345,669159.32686536491,1793461.0853817761,811024.77948311111,1178231.3109595054,1629076.6641753686,12538685.994922318,12560063.743336864,1703923.06150272,3239697.977922461,1007013.366581268,4924489.9684209693,1182709.9718093649,9497998.8964151312,254058.11949955093,684132.39196677518,1593225.3393815539,1104966.210551894,3653738.9835963165,1891476.0920366254,1509113.6628816715,1784912.0875666388,3696527.8062422671,3869861.4016369493,6240882.1613284703,19377698.569203608,20315818.387573451,21406130.226544805,1336860.3848176436,1167085.5271448384,6874457.1664643046,1969272.0701924895,6334200.2577568814,13353252.080404477,20102976.357071172,30062916.906482525,30959512.07235992,34196917.831907853
1018957.7719387034,623321.67585196765,612198.98295913066,1639220.894984558,738788.87613218941,1075288.5450438203,1487284.2559191561,12463500.858265119,12484721.668717984,1539812.2254727071,2955979.969756145,916458.68540221953,4518064.067668003,1083956.8498937848,8703054.5244312901,232451.31164450001,626315.84025623952,1458525.3702100914,1005183.9286631659,3313941.7878883588,1740644.1736576387,1379703.6904375223,1631536.4121645717,3390591.3621517541,3549050.3607623964,5738239.9102827618,18795505.188689984,19726818.746819355,20809239.710962169,1235788.8226950075,1075278.3672100711,6298667.3603970185,1794411.2959486418,5757443.3686048323,12188381.350065812,18358035.559157629,27484886.243498869,28306452.506894369,31266590.941700183
1011543.7455662928,618737.53875000856,561402.20289925195,1499970.023433072,675243.65481791529,993355.87246021989,1359922.3366284599,12401272.899288831,12422337.745740246,1391385.9530500246,2702340.1606466421,850528.73343277175,4082634.9099644539,974915.18939644645,7899709.0104358178,211869.21945571288,571504.00105332339,1341183.8309781062,914853.97204084718,3012340.4187856601,1592890.1561765014,1260378.7847287864,1490663.4328395871,3101496.4345239904,3255851.9911915511,5369760.4244960127,18360434.017244138,19284910.302456409,20359451.111027453,1102046.3626380907,957832.5231292086,5687046.2397962948,1639806.4737454781,5257992.4668410579,11071363.138256473,16741146.432752315,25030528.033802155,25785120.459516946,28495707.612269834
1004349.1919578916,614675.17489787843,531489.62761088705,1376023.9392929475,649452.22690743767,965362.52257410309,1247100.0477051153,12356335.114982966,12377374.845104439,1257725.2803950801,2474477.0644159433,844295.56030289375,3707429.9518765341,886345.43873855611,7197570.6228701677,193456.91360930953,522530.80993723567,1228217.2086361533,833149.74906712479,2734060.0865530306,1463512.820736439,1153270.8491665802,1371009.0393108481,2852332.9972776286,3005555.4584334395,5104799.3633608669,18047733.231399413,18965917.210971288,20032800.816861268,998451.53457288898,870162.68733877968,5168820.4872957431,1491763.5526002529,4780269.2260147147,10065201.326606704,15262861.168014333,22819773.076336857,23531546.271372586,26030716.942679331
997725.59535569127,610383.00714062608,527663.42034209822,1263549.7939362333,644680.40090440342,958270.24879386555,1225429.1942083063,12339190.007595139,12360075.215987006,1158217.6111580147,2373251.5974865532,838144.06324304454,3379975.3127828259,806587.13345946243,6575461.5894021783,176765.56395767807,478295.66540639743,1126197.7719565274,759450.80922463338,2503634.4520523283,1422158.2516445743,1056479.543382081,1272618.1260242274,2712456.6849478176,2864553.713783517,4948511.8675955432,17869992.152742673,18781654.861763176,19841455.603883356,892914.98245450738,790641.57686394011,4680706.8538675997,1357600.9622758972,4368582.9435723089,9155729.8541224748,14031428.069686616,20947109.107018359,21648242.993923586,24027390.376363739
990465.35957667488,605918.76127594395,523788.6971746934,1162069.5700584233,639944.76084116858,951231.39627138851,1216424.7931590783,12325229.813602626,12345961.645211982,1149747.0563616266,2355819.6403947589,831988.25960536476,3079451.954642965,732341.30693960947,6008019.6821384737,161218.15855751859,437467.81868485146,1033035.1120275692,693177.32519781357,2380623.9350744421,1411913.0982803178,1000144.077417029,1214695.3762615642,2644158.9468693938,2795139.0775265195,4863792.3749904223,17767038.246713955,18672034.629679207,19724119.306329019,806904.85564744589,714830.75007021299,4270875.3050288418,1249810.3201273324,4095742.5685340385,8464305.8481773399,13123579.850323651,19469352.691497818,20154977.525334675,22424841.994357899
984809.17559022794,605977.45553868986,572630.10567119357,1361315.2820287456,734176.75937870867,1075210.4692365527,1397278.4785337746,12400328.013472021,12423164.130205607,1647771.050227385,2937965.9260350214,975611.01146152476,3607895.6470994512,894531.25918551988,7276421.970583465,196000.81157319914,522793.47345257888,1230850.3536130579,873544.90513458312,3214959.2778267181,1778590.6285479232,1444436.3447246794,1712563.3961753245,3511097.7673734436,3678021.0363818784,5895034.3975680508,18889729.817298967,19794042.189130828,20840399.233333163,1106170.8812897389,933985.66390202742,5827140.1554623628,1670472.8861663816,5479235.8733914373,11428962.488619708,17292174.569698647,24969542.251323074,25722384.023987439,28338466.076995365
978086.92050373135,601946.90996227227,532881.09730488132,1258174.4274932514,676166.73449040938,991882.93927814951,1316726.6358949956,12343651.018987272,12364859.146865372,1500774.5164814172,2711479.6302958895,888792.77768725168,3347646.0786346868,828227.13572320959,6733671.1809622897,183245.15213967167,491843.61661487026,1159798.0574564198,802560.03451469063,2959276.8185392446,1628450.144628616,1323056.7751178029,1567986.3844166303,3214639.8494587708,3367182.4567148667,5489434.5661210185,18412134.195785284,19310230.945879996,20349413.596532144,1043676.4758860115,877851.90882543963,5465114.9408097956,1590846.1638573469,5102100.9453912312,10680482.394842219,16123218.091363925,23228828.546739794,23929330.805326946,26351099.286775723
970929.32865336363,597527.61624386255,524649.96898702194,1184537.7145931139,643680.68403425242,955239.67963878217,1226846.819945266,12302082.098872771,12322871.926237332,1493981.1104106563,2499897.9527785601,838541.63763084216,3385856.7278105267,815297.22440357006,6647695.8393067224,184054.53594087187,500229.30638209294,1177098.1581556008,764670.21450024343,2907270.5780293136,1508691.9247136724,1240954.6903117404,1466901.2930820521,2993205.1585976314,3144259.9372969219,5207202.6112499079,18083818.870647702,18975321.624180321,20006898.021217301,1011794.2809836869,859669.65401976602,5313665.7765544448,1581361.5584208784,5020578.5014686454,10442349.059033997,15605618.985912738,22597297.032064006,23284003.242116198,25582579.77670772
990189.9367604095,837465.84712773445,543839.71746570349,1199590.8983756669,744378.46600996074,1133017.5534183923,1294993.5540261506,12383293.30570437,12410025.663835168,1498280.4122647087,2540834.1983831157,929977.27252309804,3777120.2364193052,895214.80291257775,7203377.8251944333,205956.05986497315,567867.84951948596,1333987.6533860874,793198.62222377316,2965958.4642805788,1781082.8727912812,1222319.4605930557,1483357.1369048629,3287458.9177714526,3487608.8094047285,6344875.8516447404,19475804.180453766,20613133.011270847,21664397.457416937,1143871.1050157717,969156.87527830468,5983782.7975645261,1643513.9671991435,5176979.5860377625,11281272.287634149,16689762.398712629,24238962.505551897,24944767.937284496,27289440.551045399
1025899.0935033739,872664.03348965105,622512.56931717054,1312413.7665018393,796343.58579930197,1225767.7826661642,1426308.5978602825,12454481.820968131,12485850.711914415,1356884.7015412324,2655421.3467150247,958732.48432154057,3496841.3715853849,824340.74226499139,6790605.0658522323,189491.27065206927,522748.05061299872,1228498.122738475,736866.18114799052,2709141.2362335175,1711520.0499706087,1141631.1704305604,1400865.2003155604,3136333.0689083268,3346171.7358575929,6405969.1238848157,19684413.851933025,20859162.446303081,21946446.623769157,1069511.8492371971,905947.21614699659,5532716.3892491562,1504772.5684420501,4735281.0833961256,10379015.267727818,15763534.50934539,22936017.076446772,23744455.103179861,26339160.521947797
985868.18097766768,781487.48142343096,570580.18320540967,1206307.0269020733,725951.88207122474,1118147.6309139389,1306945.302389242,12372580.109308328,12401325.779446356,1228507.5912573396,2435250.2317036185,873309.03955363447,3201038.7455768278,755657.31192124344,6228667.8635460362,173261.88493101022,478731.04849876574,1127363.6305093986,684807.89749829657,2474936.8459797944,1569121.4862281666,1047800.5723853443,1284912.4799891266,2875860.2847643048,3067061.715328231,5854769.9310836727,18978650.332052864,20057146.34115671,21103948.888446748,969169.73324394715,824986.61534985981,5028209.6125829685,1369074.5256451275,4322294.1932410644,9452463.7883605994,14398986.464928828,20980435.283361666,21723504.663669504,24106750.157867119
986180.01910822059,739078.42803553364,531494.75755426032,1109420.2206251053,706788.74029260292,1077125.3558208949,1240123.7251471593,12326488.709557878,12353407.810064141,1177129.7990790592,2397091.9119576691,893852.25625623739,2973926.1080878475,681959.75072167336,5749602.5642681047,157758.78579412668,436989.43062827631,1033543.5777179301,679907.31211092812,2370059.4506023088,1522051.9180549926,1016569.8762274637,1250791.8575970987,2795162.1473279544,2986250.693971422,5695529.1280107442,18732793.598047081,19769990.491547044,20818689.612301674,915824.30041413684,746520.35565899801,4626772.0386397401,1242004.275489293,4051631.2580227838,8772173.9948582631,13483277.481425976,19575449.278079245,20269760.952459369,22503539.678714741
990773.40083682188,874829.98921442463,531298.03845660982,1091665.7686210976,962410.79857277567,1430854.1057798348,1524916.631166474,12509182.63154945,12544991.207070936,1393606.2854649648,2579478.241087574,1314666.6607268455,3147031.2938889475,696797.84867749165,5952557.8228205359,164210.4978773745,455332.93395397649,1099023.5589624764,798564.92338723433,2813728.3137369575,2423185.4500400038,1521206.4418663972,1855151.3767909056,4307442.650942862,4549930.1649188278,8007733.0191849442,21385343.990712918,22558881.665207293,23611098.008937728,1147453.6328436842,845182.66954417352,5329168.8114342671,1438841.7962802986,4799943.3664075807,10252051.015988598,15336153.438928002,21631172.826150328,22325499.690730162,24540052.514511019
983632.7678410256,788082.49220674182,569835.28821179224,1209763.6441873903,937474.1891151017,1389124.1342159535,1522565.5307024869,12481858.890236214,12515467.616745625,1903668.8578681143,2833282.0758242621,1282628.5306012069,3888512.9620996625,791683.74852434336,7040422.1923069349,179475.74482580155,487209.72300399758,1177412.8396758416,1011209.222279812,3730885.5711691161,2569368.6980916886,1632153.4555795765,1973353.2722248938,4571217.7706967276,4806571.0574388513,8089279.8219227083,21379992.037831314,22464936.305888508,23509606.506313086,1685315.1749136522,1123616.1640214061,7120592.0814602803,1961488.7840333588,6359008.9924490741,13622260.417216245,19270605.219753005,26687556.838460632,27431397.126679115,29834036.23930772
980401.79690512165,729165.19835085224,642392.47713309934,1521306.7902920053,993331.26639696944,1444427.8720975532,1611598.8827969753,12502658.501752045,12533432.491306322,2649420.9006513585,3140125.1634007818,1385413.7963888829,5397689.479414857,1262889.5167576612,9852374.4819160383,258078.92423835507,694900.29368956166,1651092.3869389074,1328540.1666785262,5081482.9018565752,3012761.0649030781,2083348.7788545166,2478647.9015020854,5522566.2081080796,5775798.3551180493,9108832.9187898021,22364381.095047906,23389046.107374586,24430138.68828376,2105097.4171150303,1454608.7926632678,8933368.2299223542,2571269.8857368389,8526313.5049692355,17644346.686645437,24387584.912125718,34658588.881845362,35501796.124430388,38313927.741434723
973242.91733524902,653152.74419806432,589010.37755968957,1405208.0603916487,905586.74028831662,1317876.86685904,1475503.0743111728,12413453.504959267,12441562.832527693,2427323.1126047401,2877655.9810328875,1262525.29480471,5025088.58663294,1178701.2528480128,9138534.6845069379,238426.96812060609,640665.25459672348,1519431.067748192,1213936.5254269524,4650868.0371676115,2775438.9165615123,1914422.5674661137,2276031.591708242,5079875.8501250278,5310739.6333441194,8348046.3190537514,21449544.648108788,22396029.28025255,23429517.441909384,1978091.3331167393,1364667.8207543122,8313892.7603474846,2377812.6539117722,7828528.72541166,16311689.54166102,22503566.466794286,32028187.044372704,32803253.160243798,35399568.732378311
966372.6406376292,631494.77513685089,541422.98775550339,1297264.7042856952,825123.61138492671,1202370.351066371,1352118.6976993808,12331664.239093972,12357377.443467105,2211160.5633894568,2636550.1251986464,1147466.6724354278,4618792.3660660656,1083843.547762309,8397960.1183571033,218599.31822862584,588349.47078485845,1395314.1133930623,1107036.58910795,4240661.9391560014,2538080.4578955681,1746237.9793375093,2075871.0346922695,4639835.7008035751,4850198.9059222424,7616296.9863373851,20578491.389117226,21501316.425277039,22527496.099124886,1805177.4502855574,1253057.102210697,7629993.7964685792,2179380.7161651915,7152706.5234474,14940220.973859506,20635155.059810266,29390404.099941894,30104690.064738821,32535805.716658387
959278.84358676372,626855.92830170679,535438.22039944644,1195463.710146151,752982.00083221274,1098998.9826709728,1262943.030257744,12268341.532850495,12291933.889331127,1990780.5917511166,2443468.5033942014,1044291.336476836,4199698.159985343,977346.09393354435,7652182.864684701,198656.02404753448,535621.43491090857,1274530.8070207823,1007366.0408017262,3837382.7573217987,2312485.1453194665,1591070.8543624484,1891789.9369265046,4227885.2877164083,4419797.2026820267,6943241.2548624845,19814892.950080846,20730939.200421248,21749585.811729852,1631995.0727340861,1126784.6439912862,6862727.0097346613,1963402.8178479436,6470109.4090217082,13477094.986069743,18726504.127276465,26724123.169417705,27424018.965114817,29745004.91551831
952822.44440781837,622865.56117067719,531507.03390517482,1106791.7896208495,688610.75672760024,1012994.6653276568,1253695.946062735,12234723.900252925,12256552.340177691,1803928.3054605855,2425548.1709296671,952504.37406098691,3839776.4813763085,880348.61506457767,6999429.2515074275,181013.55619387867,489534.76984951471,1168610.0036600598,919105.14014846447,3488890.6096429825,2122434.9316596249,1457834.8029535846,1732828.7567203338,3876830.4075835831,4052224.0290765273,6359948.8573385896,19192003.003275547,20102021.174111962,21113775.785697501,1475690.2024561572,1010504.6159575469,6225769.9934005346,1783720.5370248305,5885543.239139583,12243593.681847751,17251871.34293972,24594200.215664636,25288957.468533408,27513103.337812249
945834.13414373843,618289.88957672939,527601.8889081059,1039656.3369265425,668514.3479651683,990515.19764059549,1244482.7435599675,12217001.12080675,12238669.236189738,1637515.8369056191,2407728.8110257075,878403.51756090601,3515466.1186492997,805934.68318509636,6426370.4262983724,166059.39874980834,449974.25943425379,1075728.7925980524,839650.68577582669,3176843.6712028417,1942460.1019387855,1334816.2329796623,1586618.0203590814,3548811.0833934573,3709416.3593134643,5876014.1225238163,18685957.593616467,19589290.674735043,20593640.333542269,1372730.5618665011,932204.55346000032,5720267.5764787961,1629409.1692591379,5368332.820107569,11210023.343896961,16003193.474208403,22769944.937311094,23459597.940799847,25608400.042365815
938974.93439963192,613793.73234289978,523725.88756694586,1032004.6829012703,663602.54607688659,983238.18242487253,1235339.0212536317,12203104.08212145,12224613.192460608,1485136.5534806696,2390032.2002930408,871938.8954179862,3208148.5014885371,735215.28765195538,5909096.1858434798,152235.7874931996,413675.18817116937,991405.04980312544,767971.80918045458,2892582.8320113863,1779393.2690987124,1223706.3935979782,1454738.3556766601,3252603.0935548167,3410059.177385699,5560998.4194297595,18352765.512415439,19249508.481400348,20246569.135899298,1248207.4738841348,845993.76337514119,5204647.5298508573,1485091.4026676344,4893850.7052720077,10210075.110030254,14856651.834490534,21103628.812986616,21788215.578518189,23921219.351771142
932079.08946953702,609286.96105366154,519879.87840571214,1024426.6890236777,658725.90076680155,976013.74252299778,1226256.3546522153,12189234.586114446,12210585.80453507,1348687.6136355584,2372476.897036491,865530.57043652202,2930007.2500078534,670645.27535598108,5551933.1369739026,139840.67647242418,381209.04674523609,916125.36065983388,703981.80284348421,2637755.9175072466,1633290.9130543857,1124061.4256185072,1349294.458154256,3000921.158947642,3157220.6637206785,5292406.6328194486,18066009.620685797,18956167.907979298,19945906.145203717,1111124.126980643,759590.88185867295,4699570.5479251212,1354619.5014277513,4467349.9008127069,9269613.8327768333,13814064.068627447,19701396.672502406,20380956.097385515,22498296.5809674
925262.01259417564,604906.49355692067,516060.6989075811,1016929.0585416814,653886.90098814701,968844.36469839024,1217244.3975477833,12175398.291367147,12196592.700545225,1232970.9241465731,2355044.0092177652,859168.63544870983,2768236.2467024107,625712.88826377352,5330886.566813604,128910.18814982647,352529.33151496295,849458.02399251261,698803.8371979103,2467783.4214995909,1502349.0972390983,1048795.8415148703,1272373.5757339695,2792923.7630587583,2948075.2214155016,5067574.6941267904,17823049.603238884,18706764.474117741,19689262.139589608,1019856.3556169997,695981.12555776536,4296339.9700616673,1236587.5182537546,4142479.9065896822,8533511.55824361,12984636.101732453,18648458.61595042,19323026.041496184,21424841.334054958
918507.81323101616,600469.57185267191,512271.32497332664,1009503.6437343349,649088.52562899084,961733.69181538338,1208310.3954735915,12161598.266563457,12182637.084037175,1223882.72984243,2337756.1006246302,852866.95431568462,2749742.8053890592,621817.15845941554,5294293.5829126043,127548.11835267293,345583.76524343557,835207.68807252706,693674.38494522031,2409502.6959979809,1480776.5901234648,1041117.7641165202,1263054.7511509217,2761898.7970920834,2915911.1224873886,5019855.3323877603,17757272.104218099,18634502.652861718,19609825.78604278,927370.34891433467,636248.77884944191,3918743.716337726,1130469.5536687812,3967064.2254947303,7973318.960575873,12383919.478873551,18008704.020798407,18678317.997459777,20764740.51108953
911795.30221199139,596084.63131188485,508508.45930125244,1002079.9369382794,644319.85441046674,954668.34328774922,1199446.2364969298,12147828.568400556,12168712.807809802,1214958.5388288579,2320582.7588749365,846601.49445619807,2731598.2071965886,617581.83194518217,5257789.421765049,126609.39203119975,343037.58203192643,829062.33956618933,688577.09875681729,2386779.9034767868,1469924.7443502836,1033476.0957095028,1253783.1021367135,2741642.601073042,2894523.67773603,4983051.2406849982,17702467.202904582,18573280.036956709,19541473.373700541,844930.52931064519,623538.24342991307,3718965.6609761678,1035254.9291122474,3845988.7044384009,7646046.8363691149,12024238.538934696,17610091.608439405,18274787.133421425,20345931.063411076
905349.12821164588,591711.68993859692,504774.49922558159,997459.11575634847,639592.54910889955,947662.13187650661,1190647.8560776119,12134092.239282835,12154823.086443134,1206268.874197297,2303542.3054807503,840398.2954949931,2711373.0587659213,611740.97820340714,5218703.960096865,125652.72726888201,340484.6912508161,822939.64951931755,683555.39268286235,2369524.5777732404,1459312.7911048194,1025899.5871108486,1244590.6473165699,2721706.5513530867,2873465.4647195423,4946670.5066568358,17648151.900788449,18512588.366680522,19473921.313994184,778626.86936360179,615736.01429304609,3628634.7814240884,1011197.7497630434,3801564.8428451819,7510013.1342658373,11856019.51076722,17400378.604800243,18060193.340964623,20119565.090886489
898707.39439900848,587362.89149002614,506457.1219949415,1142528.8618476808,635740.14702184638,941785.61817710369,1185525.1353502963,12121627.036621645,12142205.588844797,1336156.5179376977,2304828.4301659074,836617.47100884165,2704068.8477597465,611658.0249873799,5277281.2218164932,125769.46382301461,340549.49508537346,824149.59524371952,713878.906755078,2574093.7270487086,1458763.2253106434,1067009.4711731465,1285714.2760221672,2762213.4389070943,2913315.7755848626,4973721.1235696236,17658569.181880642,18516653.94254069,19470952.418667309,771939.63792621391,614975.30198723369,3618241.5443797219,1085434.6897606035,4111770.3335121875,7817281.9625167865,12195118.8242201,17815837.665697869,18510113.943721905,20775416.745032892
892300.83874305291,583093.86493815784,502742.43983879907,1051529.2678249881,631082.76611247088,934882.0788049883,1176855.0313248204,12107957.125371341,12128384.719647979,1215411.8253230646,2287928.8146301778,830509.82328899822,2685287.1135277799,608269.62516897358,5187097.3015378462,124911.34284345857,338150.18447467749,818048.38049839309,683732.3974752432,2381289.5786758228,1448781.879098743,1025195.6854737049,1242304.6417849124,2708692.2999167228,2858686.4059556387,4904119.2374649309,17571197.765513971,18423047.913128529,19370531.654032391,763227.01390639378,610432.47548302717,3589428.5334582864,1013983.7764514451,3817522.605365484,7487821.3788793236,11810711.032672398,17324218.258502945,18001346.254419602,20118367.668474156
885921.66811671865,578973.33494141616,499048.82542361337,1002223.1681772203,626439.56947132456,928006.77669038065,1168184.6933785952,12094294.128179088,12114571.660962857,1206186.7591869256,2271110.2652425584,824387.05501071864,2810783.6506601404,607025.2291008539,5299856.9741626242,124237.41349127363,335970.68300234328,812635.68723441358,678695.44058474363,2363475.3173201596,1438129.9495767923,1017641.4450150627,1233152.0260247807,2688758.4164333632,2837650.5268113757,4868101.1162544582,17517424.548259869,18363180.120426659,19303879.34471086,739522.00210144417,602155.39929501538,3544270.7164556175,1008041.8875100137,3790850.5498969555,7414978.3250192991,11708080.492274169,17331949.885440193,17992778.052350808,20052834.394579861
879472.6433105059,574714.53318828181,495658.43178026017,999780.92262170312,621834.93339678028,921186.49578148546,1159595.4955237696,12080670.630066443,12100799.335391209,1197706.348701732,2254429.2147466796,818338.96003745554,2700570.0972728413,606262.89353359921,5182091.0423777336,123823.96692105786,334820.93805197801,809400.67462900258,673704.55622968765,2347442.2797114542,1431135.5453221523,1010574.8806625901,1224690.3408650132,2673192.1681604297,2821051.8339030622,4836883.488976948,17468582.12001856,18308123.172425203,19241971.007993333,734996.0025387971,599477.89172387426,3527300.5343444729,1003565.7288809231,3767595.3281304324,7374183.1791980918,11639083.405885672,17143543.600740977,17797254.317108139,19849276.323777042
873347.33625381312,570512.56514105783,492018.76472922519,993900.84554566606,617272.43927158834,914466.67657019163,1151551.2120673032,12067313.572324911,12087294.710853439,1259546.9628547144,2242042.4589915047,812452.05471735913,2704289.7052482618,605807.93026677473,5176039.6796998726,123556.78741860796,333976.12505600351,806699.18913671165,670521.24008863233,2407269.8556939131,1425459.4522842462,1006419.8188388185,1219234.5231221388,2661932.6911712401,2808728.9701493029,4810462.9786522137,17424938.097742449,18258332.426606257,19185655.663196061,759057.63042764796,611668.90310198034,3769322.4683727217,1157782.206089651,3980749.1175680151,7829084.259385189,12072903.259084871,17568961.154099558,18216813.73409741,20255347.545385275
868746.99428577127,567817.97794623277,488648.84860167239,986849.37720010651,612739.39515734999,907793.53769453557,1143097.6871243361,12053894.371215111,12073833.03229898,1368430.9730570042,2225985.1680038478,806487.72673576337,2689770.253014754,601905.51550335705,5143926.6939465534,122664.90565009639,331727.46538976964,801792.00825158844,665662.25963253237,2509963.9152930188,1427771.3482329454,1001450.697701979,1212736.0384807044,2657620.9335840777,2803347.2723779208,4791885.3498203661,17390461.34471589,18219809.283120379,19142227.395216443,824658.32518589275,617954.59709027328,4075595.1511211698,1236314.5468123632,4159545.9850561847,8313857.6387618985,12528932.293784808,17990611.752439827,18634280.979207493,20658866.758705437
870323.12848044641,576523.44741850393,495800.24503428669,1093979.3172194215,891214.08745238651,1266056.7020729226,1721702.5127790521,12302404.606908746,12322689.877714826,2528909.4613090707,3347217.6659309538,1247147.2340795978,5062891.8386454536,1163996.1776670725,9150152.0150289685,298964.68415191816,844533.38685812335,1972477.4575745524,1250656.2066172194,4761736.9876890443,2306036.090796256,1709915.76090071,2042718.5242637016,4374150.2609755201,4584043.2268396588,7228688.9832939738,20093271.741858829,20932064.090240836,21856296.913765039,1652671.1094424683,1353113.8574703308,8512810.8900603838,2425263.442368051,8052193.0510409214,16744038.842660641,24093297.043504998,33590463.202727057,34240893.332646422,36371980.584863693
878105.2695177407,676011.9402546623,546525.98189153429,1123679.8984847283,998560.44347583025,1444921.2533596656,2090242.0257725252,12467933.666362539,12493809.77688884,2770414.072723411,3716339.4924172047,1326194.961705266,5396862.9849100225,1277647.4070661345,9822076.04343188,310112.30942315602,862371.51491692185,1994566.3920317143,1290606.2179257995,5172397.644119733,2691337.8102478888,1876043.8934116759,2240292.076756889,4959771.9720517127,5194143.0912952749,8249485.8480164781,21397004.740593866,22348292.008636657,23280753.981808055,2004672.7524874897,1551144.6443725931,9829138.1884009223,2883229.0744528617,8962047.2993780077,18968867.950182516,26872320.710445631,37061988.550513148,37762605.929603301,39920825.526500382
871696.84080642066,600833.12015139975,521573.52607405384,1136521.6268086107,919172.14117735205,1327005.0156974739,1925988.0316453998,12372702.969913552,12396295.890912976,2558028.8032798795,3451346.7744650631,1224126.6720446455,5145319.8240166698,1234738.2456660334,9457701.6402638908,293711.2487131058,815479.44533426978,1893682.37056679,1186483.1307457858,4804287.8708640216,2490694.7567991978,1725700.3450961846,2059617.8520648323,4575984.9207209162,4790050.5169270914,7586102.7310219342,20577162.520514987,21442364.028205793,22368018.515213788,1860116.3151036676,1447381.985511631,9236921.5654134434,2750200.266891907,8420749.6623760443,17831108.231355198,25284742.772719625,35102546.355970919,35779613.196171634,37951899.795707367
865523.88832255115,579732.61943337705,538809.7501913365,1272656.4021109252,838789.49235651421,1210179.4523157484,1779315.1199124288,12283305.997441938,12304859.019141177,2545164.3914302718,3468556.6410428965,1116667.8618374851,4966711.4473146657,1206103.5499198167,9581759.8186156545,299834.05653304391,837302.78806930536,1972824.7112639998,1191751.8474387191,4853474.3139689332,2287596.8860388361,1593819.2555624219,1898475.3782815556,4209421.0712827025,4404000.1284738369,6951126.4036063729,19798381.748952623,20640603.439941786,21559689.008233193,1696044.663410895,1372542.5354713425,8809832.3766594715,2819997.8376695546,8577297.0524301212,17569012.908027846,25421954.255845696,35399594.121617392,36096167.279940411,38405638.861923762
859242.42152612587,575473.04627256352,498764.91257788875,1170005.7297008419,761261.94212093728,1099782.5416412642,1617474.4868697063,12193214.36747358,12213537.337615203,2326810.226882922,3156794.0352570047,1012032.1052136143,4590781.0674321754,1113061.7880619699,8836199.0535326321,276055.42020855879,772734.6386839078,1817644.9673038842,1086069.0524212897,4435395.1803260529,2084384.2334070113,1454702.8471548965,1732019.3415364858,3837639.3253374831,4014500.9079186334,6333558.0711899847,19080871.710263018,19916906.193409327,20829316.89346993,1542367.2275765596,1252629.8385730872,8060022.160791669,2607764.9339360697,7871264.0336838448,16098979.52488813,23287268.519429911,32486716.951367203,33139702.782574225,35338974.240314655
852945.5490764766,571214.4319965631,495092.47702231776,1074707.5421311334,691632.11688437755,1000911.0836483327,1469763.4941126578,12114310.035268456,12134483.501301777,2100180.0806628582,2871577.910574114,918082.42892710934,4163374.5148020857,1006445.90638708,8027404.3879969446,250790.24139541879,702359.65239278681,1656303.2319797245,988395.2217500275,4020434.9552181959,1898825.2223909199,1327121.7593874715,1579871.5857734822,3498040.7733303201,3659055.6121345735,5791660.0378721571,18456086.293810926,19285981.538113754,20191704.693579011,1399246.870558501,1135624.1241809274,7264497.5435920646,2356169.8595201154,7133289.7792983288,14551501.792004401,21104181.200561725,29465751.854336411,30113991.081128333,32210426.561955165
846750.00588684878,567074.73074004264,491458.35065945581,1004608.5742915773,632257.53204856208,934054.58936491329,1339836.331152553,12055498.160507845,12075523.592326451,1920077.5812538669,2617894.5032500168,835102.35092018906,3780563.6977316723,913473.42964390188,7310560.5811874038,228726.81938983902,641938.52500161692,1516028.1654034725,901623.59826467955,3674569.5437818724,1740939.9452356575,1215425.1476415386,1447081.4422179218,3205685.7949879477,3355532.6827694322,5396244.6357704075,17997833.021390356,18821770.497605011,19720912.100212369,1272824.1711593596,1036609.2353448174,6646780.7345107049,2164440.8702487671,6531748.3872027518,13319544.791843297,19307687.838702001,26942089.97234958,27585622.487784345,29604485.090475485
840614.96350068564,562899.46408891224,487845.15784382127,997198.66564660892,627586.8624240692,927163.57801049028,1223516.1929573824,12015023.351778045,12034901.629033117,1731834.5229429593,2390849.0570185776,827098.4250874453,3411573.5980170383,822612.32429286593,6634828.3873877339,207415.80533010495,582190.05992991372,1380973.623441793,821466.48544702888,3330234.8060404886,1596363.0567267681,1114280.4847165484,1331278.838929991,2945150.2284558956,3093894.4639218659,5117847.1146124676,17674988.629691824,18492863.318792723,19385484.968077749,1121335.3178701564,916059.22944710695,5915270.0921349349,1949285.6828920171,5912581.2621970028,11957181.134858614,17428628.758093681,24384919.511330307,25023721.954252824,27027723.006255157
848932.57118028996,879713.19997262571,1071687.2521216746,2177981.9017795729,2437440.8061475828,3434140.6482194155,5077839.8159021754,13877051.047869274,13931151.506258328,7981797.4675922357,8341391.091972285,3382369.9197925138,11145524.621347995,3821660.559862426,22762811.81414726,1126748.7326229231,3200632.9493113151,7474388.169682744,3575045.1408072729,15342862.50037219,5463789.3634217354,3913762.994066162,4681162.8574650139,10205035.762009313,10729682.787923099,17673878.240415152,32712394.030796725,33879674.538578086,34781480.52579774,3177427.9624048667,3722239.4410202638,25572416.252659641,10004755.939869288,28482581.064498499,54882479.915166199,76993460.640607342,100437586.02550013,101707644.7897139,105094470.59233688
2645963.898624578,2542810.5512561663,3033136.4965847372,5621407.959494032,6244636.8745039143,8821152.4021250829,15639340.24026249,18537861.516547658,18646535.876696818,14315914.762000404,25525613.191590585,8191768.3612908702,18973162.768457036,6188418.6944682263,48358571.751917139,1638778.7278579101,4503557.5526121724,11060505.682474229,7529434.5161136482,27977100.975599382,13680412.572030339,8895611.453929618,10710169.548862854,24545363.969944179,25900880.406622548,43959174.71259547,64920728.857520923,68264301.043238014,71077561.233956084,3990527.2231714772,5248603.0807337807,35079222.793843046,14317671.588247247,47735792.310976774,84076706.387294173,138562646.88617238,188844075.65417051,192360599.98470333,200655524.87643951
4650197.8470797846,6123256.6564919092,4879630.6527059376,6233397.767023663,8815611.9923653714,13205207.456721429,18963271.581471305,21472837.768873699,21796589.344378594,11827139.597526981,26239954.950915299,11297094.70227498,14409746.893771457,4756503.6956652682,39037155.991911516,1282630.3271395543,3537526.649409099,8744039.0595574621,6314999.894382922,22954940.850867175,19540827.203871049,10199633.712967308,12805114.219302977,32599277.585379411,34842096.72882615,66955970.669481471,95309538.514716268,102796994.0466499,107743552.6750268,3256270.153585359,3949035.8163043177,27292934.782503188,11154154.903982233,38459935.304179005,66753828.499674596,116949324.02647215,158527769.0193032,163980738.15688413,173464345.40855917
5295472.9620086569,8311253.4968739757,12173424.130678182,15865205.262298416,17105442.801522765,25486806.818443228,45072599.885750577,33286345.50267119,33794329.19055485,25363890.64544512,73151443.862804577,19144317.488672208,72574525.440113053,17451459.149865586,145438958.58395964,3913192.2708216263,10058532.820459208,23056149.92103029,15352124.196175151,52908285.572153777,22504552.023053836,15180404.598272808,18855644.562450498,41694573.944786169,44783597.926302902,92371604.003242284,136835748.08294994,147620872.08106765,153471144.00643757,10237245.326492829,12574169.69018743,71625267.204551771,25952886.062001836,88706972.348985165,162133133.97131422,296385219.5171622,448628631.09322023,462268172.87503314,482676534.87246841
9683286.7729634847,13901202.239685701,15956962.694798017,19481061.227196179,19349330.225488544,30123643.02159534,49368235.819590129,37112466.175182827,37953284.578008771,20450541.15708185,76399714.594390824,20623794.511893667,60694246.364851981,14495563.422042478,126031812.02336656,3164460.5231069112,8099031.7981755836,18708613.014713906,13543352.965036828,43804069.402947441,27834876.350186922,17628181.299908482,22038362.458211783,50291827.208844729,54190682.434273198,117139394.82392325,172326546.85138068,190487270.67725709,200946929.07593271,7891555.8707138123,9905373.5902485698,56434501.833153784,20583068.449346568,72526198.459523439,130423098.19736144,259460426.9858467,393716528.98502463,412043734.07015908,442364095.45592099
7554313.7138044275,11198992.741852339,13366911.002977969,17040794.196631227,16057085.639663473,24882361.641238913,40133195.388391569,32472506.590906702,33154500.320955198,15750599.724270275,61169925.480588362,17664503.571053464,47517548.419754185,11418229.855836079,100197434.1660219,2495909.8854162516,6428489.4027227107,14964151.326979861,10592723.780275101,33848551.582767896,24191083.828855973,15609266.200395394,19459762.840580631,44011516.513151139,47362039.825707771,100303030.18072149,147416236.77775455,161893998.38190654,170020628.94336611,6031369.5718206102,7676968.9584445516,43606695.820019968,15691266.347987996,55937857.82665281,100721768.87613887,203909171.34398326,311020524.65616339,326638384.26405758,353500449.37381995
5629764.0768209193,8560659.8138938732,10328882.230606809,13342924.857418753,13032235.208057821,20057099.912631653,32033244.691944797,28284962.324698094,28834757.415465605,15169376.845757153,48665078.929262109,14705842.91054444,36601761.700565003,9073318.0931552295,78334457.576992527,2030832.2211611972,5337863.2645489583,12675635.517657518,9340776.0560510941,31157629.404494096,21641131.824254777,14048255.394045431,17298158.913603269,39231838.718117729,41923440.347127967,83954719.343259498,123802110.97568409,134820883.92534003,140865426.19412753,4606271.1320116576,6028099.2854533391,34672353.843173988,13286864.417307157,50102586.625684679,85846841.956538856,169167739.67229354,252848257.32926676,264926618.52332801,285903495.8415882
5121589.2862066943,6328907.9038139125,8840877.9623211678,11632446.603243779,10006303.213670591,15412451.453909874,24797736.77034403,24519748.928276405,24955514.178031825,12497840.370753622,38083312.675323397,11382936.100978946,28493421.800132852,7251713.446364034,62428274.907137208,1606665.6456601021,4219289.2828728622,10181964.07031171,7408848.8434262946,25283691.828090835,16749217.155806066,10832514.575890588,13312264.454219827,30282839.922549143,32314843.145055898,64306742.717182256,97757657.631577626,105850272.8638929,111292894.27680211,3601328.5125170103,4761913.4131529611,26900358.597067751,10480108.518694131,40410303.343807578,68227867.385061309,134559983.16476196,201610765.3270168,212130309.80963552,230987187.49483955
4605592.0825269753,4522951.7777837059,6532444.8258173168,8699829.5608667787,7435301.2674226761,11435056.07766995,18506860.080885854,21219224.065444984,21542010.145889163,9429609.9618540015,28216949.215779737,8460468.7730177995,21685106.598284181,5661262.0815781904,47603222.541416943,1253203.9628169902,3295421.7798002651,7903825.5577846663,5519615.8511627056,18988416.294730637,12332723.339670576,7993337.7833067393,9819878.4739175402,22315495.341281112,23812357.686293777,47445422.329396285,75209732.42472139,81219323.81752491,86115250.819034711,3212738.1638552509,3715572.991972025,21296654.282481235,8109248.1222686004,30586873.155087315,52574387.02037178,102184168.03409177,153199494.57778138,160968679.31265414,174903474.11535823
4156199.0372836571,3236918.2863532384,4800824.018594333,6435546.9586122343,5431811.1613875953,8367066.4906631839,13580343.994464967,18661857.958709762,18898803.204748116,6962701.8176097451,20782911.474004801,6160508.6985992109,15972955.265494969,4164279.4439398651,35274855.23172117,927779.88193563628,2454625.4153830572,5903710.7709541824,4073233.1108147069,14041546.927857468,9034081.7141538877,5851278.252964301,7181789.2456670124,16335004.812091883,17431267.09686698,34739254.576838851,58159013.119809493,62742045.781918861,67160853.091267347,2947237.4122193991,2715236.2845653617,16363672.705785966,6030311.956254513,22665747.178768087,39550490.318935424,76277306.407516032,114058911.74271728,119765540.98427625,130593798.72864637
3754643.0559223499,2944135.120915296,3500964.717819537,4677118.0250319066,3938965.1173373726,6084238.6231788658,9853303.6366060078,16740453.615356071,16913520.581646454,6349864.6443002839,15160420.444534378,4426901.1836499516,11784109.58884413,3038347.0276390747,25886806.743977286,678438.22823903454,1793742.9457897339,4312638.0850958694,2978332.9522327185,11586845.352248935,6534217.0096760998,4233262.3929496445,5195987.6164370012,11817017.348429499,12614788.6508047,25168891.620276116,45344388.924248084,49507363.383062892,53499207.972484387,2690722.8450049963,2482854.1636019214,14297736.026596026,4684911.5220761085,18164182.584851451,32845123.867564425,59682611.110405892,87397349.675460905,91557453.590762645,100239594.55791338
3390050.8314088774,2673448.0067350338,2531790.7770462376,3815951.0640954426,2858607.1045990787,4419571.6187023437,7155577.779421296,15336955.939137211,15462747.924907709,5299941.2954723481,10993585.34011846,3563741.4099861388,10770727.249148132,2508863.8620042866,21213146.186626185,504439.04908772802,1331589.3035944228,3165277.4865515595,2665431.6795004155,9840021.9835430719,5530653.9489295036,3810020.8579593529,4658577.7633288056,10261866.185061963,10896629.73577513,20346023.757963996,38281884.290604636,42057332.706999019,45661426.860540196,2826234.5177307581,2420269.3549424587,13740229.731630147,3984066.0516916872,15411987.112197248,29448909.85879796,48971552.038946278,71536079.914108306,74636817.628901586,82100178.054247245
3050628.3269118709,2426395.0757409437,2747248.2842335533,5120391.1439363416,2617995.7499204255,3906914.0010955874,5551254.1136889402,14589951.8937284,14681027.877270825,5299188.9447860746,11197681.202377649,3269202.3437404814,26289436.296897147,5374208.2505299142,45153577.17767667,919106.63087239617,2247882.2406356838,4989308.8454140574,2724813.8435523571,10395979.439310575,5054241.0195797775,3489469.5389777222,4266800.0378111387,9387479.8323102705,9969049.0756214056,18341267.05024647,35277809.446856484,38699264.317429759,41943134.666459709,4219907.553614134,4177070.9436843521,20979041.296002682,5689406.6180090588,17969272.25313222,39318190.765370846,62499617.971738897,109234171.03081967,112578842.6875167,121297916.06728478
2742049.1831035288,2201069.2147993874,2165156.121958104,3996669.2638566848,2394741.9321631957,3573263.4062755355,4839201.8568068072,14271907.880490338,14355105.755268579,5204278.0783294495,9547419.5618678108,2988093.2459125211,20204330.090993345,4125104.6445263992,34484988.781690016,723501.60801007063,1787285.8615211297,3974555.7852631193,2623554.5495141665,10047964.17398461,4629181.565486108,3198926.642894512,3910181.0583155309,8600121.1599655617,9131801.5788275283,16783214.62113817,33193810.499211386,36292633.499043018,39208965.89599555,3374417.1652817084,3230676.1380497506,16851095.720090438,5191438.0301793627,16899702.581023384,34053138.555536956,52963033.70530165,88751019.0311037,91467087.390151381,98845699.732851923
2465507.2290352331,2013768.9071429821,2154170.5854389323,3886804.4634617073,2406395.4267158704,3571508.8061243463,5143309.4842396956,14340916.60513965,14419181.131215725,5183495.1885666009,9662179.929023765,2961669.0272321766,15823096.889394028,3403638.2148934975,28177664.251732267,642850.71141373145,1630715.3617607942,3702879.4899164992,2621989.746202684,9944416.4321376514,4536853.3173639774,3199834.800109053,3893213.4100366812,8488284.0335122366,8999682.3947013095,16364078.20769628,32713092.101539221,35552995.103774525,38176470.020309791,3250505.4837321267,2854875.0445316611,16170901.543990571,5072413.1655930914,16672818.624241943,33145907.851563968,51705666.865642816,81170601.116990194,83867762.279233485,91105961.816473648
2211010.2646545242,1825943.0173315855,1975996.3812746902,3671679.2966087041,2211586.1716800714,3278894.0044018626,4779536.1774623031,14125667.8599981,14197201.80340893,4922707.0974692032,8896587.3929302804,2728213.1773700542,11858209.681180587,2610126.1538331495,21901158.840249553,504136.33150395931,1326071.6429265111,3105087.8220333629,2429867.4499585833,9236011.9829883557,4251089.0697936323,2970202.3250859659,3607795.7457889542,7912133.0447593676,8380268.9926918,15145687.479009667,31105627.517099205,33676179.339109123,36029293.318314478,2979235.9901044928,2525039.0100950911,14605169.193629427,4171241.3709531249,14943422.565230643,29829838.2406656,46404795.741098553,69488526.89172484,71962909.403434768,78714046.732985601
1976250.9348625802,1650657.3823313119,1801138.5951808433,3323627.6371474951,2013761.2107827086,2988233.963948247,4333247.1866863426,13892196.72808842,13957469.840598874,4514876.415205081,8106467.2839692002,2481898.6823959043,10692787.646817321,2369514.5032209475,19717925.792373233,456771.92104391038,1197125.1787911691,2804517.9193299576,2217002.0008536382,8446576.2440707013,3891288.5963764819,2720057.1403533206,3302185.5623623002,7242128.864911532,7669527.3631303804,13835398.558457073,29397790.819126569,31718804.156871974,33822922.661273099,2716772.0305566355,2302927.5821336159,13223338.68300882,3785812.2997856908,13632135.156971598,27113137.225554697,42200821.166961841,62999569.995054469,65256835.91309312,71392182.934010625
1820819.4399484748,1571779.545860789,1642739.0552380944,3042775.0815784577,1837359.1915216555,2727159.2972337748,3949348.595816927,13687222.351844674,13747953.775847681,4102192.2499343925,7401314.3923717905,2260536.8594187382,9773059.9939351641,2165285.9589242009,18027498.0612383,417162.30344836996,1092969.4270040579,2562720.6587147345,2023188.0290639687,7693750.9086810322,3564415.9041777463,2489599.3757243701,3021495.272664377,6630364.0108935526,7020495.1844136054,12692479.535947321,27941829.528886214,30135616.782516617,32073146.734762356,2490393.8130407194,2105399.8378683301,12085226.577659981,3455353.8578869486,12431040.751143359,24752780.863171488,38544103.858174764,57559744.441481017,59620143.938514337,65224450.418603115
1750367.3636991796,1479879.0646139367,2017277.53749041,7856666.8626030078,1792440.4394717934,2653596.8100437904,3935428.204527603,13640384.54331282,13697158.761494705,11913878.380216675,9797198.4174819794,2215117.4422897566,32234961.423369482,6758946.4159951136,56997212.73862914,1027588.4863619566,2392633.3015733757,5336639.4818709446,3935004.1920602508,19697839.620511815,3563340.6222727709,2425958.408436249,2953132.1854290771,6561368.7152228029,6951502.2146085659,12507136.958311683,27616220.158654165,29699272.141173534,31560251.786539562,7858395.2845926834,5696596.6672001565,30266206.381583843,9055180.0440661665,31484331.052915189,62270938.969622187,87180044.471364886,146036654.10174647,149015122.49394086,160382832.67841917
5718365.732985327,4044182.3265983821,5211137.8304691762,9179795.2794681434,4939234.0045293421,7727341.5259402636,6816398.9669034956,16600684.294033999,17022597.173325799,14283374.65663428,18321638.488571588,7499278.5450453982,26385677.623957027,5596242.0949498611,50469731.248235524,942366.48755613866,2271222.478972299,5307090.9185159253,5173071.1203666022,23200097.561284095,12310052.401136741,8052628.2246370381,9753135.0612797886,22213016.701641731,23483002.991522603,42620455.136470109,66213314.293714486,71653691.268176407,77591482.570335314,6592608.3875705143,4919414.205908766,26908008.218201302,8594622.4541617185,34651020.067423284,62079431.493396237,96953068.966302395,150737247.9821229,157300334.43591595,171144842.73222578
5284425.6675748797,3214028.1780379657,3840304.6948271403,6997435.1706278212,3726670.8123728456,5789957.2345375381,5258392.3255918762,15364559.807898412,15680688.364655321,10843079.538903395,13631278.705879247,5700383.4731296487,19656930.12251471,4108118.7739424687,37662496.849543296,694047.59897950792,1687396.5573382457,3957902.3178795436,3894487.5672086398,17554424.575599127,9393330.7863127422,6102892.8794806888,7393223.5378104923,16898523.08383254,17847660.283171624,32127110.13192679,52659419.132057399,57144420.015494548,62627542.675891407,4843200.6917681796,3610419.5373783526,19909436.722793818,6384758.1446925886,26070473.317793339,46368548.843077637,72323992.907098487,112429854.57104132,117267089.75806312,128546036.482696
4817740.0413034204,2937259.2076689652,2816751.7717087385,5133469.3410902731,2847216.4892448084,4352984.6533417273,4825963.7093040841,14618425.641539985,14851929.685503602,7935970.4285592604,10182323.921915598,4148856.3440052317,14408349.685937485,3002394.6025715475,27564792.708761621,517794.09926978667,1344125.4518165663,3168113.6156002092,2941002.6204855684,12931046.293969546,6892369.6397216972,4468635.8128977055,5413857.0230483105,12387973.01416338,13078949.981037783,23463281.044612754,41844802.633379817,45943495.675221585,50941447.893101119,3559535.4406938651,2714439.2210339517,15689831.346217928,4675938.3399600694,19282730.754852176,35274096.982240021,54752031.385888964,84101880.862257138,87652081.928776041,96697391.67937541
4367544.7080026483,2667822.6306627765,2196663.5128521821,4690463.327905898,2597114.0575121655,3877474.734589024,4385795.1794838402,14247476.155479636,14417505.594757494,9510228.4579199459,9577629.2332613189,3601912.5709490124,24087813.515833769,5106776.1486966927,40730696.188302517,875996.25823956658,2150159.6668817801,4853867.2860051654,4411633.1808143361,17903943.557064582,6188098.2246399345,4190321.2299265545,5064921.5769380098,11325822.329232855,11948010.70759932,20802701.301162899,37803868.9435886,41523902.759266973,46054022.392108515,6647768.4889870929,5303928.8371910043,31602953.959360573,8919727.3546794709,29831946.418292448,62022201.491620369,83489289.313024029,125581083.1994092,128371540.85856216,136669808.12390924
4648423.1848165654,3833100.605972189,13681864.882496726,14865101.82152172,6652800.8041910995,11125839.459026273,14947106.429270376,20880594.780699231,21461744.298608605,15035500.372216318,35305378.958858557,7442460.3991103368,27197244.307699762,5769881.2667461233,58396920.932018802,1022198.0445764081,2494397.4328605952,6307906.6672298815,9506356.365837615,30527376.41574242,10459986.906381983,7603773.7299870886,9257307.3319608402,19866568.226797283,21183625.638051983,43807937.828671433,74338992.181817636,79433960.450025007,84248123.673176751,6334494.9736856846,5179139.3434425145,30874810.496514447,10367267.434006391,45518711.985544637,77200618.37021178,136510516.13411275,201617088.91568685,217518409.03625974,246986426.29702348
4865966.1516040051,3498737.6372235315,10296646.664455151,11400674.940969095,5165715.3261751309,8606959.9751330316,11389696.408086035,18728946.956413653,19180525.801707331,11701708.313585041,26697651.998345416,5886086.1900485167,20579880.556574415,4272827.6599556357,44332772.358267821,774086.84478319355,1902590.5221868602,4813498.292339297,7335134.8882888285,23704670.676472869,8913907.2334511392,5986518.851039798,7343895.9135337174,16384503.747889612,17488299.784501299,35894500.770958446,62220843.653339013,67006113.004267022,72055855.371460497,4695482.6462613614,3861054.7819552249,23588134.289364956,8243452.7255987786,35503128.216190025,59702992.869505785,104614328.66455196,153968372.67945009,165920772.44660527,188197759.99663657
4478982.5684749698,3120154.9972929377,7618929.6648125676,8411455.7783902697,3849608.5062247841,6409852.3197087245,8402836.6573006604,16891747.862503342,17229697.60773572,8652435.4768057708,19722163.424896598,4374313.7301155208,15091349.985481538,3128173.6906100423,32572560.12868955,567967.85085563792,1429752.5460619605,3568892.5283657867,5451339.2061423417,17590206.219165858,6744054.767504069,4460348.7838545972,5480735.6739918357,12320151.311693912,13140618.464515114,26768964.395573717,49298027.761484079,53589577.182019338,58235072.457885705,3463503.7097146567,2822782.8380653085,17320279.393422604,6089731.622404512,26325436.034471076,44099237.305952094,77318163.489258751,113601387.32167454,122440400.54832126,138826388.84071404
4058070.9644024442,2837674.7050462146,5584573.5850720322,6111203.1744365459,2877010.1964959595,4734927.0956036597,6076901.5391795607,15463162.864303945,15711008.785985433,6319968.2184817707,14293483.995007778,3648787.1531452774,11734366.230907749,2560536.0826109401,24675493.544043683,486846.35934257729,1263435.6111685447,3047162.2595531614,3961414.6556484504,12808577.475473873,5720954.1550455485,3960401.8496208601,4840801.4680861803,10637520.086003654,11287926.631517187,21713031.09946695,41279078.358207405,45176978.875011988,49385298.706308939,3234040.7640255052,2564843.1040276098,15193604.043632844,4538238.940403373,19258130.484624531,34782150.335822158,59331640.42633713,86727869.149764106,93204213.611025393,105055978.70052645
3636789.696822498,2541746.2080475725,4090195.8456584834,5124296.3456405122,2580843.5417302321,3936850.0951234014,4988409.9740964314,14665133.723894998,14843694.760407912,5393443.8046981553,10559037.916343838,3278891.1633078959,13367148.469234608,2525424.1100056074,24574905.467350539,459638.28107125603,1173984.4410108761,2825628.5042940988,3199195.3109281426,10674899.37525367,5198594.9920119196,3590912.6338364286,4387918.8290295238,9655403.5200355705,10246447.097078284,18904428.820445079,36488150.119528525,39987147.652163722,43759443.031610124,3304884.9003534727,2609976.1651984779,15320132.964361122,4192640.5401065284,16532060.76925013,32151898.066590022,51263096.600600667,77943233.768823996,82762389.208375975,92549299.217489973
3347672.2581662284,2447668.709600505,3903798.8754053148,7581169.3539528875,2621053.8915117569,3977446.4392358633,5547205.220360321,14764933.176386744,14930299.645514021,12969336.310772374,13710890.712927736,3252603.0655547981,27739518.812740579,7004286.2442934569,53280702.428231291,1470130.4617701229,4076772.7783732368,10048331.663838685,7333786.0974350488,25644336.86176322,5258282.0697386963,3923535.3329969118,4739307.1854848554,10065756.021005759,10642928.419094639,19109538.226744045,36632360.499436393,39969024.401403874,43439958.58613427,3749740.9711668557,4757325.9813407725,27850077.371766008,9046003.3720252626,39574605.296863131,68514315.03259936,103735885.91491383,159277094.89438951,164188893.35546896,176739262.56316414
3038266.7105410961,2240008.6384152714,2865189.4129278855,5779466.5172203351,2423367.2267757831,3668219.272537102,5012431.7500180705,14387288.97850484,14508647.380270604,9977983.2514113318,10331861.887218364,3031616.2550032958,21174781.735804722,5364592.835501709,40859809.097910844,1139488.6754317223,3147576.4873906472,7729572.4573220676,5602250.4185508415,19672610.185603693,4965180.6877937065,3698594.1535425684,4459829.3930275301,9487615.6796529591,10018286.687998204,17850709.177166838,34740887.270399056,37786288.299913593,40936261.519577846,3259186.5239657322,3554710.3014503326,21655104.23750034,6962547.9993799664,30370804.447520822,52858130.858772241,79564543.254803598,122085535.80725981,125692004.61557491,135909730.39181775
2742899.9465407259,2037226.9929155977,2228376.8108037612,4211479.2769408496,2237234.9352718447,3384448.865708435,4630634.9241437698,14165954.596069923,14258007.675874161,7300956.0429101614,9681723.7404043227,2785391.2858381821,15691399.692360701,3941784.0637825988,30130738.876492865,838664.83999546291,2316340.1843318897,5686963.0939643485,4152504.0578166847,14458148.669516504,4552891.7719389759,3389047.5795956077,4087345.2695161225,8697624.4471188132,9183873.2667533159,16361580.580402818,32795866.858727414,35562334.389494725,38406274.888592064,2982784.8847170458,2710777.6201220285,16578341.048691696,5115228.4697610503,22321565.675340727,39515664.5243145,61232051.039503373,92704410.540158346,95535396.655665606,103806882.38046545
2472092.3871786003,1850317.5562996184,2037539.5964713236,3848730.004792111,2047863.6318026937,3098456.7347304863,4228704.7341116639,13941869.202538637,14026124.915643496,5614189.7175021945,8909774.9155482929,2535844.8400157844,11964961.287783591,2885148.2194726905,22698350.067477345,614971.38896413951,1698272.6406928659,4164439.4103831281,3036081.8680894775,10844795.539845234,4153906.2553185546,3085728.7940940163,3721489.243838313,7927850.5640887218,8372228.9736224301,14928192.917070854,30943814.087172687,33454484.202123623,36018088.789915487,2760377.9068873352,2487856.3167021442,14603936.059364444,4184257.3836745429,17039809.580185123,32109443.839574937,50092355.395252295,74019238.214927509,76609232.136715308,84166167.813665003
2226777.8335341662,1676798.1428947868,1862740.2264901651,3469871.0054790778,1911584.3310138637,2892333.464154033,3866084.9321988123,13751506.32877152,13828446.328542486,5071125.1371698743,8110203.1924525313,2374787.8341581128,10966980.864706904,2517396.6590071283,20492913.946295064,499971.33951606316,1340475.9579273737,3194616.2000210104,2719207.2197584161,9668335.4035623651,4045232.1233258224,3112301.1760834884,3737648.8074141513,7833947.7125999453,8259597.8402506504,14366269.120176727,30018112.723527886,32294469.262817033,34604298.62870042,2645134.3159825597,2318055.178420445,13746622.964909634,3799903.2749957251,15102624.794720046,29188057.697657518,44958918.296554931,66576653.283253603,68947113.851954877,75803181.276850268
2019822.6366931659,1532398.9350991703,1704066.4231265855,3162688.2190290801,1751829.2094099256,2650052.1176018519,3543591.7777022915,13565002.774741992,13635396.354507009,4635247.0752618192,7419413.8973868024,2183091.7241783026,10583022.577006392,2353682.6763386964,19334285.75150501,457129.15821054712,1220901.1987018199,2917934.3912711372,2486363.3633463737,8841055.2164332904,3787570.9903647113,2897362.0551516879,3474947.2899900712,7309329.1213863753,7699699.4206065843,13298250.396955749,28599632.267122898,30675633.355005506,32771038.396083299,2897102.5518409982,2350954.4074034062,13777269.262869436,3470539.0654486623,13809639.350311738,27878362.072317142,42313038.834186926,62677766.210343063,64853354.680376381,71114013.023110092
1819781.5407277786,1391183.2906257228,1560600.4731973021,3241042.2927592262,1604785.6445470268,2427336.5910382094,3248375.3439291278,13393357.582487632,13457787.733885318,4260308.5544510055,6794589.6220359765,2001961.1400680142,13681233.420479957,4230317.6376440264,25339488.44959503,488486.50308623468,1235200.146500305,2890790.8094584658,2279869.0330812903,8148829.2753599007,3500771.9569413103,2665247.1598034245,3195957.9324973337,6739629.5303991819,7097115.828611562,12224083.069372529,27204436.586523812,29089190.876969546,30983002.953490093,3160126.6244346942,2595767.7488532597,14746141.728158122,3395178.2178957541,12961828.383068196,27990337.770461842,41553207.620906882,67850982.143254176,69858009.792580009,75943743.569553971
2291846.2964509483,1775066.7965362552,4197567.6405166993,5329764.314890787,2023979.5574272298,3346593.4038392529,5156923.6828005146,14974888.128331054,15258950.869587174,3995396.2946636081,8842374.2753431406,1996070.5184677306,23379606.219711747,7436094.0855500242,46318125.420968167,895869.52668443904,2196094.910148419,4875540.1159888189,2229336.3516420149,7841207.0863474831,3552444.353439799,2623352.5707317502,3143946.7860122886,6737806.212922533,7086564.8684858065,12987843.544733729,31256311.764707606,33804345.243689582,36194145.806073211,3000039.4912249604,2723763.8498708252,14934490.292855194,3498516.3959258278,12743187.000626286,27952009.687393613,46089685.706049755,93990552.150699422,98810634.428883761,107697673.43057051
3645758.6344224489,2153592.9945670362,4935920.913973948,4603609.1604178678,1922981.6533773101,3269898.421625766,5033390.7927989354,14961627.45148314,15287863.066405322,3758936.3630230441,8803290.7003038172,1851201.1850818151,17946504.259333912,5534685.9026066968,36542114.232574262,683096.58518666564,1682735.8028640181,3760319.4029421792,2098823.0794133414,7372924.1836551614,3337364.1584176957,2431911.4403658584,2917976.6117466977,6294949.439768875,6626819.2840058235,12523678.915403621,31858903.508053567,34845108.118639678,38583243.775659867,2752938.2934849579,2503369.1710605766,13847875.044710018,3321679.1739797774,12000135.695455533,26101971.106336739,43074297.711839125,81435055.934294879,86984620.042261332,95061731.762497172
3361978.3647843106,1981655.5418286549,3896429.5179430027,4109051.5555035593,1800224.6098269115,3042320.0483632279,4779694.7291053925,14497305.385448676,14741919.947454972,3497603.9484217246,8138353.7927205581,1706315.6491633961,26955339.101997033,5870371.8522337954,43623235.868886307,637461.2974166394,1491150.8165104792,3299054.2518385779,1936016.5530240696,6858375.7884231675,3068219.092737969,2230020.1004200107,2678414.2832581475,5783154.465391784,6089009.3720625071,11506709.192643866,29223754.153067976,31962467.103262331,35408539.566352248,5117006.1585984696,3855352.195923375,18056886.57636771,3620048.8406708478,11683774.441293975,29975455.188820343,45477436.040662803,90506463.319392115,94973217.597396433,102338974.88085586
3117362.4650036222,1945350.5842005126,11709218.010537976,11605420.413805418,2062775.0858188665,3710891.3411961007,9477485.1722213812,16537536.0200893,16807859.528940108,17380045.559124973,24827564.015589669,1766930.2007175563,55393502.715589628,12108962.210974008,98898547.942391813,1940795.546005368,4923925.1283080839,11257361.734430045,5352326.4676271053,27496230.88443017,3269260.0921655479,2719594.3206683784,3199542.3996042144,6505323.7142922673,6807063.3185120709,12317972.730591614,32838890.337562967,35555734.792390838,38753933.477598123,11582323.712943735,9798516.4491363205,48040861.967703246,12400202.99647296,43254547.209325284,91927313.049738452,143462670.26566187,247546909.03908405,260857779.6080668,277131789.39977056
2841465.190000779,1774543.9411090994,8774128.4690631796,9327964.0844303351,1904744.4377786876,3237807.4764756155,7082883.7740965858,15388366.922446482,15588755.980613781,14438885.556503663,18764421.124540884,1653924.7989700977,45371049.010112867,10120161.082135648,81068970.68370156,1641096.6178990209,4150066.2747191968,9404618.9021441601,4400284.1926675523,22852488.678795777,3157061.3633975144,2525735.4372339565,2994855.2472050064,6190086.2964980388,6496594.3111715708,11700470.755539952,30018963.373807497,32498073.349356718,35415440.299603052,8941482.5970108453,7935426.6410074905,39944563.541056186,11005412.598350778,36738481.373858333,77242596.118741974,117747607.52258088,202714478.65090269,212693121.30679679,226405756.75743043
3427566.4307686356,1892298.0576591745,7009728.7589941733,7604473.6219206536,2212199.7001631674,3660616.5802826476,8955852.7842371091,16012347.963409403,16161285.279983712,12140869.110335825,17463544.568922445,2141527.2159848711,35044538.674585603,7724427.3310659276,62224655.373202182,1265018.9593496199,3203502.0850578221,7197935.4468165198,4467366.0656412393,20025695.451502476,3588749.7182713938,2987207.6918967399,3547612.6402880424,7181392.6950480919,7556773.4874964738,13595482.593933202,32363225.689235974,34964925.887853034,38468013.133425497,7556574.8321080646,6682086.6078098826,34941951.22016871,8714017.2023456804,31099183.09978991,66463107.359980732,100515144.91584156,165685725.23721889,173616795.99003237,185425607.4197917
3152865.3597962582,1733037.3849559182,5497708.6268595429,9746302.5805892386,2048068.9085782974,3340984.2029477968,6749167.9337419048,15048925.540437294,15157997.048609093,10116355.433347905,13796915.162618916,1983367.8782930139,35172419.352537796,8303356.6435842169,63606626.078940079,1424616.3397420114,3664441.2363866926,8185601.9888545768,4013624.5684843459,18206848.718685009,3378996.5356352488,2797925.3642412005,3320064.6375620263,6740969.0691202348,7088246.9380351957,12689461.519667927,30249837.617070477,32632013.706540532,35859862.735482581,6162338.2396154292,6476006.5054928418,35246430.938700832,10526882.181054983,31615354.582905848,67386551.950701967,98429216.345352307,164866681.5952709,171857183.55943981,186230841.65730542
2863249.9874688638,1676228.3927370314,5198650.0211798809,11604346.926366262,1903952.4986342618,3134793.8775038491,5385130.89770725,14567855.675413433,14658689.856163923,7647225.7684750957,13557659.222650433,1821530.5176168112,39398436.796839505,10251314.654735867,75345575.303753555,1474660.6319211677,3652521.7314907624,8121842.8840369573,3229881.1377165453,14306434.832684051,3103828.5727384491,2550764.1882197703,3030111.9959352692,6172971.948845515,6495705.5585549213,11790933.036417106,28735074.106475938,31020021.508181285,33957772.603152983,6580388.1854728861,6762192.872128332,37383839.712217145,9241714.4050982818,26141654.942150686,64010689.023085386,96492034.062180415,174950159.43574676,181793385.18484211,198605393.82332757
2729515.6373937773,1802708.0894313259,5008211.1042482965,12981176.692188678,2268433.051138686,4149052.5414352673,8149575.1497343257,16087898.98525741,16391175.482566534,13472618.492799722,20005954.5360738,2086469.1413228444,51270505.422663167,12164881.917370727,90648600.352475107,1732321.8542265727,4144512.449970373,8809682.842778381,7532792.9368854724,27264965.982986327,5475289.3423673315,3293106.2910261471,3956701.972633407,9484242.1084050704,9890152.5088369548,16012275.31830564,36386977.781809308,38822035.278594807,41625880.999567121,11822315.091349276,10707800.404884914,59999889.798961595,14129564.389647208,45238752.792829774,105730917.48670876,146453080.52399972,240349279.84389421,246984847.80401286,270024557.71383309
4401714.7629939988,5874723.0335654346,9217066.852245573,15405634.699558202,4259896.9977205796,8104412.9729570132,19479995.491388813,20947157.866135582,21297836.71286644,19824243.81562705,29424234.267079767,3210423.2908534156,50723625.656996772,12344262.357109621,92150132.271202177,2112836.7602957715,5364905.5603574496,11459009.308654815,9182301.930871075,36456616.303314678,11076643.044194233,4123994.4466247223,5036865.262322274,16191981.99609069,16814088.522451356,31007483.408211011,60979699.86985714,68020811.561723366,72624279.115274325,12489104.835771305,12853644.709566776,81846746.665657535,19691013.64716953,61275299.65403007,143852666.68540132,199247161.3183156,296040032.73403847,307619186.95561379,336358578.67252743
4585631.7278502397,7246291.6164412079,12101459.397404157,17320360.894740243,9867318.8312635329,16258566.820484532,37543295.539912373,28815974.074411772,29351096.444914028,15834751.851435283,49773229.763316728,6296797.8801955935,56171790.01383055,15379960.287649034,112283283.1958134,2562491.5117707453,6624175.1946276277,14478557.103043066,9309452.3220074065,31233247.098161131,17782121.252431847,7125394.2877249317,8770862.4538534395,26684901.996386699,27656040.416758209,48364791.726066969,89373807.789580539,98068132.678636298,102923975.59179613,12094666.405830385,12390985.365972588,74970994.099348649,15795343.68788645,51759733.610382557,127363553.05505948,212516016.7939772,331068686.19507432,345407981.17037082,379298560.60517263
4255197.7162326705,5571592.9905745918,10269180.663196851,14063248.904100779,7562832.4772447972,12503156.715307994,29565790.832945596,25223501.182344962,25630201.53652516,11731467.098162465,39875708.298428573,4773458.6321343351,49263294.248248801,12803775.573465372,95764046.367654502,2116592.5507552596,5454862.7555411384,11948791.035459774,7093340.8294616947,23470281.909819603,13707877.597563677,5430171.3826811099,6680290.4689296577,20487374.929511335,21212620.53532096,36884409.354107305,71469035.501112744,78383710.07730937,82886292.740868881,10334983.966510056,10358200.181253875,60955501.954166651,12008530.798162905,39453386.467400298,101045849.5496686,170231000.28331327,271126508.87073696,283169559.92207509,310206978.4762587
3869941.7708687768,4044247.2194992718,7669597.6942005949,10468549.380078658,5578340.9851025939,9249226.1038475651,22014268.533768613,21771326.889729787,22071429.479142968,8761210.6806234103,29852855.703231994,3821659.0065787355,36657197.017833494,9517490.5728477333,71456920.563595831,1609902.9778083735,4206545.7677465128,9259735.8244982008,5259468.569344027,17468498.015247658,10104723.547939546,4255555.2475544428,5208691.372518952,15391743.617477935,16034437.833919179,27901012.470833614,56591176.806028359,61858817.53003215,65953206.134761982,7841539.9901819751,7866897.5733937295,46405989.656470165,8922412.725336954,29388457.883091565,76273938.39917554,128428434.69865635,203699226.87168545,212689003.68412039,232725421.39414102
3488430.5733832801,3297897.3878501561,5634158.3093074802,7709831.3689043401,4054968.7068333728,6741511.8354644943,16228528.371666357,19106077.286472544,19327392.875606108,6339999.7833371256,21868544.424105924,3470783.5049951584,27153035.571958058,7044026.7145934012,52861365.936123438,1190841.5829694334,3111100.2126001781,6842881.0510897785,3816384.0397326467,12634000.542368853,7492630.5089628194,3882243.0223734411,4750973.6507039787,12314620.403132549,12899656.367479604,22266392.959490992,46445548.082280487,50854035.913891166,54545605.094844006,5782612.0890586199,5815586.505795137,34317106.083849743,6542505.8564767968,21344360.812692951,56012582.295910701,94259222.789737806,149929022.61863142,156560282.63025501,171266474.93934435
3148118.918335224,2965003.8419122733,4155287.7079363936,5590275.5093463194,2920496.5905331885,4864860.5840267176,11707427.173736127,17051607.350062404,17211729.46485763,5357962.7986127734,15874884.795095166,3116372.9671637537,20313035.552935708,5237745.3320851186,39085851.189570874,883527.99177224247,2288211.3892389103,5004189.3512959285,2930430.5518489904,10260916.328655843,5856616.4663869487,3495237.7131952816,4276185.6375454031,10197406.799683586,10729300.146198828,19148605.195529602,39876876.956880324,43849258.75486736,47181439.644680306,4247637.1985034673,4288375.1251326464,25294642.171786662,4785945.9036031421,16746062.110165348,42337968.071177818,70200113.294551909,111379267.68940929,116434307.01757289,127248129.45838208
3555958.2289782139,3051145.3156320807,3296647.727710838,4159436.5150575829,2692841.4041310614,4155588.240704786,8597951.3502257615,15796607.368645616,15931911.892162532,4924280.1736879852,11679118.710983813,2874599.3940695706,15044246.073300503,3895701.3836011137,28943096.054356486,665473.93844574271,1699639.0327248126,3705669.0328550218,2693294.7187066064,9432830.3415536135,5424284.5924560428,3221462.3512760219,3951237.9844780485,9436626.1756448355,9937847.8832350504,17952421.219717879,36989726.94466348,41038312.195750237,44765821.746142276,3408839.6853686427,3211666.972658331,19010154.769835107,4112309.6721082744,15106008.119264446,34389222.349291854,54953166.474197485,85472825.701837361,89523367.5802816,98284572.867160946
3322548.4992985199,2810808.7634974527,2632281.0496549336,3841628.9661749247,2678617.1142445882,4031427.3011182016,7627191.9889672482,15297855.873599615,15398445.971168961,4853743.4187670201,10675677.191926589,3064955.3927432797,11901949.219341675,2866753.9390291763,22510045.605848741,521357.54832536128,1371875.3575283389,3164585.9539578133,2593725.6763825784,9140997.3140143715,8873503.7451045122,4448810.1537889829,5326086.6564032249,14266810.285868127,14805899.918328602,22691210.006454013,40671534.004277766,44396876.099185959,47875525.29940486,3206216.3170136441,2690344.0265325014,15988112.562588166,3852783.7592457128,14443690.649554351,30683245.311385609,49214921.694875859,73074236.123951718,76322082.889049232,84500187.42960231
5359862.1234056633,6851593.116858677,8985635.9411457293,5786714.4815481501,14537516.71441607,21354057.073815525,35562261.082391009,28951461.144080125,29422004.538571272,11723575.858907819,66292549.362716451,14249289.305623095,12671458.520430204,3513926.5677660936,37025612.041106597,754382.17726674408,1903585.3295341763,5143866.9371769074,10205223.083628105,25010708.235279623,20907376.344021499,13423739.262515007,16482476.609104136,37635193.761258692,39824044.825151376,75433256.257732883,114594900.79370089,122793061.22166376,128343463.06621271,3155710.6873612013,2771854.2078877469,19167178.260546841,4744690.9555973411,33270556.302212797,52901727.226674631,143088942.43816319,184441454.06260011,194419815.94810361,204696850.24237785
10159032.72389132,11920320.935383322,12793543.85879411,11419914.149371546,17757714.715563759,27183535.614593212,45963415.552592866,35340272.715702072,35994697.770440765,14794073.162596015,76818337.773713127,18323996.465728674,17047527.78068031,4895555.9732386172,50901737.622329287,1234313.7515903041,3229879.619712085,8003264.6702298541,12447192.280215409,32226601.172739405,24871955.354199205,13378491.236064091,16990320.008222524,42184974.537171572,45061042.813767314,93357219.192589641,144404367.29899308,159206538.79417932,169745100.0905171,6054103.6872397019,5891710.1879073,38728778.483939745,8809803.7476556916,45494271.695005082,84777361.520517349,194447537.39960971,252118782.55517843,267265115.0331879,286551199.38026947
11010615.335396936,10543010.454741115,18588744.338936247,15888621.695929399,15845082.707385581,24010263.313853651,41244006.25215137,32599615.67835563,33143030.764587775,18881700.949712072,84417290.886289254,17564811.587334856,24730386.768707387,6603634.9809499895,67559020.128835872,1661441.2466570693,4475766.7453357335,11307850.20614771,13432980.039681757,38164169.191008419,34346082.813217111,18090041.670366526,22219606.124369361,56911235.035368942,59760436.401308283,102493445.87588499,148270589.42709044,161584544.53180578,172945179.84748551,5912287.195220598,6659277.3369365185,42972152.23599074,11002651.2799815,54967951.443108283,98889485.22085683,224219619.17523125,301020700.72992551,323155249.23717606,351030364.90841973
12193433.049078647,13164094.576754687,19325223.370532736,15380219.384570479,18230334.806527011,27439612.35606188,39728536.929663606,33399648.150681593,34052850.985820413,15956433.315188704,73602866.813199371,23502841.776398223,18921175.40116832,4902104.2110396689,53828949.967022538,1258807.2080227938,3478627.7835938036,8851811.540335143,11190181.420387732,31751330.737987019,72494093.604681522,31955178.683287188,39192404.33143992,112303170.11378831,117099814.53336605,178815656.63320217,228096625.9568103,244736762.00294805,257376855.38247702,4373567.2198356418,5010891.5135090929,33677286.139282756,8498396.537193438,44766706.537526786,79164910.656191111,185478716.32154894,248272282.65183258,270699906.59112161,305393296.93827152
13120210.301568415,11156772.156933669,14794479.061078142,11917347.432002479,14285711.301947325,21531978.670061931,33410009.240915272,29479967.570019614,29976911.767776657,11831180.441089749,57231021.038919784,18046116.242950313,14307996.098205695,3727416.9797602664,40437374.724894799,1001082.0380127827,2807942.2672420065,6901536.6618300322,8403141.5524513107,23738523.763404794,55736281.752270468,24508659.932088353,30064149.479461949,86273139.416369587,89947680.560749456,137230882.32755283,179240120.49152574,194238392.17348996,207891094.6901046,3468008.6682198253,4337514.3966207486,32422145.928140171,7095916.1764112217,34286525.930414513,67248422.789308578,149453288.52723661,196673362.56634027,213850071.55439237,242082715.83902031
17081936.504564203,10739486.651489655,22800830.01817945,34930642.772613175,12743599.583981562,19230821.819787301,32855316.786944289,28492712.606864803,28924111.900272086,12119279.889395287,69438534.67158176,15695028.35658738,44964845.834688678,11696585.236441636,110739377.09722474,1933091.39352724,4875605.6701248856,11878152.576524287,8090293.7225251487,23589866.177300639,49761602.584759206,21177735.306863949,26283993.688905727,76489273.318850577,79974807.76757811,122770510.15341847,162609335.9402124,177917216.04946208,195699538.83720624,4929358.9105851445,7257129.5848742593,41553650.809571147,6916922.8205141425,35046987.775662526,77535453.503584579,190207915.71678802,314626037.62202579,345267045.09841943,413806809.75978374
13670380.616997303,9163969.8092461042,18192554.869656552,28552335.743559506,11200784.092907932,16887339.470090047,28082165.115945671,26367229.174616065,26758404.22225289,9313557.9885013662,55154427.142812438,14616877.890563089,35335983.90075466,8887943.3594895471,86232644.671099126,1478724.2454523651,3741215.8243701863,9097195.9015002083,6307024.0663208999,18332872.404122911,46849409.092887573,19840027.671888664,24472654.584328733,71708288.740265429,74722988.289613828,112042922.06499515,148475746.17012897,161490357.98438251,175801188.94911021,3711332.7490945277,5450361.6175934607,31761100.316058259,5682460.7084700568,27508084.082951002,59972979.517225049,148134385.91634926,245232337.01014522,269990778.25071889,327795900.2116819
10487322.413437024,8063915.3013306651,13868311.481029222,21614387.693583272,10475883.715705538,15351786.384426238,23107940.925140608,24073453.131086893,24373840.327160574,7942441.4464820353,43759106.51914081,14825603.008649122,26158780.442851033,6579990.5674136104,64764960.407849155,1095147.342089186,2768656.198738927,6749174.8620266812,5631050.8732636347,15710729.455979312,37571198.717194691,18899881.765051082,23120951.118134081,61032687.095679328,63704895.580746755,97406212.249409482,129667893.37369873,140773465.91691312,151765309.59272948,3296091.506939678,4019929.915268281,24172844.470863763,4401627.6028212272,22810084.761192761,47504729.941011652,116648743.39259373,189800142.09628141,208776056.2697593,253460126.29165465
8613707.5664033927,6158804.4788253736,11521493.132275289,16354995.528319141,8568480.5173010845,12466075.737177785,19021466.353417959,21822279.389241215,22054303.106340475,6005770.4606753625,36280570.506383456,12461895.113758704,19306735.984009463,4861159.3820974305,49314563.746738449,824384.09199264296,2082071.7335773425,5120317.751101126,4534111.7542768857,12482735.225135071,28849780.854374092,16160081.298849029,19655219.99998479,48778813.398390718,50935007.800610512,77911867.112586632,106048056.06009686,115084772.64813453,124163736.2753229,3021658.8356279335,2960029.1882643602,18501113.928980518,4060079.8211355177,18623453.790230766,37511643.716319524,94217724.836299092,150421043.68075225,165869925.66746727,200207203.37053987
6414047.7519552549,4482385.7691352041,8570535.7492602896,12422895.83641996,6752815.8068277203,9760971.7227575034,14552941.456507551,19548972.005310412,19720587.789253898,6457489.4665908599,27193136.648501929,10382045.882441374,24554594.715718292,5044841.7021658244,49316417.693444245,730247.97941473173,1715315.9021910017,3966015.367416285,3491656.9895974481,11745594.935736386,23636866.019977953,16385816.172405269,19517130.478605408,43384081.253075697,45191101.983991526,66468155.185161822,90685722.927364752,97267634.857855484,104035888.55810359,3182339.48819404,3433178.7493472043,20327406.307362013,4035523.3004540973,17475523.029874809,38109100.32710965,80582942.14882122,135018656.27666548,146522210.14555904,172243003.32412958
6065486.2341949865,5411185.6672115736,10106834.165657768,11560503.140226834,7419538.5039015813,10820088.644804832,13578434.830066606,19915496.645659741,20154749.668537449,5648753.9737324519,25151035.531788945,12369480.666142542,21887227.219389282,4564454.2443901477,44272334.112482294,746402.96219291678,1857211.5971341878,4252682.9067255799,2970328.4037505831,10329437.210426169,18826718.63374361,12998800.476243818,15728140.219248742,34782857.784079082,36594774.091577642,62009395.585279398,87950346.93914932,95521240.836876199,101943867.16967519,3156433.9190956722,3406484.1018401096,20481338.705663063,4239822.2031992143,16170033.790195772,36935966.912144527,75891601.365369067,125333586.38519032,138322624.66650307,165204554.4342427
7431084.1631279374,4856599.8942960743,9954396.9122975804,13183267.250309201,8694927.951776376,12172911.153056012,13916026.400864447,20154955.716537606,20351332.36938699,5436348.0060946532,22830087.305246256,15199058.255798902,18469864.576563641,3832505.9940120662,39709424.039497815,642337.51445185195,1624128.8794118902,3789067.3633007649,2831888.9631608161,9882756.1098481696,24271912.092223443,16403559.956206119,19963604.313230932,44528378.134440951,46914058.348565474,76945984.170555726,102386146.48704873,109486374.32630965,117271404.87833847,2908481.2123841913,2770766.7071563667,16628328.719650306,4103716.7374360254,15497162.809986876,32392869.822694175,68252735.537588984,113421709.53107212,126443948.32506344,158308594.1810334
6046920.5828582989,3606735.4364816761,11241510.459206562,14797901.410323575,8364625.5402002232,12046910.052193468,23075820.45261034,22761679.479609191,22911239.283972006,7242266.5118061518,38049916.70961339,12832410.230425056,34192604.908328876,7105053.6054306142,65342126.161413245,939217.21415685094,2074843.3770053342,4475658.8428622149,4392202.4500283496,13512460.6367175,21578447.161114678,14777229.676744454,17847029.01307299,39672595.944833644,41631038.996600308,66317284.394650608,93261379.124314487,98596192.281119451,104966838.65690656,9093112.1133628953,6725151.8529845057,31931705.076700427,4784555.6809251951,19952410.69083672,52145700.829118252,108176298.56598806,179479317.10047868,193245410.73013476,225802177.95248482
5531841.4131999006,3246149.843521392,10776403.425551193,16309919.504768338,6527195.3984819595,9420300.6440585591,18555031.793643266,20545952.861065384,20660663.652835093,8033819.2000488825,35926570.078036174,9774307.4543079045,34497822.933899507,7092257.4715377456,65539640.049329802,993480.46241891873,2301584.6319503561,5222539.1423059711,4178874.2975107753,14080534.190258835,18044546.06715155,12216162.11334466,14675199.994794846,32912606.239973534,34417731.160619684,53043423.419504717,76701577.413727075,81526690.814047053,87355291.246785522,6962434.091335603,5746916.1462169243,27629902.328618191,4553129.8470787993,20401260.143468969,48330171.90566773,102365737.31996231,173537765.21555254,186839456.23570171,223057827.62500736
5140713.8622657191,2970354.8772232523,8401273.3375979438,12667102.616269689,4867819.1519348975,7020448.5155188479,13853833.142422207,18395848.909853816,18489652.601486314,6659660.6353000272,27635021.651746336,7259849.9939475609,29534105.720599249,6331451.9228343777,55488996.216399342,821223.33338032255,1865117.2001702033,4159009.5252163811,3881633.3062941195,12370627.223677371,15570343.463320034,9502579.5937473383,11390158.416114189,27107329.144096125,28236484.180426728,42002482.959740266,63072947.411837265,67499598.920017138,72919646.45202747,5681331.3322353223,4647594.148492354,21868306.81463724,4215380.7009154791,18267220.127756733,40412653.115410782,82059396.973327771,141832387.44355324,152179809.30401218,180145829.00238818
6149930.2079368634,3307803.2284996593,6255581.9045663653,9427756.6783788539,3675362.3797312276,5320707.7980223624,10240773.566949634,16780737.715882249,16866805.792773657,5623683.0272201179,20503798.72719413,5436926.6498632571,23130251.662474923,4759945.4880482992,42651299.56060984,609389.421269899,1477216.4684669953,3381238.8078524619,3083312.9642134146,10435026.600060211,11729572.106353117,7076851.8564905189,8508852.3117728774,20352203.162194595,21222436.093528967,32562458.656373661,51964840.582971022,56774515.1057043,63207567.631902844,4192387.3529557991,3439483.5397275765,17294656.695630964,3889551.2516515506,15894962.900244914,33445315.569630358,64644056.576675229,110474076.84241633,118191763.21727508,138986356.89097735
5962851.6382035781,3196608.9655358652,4602055.831275017,6955624.9588715788,2940946.1081579532,4426827.6597697381,7482418.3025554661,15872918.495180611,15985371.675791634,5154579.2325797072,14959450.493175834,4019685.4117309819,17443612.232766584,3531176.0324609522,31849284.442975394,514854.90990006854,1311840.4943501432,3059825.3390421011,2814877.7176924329,9541725.8454151414,9048269.9660451058,5198363.0796820763,6279308.7600043025,15417350.04579675,16107880.28385119,25773339.986444693,44493946.767768562,49435618.547331318,55965728.091912307,3421006.3359057573,2740423.3360409583,15046643.855457719,3581319.1686700825,14563960.5441317,29850678.724710271,53316075.593143664,87509393.505577773,93193132.890007451,108468138.36028315
5534871.0219215471,2969263.9385025422,3647979.8585208347,7764801.6553529222,2844966.3680342347,4204009.7964315237,5725648.5003031017,15211662.531580832,15305605.505934529,4754282.2987724356,11174994.459482223,4034175.2492415807,14221627.642777165,2721072.526556998,25646816.012222324,467042.27371880517,1183868.6537296413,2767369.304648634,2617273.6805003276,8809380.0937531013,9268944.9198105522,5547701.9596942626,6726480.0125291077,16092994.0283022,16801671.17999905,26182571.482635044,44019873.673772089,48594734.261414237,54543875.00901603,3233647.0746418317,2547548.8296918292,14044248.429415701,3286561.0570213408,13432631.307610326,27704258.737557538,46568323.051894687,74472442.308100864,79683271.384974688,96367091.584280759
5768129.1105552437,3003468.5331231272,2752332.3396463632,6987583.461384939,3603926.9449590705,5029057.7013002308,5512664.9534789724,15330663.48782569,15416752.992501371,5139822.8456786023,10433331.523600221,5964252.2640534732,14290029.076295709,2701375.6153751514,24837865.058392946,446051.55561187054,1134903.405211994,2704553.3695150511,2918695.2228278173,9650689.721709054,13229503.904574094,6835243.7357562175,8781385.3545948174,22211253.969069615,23730893.990034804,38234952.55854401,56108404.72934638,60715566.705304325,66883985.197409175,3073626.9147123825,2434894.006412738,13629686.986548997,3314128.5634604823,14356442.027082808,28217540.6498399,46048379.84952008,72644910.60892269,76704369.531188399,93515258.12845473
8060730.8519037738,3165249.8916167729,2292054.8999049566,5356388.3132366352,2946862.0447916971,4261674.9854666842,5218809.4036428789,15013751.685712529,15092846.565878974,4959330.6132511152,9702612.6727294978,4594331.6277525816,11917930.546951428,2512487.6139454106,21904030.048461068,423230.21556329349,1085716.3878104449,2566968.1729345573,2774967.0428309613,9240836.1508177742,10741014.528549172,5294520.3128237957,6830098.8748131283,17733699.544164825,18939541.331378467,30503429.776054282,47888959.067697853,52569375.306327827,60974657.960881516,2827780.3269343972,2258717.2258273037,12706462.780442197,3197565.5955517949,13739711.487104062,26660378.177995697,43268824.72148893,66587985.250380114,69860688.60484226,82595897.488250703
6334425.1254578158,2954773.9076326494,2105215.8211465771,4257101.3502777182,2728896.6163309221,3940649.0638699587,4788095.5262833815,14776473.24230163,14849107.217700841,4561099.2351018507,8893887.1907127183,3875612.0353082432,10950822.325406309,2307175.7886813753,20131882.838712815,389223.88100879465,999512.82949577167,2362761.6358245322,2545687.6431302549,8493049.635364091,8280211.6714842562,4310704.3509862572,5462679.6657029614,13866316.925949922,14770637.673651256,24373042.043188132,41346650.085909404,45688849.232632577,52336557.309834749,2593819.8623189321,2074144.3985018483,11675880.309628783,2944242.1356548122,12633136.730736965,24506466.983736269,39755703.146734558,61188674.017576806,64018501.747059092,73693826.302707925
5949544.0187473539,2742482.1170270937,1933287.2903384755,3905682.7045395616,2499276.3882678458,3612066.762542129,4385111.1132395472,14547416.525526159,14614234.836433994,4187396.0238839611,8154663.2753877575,3552020.7977094664,10179485.054288777,2120336.4428587854,18595969.890369728,360209.45910026669,924041.33593551768,2178763.6434363998,2336378.0432532579,7798394.3147976762,6326451.6155792512,3951113.1690702452,4903144.3248724435,11322082.733252078,12022574.779530585,20868174.175213821,37450469.485555775,41470213.169606552,47705906.280461222,2383773.1433265158,1912947.9350124451,10752821.44118081,2708180.6153793177,11605818.607866617,22540780.80473844,36548740.401610307,56340463.822481133,58891408.55417645,67528218.867763296
5750267.5655189482,2668892.7692797692,1776896.1805637376,3561177.5744321775,2242851.0639690203,3268574.8017664342,3968343.9817080935,14314632.787834356,14376122.146720877,3793583.1385911671,7481708.6638156567,3177595.9578257264,9347768.0025081821,1946784.4607684622,17034759.040326457,330513.12298280001,848132.58245625941,1997935.0124694961,2113586.1582084526,7062907.5012472942,5773699.774658245,3576362.0506964009,4432944.724771237,10283773.798784055,10916145.864294756,19073869.334365688,35305393.166611373,39142474.680834256,45153630.814855218,2186312.7183866249,1756156.6059473006,9870083.4467593171,2473385.9337643506,10542918.644238746,20581135.43771993,33446477.736041039,51581566.067156032,53926949.106350891,61813972.79735247
5318294.7181490464,2469179.3633525325,1634086.3165078021,3290955.9690041547,2069910.2513035322,3015617.1801992548,3657746.7501575155,14133789.411111588,14190456.075267199,3482025.5930982553,6898851.3358116075,2930293.3405981618,8708636.4752104543,1805577.3365047984,15819092.349983392,305995.72584217647,784627.96799902944,1847289.335102696,1952838.4695267214,6499813.2581510115,5336257.5102154417,3303205.0364609519,4091971.2959857075,9499089.444723241,10079768.472682102,17610799.236510299,33515371.295905393,37053756.562207118,42610323.554562263,2084022.537290402,1691680.6348560695,9549696.6146804746,2268203.5967619726,9697580.1939703375,19402920.199479733,31274442.080655355,48106982.206714615,50264815.134492755,57585164.807815291
4889937.8384234877,2344324.3794776062,1621681.1857359621,3074076.7862497624,1940589.3301338039,2828734.0179432728,3383743.4595192885,13985074.385133237,14039256.729673341,3224088.7419036515,6433277.2227734309,2771399.6940302528,8150185.1395529108,1675886.629476998,14687750.158553746,282489.50809978752,722895.45030838007,1702703.5118769191,1814307.7652262647,6022719.0655882237,5538993.409265819,3434347.7588770324,4230488.5615933118,9839438.5169869289,10406402.710032072,17558934.738127805,33222759.70129573,36550903.010922261,41658413.158782184,1920943.1390230283,1568123.9172299914,8896050.756739242,2099470.0035690204,8983626.202245703,18023929.753301356,29055346.739215415,44697252.713504672,46807081.779169023,53761772.170746721
4495680.1311412845,2171690.8918153378,1557870.3757696236,3160328.8027316928,1824390.3133940559,2649586.066204919,3159419.763641438,13849232.398119889,13899280.285261068,3009653.9001392461,5956152.8810342699,2627150.7162937815,7583718.0731712179,1543013.4038884777,13685203.835645303,262550.41793956677,675020.05937970767,1585990.1781726407,1690537.4880491013,5612856.0198789798,5319945.1546478653,3258123.6539405864,4016611.4762525889,9403126.4389680196,9938832.1339907181,16669348.208099429,32077504.792463075,35150893.007541426,39845369.059873775,1763627.7056774432,1441560.1252095397,8187919.8916532304,1958822.5950347446,8369929.9018005338,16691807.231639931,26917503.071738131,41552576.788148291,43736615.31171149,50800363.979453906
4086516.6852869717,1985902.8857176693,1435892.7506987883,2990916.1153058885,1693390.1121714392,2455931.0294228615,2917651.8750168215,13707473.055773558,13753729.047717394,2737232.1109733153,5490023.838741757,2439024.3391659781,6973689.0914256414,1419238.7239791758,12595097.850879986,240095.70937776339,616768.46303879609,1465009.5026029679,1549305.8194694661,5126702.5295413453,4927937.1165046412,3026350.198302805,3738389.7710919892,8729278.3896055836,9229559.3524489049,15482309.050822699,30634560.10998892,33447494.590782173,37715720.777141064,1620223.2487620551,1326109.686087125,7528244.8531183023,1788401.4723166681,7661971.2415093798,15319226.2815804,24805020.354262237,38277282.738816276,40298848.659660801,46897691.974027544
3748941.3559628548,1816769.2921464599,1322601.5927712165,2752522.7945785639,1558739.4279164758,2262542.9489732124,2684516.097334695,13569716.353891304,13612507.78643897,2544304.6785779013,5067250.3201056998,2247798.3996449402,6447961.5512002967,1309094.5339965185,11656882.80933474,223385.06135570546,575436.5950572592,1367789.7073237028,1447249.8549380773,4778046.9790466093,4566615.3476995667,2800095.8343523256,3464142.6663120855,8089888.2896478744,8555332.0900961608,14331465.719331911,29238237.276332155,31815332.088204879,35730628.163879186,1488887.4973894034,1222640.8920375735,6949756.2332777688,1676532.8571078612,7153183.4850774715,14223153.29143177,23007375.360532384,35473903.283388123,37338420.032878719,43408650.40048226
3768150.4544528746,1713502.8183527638,1219024.054217699,2566422.8465652023,1448656.7005390441,2104554.9676232324,2493090.8218517033,13457814.910390703,13497528.126735978,2362555.053509532,4682431.9046415882,2074413.829899075,6116464.7624758594,1207711.609036694,10940855.868292559,207886.02580963483,539173.73747020459,1279424.4810706277,1342587.7444373395,4436359.0623298995,4197883.7352166194,2585161.1171918865,3202059.2814962585,7454794.9792761495,7885711.810368875,13207355.158572553,27933384.504146207,30414127.842896368,34353056.451943301,1369326.5367300147,1126515.8483930582,6449180.4879145119,1599740.3628189648,6685751.0849357964,13247138.446518272,21391611.242839996,33080630.983299434,34800404.710929751,40417955.465852141
3562435.6498225066,1652818.2739323142,1131958.869497183,2443421.9980389886,1338268.1487821527,1944838.8570423368,2315269.2036157013,13354762.271133233,13391934.518687045,2184300.4500329937,4328674.9668943239,1911903.3768238798,6323676.1115072342,1236196.7593714118,11043011.2013005,201121.17519622226,511977.80846802029,1206253.5861160271,1238120.0289352171,4103415.3427968496,3864632.2167958217,2401458.5060422979,2971381.9165047612,6886539.1826841263,7283104.7816328974,12236549.331494793,26790928.538578141,29174300.424949564,32898130.727323972,1271101.4914707507,1087210.2768849118,6101184.6460490488,1521052.1587620035,6229641.775484588,12435839.245414281,20003007.582848001,31746437.025393181,33364033.357329052,38656200.915042825
3276300.4170855111,1522379.8109205295,1047169.2087612209,2308171.8385422602,1233658.3617466637,1795569.3028935823,2143923.5199964666,13247950.631430164,13282579.013431519,2044911.6896487421,4012395.7738216766,1758883.0776390752,5903920.9678726969,1152541.9320249211,10368172.540165359,190012.53500426182,486549.85554427531,1139321.4571256794,1147980.5372423492,3828873.0445408081,3593464.0242652269,2220696.4356737742,2745544.5875356006,6385691.571802157,6750664.3103664592,11319843.299648309,25682940.793323081,27878545.471293822,31302823.745862987,1171809.7161920955,1005217.7854146168,5659186.6354703251,1436209.2549368604,5830677.3121142564,11588972.644777404,18638247.511856411,29656023.856544878,31151651.01847427,36086855.643372633
3004907.2768567028,1397617.627254342,970559.56335577823,2113442.5318032182,1138994.8227914865,1660851.2383898718,1971789.3168883962,13147299.840752959,13179645.241265984,1856874.4498748682,3720970.0076611629,1606922.912564123,6055570.4990847614,1135048.5389363661,10230784.681295415,183291.70263752856,465911.52319176536,1086767.2805594883,1053937.5459816502,3520412.8049657093,3335997.3532111286,2038209.2622831909,2525143.5024538119,5904835.5579708442,6244974.4573142724,10477426.022212474,24667434.584982175,26700294.788389284,29841963.880541008,1611012.2893807318,1174880.392302935,6452923.9069948345,1357958.3483610081,5416145.2302168608,11967433.703587871,18550901.269237407,29385044.087864216,30769604.890592404,35306504.787278399
2743197.0975783318,1283227.7036279321,901215.5019721546,2077360.6827995484,1059381.0112432537,1545269.8128287371,1837804.6813242882,13061351.791394705,13091667.075445337,1744629.2232572192,3468516.8613398718,1491560.9698410446,9983236.8030233961,1645762.158245763,14759301.972697169,231932.36987842352,538976.79172977933,1152272.2883501905,983620.78216942505,3333905.3853700007,3129774.0141065391,1901713.204905391,2359244.0591525347,5530163.7172426172,5847453.9366476433,9784619.7167960387,23819562.988955293,25690411.671885662,28559336.263044529,7679926.4398076115,2584111.3011368485,16004647.928500757,1411056.3341031745,5279196.6560753705,21381581.361597899,27671372.255040094,42992574.070229523,44276943.382494867,48603706.079769336
2507322.713132238,1181762.1889739516,838875.91539442888,1942201.7758947106,983279.25914971461,1437292.3297750379,1711179.2931553449,12980623.747018032,13010208.716022922,1641084.0659658061,3238746.7312967707,1376758.7949097101,9426866.0087976865,1524483.6922405732,13901376.13198597,220540.5838590714,516263.25667916297,1125516.0254603021,918989.77506380121,3161626.0103196246,2927024.7473330144,1758634.6468717894,2184470.0560337524,5150155.7597256377,5445003.931378101,9118204.5891051237,23013679.507939484,24740260.629504476,27363480.796944201,5797474.7542200722,2407879.4106885917,13744477.57745056,1359385.9334440045,5051500.2438899344,18893001.848277654,24875245.586500399,39301197.859908715,40494618.814784527,44518408.946541369
2377400.678767764,1108618.972057635,783160.07799102634,1799329.2833244051,922434.41273085005,1349202.498020821,1637053.6583420676,12926440.513033506,12955809.565299232,1624178.4683180184,3177008.9307674007,1283339.2322031732,8667441.7546977736,1404280.920640284,12829795.826733017,204767.21365682763,485492.35494045878,1090369.0779422969,890831.9049119798,3112257.0841258918,2716134.4079526863,1625784.5910604179,2026783.2066880546,4779867.6071891291,5059980.6657294324,8513507.0946334656,22305002.97921044,23943482.581410468,26440807.388752978,4299589.6285470305,2217697.5311017283,11641541.7254315,1298482.5324662994,4937437.1878912523,16675290.494268151,22548764.919516269,35869841.275515206,36981728.574693397,40719010.316734254
2649360.055410672,1177989.0848508368,740229.66059480933,1739037.9133162689,884946.9994342234,1311758.7425989176,1625841.008146951,12919914.260222156,12951578.590871558,1601669.3492678721,3153495.1899795807,1224961.1426191393,8467766.641478518,1385472.2153088162,12486212.068601565,193281.02301977752,468498.55500474584,1068337.8282542164,886340.70416437229,3081721.5801685154,2537891.6688407823,1525599.6113651281,1905998.3320964184,4479373.8026430197,4748908.3540768828,8166282.6339527629,21999096.658677083,23751372.959026925,26526500.876383185,3483839.0260897544,2078653.920276446,10318473.777303671,1277031.5245127494,4881644.3627580684,15295720.196330659,21111789.369450103,34059677.040849812,35105217.785589635,38740330.045482814
3570947.8922057459,1572265.0741199667,1045947.1809809288,2949770.3696054295,1117002.3812272435,1672260.3483135421,2219629.1907681436,13237717.733762993,13279829.302302582,1760901.3124958163,3785926.1636907966,1551834.2550355331,10198799.233347146,1651699.3812161861,15215069.0044509,201828.13673363384,470551.8500390877,1068719.1201794045,939082.3114868307,3331362.1230600406,3344441.9553153804,1806091.4797363349,2284109.8235913543,5673442.4296394773,6009348.5165565424,10237836.083811356,24708585.241827492,27241009.075016357,31033284.92603581,3255150.4884303678,2058321.3702025632,9682132.518363338,1334628.9467773305,5191428.56210283,14968676.458016478,21484266.82786392,37398336.25892134,38927795.634843685,46238351.50182309
3588478.1417121994,1538143.2492582423,1314191.6572483301,3364063.8936578138,1376411.843459534,1999561.1511009065,2769441.7021209276,13467845.897371165,13509061.008615512,1772241.7137089137,4221744.7809079047,1883738.3408112375,11062988.315331055,2011210.5200178383,17113154.225788333,218117.51160316239,493243.69206559024,1091501.0887238234,988259.52529364137,3370147.6233229265,3330357.6960342829,2095855.3345916378,2613789.7292617476,5990486.2569813151,6344964.1356088007,10853912.151492456,25539206.380308431,28003151.293402374,31804093.49185456,3021223.6608364815,2016822.7601816647,9599336.9280542117,1350260.6539942157,5242586.618879661,14936427.21867878,21934246.854123626,39864314.400616497,41747032.481135234,49606560.325531729
3351493.7864834336,1432186.4587265882,1215312.5686005116,3181383.7398740682,1283430.4796941944,1861608.7879378886,2592928.8749518385,13358665.793825272,13396922.514330788,1677114.0393335165,3922609.9052690496,1772205.3866533937,10194593.741671149,1858198.3965297884,15880686.382303121,209760.39772259342,481870.73226883152,1076630.260723968,930679.09389245592,3229664.0404490549,3145268.1896269117,1978735.7256718506,2467895.1905298191,5656823.0302106468,5988104.1567058302,10204319.715236727,24695723.024701674,26979671.678093836,30527359.994005561,2774634.0995882787,1863199.5669763512,8982836.966643624,1396060.5854842241,5145854.8146063676,14222502.713946225,20816138.601993512,37453062.377694972,39198520.051911287,46546953.688790269
6355168.1371323671,3251974.5736446297,9921185.1241481081,11283538.606896594,5427462.2502200529,7917911.4944933094,15783212.111071737,19496218.024770051,19581339.783224463,2509697.1889572474,17938920.208670288,6031238.0633034399,12134128.517764572,2458508.6423739581,21926505.503415857,328536.30272035464,811466.39005540567,1860958.2237543026,1966908.9017905279,5537605.8349789334,4562493.4971779101,3587441.8179323324,4606174.2909686733,9301182.087437693,10571776.759808784,28840028.366760157,51100963.930220097,56078654.710038356,62837164.520992257,3075339.773680211,2184284.3816618705,10317666.867332457,2036481.9519641995,8334123.6283240579,18751602.294462707,41850688.429942496,68147002.89348121,81259199.433831349,111900022.31865421
17777536.136056084,7621463.193948769,15147793.778282266,12009513.440103747,9809179.6824690271,14189854.272550177,26704564.867733333,24587567.184087042,24730927.008671578,11829973.961901326,40427634.438577332,10950363.812354377,14239574.100001561,3364115.510391356,31589324.591240458,471307.69741065585,1208686.1138148136,2911616.7661928721,6517651.141044151,21094588.060426686,7524095.9144574553,8188884.6937215533,10377894.468903959,18100820.368751366,19941097.512797832,47881992.602495171,78017163.996880546,88539217.758758873,106806314.16838352,3071494.0864837095,2553555.0677188593,14562110.393362423,6587655.215626074,29267333.815373179,44051775.675545722,94271986.327712446,131704288.15288016,149702293.4808861,178251504.96579561
13960440.392713578,6013966.4182069143,12130957.178743582,9680234.2909155786,7868683.1715774098,11381755.665138407,21672387.873093143,22208740.399012212,22317585.911503911,9850110.8937481195,34128872.273068562,8805861.792920379,12133580.069000086,2756534.1130444473,26053241.994251005,450091.23925525614,1161028.8640386853,2785561.9357410781,6020550.6631177729,18312593.74306282,6593334.6949729687,6565487.5213646283,8387453.0090312343,15150188.826924179,16684543.634967877,39023860.148538001,65601716.769315392,73994539.301238865,88359999.904422283,2831838.7291203626,2368143.2333601499,13827726.968315087,5250089.4315567166,25096466.112333491,39131344.520667382,81461501.320789009,112075942.99064757,126389876.41365901,149905164.0313209
10267754.244216371,4440775.4166721003,9083157.9288599659,7206913.2609815123,5852257.5629028985,8470718.7354341149,16179667.828918872,19625625.249506921,19719792.047766443,7274912.8481096793,25714831.795163251,6530852.557522729,11172615.935877975,2532308.2700537718,22023980.963195134,414452.34902870137,1069214.5065092843,2570613.5562710455,4540086.0837850077,13856592.482024252,5953201.7084611179,4874016.4607867729,6231182.486956289,12311937.318791872,13458679.11016739,30087330.46642423,52963381.86692825,59221232.986634254,69844884.685725808,2599579.7089994177,2174956.3536951449,12702428.788850611,4317770.7499313569,19598548.702181656,32493926.887973893,65684656.697688222,91104895.251880392,101820288.63009702,119395088.78451818
7535641.3885212736,3544121.352402803,6697447.8577448176,5333214.0413804073,4308884.654168807,6225715.2186741782,11952141.649184488,17621078.590582144,17707013.75684854,5776553.59378241,18935582.659372523,4799433.6194766629,10350961.911070243,2326344.2106287298,20291426.887644056,380772.24872380617,983020.6441180507,2360416.2743953136,3350387.4930522712,11001848.732994407,5460251.3395885881,4231248.8786267545,5233380.5937567949,10787813.58663954,11630777.762885179,23853987.578974292,44229331.794415228,49426478.306599148,57286129.757676587,2387178.7510380433,1997728.8923509466,11669080.802306807,3967547.6355941156,16279104.509602133,28126140.298579622,53923548.597177722,76716184.208908275,84613917.68892251,97478001.139505178
6182843.5268751523,3183051.6185316504,4919622.3543754555,4211700.1530859461,3098851.3505903576,4531548.4729346111,8680823.1510357428,16090659.779439339,16169125.354764333,5281122.0788092362,13718217.492664522,3889840.267436394,9723290.237913996,2162928.3792099589,18714581.559317332,345595.82858277322,890233.64529193868,2136463.23264369,2927735.0419580131,9897004.379605256,4969396.4945323095,3827472.1357216216,4736574.4768238859,9784836.4643715043,10469557.13596468,20179383.214955099,38775129.037024669,43463511.034696199,49942156.347705789,2429524.6217748015,1952092.1607179388,11196172.443483964,3618542.0483853272,14695966.074113673,26054905.182170346,46000060.38625554,66560213.913939148,72373939.901956975,82120668.775905788
5643049.3885198757,2910352.8825978516,6642671.639123885,10537113.810902311,4905135.6655809265,6612149.3216676163,10081666.831086837,16921429.734641682,16993779.609294914,11967331.690707019,25143762.097653624,7842823.2237606756,17624237.292854764,3100145.2238712101,37198536.23265022,475195.35966158955,1191998.3163621621,2923154.6765952227,5555305.256117031,19984834.642477475,12062853.181478836,9968647.1187929902,11898267.28015488,24092800.995858017,25185874.554689936,38639165.511610761,57881081.924084887,62170335.576450668,68083997.390662357,2978775.5869231937,2455013.8740325612,13444204.579693805,4236347.9204921694,25924670.642915178,39637305.332936965,78803079.713721901,120480966.27450213,129222353.51597358,154364639.73136526
5423821.7516945042,3272738.5822215863,15248892.054876605,14336634.728691706,11954314.418279767,15883408.758592842,14050381.010987321,20714639.806528404,20795262.618824482,14334660.764056951,31238949.785339884,19984424.704295456,15659700.582436062,3008250.8604715313,38169378.895674199,499669.88945963531,1256434.4032728504,3103215.5072191223,6449633.4191732332,23812052.659938626,21710493.949209835,14401450.246659033,18131252.963108223,40191065.691847637,43550972.709974922,86494990.79200837,109954146.92556168,114578320.97602642,120257430.07718137,2790778.1739044767,2395007.1030444507,13269979.042365186,4705706.0923753828,30350034.824102033,43894375.187431037,91196611.316894829,136327763.90464196,154523452.72085473,189082092.37293312
5690468.5604234543,4020565.551876056,13441483.721913407,13903884.699789556,13409200.931086775,17738266.311633233,15066150.366988743,21548335.6988976,21624309.659465067,17882449.871649269,34728661.278763928,23802238.355497178,14384838.074060749,3845445.4327639071,39731621.117248021,1147942.9348258916,3266663.2385966256,8935616.3484068066,8772862.9088349417,32331361.828074738,21948854.375841904,16742115.435969705,20955221.989244334,43292015.531407662,47011068.85395477,95447495.831707403,119868351.32309751,125272967.86958544,131217229.40906887,3140222.8206881136,2834727.715806853,17027881.822124291,9693608.5839686375,47218165.283515833,65288714.058121905,126649063.60024278,172743406.4863964,189429683.94352338,221458563.23769918
5307182.6413917951,3489897.5601884103,10114302.479265684,10578035.064606914,10291459.94742211,13581657.122089004,11516129.067210941,19305554.056091052,19375643.620743226,13908780.770332806,26463493.504446007,18242249.947969422,12377551.349904871,3001710.5857383255,31949300.500535216,881850.69195852394,2519733.2042452325,6883426.5614840128,6742743.2505486431,25026846.885711756,16887804.984955534,12874969.155123593,16119001.578125753,33306215.336977351,36160156.042516991,73102511.139588848,95075666.382478014,99838602.056360513,105378654.57520163,2913110.2991400259,2636492.1810970651,15299256.177998617,7480745.2685236847,36495951.785177208,52589967.559223585,99420322.989380971,136143524.91264635,148729764.21895602,173040502.96501425
4887140.8679450983,3204599.0396028832,7497465.7787211677,7838724.9159473563,7632822.6922645783,10061593.676370231,8514252.5544282664,17420316.805575274,17484860.218390614,10322681.253217058,19519817.611783884,13551012.433544505,11409209.687686356,2639480.2915804344,26322306.090582401,654166.62166780024,1865292.0081622261,5089144.3969738232,4998010.5615748605,18555285.635207549,12891121.682431724,9553474.7463098876,11990354.846893793,25109988.294575229,27250843.919607688,54690493.067039303,74563845.785641193,78936145.535568073,84036701.477904826,2675499.5016589519,2423995.1869720961,14057827.951434651,5536944.080325515,27035702.400983099,41680120.935010508,76223155.059068307,106081431.23210113,115419713.04172806,133381115.00539756
4481182.794454406,2922304.5003551678,5514242.6251654252,5779690.2789084055,5642647.1356645748,7427931.9687792128,6263991.8166473359,16117259.644822592,16176956.73675891,7622368.6624281611,14341722.918536823,10036281.405269245,10488622.272548176,2425502.5518252328,21977534.643522996,530324.41150369798,1440324.3275572571,3818459.8154815198,3685456.5796906156,13693324.684410935,9807531.4369874597,7086082.8915403467,8909160.7403840106,18886541.959583644,20467728.654369861,40661405.145577267,59029801.279001571,63030955.447504163,67709304.947646931,2458748.6658596653,2226935.3973916527,12917636.938350124,4394516.1914354749,20255522.362071268,33605328.067372985,59077801.605399862,83667623.121750936,90543419.7677944,103719915.61980608
4067786.1621351624,2642580.293784278,4068677.3068786473,4335310.0108174076,4071050.5082809073,5483373.7237798786,5316739.4213487152,15339249.16951262,15394349.749308966,5847223.7014246415,10747760.347180827,7308290.8650759123,9708529.1096051242,2247941.733252007,19645981.526527815,484853.05790468201,1314960.4401058643,3206438.7152513862,2985857.6313473615,10809202.790057607,7218117.5173599143,5224898.8560309839,6568036.1448418321,13911242.091614533,15067819.303369084,29815793.125959925,47223461.830458306,50857154.466918319,55106181.256690376,2265414.4823219916,2055650.7738308627,11874414.24744758,4023702.5039579403,16543900.670970948,28733195.998536859,47998308.437203035,69576819.881748334,74652201.705933928,84443874.682617992
4834374.3559573451,3116786.7540087337,7153972.641125272,5267373.7608692627,4945824.3086079787,7159858.246777433,7625842.798931649,16812422.181312092,16888144.123906534,5878888.8263691049,14050882.144479996,8371378.1641361546,11006103.45656452,2736124.9723714008,23475207.06188703,511455.42388756282,1341945.2556002496,3196187.643300679,2901905.9914648542,10662520.743339377,11435011.840167673,13229867.626097074,15661502.185288388,27281288.726825487,28856119.003162008,46464452.362548016,65909413.28589467,70409356.120486319,75540809.158574745,2737192.1591163902,2484726.2126846481,14359013.637028083,3965338.32281197,16275794.589265315,30932521.363367878,53833999.249575801,80036038.053634256,88317928.282440305,100604374.01385416
13843857.314820906,5218763.1408968586,5466128.4523407044,4706138.6486063981,4380437.5782992002,6353755.7416439289,6263669.4624503404,16119618.396320084,16191762.040435949,5720552.4973333487,10959934.142867235,7338478.9679053938,12254105.07571893,3489346.6921853591,25444492.361328844,528153.51500482392,1359937.6741848213,3177225.9535067463,2747484.2143732952,10239498.88117042,10475103.506116221,10796062.882510362,12864697.77973699,23503417.631397143,24912320.606693856,42292909.874946766,61327673.106643654,69279426.570534766,83707571.959986478,2653567.0548859215,2477423.3189820251,14089988.804305326,3824042.3723201454,15607348.668481242,29973021.071830191,49087624.173666038,76656183.52974759,83003733.348086834,93788187.242963359
10607413.107817153,3957887.0894136247,4064461.2724290467,4201169.1622304758,3334834.1848845803,4818694.7177761374,5454086.4748230204,15308984.551531075,15375784.41112655,5358239.2053108681,10166865.703720504,5575067.2595183086,11403294.335562231,2747647.7880361378,22238440.025935438,495229.95897928445,1287556.36074982,3004327.517708722,2574875.1801097174,9599900.8199701011,7938536.7863975931,8057335.4493781393,9616922.6816749033,17679842.805300385,18745243.802046742,31841292.152925443,49858685.467099592,55887007.966543585,66929795.741829842,2439482.5291101504,2278407.8620759682,12971361.378075711,3547802.8192690746,14585506.379140969,27811141.366407633,45590660.273004636,69418924.522632003,74179009.1093591,83423256.028811604
7741603.5237342902,3469823.5831201281,3002497.9381284518,3881414.2175661144,2930377.4556885925,4293181.1780287195,5013882.3210754106,15008916.153220132,15070400.140172051,4923932.5964029795,9334265.1433883831,4158472.6539365808,10493633.979597392,2525694.0610510991,20476118.88619037,455793.1249784854,1185409.4083253632,2767119.7001479547,2367241.8958068085,8825861.4882741887,6286501.3919491656,5970595.8769230181,7124134.1399296522,13502680.447501674,14288421.527782353,24355391.961010229,41850700.610649005,47080026.485504143,55186370.446832582,2240943.9083264382,2093613.7499558495,11921292.049098972,3264175.1558356998,13411787.75802872,25567224.571095522,41912066.003112249,63789243.30623883,67415639.923307583,75947443.955343768
6409038.480259994,3168713.1880890885,2388669.3233226039,3539973.8897283552,2668496.8700986565,3908676.7634234722,4560573.6130209193,14739979.69656755,14796397.242586358,4514319.8561599944,8494106.8158405479,3797247.1447353908,9649122.1396439951,2322273.8631927534,18788072.27613619,418754.94398725545,1089414.5695360946,2537627.5132325985,2164368.9895914393,8078336.8439014386,5745228.0882091764,4469085.2355982307,5423724.9745860342,11247717.391518835,11924663.96654913,21135325.684636083,38145006.947114863,42920183.235161416,49663558.36257612,2059084.2135847905,1923985.747299612,10950728.330899397,2997973.2916664691,12284787.350160727,23450967.976904023,38375348.221439809,58451825.023023307,61415922.418667153,69214972.943480238
5759266.0811726497,2853276.1619356778,2198817.5633712164,3242339.1363579226,2432476.6788246413,3577495.7167565087,4166601.25597814,14509198.645014923,14561331.345467793,4137725.6430505025,7808875.4246452162,3457703.3166281697,8923790.4325963873,2134402.3193126009,17253429.893100984,384117.68163749087,999335.03730448009,2323004.4078143565,1979993.4360834549,7397262.1567880707,5253775.2662998149,4088096.3814730309,4960153.8010812216,10286417.098941617,10908817.851804225,19347990.407397289,35938261.044247776,40250114.995002225,46314919.811989062,1894548.8384563029,1771175.9358633442,10073705.275023393,2755153.7182562752,11261863.174827879,21534169.231764037,35254965.007430606,53696012.226477623,56425921.340900399,63585569.427902669
5267092.7858989835,2616220.921759292,2024784.8055703966,2997361.2286917549,2241993.0118629984,3297149.6792386537,3816750.3358281953,14305230.498139296,14353457.434818782,3814974.1345865903,7187026.0503287576,3186831.0240709349,8215175.5850193435,1963360.231000639,15896871.252344161,353547.21419863659,920950.0781147934,2141576.3188646138,1826383.8028984461,6824544.389152729,4857910.328579315,3767393.741936286,4576149.399799427,9501473.4054097719,10078579.776502108,17856419.105997689,34079797.835116781,38034777.14526096,43581996.016740263,1742660.8881601619,1629459.7267779345,9271961.844115695,2540843.9517201246,10389488.79594673,19844767.939961273,32487552.10994409,49480042.057689637,51995359.147227794,58601304.062690452
4839730.6453695726,2404193.9503508341,1865797.0708804938,2772292.4349351861,2071245.7785912436,3044521.0928983102,3526935.3535050876,14126580.921175985,14171289.283365624,3507126.7711280738,6628462.7483791234,2941828.5862438781,7590999.504974965,1807267.4656712492,14693225.851641007,326202.00173402514,850603.49891186564,1978040.7572446642,1685020.4060167545,6282031.7978142025,4487246.9729458941,3468323.054474758,4217275.3690043371,8766820.3764480371,9299379.5500855651,16473650.83516315,32371073.078771934,36005809.161012478,41102515.301083356,1603973.9302764544,1499890.7154187101,8537751.1577074733,2341212.1772345868,9568115.0483093765,18275177.21485826,29945957.076696724,45650734.037896924,47970088.768133096,54076447.780512601
4440436.5370967695,2205977.6756997434,1719622.4154918867,2557030.5774099017,1911952.3111999084,2814801.5090415333,3247037.2542082118,13959071.24567836,14000585.92608561,3226461.5741904066,6111715.052578575,2712174.8452234161,7057994.6188818328,1664684.0410787887,13593815.783519311,300729.27568887401,784783.95506105549,1825544.5287825493,1553625.1755030844,5783271.8097870685,4178302.0604123999,3198889.5571705191,3891728.8144039717,8128226.6053535342,8622458.8101492301,15269179.807612931,30867062.720040936,34204310.058812492,38880580.267975539,1485712.1071453278,1382054.9201169161,7876008.054558252,2157880.1657137037,8815886.908782782,16851813.047040682,27655115.438810248,42183508.173550412,44322945.479643509,49957542.603631623
4080980.5915014762,2145235.0273340703,1586480.5472075113,2341652.411192385,2228513.8992321305,3271862.4301518132,3727249.7800929616,14241061.847790739,14297823.844557023,4030547.2926972103,6068713.5584058641,2970946.0363645749,6844561.7314282171,1550466.8237398758,12868126.621030787,276866.65556972165,724220.67321559449,1687975.81052528,1642296.3710128132,6650814.8414308261,4011291.2989419829,3175967.5154987024,3867562.3181674127,7936319.2932389546,8429789.0703823976,15454335.687494662,31565312.284967747,34788535.278847486,39086841.427119575,1451302.8689035722,1311512.2996783131,7409263.6876064111,2089618.0636521529,9569226.3911362626,17126669.973149266,27543882.650360845,41276649.748741999,43256299.589673653,48513682.839135356
4507633.8217375558,3093540.0551481862,1832056.3056680625,3315442.9337045592,2443138.3222317151,3753068.0231446284,4647241.930357351,14802442.590982452,14872443.671466421,4616387.8050192911,8122610.1571896402,2972211.7659525699,8272380.8984879255,1624724.946088867,14970911.113529859,272249.58047087153,694122.22067383362,1643326.4901630902,1989977.5053866745,7700330.2135726968,3874685.023778345,3138423.0281648696,3811187.2529240195,7741065.0851438548,8222801.0749959694,16266131.203371409,33567903.142774358,37963774.242507428,42757588.012447849,1404432.3619633522,1282665.2970019015,7094778.2019105684,2176944.6358414819,10807761.334062103,18067253.356347486,30857331.926743463,46971445.027627617,49671513.604131348,56826797.313017339
4240549.6101618977,2967476.6193007231,1823057.2371277532,3245493.7149873655,2338039.5211763252,3631361.6527835862,4585456.1120760376,14771935.656060148,14850615.604884673,4425062.2577230558,7754342.2424374288,2783247.1533089397,7919237.0621195985,1517594.6637689732,14336888.226641571,257334.78193944128,657027.7782605167,1552967.9750621896,1909593.612303046,7390158.5348407915,3624540.3127066344,2949948.9019831801,3581383.2667161957,7257500.1320560714,7706301.9887119839,15397814.58416242,32730126.265610188,36934932.20680064,41440234.107989945,1506095.3344016182,1300247.6949162714,7319546.3506689947,2227044.7395894015,10497722.945587667,17970584.558652569,30138023.489445999,45595328.865946069,48139523.255925566,55264014.992320925
3928811.6019919799,2761601.0128371404,1731187.3106370557,3136922.796549011,2182813.7880631387,3395570.710628632,4292442.2138310112,14577817.676263988,14651025.496619908,4074956.3058874509,7198137.5659313882,2576118.222655694,7340186.9427628377,1400214.2782023186,13327319.951657528,238424.20765842067,611085.33250315732,1444235.4872973145,1773686.0923751311,6833453.2363401996,3350768.843061463,2734276.3741328525,3318959.7185406014,6717610.0252501266,7132279.8271115329,14275616.968976371,31251125.111994009,35161879.069873698,39336880.942320198,1396046.4448837917,1205223.9740805086,6817619.8582328223,2073442.5070437868,9723846.9673153963,16683365.567801194,27988977.728700738,42403610.30763258,44829793.68950773,52066657.176264003
3618895.3227933901,2641301.1888890667,1599822.2086434809,2950428.3136028601,2148588.6988920574,3295914.743237454,4014904.0881487294,14430567.456950666,14497956.879556235,4923410.106612334,6870211.1924193008,2809156.8977948003,7047711.84923054,1341446.885785121,12707591.554098316,227508.58666816517,579422.39074062335,1359486.300067944,1742786.2439874143,7633455.9876609612,3306735.0809816197,2925997.1773106437,3544436.7564635449,6903210.7981321234,7346436.208647389,14589081.776505426,31264492.184502792,34965264.666899398,38810542.356020197,1575068.7277553484,1217177.2065669261,6729136.0515992399,2081436.7861945813,10489368.451646628,17350189.21333459,28056560.522227459,41769523.795971304,43998342.54402642,50761041.47600019
3346293.9631566755,2454083.8805555492,1491393.5592556326,2697642.5401735399,2296868.5919679692,3420105.4671171363,3802982.4331490844,14360937.140479131,14422793.738113247,4677707.3102125805,6908311.611003546,3372054.5988625139,6523194.9553553434,1240680.7022008279,11703217.765214616,213279.90007377483,549947.12601487385,1302113.2874133859,1663590.6341556131,7274249.612020852,3529291.3220754154,2882162.808283722,3585649.0553591046,7183350.9694560962,7742417.2658135826,15843801.563264739,32283046.154087033,35709881.662062339,39263454.05425971,1454671.8922146293,1126490.9844879913,6248178.6205086643,1992261.9579622338,10008580.44706337,16383673.67894941,26965438.309380576,39597378.165203936,41670490.148699135,47917016.198328197
3097873.7996693752,2266870.0912387311,1502636.9969921221,2649964.9527209122,2178362.3328474122,3219072.8045287738,3560367.3371683056,14201842.127235806,14258708.011321865,4992536.0179907773,6840576.5752933202,3221039.4214414214,8034982.259502111,1505071.9360671339,13718103.419633033,240296.91891359573,591459.75756564259,1432397.1353363569,2197177.7432061112,8378111.6480381787,3528749.3942030394,2863028.6217513685,3543638.2810738892,7137544.2528994707,7663797.1807911433,15265752.605375115,31384823.680872571,34567188.801091552,37858253.185027197,1570870.2080732728,1289853.1535039821,6816880.0787203582,2088278.0008820936,11474985.848764874,18487974.115672644,29449988.281952426,44099898.796808064,46166960.505678572,52488952.223547854
3028737.69332984,2104196.2985741561,1432353.293703306,2510098.367384505,2095715.3484232789,3101116.1922179847,3422718.474514754,14137444.567551898,14190260.898159198,5058454.3812247487,6568467.0957495309,3125669.7464895379,7648035.5096795596,1414158.6796652328,13072435.852590235,230591.16729652684,571353.42904636136,1374755.2004661111,2213009.8728943658,8435837.176068563,3431647.4756830344,2935712.8313200097,3612035.2471178621,7106291.2164673926,7610181.9190143123,14797123.692590652,30737645.65405238,33722959.089403115,36938367.415150151,1456252.2820788443,1201218.7141942289,6450672.2736330321,2098279.521799197,11497765.170955913,18131615.932004169,28591961.969133534,42537064.141986541,44496133.395586886,50479597.159248188
2810109.4569396367,1939808.4445346703,1346910.6223479516,2436094.2869234351,2055228.6828669258,3014511.0669247922,3291457.9681130559,14041532.119874341,14090447.086434377,4780459.7524340088,6364401.6331768725,3124992.6220777067,7934719.1629079152,1620445.8106099009,13720399.692498967,230508.72911038343,556623.08571235428,1319405.0308034061,2157320.7516619628,8029916.2837204132,3725811.849878625,3241254.2619996071,3952833.8898626366,7740751.8385523632,8239385.8844368495,15121840.113299256,30831721.633689046,33586870.173287481,36569555.828605272,1349440.513472646,1144341.4552021411,6034112.4071531408,1949332.7174358766,10883766.08501216,17087039.949377995,27134036.144315802,41668656.413814649,43503993.886230983,49157482.359116592
2682142.348827559,2009925.4829429616,1253828.7386295628,2285890.0571584823,2389070.371902382,3404230.3435221538,3599469.1181081748,14200115.796757819,14245567.681263324,4506100.4822421605,6233427.6673605302,3849838.3145790934,7365124.7704807613,1500147.9529356381,12822502.083060637,218892.01060218475,530055.64950574096,1262300.3445892155,2094790.8831983637,7810170.5210639229,3855709.8431212315,3288089.8196066422,4050436.1176895071,7974529.0094478643,8532954.2516986337,16336601.921045756,32178790.331663735,34962040.135938272,37803654.835156322,1275669.387146051,1077444.7575711354,5814810.1499635465,2280104.0131962225,11014224.098773198,16990324.61996565,26783501.007972483,40361340.398737222,42067102.46623648,47343545.590831347
2526523.9958372647,1879990.9373875363,1195905.9124011789,2121424.9778728937,2334385.7004947658,3314129.4808377172,3402122.3583122068,14092856.039513094,14135627.843084255,4365032.8812838932,5920854.8707483513,3777486.3558408641,6865960.7651667949,1388168.2406103937,11909559.577884128,202771.03760635588,494306.35542260879,1179813.2323748276,1941969.9409953717,7440847.097259922,3661282.8680563918,3123492.1213006359,3864980.989700573,7594498.4863000875,8165227.5965066561,16136673.906432144,31778968.070042003,34388908.017852716,37063556.981453069,1190139.6258388299,999413.80479914369,5407768.6375499386,2140264.4878076655,10439701.470338127,15996381.96394694,25242406.906778753,37866101.32996697,39492755.33419171,44455988.355279937
3387445.3408352342,2194165.5615775781,1625057.0717232483,3020430.4852058059,2363495.0600515632,3488231.1874288283,3775125.0507480716,14333905.56985479,14401501.046267105,4556404.6794939386,6467923.5051093427,3713915.7194708311,7184466.480466364,1551856.3475354388,13191861.120917361,231092.36778331452,569772.46343370783,1364237.3833955314,1903874.2731248701,7639932.5087606246,4841848.2539701732,3698994.718282837,4552799.4032605728,9472021.4765400775,10094093.464659885,18473432.808789581,34862530.587020054,38032111.385494798,41619506.065915592,1155906.0679905689,1041607.9787676773,5627459.6615243945,2317222.6480932883,10839761.929462751,16615657.802748051,26853831.883429687,41034709.186394304,43329340.015439853,50284779.467148133
4370735.8909299821,2429537.2188090999,7577338.9019013867,9794346.6133660804,2464499.1886125817,3661512.5717518679,4266446.2452030443,14585563.383167434,14654515.163015082,4589044.9314631196,9097552.8622066006,3790420.1524291853,10395634.942123245,2316514.2628657487,20651553.033472937,337537.63517725316,818979.14357802039,1943854.2362603142,2083238.3748101867,8015336.0827285098,5408052.1636493569,3893520.5062734256,4789859.4210154619,10278423.038101016,10914239.181423243,19373893.788407754,36199450.925209761,40098510.946485244,44814540.467744634,1291224.8810787303,1344087.1285079746,7158416.5020307237,2651182.4659632421,11769280.218072949,19126617.709133245,34091128.774040267,58316362.018018499,68365273.668318167,95264020.326628953
4263591.144484587,2340861.09725828,12232928.262060821,16843004.313796796,2558478.9344222313,3798590.0749468468,4972251.839220712,14826194.098694297,14892546.87450872,4576390.0015042527,12505076.574521601,3822925.9145084573,25870227.671654727,4763004.4365404174,48674955.476373293,532387.71998555667,1347848.6573573139,3100557.6057961527,2241839.563818905,8289018.3140001483,5196624.8136732848,3943822.4300205382,4833091.9686080255,10108234.781958478,10731920.497922279,19092145.949780528,36094742.977315269,39871930.381214969,44467261.81376534,1737341.5969502807,1954327.3336541776,10168942.327347223,3018706.9651912479,12555261.747657461,22946357.659534506,43673778.754367441,97793732.30301024,112720398.01577283,155385538.38672185
4301243.7849381985,2305456.8740055519,9727465.0400663447,16019913.842016002,2520424.85167614,3731356.454252535,4927231.9337576739,14774290.506751737,14838301.800194858,4623998.6813625172,11618744.11739726,3789442.4867594531,27675218.637376443,5941585.3790765991,52595031.951221436,694994.50436059444,1619871.3287645825,3544961.6282300511,2533148.0677923001,8789706.9918942954,5609287.3296858231,4307114.3259499054,5250520.2368211336,10941966.570426473,11586677.331886422,19903090.996575374,36787802.968196489,40529212.754529059,45190218.046598203,1808203.1882611001,2056948.7099678516,10876995.540473469,3279912.0266454476,13444997.07155551,24568911.735552743,44926562.508919708,102231301.37045969,114633670.56862114,153925831.91278979
4603877.7170901159,2524593.7243739939,7308572.3801077604,12183698.463576667,2606576.9631572538,4126386.5381520186,5013895.536065476,15403602.125442499,15586583.459188642,4449492.1924872939,13951152.495833697,3616326.3700530357,23456114.38240556,4939580.0206950558,43315025.156788148,554079.52520607319,1412555.1012512655,3245016.1542841699,2543503.099116595,8586545.3550823797,5425419.2038034406,4210478.838988618,5124750.7314606737,10629255.049217435,11248256.928411616,20001435.750653364,38819865.356738411,42858280.825521089,47807887.457501031,1867422.7457014164,2003895.535359262,10526804.622288799,3220315.1619747644,13139663.935204795,23896964.993422631,46001923.237137146,92844175.352389023,102171957.1732685,131980842.44910342
4323489.7297601104,2431177.8555080262,5847187.9693045132,9791807.3009714913,2497981.5639677718,4011508.2982751327,4817455.8952366859,15365856.326858541,15564193.759707108,4265689.4243736053,11567442.583117647,3377888.7783284239,19393453.167272035,3895825.1004308024,34765397.464216717,510342.9734993779,1300214.9224659563,2983613.5790002346,2602609.9783835877,8441079.4990939908,5024209.2095331624,3925631.0976902992,4778852.5603786949,9876983.1332733892,10455890.946815182,18870100.155707151,37831268.213950329,41721824.52231925,46372301.351082109,1725131.7714234786,1850599.9931044332,9741831.3391046263,3055255.988481578,12760178.072078209,22713447.469784766,41787768.972892441,79383297.655755997,86960395.903458849,110869435.49264677
3990848.7675279286,2257712.5191398957,4343743.0876076175,7285020.6619529771,2397541.0585045363,3796214.3957421663,4517645.8316114144,14942262.026596317,15091751.570856167,3953005.4808375644,10389648.926586241,3302325.4281536634,14365128.183742885,2883730.1532651456,25775291.459956523,468722.50591371179,1193947.841445585,2735121.2104140897,2449836.9144197716,7879843.5245163813,4639774.2025339613,3622990.9797105142,4416390.4076617332,9125476.3606332373,9672157.0266588423,17651511.616082881,35548267.85769552,39153494.028508909,43445346.876976639,1604233.9094957435,1711448.2762839764,9081194.1575200446,2867287.6392495865,11918283.554324629,21193890.189616457,38481715.177180633,66361950.831422865,71998048.263758704,89787718.764837474
4518876.9827845572,3134712.2445793846,4220320.5552767226,5822096.6876801122,3011145.0127136474,5379523.8138208659,6900107.3882154645,16638827.864554785,16808876.864171114,3691545.074025929,14172276.672171375,3881046.7874348587,12511994.12961432,2742826.7973964168,23930252.917407867,463353.56184531166,1163024.211294289,2750150.2855017348,2481724.9514755178,7628507.9143996853,4645721.5975653175,3726458.5688062338,4596599.0101324515,9323883.4889308717,10003469.202545883,21715124.793979309,43157920.986665279,48131183.143048227,53330570.162526131,1884465.2345283879,1781291.3456713799,9381432.847345138,2781541.7531303093,11779522.889285509,21428325.971393406,43118045.636100411,69188320.843551561,74574859.686120421,88974801.393203944
4365409.6646706481,3126344.6821040935,5316852.3553646682,9716157.8884258792,3054123.1304200962,5637377.930739495,6821295.9738744572,16860781.871593084,17140044.62281112,3592278.6875182255,14125897.048507515,3844992.8256039144,16338492.191851474,3122774.230079954,31452052.014671445,462870.91257816856,1143546.8507440125,2670719.2777451654,2396230.4520199816,7364751.2056323504,4592802.3181236153,3759284.9448995586,4640287.3092647186,9315604.5800437517,10001088.367900565,21999978.922115404,44911301.751195624,49870312.500639886,54851081.769642696,1860354.7068203099,1783535.4560650478,9076938.5122916307,2616695.1528109405,11277242.668053644,20603242.485350076,42346481.605972953,77045454.36348781,84511785.608045653,106226136.57934949
5136280.1597211817,3314566.3683695598,4985217.4348416729,10855183.330697201,4338398.7377773048,7182426.0074415626,8970545.5409584958,17715825.739598714,17956274.348991118,3608517.5696504801,15309490.516155289,4846784.0737401433,18272371.679104067,3555554.0184588786,34393501.196259096,484567.71434960759,1198561.8107440809,2796337.770464187,2491163.5836493606,7443484.3363770545,4598358.0285004368,3801003.8453614623,4710951.480164391,9401126.9998249263,10169080.247735275,24452880.331365105,47858694.321498245,53334551.647582218,59114831.124138966,1719440.3131479304,1723441.490740658,8618022.6246086825,2499309.0480776862,11191384.570087882,20041270.797958855,42998335.851009756,80673227.329180807,88004506.450083449,114555472.66271825
7552242.018684078,5432212.2595767844,21925151.726946071,18814818.536200367,6523572.6060970686,10510060.185138663,17172157.641534109,21339151.437843464,21600519.550601035,5157854.5133077735,33486751.521664139,7105817.9382656356,27246407.930692259,6169140.1306402776,57385444.489207678,800494.20341201557,1933221.9161364357,4474371.381760546,3482664.4560715682,10244263.636691708,5661646.8736343449,5755897.4301167419,7196832.8844952919,13011699.3125745,14334217.900744181,35766630.685394876,64481765.148847409,73686637.465460137,82283598.329228565,2045186.7640378037,2176954.555938723,10605249.882621976,2812702.7820880753,14459465.782196922,25307967.903302535,72824910.055728942,137851565.54501623,162956408.75153327,209926664.25116223
25413856.691208038,14170113.368697491,21811194.562821124,19550842.987017848,11984331.897454023,20918078.934027839,28952897.331565823,30937354.990470078,31670262.736947138,9564254.9789561592,42560180.417515144,11792690.592436524,39357844.715854503,10181800.45019933,79621542.281936929,1241410.2051588946,3025930.8777917982,6877018.8146559857,5681487.3309738375,17103169.664713617,8968643.9041136689,7382747.0265208026,9572078.5638043229,18780331.922156613,20988174.310594115,62627917.509774059,112417202.6005103,134527427.82444474,161995237.33828679,2763903.4171211626,2726354.9142484022,13072487.450314105,3241672.4120467026,21980985.190647814,35348019.662537612,95440342.373407647,182198354.67473668,206837308.47763517,250076365.9388012
37150040.487801842,14429756.669883503,39341643.905171119,38651739.900726117,14557452.920054182,23213974.622566223,33493563.113067847,31818014.206580739,32383136.051105823,13787411.237806477,64643066.21047648,16213897.301223386,38659239.5812959,9833940.2326481137,99882644.938923806,1304996.4307669771,3085389.5369959217,7460468.1515941704,10394180.161505694,27606814.076601017,9880084.7876875941,10056963.621510752,12779830.212978415,22932024.569273524,25503944.52140151,70041797.196788982,117917736.63748699,140546176.11491385,179424820.15902612,3523110.4221530585,3703173.3138011796,15850107.870390475,3801274.3389795735,33591547.716143481,49730205.559489891,146835391.4789665,265954603.66111836,313739102.74757326,399075489.21375328
30220700.920617245,11932960.240517035,30431950.577251501,30846302.96816149,11776146.638156459,18619231.272833765,27127124.251243148,27872206.573420614,28294334.337481026,11470947.597337808,52432052.899855144,13203067.325528575,33662275.338906385,8359997.9293326167,84188388.148540229,1147437.4830201869,2727543.3161622845,6586299.1673152093,9252853.3250125907,23994925.799299557,7663660.1614430817,8182824.3691545073,10395069.562073937,18278902.299422685,20344483.06843609,56097310.965578899,96424616.868363574,114785587.15383166,146336934.60748965,3460708.240673156,3450029.473368858,15652960.068931712,3895397.5755145005,30094288.752280217,46045376.188428208,126094410.52606177,225331019.0299885,262347105.25965843,331719537.16397119
46256871.734541036,16831881.449849475,23728432.760718051,24247838.383580033,10563811.890600894,16576248.96693127,21548683.874206033,25315374.098476019,25677167.472422857,9022237.9157157987,40400254.378252879,12620446.033946319,26423828.178096227,6324520.8887548298,65012411.00295455,851077.34071971488,2036415.6568194418,4952696.253533219,7197550.5207004836,18746658.093099121,8304620.9642574815,7584270.0625814013,9848356.1323113386,18399016.870663848,20655917.148039445,58883483.90638303,96857346.604569972,122947898.123611,171224250.48640239,3221752.8990386375,2802551.8695572452,14158461.081221035,3635417.2087233108,24167268.407056753,38603362.72737918,99836453.927705511,176593338.52883786,205506305.36997917,260473838.17347485
60299714.643418528,21417160.505207542,32920300.175153334,31490423.619348764,10862528.403815014,18120050.020693783,23499335.696026538,27444425.71959722,28094419.354687937,8015333.1811368139,49827135.840422653,11439511.147700237,29298954.14708814,7622218.6653237892,78647074.835379973,1209301.8948520746,3031990.2471725601,7373490.3510449687,6859493.1871610889,17575210.293864317,6934983.3486379096,6251487.8763578581,8152729.3886457728,15296179.033427268,17292387.531782802,57194507.067782477,103404009.70307148,139071253.24244544,202371145.99636814,3284156.0615122709,3537007.0173832905,16223149.258943701,3868855.2538551721,23843599.675638393,40419085.057998143,119179285.75085832,214228366.14267996,254530306.26257768,329589517.60406482
48276291.642448083,17056273.758908171,26944621.671072878,28387812.144999318,8408081.5107002296,14013431.778238202,18282420.602990657,24092717.352926828,24590077.252232235,6058963.9866642011,40139542.850130334,8735040.7018607985,37152897.933120295,9591233.6581715029,87995126.812965497,1451722.31341482,3702105.7227251707,8593463.389802007,5276358.8688950017,13476435.442807384,6141079.7976940516,4688926.7643929115,6133524.3912658608,12435490.161987472,13961171.201928781,44432907.691121668,83315218.678568572,112815219.74140511,164244600.29893935,3202342.7557876417,3857355.811324236,16669182.328246402,3717892.5214330712,19113239.550968908,36092409.238737591,103258477.87624039,204927423.74550048,238077576.14565802,304966440.86319041
46745769.284807332,14966006.374169564,20781060.517967094,21961216.298682284,7410277.6314879972,11956905.632076137,15298645.624796012,21987303.166697871,22357640.012833972,5638447.3104307568,32473212.663202144,8173650.1397579275,32254146.240278102,7849591.3365515396,72713726.004017398,1227797.8658569362,3186199.1990796933,7360755.954507404,4326512.3264705148,11938738.54242548,5781746.6781196045,4424893.5850411793,5680934.7490995731,11596477.509435927,12878588.426481239,38148874.658993356,71885419.124643728,98181230.843736246,147794790.52102497,2973526.5434153774,3145819.9281253237,15073077.104667403,3426456.2870174819,17088603.575530071,32448808.58809261,86470887.053921521,169725343.29779243,195351340.30579573,248038575.69929141
36760132.714333102,12637013.234968763,15689378.089269731,16430449.157998275,5944240.0859561358,9821936.7745060306,12038746.528463552,20259077.746265706,20605624.334462743,5211550.1740572806,24895327.85761676,6439459.6064097229,23985717.830190841,5829584.0335327173,54221769.815857708,915527.77445143473,2372427.2574896906,5503467.0739658391,3283277.3112940053,10322027.827220814,5658429.746020427,4297745.4697935116,5438002.0810182709,11218187.620361557,12317583.745860541,33554188.403249875,64225454.813386269,85913313.988078952,124909410.60473014,2736855.6969926977,2722139.701713088,13699458.405885223,3158156.2218384882,15079140.357192619,29044208.274443455,70112969.360751227,132271510.59566028,151601062.21479389,191352752.56838337
55448226.433144838,16768496.876071364,14265396.441281021,13778068.087262563,5426268.0053009121,9202932.2051401511,11084081.702267202,19899388.444820292,20249067.951702192,5251455.3798002983,22162935.353991296,5861363.3861929402,18690537.660557911,4491483.0962222116,43180749.984706432,708055.96104729909,1816843.9693919918,4218105.5674588922,3458263.9093014072,10483399.012908563,5998905.5903341379,4722145.2953874879,6028068.4435913032,12156446.443682335,13263920.432427036,34102473.054054394,65703908.405561686,95236920.086041987,153740959.27187493,2574188.256929955,2582949.2069098693,13115347.198122747,3096168.2576834201,15084292.932534393,28444257.418774538,63948493.034316763,113981327.68252011,131212165.11799946,164525857.17814118
73924979.436776966,23860613.255323954,16903906.800072592,22953643.645445067,6529522.9052979657,12135217.471544392,15965591.73057084,23346967.722326308,24089982.311150368,5044817.5913873576,27775287.230775595,5599843.2725222306,29609222.151033655,6075815.1713773767,61198168.308907971,804336.11785838334,1968500.3265005206,4502281.9966420578,3223352.1118560317,9974404.5421985332,6000968.9722906444,4383028.0931359073,5606337.1415353371,11732069.599571319,12829453.038269887,39109040.851420581,82253554.592106611,123824939.6102348,201802408.83595091,2703333.3887577355,2682757.9028340853,13024711.478474861,3008440.3004303547,14469712.230427185,27737798.289512418,70307887.484306529,140325548.81524357,161337787.70292738,225467901.31747103
58096308.291814357,19310925.639361635,12964260.477356909,19548120.641768746,5328202.9517527251,9852568.6430417392,12560812.505785828,21073611.721991308,21679904.32496665,4731488.1206606859,22020875.114045464,4676770.0415732097,27244299.477714583,5653840.1922927061,55039575.081452236,715372.49498107994,1738394.1253469761,3883307.6746892012,2996369.9961332488,9336073.2367574852,5761972.0396377724,4226813.2700137291,5275900.4327722602,11142214.431821683,12052723.019094134,33520958.497708183,70590371.528825879,103734387.85613222,164975082.06246403,2657799.0243075029,2643697.3163564592,12849827.274803467,2883578.6700627063,13617055.624233875,26693821.822082978,60788074.846056655,122751549.36886628,139014420.7731334,191860864.55616355
43384902.114169024,14433246.659162955,9673285.1043579951,14701416.414639439,4144168.888574976,7588684.7425836353,9870927.8480118737,19040635.988786835,19499125.431657825,4355973.5267027514,16555131.755111834,4006994.9426508043,20253713.099958941,4226019.6286606789,41220584.866607361,554063.34388452349,1437483.5011429435,3341094.9974715668,2775545.546274534,8615819.1150115691,5332189.2890129285,3941586.7175761191,4892543.7853965918,10308501.408133958,11030466.761602635,27621543.866277326,58675028.521263346,83440701.09720327,129175442.39363857,2445618.2859804151,2439530.239282642,11878578.156537903,2667268.1867402727,12577140.967259599,24665409.596886072,50696197.628550671,97093491.689260677,109243716.2751269,149043477.6702767
32309212.077202745,10681049.730553132,7185989.449166677,10943273.055595715,3174172.1183644067,5748193.7878293321,7370220.233457407,17341513.774572864,17686551.016600616,3983587.071219082,12254501.842025023,3701068.4870331138,15021342.874116587,3133843.5723934951,30616922.938506112,510714.12720621336,1325596.1795617798,3083437.3814376309,2547223.7182091926,7887973.4434725158,4911453.7591494685,3620476.4145676536,4497811.8181276675,9486788.546522893,10156518.877726695,23242675.75470927,49529091.068471439,67876835.529707789,101966338.82747139,2249185.0171162486,2243568.0405840743,10932414.399945039,2456158.6594719552,11533674.166020557,22659684.782904945,43107402.04296609,77578179.454397872,86610684.136065096,116230686.22556563
23776911.158525024,7811406.040806938,5515933.8114147233,8099231.0872697486,2893586.4516239036,4837178.2568614446,5702572.7133739479,16245923.692777917,16503532.670851408,3651090.2379788165,10589278.195993558,3390671.954148089,12295892.783767218,2693339.9024289306,24327729.421116415,472417.65169851814,1222429.8123132978,2832747.4256115891,2331765.0990512855,7223923.9512762176,4494421.718764185,3326239.3399904044,4131499.2257653754,8697183.7162696887,9313680.5860260297,19735389.519882143,42575788.414072253,55976849.790434666,81062574.51602985,2070859.1103538894,2072071.2731419245,10072070.85706315,2251681.0693034888,10568785.50716579,20819499.07834978,38945723.84038987,66216319.680271938,73118162.846304849,94970854.785563931
17523001.026713718,5724210.3437991189,6398303.0413440345,10402284.244571837,2664675.060378375,4148678.3029853106,5266565.8313869676,15620863.3346029,15812246.178701364,3357954.4223008133,10102769.28174796,3110002.602955977,11378133.951698698,2477782.56492159,22791098.335011393,434423.69250247709,1124066.7751542709,2606575.8540633279,2152407.9484842136,6655830.3602666901,4217095.913261733,3060567.1271323124,3800620.771769112,8083755.8603209257,8652363.3216423076,17651828.610039968,38161473.090244539,48026800.057656892,66536502.210136257,1905852.0946506653,1906493.1186574709,9272432.9607414175,2076315.6794840805,9742697.8082291149,19180534.118969683,36352848.801028669,62848784.207385227,71807316.155427963,96440029.270348936
12942183.683035884,4233869.5287257573,4811815.3387945667,8083008.0273217103,2453162.9408237636,3821317.5975883454,4846792.194821273,15173918.650377622,15316132.418685658,3088958.1893883082,9385596.0052829776,2869868.7234748625,11111176.726858694,2423356.3463673717,21610222.026018493,420461.26027981145,1074981.1614046232,2454627.3625948797,1982508.5192677826,6134653.8523025224,3948957.1742259171,2833660.3485110938,3518340.9797460744,7528353.370011759,8053292.0471249707,16370411.477272892,35199278.239509314,42502365.766631387,56176426.37848331,1853531.92218537,1912912.5380477968,9374311.4847610276,1963992.4117993226,9043272.8970937021,18571245.224992465,34562466.844008379,58953509.671067223,65707031.792214029,84538926.140147418
9660521.5760483854,3573872.5018645087,3576548.2865722994,6143085.8243463067,2256135.9266639501,3517596.6486623269,4454463.8854933344,14899515.560573839,15005231.431942573,2855788.6612117752,8643258.9811665323,2636818.8585070823,10438883.940866204,2317978.3840365205,20308677.774252314,392282.97901086003,1004751.6505245921,2285649.1445298987,1830120.5689603628,5671516.462499056,3641807.9765519453,2611116.3323844182,3242197.8752583298,6940664.4102828838,7425575.026752485,15092943.32947184,32929155.573267177,38788747.987305574,48989767.982733138,1712704.9247722332,1774833.7007750014,8780203.1911515258,1841002.8199860235,8388867.2047625277,17311795.219764713,32077444.02081228,54457009.008695498,59480389.403729476,73627717.85454537
11014087.837504489,10170785.358463371,4001787.1302407193,4688258.9626258686,9295478.3937664516,14029550.003879005,13158116.315837732,21216154.183437973,21502603.50364323,3475465.168783159,17578601.439213078,11891018.823197078,9640431.9211829025,2218020.3277325183,19332225.653177895,396350.39429354435,1011509.0796664703,2438639.9936030321,2592346.2073130235,7284527.4676581249,9358123.2538025919,4745772.5763846468,6965376.0390756093,16577243.84006336,18832630.175479189,53616272.446208522,83599117.665198907,96913881.536352187,108538774.02898897,1585269.4753639568,1692323.3209852704,8569888.803381389,2038253.5688001658,10535409.856113743,19322985.419155829,44008995.644531332,65350536.966585681,70483708.414341018,81712598.414479032
13531414.155708062,9978089.3994684238,13399525.388292516,24604005.613647636,12572045.855815195,18314161.683362529,23469905.780361157,25316409.983498286,25581182.286729038,12643712.781135906,46026990.471307464,15811150.52228659,52163005.334091067,11524255.067453386,100142622.5129794,1437998.6438334738,3361551.8741900343,7965645.5418160399,10211627.45380854,26563133.610158265,13668093.202778893,12307393.339774599,15615813.280125637,29579607.826617327,32163189.078437287,68520850.989141345,102562818.32182367,118187027.6401704,133326841.86633433,3402680.6289465111,4668409.0016321521,17469060.522446748,4030193.2271137768,34177578.575972259,52305877.454202443,123335123.17716996,232221275.71631497,251048954.33473647,307334668.22941083
10680832.119649114,7785627.039760001,10938872.624583881,23572378.511598285,9675712.2304860558,14116635.316340653,18482778.578607958,22473881.432233054,22674692.27971888,10181377.774702478,37665775.193472579,12078534.314741263,44236247.247664548,9903628.9798907153,87043572.844677284,1272450.2859949879,3028901.2612348869,7186060.8732931567,8196834.4796002842,21505673.190968264,10464642.993133223,9473041.5619695969,12009397.365393436,22700782.529197868,24671920.086420339,52318324.433712691,81558606.176669523,94043492.197641626,106146200.40182725,3236917.9900813582,3796427.4577513668,16440816.146600807,4065030.7174182972,28682172.184397716,45711602.226553783,105279025.39921172,200121028.22687593,216464734.7281554,267716576.09557962
7950523.0037060278,5757070.3374966895,8204727.517607131,17864561.76128193,7187813.807527815,10486528.053849898,13770361.418051461,19880715.60083355,20028954.621710449,7566941.1398166195,28195173.838163517,8964310.3306586482,33322133.214507736,7393016.5365351774,65536136.920262061,946975.02664437122,2257956.02626144,5376854.0779391509,6114551.9621844254,16025904.91544972,7760616.259826391,7054796.397545726,8936004.1647121143,16865779.009237729,18328314.946330626,38833696.147829853,63723656.695319995,72990398.373574361,82007633.246976525,2975760.8877613465,2875081.2960861553,14516733.59490671,3762788.9787578853,22126998.117637467,37086612.280488208,81740632.674593925,153147560.26861495,165458040.19656476,204263442.99304414
6703089.2871158384,4623330.6126017813,6092754.8635597471,13294387.439407548,6806763.8076549815,9746864.1176325679,10516118.40723516,18529814.96215808,18638808.029159732,6043339.3835411593,20918699.958640371,9756301.2526296843,24750817.606314793,5501460.3887844626,48722542.328096114,710977.10179717664,1699707.0287462079,4022470.8678651894,4564531.0711430758,12663290.468986696,13718641.372743379,10942750.455467651,13559685.535395538,27510470.781261683,29480024.871617809,53272641.816592969,75743269.071655944,82951628.558344424,90441189.631419837,2739254.1044453103,2662669.6318419627,13605785.23621924,3623421.436808215,18106903.144099649,32040119.796341181,65195785.31733834,118286897.68208508,127436400.43113434,156277451.46662116
12661426.325917272,6829602.5433950126,8370667.0728790555,12485988.125215981,7176342.7854729639,10993984.900462015,13444983.074998178,20297400.325955044,20595164.029920571,5822679.717199116,25815326.49969355,8759893.0913946517,22404472.974432178,4691211.5716073327,48075606.211886272,638267.41919997998,1534070.6340946846,3591132.1170152095,3954151.1948560011,11674470.564389454,12131355.610783845,10100814.014980894,12418271.093998054,24749444.218092822,26473557.361042086,50368994.527494192,78240157.662260428,89813545.271830186,103561187.38661928,2884168.8641596213,2735486.4705896731,13751199.775640471,3489573.2191348523,16872141.689159941,30924675.429339278,72168098.533568546,125830469.56408705,136859650.45734382,164341126.3889761
10716508.053023079,5915827.2317353478,10192405.796496807,12923987.286168121,5865051.1904887902,9148062.5619370639,11776587.131690141,19353275.592381012,19611780.80038669,5776836.7202745136,26279356.964894004,7042581.4324617712,22746586.96220861,4868497.372892824,51555962.609547898,703289.08586536115,1626222.51585768,3900459.3817894612,3583051.4440271556,11168441.731037088,11260924.27580977,8854604.6351181064,10835627.326344894,22261968.59451735,23662197.821800984,43018912.418087944,69049395.167354077,79112029.429072902,90739000.824612707,3144200.3317426792,2900867.0170936189,14493235.690224294,3317476.8292537984,16126532.534283133,30904559.532199726,74918990.870535165,132769441.68556149,145418215.37254509,173473802.51103222
35249077.364904232,10978614.670753369,15395625.803983016,30793424.441429202,6937213.2249906491,10506677.281370528,16098528.494648643,20862422.179579742,21071054.1452461,5568658.3576909648,32617690.687791791,7200023.6271043615,52777098.09662807,10467015.458603565,105415213.71715187,1212101.0702081507,2716600.5478199497,6145997.3859196827,3396708.1527486411,10754778.740716776,9090732.1383869592,8079737.0537023237,9920633.7350754142,19171311.323741645,20599348.201993071,41465205.429142222,70037963.120357946,91088416.488309965,128672251.00410397,3425495.8449700736,4542495.2528679725,16950841.008712146,3336443.0328960177,15729477.177034805,32959203.979146458,89674451.598088354,206089006.05501473,227822327.15436307,291785470.28504968
27871414.361793455,8718149.4571228586,11769673.590158053,24681684.133712299,5837023.0407113442,8754846.9294664804,14049952.283122778,19515622.921638653,19671945.637305096,5206427.6177995764,26557088.147364642,5628389.3859537626,49998975.489572689,9342865.8325736262,93993934.706296176,996433.68205599324,2180859.457568652,4845144.9579559062,3037769.4731847825,9915109.3286833074,6818249.2295317166,6123896.0759360874,7531263.5970527204,14471515.722139169,15570396.709784394,31975544.388278123,57438391.901977524,73928291.082146153,103578186.85654147,3202656.4683824,3776115.2608758411,15407086.01389043,3136568.8686824595,14579555.802929688,30244611.631969083,75521748.785231084,177962393.48810229,194589136.87718946,245016624.30353042
22853677.836483266,8969793.5208166502,8966680.5930856057,19516143.370527256,4474791.6119248234,6835345.2372328555,11080454.614397191,17998935.001954384,18114882.121884517,4796768.6412707232,21321807.832093164,4221897.3259156412,45699692.602718435,8649325.1026521884,83898327.860267967,1036876.5254835092,2432951.6595613062,5405585.2000557203,2826437.220904137,9171318.9635616075,6269446.5394765157,4579237.0033510374,5637971.8436862798,12001660.700748116,12845193.90631837,26930556.062549312,50289263.083573185,65966393.613258176,90345067.669493437,3366984.0036348617,3863933.9100084365,15591440.176376054,2916867.816028594,13526896.372694565,29363933.571526822,67515123.189713314,157850837.14567348,170450228.34663108,209284116.9756813
17302193.133509651,7325046.0365265394,7020521.7088287631,14818889.110027401,3798976.1774205905,5728050.7434239229,8981649.2943865452,16935340.103531562,17033684.782671887,5127975.1003276128,17776118.491062,4111467.0748699089,35845112.645510711,6519062.0389711643,64698079.3131762,775500.72908063815,1835715.2122445907,4144357.007984302,4578341.9571251078,11494491.345092567,10906585.985853037,6376477.9812411219,7841756.3115344569,18875194.708695106,19883385.958444957,32924796.940650988,54101551.563305221,66560600.362828739,85009603.47150366,3134736.6492519798,2922293.0716956728,13877345.798245043,2874820.9342326624,15837821.790703151,29942833.122470155,60704308.319855019,130298765.77778865,140036991.60844606,169400628.42319342
12712973.499322886,5430118.5301368581,5212321.3312608274,10999919.573644696,3074745.7551437719,4565443.7151907962,6691727.8146342384,15870259.088209536,15960878.171392092,4915379.0542306285,13274463.037107838,3845720.0892019835,27237971.629433915,4910901.0420367466,48844512.832916662,589172.41070168256,1480739.2230191629,3425130.1978664999,3549037.3595098499,10161969.096084468,8926720.9893216565,5141602.162701725,6328638.6005556462,15359525.380763657,16171282.49212447,26915228.459146556,45956251.54124932,55147006.301811568,68700989.728991345,3033861.3586892998,2747454.7387666726,13091254.856192218,2692764.7324779727,14232132.305602796,27533699.395853512,50809052.258254021,103294032.55739397,110509665.85863097,132194941.52770105
11012206.614327826,4357612.5699339686,3886306.3203255567,8434685.6163746137,2830043.9153773724,4204728.1331187068,5594875.5502786599,15449327.197405953,15533022.679437656,6018217.2880471814,10864306.460314445,3558313.9445120017,27006069.248247027,4507565.8573849145,44543450.478259988,540717.72088820126,1369413.9864545728,3162081.7427713228,3127749.2776008914,10781700.05726585,7459636.8813738758,4431309.5252733734,5430172.6197716082,12974700.795615708,13680308.674239319,23190992.955203433,41489141.520930246,48686528.098230898,60322162.247090712,2981992.5731558795,2682448.5191120813,12420913.08296789,2662338.7291201511,14717636.103595704,27332869.353494879,46594857.030164696,93856114.114125952,99240608.497811839,115899522.31357166
12053274.174058044,4054147.8769780025,2898239.5472904276,6270958.3356118985,2586779.9785010843,3851320.7743149255,5114564.8550148755,15187312.636234187,15264590.574626114,5640730.5624674484,9985159.4280476794,3255842.8616806087,20101891.250241306,3345403.4375506602,33057922.535601996,492599.81842597353,1237995.4262662423,2860509.6409402438,2911473.0450182348,10079806.228705185,6211002.5776615236,4085417.7827391326,5001871.6322233183,11290614.999314941,11938198.979350863,20690464.021759842,38515676.449968591,44828381.66761072,57344541.097100027,2752134.1580758854,2470881.6928512077,11360238.684975045,2495261.8994739288,13748461.887669481,25288296.264779069,42945962.249790348,78033142.26545544,82052056.791371122,94473943.965490714
11694916.349579535,3671841.4515952477,2434797.742532819,4636785.4219077891,2374763.7401865185,3541555.5918390201,4669915.5287281275,14949225.441183042,15020637.921314606,5167539.1408290584,9164805.1462912485,2970150.3808000661,14918385.900391793,2749421.0705432044,25631957.86228916,453773.2025862122,1142975.4620805292,2640384.387874533,2639207.2518411963,9199685.7310918197,5637008.5324937692,3724365.1076028221,4557795.3180944193,10265945.732706128,10859936.023265241,18899111.548135765,36318498.815455317,42052920.87093398,54139654.784917317,2531411.1799287172,2273591.1492587244,10501319.876388751,2294561.6983984169,12574542.012490582,23242366.703234028,39487676.921553366,66658321.541995175,69932584.18558161,79713897.579328045
10097219.095535472,3558957.0475838813,2252496.3499510894,4160924.5516258208,2196151.335921024,3280932.9892018088,4316482.655652687,14751579.938734496,14817709.065287068,4744913.252765255,8541696.9409664162,2745332.4086861853,12741123.105730694,2595812.0641344003,22747983.886615586,424026.05423981033,1064759.8738803542,2465955.8590194252,2446129.8336811559,8488613.9872601721,5200941.2598805828,3437697.7933362098,4206625.6761463704,9473238.4072211161,10021635.751141921,17521738.600061789,34618082.409482643,40140701.560489133,50625522.235502228,2497931.1625730409,2188641.4302397142,9992228.7606570851,2142509.3010980403,11650723.668240571,21803168.12310281,37006491.52355884,61181131.587089464,64107740.590343639,73018944.623814315
7646009.5280538658,3322605.2123393072,2083035.4125011847,3881583.0457459139,2040806.1564772096,3047281.7858433984,4010770.2223208696,14574547.853281828,14635846.228792191,4339918.1359876636,7918839.7320616301,2547246.3997928319,11746728.906274987,2391775.8323913636,21066213.277802128,394200.5454331853,995302.79500091099,2301951.3158524828,2269990.0105130067,7812126.6260745777,4811880.6678487649,3181039.3094700524,3892797.498938743,8765372.5350370072,9273121.7312617879,16220454.480850868,32972000.829944894,38108562.655467555,46113544.997571573,2305256.4431917695,2017549.3443499517,9389753.5585399792,2003147.1845157377,10764484.768495306,20304176.089452039,34424293.485426277,56810063.741592497,59516884.156947166,67790423.367851749
6584460.1199454768,3047161.9806774845,1929017.1001785628,3594726.3117673201,1888210.1126611575,2821223.9427140807,3707917.9803057704,14402596.650535099,14459476.548490364,3997185.8495385493,7343045.5942519372,2354135.2885989817,10822208.07910187,2203307.4480049424,19436694.025077708,363664.28377356584,919584.0872280295,2129333.2083439603,2094811.9304279329,7202538.6859745793,4430267.5826876806,2936015.5582628986,3593018.8551880205,8079372.1380569646,8548625.1613459848,14974951.658016946,31393529.732592411,36113732.97540281,43029124.087948479,2122042.2388430093,1858464.7340486222,8660656.3453739733,1851919.2963804987,9934929.884255901,18735079.468110181,31824291.551142003,52481867.495554626,54988192.487434722,62643038.042837381
6028417.7474579429,2798909.0402729888,1784067.4073189253,3316419.8130023843,1745791.5167808137,2610194.47803806,3422184.7724841605,14240855.962449104,14293703.101886988,3672893.866093081,6791871.8748903293,2177909.0549036353,9971835.7796654832,2030188.9694699741,17931895.955327049,334933.62782478693,847616.73430247139,1967953.2207691004,1931935.2110651387,6631854.0252380203,4095627.8489852953,2710767.0995072592,3319116.1235242533,7466978.8686044244,7903068.210160099,13852018.536285451,29960820.220049463,34303345.601659298,40636930.052139364,1954396.4575424362,1712271.5802178427,7983603.8834921839,1711807.188512054,9161041.314386664,17274682.018364687,29385288.416138731,48447018.435907535,50765694.615212753,57836456.949786879
5538153.4555801107,2575080.4891928611,1651412.6076994401,3048204.3955292888,1614970.4979743073,2416806.2650544462,3161884.829326781,14092385.233623367,14141582.406724731,3377666.5041426402,6280625.4958945848,2013252.5104904538,9176153.420779746,1870422.4585710762,16495410.10917623,307874.50302921579,780048.35097402055,1816851.2077408663,1780142.4284451357,6108122.9452484157,3774656.7617594949,2500425.2884137281,3062658.1223025466,6885666.7551586293,7289397.3760849247,12798476.665356962,28624317.28048398,32624459.259384532,38443981.132751562,1802877.0572984279,1582628.7230813883,7367849.6905970741,1583717.5555662795,8451512.4335244205,15940845.476555794,27143815.043614786,44685698.935141034,46832659.871739678,53356331.238757938
5093594.8981334921,2373441.0697844708,1530239.3271120053,2804600.1563076684,1500019.1211057284,2247107.9956375598,2935062.702222656,13961015.042707788,14006907.172671134,3114878.1656461926,5827375.7934748381,1864161.3524214774,8459904.1220173724,1732935.2231954627,15226765.402912654,285353.64153826574,722746.34806827502,1686473.180011868,1645298.6669067147,5641901.645587598,3483702.5276381904,2312265.6432941682,2832198.9714374882,6360686.5767441867,6734715.9440714614,11844121.39389712,27417032.773744579,31106782.954563651,36460452.07444375,1662675.8413800879,1460857.2230015865,6814363.8508154862,1472227.9303191346,7822209.4884740673,14750395.576280516,25148280.213542484,41345470.032465287,43335569.260338828,49361120.369994268
4807583.3768513184,2222996.5398305878,1427133.6730104184,2641611.3478106186,1398313.6386389225,2102477.5104521839,2730849.8220135337,13844083.196385536,13887007.159044592,2863662.7114261156,5425548.4753092229,1731520.3372320035,7781257.5723726507,1597565.4763606887,14058608.197779402,262840.48445365677,666829.59257275867,1563262.7940110599,1521717.8367386397,5204355.4869424617,3214843.4381214492,2141643.9998286697,2623473.5470491853,5879859.8731932798,6227016.4348894628,11000420.772969056,26353226.21815908,29794796.942159731,34842917.614117093,1538577.4955474597,1350125.2616695149,6274052.687955725,1368418.8089805651,7234205.4227671465,13615215.254852109,23287690.956973691,38250097.285741143,40104625.295320652,45756766.770801336
5160257.7749740425,3323818.8246732252,1519312.7012666068,3295825.9343793173,1746382.9444207337,2594454.6717846026,3132035.8825111776,14083391.208632967,14124462.339172449,4345653.3840821534,6729036.6609400008,2302384.4118101597,11127316.579313599,2117070.4599998421,19506863.563495897,337638.42757819453,829632.59488249547,1908010.974201065,1969875.9466791269,7407534.6729816087,4980998.8838194087,3090522.1587238456,3804472.6693521361,8848087.3995450139,9349657.7694974393,15993160.272013083,31927088.587058138,36607225.67270188,42048685.756093137,2745952.8798850942,2134987.7438243479,10278430.87001151,2044357.7442243192,10296072.209955126,20710348.17170012,33037011.330579322,53638203.051546656,55594622.285214223,62525228.341794223
5028435.9473419376,3711835.07567519,1628926.320282866,3719980.5352902887,3036254.2953114449,4364374.8450946603,4491805.6084816484,14993408.007872354,15062806.25913704,9866508.0853508636,9212645.9382718299,5200561.718503708,21702438.538227625,3648820.7124245097,33458058.484637093,594624.86023247172,1457542.3602568822,3306820.8524727179,3747326.1896565803,15475713.518405247,15250996.090120412,9568603.7412882429,11600344.240261523,27013169.738436859,28193501.285121191,39798211.707136087,57265621.900724322,62333232.732914589,67627174.280688062,5104768.0312861092,4091986.8767221794,17536205.6280846,3304414.1517331065,20198895.117875408,37968401.485486217,55536804.418811709,90213990.067242682,92330434.409008712,100190806.62317741
4735485.0000290414,3463038.5775735751,1635405.4876653696,3678609.853486367,3192897.798351482,4524385.6552136019,4654682.9888408771,15060446.398191759,15124956.271960175,9497347.0086610075,9760581.1067579687,5799261.6451929295,21271607.752126172,3827156.1490910314,34019630.014125228,715273.30558751803,1774174.1115383785,3906393.9014738505,4228526.7685688175,15653666.286542937,14263482.504980549,9886093.844684558,11903856.332568688,26319525.025523558,27462910.669202648,39245698.077621579,56634817.168979295,61417063.654306635,66407462.295177668,4504460.4774734061,3844000.7671136227,16993489.866608735,3408594.8002378196,20578311.811054073,37828433.680120245,56834315.802439429,92079245.223237813,94189569.738217667,101868780.06037085
5213571.0665180441,3385263.0754359062,1542925.9479930026,3448514.0351388189,2948081.6844196864,4236753.1865604119,4369061.2007237952,14913926.872335609,14989254.472138381,7147671.2661556788,9222011.5092258547,4396280.549351423,15894340.197981743,2876771.3649516148,26871492.61172403,552074.79870151018,1439898.5412295787,3349080.7347905715,3225201.1190569368,12178666.972928049,11121365.322684759,7502824.9933017632,9056691.9693501201,20297449.732890077,21180658.138707239,31423951.322767012,48775051.094489083,53478088.020301878,58936817.998905607,3578730.8623772445,2895858.2985198125,14532318.928519769,3191159.4885727614,16783580.87502335,31553724.20703518,49241781.264953092,77290076.159893051,79277667.039402172,86439697.199397013
5574558.3572832281,3291555.32644522,1432021.6637427127,3183846.6865572431,2740533.358871093,3951410.5371974437,4050014.6847260157,14727725.038429102,14797548.710731721,5859983.0871814415,8566135.0543666612,3956817.9500716818,12579749.934234366,2657196.0875821491,22792702.569670271,514436.19037633628,1341474.7247921408,3112706.6526351902,2979205.7223236472,10507458.806197045,8361634.0102920756,5612188.1390303141,6799962.5617303699,15254924.677477265,15979845.0053689,25428162.818912201,42463665.2177471,47025762.55867365,52835773.922470726,3290899.0498772273,2668784.9614092405,13400637.598218217,2961178.0922793499,14776616.867055099,28397133.819753356,44820015.182834543,68702924.830070034,70548475.411100909,77173971.640704036
5173584.2152658235,3044023.8568826951,1331017.3813063148,2928330.4046666087,2525522.525720553,3646649.2596952165,3728220.8052422637,14534057.84332368,14598697.262183256,5346216.4566810559,7890336.9960102346,3635376.1465988015,11573550.858967194,2446108.5417492525,20956792.653187331,472484.37089974282,1231090.880557288,2855231.1740827244,2725446.3088907422,9593385.015625108,6420186.2043931959,4453392.3759911302,5434012.3642495023,11935386.612749455,12604738.84330211,21321992.22914071,37992691.653969854,42213454.024482697,47605651.541327804,3025778.2940231669,2455051.2334477454,12319681.578360554,2708117.1385357338,13500546.378993232,26022766.003936041,41138018.151524648,63105355.153519869,64821498.238124415,70938641.311165854
4768753.5688126581,2805807.1316628219,1239142.9816000841,2695455.8405931457,2318320.8999749823,3354472.8761600223,3432196.6661670422,14352384.219415935,14412305.053378025,4863074.3380269958,7273955.5841808114,3319095.3258461175,10633946.614941871,2248703.4388860678,19219940.723401897,431521.35226326843,1121232.1183337723,2605763.8773650494,2484773.8614942147,8740496.387354169,5880208.0960362293,4061051.3158647451,4958810.7479990581,10913796.877048975,11530307.387270665,19548530.43255249,35881001.059806466,39777271.272393055,44748921.279606491,2783034.2459540823,2258126.6844840893,11302313.72678392,2469572.676313072,12313137.657312643,23802571.478065398,37715221.217451438,57872922.593482517,59471434.817508459,65127098.201800287
4390762.2899273252,2586946.100605207,1156180.9219074401,2507511.3939186241,2139713.3376586111,3098312.4674069658,3175359.7724021254,14191727.486509832,14247319.18494834,4452297.0871520843,6728085.0124228569,3058166.2511293339,9837590.0008497685,2072468.9459866274,17756792.841999836,397203.17599852168,1032276.6258660177,2402887.1043258565,2289164.8877202049,8026891.9360898957,5398554.8750883406,3741041.143688539,4567786.052867366,10035337.894573273,10604223.924198959,18006467.615923394,34033654.2536292,37633153.135902241,42212572.054194525,2560505.960604257,2078515.3359615121,10384843.017236969,2270666.9854352279,11318774.663908187,21877710.459433213,34742793.905373454,53371664.275305033,54863938.62063393,60125689.03626135
4044497.4922432303,2386001.0046703997,1081269.693830885,2330480.0724130752,1977211.2888200947,2866304.6798192663,2945824.2600027439,14046310.885405265,14098032.054759469,4110619.6894868053,6234637.5170047795,2819432.1565542007,9090419.4406643845,1910949.2450281198,16411939.833648255,366113.39240639965,952783.37078863406,2221226.0910482998,2115720.1611910597,7415078.955600814,4964422.758355598,3448037.9696304924,4209741.2310882164,9237871.8503642883,9763133.3822148181,16612127.932460917,32365904.110024717,35693661.355163634,39914000.975770921,2357092.8178014932,1914586.2760471969,9585923.3530455772,2099290.1975854374,10460833.013337567,20208333.691275708,32124265.095980451,49348293.262601055,50744613.630721897,55641214.874587849
3736582.1468914361,2204101.0978538813,1013928.7895410549,2171890.5294241435,1828128.2643600432,2652937.7066745218,2735953.4271034249,13912240.78193289,13960440.11045046,3811727.7353973594,5787757.8577309856,2603048.8722527809,8414592.1708669551,1766031.4057102243,15215056.718189111,338767.40190546802,883448.42527533323,2060676.1688065447,1956670.3339312435,6869269.789832674,4580425.9324852778,3188004.4978911616,3891705.0435281601,8531015.8389237039,9016613.7592835836,15353858.729982192,30855910.739438836,33938844.273521155,37839734.08972425,2169555.6504753744,1764351.5530141587,8828999.0996224694,1946310.8268082875,9694141.7244519703,18673324.090232164,29735438.898109492,45709049.206390604,47019174.645402879,51588993.287497528
3548228.8701109616,2074581.4389638901,955551.64891526767,2034269.5465942882,1693374.1268343281,2462340.5222945893,2548796.7590546319,13792048.981953163,13837068.974542595,3668648.3324995688,5723201.779587877,2403860.7712421287,7642422.3814995782,1665576.3755489811,14231342.374397395,340687.47922666755,888682.7917158429,2178723.8399269688,2096326.8846823913,7056674.3673835089,4220121.4861840354,2965049.055870078,3616267.7915619453,7890840.8718590019,8340161.3141865488,14216691.554177938,29506115.921393041,32418049.667582523,36121181.954630941,2002705.4101829112,1679584.0166402825,8658843.1239897888,2168500.296032398,10403319.63047399,19300977.859994538,30793343.645227056,45739531.239571624,46974523.973830834,51262449.064092368
3290782.3438850925,1922365.6118394311,900964.94404069788,1896251.9130444038,1572047.9934245211,2287724.6360255657,2377585.115191957,13680782.064845216,13722938.565743722,3453999.7581895143,5326503.5134309167,2230824.3279317357,7049859.2435763115,1554321.8594436292,13188041.344838517,319249.8058906318,833033.81200823979,2037016.2002776375,1956713.4123056054,6614600.7492318694,3916156.7188295131,2767052.8352811965,3372618.3401628486,7339328.7699587997,7756399.0320562758,13214620.386037678,28294764.299854856,31001106.6388271,34437455.03684976,1856225.7932427824,1568675.5273202569,8157041.4524328727,2042372.7435645708,9753959.5710874684,18132500.977559585,28830025.228175323,42687756.200623333,43852855.837151125,47862915.411473803
3055054.233214492,1781461.2787177709,858901.4354163768,1774040.2214705881,1461903.0820783181,2130383.5868645739,2229367.6531468914,13582042.373878526,13621630.026578581,3175399.573346165,4995179.0169584202,2067689.4748044556,6571448.9790683994,1447560.0195916598,12297093.97062009,296857.96609446092,775629.05799760669,1894695.1219847302,1809263.9906384489,6097872.0423719743,3628219.8136069505,2563731.9935325393,3124711.5464115408,6799776.2470844192,7186495.7748163985,12257998.580096697,27150829.742497183,29668324.309131365,32861029.486055672,1716126.9533235957,1452377.2713435399,7611065.8378519984,1896305.3110113624,9010241.5691678952,16826228.418928877,26817303.519083571,39744677.408120498,40854297.145944834,44617750.113260463
2845898.093624685,1657557.1692185903,852636.12748047512,1660502.3905072925,1358607.2900590305,1983023.0219729615,2087366.9555160415,13487813.263095636,13525088.460245401,2922957.8294818695,4657787.1612718999,1915895.483805524,6082771.0517574847,1340092.497553013,11403924.152344735,274449.99307437846,717869.99487994576,1755490.5777578454,1673937.8320586013,5625392.9001186853,3350857.1114138491,2369281.1600401183,2888468.6858844594,6282767.4358828776,6641617.6100840839,11358318.806239687,26077126.550827891,28429503.749729149,31407912.240698211,1584624.7597410721,1341932.6476871683,7034730.7270518783,1755950.5711348692,8321415.3189384816,15545546.141055141,24840992.108064666,36839532.857954666,37935344.891043976,41472729.214989051
2650439.2941354406,1541009.4925044959,846373.06230072875,1558402.2997580082,1264982.8364520201,1849590.3367077922,1960393.992125022,13408790.740328398,13444004.116189677,2687946.0738004865,4351290.5525393523,1779461.1970932917,5638663.9252106473,1239346.8847861122,10584272.41486717,252512.81543790555,661926.06451204128,1623146.8525184509,1544998.0030966522,5182478.8441441124,3110370.365520292,2193095.0954953129,2674734.7274738322,5825624.8781333352,6160285.5637252051,10557193.273039971,25125465.885383733,27323038.292621121,30105016.126252029,1464022.239007561,1239547.8774342644,6437015.1211843798,1617753.2782940443,7669001.5498135239,14281030.211766655,22936063.755671564,34081908.907595895,35169671.867673464,38533798.955329403
2483947.9688489605,1450345.6600930749,840154.37039432651,1466043.1865714972,1188362.3967974191,1742032.044837151,1876196.8538173507,13351144.636201028,13385636.402609259,2484720.3292838875,4097420.9783479022,1660723.2670258717,5217907.8814312657,1147867.1881010106,9826631.2417160273,234147.50569622172,615395.33034266334,1511479.2300034678,1438388.2707165186,4804953.7485235222,2890276.6396552562,2037740.225102827,2486982.0791835617,5415160.1308358731,5728758.6701736702,9853879.2731742319,24309385.984420836,26403319.142893873,29017875.155829068,1353469.3121016736,1146348.2474519876,5944670.314273186,1505694.5615491027,7118774.4937966252,13225886.022649085,21335454.550016385,31694441.512831222,32774212.666016486,36032751.92024494
2327560.0602349336,1354446.7908288441,833977.31552393164,1438745.9113498253,1111673.2616519353,1632767.2142060723,1862376.8850142765,13310391.294114828,13344630.318245269,2303073.1648506061,3848675.9838812663,1548447.3792650905,4772186.8264130708,1050460.3394952752,9061944.5046347994,217193.17420779882,572824.50409748382,1409854.5281843233,1336307.8953871676,4460290.0178116616,2685111.6942237667,1894675.3155614089,2312813.4635029892,5033234.85699536,5325780.4348172229,9197300.3506798726,23558496.230585512,25551799.227567784,28009007.20119248,1253297.8108810347,1060175.0233074375,5508673.8231399907,1407339.7975584986,6620264.464718502,12279925.288804082,19876338.920107611,29466754.827669449,30538686.987149138,33756816.940443806
2185307.8027736228,1268103.9445718089,827849.91110459692,1428145.3076508821,1042227.4749826752,1539915.0879594358,1848683.7386131666,13273705.776044969,13307693.329220694,2138794.9257530863,3660808.6989318589,1447036.473785189,4452652.3505378105,979248.46915116662,8473083.0514082685,202448.9110715017,535628.52291118307,1319901.5302358344,1243521.3895628625,4147565.2559574288,2496906.0583779551,1764947.5634602255,2154752.7903219769,4684613.8402518472,4958074.7988113984,8592575.3324875385,22903475.237165712,24805742.766321566,27119763.669936325,1162268.7198719785,982260.88557505072,5160408.5506011434,1352151.9374698729,6202189.0818993021,11503193.626250064,18674759.984034918,27672432.692829251,28736531.835207701,31930990.359663691
2155593.5973636629,1196747.6228147398,821769.52751579543,1417614.2191457571,1000956.5507039488,1494988.2866539145,1835101.5663600175,13249015.439596083,13282753.335088756,1987773.6685266399,3633902.5281986818,1356097.9066672369,4151824.3908559405,912611.7511026006,7928225.6159294266,189165.00950713365,502253.79068413924,1239174.6558846608,1159484.3778321892,3862238.4170303745,2328285.7794055222,1648025.7957490638,2012315.9333109208,4371430.13710743,4627717.6828862503,8058879.0727244169,22337469.353819333,24163722.719915658,26447084.087664232,1089091.3368056801,915653.31395309558,5000637.5050852625,1342090.4474956284,5861572.8702054424,10993398.518031208,17925082.867989175,26374045.630252562,27430404.797548629,30601398.298694775
2139767.4296879522,1187961.2064992494,815733.91646263341,1407235.2707639097,993587.00114250812,1483989.7339665042,1821565.6470981252,13232825.354084902,13266315.542320374,1852684.7173176445,3607174.4450315088,1314375.1692628788,3888644.1148121343,866935.87429167132,7501900.8914559875,177356.82033821527,472983.45205647784,1167709.5093359288,1083639.1809897097,3606116.1903060172,2185848.0829235548,1543120.8161619517,1884481.2698807283,4099242.8736118516,4340126.4190185741,7714324.1920648701,21969164.647936281,23782008.577793524,26048605.411118127,1080091.1728378702,872020.2595060895,4924426.0625974974,1331977.1076389172,5554697.7214081129,10601812.568920666,17316817.340827636,25335630.82659718,26384231.507073388,29531968.025296293
2124034.4307591575,1179227.7948285362,809741.37107622984,1397377.6341196257,986287.72633868188,1473088.0422945262,1808181.8616042682,13216695.868026478,13249940.016189568,1794263.6137342753,3580673.6034021159,1304714.4831376192,3864350.5296064122,861043.76495324878,7451553.0767918099,172369.15843883588,465830.28249984339,1132472.3503155801,1015763.1123195821,3472361.0153620788,2050049.5614667933,1450267.7541572019,1774460.1384714306,3852005.1735929893,4089137.4612837308,7438543.8565365886,21669746.18932512,23469266.578089427,25719198.87371381,1073149.0556308338,866997.15962217597,4894746.6623242842,1322563.3029573583,5380288.2154535661,10390076.979259215,16937625.576689001,24902294.520041093,25943192.374214537,29068422.675310411
2108482.4691599179,1170564.040958822,803794.72821069544,1387095.9343876638,979033.12346022599,1462256.9335313777,1794876.0183028108,13200602.462335348,13233602.41456387,1781575.5644193487,3554368.5650355145,1295106.7046467457,3824944.9523505159,851538.98421983456,7382585.3750951979,171073.48257718867,462354.89591393678,1124092.8586589382,998213.5144892945,3437271.027675929,2021126.9682041113,1439963.3181779408,1761772.4294953896,3810192.8542662435,4045582.9404009529,7370362.4913597908,21578019.535319038,23364320.475170825,25597776.175333727,1063028.4260729691,858208.94197107397,4849427.7294292888,1312524.3668630139,5330856.8615711713,10288464.232441174,16772623.925030842,24664556.66899791,25697810.189586427,28800068.699266691
2093056.0245806398,1161966.9683234589,797891.30896668544,1377956.5463600692,971852.28340350126,1451585.9107690929,1781712.2665660519,13184613.072641483,13217371.361200934,1769136.7208704797,3528510.628181065,1285648.392065288,3810505.2480846341,851171.29403445846,7348207.469991724,169944.71750665372,459242.55251485808,1116179.3554309085,991285.38180080545,3413105.5730332793,2008518.1972468828,1429813.9966579473,1749272.2767071433,3784883.8280300768,4018547.4171679788,7320360.8969398709,21505091.100868784,23278272.731448498,25495384.154208221,1052248.0088353702,852513.33301142161,4816146.723954713,1303516.2419662587,5293454.147465785,10214445.268042564,16651582.691456638,24505398.374151897,25531069.07262576,28612030.779453751
2080449.6525582515,1153750.4043733983,792035.64587101142,1368051.1916617374,965412.0460408876,1442067.1309575937,1769937.4695922395,13169502.012329251,13202024.169489458,1756302.467588671,3503584.1113287159,1276614.1748520425,3767285.2360806763,834861.10705418233,7268882.4208294349,168421.71878608648,455348.54891680682,1107409.3127116447,984471.25723786117,3388635.0460080039,1994902.160906286,1419682.7996544056,1737060.4650187069,3758891.2143026679,3991090.7925172527,7270742.8794913217,21433596.68976485,23194650.405775663,25398346.446074117,1025569.3681000137,823494.9798756754,4724002.6487135477,1293278.3234292634,5254494.8059258685,10082570.132473433,16472841.733778762,24243620.247709285,25261762.77900584,28320358.747273069
2069904.7148503433,1147118.0391557498,786218.53480497061,1358395.4806610842,958462.92075183697,1431865.6564000456,1757334.4453381398,13153848.249730514,13186133.290336769,1742940.1528033572,3478433.8554872787,1267116.4000218022,3746508.0414554379,832248.72026085225,7228479.989249751,167451.63949482751,452473.70875144191,1099972.4900423121,977490.05263896903,3363521.1056446382,1979551.1876386758,1409072.8864634933,1724098.7121208028,3730379.8986144713,3960870.9600714282,7216852.5796319302,21357102.721466955,23107365.368452214,25299611.126180235,1027706.1847191207,828568.85432056116,4716070.0961204749,1284074.0170666138,5216006.018440431,10035384.620680396,16380228.243852319,24106924.899387561,25117595.536052112,28154363.36684037
2055005.5919698556,1138943.6527031164,780442.87716244732,1348483.7861677324,951479.31344582571,1421411.0367620112,1744545.1195715449,13137977.722805139,13170025.860777959,1732454.8824234104,3452945.2153043128,1258005.5121865687,3724370.5797484941,831028.17694858031,7186856.0701432452,166399.77741702169,449420.74313605932,1092245.4774910365,970458.90533301129,3341334.8554188963,1965684.1896228858,1399016.126240981,1711760.6110789943,3703979.4226588132,3932783.3804788021,7165062.0955205066,21282240.59346563,23019902.180897262,25196350.579511411,1030094.1444560522,831738.19260569359,4709437.5683818357,1275742.5184690063,5181340.6492027314,9993329.3747973721,16291993.018026503,23973406.276949577,24976652.780176707,27991184.334229421
2041637.5033449968,1131710.2664740635,774720.16579103575,1338865.7941698416,944556.1234153792,1411044.5629017684,1731883.4725065506,13122160.277130863,13153973.484122613,1724751.1094179673,3427716.1015198329,1249068.7478596787,3736294.1938075703,837112.69426050747,7186235.8536192104,165653.53506886086,446993.52215423883,1085222.3497323527,963512.69334847457,3322137.608753616,1953189.9396758163,1389236.5864949864,1699760.4579654825,3679292.9865065245,3906427.8769284226,7115295.142917891,21209550.096893519,22935966.948029172,25098163.967614312,1027953.239699351,834183.3469961884,4735915.0876571322,1272073.5140074175,5154378.1894917311,9992093.2455445956,16245660.970164875,23922824.808081839,24918713.095993858,27911408.55065009
2165277.3732090038,1197331.2055093967,774037.17758328421,1332564.8886658151,986724.46953775466,1470425.4986864408,1788004.1262999349,13147843.49776784,13179746.688253617,1711204.0621396566,3424110.5692788158,1305779.8875043772,3720380.0356929847,829495.26450660394,7146015.2298535807,164207.03999924337,443172.81828751229,1076852.5041771152,960594.15151964268,3301961.4376006946,2097229.4800675935,1473792.3862336457,1801207.4142922258,3926255.4663018878,4165942.6036189049,7536825.8695363924,21682862.5691434,23514073.816141874,25809365.350382335,1020416.4043037982,827478.26604037196,4668828.0292666154,1258765.6735836505,5117554.9172484837,9887478.4568961319,16118719.825660886,23754068.710517794,24748059.529263854,27729767.779439565
2062054.462135734,1145968.519272547,784976.41337740165,1365085.8512307135,1090461.0834896357,1603944.3961291576,1978743.1433768068,13225603.989975788,13257349.648382662,1914864.3573221965,3683234.1866142321,1440202.8172710454,4451469.4800695321,949294.91163358081,8173056.1371322339,185331.58554872085,490424.08286716539,1169168.839586847,1029606.0513451785,3593283.7846174259,2164871.7809218583,1683878.5381532782,2043680.6659865081,4238321.550133572,4497074.2264571972,8063325.2866863254,22268477.443521183,24020896.45880584,26207664.568846103,1316547.440175534,999529.72888572956,5544979.5529539781,1330326.149836215,5509742.2029838599,11163022.064488892,17838171.861498784,26509332.636996802,27513627.651470907,30612018.204593018
2031270.5376292665,1125819.7976432792,769795.26739411906,1327226.9592566115,1021041.4704240126,1505385.1377438691,1856216.0668711255,13151906.938754376,13183419.542091588,1783291.3413101817,3465705.1558452686,1345108.005744671,4204859.1338331318,896618.62464875879,7710560.7947270358,173689.67296212522,460668.96729444189,1100449.5031094858,966211.73484334827,3377253.9075309564,2027205.2040282367,1573411.9415126797,1909949.7595744836,3965148.6380063468,4208068.707324327,7556667.0460328609,21674452.873228468,23392826.465679266,25544509.753531631,1271886.714229984,964969.46374291112,5258448.844668448,1258102.9515447435,5191512.8794963667,10551717.716387808,16846133.323259633,25043546.220819321,26031137.748551261,29046009.33009826
2016483.1334992126,1117825.5821253813,764147.78525405866,1317615.969572366,962858.50491757807,1428726.3543251012,1751109.1468091833,13096582.993432801,13127865.403115263,1707800.1750465347,3407552.3313314216,1261561.94342342,3955436.5167148807,846266.19053948717,7379800.7601524945,164429.73200338171,442666.24638291431,1072403.504006759,954599.13583488425,3285530.3332972317,1945591.1633731211,1470186.4583609849,1786180.6761167876,3758157.217235276,3986923.6881976081,7199741.6399023142,21255182.202554788,22961210.702856001,25097222.606990226,1176881.4364238561,898957.51488130528,4919304.8615639582,1249030.288273185,5086628.8496506428,10106367.789758321,16302101.332975497,24165179.921486393,25145595.945101269,28105371.536046326
2001655.4160209515,1109601.6728785387,758552.57423005509,1308901.7484757209,941051.51950510195,1403783.0962407272,1723709.4289827689,13073520.299903613,13104572.963323472,1694870.1192212056,3383776.508153752,1242305.5294786575,3684729.9611837398,811964.98210812395,7056745.2019865615,162714.35950138123,438456.42784560029,1063420.2473387413,947632.61214841029,3261028.483892296,1930573.2895022526,1387572.4845953037,1696414.1671205219,3653147.9721722924,3878862.7099316791,7058382.9866328361,21083738.049901951,22777221.667359136,24897527.789649028,1077940.4246533336,822119.25952447776,4681910.833180733,1238728.3358346571,5047739.743727616,9829344.0548709631,15979699.925156407,23516230.706005454,24489463.869344745,27428642.949479219
1986945.7453970129,1101447.0092666133,752990.35986053501,1301424.0489873418,934137.53922416863,1393547.896826169,1711193.0177043022,13057815.605387729,13088640.12772062,1682083.1026513828,3360154.1460672324,1233105.2101196097,3642764.0611069761,800947.16433258285,6986298.2698486606,161394.73249004397,435050.22781122202,1055395.3983371425,941203.04538445803,3237275.6234143917,1916549.7778910859,1377685.3906994637,1684399.6228889781,3626930.6775214942,3851069.9446246689,7007459.4851817973,21010168.486575123,22691208.668043338,24795933.633773472,979077.79874779982,789091.82901200675,4529432.6620254694,1230086.1465025912,5011331.5222463263,9639725.0251223482,15745947.212841485,23208695.623180691,24174790.221738171,27095001.510956097
1972997.4242768534,1093960.7190837681,747465.09029727185,1291890.1720664066,927324.53873809834,1383361.5487474774,1698635.3357518297,13042127.001039641,13072726.411165053,1669752.7496076478,3335482.3938960498,1224093.2218070268,3617115.8421377144,795214.15305260813,6936250.0448514931,160199.93901975182,431829.09349711845,1047609.0909975184,934296.0798995269,3213528.3467937689,1902564.7605785232,1367582.8116321072,1672048.5394730512,3600404.6704209493,3822926.5666158912,6956391.0487147188,20936534.698649775,22606079.215541653,24695999.799946155,974156.43939284142,783612.11326656025,4498716.6213893564,1221043.539663123,4974545.0167846456,9571495.4448273219,15632841.717137523,23042046.010579053,24001417.068894662,26900394.12635237
1959018.5660874438,1086348.5439395257,741978.58330864692,1282413.7872364898,920560.62231847073,1373248.2241889571,1686168.7704081228,13026459.87806499,13056834.539208381,1657575.4430218025,3310988.5240961215,1215161.9021557027,3590434.535205395,789216.21417405701,6885033.9395223474,159017.02055845287,428645.93729497754,1039899.3567246767,927435.87797571439,3190013.651133473,1890870.5947424029,1357593.4127313574,1659824.5365895417,3576297.2678694897,3797214.4131545979,6907940.3689850438,20865532.359298304,22523238.862300519,24598322.093135297,969225.74216938112,777148.31857034587,4467337.1967586,1212075.1675625169,4938095.3184088636,9502944.7083020192,15519761.475132165,22874276.418934677,23826604.806533713,26704305.043031991
1945303.048769803,1078567.9123460033,736532.54425346805,1273595.6818153593,913810.8825206334,1363173.3257203468,1673884.23168798,13010847.327684993,13040998.900899012,1645400.0818681831,3286956.6857627798,1206261.016464147,3563818.8216871256,783189.17120666092,6834084.2629949115,157841.63064346946,425487.52406809031,1032247.2700633595,920619.91237591661,3166577.4866636237,1877006.9678283571,1347647.3846994285,1647655.6358735701,3550076.6373620308,3769370.5906620631,6857272.5780337667,20792412.668309961,22438290.978771485,24498806.615142912,963139.10001190507,771428.41026831768,4435694.4328284021,1203162.0393478815,4901807.5812510308,9434297.9322404619,15407193.172651118,22707375.751596462,23652713.349596273,26510178.278640501
1931126.7934657894,1070840.5787640635,731126.08358126611,1264253.412327081,907098.26877592516,1353160.5049606408,1661584.8056252319,12995246.19506117,13025176.345303439,1633313.5108611656,3262880.3289942909,1197402.276573586,3538151.9534451216,777628.76146078506,6784609.0300173257,156685.0170476964,422361.69389017834,1024665.8943605495,913854.2908940356,3143313.9001448047,1863253.4273882459,1337755.4807641199,1635561.992794716,3524042.8590728883,3741726.7393478197,6806957.3177008582,20719708.963195197,22353694.303232677,24399187.672675535,955591.42823532317,765400.0373360113,4401805.7301952736,1194310.4820097361,4865789.8733111266,9363680.5340172201,15293016.720037876,22540301.401751403,23478699.119871415,26315204.482063536
1917411.8201881652,1063219.710280099,725755.35570454877,1255555.9868418474,900434.09696475277,1343220.1254850607,1649406.8461043159,12979693.026440628,13009403.339733895,1621320.183973091,3239226.7136904458,1188593.3377638313,3512046.1280932385,771812.26411383832,6735417.3817094192,155603.81975632772,419350.46298186533,1017283.7726398275,907375.59184312855,3120464.815069105,1849502.0261139802,1327894.8122092129,1623509.8351344867,3498053.9346069172,3714138.1192895519,6756840.0732412487,20647298.539783958,22269525.333251499,24300463.520543974,939908.96734337904,757110.0681413979,4358284.1655036509,1185913.1515908679,4830711.1150304312,9284374.3393073846,15170758.904669359,22365499.238888275,23297005.716676757,26113530.292793933
1903917.0049282752,1055740.9522668046,720426.44583914732,1246334.9676721508,893820.24902756745,1333354.1156101394,1637283.9128933121,12964171.736607116,12993663.831266511,1609436.6521888904,3215431.9262045063,1179865.0277668445,3486290.4981852914,766197.43092870212,6686039.4268878046,154465.64043450594,416275.65738239785,1009817.4866145372,900714.46754233225,3097575.0980555671,1835916.6423887403,1318145.74527713,1611590.0734183546,3472364.8856940619,3686862.2117067161,6707218.9703524541,20575474.713689778,22186292.172166023,24202920.086322546,934267.10257855465,752073.49038018717,4328161.321300731,1177246.6965118363,4795304.6072085882,9218144.5337140672,15061297.366508758,22203287.635127325,23128080.850705691,25924016.375054877
1890079.3260738305,1047995.1889295437,715135.39062737336,1237775.5587339627,887252.58350376482,1323558.0169301559,1625261.2545903306,12948692.796195626,12977968.27493329,1597589.1201453062,3191856.1403496577,1171190.4806300118,3460858.2473294907,760654.06624072907,6637309.7735419981,153333.05162620306,413220.60324296943,1002403.1053305193,894096.41727587406,3074794.0143368603,1822420.2521182527,1308453.2155645138,1599740.8158237643,3446836.6368264323,3659758.155724356,6657921.9093104322,20504058.369219355,22103115.615805406,24105078.099449009,926216.63628216309,746492.67201174912,4295061.8882731842,1168577.6586511089,4760031.233833082,9149076.3637956008,14949356.453161225,22039269.736224897,22957272.665435709,25733488.089923069
1876386.1701108224,1040412.5442413212,709883.21866767481,1229027.8785264848,880735.23987841886,1313836.2630069233,1613317.9950796713,12933252.145862943,12962312.620359935,1585848.0059379402,3168409.8320418173,1162588.9889753945,3434589.4983762433,754619.29357498058,6587275.5545332888,152191.36829776011,410164.9075435308,995017.03277410916,887526.8332767823,3052200.3420035588,1809049.0780899182,1298849.0248670771,1587998.4486106085,3421541.8990042917,3632899.9507124042,6609044.9056420969,20433149.791415136,22020577.387629285,24008025.046650533,920341.32869173866,740450.65921762248,4264054.4820616767,1160006.9728060709,4725071.9672129378,9082419.430376716,14840071.424122548,21876627.641335834,22787888.650217813,25544164.651714634
1862597.6990441449,1032769.2634339413,704670.26877236844,1220002.8355760756,874874.72689094685,1304983.4591247237,1603208.6486127276,12918534.17221733,12947381.213446861,1574212.0670328524,3146075.2063604845,1154119.0841312828,3411136.1378369667,749601.27034800919,6541498.093917774,151171.79444280366,407287.04441417853,987920.04778548982,881151.6900210093,3030268.4119002512,1795768.9958037226,1289318.7545016061,1576345.2739914081,3396428.7662547799,3606234.8223383306,6560606.9253046867,20363450.801636331,21939217.374823779,23912060.846494511,908095.51289158128,734589.40064638865,4227118.0144335544,1152029.2187638031,4691430.4464306086,9011156.4270589352,14727743.837607069,21715222.959617496,22619792.051888224,25355826.122097671
1848936.9615758201,1025277.6594610264,699496.85873294272,1211063.442778301,868455.22255027725,1295405.7635068817,1591457.8821356539,12903179.30321821,12931814.515098659,1562625.132191642,3122984.2471493301,1145652.1099105519,3385926.0669607506,743880.12563454604,6493097.494665632,150055.97505548669,404281.4671134011,980646.95142606832,874679.90520983073,3007988.7328235903,1782607.624743788,1279858.2511711605,1564779.3384741901,3371522.9430329222,3579788.7139655272,6512473.9253699183,20293471.20564805,21857770.143999703,23816143.424724713,899701.55120119953,728197.09704386455,4193367.3273754548,1143567.8746056997,4656949.535420767,8942244.5939542595,14616846.260660727,21552649.855685622,22450577.564096339,25166541.139480777
1835343.8447325595,1017743.3886666086,694359.13024408824,1202173.5704076802,862073.28280484141,1285887.8788949794,1579759.0313176145,12887851.931634601,12916276.82275437,1551124.1430599242,3100040.6085024383,1137223.7301158924,3362178.3336325572,738964.35647824313,6447094.1025768006,148968.62109313891,401333.1410584533,973467.46307661955,868251.31033678469,2985865.5024860306,1769490.2738957086,1270436.9159258415,1553262.3733579968,3346711.304906521,3553446.7904039798,6464578.0746669667,20223800.239252698,21776605.218965031,23720581.472253758,893898.14462671732,723495.84357706446,4164060.3398169046,1135134.5726323009,4622679.7259472609,8877992.609036684,14510933.192218944,21397482.094663389,22288814.763824601,24984835.276330184
1821873.520289252,1010270.724151896,689260.65501480259,1193429.6863698673,855741.63421328319,1276443.5830103785,1568157.1210248785,12872568.841502104,12900785.052594027,1539725.8195727146,3077280.6323698917,1128871.7563076741,3337243.7594180852,733456.96082893689,6399429.4675818197,147883.06681155381,398403.04958424275,966343.12675341137,861876.65305903251,2963933.238838092,1756504.8747010992,1261111.75230253,1541860.3011940366,3322147.8741851337,3527364.9951820578,6417232.0172495823,20154807.973627254,21696211.372948997,23625919.613174394,887889.50790371897,718621.42568098544,4134644.9291578657,1126839.3923117202,4588769.7212175094,8813997.1926483512,14405602.848747425,21241259.864875421,22126047.486823708,24802353.365234487
1808497.3121893548,1002852.1109307219,684199.18640552473,1184667.3811241391,849456.40209614683,1267068.8912800057,1556646.287016981,12857324.842716029,12885333.869065758,1528478.8263249942,3054782.3990926319,1120577.1520283709,3313166.5659289109,728091.3621426326,6352878.4686451601,146791.98529754693,395466.54211842432,959294.22137271229,855741.81825206464,2942424.1042270758,1743625.6034766375,1251844.5274382718,1530529.989832937,3297763.6010900307,3501473.2817156441,6370112.7538339989,20086092.83511363,21616177.196947899,23531717.303307474,883341.26540014788,713677.13236371696,4106548.5585999149,1118586.9589703612,4555487.5610272158,8752042.8956863936,14303665.920425303,21089568.273831248,21967858.464712586,24624511.93174839
1799040.3002211368,997516.30297306646,679190.88422997424,1176391.9349479335,846218.8889687364,1262020.1945760211,1549083.0879247668,12844672.204244073,12872586.838911945,1517769.1581107315,3035976.3584133377,1118170.9786005174,3287212.16746087,721916.44226046698,6304089.4498681696,145737.69234850729,392684.76489881857,953075.14780811209,850623.57996914303,2923152.6618855656,1740963.2412415138,1250125.1079569368,1528401.7092266029,3292931.3502835995,3496095.9835907728,6353704.7101160716,20052777.491882816,21574093.157025613,23479410.488668922,874638.92706637504,706944.09337341459,4074103.5861526034,1111005.4747095525,4526777.1930951634,8690825.9263380859,14208961.467987673,20942909.336732455,21814852.256482828,24452974.087825019
1787200.7876541081,990429.27764102421,675236.65096046787,1170818.4369567137,840332.27209995128,1253299.0800996975,1538321.4239747161,12830039.605423454,12857750.647498656,1509564.1594740849,3015474.875066855,1110409.0694579934,3323853.6345533081,722193.23795770539,6331214.5823492864,145530.05581273051,392016.63545812818,950335.14879217348,845138.23945095937,2906329.677506092,1728242.2801587209,1241194.7982670187,1517451.4601391063,3269087.0631492324,3470779.5513241673,6308138.970296314,19986558.531030677,21497496.565555479,23390334.054188158,885405.05102849938,709047.44710577419,4084725.7532442492,1105601.4632354998,4501763.4825291233,8675986.1751500219,14161922.53013703,20920486.690611485,21787539.222006556,24413866.450983591
1774680.2069749404,983856.59184785513,752393.78584670532,2124337.367209407,834690.35737539863,1244987.0377993239,1529121.6942547609,12816003.801222578,12843513.332116827,1498514.6671400166,3002373.3703913912,1102547.4478605022,4722665.1388972532,944047.08928432385,8422118.235810237,155362.1915556087,401818.69874836865,958697.29818530742,839052.22363601229,2885146.0336821051,1715738.1223087898,1232082.7712686716,1506401.8017957227,3245374.5410029036,3445719.6626923983,6264246.0119035877,19922806.387771372,21423728.049378835,23303331.96692948,958949.54273009312,777887.41449166334,4218682.8709432958,1098038.2775031431,4469512.1138189267,8777054.7589507177,14253469.505557293,23218241.611035518,24261032.877902653,30548966.07822521
1762245.05167776,977521.01162378094,703702.50178361242,2083343.2796488591,828943.48624370107,1236378.0969182244,1517917.4060654424,12801046.038211754,12828353.612359498,1491867.4288451914,2980857.415290135,1095004.3769785566,5715352.2889816994,1110856.380980564,9632142.8637136761,163653.59831438214,410254.0329667427,965142.59374701011,833571.03580152162,2870726.1460204087,1703189.3242368214,1223068.9617859498,1495374.1066158272,3221627.6825112682,3420593.9201417845,6219824.2405639999,19857562.415427919,21348560.764226817,23214967.396658096,1492927.3617335863,989939.18129752402,5070875.0913064629,1096430.9371019583,4450861.6909042597,9610106.3361164462,15062711.698812058,25206888.766624898,26187173.416554183,32148474.981812194
1749356.2943595755,970583.46474356169,698200.59063321084,1928982.9410703515,823273.28624444094,1227864.365929473,1507814.3047239061,12786429.913631473,12813536.955257617,1733454.4659282574,2975808.1154465145,1087659.915556323,5348249.0212957822,1041307.6685888153,9074593.4562181998,158567.92683420694,404418.91201970115,959564.84688785207,950224.55067826249,3345871.2870354755,1692333.8499576501,1216413.579237401,1486974.1208849873,3202212.627102355,3399805.3109178976,6179193.2130073514,19796368.63086931,21276912.085078198,23129681.199314784,1425598.9220774835,935416.93453758967,4905186.6888744142,1272254.5107182132,5157868.4571311008,10161027.084989229,15644266.563062215,25210299.507283073,26165685.924311262,31664988.161534291
1738949.2496871937,964723.8539664268,688614.43964584544,1794045.5520347105,818110.90644262824,1220236.3608680486,1498652.3074047035,12772584.86362241,12799547.560920876,1649067.3178688067,2962207.1636456801,1080070.7741037067,5274432.3858478982,994433.56420612405,8814833.8532790355,151163.1099086662,395582.80954401218,947201.22953255754,901714.46592530666,3186232.2671477259,1680238.5492918687,1207692.9953339258,1476268.7645467417,3179243.7666599303,3375386.19898488,6135600.5667179078,19734077.017238125,21206483.567431051,23048403.743191067,1617523.2962575122,996870.75064530363,5213929.811726857,1249558.4354572496,4948469.577447854,10254788.764449937,15669620.221203288,24957706.569723692,25887711.285087023,31003889.459130082
1726195.6371033557,957641.41983544803,674921.09967262368,1663307.4265202596,812105.21617977042,1211277.652747958,1487664.8962029116,12757583.338456228,12784348.06415363,1566725.0049232428,2940919.8537070579,1072141.5389720539,5558702.1424208321,1003035.7247043791,8981065.0602752138,149000.9816546402,392456.70020695665,940490.18560316146,839567.29586916999,3010961.0837694397,1668116.7536938682,1199010.1810378004,1465613.2783926651,3156299.4967836449,3351001.3020549845,6090947.4720562631,19668357.900459837,21129954.617161073,22958365.162842225,1957482.3359786675,1148156.603431307,5993064.0717428662,1278723.1060402722,4774813.734243772,10856249.43476915,16232436.279888423,25656449.218338206,26556407.683676273,31273882.540517692
1713501.2240821973,950604.33500272559,669964.47284198599,1536413.144602594,806139.35467495106,1202379.803706788,1476737.623855439,12742612.141800676,12769180.25569535,1495771.7827790142,2919327.7092795614,1064263.0378648269,5142127.5741906846,927181.82070494862,8363994.237295066,145604.24677118252,387277.9504902336,931288.14715589711,831023.02980016242,2886356.6669461061,1655862.6817182344,1190199.9266359282,1454844.0578298974,3133110.4299512743,3326382.0273131477,6046200.0270699849,19602616.868662529,21053474.252681479,22868439.525283314,1839533.2615853345,1071529.9549472067,5580192.3255863022,1180803.7303494632,4548730.1086951699,10216645.00255139,15551060.464573728,24343294.429962508,25223704.57546005,29571548.571704186
1700924.8299357374,943625.84532794473,665043.96604201174,1422145.5440010084,800219.7980699531,1193550.4380309943,1465893.1873520659,12727679.795592159,12754052.820637865,1484684.0101406514,2897879.3655555495,1056450.0500434639,4731701.4911368703,857202.00413792429,7866747.1890609087,144614.58747038862,384547.23067053221,924562.66279950005,824899.53553651215,2855568.5900847735,1643712.9942326716,1181462.7664194442,1444163.9498942676,3110116.1151396828,3301968.4709118423,6001815.8834823724,19537324.698176671,20977530.325618625,22779174.155700993,1682785.0075849036,985380.60045216687,5172981.428605549,1105076.5446157365,4438673.6666454952,9698733.2087932378,14994074.638126126,23285916.34988866,24148445.254256107,28161215.101148706
1688730.3543891481,936704.12784666638,660158.33623080282,1322260.8739456173,794342.23514102609,1184784.0370169014,1455124.9247467995,12712782.692108592,12738962.004011897,1473802.5832340275,2876655.9777248525,1048688.5975812473,4354422.141179611,792611.43809892435,7409121.3963509258,143657.49328152949,381933.88763453887,918165.73171203723,818838.29551274388,2834657.7757418859,1631633.8428694149,1172781.3235804678,1433552.4492914325,3087262.1176209599,3277705.2820365978,5957721.1370525081,19472399.228211161,20902093.767602999,22690803.298643548,1529430.7172558676,901761.5662499012,4918659.7739084931,1097543.8550905278,4406759.4707801268,9411857.7869548481,14669320.084772034,22500475.076843359,23353272.104175474,27066243.453425724
1676606.6633584583,930021.87162652507,655325.20962146355,1234280.8357714466,788991.64181500615,1176806.963916023,1445137.5100838917,12698337.626829954,12724324.673725119,1463425.1335444786,2856750.4453396122,1041234.3351388267,4029155.7550220015,734771.34067524865,7009672.2671479043,142602.60374634521,379129.04371836339,911421.92744376499,812828.39339593006,2814285.319795704,1620066.5917115957,1164513.1601309127,1423417.1633529461,3065397.4517770046,3254459.9638855201,5915044.1746601062,19409487.158362228,20828997.65886569,22604854.042815369,1381664.222830018,824405.83372360503,4675076.5496734194,1089396.7632592288,4374752.5915796738,9135632.7754704393,14355729.358706672,21784382.634234037,22630931.769907292,26074081.231799722
1664508.3955573188,923541.20319067035,650514.34062000469,1184809.8127316306,783213.4591126669,1168183.3078182389,1434563.2629705472,12683528.178497044,12709324.548559688,1452737.2967620525,2835801.7659542654,1033627.1436305423,3731984.6500580558,728613.76238205459,6689873.8248063456,141574.32584670803,376374.20863506396,904767.00670132111,806870.08280204562,2793691.7324559442,1608258.301299223,1156008.8512872835,1413018.6990275669,3043029.914221752,3230705.819690688,5871797.6195002561,19345593.219234504,20755029.937061973,22518059.303444415,1274214.6174643892,761559.29571691854,4486866.1130722724,1081459.3851485571,4342765.1762240315,8914804.9901262932,14096719.014211141,21202497.094101407,22042831.040299978,25271688.294967853
1652268.2163485163,916747.1835337904,645735.76072195324,1176114.7676048721,777451.18401438463,1159591.8050728291,1424005.5325064349,12668731.344332371,12694338.18482922,1442046.686853715,2814963.5204246519,1026011.2086919934,3464011.6760841338,724057.35619380418,6400991.3280827673,140554.28231138986,373641.23557616427,898161.6533831011,800941.22629642533,2773150.1713646967,1596387.707034339,1147487.9673298157,1402605.906054612,3020586.6710751033,3206883.1319742477,5828600.4748593885,19281804.835968461,20680877.693175059,22430953.421270739,1172218.1314826282,725412.61183337949,4330845.4513535248,1073544.5468899729,4310875.9378858935,8726269.7475027479,13870155.817998838,20683996.856020998,21518158.154908299,24589601.828291152
1640121.649037157,910009.59734794777,640992.27477251494,1167463.8367902322,771735.91974054696,1151069.2535588467,1413533.9545711521,12653973.460713813,12679392.203177035,1431436.546373551,2794279.3557682387,1018461.0106861971,3340112.510957208,718047.67076190771,6254808.0394099588,139498.97912769302,370860.94198807154,891521.37491083727,795054.58934774238,2752758.1627688496,1584631.4888057297,1139045.3151575993,1392287.0002948998,2998352.8942270027,3183280.3558038771,5785725.8244672855,19218409.756528176,20607202.426994838,22344413.253552686,1059335.4527249099,715597.11753446772,4189915.56032062,1065604.7625848481,4279133.8005507831,8552976.6413943078,13659028.558780128,20323654.0119926,21151687.922794033,24080708.826592218
1628077.2139466575,903326.77974064939,636284.60657953424,1158886.929138581,766069.30154792569,1142616.880455913,1403154.2267040091,12639257.366485234,12664489.430210121,1420934.6398416937,2773752.4869163209,1010983.4944763721,3315055.4645779254,712252.83023389208,6207802.3003289048,138453.02079813991,368111.69231965003,884936.94446136116,789214.7523875226,2732550.194543432,1572983.9785779812,1130676.7537931686,1382058.3289407673,2976319.2986187898,3159888.7003778657,5743224.0655290745,19155472.934408829,20534066.589207258,22258519.977091603,976227.84726882272,709681.44395311782,4085347.9424705938,1057845.5371665654,4247779.8602605052,8416438.4355410691,13484945.47490125,20099555.382913191,20921507.977360956,23722135.734138813
1616827.4521743758,896976.73603501625,631612.18467227241,1150375.1934608459,760440.60426211706,1134222.4112113561,1392845.5724950831,12624574.467238083,12649621.202361697,1410497.9996564903,2753383.5211782651,1003552.0063778841,3290812.395771909,706975.48495933251,6162269.5590815255,137434.83598138011,365406.39925577719,878436.08972014743,783418.96386426105,2712482.1612162814,1561531.3336889418,1122365.9691291372,1371900.1007688649,2954552.1353191584,3136772.9863488274,5701197.4602217199,19093089.149297211,20461841.861249343,22174337.600013647,904528.64118649473,704732.3797591835,3991796.3879430406,1050093.2725136986,4216601.0175906792,8291096.2109098639,13322380.283372605,19888469.911307283,20704386.528524078,23389606.851511505
1604952.6509779724,890388.605518108,626972.22014330735,1141912.5180419104,754854.09813438798,1125890.618828007,1382609.7626733512,12609926.575711854,12634789.351016756,1400096.5255544125,2733152.2571662911,996175.95300392737,3266182.970908138,701625.3971482832,6116380.8207801888,136423.79130509871,362720.69657575339,871980.86501357751,777659.9058886565,2692509.6727856658,1550054.4575286601,1114115.0212853185,1361815.2805064137,2932835.3012735317,3113717.5560659375,5659302.2434452185,19030910.415292475,20389609.958964799,22089528.256482918,895422.63298224087,699749.59011159569,3960304.2257785043,1042336.143457869,4185535.1731743496,8227930.7930146148,13222248.644114533,19739483.527442332,20549406.531131584,23180851.076164339
1593164.819906726,883849.82778987905,622367.6407700174,1133527.4105909751,749310.56247464404,1117622.1929816662,1372455.4996936035,12595316.226630235,12619996.409316774,1389833.4073757017,2713078.0260858568,988860.48598672228,3242881.4275639616,696384.63226691552,6072057.5217556991,135418.98775418382,360052.24977522291,865571.36690575676,771947.17706069234,2672752.5691408836,1538866.3339793771,1105933.464314437,1351814.7640836416,2911492.6920400462,3091046.5963864024,5617937.1697635101,18969341.185562026,20318062.533793345,22005495.538266502,887920.61774086079,694491.74579476018,3931014.6895655324,1034674.1732044321,4154805.5962282354,8167308.7649850603,13124940.223869106,19594907.882906795,20398882.696916576,23011003.292546753
1581463.5870600671,877358.18468135223,617796.61123187479,1125226.4713763809,743806.89952425659,1109413.4935274015,1362374.4782159582,12580740.324440453,12605239.245596817,1379626.4163893224,2693151.1337913433,981596.94643767143,3219641.2098286632,691350.40768035594,6028118.9436935522,134426.15338972941,357410.16248538316,859216.35623550019,766277.89750557416,2653123.5075904503,1527563.3701693849,1097837.5742759544,1341912.7584105013,2890134.8709709081,3068369.9827975607,5576700.9440096943,18907976.035485618,20246791.61608937,21921831.060849007,882899.39958586439,689645.17074603436,3903934.7975425208,1027072.8969200471,4124289.5443206937,8109114.3519421797,13030336.01748866,19453442.735694647,20251512.758618005,22844472.813431319
1570547.3036281581,871029.34885921679,614509.28351835464,1119598.9954086861,738361.47492063791,1101338.933535045,1354298.6068950528,12566828.547655392,12591147.542766565,1369516.7264844405,2677477.5835631462,974387.77409069508,3197505.6653932277,686368.12278793647,5986689.0627379194,133436.95778047142,354783.11048320745,852904.77857488045,761025.19177937217,2634036.1489390307,1516341.4052085667,1089773.3519142643,1332055.8628774569,2868904.2898316593,3045830.4260655683,5535739.771967602,18847625.525772139,20177082.058530543,21840622.149355896,875567.49716617295,684401.55833738728,3874239.32462672,1019536.9186914929,4094427.4554242836,8048962.7392925434,12938573.415246662,19317873.64632459,20111513.522740047,22694511.20846061
1559067.1764625488,864714.25826820673,609996.74631331582,1111386.6959849098,732939.72998144524,1093251.5287880518,1344359.879119352,12552324.107429143,12576464.610476075,1359468.9020974149,2657823.7918276638,967232.97145671758,3174355.874169088,681439.93875536742,5943176.4816433424,132460.27932159096,352182.23059611546,846647.46396015224,755440.82180581498,2614707.9148165071,1505204.7407709656,1081789.4163680526,1322292.6320444453,2847853.7876201598,3023480.5483682742,5495287.6305808099,18787255.389572568,20107030.096939329,21758407.117793862,868578.38682172855,679427.29429129057,3845413.1627422632,1012059.1621880032,4064385.043864477,7989504.5124346223,12843223.017085919,19176127.376385301,19963939.15749744,22528077.294328425
1547678.687862908,858363.2603828751,605516.77331113734,1103224.6464656163,727556.21258911269,1085221.7554196687,1334484.1977175937,12537849.185652919,12561812.394805297,1349502.9652093896,2638300.0682332446,960128.39434847678,3150918.7124224012,676364.08078031964,5899328.1994748143,131484.81896710405,349591.1940637806,840422.71785971662,749890.05704606057,2595519.0938073979,1494152.425493682,1073844.5017310232,1312581.390858273,2826940.7311570598,3001277.660813774,5454930.3132693674,18726991.027923804,20037072.706437543,21676383.306967132,863819.37533695519,674483.30144968291,3818875.3309763516,1004618.9323633406,4034550.6239881665,7932550.271635307,12750726.566158846,19036920.398265742,19818946.307187404,22364253.532596223
1536837.462085075,852327.16494931339,601781.36648399557,1095571.5378039677,722441.07569317182,1077632.8618524235,1325021.1806741788,12523601.835713686,12547389.101359209,1339625.0486951435,2620241.6652505528,953195.35204515466,3128051.1065275562,671504.0805129708,5856896.2226050692,130521.73739310745,347028.30576245172,834271.49780736852,744424.34463873389,2576531.9841539394,1483599.1119482208,1066033.6607490729,1303067.1237605743,2806724.740641986,2979792.3169695986,5415689.5631469963,18668217.356441099,19969064.992794268,21596883.425172444,856904.52936216944,669802.29638583807,3790549.3486519703,997240.3930680505,4005058.020679527,7874192.8367277905,12659153.495729929,18900349.868882649,19677359.927282967,22204650.148097195
1525687.1389465479,846070.20582408784,599456.20036804851,1101507.2368631233,718844.8465190659,1071892.3108573705,1318118.7619373591,12510586.279579569,12534198.874258561,1420549.1308707027,2611424.5534739038,949071.09249196958,3753958.0901521426,763335.46668701037,6614947.4185101688,139599.09412982131,364335.13769268163,856194.05920447258,754772.5723754419,2715240.7206585081,1477202.6057476457,1061387.7737382518,1297260.8399823578,2794411.1288264571,2966481.9148428058,5387724.156452382,18621916.267553214,19913222.7867475,21529222.805800915,1114797.2899830397,798138.77548935416,4430238.3293893961,1128105.6190874646,4280198.3053632956,8788897.1739837583,13585389.602247618,20583257.87740384,21357298.811258174,23887760.409101523
1516784.3155206519,842085.49140829465,668315.205881648,1341459.1231926964,820752.4986382447,1199798.6314494919,1556525.7583490503,12599533.266521158,12623076.299153348,1558732.6491055642,2961077.9224792472,1084621.8270968308,3783933.0375837525,779455.53791213664,6950431.1661777711,146072.33481050006,381017.37327819486,902620.59976678074,845851.10265063506,2963732.1470981059,1693335.9825827011,1284916.836404142,1553927.3729819681,3269068.7072138884,3456071.531338519,6025647.8843114022,19346758.959566571,20631508.960525498,22238038.204631779,1071755.2718168139,775483.83116684027,4271526.5605765842,1110889.4868107617,4535413.3426388437,8890607.452590663,14245893.148928432,21644535.848151267,22531208.82614569,25515247.145137738
1505647.6805311781,835901.67235106719,618696.11584403692,1317277.2347320518,773755.29544713162,1128412.4173634448,1459063.6141976034,12542772.488520928,12566142.629708396,1963774.1248365759,2852736.2947899937,1035581.6826359867,5089572.7214514343,1022208.834699912,8703240.0284294616,189863.82118562248,489902.22556087928,1115599.3207620538,997167.48687901336,3673291.614862306,1704525.8953211394,1330036.8128791703,1596515.8273252363,3322081.2561260634,3500956.8742068065,6002639.8584921975,19261690.855658602,20537005.856649056,22131739.332953047,1478927.2148718645,1083895.549034758,5924301.4205996981,1477312.835055925,5684326.6656764559,11702947.813584954,17225544.018917579,26347758.015346404,27169325.195566338,30018967.627196502
1494807.459944112,830141.63181869697,600534.05388966086,1278981.0126533851,770942.47260231257,1125001.3872409584,1435933.757954872,12526661.010744205,12549874.928462751,2049135.6051779883,2848255.4139862093,1048488.0344773564,5668805.9476254974,1140527.1346774413,9474239.6428633705,210595.82185290364,541202.49232145958,1215617.4664951672,1040065.6804637279,3838379.6531582731,1837927.8470309875,1497312.8342940516,1779989.4558412025,3639388.598289371,3820104.0826641545,6328578.7177564166,19566722.188401513,20833160.161781933,22416399.418067578,1729192.047084732,1245061.6747817588,6667107.3405564241,1575076.8798751009,5969073.1803155309,12734847.315358346,18369462.961987264,28240529.74720367,29031420.933677629,31755242.897648215
1484116.8862537313,824246.52751033125,596125.07779917889,1183158.5471122894,724402.89428585919,1075862.2276158871,1331555.1738816651,12478312.118674906,12501355.567211838,1874598.7089556821,2636638.6668092897,964336.40304053703,5248434.8382997923,1056185.3763301848,8767537.1669065952,194010.01390977556,498507.70682907966,1120847.7867260191,954467.02384698589,3515395.8600360812,1688500.2026025283,1374790.5886067417,1634789.7355800634,3343389.9893963099,3516251.0771989776,5929854.0682114754,19114424.907239348,20371852.769498229,21943783.078737877,1625910.066131742,1164935.95590718,6176546.9166819593,1442532.2632362794,5469309.1650243737,11736852.508051425,16951022.845896289,26102346.844209574,26876256.119326029,29484953.127060659
1473213.448582473,818192.30643218954,591744.20328317315,1106512.4988082864,719075.41651789437,1067953.0013484131,1321779.9844962189,12463953.8778565,12486828.077776417,1721822.9371743388,2617384.0900204144,952702.37019994669,4794473.7166892299,961790.66331638664,8036569.3822495677,177548.33734726542,457450.31727142952,1032322.5298980472,883343.06362506538,3239093.5484087495,1552334.3947311724,1263518.9759570248,1503093.4920805825,3075380.2510668365,3246970.7675350918,5638294.655043371,18803319.97404521,20051511.995654073,21611893.908408012,1472576.2349819369,1053724.1002432425,5620914.4356798967,1320017.9440260148,5031482.1462819725,10736507.260096598,15742378.213464078,24159915.019551869,24926491.561830495,27448069.11697517
1462399.9233079043,812183.75509894057,588847.7574025275,1108143.2682588971,714603.19395605044,1061051.739773944,1313577.6784542527,12450262.437676035,12472968.649608765,1714881.0463847008,2606853.1922408873,946963.48985178466,5468505.3559165485,1056329.6915516031,8853102.4924822077,186404.77719154157,474281.69225376146,1058814.1011026243,873089.21468559559,3227159.8454494304,1493378.4429858208,1201491.3246034696,1439056.6659803872,2952264.3806949677,3122761.330067412,5497798.9387789965,18643984.210636355,19883009.8803472,21431938.127016224,1623486.2464149145,1139542.0442842091,5986493.0637495564,1356706.0952557356,5059375.8151007947,11132068.181770289,16141594.778655384,25373962.788091484,26137007.769734371,28656154.804125242
1455331.9251251013,810640.67879810638,668281.05570308468,1404188.0057191742,835627.36653610854,1215847.1662867721,1513327.5195408347,12538697.594147624,12561476.525717566,1974952.4947541475,2996277.412761928,1128250.8802196726,6276670.8098430308,1227388.970538429,10295980.561341768,222217.96451585126,570049.55487998214,1270885.1536227358,1082011.7912874804,3832227.3202355341,1698224.5701500089,1439939.0589217483,1717646.7674564742,3438412.3622872811,3632294.8255356601,6279705.6019963045,19515526.983504791,20751944.418301545,22293625.064188857,1682045.0514605439,1241307.9210836391,6484078.1449623471,1563355.9192380283,5952034.0756072467,12534487.099740712,18359872.767294109,29092271.121395431,29964059.644680198,33119860.904037021
1444658.3453959059,804689.85453925421,617588.86419073772,1297206.2810996845,767505.74000174308,1118635.1491645481,1392760.6630397453,12467601.225068159,12490210.531613184,1808556.7490448693,2761710.9401246505,1035634.2051103392,5823918.302494064,1137904.1774830706,9541399.3055631872,204736.03130073645,525857.19961102994,1174301.9198852272,993400.35846050887,3512744.7556399535,1562566.6745245177,1323664.9683564808,1579256.1623911564,3162571.9422739148,3341047.7833084576,5808405.3530010991,18968032.675729133,20195372.580754265,21725751.892197076,1577459.7699354051,1154580.9917102414,5999187.7870835233,1433995.9494886461,5459437.0936281327,11549656.711864285,16935153.272446893,26881689.427968804,27688922.585018154,30611903.543867853
1434050.5527036858,798779.80987555999,590649.29413007863,1199876.1447631372,718690.41170355654,1064744.2418189696,1319431.8865463305,12425872.082468666,12448315.340897415,1653874.5888130874,2617117.8115160675,954336.26570199872,5349760.770863587,1045476.9113714788,8782191.108337421,188129.79097504902,483806.52382435946,1082902.326032111,912255.49927839194,3217656.578160265,1496033.6991116481,1217791.2296553464,1456573.2174309455,2972482.2821726934,3143383.2878762726,5518928.0188475531,18631743.757723056,19850069.544961557,21369215.784686383,1451479.5720085916,1063538.4073938068,5500758.4016402094,1310883.082718306,5001626.7557322849,10586600.206296224,15637721.326286823,24800904.440816291,25568624.492742434,28281112.580166366
1423519.6903529123,793068.39868800458,586999.28728638601,1117367.9786479997,714129.85435839219,1058084.1982546682,1312403.8310440395,12412867.619798858,12435175.157506537,1524985.5278995817,2601561.9318845402,947890.87888256239,4967922.5962528102,965506.31871025905,8160347.3262830945,174472.34138188785,449673.07048507547,1007808.4392362001,849088.6948818668,2975618.048396111,1485941.6930753083,1130673.4212103863,1367889.2396435631,2873575.9564417587,3043339.0822815681,5402862.7991060745,18498250.778584242,19707953.394292142,21215950.433271997,1347888.1926718748,985437.92411199328,5126793.1833960582,1203591.3998616345,4621366.190581413,9828099.678236438,14779321.77843005,23318045.695106,24079169.175207641,26618672.347171426
1413073.021177857,787247.06567859545,582688.26738810481,1108117.2020571078,708889.2742056509,1050318.2295399592,1302777.9295283027,12398624.986748949,12420768.735629646,1398990.3448838708,2582463.5820410107,940939.41796442529,4572471.4867471652,886888.28019419266,7559985.3794865711,160595.9028766125,415072.57459705567,934090.67746249528,782546.35149143892,2734525.4769307338,1475073.6291775228,1083692.6201969925,1319169.2262984402,2813842.9472365403,2982359.8850140832,5324566.4342859695,18400700.434507925,19601522.362964574,21098452.361574445,1243938.1640636774,903880.78078574501,4709036.6842672657,1104189.0715834568,4277624.9841510644,9066015.3761236165,13914566.516345033,21850149.523484331,22605683.184346333,25123677.237626739
1402689.5245268578,781462.9411565871,578408.74737805931,1099972.8036830991,703679.82397003809,1042600.8012412863,1293205.1819233531,12384408.810681134,12406389.901371282,1376381.4501070692,2563493.1885027918,934016.3380097904,4203309.3077582,814961.78180178744,7103460.8535993537,148113.85840909416,383903.84275655693,883003.02429115376,762406.92876003019,2648352.9111597147,1464193.9468014878,1075709.4033246606,1309453.2671109962,2793103.288060776,2960381.8369293422,5285372.511461989,18342313.676972527,19534313.792743277,21020244.39785957,1134870.3500205525,827129.35723899049,4311388.3716895059,1032576.6727393778,4116614.2121309484,8506773.3707954958,13275482.751267156,20751782.745550852,21501767.458876509,24001262.330489434
1392388.2438112225,775724.21094167256,574160.15296364122,1091886.4658010378,698515.18994306377,1034947.3859204376,1283714.698227711,12370230.950713398,12392050.615269409,1366282.7539775509,2544665.3723943718,927167.25728892582,3873063.8682046402,750885.06162428856,6693810.9940611636,136987.23195743604,360459.77706889634,855890.60191277624,756808.93099229003,2628913.7039230047,1453491.7060954084,1067845.2246682364,1299874.6341219808,2772679.5722819017,2938730.0845847647,5246656.8821213767,18284481.209513512,19467727.641242538,20942745.649589591,1036267.1633095333,758214.02338497492,4126554.3874061331,1024986.127904961,4086384.5214432315,8291131.168395387,13004188.330028197,20068100.079887085,20812576.082522001,23293705.540867154
1382902.7900771271,770034.7476942396,569942.85434228485,1083869.0400055735,693378.19141484308,1027338.8852012918,1274265.4714479758,12356075.886426805,12377735.280582119,1356197.8827385807,2525962.9502638401,920338.08476656803,3578269.6170327608,695116.76879138767,6328046.5835920339,134150.41618027238,355979.38021267881,847769.45391901431,751240.88484144863,2609543.1013634782,1442764.2923606723,1059970.8815871167,1290292.3333090143,2752227.9452690282,2917058.1226220592,5208013.8839476202,18226779.652106449,19401450.826296709,20866388.012421593,947475.85909412347,697294.29821112403,3959654.3939520633,1017429.186040615,4056279.0263181995,8093551.358102059,12770144.588983595,19465573.817113079,20204581.688502755,22667723.544024274
1372749.3059590829,764379.56027611566,565758.10947647714,1075914.3102621154,688288.49618853489,1019796.8257556572,1264918.0883785973,12341964.847256657,12363465.179318234,1346285.2051687709,2507422.5336726052,913583.61090236891,3314321.774738417,690053.23917005036,6043954.8218251895,133169.67189273858,353371.64831631701,841552.73137467459,745730.5268069451,2590434.9346150542,1432173.2733960343,1052255.5252470672,1280885.8311639288,2732089.6324025011,2895709.3374339873,5169844.8120235801,18169632.761825338,19335677.097893421,20789858.343202859,884573.98934691795,689083.92799808434,3871559.6716581127,1009986.8913412469,4026576.9220261029,7975184.5488679558,12617454.103417633,19026093.689660892,19759675.232688248,22204734.132230181
1362663.1397458927,758764.66652806045,561602.02714660892,1068007.4244517908,683230.57787833328,1012303.8984092887,1255617.0268968095,12327879.107435144,12349221.524456976,1336353.8231001485,2488997.326148768,906868.18207128684,3218510.2623229492,684936.07373726089,5928040.1776249073,132188.31619705993,350771.85118668649,835366.02341426245,740247.60429977626,2571358.3434135458,1421650.7992688634,1044523.475329959,1271474.1883198118,2712015.7414755961,2874433.6409712685,5131860.9413893521,18112731.607673299,19270210.93863079,20713707.936418906,877584.75347964687,683940.20162636635,3842536.3905497654,1002546.6221823939,3996929.4509346313,7915947.9154856782,12524106.027825445,18814152.44962563,19542345.3354569,21969440.892028872
1352653.8667218327,753191.96742616256,557477.28749986587,1060161.9025759238,678213.07412357605,1004869.6584363678,1246395.4720776044,12313829.747668136,12335015.421730215,1326528.3965667621,2470715.5629150537,900207.5772947137,3194710.0634546466,679832.47391496121,5884263.3836072786,131214.48916293215,348190.80164865119,829224.32854185998,734809.74887699366,2552460.3303032899,1411200.5344548514,1036848.0763072006,1262131.5396039195,2692084.0837402306,2853309.0895747435,5094157.0700352443,18056182.662591524,19205161.012347478,20638055.064192437,870810.08871548309,678749.48751076078,3813790.6669704034,995165.81139475631,3967543.2888241773,7857254.2982143518,12431559.900841136,18675170.854487468,19398015.522254378,21807283.86734841
1342723.7695779356,747661.46125629381,553383.39335025148,1052379.2315022694,673233.52370775328,997491.23688277917,1237245.5322204672,12299814.093057498,12320844.182620097,1316797.6452984682,2452573.5944510107,893600.95948324678,3171416.8910810188,674906.15481736814,5841287.4881348507,130252.55110460037,345635.85788139887,823136.73991521227,729414.22261574608,2533727.3254107796,1400851.0670099198,1029241.9743490493,1252871.9791793975,2672337.3593001645,2832378.5379649363,5056774.5368747981,18000024.278845891,19140565.617772661,20562940.314410232,864755.67028799781,673873.17484829098,3786237.8377795946,987860.81275712687,3938421.3385599093,7800021.9464865904,12340739.203695783,18538735.228862014,19256271.537579544,21647849.585408948
1332885.7631697059,742169.66011987359,549319.10955203348,1044648.7087808663,668286.69463266665,990162.78031257284,1228152.8668145782,12285828.024503453,12306703.726130087,1307104.6245568686,2434558.35721377,887030.80156324664,3148171.6985388058,670045.9781104282,5798632.4577565724,129304.6281030518,343106.72496349382,817101.55185316352,724055.69758875843,2515095.2836861783,1390600.0570696676,1021717.5647212937,1243703.8287025201,2652781.4651846788,2811646.9465749511,5019755.1473757084,17944309.551290751,19076473.544389542,20488429.805534732,858031.94229876297,668888.42818644294,3758021.4782849243,980602.51667656866,3909469.9646033263,7742300.7671225723,12249677.174493739,18402398.415393848,19114664.870546374,21488676.887348335
1323104.2628501651,736719.26580983796,545284.77369236294,1036987.267719335,663379.68145209458,982891.96279342333,1219151.024694215,12271879.989289248,12292602.379668554,1297559.4629953378,2416678.6727925139,880534.44792312477,3125077.6529952558,665144.81148635095,5756124.9519110639,128355.19259810835,340587.06596438866,811100.7843878956,718801.05183884245,2496743.9250484337,1380401.3339648114,1014425.6485121965,1234820.7864865407,2633564.0054848841,2791262.8558252226,4983172.7192078521,17889088.249022909,19012937.70143621,20414539.554465536,851798.77438228438,664014.06295288191,3730630.1938925488,973487.65105371235,3880964.9019019287,7685855.009229443,12160128.713363202,18267741.953150135,18974777.358799078,21331413.429992873
1313385.510596551,731308.36568827566,541280.35836144432,1029537.3453003187,658507.63434117381,975673.32918397628,1210197.6763347096,12257959.018220741,12278529.219685828,1288149.6952457302,2398934.0910546021,874069.58724805841,3107602.992149055,660518.86634046515,5719607.0687641799,127413.71690193511,338088.50787515816,805148.49379375961,713525.23149250704,2478531.8600499285,1370276.4382398147,1006984.4154427842,1225761.8280567671,2614245.4561010245,2770786.2460466963,4946600.1584556103,17833938.249035947,18949533.672114551,20340840.283035856,845699.18308102805,659211.76993904181,3703540.4782937886,966361.66239191522,3852611.1858047913,7629866.2579530356,12071289.352224084,18139803.351577546,18841646.424326047,21181140.867755476
1303743.8679047539,725967.12261963263,537305.188623016,1023120.8371294879,653670.96646132937,968507.35274393018,1201307.9450933305,12244079.340474071,12264510.912219889,1279527.4008849077,2381407.5773996226,867647.69795588951,3102492.4888621918,658692.80568661483,5701063.1872822754,126782.87471656229,336291.0000565286,800305.47292471933,708542.19214943401,2461935.5586598511,1360202.0105107487,999581.12058165914,1216751.0725558253,2595026.5483094761,2750417.5868825377,4910252.7712372048,17779158.094052952,18886590.052909393,20267682.7555934,842862.84324613714,656675.87302747625,3690476.3240702087,961225.2245792204,3828097.1115988637,7591751.966376856,12001934.426539589,18049343.081421115,18746032.007406954,21070770.81332808
1294167.5172516371,720634.86080393393,533358.76043002517,1015946.5976068157,648869.38733827043,961393.47272229881,1192548.0740146856,12230240.375282805,12250522.05035747,1272973.7949876795,2366998.1287862551,861296.62336754729,3097841.5703905448,657054.58361223049,5684211.3276300412,126731.05679768619,336050.35052650276,800214.7942124214,707148.51314815797,2453792.1823473466,1350204.0678705666,992235.23329475697,1207809.57389463,2575954.3587300787,2730204.0054785116,4874458.8593974356,17725008.425200451,18824306.482233137,20195254.75931963,922957.28525791538,682611.96281615086,3826663.7267151349,960126.91717523604,3825197.8267105697,7731014.3380916044,12125163.494404143,18153176.571802747,18844748.512952946,21152753.880860027
1284663.7282317246,715342.8756894432,529442.01630156033,1009075.5728693594,644585.22515945882,954926.58490817866,1184351.620661462,12216703.936988665,12236836.670902211,1265026.1735772179,2350374.170267629,855539.29255918576,3378912.8641584143,666349.52344398294,5964299.7119377991,126717.33318165193,335646.19887453754,798075.88898630079,702701.40550149197,2438782.0949801365,1340326.990562886,985016.67292239564,1199030.4600745644,2557175.6235549748,2710364.2061883355,4839856.2755006645,17672314.018420044,18763539.199283414,20124419.80938042,1227525.3047557606,794333.14707637671,4378327.797943118,958967.99237169011,3802424.0024651,8255943.8521730732,12623863.890183313,18929440.517580949,19615933.800154801,21907579.757489435
1275284.2939265317,710089.25413293368,526278.83854257304,1009402.3330220241,641754.19603680482,950305.6550320721,1178973.1182110144,12204431.324906016,12224416.196047962,1359181.7634485085,2343506.0815663603,852401.64221021929,3743482.9731855756,745004.77151075902,6462234.6069600405,138052.8813994629,360603.83047337149,841073.89999234339,711658.71663870849,2572874.3882295331,1339578.1724273402,989541.78730421618,1203282.5026638806,2560618.8038270879,2713186.8196625165,4831146.8654656457,17646809.720506266,18730020.792709291,20080962.228223819,1296953.6726044924,868240.88654422888,4775630.1460591676,1071558.3490236457,4061100.2361885631,8914331.1993738227,13320918.372733571,20123038.871892188,20805635.580527972,23089986.683571521
1265966.1900767477,704873.95483327319,522413.97958757915,1002011.8717176608,637042.37320167769,943327.70709216699,1170320.2628333771,12190660.36005719,12210498.456127342,1269314.2322561825,2326303.3936821404,846146.45735936705,3455401.4036348606,686179.36870491493,6056880.8969032969,127315.58007277235,336778.55869190325,798978.42904497997,700256.12119682191,2441739.1250761426,1329812.9327625949,980761.67519103177,1192934.3684750453,2540374.9922365425,2691822.8026302923,4794233.351902415,17591636.162801109,18666891.603682835,20007959.287394691,1196288.2017034518,797692.40264048381,4374673.8802989414,978312.210614732,3824144.8342688521,8272505.8769785613,12610822.372783845,19005093.058620431,19682676.862570237,21950274.287356354
1256698.515272361,699722.6475685942,518577.72332426842,994977.52313350141,632365.77843808476,936401.91448879498,1161729.2256977002,12176920.131702116,12196612.540332701,1260248.3409552437,2309249.721065734,839938.1993544203,3351643.2374614966,661508.11251386383,5915556.5894459784,126624.34532711118,334787.13077073777,793909.28968850104,695160.048381645,2425269.8797067585,1320117.4671550684,973567.08420926065,1184183.0151735058,2521798.7460684623,2672134.6905071377,4759111.4833244067,17538318.29808972,18605702.359145571,19936950.818560235,1132276.3090373895,754011.88958274398,4115300.2669350095,962941.19813138572,3789851.1694698655,7978394.1092148181,12285993.774345776,18536462.459341131,19209070.461976614,21460339.835200731
1247490.0633772314,694633.64459857077,514777.17727185995,992159.83845472755,629936.9899597175,932359.75924541673,1157179.508218464,12165032.039782105,12184580.633173464,1263649.7716386442,2302240.9934210628,836431.18209433579,3769653.9123723046,719201.8138180715,6392497.0977939246,134302.12875442533,350436.47727929585,815597.77531142754,697055.8044612126,2452162.4452730231,1311976.0513172087,967357.7440835922,1176757.902720433,2506136.6176298563,2655666.9712561225,4731359.4641566472,17494270.00321601,18553865.036803406,19875357.56349127,1156459.4902602322,794309.00025864481,4251256.0682902336,1017676.0675754988,3872972.8058506697,8197569.0209014872,12517546.080938801,19242698.701600716,19910398.163698029,22152311.720427264
1238343.6082124738,689532.24978009146,510996.22992035816,987489.13040097523,625312.70052308298,925514.41587991128,1148686.0273992906,12151345.002523102,12170750.030601945,1254502.2297266412,2285402.6385780517,830296.65168561065,3667727.1790883159,677811.57182716986,6237031.9723911006,126810.86014767588,334864.96905951726,792462.86036462209,691946.47292731714,2416422.3526402796,1302365.5362059379,960259.90234749869,1168123.8334671455,2487764.2418103903,2636196.8551377044,4696653.9621299645,17441486.643546335,18493300.000538979,19805102.590761337,1088992.5765138769,740370.9546105935,4052877.0926088062,964400.50976977136,3780726.7179609723,7906437.4563712832,12178026.863753418,18745291.637240857,19408087.251172323,21637358.306500994
1229774.0804506049,685540.93810188794,511220.05092052702,1061122.9261081992,621481.02786070725,920205.58390322549,1144827.1855145751,12139770.09359674,12159105.200204136,1245281.1634094464,2279759.4222263019,824316.69469170563,4132397.1516038445,766776.33229725156,6905204.75614003,133064.72857483113,347066.77196976397,807582.88295969251,687593.6887361852,2399810.2532001114,1292785.6055254766,953199.97350603121,1159536.1546027304,2469469.7399976314,2616831.2851231229,4664081.1226449627,17394409.699577395,18439815.447964773,19742519.410221633,1056490.5380983646,749083.73059074173,4030674.9840946756,958825.51970108424,3756609.7788388133,7859810.1609546244,12140821.404605521,19376981.972244024,20040776.992732774,22399434.142650675
1220738.5107269615,680505.62873278256,507467.00679682085,990933.44006581488,616916.91112033173,913447.4105660792,1136426.4614096424,12126134.277117388,12145327.381288452,1236118.245729208,2263032.4519403838,818259.72164239164,3813360.4268582738,707008.54925237398,6415526.5135719646,126853.23148925044,334548.42667688482,790148.49103585316,682548.25023591705,2382174.3040023535,1283328.9313916049,946227.6295259631,1151047.4063788913,2451398.3585117864,2597677.4490704197,4629889.0037139617,17342244.307618115,18379971.563654389,19673104.302775651,968829.56622215023,688570.77871359733,3866380.1651281654,951817.78411140968,3729045.9038057895,7667418.9588758126,11905506.612853857,18649558.70651222,19308187.025207851,21541954.39655764
1211916.7925295702,675507.77980045346,503739.74729525368,983643.10250483546,612386.08530344442,906738.81192765571,1128375.7741453848,12112608.885801522,12131661.085710434,1227000.6814605156,2246433.6975280317,812250.51783786598,3519304.2426820202,666725.01079751062,6067322.6347423121,125899.43055144139,332057.79522753856,784317.83021851117,677528.83662912599,2364628.7645762525,1274410.9103221823,939280.97592972289,1142596.7284317093,2433904.648125703,2579109.443477958,4596494.9151481064,17291044.115772847,18321157.04597443,19604936.41338145,891326.48282189027,668528.58741683385,3752738.1025042529,944753.6825564329,3701546.0932036568,7525785.3397386512,11732896.143833227,18126331.442445513,18780122.307456519,20997665.208969478
1203016.459009107,670546.86889640347,500040.17098356655,976425.76844838366,607888.99218707392,900079.99263521389,1120091.3578355738,12099031.989343539,12117944.268757131,1217999.3807124232,2229937.0243010246,806285.80987256835,3253853.6281301142,661941.4897912849,5783280.2256860575,124978.57710376329,329624.37570480158,778563.71834902861,672553.53853898891,2347273.3053059783,1265055.04376577,932382.74192884518,1134205.363652349,2416033.3252060506,2560171.755217921,4562742.0968485288,17239440.55878751,18261988.239599228,19536339.488755971,860300.30160427385,663812.96853814065,3700916.3641461357,937823.21632264985,3674379.9817294194,7446272.3615586348,11622493.539903216,17729491.491311278,18378480.797365658,20579744.806193713
1194181.7091028083,665622.41000533465,496367.24233819667,969241.62712474912,603423.72160354815,893468.77727272047,1111861.3697400689,12085483.046283731,12104256.429374464,1209032.0785206421,2213552.9490403314,800361.80230113573,3143959.7388064838,656791.84411484608,5654504.54996219,124050.53590708991,327188.09901284298,772826.04855599185,667611.15707644133,2330007.92928631,1255755.7599927762,925529.70127940085,1125869.4609823534,2398274.9426468331,2541354.6539534288,4529215.0986153111,17188122.158880979,18203160.227528777,19468152.829935662,852986.19844773272,658479.51481057459,3672207.0197844841,930912.56550751615,3647344.0897907517,7390005.8287526425,11535527.599692922,17511372.257034082,18155594.705331832,20340678.098463174
1185410.6909611011,660733.79915756453,492722.43376140198,962127.05994912586,598993.47723900666,886908.53270410153,1103701.303035384,12071966.919472594,12090602.430204751,1200173.7709639517,2197302.8251576573,794487.34369612031,3121012.9310219991,652026.07971558871,5613182.7348157736,123142.71918248733,324789.80845251208,767156.24634341314,662711.38521410851,2312921.5731816711,1246569.8165755291,918737.73501638544,1117606.7958446564,2380704.0665003569,2522733.115676722,4495998.0674762903,17137177.71653834,18144761.038792886,19400462.588120759,847256.09773349145,653801.23498698405,3645965.9388849935,924095.01569108642,3620602.8930984335,7336506.1447712276,11451596.142044183,17383759.14653584,18023250.948011346,20192300.77482567
1176939.8349525889,656166.60406881117,489103.51201229828,955058.1658854991,594592.96956526209,880393.40064085368,1095588.3021328559,12058483.680094948,12076982.324264921,1191340.6023323105,2181157.9052029303,788649.04707577114,3098122.0492737019,647213.32366814429,5571960.5792474523,122236.87366528946,322402.29586768564,761518.97517871752,657841.32530554454,2295912.2574411528,1237418.1293554662,911984.66463807016,1109392.7258282148,2363216.9239073684,2504202.9088489981,4463013.3681115126,17086600.291478902,18087166.544118464,19333881.240678292,840787.62590243516,648955.42023024755,3618890.5435586586,917298.3814176477,3593979.26318934,7282293.467082398,11367228.288231233,17255826.697378933,17890652.568495709,20043778.721322291
1168456.208538725,651715.21419435635,485511.47846509458,948046.83474280464,590226.14373889822,873927.64793454448,1087542.0324064535,12045024.755550858,12063387.549203262,1182585.870080597,2165138.2437728383,782857.2104702004,3075968.9910055134,642584.44599359459,5531767.3389132833,121344.38682399318,320042.33988145483,755934.97681689577,653008.84812789306,2279043.6239493797,1228334.0479850066,905289.1566392919,1101247.6179706079,2345867.2475687359,2485817.8280468285,4430306.1084842086,17036346.595486678,18030011.083493002,19267739.987715509,836528.64130317874,644634.58467418852,3594773.1224423633,910559.66055074416,3567584.8335608416,7231275.2132619387,11286231.410652054,17132311.16145993,17762474.793843951,19899790.899240118
1171671.8888648686,653021.58183497353,481945.42009686056,941077.0161243442,586437.93970230303,868557.91081590508,1080177.9028163883,12032247.513751864,12050534.974040397,1173900.1869903977,2149283.4584781625,778285.75975882309,3054748.7139194696,638199.81465232756,5493626.1137065617,120695.55566515888,318438.40853770863,752002.1243646678,648212.46155013517,2262305.3991506938,1219769.3681589644,898834.65392083256,1093361.4755506951,2329304.8621640741,2468340.4403883568,4404586.6625394486,16995970.572611537,17989955.606608238,19230638.81250634,828332.3887384166,639908.25751587399,3567545.7077173344,904237.44040585717,3541752.1283836286,7177718.0883492045,11204716.737764232,17010346.796215933,17635881.998141993,19757493.480461363
1165187.6648547733,648696.02762403875,478406.54555455159,934180.90896524512,582135.82259185868,862184.35092902393,1072255.5856055317,12018848.270510472,12037001.497584257,1165333.1732658728,2133508.2139111995,772585.67014703027,3033462.6498254584,633953.46254204051,5454893.1627424676,119828.95476345172,316131.73495947721,746521.1321613756,643458.99515463039,2245756.4705612627,1211067.5333640431,892251.05145418108,1085351.9922891043,2312474.8151666666,2450490.1633254001,4372563.98445604,16946463.048847303,17933649.122153554,19167341.350401137,824249.20867260417,635933.27234923595,3544213.9530931949,897677.07349952916,3515889.728538062,7128021.5769261187,11125499.114662271,16890105.020934552,17511046.86132355,19617093.931508243
1158494.6724984287,644244.01255370677,474893.48250556964,927315.25411114853,577858.80091664894,855850.4350100928,1064378.9573049201,12005472.884129172,12023492.786199538,1156773.6133321864,2117840.0539782466,766905.59533847938,3010495.3080006526,629031.33112179919,5413868.0922209229,118940.46769275842,313797.35894190508,741023.51524918433,638732.4131709775,2229260.5091276313,1202164.0200538747,885692.66307546152,1077374.1624921395,2295475.5301136752,2432476.888827635,4340427.767252801,16896883.425347738,17877153.551682316,19103649.679197881,817294.72589252982,630909.09242700587,3516883.9410695159,891070.58038515213,3490051.4062016611,7074354.414201064,11042486.280792663,16763792.603496607,17380174.586247902,19470749.618962556
1149985.6507769472,639510.52335333172,471404.96337987209,920496.26644183043,573612.66969043191,849562.37347317825,1056555.7809073711,11992124.979421489,12010012.510977885,1148245.4809876676,2102278.8773022378,761266.75740414858,2988043.2555582603,624283.63440203702,5373624.9547902457,118058.96272782903,311480.52324314479,735565.03509384429,634037.78072959417,2212849.9754292602,1193318.9253544363,879178.52475593425,1069450.9468550112,2278590.1495020101,2414584.9958548774,4308515.9281661343,16847576.295650188,17820644.622528363,19038132.240362253,810234.02167733002,625969.12222482264,3489622.561534706,884480.84209797671,3464334.663160326,7020881.087941559,10959844.860500988,16638649.954198435,17250504.254667103,19325715.735783838
1141538.522774047,634813.9615970361,467943.21369381202,913753.50370939856,569401.48536629719,843324.72475667868,1048798.961343867,11978809.286027621,11996565.453967309,1139813.5046588592,2086843.8441454913,755680.97684866691,2966432.5652159997,619829.2164626373,5334634.7729515126,117198.74664368392,309203.71900420176,730177.1304759715,629382.9239646222,2196601.4058088679,1184567.1188002538,872728.65667288878,1061604.897516446,2261876.1305802567,2396872.5151739758,4276899.5515677435,16798627.640929844,17764549.806610983,18973094.564322349,804314.7891931365,621495.61701894191,3464173.0578487827,877988.92956152384,3438899.4342946415,6969504.9202521583,10879560.148841301,16517133.866654854,17124494.955489833,19184483.475541539
1133153.4773803107,630151.07171657181,464506.35194036405,907039.27867912373,565218.4035786672,837129.79329501151,1041094.6602400697,11965520.223251387,11983145.981617477,1131436.1912931819,2071514.7079704539,750126.47175467154,2944459.5405822098,615189.09896243957,5295174.0746293077,116333.44705830235,306924.89520873834,724803.48845770094,624759.1660769881,2180460.5770919886,1175856.7527608173,866313.42085727921,1053801.5340811729,2245247.0481525091,2379251.7146796263,4245466.3651537625,16749917.929310992,17708745.468430527,18908413.077986769,798296.12339816988,616834.13437313761,3438483.1725062542,871527.11475175817,3413620.5398873594,6918048.1914562108,10799372.315335896,16395260.448916396,16998160.760066405,19043016.814470463
1124830.4158791711,625523.53704855905,461094.8822991983,900381.0553952523,561068.17322786502,830982.74579994113,1033450.1563604476,11952261.071615281,11969757.390851423,1123119.8840137064,2056302.1770659315,744618.74557949812,2923472.1233477816,610960.84283922042,5257221.5548468921,115492.06298316355,304691.12702982733,719504.83952300576,620171.02264515951,2164441.0140692415,1167222.3762508943,859951.55056126788,1046062.8966930335,2228759.5540824872,2361780.1643084921,4214290.8923113514,16701525.478957249,17653311.583227616,18844167.626542456,795254.60189022636,613283.43071447301,3417218.773971261,865152.43766630476,3388571.2209142265,6871250.2407662496,10724164.926594369,16279892.06529874,16878364.52409634,18908206.078073494
1116570.2280941075,620929.38076107565,457708.80920164956,894028.34198128385,556947.55361300521,824879.76036511711,1025862.0631339072,11939029.954241095,11956397.772022491,1114890.8096503275,2041203.8967106724,739150.75606117048,2901921.3136628768,606205.18666888087,5218258.8298042025,114630.93097580687,302433.23624613101,714197.54688435397,615619.15441235946,2148567.6662498871,1158651.5634484026,853637.25099531014,1038381.8200169391,2212394.0187543207,2344437.6925491514,4183343.5522283232,16653417.984263886,17598213.916209903,18780324.894912124,786828.46870273002,607810.53472552472,3388647.4427393246,858783.35512260825,3363692.6110821604,6817319.5331053324,10641977.445617199,16156549.599957284,16750627.067373691,18765863.925392009
1108376.0116349109,616371.70085672406,454348.84053680982,887485.29539717198,552859.88673271285,818824.74227942922,1018336.508434449,11925832.081868136,11943072.485004125,1106731.2399517109,2026225.1388516049,733730.76107399981,2881428.3043244244,602148.44033805607,5181178.2829989055,113810.86167722543,300245.61373152793,708994.20606022677,611102.92617651075,2132823.878639007,1150560.4221139946,847415.98761430394,1030806.0408396261,2196614.3296386716,2327688.7596086301,4153302.6698937919,16606335.113431741,17544195.273656912,18717630.761864066,783619.8204087225,604314.22547651338,3367567.1553366855,852523.73318771098,3339073.8590658456,6771143.4105195869,10567769.834533431,16043085.686259966,16632801.773296952,18633263.19188733
1100238.6983134248,611844.60527738568,451011.78545730509,880985.18548336718,548941.03372878395,812969.44672735769,1010855.2780359092,11912695.72088992,11929809.491895467,1098671.3067457988,2011337.7744715926,728374.48896170943,2860521.9477153192,597502.08433430817,5143144.6990432674,112963.50379331392,298022.84466744034,703765.81748004968,606614.78082020173,2117229.2785373214,1142096.9442380057,841186.66877458349,1023228.8183421923,2180461.6261433926,2310573.1774086272,4122811.4380568229,16558835.379680278,17489807.398839377,18654627.774740171,776515.62445668387,599349.97488936642,3340859.9633151791,846301.787241415,3314659.2707861401,6719547.8679736946,10488262.244702829,15923384.458242396,16508794.464520698,18494582.181056425
1092149.3582508699,607348.83156591922,447698.38596370484,874502.89105703798,544907.99512726662,806997.15056667989,1003425.1199942764,11899545.918810681,11916533.987416258,1090507.0031786631,1996555.8563517127,723018.4820561636,2838988.7378329383,592900.55867019028,5104616.2571101049,112122.19162057803,295816.21311927517,698573.49887650344,602150.85004410299,2101570.4170465744,1133684.98121805,834993.56735785282,1015697.1342825404,2164406.7925003027,2293562.42600674,4092483.818139981,16511513.941592526,17435645.946101196,18591902.595928103,769410.4122606382,594476.05076084076,3314311.4854066931,839987.7435064452,3290105.1271818159,6667974.8775270777,10408974.267455617,15803423.410635909,16384532.909055198,18355722.904115811
1084128.1752616926,602888.3833543926,444410.20416599867,868081.75200699468,540905.84041599813,801070.14796437137,996053.90373599494,11886425.388982728,11903288.693442933,1082495.24686884,1981889.9310115031,717708.42243688263,2818171.5026189093,588547.76721882692,5067160.6575504122,111299.05942042901,293643.66738810646,693442.3040991067,597727.1871841047,2086131.2437429088,1125360.1678028912,828861.70340962952,1008238.2460853099,2148512.748985183,2276719.8573581446,4062429.5882158433,16464523.994658239,17381869.030571222,18529633.679379534,763982.29142244696,590134.58568271657,3290232.6157571529,833816.60975563794,3265934.4877672987,6619258.5624404214,10332779.263227675,15687644.203252919,16264485.728135953,18221200.313439935
1076295.5760553456,598740.70632135239,441832.1242355284,905037.00370554603,536933.55308114015,795187.20705654135,988782.70215680776,11873344.130667184,11890083.590247478,1077074.7139420239,1970257.7927474773,712439.30157044495,3310452.703150799,662291.98087781586,5667153.8351393193,114700.00926326119,297586.35242770636,697428.15467298345,594665.78394707036,2077896.0911751343,1117315.1124857957,822774.24550116772,1000839.063686854,2132959.0734990626,2260240.1797462786,4033072.8290556511,16418354.137097362,17329242.037975833,18468706.724303178,835251.68529274384,644999.87125899771,3537338.8134098374,847113.23753061367,3270432.9109705649,6870766.3508725017,10574505.576830212,16528759.026298985,17103124.060164131,19099934.564082731
1078628.0694653445,613378.703059686,448304.73737582209,922985.70569386752,553215.92197554989,817032.06230994954,1054761.8798028668,11887106.67153004,11903903.57095458,1134016.0168063403,2021498.5774753834,715605.12841022143,3086659.1485606991,630284.22261184861,5430703.2233954445,112952.83841084124,296155.44709589274,697140.96467136091,634764.87746748235,2192653.681038897,1178043.0704535274,824914.45758401928,1006342.577624237,2199817.0954210395,2331026.9893868016,4152567.946326822,16554092.730266467,17479710.360868435,18621532.434703644,768972.01047361793,608493.86994803941,3390683.4886898655,867201.32931696891,3411932.6013606437,6866474.0182163492,10645287.953750286,16369549.941090027,16951796.647105459,18997766.619755935
1070715.5313744517,599819.96361143037,441561.32095757523,874166.08297148766,537596.68356005149,795948.28900519654,994262.83773152158,11856924.293465443,11873597.830947343,1080066.0797788114,1971282.8255103838,710360.18651956529,2841072.5696079331,592662.2233203192,5099401.9846373359,111383.00159099059,293250.96443802444,691302.44479655963,597143.84229724796,2083935.7328197623,1121135.358885481,818903.66801981267,996876.40884312859,2132853.3194561494,2260284.0042790445,4034269.2606536676,16401833.093807245,17311598.428903021,18445043.80503241,763402.49186537648,591797.47454009322,3300473.3012530184,838089.72267852828,3267073.5582961831,6630418.9633311043,10328328.591475895,15714717.4691462,16288518.849888116,18253902.918091021
1062855.3606134816,595415.908832405,438319.11591841438,867751.90125683753,533647.66736973717,790101.83019191469,986959.78491286864,11843869.246882413,11860420.333513554,1072142.866008949,1956807.1973488627,705141.74293656636,2819996.7871193383,588274.23701633676,5061713.815988075,110566.62835751397,291099.30334561312,686227.58568819868,592757.41763122973,2068638.7879295973,1112908.2071711172,812890.39103173278,989556.11679209175,2117196.8769199625,2243691.6577413874,4004647.0564832636,16355405.810780948,17258491.043612987,18383615.5997467,757630.080698326,587445.53471562325,3276095.5611804514,831945.26672721084,3243097.3731580363,6581603.254844442,10252359.507841701,15598952.743753005,16168540.76377172,18119496.813459337
1055050.7959806828,591043.96717856103,435099.08686080767,861380.13264217845,529729.45133576472,784300.37933546584,979712.13619612984,11830842.538358936,11847272.083195813,1064242.1987879027,1942428.0054978912,699963.63764373295,2800008.2836291837,583689.41563562572,5024975.8044007635,109743.95623522718,288946.09845568077,681167.64022356214,588399.85936345765,2053413.0317039534,1104725.0487219426,806916.30581188761,982284.27089225885,2101633.6766800317,2227199.5066315047,3975223.421887469,16309233.086632913,17205686.741467837,18322549.399904907,752020.67243494291,582824.81020801107,3251650.2751322188,825806.44831585628,3219215.7907822672,6532817.9385321988,10176584.396451285,15484347.117237294,16049751.001454087,17986379.55234598
1047495.2549254956,586821.38763582113,431903.06847890595,856715.49959219166,525859.85681378015,778560.95305271109,972852.76754043414,11817932.445086595,11834241.336271502,1064685.2161569269,1930411.8501854837,694922.75719237677,3052423.8024786511,597171.14418282523,5285773.7610993534,110102.6234793898,289908.62621832173,682583.44365463965,586297.75212874566,2051418.0379662674,1097056.2205720711,801929.18709735118,976093.22470889322,2087666.3908664575,2212320.163743786,3947651.1077998634,16265074.294009345,17155070.440727238,18263923.575963274,826138.76101161225,609309.11404688808,3360372.5848886264,827367.71462238708,3217950.0251456331,6640201.3038588781,10268633.302323768,15835117.020717677,16396367.89832657,18320434.21137967
1039966.4453923122,582521.14589112066,438352.08682003268,1034261.3637187973,537890.74780488294,791191.98611063301,1007166.0202667787,11820619.260077951,11836810.374870187,1454521.8184590219,2054890.4090655036,725060.37817706994,4744977.2686934331,886355.84801028564,7671596.4610538967,157564.56323142396,400865.17036998575,899230.00513860479,730362.53458382969,2735432.2473320584,1309878.8499259509,985931.17829415633,1180548.0709421302,2505617.6760605886,2633519.1201342694,4395842.026728224,16712591.052339954,17596065.047140926,18696955.801183976,1450665.2811933509,1032942.1420539661,5609861.4267773284,1265699.556925145,4424132.2917763935,10111304.80712642,14241481.445959568,22212994.087504242,22793004.468541615,24945406.248172056
1032874.7641868734,578739.04554696009,433734.82825662248,997807.16507315985,531479.917800089,784678.42620443797,988490.01705714012,11805144.069580063,11821258.360979527,1488306.1361811329,2045022.5751748362,707690.45614490123,4767451.1003508251,898466.53334981855,7719041.9746451378,162965.2902496754,415270.07336231822,929482.54678324959,767343.33658753324,2828390.2029407569,1316789.8164959813,1000186.4147198731,1192548.6812394795,2524026.1762469728,2649772.298446713,4390559.4634267064,16689203.176253038,17567025.357915416,18660468.049411893,1394840.4169144556,1020020.2181696965,5504339.5955216149,1276421.674357364,4538061.3757055588,10121559.282035895,14283005.815885633,22289505.080192007,22855773.524239928,24929310.902009752
1025290.489480024,574488.97141956759,430549.84677892702,914664.47193749913,527578.96680394548,778917.79980467132,977927.83992727252,11791336.268873688,11807332.213276997,1363806.1388671701,1949480.938349444,698775.06719079195,4643614.1242286339,856091.79620546335,7396611.1026976286,151599.95415824102,384318.13516640372,855869.76106684993,701838.05174822547,2594098.5039177523,1183204.7746800717,901647.45794912428,1078303.8827092953,2276088.4647727292,2400911.5761324568,4125196.7020052033,16406408.184358854,17277783.695561469,18363197.279658541,1341891.5489299127,970834.7930109892,5195087.5908254515,1184298.4096509519,4173579.4005240309,9440582.1144599374,13329739.250722326,21008337.903074127,21568761.090187844,23551256.534933519
1017760.2339232829,570269.93423205405,427388.02717796108,868389.32354736235,523728.60646603955,773221.62973586947,970873.99811727193,11778425.760033706,11794304.230487954,1282153.6004630853,1937389.7301673887,693690.18068073096,4638263.6377044022,853911.38051463594,7300900.0620392757,152043.4452706165,384650.70832657639,851418.53581056441,663200.54628015321,2468705.0806458252,1115248.5773423275,818558.75620660966,993918.23995701096,2123639.5543364105,2247546.0212957435,3959214.9515496958,16223918.276754912,17088894.372900631,18166336.147956714,1374987.0179386442,989030.53043571312,5311410.9239574615,1186867.2320410458,4045985.6755565708,9429960.0839216486,13253112.773038594,20833942.14913933,21390249.714434829,23318628.284181416
1010285.9883115494,566081.77745537448,424249.03215377813,862025.07548574766,519881.42324162874,767542.10923952411,963740.95470040978,11765502.753634064,11781264.608989079,1153399.151755665,1923160.7299553633,688592.29376893293,4250722.1599546261,778854.25149212964,6698434.6742729098,138492.24964379854,350886.89384247229,777861.65004575602,600808.71699490142,2227830.847864225,1107038.350660922,812532.51708970394,986602.95563407545,2108007.7494611032,2231004.0459190509,3930098.699862293,16178307.687704736,17036931.269857258,18106460.491034582,1253285.9519713591,900598.2132196353,4819569.4348880034,1072078.0302356097,3654349.9443066302,8539967.8086048849,12267739.235838069,19244047.325644959,19796269.098379139,21710498.331311181
1002912.836958949,561940.76963139197,421133.07698399323,855692.61214630131,516063.43356996332,761905.40107724955,956661.86487967486,11752607.231550654,11768253.337112408,1091831.3952281531,1909034.3623192755,683534.71326520713,3883718.0737023018,709380.49874635285,6249698.1459303154,126194.70485454844,320496.1925236354,722159.92233644554,596397.50056307646,2117123.5552166188,1098898.9881990196,806561.45964808622,979353.04826241522,2092512.9794682309,2214605.9423272186,3901225.0390609647,16132993.71284521,16985327.86706496,18047048.850081105,1135701.101377795,816651.97208088229,4360793.7774439277,968063.56451829767,3431124.354455105,7855131.3264516611,11505534.150364088,18031064.922882371,18579230.892231386,20479399.813856207
995561.86118258606,557813.53124293324,418040.18191387353,849405.47856177646,512274.04821391107,756310.53892544075,949636.56264885655,11739738.874609459,11755270.068365758,1083946.8758577486,1895013.8055872929,678516.70630779525,3568927.077006015,649015.22964282834,5862377.055396134,115497.49507297795,299911.66571013385,698621.76942245534,592055.18253192189,2087778.0528492047,1090831.1918811086,800638.06795002171,972161.00230973074,2077148.416339553,2198344.8601186699,3872579.2537110308,16087960.395978477,16934034.606470976,17987972.720343698,1034686.6766536835,745563.84784803202,3974605.8856050042,892516.13905892964,3323864.1020510127,7361218.8212768286,10966576.970783586,17102760.881533146,17646901.005215354,19533111.918137833
989250.96367789479,553920.29783149564,415154.3191937877,848109.24747890246,508510.2458848859,750754.36521382583,942658.80038446584,11726898.418293789,11742315.570734223,1079792.4407581245,1882316.0498486685,673529.30476674158,3544068.7893436379,662123.30070708727,5851344.3529886613,114897.9496557573,299726.4110132567,698560.78810089466,588251.956223496,2078345.4468128486,1083143.8168326758,794753.67976745591,965015.99089455744,2062212.040187391,2182518.1097134254,3844496.5776869981,16043559.818139208,16883655.631411858,17930854.121150903,974444.97597322927,716886.67562673346,3793512.2523549474,863419.21997679281,3283791.9037699108,7139807.4352611797,10728238.495165173,16852008.865164835,17392835.755781095,19273660.202118747
1092052.7897997375,654616.77204303583,547987.51953660732,1252523.3241472833,694040.13581330504,1014660.426070607,1324214.3659869751,11910938.525359323,11930104.763276555,1445555.6056814143,2493953.1337588751,891139.72102940397,5677570.4103149781,1087455.2642883994,9286962.9280529916,182146.65396335957,464052.14387271076,1048509.8131259696,802344.16799092351,2823749.061900835,1379807.3322080683,1077081.8007055577,1297324.5585190093,2694845.1090634023,2846846.3854787531,4982436.6449632607,17455930.462433692,18414723.96661514,19566984.15137646,1498891.9577168059,1095295.9141258239,5732392.7439338444,1324846.0214110261,4617470.7855429426,10438816.64016399,15372046.143577371,25025877.552472468,25737221.48919256,28362879.526405565
1065074.8787366094,702730.2555764789,573461.96216314344,1282146.441347284,791085.20578426833,1152784.069748681,1455660.6825605195,11984521.336607205,12006157.328734145,1664804.9951816509,2653680.7435717704,1025008.6879846128,5692855.5630051801,1107356.4684205293,9377727.7603443451,198472.99472583437,516186.59919556923,1158107.200153742,903876.1207225665,3220054.942146162,1637773.1245384309,1244994.3727922565,1500229.8562045838,3158728.2732966603,3335880.3455153513,5812989.6746405233,18409796.58493083,19405680.152153563,20529423.094413746,1589778.8475838576,1178587.3987759764,6308809.5975368656,1510681.4293632309,5226935.9783071512,11625675.466701411,16860281.787442472,26613426.187701646,27353183.434091855,30030717.000530295
1196877.2158660325,777898.62383004511,579795.67009874596,1360169.3456118342,816705.62843358447,1194702.518557003,1493839.0131010308,12003256.427695623,12026341.898606831,1792104.2220106646,2727016.3278022758,1051513.778340518,5704254.4395618215,1146511.75654324,9568188.2969793566,219234.72346643294,580486.16740313871,1298984.6516684624,976213.83915950952,3489018.6626010546,1723467.0827046889,1296985.1023919526,1560662.5872793188,3305492.9179694038,3486961.4898579246,6060418.0329274684,18715169.801332593,19800226.287899751,21057693.092309888,1559048.7632127602,1202611.0192494099,6468929.5136052631,1639965.0426892368,5655042.0039414996,12217492.602781074,17728301.53856907,27683378.810867958,28438418.278398566,31281225.941565704
1264677.3728279653,1014400.1826742254,761934.01779231254,1741493.7574023132,1215965.0916033552,1779832.8756502788,2154874.9588896483,12384704.167685376,12420057.36897519,2284233.4589151661,3452654.0864451611,1547961.8272194369,5695105.0643422185,1176288.8472677241,9996943.1303326078,240200.02634825712,641450.18305162759,1442670.0038032427,1158209.6821961491,4281115.7518292284,2386921.5650936165,1656129.7702166224,2024504.3517531939,4443472.4080862692,4716862.3258381411,8649666.0546522811,21952131.371424321,23302400.151175667,24630572.73625996,1711203.8614156498,1318599.6137406433,7286799.540200145,1937996.6693759363,6812005.0274159899,14200919.220672468,20821219.61127023,31313562.058450289,32317037.266252693,35939362.872808784
1291087.2309195183,1040187.4891362519,718961.7595632202,1670978.4464607292,1227015.4901176456,1800018.9120286945,2135630.5248000743,12381961.791776288,12418932.502608789,2284661.1088379207,3436181.335213169,1557993.9430310046,5343457.1346612247,1126228.5479235738,9534564.057683032,240622.18698647499,648280.11497316184,1463549.8873643894,1172586.9694569549,4295097.3285990385,2501762.496726328,1751983.9475755088,2134254.0320173153,4669102.017578654,4949367.2772253174,8952803.3362269681,22284505.806453664,23675649.380937923,25034703.340964135,1600203.8168626032,1259730.5930153274,6933677.2845643228,1901105.2404779,6789463.1022342946,13825566.819439836,20447008.654573735,30456531.881943941,31403607.833038211,34878906.79671365
1335675.9781350757,1150243.8825150733,847203.12838089326,1875012.9401032918,1546259.5289170905,2250842.8809686694,2761386.0233877478,12693908.924528632,12735688.155368853,2567392.026241418,4300196.9126712084,1963319.5050226282,5890662.3605630277,1244158.1179203619,10656382.483013419,273185.74039331492,737216.61564856663,1674713.1054641486,1384135.9772865877,4921064.1108547272,3127418.8659549109,2067807.0207555946,2541499.6198887797,5711174.0255756602,6068669.7922210163,11050893.642844683,24817163.383507375,26328913.200409483,27732924.047851242,1728665.8937188047,1381744.419116322,7662139.1479434324,2157036.9698633323,7768496.2907070667,15549556.795492142,23570331.503031947,34773803.720998943,35871369.753769651,39728777.084085517
1433388.6094787687,1229479.1430734193,915204.01089849777,1995182.8715180212,1641907.7960001382,2407707.3744961619,2968458.9493135428,12815836.349062601,12862275.766951747,2628512.84659397,4725615.487872446,2063609.0490459439,6381499.5563308848,1356987.0976818562,11563412.634999162,296155.67601738102,794010.14649462735,1793059.2162583496,1433878.8640247311,5076710.4163916996,3229014.6723455442,2067539.3943060229,2558053.2921276735,5831978.084420722,6212532.9704651712,11561968.389049158,25556510.006010469,27182144.766591795,28690743.977668453,1749160.445818265,1462681.0766367728,8109890.5512264222,2293880.1819648701,8099094.1954053901,16334172.607330598,25071029.605673742,37226642.99630966,38402331.280731551,42586115.107365139
1468701.7644489752,1236309.5336949609,836832.39335468505,1828544.2214256804,1507861.024275006,2221768.7928651976,2711263.2697028653,12677747.640924945,12721988.474515161,2395910.4839231479,4293032.8951132484,1883340.7899341928,5902437.746737754,1255914.2245940061,10652019.433141813,272799.37659259891,729291.87396762776,1641488.7849598615,1304418.6079484902,4624119.5098556653,2968351.7405242459,1878594.8277541108,2327579.3506360492,5337439.4966780376,5689091.7135667708,10706712.827089822,24522352.753876559,26142275.980796602,27682605.9955335,1626625.0337290841,1359462.407747284,7473547.3850707524,2107745.7421041839,7393869.4890868198,14981241.516338106,22933427.374529328,34128329.515577205,35203111.235398777,39064441.328222893
1311980.51588548,1113296.0451199047,755495.40514970466,1661701.9735302585,1364620.974623462,2010564.1604144631,2452562.9412044142,12524157.281163601,12564056.950549994,2164083.9935544371,3878320.9442825555,1702186.1696828357,5387321.233492353,1143588.1043833985,9711812.3703729957,248423.71054342424,664365.56499042083,1494614.6892114959,1181850.148201399,4184427.3245314904,2686751.3931845161,1699044.7841187967,2105277.5837663771,4829611.8408383541,5147912.1952351816,9688302.2626946475,23239494.769278105,24697465.023297537,26073619.173108071,1480221.1431761303,1237597.691524127,6796185.2582253832,1907525.6608661532,6692337.5362555915,13591963.603433935,20798546.222617362,31002713.110971704,31974523.413892463,35485412.765660942
1173870.2153225045,1000032.0552677934,682044.3868295087,1512168.0016528598,1232424.0762216172,1816227.1323401004,2212880.4175054519,12381855.827215487,12417807.329356086,1954853.1809483676,3501157.3615742838,1535110.3499966504,4924727.2937160451,1041819.3757709091,8864070.3883099388,226132.95838472812,604893.91280078911,1360958.5210197105,1070640.6560396634,3786777.2656841418,2433940.080676035,1537038.0298535412,1904227.427323031,4372156.4315673485,4659871.1006376445,8763469.8937153984,22072379.248485401,23383705.731680308,24619751.684968647,1343698.7325017168,1125482.925333265,6167341.2471111491,1729196.9089954754,6060804.1318194205,12322215.151124304,18851856.659653816,28162703.476899154,29041598.978027944,32237393.533964153
1081224.272993661,894097.71934117237,615985.24105647812,1373399.1434752084,1111905.0295572581,1639147.8877727883,1995997.7440611161,12251748.83650904,12284110.514819195,1764524.6583030813,3160436.2803129111,1382235.9365138961,4481716.4917558553,942986.29311964673,8063518.0937871039,204918.07868796107,548750.7495358201,1236896.5329095889,969863.76106830663,3425428.2179747657,2194090.2242231313,1388802.5345976788,1720130.6960639653,3944928.5352652539,4204666.5436566724,7907286.1740541374,20995131.316344596,22198072.657627828,23341015.572856296,1211158.3812905534,1013503.847169335,5566371.8671033094,1563559.3392219117,5483602.6290009655,11135590.085910421,17050616.711967643,25519894.743868865,26315266.124643866,29222463.581249744
1073272.9518458967,799432.62814228248,556957.31858663645,1249437.3318062588,1003569.8550940325,1479788.4688259426,1802455.4492348819,12134089.581824651,12163228.558248142,1595491.8119521386,2855101.3000950003,1246416.3966404772,4103080.0466052163,859376.08803113166,7370339.352081961,186533.34738488382,500020.09750643163,1127860.4708123947,879392.01331020752,3102641.1323114112,1982399.2866645232,1256461.4441793773,1555770.2287416107,3565911.1975868116,3800459.290813528,7143028.1080297213,20032041.492746722,21138049.2705313,22272587.544939037,1096757.5879848665,918987.27707010414,5046843.1925864546,1418004.9199927961,4970284.2663427098,10095171.82653046,15461690.840756083,23201089.79650487,23921847.208965659,26570753.232383754
1065392.0389848331,714806.83675818879,504350.18755691632,1198664.8141338557,905367.38696838333,1335479.0577190586,1627719.8812661946,12026850.66151591,12053094.239716124,1471028.8085744416,2584263.3380622659,1123431.4097821969,5604283.3763736719,1057744.4839569067,9084625.387443237,200684.79111203828,521027.74980584293,1136049.0619222319,801303.8283907657,2874537.1044155294,1791111.667185128,1136721.4175269003,1407043.7913742689,3223207.2780534932,3434928.6931994469,6451717.5646228697,19161088.762428228,20180220.261767417,21306427.949074011,1630763.8717305798,1198145.8749976573,6370354.0914426073,1453666.0418639041,4753394.6054907227,11197675.040669631,16211271.641215559,25632515.789766278,26286847.201330073,28766116.214066561
1240488.8861989682,907432.81731739291,735235.01468512253,1858259.9154334038,1204903.9355854066,1783269.3617252656,2234901.0360905724,12351073.712869991,12388348.183264311,2082246.3386862588,3581803.1130704065,1469146.9126382323,7891846.3834081562,1605696.3786400638,13196607.222724227,301091.0081934334,778882.34715281066,1691797.9520178814,1108895.2848470868,4050306.8795052106,2438342.8915877007,1530129.5633325756,1890215.7964508259,4361917.6982920291,4641556.5123865297,8596016.6080341451,21855911.350170266,23110941.028926931,24418069.666370288,2224141.6170949899,1712353.4460515592,9221580.8343313877,2105617.6954282005,6776714.9820588985,16110265.833790734,23272282.554500774,36960734.508820675,37917149.388711743,41644178.343716569
1106788.2979897668,813495.98151365819,665569.28226145764,1696761.4364902726,1090838.9810920444,1614410.0147629185,2027020.3872063763,12225793.006204784,12259451.337947596,1893898.0728344361,3244008.4750516359,1329907.2822639893,7378389.1025226377,1504889.9583217339,12264942.059441287,279113.6866679173,718918.20100705698,1554138.4864959435,1008115.5676253379,3684570.8941081543,2218563.2437658897,1389455.0752343868,1715928.8632118141,3964698.3833560622,4217895.3695425922,7797716.9201807622,20845555.094607748,21971860.417135336,23140202.122724678,2109403.6000500829,1616738.9270214555,8610144.4498391878,1936049.3590482697,6185519.7716715187,14897674.977967372,21416787.512280162,34128963.934181534,34996167.437656827,38397049.308645114
1076959.48243452,728363.42325593927,602316.71117231727,1541555.3528322354,984535.66443318233,1457841.0259249941,1829429.7317325412,12107965.879729073,12138424.649228526,1711156.4908838856,2932688.3057139963,1198257.5647473957,6717347.605729864,1365986.2420507625,11162658.402766036,253360.91673643663,652887.5278805719,1413422.9985479277,914302.36583265127,3336548.8482766398,1999666.318305525,1256537.5567088216,1551330.5650374077,3578299.4464953355,3806993.1531011029,7039623.2206555586,19891430.274128281,20927087.531629138,22065148.153019845,1914830.271098736,1466303.340024943,7801316.8615248203,1750444.3129457249,5600453.3533657361,13494684.112235278,19408904.592821095,30978423.679093208,31764732.022188149,34864241.857295245
1080706.5924882919,699376.1884758115,600741.72162184131,1526908.7722965288,904436.34970616002,1342582.0666681607,1717510.5598893773,12030843.080194686,12059205.459402556,1581352.9934993372,2760155.1457061847,1097279.0896732255,6345059.6540568005,1291537.599778669,10598544.556990502,240087.73193132397,621115.33237720793,1349103.7876177453,864721.79265164537,3111574.5653537125,1820859.6941010354,1178322.7998167698,1448827.199606383,3294367.5710822865,3501888.5075073792,6471438.5456491699,19205056.159745749,20212526.335058268,21354529.659994613,1796638.2293738266,1368044.6074021312,7267810.9181407802,1616697.0402554474,5215533.8006142154,12572526.474270755,18180135.837167587,29181900.935275272,29967286.996921975,33097667.819111608
1103951.7092439898,718672.38947865751,559826.85179092025,1423104.6181492724,860454.53584461578,1282677.5741867211,1643965.9476690358,11983497.186858289,12011207.85977548,1436699.052702086,2609203.7464986742,1031396.8703890606,5863785.430814649,1183812.4799835789,9765832.5062547438,219718.22073320535,568278.50249246228,1234083.5611171387,797325.84270379785,2840058.2718129079,1688746.4028962515,1095683.1633874734,1347098.9465935272,3058863.0729958434,3253571.9556162492,6104922.1965694148,18783759.965419088,19811429.695660427,20976693.651687462,1641463.0826572147,1249260.26279209,6624547.4099426661,1470192.1906708328,4756741.7781561567,11464077.404486552,16689514.909394747,26830481.249434229,27561244.771701314,30500266.501676995
1152974.813107077,732836.19502824149,523016.68651986594,1344523.594025932,824783.10783730156,1229759.0953225032,1538101.8023999617,11927680.542286832,11954442.203415876,1310262.8037731457,2428150.624841087,993774.33498071216,5493216.6378085613,1105361.9030332176,9149794.6723870058,204687.0492374509,530515.92782236706,1153177.7085024274,734486.48910614382,2598663.2055772664,1625601.7021342386,1029073.5919812995,1269864.8824922442,2917871.5224409103,3107564.4222955327,5892325.5132993106,18501773.194227118,19545479.102500007,20760117.256922916,1486717.9232263709,1138890.2263201135,6048672.9525222741,1344121.1645094519,4354888.5883783726,10480286.709180325,15347289.026436055,24848373.648114737,25531533.947349563,28324816.530127198
1096432.5743157242,659468.24352669483,477449.55477309867,1248420.9586086506,745365.86475546332,1112160.4974496788,1392361.2218431353,11837165.655664243,11861354.247915225,1193670.5348497529,2204356.916767661,897516.42073732987,5083634.3609846933,1011996.390970848,8433681.4067297485,187136.53949744388,485347.4368609222,1055706.0914075316,668487.07022150885,2366880.3353050346,1471360.8141527218,933978.22731516429,1151983.0939644431,2643614.5699746176,2815192.1853649081,5334546.6948104082,17791527.149377149,18759902.360579181,19917595.304776754,1355396.9538461163,1042594.3136998517,5515288.458595735,1221918.2076467923,3965788.8355087587,9551606.1520425379,13991663.662031638,22748655.820099831,23374774.560615003,26000356.687096998
1089331.0402602304,647118.26162865059,495678.96132208541,1348192.933131038,673660.55466524174,1009062.7165092274,1281562.5403050303,11764968.728321586,11787284.750398252,1184859.6613959514,2132447.1994103314,811231.07231985161,5069085.5750303296,980541.46812509466,8352091.7658661576,174869.26719653554,451053.10850358132,980987.84688001906,646540.97129190597,2292866.4088733532,1332399.3918599417,885242.18026513839,1082778.7703471587,2433525.3621802195,2588782.5445818347,4883963.8059750991,17224946.982068531,18179301.383454282,19329573.523444474,1258686.8680459158,972849.21209307155,5087408.9893788677,1118483.8077947837,3785770.7674560626,8941513.1555140261,13172795.04657401,21858951.689325366,22517764.271613281,25332406.082071204
1101033.3949296854,757670.15432142932,663919.14489004773,1705080.4531642841,904001.17214218108,1350914.9467370645,1794270.919089335,12021217.453338888,12051522.465516416,1557831.558480683,2904990.9301587935,1049116.5107026736,5614203.3157845223,1124062.4732278944,9571345.6564226244,206572.84269732804,536041.80262700433,1179657.9271629103,873202.26467419497,3031589.0354480562,1719444.7211565713,1174640.3773767177,1431200.540960778,3173651.5753731946,3368083.6347924732,6239901.5861111227,18993789.964043997,20076959.032110594,21241459.811223749,1312887.922156716,1066743.9523581148,5649517.9954514075,1389080.3051238807,4887299.6776469983,10619672.157882836,16101557.734413529,26108964.444791377,26984768.896442015,30649146.950225428
1103316.4687997983,779756.30573069188,647425.24614825123,1691673.8314525501,859672.81873296306,1292652.0749179954,1691484.8375668928,11969021.856757354,11999248.898968503,1525513.9697023386,2727734.0989416554,992153.44760370988,5378511.1550609162,1084346.2768296518,9164440.1606283076,197578.4316330736,511520.5323211932,1122397.3746674354,837220.78633972094,2944107.2553311829,1705423.5122373227,1156102.6439536945,1406804.0862036631,3134790.0377457333,3324830.5356187434,6143530.9051775411,18851279.639945783,19955246.693442907,21121745.811594848,1289095.4512106145,1052208.8451796921,5571022.4712435603,1353291.6699508056,4740517.7134726224,10389688.193267569,15553738.261417007,25144626.597221389,26004719.842830382,29715815.158959832
1097153.437476801,704320.81131671136,588414.46829940658,1557113.7714488972,778130.20882752992,1170771.7562358659,1534878.4940467346,11873450.941783931,11900808.22199364,1384630.4751382251,2477502.4783985815,897610.25341571984,5047725.2808463639,1006084.3239462305,8535975.5012130421,181073.98500092296,468894.33639546647,1029279.3739537885,761846.56436819944,2676738.1478263461,1548287.3878591666,1050672.4203009559,1278042.4863641222,2846773.2329277028,3018931.6396131376,5574230.7655172795,18120752.316530254,19137072.089515254,20296098.157801155,1198636.7345477843,975668.59627316752,5126880.0407024901,1234129.004945565,4315577.8952847393,9514066.6244625598,14229309.829486478,23155599.445805892,23939239.999160506,27351365.386675578
1133506.3827721151,732286.56762812636,642735.06362276385,1780792.3075502394,735264.76900637965,1122840.6309150581,1547032.2325757013,11863085.783917591,11891015.948949387,1254861.4529755572,2535316.5697967769,818538.68070443184,5074586.0911536794,973975.11163279286,8662583.1507873163,169253.27591274673,435891.36303557717,963323.02261769969,703848.4671092116,2442763.0214144611,1402291.6033127552,953696.52084764652,1159981.3336612922,2580934.5632865294,2739236.2206828711,5184296.5101837227,17740205.860102586,18792016.441029862,19988549.343847077,1102569.2613875638,902530.33395904442,4697010.7132460754,1123456.2704089221,3945489.2730744714,8711378.5180494823,13453327.830914441,22552332.412354838,23418360.564310506,27310669.666619025
1105626.8367551651,685482.26430056395,625305.95497203793,1750444.0203722019,666139.37050872715,1018422.00035188,1408971.8746569287,11779443.44686156,11805112.883714229,1200906.4722385979,2366048.9090444264,786838.75269282924,4702999.3138844576,891345.04360981379,8077089.2951522237,154921.60261535921,399725.6047726199,885711.46879920643,657074.01359248906,2315333.4464583909,1271884.948737181,899678.63076390233,1096069.1180023418,2384891.4781119642,2528554.7551407218,4805609.0571876811,17229031.69514101,18228203.117434081,19395994.830203872,1013019.6382253548,822284.66233757301,4285395.7566906847,1023113.0510389415,3714923.3154356289,8068691.1084479354,12499880.061686879,21004066.730645519,21848504.250043783,25646970.384645239
2572362.8308795174,1590890.3883264468,852742.15237034624,2206615.5865161223,1305782.1127425255,1969333.2625995383,2362856.8388295374,12376820.120254569,12426389.851607822,1477945.8962759182,3425279.7139126696,1623423.2746286904,4837338.3599871108,958408.55177043146,8824426.2746340875,176984.84748499998,462176.84242947749,1045905.5875511505,864884.28310759668,2901194.6210138304,2811258.66923171,1652245.9198172244,2055564.4141649664,4904972.2641206905,5222401.2041901946,10065587.250927037,23718060.240273256,25874428.787456829,28548514.129713789,1009766.7150212527,863015.81466465595,4660023.9700934943,1209719.434389346,4570497.4917485863,9314231.9965931512,15303199.59403727,24691646.294232748,25830105.746405721,30694967.491576478
2322138.7961365371,1442533.6909956513,774836.78434281691,2020943.0356090385,1187611.1956989467,1790857.0262904204,2154641.0357675012,12246238.475494433,12291258.138758883,1342414.6930342016,3113233.0215473748,1477155.8159340769,4472876.539871851,885668.31918660994,8133510.2057524249,162885.45457568168,425356.96724779467,962265.69524904387,788000.50210319727,2640360.7068288065,2572081.624079152,1506249.4798608206,1873476.4520199823,4480240.9597657258,4768865.2086925963,9175417.6453149654,22580682.238270588,24532274.737000395,26945606.56436025,949240.94958829076,800676.17318275769,4295928.9878395284,1104846.9475987079,4164896.9109766888,8537422.1795751452,14004928.507313225,22652633.233811755,23688261.925523315,28136926.944310758
2086065.5847695908,1302395.1067209493,703886.89785612433,1847439.4078201842,1076923.129687161,1624490.1837469998,1952375.7284831412,12122010.974261278,12162820.05347714,1220571.3111136844,2828469.6050415575,1339126.8375862574,4458988.6059955219,857758.91543514107,7888724.932655382,158257.66046320074,411862.84059968946,925002.44391586806,720512.12698533305,2421598.8353082752,2343341.7746202131,1368766.4971183885,1702401.032193057,4077247.4057886195,4339262.4980709944,8339467.8023823146,21513165.182285059,23273548.892367903,25441346.566574864,1136089.2410666763,864137.11376355111,4628614.4448659746,1070171.343546706,3886698.9605015614,8587964.0020933077,13631354.00180917,21989071.438443732,22931094.053976614,26994803.367373135
1870652.4431719289,1191357.5535925196,692305.33535284968,1789038.2413162778,1049576.8149741907,1574209.7412587779,1905676.7214492501,12078016.308976591,12116033.575199651,1428938.767522089,2875167.4508267385,1307527.5245671931,5606646.1409908393,1043784.8960770246,9390360.0428059492,184985.00934242137,474201.64458001486,1040743.323720562,782827.01060475921,2772154.298493993,2249552.6064817016,1364847.2218629187,1689728.6241968654,3969570.2881324352,4221637.5404552072,8025144.8559185946,21081045.959099676,22687599.077159982,24631644.095818132,1745331.032709342,1187429.6977287515,6429854.5539179016,1355811.3034282636,4560396.2977442639,11068253.032070467,16340886.200628236,26186387.478570949,27099174.143298093,30926720.754426714
1678384.3990283178,1085831.9857286974,630292.05182117142,1635596.3897713725,954400.02842713881,1431123.3354766865,1730754.2362577047,11970146.979903247,12004788.273836723,1299060.2037566511,2616120.1321936576,1187567.5816013855,5235981.9087467268,971821.6697326724,8721148.1071804278,170381.25001280417,436665.07625150378,958359.88129459636,714434.29417460097,2525645.70250529,2054818.9083383374,1240555.7004575748,1536383.8404483292,3618956.9843024723,3850007.3456982505,7333099.854378677,20196605.608547553,21657494.678304933,23401873.823836759,1664079.3113054563,1120317.7156891185,5994625.7024106756,1239293.1557292179,4160760.7294689692,10227433.951773444,15052600.481493043,24189866.588550556,25022489.753006034,28528630.84239861
1505621.6327217026,980113.6730365213,574676.30027900788,1493247.8992632865,865678.67704393296,1298913.6451690625,1572010.3053225188,11870667.522435879,11902096.827883596,1223242.2864430817,2383582.9914181121,1075843.0874868727,4801171.7956662346,891542.05659419054,7998668.8100604499,156266.69518258309,401263.50402006449,882535.70158387767,669258.69548741216,2361106.401154621,1866939.4848052408,1127773.3169267033,1396348.4538062594,3288492.1118757348,3498244.1756535708,6664789.3747003106,19349637.674122415,20668944.960505739,22239107.427629367,1530119.2021815265,1031464.2118950998,5497954.2361245509,1131290.6533201633,3874530.051336024,9441854.683850022,13869956.952311557,22249778.332008678,23010083.620625034,26215654.720879216
1351272.6250517482,884884.5726524177,525225.93089518533,1364421.3796087715,785595.54676316236,1179689.0148508656,1429132.3717352198,11780130.387507766,11808668.241253313,1214781.5328355851,2245517.9710893431,975117.91506123962,4405580.3242930183,816611.03181226598,7342368.9518132769,143442.79183824625,369383.89775076177,825143.62010463467,664358.89521748794,2342313.2358422121,1695000.8117447107,1026247.3622509221,1270188.9070158696,2988085.004180437,3178565.3841657485,6055184.0841197576,18578025.448696259,19790585.497937791,21205924.985886022,1404828.8504835286,949215.29498412693,5052593.1165509596,1034179.5568913136,3755841.048919647,8877300.8484661207,13101570.070467943,20793959.937206712,21489912.978619326,24424176.44379295
1213779.9503511398,799324.3653999276,504147.2454929073,1249089.0953060403,713438.67536612297,1072367.3596561367,1300930.7796462949,11697878.188097335,11723817.714294126,1205154.9100316395,2228980.5349803902,884612.34701802779,4025194.9148213966,742275.77251239331,6722315.4583797166,131859.80237566744,343242.04644338315,795613.65064874641,659435.80017133406,2324327.7284255633,1539336.4587950192,935372.21965542797,1157163.1439372874,2717311.5961202555,2890423.7184247831,5504697.8570800358,17881297.787196096,19005890.347388823,20283266.566055954,1249105.4026625506,838833.82101270044,4514977.83974523,983022.39343271009,3683900.0206005392,8267238.0312923323,12437025.871505748,19483956.303018726,20145602.511060245,22836786.446792539
1171989.40336409,723464.93216366065,500487.13185422739,1155363.8512498864,649001.8810788109,976550.49723971996,1187187.6203399277,11623679.959340725,11647301.016419277,1196371.8026092493,2212629.7962728944,820682.69587119436,3727840.1765032415,684222.67603041371,6294601.4881233005,127928.36482813806,337753.49047619477,786805.30011085328,654583.04603923287,2307309.7432566239,1409348.1133417247,924321.46346510632,1128692.9264096133,2556983.704825887,2714555.7678797585,5110671.1114991,17356510.491826218,18402853.594409999,19637972.054687399,1166821.400686116,776505.02870626212,4222493.20859842,975630.97560863849,3656798.0809631017,7947312.8011671789,12084677.774757713,18701610.547836982,19350918.588855151,21834993.151541997
1163410.3748647191,703060.90348567371,496827.21654714638,1066987.6972659316,628554.54102075275,933957.69426592591,1168865.3177231951,11593335.947171951,11614913.14064862,1187928.9164162918,2199805.7068358483,817148.36908370198,3532410.7734697126,671711.91299874347,6073001.9046407137,126990.16990912653,335313.5433298882,781183.57873732294,649929.30243688007,2291035.2681309548,1308681.4203242823,917748.78819217533,1120780.5535386063,2446867.7641061051,2595038.1921468312,4850800.3207125198,17044643.920231346,18068528.327339329,19294678.523099441,1116483.6991221393,729275.62963814067,4108628.2814666429,968775.17364758335,3630925.1986814742,7807075.7058378933,11917640.073171765,18310606.041577246,18955161.20050459,21249330.421730913
1155441.6709933316,698376.14762925147,493181.84322631534,993284.46983963891,623969.00425509806,925815.73566848342,1160366.1985477353,11579860.179129358,11600009.3914387,1179460.9374192231,2183697.1604771591,811241.77643271256,3300040.8871030645,667478.00936680974,5822749.0754379183,126053.73171037453,332837.55795646599,775433.05944289372,645353.56011787325,2274731.650748983,1300394.200819836,911297.87218681385,1112854.6351620771,2430470.7271400164,2577556.5475622979,4704504.3140132632,16879201.086188722,17896046.063522536,19113766.933172882,1012585.9279251781,677395.7772370351,3935656.0485914745,961685.24886270671,3604810.2525036628,7607492.6787593374,11687907.369941397,17828271.591398813,18468096.821532596,20668327.56867186
1146950.3104147883,693231.30098099611,489556.22308391071,985891.98169692885,619356.66520358343,918982.49751783302,1151768.5427626225,11566686.461631168,11586687.477411764,1170885.6967357097,2167611.0779103222,805192.69762577338,3186988.2463033097,663199.90694838122,5691873.6481686477,125304.13168747557,330724.53382489405,770104.34917988523,640585.22115270514,2258372.4956124844,1290624.331392409,904512.43605812942,1104572.9636735055,2412292.168213353,2558294.1086834488,4619612.875307003,16776760.721723905,17786120.230070144,18994892.176345322,1087405.2731011412,707166.80661174317,4099364.1227594409,957815.8632530137,3581932.8405922218,7747830.6464120392,11798647.472416535,17805802.516043056,18440924.745431043,20624892.257507298
1138516.4380840634,688135.85075471387,485960.41709783836,978650.16808503726,614805.86657152651,912230.65234220587,1143303.1024421847,11553571.401275562,11573425.619459879,1162261.5962960599,2151687.7382431356,799274.31715593347,3163982.6182694901,658386.33089084551,5650525.4822887285,124387.72418312675,328301.07082079939,764453.68773981067,635877.97170369572,2241758.5837417897,1281118.0941102596,897860.60919084551,1096450.7233760292,2394538.1005127039,2539467.43049803,4585819.0973586217,16725588.842684429,17727530.606298774,18927414.580612428,1005809.0751741731,676633.21334389993,3923401.9316720953,950818.22665553924,3555634.8834807966,7545081.854910017,11566149.350465212,17529640.68342682,18160098.031625163,20328024.657332581
1130191.4961613768,683225.5451083713,482391.88350991998,971468.89232639223,610293.23345050088,905691.48282202333,1134912.7246018779,11540723.997117301,11560553.846895186,1153755.3049189372,2135890.865691877,793409.78817713633,3143464.3447118965,653877.19689896621,5612079.0016447566,123484.22884062081,325905.08088362921,758857.0256417417,631211.4681315663,2225329.2212092071,1271716.6171649261,891272.49327458651,1088404.9413094134,2376966.2596196178,2520831.5234562256,4553425.3028778834,16677732.543437207,17672495.209702421,18863603.591898147,956001.15099476604,673746.57090510533,3859391.1515134652,944079.40462675679,3529801.1000785017,7454752.2924894532,11446312.406682126,17369058.897398639,17994886.541927155,20146914.610760719
1121915.4415093039,678219.18129055272,478852.99348786689,964422.13746155694,605824.11110708513,899054.74515639152,1126626.1420219606,11527684.033422433,11547368.367334243,1145498.1026833476,2120245.5717266379,787618.51598804793,3124305.6907832674,650301.05005979654,5576077.8770439075,122615.87766672764,323567.39166849595,753353.95968040323,626596.07212584454,2209231.8072849303,1262537.9476571339,884786.81719748792,1080478.8926588749,2359738.0585098956,2502548.365156807,4520255.1247101314,16627239.94193548,17614709.933402572,18797095.130567688,896643.19400628097,675262.96996608772,3786308.181079064,937407.65872233093,3504390.0925976248,7355777.1240449268,11318141.625350418,17202606.36477213,17823841.942896362,19960157.476604097
1113683.0269176043,673245.51868306648,475334.54297288478,957407.72693857062,601379.24387881777,892457.88275365334,1118347.3646875836,11514657.618182821,11534197.527435957,1137044.7646152198,2104659.3022476188,781834.597688718,3103760.2835948146,645474.29885673628,5537486.8213262158,121732.12149397569,321227.48509847507,747865.37630961929,621991.96446480893,2192966.3470375701,1254244.946427417,878286.34097590519,1072540.5748030967,2343383.9419662431,2485145.4915439603,4488037.9412822351,16577745.30814396,17557970.433462303,18731679.078735739,876989.5480163896,668183.94432499108,3750822.364367702,932285.09771066974,3480376.0538352649,7295799.4891394405,11229283.710680339,17072892.237535004,17689563.644974507,19810258.432241339
1105508.0371390656,668307.22114634514,471843.40836520703,950354.5375354084,596961.13585825858,885902.0155631922,1110129.8481447494,11501658.37594313,11521054.790492846,1133899.9717905368,2089202.1495886871,776087.47664771031,3084567.5899140933,639980.68194049282,5499641.1888047503,120807.14021216579,318844.22258557956,742384.03526606457,617418.54562517442,2182458.9407135923,1245041.4786779126,871934.6277017988,1064760.7153141063,2326278.6863676622,2466998.9929262972,4455178.0107634356,16527664.166091776,17500696.873896431,18665789.679670162,870810.12149047479,661368.47173745278,3731451.364815976,931319.45765820623,3466295.4884994137,7261873.3510312131,11166479.155564995,16969993.631846439,17582135.801889863,19687293.655184451
1097561.530308303,663384.23757818912,468377.06584492052,943377.34094735305,592568.02142359596,879384.77858397295,1101950.275257393,11488679.662049878,11507933.429234587,1128356.9533283247,2073844.6319975429,770376.04372623202,3062074.2336752019,635404.66847809358,5459532.0618817843,119919.45753194099,316502.51639482565,736928.74772638967,612883.74293016992,2169218.6583219003,1236349.9867675344,865519.57862942794,1056927.8681821765,2309633.2921695169,2449319.6509446721,4422880.111238108,16478189.827223515,17444060.559236895,18600769.210071959,870247.56540532468,659008.82094567083,3713895.7817724682,924811.16689644894,3443957.9905513297,7221509.2745100213,11097419.780378357,16858593.303734254,17466238.776800755,19555938.52573302
1089602.07714618,659642.74432015838,581703.08376801654,974152.88810089766,592852.59787350695,892194.11267888523,1246734.4916786756,11534816.831755513,11554408.475610532,1121344.6836603025,2972400.1739270929,765365.1371237475,3058152.7128558555,632598.36344234704,5594895.0922876569,119517.45954691479,315084.19507009559,735108.1668156368,651484.68429599842,2199678.0039426438,1230380.4856730814,859275.9056667788,1049462.4872803788,2296122.9685844569,2434928.5522488011,4399548.642464906,16501902.135668388,17462334.587225806,18610660.245736808,855923.18849415216,651530.44405097154,3685722.5857961047,937502.3547233846,3487847.3373036594,7236852.8023359263,12156654.928083418,18092752.545527924,18813396.822869763,20932700.722270627
1087334.24496867,694994.9888040378,538783.8287740401,942623.95664462878,647459.37039501953,977663.46583023958,1287346.0682035694,11581321.953416776,11603229.702106988,1113221.0705321208,2798986.823516455,873750.60346825188,3037357.3481472582,627860.97342183162,5436033.4220190058,118640.38031874779,312769.43314748688,729713.32485115202,615019.35789939458,2152187.0266100294,1271898.6738536248,856888.20048010559,1060161.9887503712,2351374.1890477021,2514276.4348930302,4794565.6733368039,16993674.477025609,17989201.936355501,19134885.947206032,850958.79672861123,646183.0685416999,3659685.5920679583,922208.65762144059,3422489.2412481103,7144992.8283864763,11787651.160209281,17537302.109287713,18214108.874895714,20293634.053094618
1080378.4942275204,664987.84281749756,593755.6041292618,1123392.5111972706,617735.82373908861,942279.83362334268,1318823.2891176019,11578471.595132638,11601179.066172482,1106526.0223967952,2850904.9173186859,816050.75247800129,3021335.5191055951,624419.22254856385,5583785.610263939,118373.61279203798,312083.06825191143,729355.02604906866,612067.05497863155,2140177.7526645451,1231142.8465377931,851962.14324231027,1043083.4371486641,2291926.4115175167,2441954.295762158,4607768.49453896,16797903.796163186,17762210.150186654,18900615.067141175,848110.62883193151,643011.15809748846,3645309.9689665288,917157.92178696149,3404514.3915133532,7112697.6555084903,11916538.021636743,17869247.034058824,18638443.152308181,21009114.073996287
1072645.5730144978,661497.33542124694,543251.33148725261,1077331.1100739457,597086.95065933734,898628.09707517189,1201343.5843250232,11516494.274429575,11538418.764639653,1098659.2554854571,2588488.6971057928,773053.43115228973,3016618.3559477008,626100.28916371195,5514501.3668406093,118420.38698685152,312308.92360686371,729283.45936757128,607814.2212507081,2126064.3851316227,1225381.6224157133,845795.60049132549,1035809.7416966318,2277752.9304193961,2418466.3940462749,4478932.1020878889,16573643.84565023,17532288.98131096,18662534.764875658,866317.19811936235,644317.0605364783,3654343.7732595522,913306.7007820094,3384571.4486828917,7101393.4663120201,11553327.342108462,17411571.676214326,18122917.467750233,20373977.799641445
1137349.2471088576,664355.68170502607,546223.81118047354,1101757.7748306557,599314.65312142123,898427.66074485006,1234928.2574451359,11512771.936628586,11533755.246849153,1090567.889035481,2556518.5603727545,775990.72523189173,2997372.7152124504,622432.79786187003,5456017.2391351284,117674.55880007567,310230.7028827435,724714.62175153475,604324.25781727082,2111405.5430362164,1254207.7893286678,843973.68313652149,1034721.7465484141,2306089.3688108632,2450090.5904820282,4535619.7134381086,16626199.654529016,17588273.676972672,18783055.435312498,850641.60208477825,638420.63360015058,3619721.3304173099,907756.9516230966,3362137.0583771258,7043890.0585792027,11443423.98499685,17251307.080870792,17971054.999797482,20281402.667247836
1080411.9156657276,659978.70851101133,497663.11323506205,1009837.1982561026,594951.49683327251,886974.63929712318,1131858.4872876094,11462217.527288206,11481970.966483977,1085588.4626732699,2320664.2683718395,770400.7371245682,2979988.2486824812,617867.3206842381,5378317.6718030423,116816.03309002295,307992.34659461229,719458.06714399008,599894.54367908684,2099475.7819514638,1226295.9558263915,837862.47685724171,1027225.9306902314,2270045.3610860389,2410654.1282909424,4404082.5765080666,16438862.868628662,17394495.276083238,18531922.620522313,863946.68166140758,637853.22023161384,3708612.6080759889,1005688.865334408,3445696.7302797707,7215951.8730620779,11339393.659789545,17040211.431907158,17697703.313125245,19855322.916290529
1075847.7602351282,664085.98003072466,644110.37544469442,1131910.5069277904,1640526.1486682375,2217431.4671921944,2561302.0617251112,12207534.202679493,12228184.700942511,2831446.510377469,4329436.1784105226,2486052.7554551233,5690049.7872240972,1245627.6169059596,9703208.1017783936,309266.89740703005,806290.66202710557,1839508.3270263046,1908621.2846699525,6251145.9970415421,3369313.7657352206,2160504.8182640555,2698020.9808054883,6117443.0403998876,6527713.2434524195,11439788.620528711,24280580.763370637,25239541.082844362,26372132.449858975,2983999.7693687058,1959078.1310637989,11560783.690746874,3207692.0697404882,10553733.053952437,22324839.300988983,30732144.796067342,40820042.208871901,41640771.69982902,43923943.400495976
1188429.3115853989,771125.11438764364,747974.07524116721,1388091.2312766281,1866230.8339403991,2502467.4774754024,2920610.0451210844,12384502.868285254,12407244.952747978,4105318.3671789598,5063277.9336501323,2923263.9612348052,5944926.3188255569,1416634.9809902227,10669653.724732541,399573.09493284218,1086698.4492890455,2541019.7785610813,2606195.6127178548,9568420.1806263737,4663575.551931303,3180676.7053514975,3889697.6459679939,8613777.780433286,9100508.3958497457,14680974.901239213,27772226.804522634,28878441.072706018,30132128.706180759,3221303.6238390841,2217250.1048228759,13474281.664712848,5817021.9767156458,16931457.802191012,30757317.319384176,41172488.434689038,52283265.754309066,53241368.322630867,56075663.088559702
1520014.838434461,1025998.8150413941,1145263.216259174,2534872.9318222562,2638674.4530224707,3569581.3573345826,4443032.0471214615,13143951.378328798,13179533.173920726,6927820.2098860722,7817097.6866612835,4687301.0426857742,16508027.618436744,3808668.2757395846,26606764.126312733,1055151.5758002792,2787545.6274972833,6217849.9411422387,5661095.8616172411,18185191.561834417,7712452.763902382,4786051.2668137457,5871026.6464124471,13678297.921170576,14381645.237561012,22830023.570811078,36986959.801054098,38433046.357156232,40031645.234086327,7938830.8375358898,5389702.2465019356,31299818.869951095,11412420.833791004,33387206.810655538,65517118.216477551,83994252.418873608,111319911.42669906,112767062.74307233,117681026.36545293
3325670.2168060713,1995428.754209005,1872414.7310216445,3922050.5831054859,3977433.9507888947,5202568.2632542644,6742633.5361325387,14294297.62974079,14350239.019127708,6836532.7962701237,9910863.5260860603,5999146.6756232716,20217922.229642712,4636450.682336214,34018289.832684726,1129876.3319289174,2976265.6296405941,6752992.1113402741,5677569.4566200553,17550494.691514075,8253567.4584664293,5028574.6904947702,6305312.4327613236,14682819.863849722,15694943.262740336,26938405.913321182,42914336.811946958,45782429.253402956,49279685.473344274,7143363.3981299968,5296751.0383176077,29935154.896654319,10304137.274534553,31510685.841408536,62228753.599153556,85385856.671110585,120531192.10197692,122903370.69610012,131186813.98503393
4434496.4078604057,2493858.1638824269,2010289.3780428043,4658291.2558802273,4274881.7724546138,5652064.4594689552,7169954.732841501,14575036.893564042,14641400.217037456,6062024.3304803707,10480423.801839607,6145269.6103481846,16985228.269157,3832326.4629752496,29428468.967042312,927994.94323553389,2452748.6566791176,5611727.6244029962,5009899.2449412094,15217718.974860588,9194165.6762603354,5708983.5712152999,7134689.7164871218,16467456.177157115,17605561.110244114,30774612.594265498,47361855.629614763,51027109.355691157,55707319.302781314,5589296.9021701254,4247575.1375430906,24042915.982654776,8269619.1883983221,26584476.422009729,51288339.069720194,73372739.793625891,104009451.43822037,106563468.35501221,117318689.60263163
4832540.813089204,2970064.67931952,2806806.6650523315,7794151.5904591978,5684771.1856329991,7943932.6230166955,8997255.9799629562,15964102.223694244,16062641.536967982,7159402.9471046887,14151695.871114058,7981483.8347140225,18645611.339687761,4540351.1011226736,35601177.098635495,1051948.4135452844,2840243.7802411695,6644651.1690830495,5793051.6010530125,17309519.776608933,10077498.121926634,6647201.5064679226,8330436.9338940643,18573125.238676514,19973947.968857396,38720303.021522254,57262006.297536977,61491726.027451552,66573815.87334539,4946016.7016991051,4212700.0450764578,23669934.007289495,8135170.6668464392,28790382.751666389,53154960.922776721,81694509.96993506,119119570.48679203,122952798.12702784,140798951.6848399
9434560.6801248621,5622723.6954838494,4777541.3361620558,8174122.5752220275,6755896.9279130623,9944347.4238278959,11264517.858768119,17613265.107196108,17844425.767631844,8511750.4807474427,18923034.248825338,9178547.5839913674,14795367.651822368,3794268.8603303535,31654975.477992088,942387.49848810805,2558581.7668527164,6174724.6413765373,6102770.285578859,19041656.123908047,15464941.270015273,9080742.4201528393,11357949.363398645,27041277.585809264,28818366.726825211,52771940.258807197,76055696.974214628,84179706.220287934,94161542.686104059,4371513.8526041452,3787149.1525308485,22693341.066114813,8430632.6975140143,30980318.024105478,54398004.194179006,88758934.963231206,123113599.85348172,129104266.49210593,149999274.33226508
25318419.39638285,12342651.455596499,4913016.1043536887,7357660.3450202262,7880449.8253782,12013674.880611615,12509661.372742696,19036694.164218329,19392759.811448649,10987017.146453388,21761227.582929164,10573296.199162886,16483188.558961932,4556454.4350703992,35085696.170561157,1084389.6768433924,2940750.9979294473,7131394.6352554373,7203234.0468792077,23307612.548287749,20591800.209964443,11414610.05615866,14277743.443977766,35144705.940555885,37366554.759657957,68679622.809878826,97359470.909245923,115918952.94769381,142530691.28400478,5707832.6282861251,4911533.0085066892,29763434.622115523,9952001.6255249083,37518942.76095666,68182470.98461777,107406182.64585027,145131672.17092904,151103557.96013498,169625451.19727024
19247877.777849894,9272086.3685612064,3595480.063641517,5452444.7386221224,5881795.7942789318,8942821.234659167,9330273.405791143,16937937.464038674,17201981.06201569,8381526.2388544902,16064455.411888985,7938638.0187839326,12513032.678472912,3406474.7453933926,26336601.431447402,816048.9513324803,2231916.4668189948,5396828.4314083196,5420746.3630817411,17673937.141940497,15620084.894717149,8587159.7398934402,10738280.93108098,26563735.851883132,28219421.946028769,51545335.536619551,75617289.73038052,89485474.497214526,109684205.5107324,4342210.3746699672,3701942.332658988,22811690.452356718,7628983.9169449778,28503015.32080159,51996971.671008922,81089614.872632399,109353560.15855125,113719835.63601436,127380205.49682121
14377508.51347216,6885911.527477609,2611933.406547429,3988334.7384202206,4306614.6838826574,6571016.6983149312,6830166.8772197543,15328200.479097854,15524872.141456317,6027236.2581154332,11599664.219242524,5778932.8534075888,10977663.457228521,2578655.4850430563,21056045.095696177,593258.49862985779,1623753.536722206,3920260.3041445473,3908857.3722565258,12752281.13420538,11700036.452669865,6222333.9484702135,7797267.2551672868,19649803.192427188,20877689.039595079,38111773.327425413,58705734.60543479,68952297.136640653,84017453.674735531,3426787.6634571669,2790563.1439126818,17252216.878400743,5574788.0010706596,20642198.487834539,38392840.573148623,59444459.214389347,81909430.968112364,85111837.230728,95294364.378680259
10807248.152934995,5167699.007526313,2437319.1433818247,4819068.0807417994,3750549.0712997662,5606840.9363929909,6441465.2140094796,14776346.556989465,14931790.401444184,13525206.50498574,14895766.867577678,5005033.780084108,27322007.220721509,6263394.1571146175,47536167.362028718,1411824.8477263732,3790826.9876997848,8627159.4591337573,7144421.7459725216,26940120.02247281,9121067.1330651566,5474857.3397929948,6798399.6236533038,16043199.492785994,17038035.134125292,30787015.668408345,49591904.341685429,57242310.203438871,68557098.853815287,8090780.4565837868,7143133.9614893878,42938444.872594692,13232912.901173605,44660513.183734253,88437196.916206837,121664544.76981398,170780491.7334789,173803473.52463967,183976868.21438089
7832002.5550549729,3849245.4566035243,5134855.6649728827,11055876.064550435,8017963.6678183135,10974109.116946137,14682413.680188863,18383917.016394354,18513431.100321513,18886051.291907545,33550506.403581303,11229614.916429944,43993015.738717139,10044171.365689613,82003205.677404702,2198702.3181411577,5901025.8432997558,13798772.010556396,10962990.467188919,38452483.646760501,15404269.901329719,10870097.991762215,13238152.066373533,28834289.046419032,30408420.072012,50482028.379676916,72289024.274903938,78009582.191501126,86215951.103529483,12003464.09274458,10316376.583861081,60326164.629022151,18410256.425580237,63755485.386399329,125383859.89824009,192413073.07364976,278201844.62744391,284866549.47789389,307178542.4770295
9106208.620722916,3778765.5982367909,6137196.6094729733,15709739.896416608,6461841.4025305863,8943553.4123623054,12377666.857171077,17242844.745620824,17354914.184946604,15120956.947982831,31254469.98630717,8892514.6534284744,46864764.635308795,10893879.929591909,89887773.578181505,2256628.8712415197,5982449.6055163667,13893885.912547788,8957317.2041666843,31236773.089173038,11814255.86903991,8363997.8976959102,10214552.191650949,22180849.348894615,23438224.078638777,39893913.714597441,60405211.915965259,67106650.215403005,76905466.86912401,12272957.670589283,10375184.940419635,58300142.327704355,15878857.235473666,53215727.246214472,112714577.3279622,178376466.24249664,273188316.2020523,281510406.19520599,317383180.44922268
6821867.6836819593,3180275.0347126639,4523765.5053411853,11910835.976755066,4800197.5415172996,6616661.6013819678,9228122.3590100817,15588810.960614754,15676656.949072281,11231923.108133137,23352422.154028639,6617701.2234764136,35327998.640766241,8096398.8431151574,67789076.473385841,1687373.5684449594,4504529.3921430986,10472220.711416679,6716470.622840195,23333609.873392422,8714521.7587094642,6176419.3254148355,7543811.0468883784,16370097.958020598,17293524.785793234,29420237.994236648,47575291.926318303,52927395.558139138,60263899.631945916,9147488.4643889386,7710336.5271444637,43860410.804940701,11858016.339355329,39763092.155944444,84516401.969013527,133670750.68877274,205107042.19232064,211262901.68374667,238222229.75034535
5676454.5547705116,2911038.5596957407,3289563.9735627295,8735294.1087160241,3469827.3845869927,4799958.9980328074,6647718.9945884747,14319143.940801349,14399308.760837099,8126138.5835585939,16892847.15000432,4782761.2767729359,27129816.816947166,5994512.3417121042,50928964.180837244,1240480.2941535648,3306147.1571394699,7666533.2790023861,4849935.1372359162,16884388.959145106,6643860.8322618688,4474781.1586774997,5465611.2036422025,12191759.219050555,12871354.585640252,22740549.468412984,39401047.712554991,43940972.186837077,49984875.44769384,6998670.5894255824,5798958.9233553978,32861089.93172821,8685495.2943336722,28891701.204186425,62413476.427664712,98206523.509431899,151808949.29151082,156305506.06230804,176151656.07423705
5167859.057354331,2654462.2318645362,2380692.3955679093,7252273.0388249597,2704288.9226345536,3918509.1722739809,5050132.4248031024,13644573.237693485,13717762.592552803,5876648.1965538748,12233799.36952024,3611704.0546523244,32206478.657047179,5819647.2214202778,52338800.19771716,1011578.2285574459,2562724.1326832138,5782291.3177517895,3493941.6346864915,12207419.93007827,5496920.2582033947,3763160.6255480545,4601437.7227684986,10169494.766742852,10773592.355458677,19033255.877289116,34814138.042966604,38950305.636589058,44435998.391894765,6288480.9203365864,5307979.4234771254,27253754.071246933,6359372.8966950709,20993841.413022622,48747664.133290417,75070729.22153978,129362109.07881139,132630063.88754719,148170846.99712652
5009332.3522150638,2755311.7531748428,4552134.0650767973,12204615.545597902,3316481.9360492253,4950382.7594555849,8047988.2522644708,15028144.542153789,15142910.076053966,5983684.9906201595,18084380.74587534,3596504.9202776747,46434958.237229943,8953147.7917158362,77995046.659013778,1674131.790890848,4249928.4234471358,9617236.6757934038,4174259.9835245083,15057019.245413946,5295277.4099782389,3610807.0142526943,4445514.9095902499,9814563.5004655458,10444935.259467799,19265301.432759251,36917529.797301866,41392783.126162268,46867894.534319267,10897277.683988018,9015096.0215716045,47963728.089620173,13495139.334512398,32784145.857611824,81657856.942528009,122274224.80620983,203876678.50808617,210549470.21616426,235361696.03215796
4594019.6798809366,2535868.1422687904,3687990.0798484129,12432846.028625922,2715278.7697134824,4022866.2683750712,6167176.2561715366,14088855.542735688,14178281.837724818,5239533.34475365,14628140.54415907,3337370.6838474171,54774689.830213547,9387233.8411430903,84808507.095904171,1530031.4071454504,3671052.4162321514,7888566.2423444921,3201290.5950789847,12162902.142202666,5158745.6612205701,3361844.1902467031,4154556.080932695,9383798.494307166,9978658.4266047161,18143245.328758031,34628087.329095989,38696742.679102503,43632541.125104479,11318579.155347597,9102734.449358616,45559415.384147465,10595600.292688504,25994778.311466992,72246470.906694129,104762889.2762012,192873315.80472016,199033533.02635515,223151863.08677822
4250401.6755892588,2431650.0435960037,2682148.4200315131,10524496.298497867,2484585.7978659659,3680300.5976853855,5024889.6045269258,13612443.69739625,13694103.620004388,5090988.8908781279,12114412.173277378,3061711.8576251874,64089000.470273562,12375320.404359238,100012422.55380642,2336852.4108861503,6200443.9240863267,13656284.876928732,3145864.5978981312,12331729.222234493,4906072.0503524644,3144713.0267193192,3888150.0580726578,8860010.186964009,9412236.7886152528,16957800.211402249,32791330.709252287,36639487.268624052,41205688.676759988,13573027.641939821,11431496.450479086,57339371.498263292,11846640.771226304,28220400.008226324,86503497.558753043,123151738.94868056,225634164.50343344,230151352.39231119,249302651.75223327
3894337.4794879281,2238515.7715905248,2599965.2889864543,12181745.373538753,2259698.4852242339,3350319.3766869339,4546542.1092664134,13355503.803519988,13429910.480725044,5234401.2911598282,10882618.992744358,2798969.6910934453,72550556.116557419,13130410.1726168,111048624.05523261,2266596.8243084433,5875867.4080452416,12689413.841494648,2777215.2706823112,11868557.55066172,4654195.7695380151,2878586.6459906823,3579203.4296722924,8297923.418262261,8827114.6548834126,15797660.526226146,31182570.710871477,34713374.795552321,38894850.465933591,16152263.320845839,12368964.387237104,61862075.716847055,11727280.542444941,27166406.753399916,89828646.796257645,124634888.71103027,238361814.47610778,242772869.00328401,266028532.480138
3627500.155603074,2050720.4672161024,2159172.9280882725,9475129.933140425,2114418.6066671223,3147602.7986322311,4208328.4117216049,13184945.158118762,13257622.718052005,5200254.9707151558,9678297.4854922872,2595987.8144804914,58687201.56122309,10422156.511143679,89133341.513359293,1798461.405797659,4677153.1184163829,10107522.5728867,2836547.3142188103,11491910.426824069,4341334.080539179,2670948.6782176876,3326695.2271007388,7728513.3190396484,8221128.2146210028,14701959.972165849,29813528.947296903,33080141.338711288,36981273.235918604,12705575.372186113,9798279.6084974781,49538057.218908839,9698114.2598280199,24196645.196071856,74377570.777774185,103032767.49740541,194184482.43916881,197687575.5319944,215408665.71364197
