c0,c1,c2,c3,c4,c5,c6,c7,c8,c9,c10,c11,c12,c13,c14,c15,c16,c17,c18,c19,c20,c21,c22,c23,c24,c25,c26,c27,c28,c29,c30,c31,c32,c33,c34,c35,c36,c37,c38
17027796.349634744,7663896.5456537558,8982506.3616240546,12418440.319923654,4043113.7899115537,6569988.5154284053,7610481.9860024871,19565703.340298474,19866708.826134112,6794971.6088572973,26662929.469825797,4890531.259015548,31077650.685685791,6134322.6908898242,61564563.139287964,1532314.8827302395,2326884.1358669656,8191668.1832108563,5257554.9642190747,16022729.241729258,14297451.865138751,6985289.5827140249,8658568.961791968,17829405.561690759,18845732.832679477,33726687.278143898,60527282.095178567,72329520.148277685,90135451.97247301,7647733.7671940876,6338837.6423963988,36604920.668842077,9451355.1948744953,28580616.042524878,65640389.564103931,116870891.20161434,183586394.87921095,194947315.48235884,219056522.46576074
13986387.985018486,5812819.1341728671,8564242.6744730193,14329465.865163606,3134441.0618888438,5135390.5631644167,6438048.8506575944,18612262.536568414,18835658.258924194,6977995.689714822,28003384.647541799,3983329.4643904804,50921483.948335662,8650643.5652243383,87583893.474492326,1571974.9996784802,2290615.3035300402,7633602.7509319326,6704799.3154945336,18243563.975254465,12510030.631996846,5451506.9694593633,6841785.2043635044,16931413.353672545,17819300.671912298,29947824.392458864,53965658.440188244,62992973.097671695,77561074.11862123,9911962.3224833794,7936914.7833880205,43083564.054309592,10347516.048309797,31655269.553398203,75103897.739288092,127245607.24627544,220033590.70705223,231023094.82674742,258228792.53454643
10967049.689464714,4922070.0741795581,6747428.6797530297,15132805.571356729,2884186.215783169,4393419.6194262756,5537831.8163140742,17940174.316994622,18114979.421663053,7742366.0749337059,21518631.841244359,3742645.9209639248,51629665.299324967,8244398.0853604702,84923620.182961583,1408583.4959259897,2165639.8064401364,6727552.6147121014,6133574.5832462078,17870489.124038894,11856454.731142072,6515532.9514261149,7812290.6865282962,17017314.184417471,17752231.709478647,28316610.971858304,50521468.21941974,57813690.518316932,69206734.652197361,11500026.478684401,7649086.0540235145,40506865.888741829,8656164.0710575841,29176612.943166539,70011000.38597922,111233407.77417997,200838199.52416533,210678397.96164194,238886301.70738113
16767397.603663128,6125162.7605166594,5873476.6915257145,13297314.092625402,3039637.1300285948,4831730.7119156225,6090019.9508678634,18370855.300484478,18548838.250074405,7094999.4775127219,19539046.614702832,3785126.3720976165,38980162.034833916,6362312.4308590265,66891854.598517746,1140606.5569491661,1984827.8334404519,5837260.2268699212,5510118.1852169409,16118239.316505512,11387089.599225691,5700969.4035104187,6971320.3941326812,16696764.614214063,17504580.834771123,28682417.051231492,51620865.097563267,60395826.388900712,77543865.292780831,9083744.1666018274,6255434.8648042874,35423373.522504188,7471652.9146357793,26427211.661893714,62314273.784605876,100296648.90134823,171570188.30815247,180447196.24438894,207551668.63245249
75374590.919805616,39190857.434378833,31651662.678314209,26792372.463688113,14817571.877604008,24819297.888963427,40759160.740867354,38566928.46794989,39442052.62717016,16318231.556392923,99616852.9868159,13004515.620685738,35059346.557952955,7408544.8995083664,101962545.71451691,2254841.6676477389,2860688.3267114419,12858741.957500886,13515239.742841626,35560975.217440136,14887803.831815757,10387034.514591169,13046609.323358757,19164740.299651828,21317835.825039431,67036380.992467776,138284239.18541053,203629356.88717794,284028527.75725162,7811763.8198565468,7064601.7923321174,41243741.730043329,10046381.839238694,51093324.914291315,93054900.916847661,251427389.99013603,371510029.91017979,409279401.68041474,458871259.54570371
67176506.048771188,33159922.161286242,26034282.644374177,24049020.555888936,12876711.967289466,21436942.252838209,34291919.245472647,34991328.398561366,35757011.687210657,12997252.101058286,81430276.805419832,11966968.272065854,33005920.589140702,6814005.9857559754,89863337.219270214,1968270.4476243102,2644249.534260374,11367112.405394934,11227349.92807623,29981784.457834616,13468120.556231569,9295452.27986327,11764445.426885322,18507718.367868971,20513595.460347291,61242388.369809963,123749175.3324745,179121032.44837275,250546735.88584834,6174912.5513818953,6288634.5328066116,38118206.746829912,10790378.549890574,46817157.943395011,85957477.810362399,217254783.16641209,322153469.54075962,353777052.60531914,400547150.96392715
53010545.18772053,27184807.964095268,20253116.327928688,20484090.95753843,11169532.576754201,18612266.957779419,29334968.55712099,32016359.390465934,32694712.142930523,9878724.3323782925,67236590.197827771,10077268.554018695,25388091.995315108,5123403.5099942405,69731716.844336957,1484629.4714166711,2309291.1611097744,8993242.6070802473,9078805.3608581591,23451401.421683557,12795239.880155701,7359361.582919511,9540619.5533779841,17793683.126464423,19659685.716695007,56293574.024879962,111541500.68962769,156611995.99543884,213134102.33719727,4590278.8613137109,4680607.7350837048,28642588.260795876,8174838.7917058365,36456372.615842707,65903713.414073035,172373811.3545157,254193474.28137541,279466983.85443181,320696148.68787652
40927220.486663237,21600796.055730611,15782612.82384906,15412894.110621361,9604569.032999929,16228447.442527536,25184910.566425886,29750478.671286136,30448509.022676386,8054028.8020752352,54077010.296082884,8842829.1135784891,19066480.731006425,3818349.3059911542,52222993.189379007,1110553.6644522317,2045686.8173035607,7044355.9065266624,7684698.3297174564,19363510.891873591,10482550.398094246,7612327.881925649,9612955.9440742079,17235584.819051363,18835351.397153623,50204544.370386973,100654414.84007789,136222869.81986368,179862319.41659972,3611226.5293541974,3488558.1121576093,21503247.973983698,6143537.2655245606,29237027.433437139,51342341.858148865,135329451.3155843,196737208.9785682,216372845.31922862,247594084.33651879
30384557.41883095,16142389.246647466,12190360.799314739,11473355.031388557,7307830.6032394338,12379658.749963779,18954181.587197267,26144743.737812124,26674142.71634886,6142973.4118116572,40607677.724343553,6788121.7382538868,16199856.440782191,3066054.2360763703,41207742.59719757,831382.47820287291,1847330.7344271995,5541970.6209070049,5782711.8994314317,14630405.318975342,7993527.907851411,6347048.0407241406,7967248.7440090682,16188519.697472462,17438220.083486006,41306771.328189015,83097193.697248846,109580537.38499707,141967679.87818763,3327005.2240526793,2841233.5534918751,16859477.894442573,4606524.2067549787,22009376.970341731,39314387.625615962,102364079.82594775,150411954.90163401,165489562.20234656,188656397.5310497
22405153.507177245,11955916.947888646,9112526.183949478,8692291.5234112218,5436550.758971734,9260020.2556741182,14482664.740904614,23393072.881753214,23785110.222394001,5868522.9898777772,30382124.347927354,5026716.4845788926,12803898.273250928,2716877.8454089281,31948246.478045747,616109.76064936817,1696957.7349369389,4413728.2114522094,4387428.7780171968,12382822.932898657,6369155.8847995028,4802714.9843780631,6012115.6041076332,15271427.53767764,16201122.193550192,34004640.364888467,69043868.054111451,88626313.181882724,112510030.29165369,3060833.9785895506,2614373.5546262101,15454926.419552494,4847157.05324338,19255685.104091004,35037137.689442158,82301784.092167467,119348426.55525428,130608154.69347154,148002229.50623286
20471168.862594724,9249711.6798630524,7077762.5128712421,6903800.402004784,5653595.879667961,9308481.720587533,17726063.170827538,23979952.094373289,24269877.003585599,22882600.971906636,42356736.615074486,5665309.4532009317,14427730.149027562,3878396.3168352083,35838257.933714539,1578049.3585634308,2552805.6085798428,9857070.9689325485,8378167.7722395025,35249611.214268863,16873613.232076563,10867742.325477391,12900137.21568805,19684654.893031694,20879972.797101222,37017752.311591201,69938578.983897716,85763189.589290723,107371529.31616586,4679782.8936484894,4567556.2554408833,29010432.935974862,9569634.0335915443,48055984.951941788,77474717.403450161,143599622.36919859,183373202.91715819,192053880.1254482,207063228.7450192
30568465.094265752,12997324.028532745,12097541.27380579,13741247.979291335,6971843.3990500076,12030588.953620479,22709164.132438269,27004985.472063303,27523318.015034426,20199040.907000814,44332075.59147606,5357095.5598780541,15080066.556093132,4046490.9454994434,39839295.700669065,1279981.6079873254,2289685.4101429088,8137990.9566305773,7479961.2817500578,31245877.419877399,16146479.375885099,9503120.1050507464,11435436.944856299,19164309.036030725,20363320.780643888,39624956.069279045,80431601.080172256,103729194.23623133,136281353.69336194,4207019.5925014941,3919414.968408423,25940848.720406264,10259337.076571867,44226711.263424449,70491124.493097842,135766528.69008178,181906721.7676166,197572472.72474334,224285816.38582227
25885604.74739011,10498757.142302068,9347095.5352775194,11150826.379196918,5749759.2931963969,9767577.7069790177,18210251.429306656,24538831.904515482,24933721.868682139,17275059.481719442,38448587.689180262,4599709.4960712008,12616794.656963561,3019679.7708023507,32992915.609633956,962100.54204942612,2039578.9417988432,6552650.2706621885,7471377.5644116979,28174452.579001091,12939701.661653444,7371789.4994394584,8922605.0157373771,17737898.701186854,18740238.884786412,34685471.292359814,69862353.351656735,88553137.567983508,115969003.92751738,3534185.0181755428,2924413.896825633,19799614.944164705,8135773.303568718,38665275.69948075,58765063.820459738,115324804.87399071,153370270.00867644,165534704.18842068,187168957.24911603
22699374.718753133,8799105.4162486456,7647845.8365126047,10978278.824363004,4786445.3719016379,7996179.9285380747,14776563.230047623,22599169.366747558,22892730.276818551,12993437.73069798,29893266.816084504,4050573.0159487999,34719863.127963208,6038057.1148923514,58664240.351089448,1103428.7948015893,2026105.0342406591,5723998.9768857295,5802249.7705094507,21437936.480628543,9818280.7318835668,5498258.9758131588,6701432.3435253566,16392314.617128581,17217913.889872558,30814232.907873016,61560968.451006286,76732503.361352369,100587163.59303205,11173330.373775449,6719186.1817964185,34871479.841398947,6174725.8509492977,29457599.764461637,64606450.918006517,109082394.91414072,171974520.55539626,182094629.63813037,203483882.56981504
22176646.839964241,8356619.1505626841,7364567.1903722575,12720069.832087329,4667140.0651553292,7642844.8220530618,12002345.99393985,21508102.588039763,21755900.035560232,10542045.804966632,26995501.894298423,3972976.9824523916,48355471.818339646,9308098.0821825787,82027350.044661596,1514749.0952928124,2293975.8268869142,7270675.3107218063,5188212.2756363293,18672378.964550186,7904200.2482522493,4449579.5532439221,5545914.4760522032,15616074.425356613,16597130.614018638,32413277.529148847,61155030.892660037,76382287.8175015,100074872.61023997,11712230.565948343,7569299.736240726,36942068.320771024,7118577.6275586905,27726051.401209135,64945849.976289131,109186112.53732437,195287074.1104089,204702397.06079742,227895475.41287136
18778268.150675908,6810727.2572160261,7882541.5976490369,15899205.326598907,3622377.282276575,5978358.3887063516,9523121.6161465272,20137108.140556838,20327130.939670656,9386220.3258858714,25559614.115275614,3733527.9833906572,54029911.365003444,10030156.22107253,90817234.48213394,1693281.5778477553,2428490.1641304963,7898912.5773254791,5942861.4706127848,18660005.657599874,6344885.5890943017,4140495.6693944149,5106076.3815258425,15095867.380564781,15856748.936167726,28793011.570002694,54586750.217615113,67153136.839713752,87186890.66610381,9916561.6680450886,7715302.1419773428,38416144.472805925,8270027.6402780479,28952920.42189905,67634108.466382399,111379543.47001137,207082651.32965225,217614176.08542565,248562080.15225562
14141895.43382963,5105540.0879399581,6328505.3000956587,13519140.614087107,3031763.8056865735,4832474.7011031564,8017663.4182834327,19179876.01141528,19321599.274830583,11383959.330450999,21363402.805764064,3432505.015648081,50059224.234668121,8706754.1875309609,82145875.962647691,1372590.844098157,2189400.0243506748,6541752.4252247354,5532735.9012303399,20010881.244888883,6029031.0293997731,3892324.93023693,4791783.1630084589,14921719.648893865,15604724.30096362,25880620.481004927,49281129.505243875,58701052.017827526,73785392.247836441,7888395.0193321118,6251414.5865502674,30750569.473364946,7301621.8817851339,29168775.010441195,60177144.191865787,97465163.808211774,183679214.69018731,192220277.60827258,217944657.6422154
10399481.596753525,3778187.5882797623,4721707.3464225782,10135938.231876494,2990808.4789058166,4472931.1888848953,6176294.5097271977,18357437.485295068,18462560.683547851,8746189.9528437443,16121771.172376672,3678546.30933015,38693616.72786019,6611497.6826595105,62948228.187366985,1026011.8803529076,1961006.4064901602,5204097.5711326506,4223252.9341674997,15334050.879886344,5745052.3344326084,3680320.7453806056,4549654.0201901672,14773560.095235704,15440357.516157763,25007926.634691525,46493586.012296014,53447367.864873335,64541223.319394678,5995950.8934976421,4730879.9840411041,23283021.809868976,5474535.1789375301,22532716.589625005,46054837.181893572,74476132.783638075,140462024.79723078,146841474.81333712,166090867.19679701
11940728.24388078,7318335.580201922,4968351.5917871827,9407764.490598781,2928063.4515205007,4389500.3340194719,5545392.120562505,18068508.609712768,18164190.135782234,6497526.9754777029,12654625.005537298,3709455.9568163333,29106175.625337273,4941862.7899181275,48167758.939999238,762692.92177440086,1789213.2597430917,4201305.6453385232,3227964.7332426137,11790637.294736734,5386517.2727745539,3454590.4052451928,4288742.439346035,14600139.074821951,15249085.17738102,25921805.76003091,47953613.279363461,58682696.824820571,71423755.359873056,4463580.3389493218,3526283.2991140927,18149048.203439344,4448555.5692677256,17826348.966876931,36196061.896570727,58469661.65016339,109749634.80090141,116721559.38348371,135144523.01236704
36964743.037152417,19832399.165351335,4644307.1472082697,7073912.010686866,5469048.8233256461,8777589.0168014336,9416333.6384081598,21004319.553368054,21212824.667472702,6847918.7386208978,15915333.89256471,5456448.5015724683,23444481.23609864,3921534.0848317966,37981906.455768518,585957.65462176746,1670855.5962953558,3635415.5577991288,3695443.2892978191,12540967.370770283,5929668.5458245091,3647044.2788132429,4679309.4748719037,14837364.76007138,16155457.998906009,42276597.413418025,73289735.534499228,102400234.89762008,141564312.72718433,5576134.087159764,3498642.4101194614,19100626.533999301,4202828.7062462512,18271077.843977619,37581153.311906539,62212211.181596041,102692885.38908148,108850061.57767443,122728379.61767939
114154165.29804915,58021507.597884245,20995427.262110133,29857306.818390679,25209626.47868925,41515995.690093204,56776567.4754932,48235745.454052545,49363698.584383748,17954202.380308192,86370092.68789354,24592614.841334779,65627628.813347131,14700616.796700634,133301966.91006671,2594574.2937428281,3052066.9979239325,12421257.693715479,13029638.914694257,37276484.234480888,27361327.740307294,13648819.372336622,18600693.653974239,23893890.682451531,29320965.297259495,124651756.35698678,211820872.00325036,300096634.8842926,420843500.78527248,11289460.544806894,9887315.4145121891,52262971.303447425,14246428.463339871,57110066.690264754,110134133.18016472,238575400.05247194,383407777.23357505,410515988.48432332,471722392.8981297
112313484.78823374,60753929.297863506,36381118.462319925,40519450.821266383,29136119.617306307,46558505.125652023,57733725.386222802,49791158.412251987,51052780.978684336,21107572.017465655,100828881.94453025,32734735.665676821,86915364.021518156,21293107.005610995,181312992.06181505,3764577.627491164,3849789.6153401011,17587947.898069251,17315451.139784947,49430308.801107839,42976377.993603691,18994916.979075484,26000811.495771248,29869582.644712098,37149945.433753401,152544034.70279589,243733203.03438386,333296616.17649466,451901948.08493292,13553270.070647847,13268436.715903722,73205958.789833844,24160572.966242656,82913333.07013455,157583480.67813015,316413036.98289615,515055941.06473941,559509276.68222964,647037129.67035329
85829953.009414345,46318915.999629758,28358131.442181159,31411677.810793694,22526787.808392942,36044328.353949338,44949815.957018308,42129634.59927202,43094863.344977967,17531505.660610169,80694095.439387739,25174693.840620115,66460052.617445461,16253106.892369108,140805005.69158703,2872681.1712210607,3265037.3436824363,13990508.6940793,14218971.83756084,41150669.623970821,33403837.592024658,14819939.16967167,20243118.769629959,26079169.198659651,31707362.739752214,120430795.3754546,194386821.6316227,262932660.32367498,353600591.91618842,10156710.459840266,9945208.3807361368,55976343.813835971,20426799.922662158,69130843.429035544,126234485.66525406,253409987.52295309,407735344.45839423,442285606.02607542,510023233.3669374
63939353.217551067,34509535.730500266,21257272.889647942,23411506.775533151,16795082.548455141,26896137.298336472,33553922.693550568,35335120.994880721,36053718.775862388,13068686.334634298,60510271.849140815,18748162.849935327,49524673.558293141,12102431.378858138,104989150.20130938,2139249.3774804315,2773084.714058693,10768084.013592208,10659845.196555674,30798812.394970465,24861927.990996402,11037152.663026353,15076817.584205605,22663837.559081856,26860829.405938752,93018152.275583312,152072565.66671219,203159025.03422782,270707662.64447337,7554091.5292723095,7400030.4697099626,41659058.794134185,15223291.130189667,51680034.303328186,94179633.305260047,189869173.88907695,304988046.83135849,330878866.26557273,381401249.63090354
52398190.850918971,28456080.741059564,15976605.429905748,17416651.129819669,13410912.547225546,21731648.483465441,26619256.172398217,31910527.023330029,32449557.999550883,9783101.1938711349,46993884.800155163,15262484.039764844,36856545.696834676,9005354.5303972587,78122937.963519424,1591905.8557058135,2405371.2958222572,8347535.5104649439,7931062.0392385442,22983788.576151893,22504139.638075668,11212321.483863577,14995553.07563862,22094580.353449751,25711994.502170749,79687384.563607424,130970344.76206361,174627782.03689408,230662602.02930957,5613338.2979896273,5502074.1648091301,30976901.527317811,11338828.045261284,38513444.790495567,70110820.595401525,143554151.42254463,229200001.54977509,248609273.57689232,286079558.97848636
56685912.978267469,27013790.810368739,12592595.965175958,15369840.44130557,10931660.657591091,17874173.154088177,22212933.32276449,29128382.361272905,29571490.24594862,8062219.0590670807,39877239.946366258,12304270.254812812,27467416.829144109,6695721.1448398344,59197126.379996255,1183201.3545779223,2131613.9326241831,6567575.6362397,6585771.6857567104,18594326.465182319,20946681.347799376,10835303.910800854,14193718.314871615,21536356.89345172,24529101.546175532,68986243.795345366,115332891.2150014,157487098.9183802,217476873.67038792,4164937.3224632791,4085845.2759766146,23013739.109794069,8454786.8539916351,30201372.212740704,53668733.41793891,113759423.05282557,179342977.8550255,195453981.33405516,227907963.61094025
46609922.465477198,21812391.93135114,9472438.8715056516,12064230.227605902,8618538.311289547,14044959.944322225,17464524.055673633,26180385.418612324,26515268.790712323,6296676.3964336002,30723900.41186085,9767699.9521342367,21531039.949420072,4981853.5403915131,45525271.190997258,879532.53684923542,1926449.760259548,5233115.8995781271,5082551.7250367003,14291841.444929142,16105336.126741162,8348884.5099323057,10946484.06911652,19515040.642100692,21823968.352424823,56457047.86331252,96049423.614067957,129790577.59660944,179036483.00606659,3552787.145446117,3083765.5350830345,17616196.23744164,6364154.6393309543,23019772.50637776,40974875.412856884,87142432.632075891,137463840.76455736,149590547.78119406,174631064.84126645
38296378.615087137,18027784.214970034,7550131.4821618926,10766260.986739317,9263135.1854796987,14694434.354326159,17108703.835439015,26015976.294767972,26378663.454993658,5983922.0433055582,25543080.769532826,10295911.010269981,22963867.915943794,4631671.4319989644,43424549.220961042,735429.10451134446,1810894.9101860318,4345985.1970855873,4185750.1827600193,12392040.44504348,13606604.449325306,7901463.5700310767,10322634.044012764,18746818.054826904,21025841.36637231,56083613.216429301,94590583.117999122,122335281.88759841,162763523.58795884,3404630.7724972139,2894971.8106632316,16327493.017597355,4809833.1757264985,19026967.872065011,35658302.351998076,73391578.487922028,120912159.37108509,130942459.07221863,153351074.71137893
36564890.95107685,15931765.505481619,8163915.7839750852,12523718.531297132,9876991.8059372865,15131721.486040555,18376621.63112653,26314754.900243476,26662685.778159305,5854760.8136953767,26640040.972118285,11287656.037806511,23402678.287410226,5108431.3764028409,48133798.360495947,831365.07621218613,1854946.8499959018,4543598.0361312833,4018806.9692565715,11999967.609298889,12125432.152866531,9286701.5423200577,11766522.820735756,18752930.224698875,20901779.509416901,53582435.666898444,91440388.097032309,116954966.0352467,155689967.49530795,4612846.7290342124,3858539.3274206589,21657864.195018254,4924399.1912691733,18930771.27125252,40904321.259160459,83043751.194267347,136141915.07023191,147146530.785905,173264735.1489962
45167649.860191219,18558361.058539648,10414416.68956317,15199078.345280668,9217010.4034057427,14216216.745494742,16918662.598911829,25576466.211936411,25920538.020910304,5753787.8034376074,25790177.483638406,10531420.214466786,24216437.289528832,5592285.1543826004,51933621.389473692,949789.06910399941,1943869.0746080298,4978637.1058856174,3975803.9319382454,11894672.197439611,16317027.701011172,9533605.170095142,12142819.856932212,19932321.372760061,22081524.091068774,54125737.455537692,92130209.716957152,122465617.89626819,170299425.87985921,5162937.6387775056,4436226.7361826301,26007652.760009065,5124150.1895338558,18950131.002265956,45264820.322220169,87670572.793237418,145726224.60919431,159611234.8013835,192590272.78700313
36755002.442344993,14837600.127157697,8134065.4035439249,13349661.870759914,7473035.1858941196,11534725.590868721,14897048.253557367,23966586.970540468,24228720.064521015,5414792.337227961,21683707.79777715,8400751.648196036,23811350.605080549,4997096.6744923722,47959723.620370857,771187.33031397697,1819007.4159118964,4229793.0829238212,3219565.1538994214,10759834.396702325,14750398.117747491,7905747.3080275562,10148506.098501507,19051903.75700102,20853984.116405774,46527032.352196708,80138791.051694825,104074450.95749927,142868650.2068238,4036783.0711113908,3569487.8460002677,20411993.911615539,4925775.5727710156,17466497.408359427,38165524.447737783,73669134.496496439,126578344.32048669,137597068.74708441,167582725.16698569
27484477.31547207,11107935.273682231,6079056.0857484192,10242990.744148141,5989523.4595602565,9212497.4605770335,11298697.505317487,21993136.394924451,22187124.200332534,5076274.055511428,16470914.837605879,6696303.2857197123,17822571.522528321,3715554.1393138305,35964945.791939422,574690.86573399999,1706549.5332850036,3703785.9641962769,3012379.219691115,10104738.008329421,11255917.602426147,5935920.5969214058,7703387.2254470419,17558876.063834533,19108553.528467126,41116823.082759887,70341056.379605204,88228675.739282027,117228399.71746552,3516713.3526945463,2854748.0074225464,16658505.715546651,4342457.5297670281,16117469.368860396,33041935.81969405,60440667.966847934,100110307.49363863,108368670.33933856,132084179.71147275
20611008.759758532,8261968.5761100231,4571259.638054424,7690508.2252370873,4488996.9622702235,6938102.7366289021,8743126.2751468346,20416902.891897306,20559870.56988145,4687168.7101483345,14940668.997990875,4986120.8377615968,13420256.466171654,2847770.8932151226,26990758.813350067,521840.1752032896,1674557.518366986,3515705.8014798206,2829424.5002137204,9373207.059132522,8364058.6495652199,4546873.8132498832,5867651.6653113309,16355414.547394561,17527798.80142539,34085194.032556355,59884770.465275817,73460489.166232899,95301416.225090757,3237288.8920017537,2627724.4830751517,15335652.686474478,4000197.1564877429,14911634.123102535,30492025.887956861,54355818.469447918,84111357.317713767,90324148.919881999,109358589.99253865
15206243.454650365,6073294.4923964273,3400761.2768409108,7033482.6517408919,3315463.393998852,5147687.6407084307,6522525.5435460666,19138868.136550318,19244099.831906434,4308193.2761566788,11378170.51545451,4098169.5600552857,12263902.215912528,2671366.6643141317,23618920.523104399,484703.13124342106,1647720.1113188125,3328842.6003620736,2622564.4344703811,8632051.5906054135,6408648.8896739651,4160603.171842875,5173608.712022624,15667873.36924829,16533222.987915535,29272699.125318307,52427211.65304587,62562040.953090243,78743298.990076289,2985202.4333394319,2429552.3614311842,14142827.748340718,3680736.4605027298,13727702.396371145,28096276.075285878,47749525.647960715,73546552.010523885,78351739.701719061,95203157.411098763
11149566.873256687,4471144.4837875422,2541423.5838367809,5366933.4407271845,2969878.5678478512,4436661.1869391901,5585679.7843527375,18497078.162703265,18592832.442900036,3972239.9753395026,10450487.538868742,3759554.3657955243,11403813.342530368,2531027.9719122043,21901471.077275045,452497.18259225914,1624295.7867078595,3184249.2220452558,2413562.0861478657,7940075.7136829561,5863106.8444018355,3807986.9823956792,4733086.2920172717,15399661.343722373,16109634.098808473,26297700.029930197,47825775.911978751,55318161.77257026,67193740.420299113,2748942.514045021,2241027.9048357336,13033647.976848226,3389042.6861449447,12630722.980890796,25873227.55590089,44066717.300673731,67596657.586591899,71189213.742268339,83917157.243923426
10564533.068209074,3685088.5345275337,2343969.4085680009,4364267.3148110732,2706355.8709159256,4054429.3040008321,5124650.3294474622,18225452.693638694,18313776.694537975,3651143.0180269042,9603589.5269166492,3431677.7506349618,10581291.5137145,2333446.5230247458,20280101.477245752,416906.60836486012,1600321.0410244234,3035825.5961218271,2216739.3243068173,7301163.4196268469,5378811.8623479363,3498662.9003573535,4344428.4775060592,15159839.448095072,15809771.207299564,25008517.781732667,46042004.273361333,52291731.875231363,63420706.00059808,2535869.7501378711,2065160.6548077099,12012424.688864913,3125260.1645012745,11629332.505639244,23839301.354443133,40721154.178206362,62440881.737946667,65569958.091737814,75386713.375906616
8016031.9179807631,3412368.6009459589,2162820.786267343,4015171.8476890228,2499367.0119182533,3743480.2904721638,4694063.7369996188,17983316.679494176,18064857.024798922,3365222.9459971199,8791515.3896047287,3161789.129662165,9758242.5444657467,2150758.3114912114,18691011.890486527,384559.11364841904,1578329.6763193028,2903675.6636035228,2030815.0392442539,6719219.8257295229,4941695.5669186022,3219250.2573068179,3999064.5819332157,14940886.073756799,15540930.457079845,24024014.856025409,44600324.971131407,49944998.932354324,58378999.115821265,2337338.2521191775,1903995.8639856989,11075890.610745026,2882150.5129278935,10712809.015279105,21971993.89619359,37593314.571671329,57613550.265269287,60431622.658829585,69396200.210626379
6727736.1792440554,3140040.0896196892,1997341.7649620262,3671656.4153724406,2302779.6779167089,3451596.2058971534,4326711.9052414773,17765686.703538671,17841026.637521669,3109076.5974439601,8113000.5851337332,2909718.5060486249,9157456.0568531565,1996810.4260256055,17396357.032520436,355638.81241511455,1558335.8241428961,2785151.157706731,1875729.1521650609,6207114.9997724183,4549590.5540418597,2965840.9799321708,3684506.7367742802,14739303.880677881,15292966.018231316,23112890.502814054,43272777.150180064,48199836.510122731,55302693.663889602,2155416.2617326132,1758285.7490142165,10219823.570820989,2660033.0951752197,9895848.0587924086,20285725.725872252,34816851.598222315,53441105.53687501,56043329.767782308,64268797.548321925
6222609.1431519408,2890272.3018490444,1845629.8893303575,3383432.344606794,2126538.2006552322,3188276.2182270931,3997020.1742180823,17568130.285651855,17637794.231431514,2874477.4203053028,7494245.9170531407,2685895.0713056894,8458814.0867875088,1842838.201547252,16072778.40655322,329038.54243990558,1539883.6503285281,2677209.7107823291,1732979.0713540923,5737097.6620672122,4194107.5094778379,2737134.0694291303,3400176.8890437507,14552906.589008544,15064061.861516248,22284647.994054813,42065555.235899605,46603255.067990199,53171287.510859482,1988702.2258232092,1623322.7648802919,9435827.8324820008,2455941.5518184695,9146325.2355208639,18740161.510929622,32277081.75451535,49485236.871003427,51890108.915468737,59475911.906785533
6217423.5007379334,3393188.0022310587,1829686.758217362,3115425.7109636189,2904728.7340398505,4110789.3295927267,3881916.664465196,17752512.321138512,17817150.475545395,2658047.4179616906,7074259.8182506924,5841613.0733915074,7814198.9159079157,1704177.531703179,14846861.793480171,304068.04112860904,1523044.9468242202,2580524.7814448099,1610760.0921434527,5314577.6396533502,4658423.3317147214,3110539.3088131859,3908110.7731261132,14778536.27845908,15421939.485604033,26337234.777304921,46419872.851084702,51497397.995535716,58054646.581785575,1836436.743925377,1514939.8043982722,9051370.05968998,2294183.7114306814,8498227.156893732,17697816.586507104,30534273.646620609,46454842.318271428,48802256.578178093,55807489.921088986
5830233.5878788857,3193284.2773605334,1722605.8515221449,2890667.517655029,2881371.9798195357,4040693.6826295382,3790519.7986399163,17671829.353865877,17731750.84904417,2536121.6130160023,7182351.1876698313,5267707.7448843438,7647108.2220232394,1808543.3935136171,14815813.575650273,376665.77010038053,1586477.6932365568,2981014.4260748494,1634613.3070479301,5233582.3536019977,4520592.0027180649,3014510.3432640042,3792658.6494823713,14691777.279425642,15310413.07164371,25335411.068052258,45173183.328190014,49924089.738260828,56067959.293903753,1992444.3837363345,1633746.4748555098,9611304.5779172927,2321647.0302364114,8455604.1706916708,18211326.963052947,31579508.73125831,47413942.430242047,49620758.394877695,56383637.376964733
8170930.5755769927,3162889.0483778967,1607448.0743907508,2880643.8656991986,2716087.3881355338,3804192.1813585688,3573994.0058068861,17521935.20819607,17577567.36259586,2434823.9120258782,6982751.1299276501,4229483.9301957209,7216853.1570619782,1787234.3213518015,14537797.60204898,422418.42664543673,1625720.9354475562,3273778.4621503176,1671610.2335457036,5383051.8213089695,4229812.7322685821,2817397.2359290919,3553972.2900716863,14534123.44334266,15116666.807395851,23833947.344333954,43442727.976851024,48273087.957203679,56742198.744591251,1852509.8853779493,1611709.9110356655,9874100.733577814,2843087.3991763848,9382029.4146173075,19465453.812561404,33253197.352597393,48752912.509932198,50816077.725972682,57437773.092640176
7067027.9498558659,2989069.2773725558,1641601.0310519971,4024508.5076839062,2659000.0936951116,3731642.750857105,3660065.0970378402,17495837.660978861,17547549.44673562,2281255.501530908,6666014.3302385192,3974367.3038248145,7924622.088337875,2013450.6608593434,16143017.259011121,418976.50069309934,1615114.6676210642,3198633.9073998202,1600882.0855102371,5122340.3074784754,3928538.6848135293,2615479.5160292513,3308662.8325156271,14370816.598457936,14924715.022234738,23187995.733910363,42660677.400613956,47244581.239789441,54589583.130943358,1831851.8181278403,1587855.2787406615,9431686.7305499967,2820155.4844407812,9041061.6867817286,18668036.668147318,31868179.27384501,49165100.42564223,51592694.105377316,60834316.090385042
6514756.4691000711,2734937.9222525605,1559243.2185691583,4042280.0284064985,2505833.3357131463,3538545.3452617335,3519945.9268223383,17389983.399339102,17438177.35485163,2185105.2764106998,6731507.3790016221,3693204.3940356392,8253979.6693680668,2167042.6327111116,16947966.967597794,415715.94267480425,1604667.3662961659,3087542.2502556541,1532900.0630722251,4918866.3176814178,3659689.6462412518,2708792.8394115688,3389423.7655213671,14297084.148939125,14826418.639756054,22544948.027317785,41775276.971369907,45990811.631019257,52770682.828814805,1932267.4312284773,1684012.6243442171,9993160.4036192875,2797566.4290180197,8756178.8514730334,18930095.027126726,32092280.191195145,50151799.05075711,52371002.424057469,61311946.196946442
6033590.5475771967,2521295.5754514011,1510816.5918638431,3909685.5827011471,2369518.5762892994,3348061.2500448306,3311908.9308929001,17274408.620032113,17319511.240259744,2080617.8716582817,6346470.5246125562,3500261.557638342,8127530.9988369327,2138049.4334590882,16588761.40806338,416011.82425889606,1601062.3146882236,3024619.1544918669,1433124.6512715723,4636669.5573368128,3452263.3367274203,2562164.2786346776,3207527.3190444019,14171899.51919421,14671278.66538066,21929883.347900398,40921502.421106085,44811343.848162003,51090145.748172075,2162112.8955329559,1877443.660945009,11228879.153137807,2735868.5578406956,8340540.9631500179,19737161.276477847,32243454.052066807,49873050.765952572,51993270.818135686,60438054.21276506
5545319.1886804765,2501182.2689785762,1403062.2509985119,3625604.3269751766,2278423.6981175467,3244559.2954271929,3280935.2476223474,17227121.794080477,17269383.995361626,1961783.0386954364,5950581.7496966794,3359788.4155153753,7528224.8083002893,1976603.3839071419,15405015.121713053,384775.34903641656,1580430.2546681715,2903950.5191133195,1327736.7289165838,4326355.0148039479,4061523.5748299127,2510182.7339681201,3194325.7240347364,14298183.790433729,14837377.541373994,22186445.964906648,41089074.991730191,44856021.064377382,50627998.896520846,2002919.5413447232,1739879.6064596439,10465564.780897507,2543493.0295984014,7763415.6031206986,18384682.238722377,30147342.507828016,46517050.438470736,48483274.832109898,56296492.424418256
6081735.5596180223,2922568.0614345134,1367824.9877668312,3438729.9606035524,2681813.6326784934,3843566.4126773924,4233165.1737054652,17688764.592282083,17742842.342145514,1841056.4399920735,7662672.3929414209,3694158.6042580809,7013140.3071074225,1828055.7942004609,14343035.058785355,354549.65410035482,1559069.8721507958,2787558.9517741296,1439736.9735394004,4242822.3111998793,4590218.4374313233,2574798.5371733615,3320332.7504447671,14440775.19537963,15023659.720729977,23100267.253343593,42813042.737084985,47268855.788371459,53624125.424163356,1849856.1538352205,1606507.7905128824,9710222.0058272704,2360368.4143054034,7469367.9395620394,17324670.612330779,30636730.00416911,45915823.623518698,47823193.412807688,55471561.41038961
5743808.574954343,2799476.0393923353,1691983.7985818735,3830291.4515077984,2877519.3237631698,4111933.1133672646,5305311.9593318217,18045436.812746804,18096538.35447048,2717215.1313457051,10062811.918451177,3731678.3743936215,7124538.016403011,1802552.6070043682,14682425.381010015,367156.6603024939,1568586.5304004368,2867390.3464406105,1810614.7656495844,5560120.5303778173,4461709.145351884,2810101.0840779394,3576413.6592003973,14449772.508346288,15026444.140850032,22952018.429705478,42932505.076444253,47170608.915330768,53169133.307810687,2347282.3036680073,1737885.0704856073,10169086.006270455,2333159.9069208438,8800763.2706791982,19108507.474760883,35199987.817568764,51023627.87846493,53369936.312484764,61979989.238664292
5297144.524323578,2598816.4636608413,1605684.9039835944,3666992.1465236414,2734167.6019223225,3890494.3549540164,5068397.2549862741,17890910.301790308,17938560.834011398,2649675.1177447634,9519292.1987779811,3520303.1794680008,6646500.8813991835,1668021.3826552741,13826556.711115317,344063.72569069843,1554054.5609246904,2785206.1427030871,1714833.8496934522,5336729.7350441301,4151268.2231658846,2658934.2047799062,3383421.8126132311,14298517.274526963,14838685.196855837,22260270.79777997,41955735.911016725,45885820.038649499,51418447.729949862,2171150.9400148648,1606936.5085169419,9429666.9938654248,2264010.5629199361,8450410.0028442759,18009771.702795241,33265517.340706576,48158791.22133363,50380382.534004785,58734582.972415149
25431800.899293903,7713873.3323964067,1619506.6968727731,3768434.86554388,2776922.7291537295,4090666.4390171594,5003038.9543488566,18014477.467731576,18085550.810205929,2531246.7383725648,9294783.5263945404,3459670.4483019137,7391952.0494358735,1963324.6473227255,15480884.865987124,381152.9477368588,1578465.3876208265,2928751.3825081489,1620912.8764063795,5057330.073602654,3841330.9643153129,2487794.5227643964,3189821.7057943866,14147211.552912986,14719005.148534672,23605183.034386415,44368311.308259286,55348300.573926702,81186259.527312055,2017233.3914420146,1579505.8761604752,9004225.3631548099,2108384.9060539375,7966644.8281748341,17094132.940922171,32389325.403290275,48953924.811936751,51156402.329208545,59623771.94420886
53575915.603372954,17254299.42783935,10759999.28356291,23700413.674237583,7814388.1804123931,11789017.414586401,12525672.080617663,23350232.577623092,23576140.186757162,3636784.6074789087,25591731.339613285,10015490.20065905,18445094.21519956,4972349.5701206001,47151859.124279141,870829.95279212703,1919018.4404674217,4807945.1467111185,2509223.9569385545,7628448.9447890734,4668890.0805585962,3517653.24598207,4700762.2645007214,14736235.569251932,16201113.837276164,43328180.447390139,76782789.067058414,109203552.79638477,166354180.20963284,3008477.6972679733,2496092.9191624639,13674259.179318802,3210291.6585656656,12184510.802195376,26081325.615778543,64755068.001658045,118632420.62594762,133090886.98650017,195682099.63300073
50246854.056952834,15252594.107921071,12760945.359143805,28288275.881639063,6489317.1842657961,10045338.632465998,12330023.290507985,22922149.560649332,23153342.651376016,3734949.6465719934,28363044.166279323,7908856.5201073075,29077597.643395677,7392624.3518633517,68660918.38716282,1210661.1158105754,2107668.7333178287,5845916.4325851323,2542906.9249996268,7812084.425703885,4465575.4229671853,3358599.2655136967,4360297.394687349,14572131.748879826,15722277.238194769,37718682.871963359,70337815.016408294,101693848.1524068,155941263.03094408,3282303.8329623197,2872060.7024875595,15794653.977302365,3521963.2127445783,12764561.240833189,28796250.454051882,75733331.582799584,152724259.06618682,170042942.12236023,245928140.91961029
37862718.929793566,11452344.156115003,9661927.4626901988,21779065.445622567,4944689.7775368365,7685705.6693853661,9457425.5311294571,21104703.245234143,21278976.869357746,3531680.3067299197,21842894.599145364,5968362.3738903478,21937183.481308054,5527738.7585086087,52445358.512888484,945550.74144104205,1956837.8660796687,5035301.6745334305,2418770.957634463,7400278.5703094546,4283423.0253047775,3121780.6766197537,4064336.0466713584,14425628.382358383,15329515.031095946,32107554.150667522,60622355.956678823,84332822.244766772,125237457.26526076,3045380.4591628802,2659772.178547164,14814304.563698549,3320411.6842907532,12066635.802087886,27101896.963020049,63744059.103838034,122483226.01882873,135600844.74794868,193811983.14588407
28118523.543208085,8518098.9578598142,10610519.827901246,18112151.626793571,3982376.4091919917,6219843.6602023877,7961514.9086890481,20035020.09017377,20172210.553667683,3672483.7332447609,23107591.417039689,4724183.3781527542,26854145.431599177,7120840.2028947156,60154341.01035814,1287575.1679497194,2203745.3551324699,6678549.1895338744,2506031.7833488584,7864578.069753225,4050641.318467217,3056970.339764344,3963797.7603390412,14316361.460792854,15059116.441476488,28078498.599762347,53772708.233622916,71404732.273076549,101782862.9104619,3177182.483953217,2977649.8612063485,16842313.951585624,4144863.062257119,13668487.78386653,30811001.469833519,72254082.381540492,138275772.36041442,151629687.87677205,198007126.86953411
20964689.182622548,6440114.6944297431,8243688.0858321954,13616166.938872585,3190620.8723633587,5088877.0997023396,6643614.0325344708,19294390.276877508,19429328.482153788,3448324.2565360023,18165151.162861448,4045211.1960243299,24883628.34917504,6402714.9628548361,52066055.339067191,1150108.6684075685,2099853.9642611868,5892764.1104550082,2362055.5903295218,7415509.9977179216,4342818.7102569044,3116390.037386083,4001363.4536255663,14376904.06497669,15078927.901945218,25650565.504868489,49793679.114539668,63426083.533239745,86171619.584817544,4394221.8007130716,3735128.2589635095,18689242.208513074,4082586.810188585,13092030.905924786,32072349.685815159,65277094.292335004,121776077.38129877,132073429.06532413,167659309.40735421
15527412.231428087,4753615.977943073,6176825.1987986891,10191978.399833806,2952323.8062811485,4444134.6638516672,5638869.5056621358,18590374.272341613,18693712.931801062,3191571.2362484755,13554731.233112374,3760583.0983129409,19018576.137775872,4775560.3257091502,39342025.245976046,856808.3405917635,1903162.7544324426,4754286.1666214392,2195134.6533726077,6977287.8844617195,4116687.8018749496,2929017.5727041499,3758894.3925581384,14235417.751178302,14886516.416575501,24481016.490764417,46707588.931777626,56830853.766477957,73687387.042238355,3593778.9270061278,2894872.5528823631,16336945.759547289,4096343.3499844568,12575855.434602043,29182818.641466722,54303908.799132794,96944730.181671381,104645738.20982796,131145680.79045627
12743571.16992477,3766619.8527936563,5038205.5658870162,7606515.2141308933,2760002.8195225261,4212804.2904155627,6830110.4832663573,18855334.345569346,18950851.396102984,2943740.8454596908,12397989.576320058,3458669.5347810998,14156901.337717149,3551228.1815549093,29388781.890590355,638056.15493042558,1755239.092054442,3877470.817347385,2044875.8255341211,6482714.7480985373,3789998.8750142492,2700641.1654821048,3463645.8627228793,14053771.575294707,14653450.209572366,23575847.801054545,45446744.030538812,53513781.59729024,67259185.746967763,3307850.2691111364,2665097.4586480414,15045086.099070393,3805024.2194044315,11683465.50857923,26977756.880821131,48607121.296677597,80585407.701366961,86781889.717063636,106848970.87527575
9623367.6802060567,3484956.0100296396,5325574.8660749486,7919944.50299465,2578373.3474108931,3949583.2953912029,5794446.8997558076,18409743.703954458,18498010.316725787,2710740.0868400703,11220651.353155034,3176115.3959766896,12475316.051840207,2823014.5883371341,25690242.606641188,538887.94977086468,1683444.4524419066,3598729.4626804045,1978843.6203145669,6091918.6594789112,3488220.6564035155,2485599.1552281901,3187543.7487477721,13881930.444586083,14436307.243214879,22683478.365129907,43895509.090140611,50615581.67379728,60986555.388642527,3059275.0561292535,2461822.2364100502,13893318.257084932,3512189.824748476,10887844.234031925,25009939.523713551,45008867.182583094,73454392.78559193,80095611.982257649,99585601.724940807
7119718.0079715615,3205245.6685353843,3995414.9162287139,6108477.4396916591,2390003.7460934678,3662043.7563131973,5353828.7139778361,18106845.488032605,18188247.674961548,2525217.5744297253,10429453.361743543,2929414.9583618077,12247330.855147945,2688360.779377088,23275303.114500314,500792.49432643998,1654762.0768065755,3415964.7469238988,1845610.6823229208,5678312.4356665583,3188604.2883706195,2288079.3556472841,2933068.7176637398,13714781.348845378,14226741.749029847,21846468.027969766,42538712.534500249,48145106.526334971,55819059.903886318,3477163.232896015,2475680.6310993042,13693703.910562128,3243957.5200700765,10109760.794252919,24014940.558760766,42659536.502202988,68002172.450301707,72999405.93173629,87818263.799438864
7200205.3941250835,3085728.1321309763,2999898.0222678469,4805192.9414789556,2214023.9952664417,3396510.2953206347,4943084.3846052717,17882782.155338448,17959133.905592263,2338965.4319354114,9637496.4109007493,2709588.9365610429,12753744.182328105,2569441.8906502314,23068847.710875638,465207.63743284688,1628796.0682945596,3255597.8504359336,1709855.4589901147,5250004.4691234529,2968341.4236971769,2122815.5074510621,2723041.4139794032,13577848.385804748,14053629.858559743,21142531.92343422,41467368.318638101,46569319.085004449,54205030.644082144,3484092.5793199427,2405327.2834246755,13036920.5355631,2956984.380514205,9306432.5663423259,22540007.373961557,39879436.217386037,64507015.459470086,68257795.109607741,79562567.661030725
20840954.705144383,4767559.5926633449,6122452.0085170707,7050418.4555346752,3223622.1280009644,4806495.168307214,5663770.4123032223,19062569.058680054,19144718.540435098,2427770.8161980677,11222026.783104928,5961707.3503200002,12507079.924187936,2539625.2961813165,23991565.765505377,495166.15423572372,1648165.4966917017,3568445.0734812119,2083628.6796724675,5992165.7639430286,3688525.9711488117,3155354.3233266398,3993195.0207245401,14059625.304160895,14705423.465297407,25675063.42430567,47596336.474478811,56033027.673062131,77481753.582195073,3243234.6274466608,2335551.8338809763,12935719.369749326,3328686.9241018505,10888759.901301313,24171946.329926644,45188627.941924348,71791146.672751248,78867142.374657556,96435174.694794908
18785638.189398166,5131760.2196987951,4986540.0193329416,5727934.2251075897,3117638.7035264778,4937794.986545899,5549088.4448396191,19176930.105731841,19315098.386671346,2311064.3424558518,10625181.984550271,4943799.0009080255,11540175.196886513,2361805.0548906275,22024297.009572838,482406.43247209012,1645522.2693221543,3533677.1820111214,1960260.9161176304,5666474.282786157,3648788.6993989083,3056509.0311713396,3877244.4974639653,13997370.37998707,14627440.035554597,24837613.521539476,48063356.843177818,56619546.28540618,75946475.402730688,2986720.4673258639,2164466.6390575399,12242703.078299111,3202313.9394903053,10344715.965265406,22898561.927999586,42316184.227340311,66462920.868222468,72227412.241829395,86179032.583748013
16265166.430755116,4170772.4241456646,3734063.1996953539,4481043.9933843268,2926866.4767024005,4417227.1907034814,5199404.7855468858,18615254.661411084,18720099.378390621,2152448.5556704584,9866976.7055586372,4134152.2705644681,10654990.964359364,2188670.0607097717,20456020.95998342,450508.91287297063,1623866.8592737918,3395017.2326571997,1812933.7190758539,5255936.4004781116,3413545.9279684308,2839318.6070947461,3607459.4048695145,13845416.899444742,14434114.147789348,23460751.999007236,45172885.876126133,52082008.957562499,68757340.54107888,2756791.6179203503,2007199.2930724428,11313270.766526526,2954789.8867247598,9575325.8759662528,21176118.293262661,39315238.092654876,61362376.926922299,65755919.959441639,76390469.948191077
12269937.98631319,3658758.8121008622,2785323.1585204448,4130871.7396344659,2706377.8402886577,4082815.3554789848,4795641.6730666375,18156794.803485721,18253560.688389722,2005469.0457503893,9093613.0461026747,3824202.1022640262,9824116.1876765694,2019911.1543921803,18863615.670782015,416662.01925274351,1600017.0394699799,3234370.2615093593,1674985.0862154984,4872500.9757987652,3188941.955145787,2642163.8400658183,3357056.0832351288,13699677.344200788,14245288.146934381,22594590.786205612,43614225.497700781,49322734.468277216,61971252.190061942,2539628.6465975372,1852657.5754823713,10441963.693155501,2728000.6513781017,8860014.156733932,19567238.898274988,36395361.651725359,56702589.4418464,60097537.665334143,69405022.039029196
9034818.6787422225,3331980.0938434144,2419952.5985785974,3777976.0209177891,2452145.9086398883,3710509.954899448,4377597.1052501779,17842513.274588715,17931458.500296369,1859784.0641447427,8324900.3975965902,3455957.4616103671,9063636.5978137925,1864321.002369687,17353078.859709892,383748.71684476238,1576905.1166625738,3075759.1658590212,1536606.3060832622,4486154.9115745267,2912890.8245822974,2402889.8154501165,3055161.6115593985,13526369.125126187,14027847.237503262,21662295.156166486,42132918.185825922,47302720.70413404,56687914.370154217,2341038.4675956005,1709779.0557684584,9631021.3333507217,2495604.5854986347,8130385.3697653087,18003938.734919868,33536028.455410674,52221668.635326788,55205162.576850399,63734710.511599325
6936949.6737558702,3047256.4353111852,2233229.7392201526,3464006.8944314797,2262423.924830501,3423676.6160403327,4018494.2313049198,17620530.062857382,17702292.497616149,1820491.0094783516,7699169.0430425201,3199338.2468766728,8366524.7304052394,1723057.8808147127,15997133.185336618,353112.07353332668,1555381.2075264163,2936340.2084161951,1431570.0301864089,4261681.1766550038,2703985.5641571521,2220493.132189793,2824472.7146405634,13387112.464077078,13851493.070191005,20928916.94991114,40970264.540979311,45708797.618220612,52968808.172808744,2158999.7728645094,1581460.2553341819,8898574.3879792709,2300132.2566946521,7627918.939326223,16750912.463577611,31216350.298386458,48445387.296607509,51200347.711198837,59049868.740711786
6351189.1589379143,2807335.5577846146,2063467.956932877,3191694.7439722959,2089338.3601976368,3163594.0640911856,3705668.2922833599,17422953.398565248,17498578.70062514,1786877.8560167199,7119802.2145593027,2940794.8513958529,7731876.7884497959,1593203.6180505741,14764526.020296428,326128.60909899371,1535380.4262388356,2809473.3920793813,1330484.6145676065,4052976.191205095,2501923.5800553225,2053015.2469024069,2609716.7793107349,13252559.250979649,13681898.982502468,20218803.088763438,39882314.348416634,44250935.217836022,50902702.578523375,1992594.9089403844,1462072.6952332729,8224186.9491847167,2105941.9875901355,7145896.1236984618,15577708.937458796,29054172.900915671,44958815.588863604,47505989.871550716,54754356.278677084
5839837.919986235,2587074.5174802267,1908678.2937403787,2948352.066758282,1930410.5255404892,2924756.6326234252,3430656.6341946311,17243645.260244656,17313649.595851205,1783208.1138139414,6595283.2239548657,2710632.549474332,7159550.4851829065,1475038.5262127009,13669342.485614657,301682.87459911045,1518145.0810776155,2699738.3740492309,1239313.222511186,3893461.1142219012,2323731.4230834264,1905207.3713703281,2419952.9724366358,13129461.960079655,13526937.437912384,19585374.504526172,38908158.328322962,42938083.189408481,49055800.707465224,1842514.7539082239,1357163.2908545902,7624743.2037913976,1964527.4920645945,6774899.7699197121,14592082.300187731,27178055.096173029,41903889.849447839,44261583.773175038,50963910.286832832
6772811.2995069511,2544519.8804205391,1766569.7820024593,2716597.7513718656,1782548.5653274758,2703710.8988780361,3168486.5936989398,17074949.025713149,17139811.665436834,1765152.0418420858,6111527.6620872291,2495324.5612384207,6626661.6926326407,1367140.0340081016,12646142.323812841,277028.50667587289,1499526.16422288,2592494.6751837935,1156784.8320992258,3733126.1204895005,2179371.6491671638,1774140.96996587,2255300.3547383533,13020674.915621832,13392356.959914137,19004485.659381445,38048512.652360074,42102516.604555801,49138440.791533746,1706758.2887358766,1259234.5862549981,7065798.812740311,1806754.7393907183,6392156.0995688522,13636459.167118948,25397012.568698298,39023144.230159052,41207054.386813417,47399456.778165914
6782097.8265786543,3127215.4432147718,2023519.4303551514,2521082.2384203612,1799532.1750885539,2776460.0398950842,3730022.1281490643,17264622.367211629,17325102.9678091,1793542.1813918741,6779601.8371116631,2392603.2339120554,6197656.7812003447,1458639.983052009,12635682.274826225,380628.62637955701,1592990.0658006002,3194656.482554426,1411083.8867734869,4128075.8333386774,2118488.5618541357,1702660.6948956028,2178542.5129053718,12955509.109326759,13334863.584629361,19313603.594596229,38686214.38886331,43378038.364474803,50430305.766021423,1612156.0457603182,1401619.6214372241,8103825.1570088407,1897585.8236458735,6935808.3304866981,15216508.488686748,28530318.172037624,42170565.960681066,44587277.555355266,50341382.402591266
6552469.2039940339,3127594.6464329697,2014470.000793536,2755185.2256700164,1768347.7247737984,2744611.109933374,3572580.8062196872,17201751.807186048,17268292.278025225,2383380.7304475219,6661369.1911086617,2405802.3308573496,7215462.3016540948,2003002.8153547356,15255428.287344072,479588.90344505676,1670167.89613276,3590122.9392785686,1645284.920672609,5083569.8289476419,2257283.2842523451,2162035.6067303028,2695583.9419684219,13091623.340128606,13483906.085408045,19511596.784545712,38883441.023880497,43484444.345626973,50287675.727369554,1732184.6447620008,1537276.2963234612,8764489.9899802189,2160386.855429362,8187041.2360202465,17121564.372044735,30759148.033911388,47010076.544065647,49415852.056220405,55238398.276275538
7859477.3961151149,3529485.0951546151,1911263.0564640514,2602283.9033847298,1826134.3129705852,2827357.9411702403,3464755.1698695156,17174130.557262592,17238075.262461223,2449901.5354385953,6426472.9739052607,2535275.5791044715,7096619.7738832636,1949884.0893403378,14963374.548102017,495878.22761324455,1724205.7602039704,3738281.8554021921,1598769.515431595,5047207.3953812681,3024338.5843839627,3121931.032642026,3777106.8317635353,13533806.937872844,13992941.386442687,20780413.052592233,40176086.45827809,45212530.286828369,53314677.583043091,1624262.9806551377,1477412.572237178,8428420.5096283257,2073347.3138759558,8016582.8970055459,16605062.993375553,30030835.271986,45932166.716153532,48211699.42030479,53672035.599098146
6791579.939396549,3313164.7260346254,1870118.7695625387,2875673.7517974665,1708382.4887797185,2640501.1870932975,3244065.3325311383,17027363.138344109,17086775.856246479,2323246.1822036649,6834161.9398309281,2402661.8535612044,6875975.0027771173,1864470.9713649442,15619707.878032444,499551.45658987504,1714690.4267698487,3828318.1561097684,1507901.0583893936,4776779.7802470895,3121987.7315042885,3029999.7214573668,3668617.0593868867,13506978.227256062,13948237.329940796,20317568.376675021,39412222.133538403,44124909.912076801,51141873.361775324,1506852.5608998472,1398267.243263494,8028952.205281104,1955888.3780602401,7629031.1677419059,15825343.345605418,30734328.349855017,47439317.258048996,49665085.113862999,55364698.422050424
7910255.3539314494,3247594.6553040799,1734464.9003001396,2748214.2181925667,1587061.4256960924,2450284.3134974861,3005331.4488511356,16876397.654843882,16931603.806540087,2185706.1170373019,6390431.2531725271,2239741.1318325107,6379385.9755499139,1722831.126411549,14699391.386964466,462674.19843584124,1655067.7114553466,3601308.8800659445,1407461.8656701741,4477588.6359554371,2959730.4146104045,2839572.3720886009,3436816.5614586738,13382411.744634813,13792545.506044051,19730765.560219638,38538705.065379962,43132302.729104787,51252824.341519266,1397531.6700306791,1295185.6514882757,7451449.2981516197,1844068.8841861254,7160640.5199992303,14768187.619156566,28737215.960281711,44444769.368725799,46511881.125261441,51897018.439426526
11701627.855763922,3469935.5402632463,1636212.3962406793,2542470.3218862182,1671793.6008037974,2547308.228391232,2990604.2064025602,16889289.904619936,16942020.243893661,1991625.7771690327,6039247.1649717856,2480205.060349904,5924832.0802236479,1597269.0320105415,13606358.012917727,426234.1095204766,1627291.6836818215,3415761.9872557037,1304308.3543028459,4113274.1906329961,2962884.5295032496,2810271.6654979968,3431432.5867239451,13357931.591482742,13798501.332750537,20098955.991035756,38946270.81024266,44047731.362026639,56041331.774726361,1298063.1378187099,1201582.8402698203,6909963.8053094726,1692458.5189134432,6585572.354673286,13640923.568135355,26771622.897421181,41325732.439438663,43277490.690248698,48353532.275758356
15554692.403418051,6154139.0601809733,2228741.3005964914,3481209.7310100915,1875797.4819145554,2907138.102725849,3514286.3978207922,17183313.871219587,17250769.475982975,2520122.2572967899,7437767.7145381551,2590683.0186854275,7242964.4963382697,2024066.52312975,16876403.548051178,534664.93081521755,1792322.7267983009,4371083.5109938504,1538524.174917395,5037886.1969164172,3979677.1170541313,3226012.2761565293,3924160.8219165136,13717494.961021742,14198431.114665573,21417796.932958364,41095441.348394953,49190493.757516824,65102803.657484956,1483407.6903468748,1498629.1114176998,8644937.463863479,2090427.2360686138,8052409.7657792894,16864618.502395358,33201036.599801149,51379144.488967426,54118373.95029515,61109726.014910012
18212794.691250052,7124713.9763082704,2404649.0150715569,3966836.7676606765,2109029.8776063211,3320209.3338283524,3995877.4382959506,17504140.740341011,17604830.756910905,2732390.7346660928,7869035.6043999158,2673556.4133132836,8784355.9014291205,2402901.1648682603,19446454.123383809,669948.66779227345,1845829.6141418323,4569404.9961205609,1824637.0486984095,5722039.1610966083,3963667.7475836328,3190565.1381325736,3888426.3041373841,13684025.456973661,14177462.793123631,21966593.747585874,42864669.748459496,54117903.610246755,73169627.54170388,2341303.0746053644,2017810.4923753333,11636714.938538073,2426460.8818778042,9220017.3629990779,21049543.115141004,38253134.567648195,59113503.209671192,62114018.240393884,70253830.722280219
17603805.283722162,6380743.2879380491,3241321.6250902396,4268543.5915392209,2005202.2647341429,3198476.4790208656,3863268.1207558899,17444505.830515847,17563039.579858065,2668773.0927430992,8619968.9121224545,2514408.9246686674,9960309.7063174453,2676150.0627091969,25358911.182162799,901090.28313801135,1996777.5711739056,5397021.8557237461,1755646.7462091127,5619367.6029127566,3739837.7704726611,3000734.8192208135,3655190.5213854685,13546609.826346509,14007116.19980064,21445179.426827624,42501996.542164765,52901922.63917923,71347027.020323917,2810860.7540211119,2422800.5868281489,14590430.777814969,2718658.6036054771,9443925.4735834319,24228195.269822989,44998189.797569908,72196953.961076707,76021132.090706587,84561729.179225489
13396898.432061538,4832561.2409988511,3240037.5082201841,4262848.6839557849,1861644.4425777355,2981466.8250477705,3645626.3812100734,17306674.088583812,17407492.89876147,2488876.0445450949,8350899.179256618,2319126.0794035224,9289352.1093268003,2472161.8201893573,22432583.743843567,686578.45775486936,1835919.7830815937,4480702.1691376828,1646377.6654840121,5257115.6648612823,3471791.0457527703,2775255.5668858774,3379428.6649620933,13385923.729347728,13811657.274513613,20698012.440845992,41028646.515058078,49017618.810175277,63051167.745906711,2593080.7850919692,2237984.8299162486,13606513.432900276,2570362.1967985737,8868174.249233745,22655605.450935062,41086625.47839053,65300206.118931405,69164978.340132773,77940757.713971436
9920648.0067308024,3804523.2084932863,2539322.8129584226,3985536.5021566749,1716672.0621081938,2751959.4004793121,3376383.1126729576,17128619.672448315,17221460.71588245,2287253.4544933741,7751521.346329608,2141042.3447983735,8609755.5161133353,2278546.2258449136,19295491.981464446,549914.9477824925,1711756.5676671884,3764561.7449636008,1523472.3313433374,4848426.5659359219,3173886.7845761906,2548942.4735205006,3105650.9336547479,13216824.331117941,13611131.617133219,19971913.252842471,39890514.934633613,46043358.669117391,56435925.353135504,2391242.3619218334,2062964.2075880084,12550980.536471177,2375593.4817750459,8188940.0441355994,20907809.378112804,37511197.353010699,58298479.371360779,61416740.681930564,69644445.312560841
7294768.3439922575,3469355.9313945645,2342688.8583946144,3682234.5356703731,1579619.6706588939,2533798.6389276437,3105274.415982177,16953477.48505345,17038806.535991311,2097366.8172054361,7149305.1284758188,1971910.9732713774,7958945.3031196436,2101092.7966110758,17791462.157592773,506336.38851973502,1662832.3728383353,3548353.7027731831,1405274.5054229591,4458559.8536410527,2923672.2034508353,2347961.7147904704,2861589.6173345433,13066010.054030512,13431212.713129021,19304960.607058514,38819342.340900913,44204070.631751619,51894004.691742703,2204968.3846187368,1902399.7484071883,11568247.258385602,2187558.3009363455,7538102.0779260872,19262190.1914686,34643892.844984233,53813140.401151553,56691412.549029164,64295729.999957874
6523821.9489828125,3175532.8426306979,2160586.7392697139,3360356.3583657318,1465212.9753055354,2349035.903506055,2873960.9219393828,16801016.73353567,16879681.829346858,1934877.4607434988,6591436.064090021,1829058.3146931261,7404036.3492224803,1945607.1044139536,16360745.900079153,463205.63553440751,1631101.7376654816,3349225.4715795466,1304220.2761623547,4125413.44148236,2705441.1579938238,2172134.2306039981,2648022.664328061,12929910.817267036,13269240.206152614,18714992.518019762,37878748.621919669,42817360.612271987,49705028.689909376,2111233.1321869083,1780683.7463217629,10739432.241182826,1985220.63047597,6938190.5954650827,17822813.615932204,32064371.856546126,49697609.093242437,52354268.168523207,59337385.409964636
6009141.6593725048,2929185.5414176504,1996144.8164986132,3077703.6458752532,1362948.1107530033,2183739.9905812666,2670113.5966361002,16664054.970423136,16736878.76238024,1798503.0851702271,6106165.469499534,1702091.9382151449,6844795.7039053421,1795298.529779363,15064628.618885141,425511.95054110693,1604577.833457141,3188815.8572490513,1214313.4502887423,3838358.5069956491,2511670.7328781448,2014815.0738736112,2456847.2933689938,12804702.9580162,13120643.406724019,18182123.769031271,37034244.336894117,41591722.772015072,47936762.21492704,1951738.6588585549,1644955.0052596761,9915746.2689779941,1837168.7540940803,6447077.2093317173,16498470.604772808,29770822.254686791,46012718.572664239,48468983.699497104,54900600.911849715
5548469.9489889005,2707098.336645362,1848063.1454764127,2840515.1854368602,1270086.9734340128,2033485.9156623515,2487829.7425574218,16539277.390478522,16606758.754595889,1761515.7297941768,5672548.5340154553,1586875.4994963373,6346664.4471341697,1659265.3527168159,13939141.443781795,392433.83374392643,1580870.2489919388,3044340.3883000799,1133951.2049982508,3666184.0889785881,2341476.2161550098,1892329.4113257364,2303429.9499279903,12694177.646477867,12988885.536221201,17701118.764362723,36270472.83002267,40484833.733352661,46343712.811357968,1803085.2966698112,1520230.7568350669,9151275.4924225565,1704502.3927177864,6091821.0181632163,15370126.635376908,27771993.362442564,42802107.69590763,45077779.479468636,51030941.775134102
5114099.8638203647,2498578.7443462289,1712909.5520291573,2635102.2233851235,1186200.0240569678,1897467.6020682512,2325414.2142626382,16425616.095279343,16488212.134273393,1751589.2176402903,5296298.7929412033,1483694.1514004744,5876927.5988841308,1533949.172527483,12908126.273278574,362056.10083725996,1558695.4162731653,2915148.217830705,1061915.9642383133,3536009.8284741435,2193121.1618425557,1764948.4051131301,2148331.0771062323,12588059.289680663,12863617.760587823,17259664.552924883,35569586.109628029,39462868.338535599,44864039.678146899,1666897.1410627293,1405569.2039236601,8438530.4663906898,1600674.0599726075,5812582.5220036134,14370394.71035433,26005590.237153366,39925970.110386319,42036933.314128727,47565632.681398101
4811315.0750035606,2334206.586012274,1588909.6361340212,2441040.0368574043,1147655.4085139607,1821925.827080437,2268063.2434958201,16358309.075314652,16416482.819124047,1767248.5325097672,4978958.4755447805,1404623.1488455648,5481969.4139941949,1423853.615049802,11994295.671960354,333881.66918527539,1537751.1725122032,2794120.3040687707,1029576.6696997628,3485411.2080733925,2051345.1371117083,1648288.8391884039,2007322.2519439864,12486528.086706161,12745657.538671061,16873746.61113748,34987714.126806073,38619116.106503777,43696213.909553193,1589246.0548029281,1327341.4997906871,7964017.0456358586,1518044.1616715232,5644653.4761223402,13721559.359895531,24684917.314149145,37619433.7056823,39579525.02160684,44715393.89753972
6464196.8483430091,2441579.5001762901,1542516.9688858765,2453398.4275499098,1076519.9356815424,1707931.3671545775,2135497.1523820544,16265264.354353711,16319461.226811357,1739197.9960409396,4924801.7442053566,1339396.1572016273,5258414.7006340921,1370742.7341216793,11850754.737336846,332798.96629406227,1538091.8437946381,2817400.7593641668,1009047.0039728535,3427387.5558420685,1972507.7128294692,1541164.606596085,1877583.2296084766,12403214.79270529,12646789.765726805,16539670.998634446,34522139.751636349,38542355.871864103,45313164.228293031,1476173.7164349617,1259595.0200761813,7488251.0253996523,1422025.9134471938,5462798.2014836334,13059894.415152866,24131505.624816958,36951440.484378219,38864826.912452579,44054407.624887004
6068337.7977292342,2274722.1074612536,1434656.6037766619,2295821.7450369601,1018597.682003881,1610461.494896445,2008541.374961671,16176509.635145921,16227036.127881601,1761029.4645817562,4607609.044935504,1331764.7381756648,4987372.7401462188,1278684.1623820239,11183037.967656821,314173.0717621434,1526035.5208623232,2729606.7276867852,1002659.9997273528,3438219.612451524,1963961.6080439892,1448452.0254982009,1771262.3942149726,12343305.965435298,12582250.317995355,16310149.393769961,34088527.79603833,37830641.626928098,44183152.475594215,1372643.9748689737,1172581.3289984728,7077235.4111885373,1400309.6403669368,5440827.3909624461,12626112.472328987,23066229.933093835,35150973.963836491,36932193.066767387,41781122.049938112
5621607.9407113995,2108384.0589561122,1335119.9579396551,2132453.5614730529,1012225.278424829,1568456.8407409431,1916813.3111499236,16112425.093013329,16159626.952398768,1748114.1880851483,4314153.4603695832,1325576.075595906,4674270.2153867297,1191132.2141114119,10437567.884189192,292108.5620934589,1509488.0023400411,2630181.8758403766,996206.51222595805,3413979.4641026459,1956212.0419366711,1434794.2987320551,1755549.7727484852,12306648.701185063,12543862.573281001,16124056.759559648,33732289.280504495,37200995.17004855,43085726.793502346,1275762.2731069499,1090350.2992606068,6580565.6027031923,1390725.1094286856,5402690.3158397377,12090515.282409176,21921972.692668751,33198856.391234029,34858368.981184997,39375663.422400244
5179672.2873927485,1950877.3761127705,1244633.264215597,1984447.9606443706,1004242.9035490206,1529029.4843740088,1901401.7090224326,16070104.646114474,16114290.40214272,1723238.6480128411,4048622.3319259202,1313434.034109974,4380420.768320038,1113026.1829533693,9749715.973613672,271290.73157705041,1493534.2134040843,2536284.8019955796,988211.29686189082,3376252.3627842972,1933417.330088041,1421923.3430881761,1740037.5563147573,12266347.847232616,12501800.087012215,15943270.912609993,33412686.148103848,36623020.316272646,42046492.656707987,1187440.8835631099,1015813.8464740972,6118060.0800664844,1379686.9167328745,5349485.8095102739,11574016.944426665,20848342.215704679,31380719.793422274,32929741.378470223,37147401.159899034
4714545.8205674952,1800176.9421482186,1162329.7313844389,1842884.2230913944,996547.22676509013,1503272.9219760371,1885225.7535088174,16032793.829627521,16074267.174938504,1702729.838959571,3809993.5118531422,1302102.3165447153,4109965.751294971,1036109.5431008987,9058513.3685829043,248852.05105372134,1475851.9575243776,2440213.8068034183,980188.56935229874,3342719.3180580819,1918162.5439910523,1410705.6276858086,1726369.412243251,12228435.418905664,12462146.29754518,15850699.580029286,33197916.792505145,36163290.334168449,41103932.796556123,1133780.1480423266,947363.97101682064,5710663.7301578326,1364625.7928671881,5296385.8627395676,11112733.856631847,19870031.193888582,29659594.536407519,31108271.503958043,35051810.812919207
4346577.3747853031,1670977.8448497881,1088396.0668781393,1727302.2183355184,988914.79274095688,1491882.9346857413,1870653.0871622539,16001096.36535079,16040137.561070256,1684602.5073436322,3723781.4446412106,1291289.2975687818,4052340.1218092316,966566.95144172816,8665520.1224245857,230289.67531208426,1461065.1219352838,2361621.1191047784,972683.20676540409,3312089.0817314349,1903675.3134330099,1399709.7873135081,1712996.4815841627,12190824.863274598,12422811.369412258,15785579.651519911,33023986.725028556,35777940.241880178,40334837.80684229,1124365.3614012625,908950.04873581394,5386115.8754411377,1348430.1372008638,5245208.5200492349,10736301.585614407,19175653.262504231,28525946.56542765,29885035.251826543,33591694.422407225
4019761.8429015661,1556342.5654055558,1021803.4018483022,1640204.1443400146,981593.92380025063,1480963.2231625635,1856731.3656439823,15975524.941955341,16012402.961398078,1665462.0183376551,3696331.0969402106,1281567.1213132413,4005311.4568562233,914194.74320716574,8334222.0085358927,214326.86812338585,1448351.0177083109,2292176.2527381582,965426.02113323996,3280820.873441922,1887298.5673255422,1388688.9931220333,1699602.0780708354,12152764.38796154,12383038.716773979,15721823.330825845,32868426.492270108,35433344.108715624,39649137.103718437,1115582.4813865952,901831.34277282131,5233505.2818729486,1336323.4296523544,5197529.4045370249,10535241.048099542,18732917.268279422,27710183.846311931,28988299.084559586,32508344.583369806
3723414.316180164,1452881.8883149242,962095.46621272701,1542045.043142813,974752.09007073846,1470578.4772994216,1843448.5068553772,15957083.571523376,15992556.690789452,1653790.7504304105,3670104.6426483952,1272300.5803557099,3987719.8261813638,907261.74044678721,8096625.4586863397,200269.71329277643,1436969.6615751763,2230114.1366317882,958389.90883093455,3257335.7358032265,1873883.7148791121,1378654.7421149076,1687398.5027996989,12115786.879390739,12344435.989178414,15658851.96829048,32725793.771114387,35120053.776728697,39026622.376434036,1107099.0601176692,894991.25428118033,5196506.3983464204,1326707.0899128427,5160157.2914525494,10460104.342473635,18439371.635277789,27141573.750258725,28347132.548266027,31710870.744584218
3522348.0990995835,1359584.2186212854,908709.47293919406,1454693.3301965874,967565.27786464256,1459744.5106773172,1829869.8280752511,15938377.691969454,15973591.105274111,1640089.7830994055,3643155.0820762697,1262838.2502611361,3952140.7366093132,899189.00290416239,7861657.3386299629,187628.62852618436,1426495.7042991091,2174463.9207372796,951343.92531557614,3231867.1553938915,1859697.8749251121,1368240.8363371892,1674699.7467852929,12078528.169762164,12305495.095211657,15596758.541868897,32604080.917030048,34848003.066679746,38544283.705935262,1098173.1647493006,887501.02390425035,5144166.4649914363,1316873.5250163127,5120626.3419024125,10367474.074555662,18147746.967650894,26581446.285132129,27731710.621652011,30994715.373150747
3279957.269498264,1276021.4069523788,876817.33883120632,1443945.1978492662,961389.31319996493,1450386.5162010258,1817218.9726671025,15920312.141787449,15955267.437587662,1626975.2685234172,3617688.974524009,1254002.8822598765,3888555.1013298123,889011.58036478655,7617786.2514493866,177748.95313272029,1417212.2130202644,2124898.5017292756,944598.43647238007,3207268.8803651994,1846096.910916727,1358308.3052160933,1662660.8345944535,12041621.9203462,12266989.07605526,15534527.193128036,32515931.918980256,34621364.934257179,38066904.287174769,1089163.3902339528,879894.98432151938,5080526.786357455,1305876.3207093424,5080861.3805282125,10263314.391285192,17866352.937867213,26026281.884147204,27142879.951768544,30381854.607651848
3053388.7094862941,1228200.6589397122,870373.20402909315,1433194.870838033,954360.25756741874,1439770.446034977,1803923.4790823357,15901716.217491081,15936415.03135387,1614901.3501893822,3591116.9445106136,1244858.1079931404,3849901.1006929842,879211.88665381726,7502510.4863974005,176093.55924377401,1411346.2052229233,2107370.4141311022,937661.98623254313,3183580.2242032494,1832803.9184467164,1348426.6057192388,1650571.2079958436,12004824.227929765,12228587.255326638,15472209.92274284,32427240.397433378,34435555.448849946,37645044.219079643,1080181.637576761,872068.57014564041,5023299.0375347678,1295870.6442307807,5042995.3583237287,10167471.76149052,17712734.664114784,25750626.635015059,26859019.251548573,30074054.576789383
2850277.9824445006,1219181.1937508509,863980.92742908478,1422801.5262365388,947345.75943377032,1429189.5926870503,1790706.5772406305,15883155.575120106,15917599.524886562,1603870.5276477553,3564757.1984239174,1235711.7267525792,3809478.1758925007,873035.73892542731,7435467.5986748459,175063.98426362051,1408895.313675533,2099834.4418630423,930834.69718480168,3161108.6502291653,1819159.0337216649,1338572.4839301426,1638491.2305787925,11967976.577338373,12190094.761426521,15410465.380170215,32339354.391784772,34294988.230606422,37292610.84518408,1071586.7508047177,865817.64229678013,5000693.8528962834,1286909.0374320291,5007432.5375353135,10108561.017990807,17606365.338494223,25573282.20081852,26673534.393578023,29865088.257974219
3175365.95318818,1251183.7553315982,863230.73028147581,1413944.1359514841,940351.97131065535,1418654.310107945,1777491.853274321,15865014.183616839,15899212.801028909,1590724.7810228697,3538647.9298313074,1226522.9714621599,3734147.3199606077,844042.44039364532,7311100.0834146906,172999.09587421996,1405880.8999444074,2091636.1341866583,923901.97816416738,3136387.7193650864,1805270.6176004412,1328435.632573046,1626124.7244517689,11931033.716462424,12151516.36386372,15348140.411896849,32256411.82593514,34489311.625548117,37900672.771818697,1057658.2542830964,848697.4377167921,4876653.9815652277,1275902.2969904065,4967597.0236047972,9943999.8486342877,17394417.001814358,25236366.952658888,26335052.361061454,29581237.042265184
2963987.7074110825,1213716.8777592168,856903.03342947632,1404541.193365121,933510.37853383925,1408304.2286665237,1764677.4228385675,15846614.96258821,15880562.659426939,1581737.9774902426,3512799.0341500612,1217782.9232500868,3798931.9093711334,864983.32811992674,7377756.7396334643,172561.63410437494,1403735.973915729,2084628.6555915815,917269.06871960661,3116248.0754437661,1793117.1694330978,1319360.3853913362,1614915.4441982058,11894862.559401628,12113732.616805946,15287451.661626106,32169769.295148533,34301378.903213821,37484971.948475085,1056094.4268287299,853811.79394540691,4935501.9720113426,1267872.8961716115,4935378.0487485975,9969897.8563835286,17374129.792905178,25278841.782816518,26369475.219769657,29537156.68822461
2769998.1119912281,1205063.7084846969,855410.12643274129,1403613.6063712023,926592.78135209088,1397897.6108227933,1751835.7072700255,15828240.850060882,15861940.620638136,1567637.8996254625,3488476.7089870241,1208582.2512405179,3726726.0149316932,846399.37807488034,7272545.368660273,170663.02038313856,1400769.1006751207,2076548.2308312934,910388.81002233259,3090728.4830761328,1778770.2221014907,1309146.9849596911,1602479.8179025743,11857868.852383483,12075124.798806321,15225280.435026521,32081793.000123624,34151127.113232233,37126289.437842757,1045166.3541525542,842161.235079573,4815545.2005131515,1257296.1159430558,4895219.0504031163,9809082.9913496859,17168614.77183383,24968692.270632166,26056996.684959587,29302361.2006675
2604157.6489168359,1196527.4618848262,849165.06878619303,1394660.2176545018,919823.86555344902,1387670.1133607354,1739082.5715327382,15809885.166368444,15843337.207900353,1556425.9010862622,3462991.8563129217,1199792.2078547894,3684222.9516488225,835348.72635666665,7199976.7117969524,169522.30300705254,1398252.3776568114,2069139.2857353941,903732.13072489493,3068379.9885485969,1766210.5420504997,1299700.5115084283,1590896.7194616473,11821581.082001507,12037244.575860202,15164352.634966638,31995210.756640319,34009398.152402095,36805859.40858712,1038800.1407889454,837877.57153042883,4808821.8837378249,1248943.7893716218,4860512.3597180564,9766931.8371466491,17080424.072315902,24803298.397371065,25883648.522530474,29038445.281874448
2443142.4495521081,1187721.3191746329,842916.03932563239,1384362.2038801922,913037.62090942787,1377443.4401653255,1726221.3546842581,15791502.275503753,15824708.560848908,1544896.4702670942,3437477.0117321271,1190927.4529523505,3644832.3606824232,826422.36648110615,7131767.6515094703,168253.32760051807,1395618.5564894478,2061543.6559927606,897075.50439618749,3045720.2852790467,1752999.9725593552,1290040.4730934196,1579089.2719502735,11785114.123562714,11999192.270850429,15103274.982315788,31908245.545769185,33865223.536551252,36488054.330811664,1029662.5085605429,829618.17970964813,4761960.9520923784,1239587.2726939952,4824501.0130223213,9683342.3210701793,16950627.450845592,24601447.428807534,25673849.817480106,28805402.959393866
2300386.8481965973,1179000.2251113178,836722.48440732248,1374261.8181194619,906334.2798792033,1367329.8304118607,1713536.2145994511,15773194.938988388,15806157.221076433,1533590.1153671984,3412747.9040229055,1182193.0494631608,3614541.3901269129,821488.99248386314,7076925.7054796368,166883.88647741039,1392993.2557780987,2054034.5737486037,890568.73397059506,3023475.477057213,1740057.2092020039,1280563.4620463445,1567488.4814635175,11748808.033337604,11961313.918139022,15042611.487553466,31821829.672116626,33727140.692017063,36195997.509928316,1013254.317217532,817525.93025380699,4696582.1963505456,1230772.2217188783,4789484.244651841,9582235.5115234982,16804292.407713231,24396457.155022569,25460980.613490351,28569605.530695889
2269716.5352276615,1170344.6125649514,830570.54263462417,1363869.3812787312,899671.38939039258,1357281.6613586529,1700889.0081760075,15754915.534215493,15787635.905337397,1521533.2475878985,3387640.023841809,1173506.6462576305,3568268.9305037842,800871.46544100356,6990264.4112590319,165397.61441848322,1390298.3591603455,2046407.2656471494,884025.41462272301,3000448.0561640654,1727286.045198886,1271130.5191230488,1555950.5880008896,11712603.06115872,11923549.318057146,14982216.503443919,31735769.159917127,33594258.623959206,36022385.512037136,1000465.3861280932,795889.65261656861,4636540.3882837128,1222034.8132237955,4753783.84701428,9485786.1195530109,16662200.679416405,24163917.358513255,25220615.42050406,28306091.050318237
2253094.4790381687,1161726.1081118479,824473.52429944684,1353892.1558174668,893067.00655229681,1347313.5722220084,1688433.7780828127,15736705.972628798,15769185.756974513,1510622.0683828548,3362824.7532412335,1164903.5616397446,3552832.218906194,806119.86771604372,6961063.5721789058,164415.28091852771,1387824.1519678235,2039180.1872563937,877570.61897355272,2978731.5149999605,1714719.7997923009,1261830.1950843937,1544598.0077671437,11676541.380994571,11885980.425278572,14922212.063049356,31650212.59573191,33488395.506357402,35890923.87782231,1006484.9946015887,808993.40581070457,4654027.3087502802,1213574.0896683114,4719718.3529666718,9468507.4482904468,16600099.3840055,24068860.058572702,25117800.488653325,28180657.05764344
2236568.4700035136,1153321.3547740122,818419.04007378255,1343981.9476509313,886534.57282109081,1337455.9495931827,1676130.5568940029,15718627.013230514,15750868.542960051,1499656.6860701032,3338121.510612309,1156398.5876935301,3542995.57736737,800224.73732502374,6926185.1953024724,163177.26933821131,1385234.5194321775,2031774.9749756753,871124.63276620884,2956977.794006858,1702212.4316377391,1252608.5874490556,1533309.0537431261,11640551.496600339,11848454.511170484,14862510.994528934,31565263.151292525,33390099.489719063,35768125.037500352,1002794.4837784749,805162.15994390415,4619149.5303622037,1204605.9651048877,4685116.3103637509,9398330.9922842644,16485107.73349208,23915261.66430299,24956499.074658684,27996895.200404357
2220334.4542361628,1144819.4098995512,812405.72633330442,1334082.100685678,879994.83783417044,1327599.7430671705,1663771.185034693,15700479.527164413,15732484.131478738,1488470.4256211685,3313583.1154365335,1147810.5890775127,3499999.9894488114,788100.22095230815,6852029.7136581969,161920.56469553872,1382652.9224731307,2024442.6042845717,864714.47554402018,2935073.6067601778,1689336.0287922726,1243262.6199190211,1521880.9086578521,11604475.730002929,11810847.713866768,14803032.228139255,31480536.989045035,33291931.958348181,35651531.649887532,987771.84432705224,790788.15881675773,4562704.6403673068,1195717.7426294605,4650478.7425215486,9306557.6687267423,16348850.96029412,23701147.506084722,24734734.986315627,27752769.609732151
2204008.4410315389,1136409.5750846809,806435.60141884501,1324204.0482578028,873524.74504737346,1317841.2244159898,1651521.0033302542,15682380.614202131,15714150.112071436,1477335.2161341677,3289209.2377288886,1139364.443504459,3465554.2712458023,777302.13878864155,6787799.1144951852,160610.22351468797,1380040.1603232762,2017081.7306669373,858343.25084048428,2913284.5640045763,1676907.5541178081,1234110.1766715632,1510680.0683023445,11568612.948583033,11773469.029207028,14743662.030820319,31395891.290743247,33193979.708026692,35536230.371402793,971970.29357898794,774096.71562091273,4503677.6037213784,1186635.7525884388,4615785.6414443171,9212151.4620956779,16210181.323659219,23494571.911802709,24520564.614947245,27516348.105551336
2187803.3324274514,1128053.2265015636,800514.30743849115,1314493.2203777581,867108.62280973024,1308161.556926081,1639386.3946747615,15664332.987434404,15695869.099136088,1466474.7058469644,3265068.5767252017,1130999.7644983861,3436889.4826622051,769823.0877158714,6733002.0227602404,159398.60747019196,1377473.0718451592,2009843.3699747431,852044.19937842933,2891883.3553240648,1664603.6565108269,1225054.1931911572,1499593.686391037,11532854.08540033,11736205.644506201,14684585.300208546,31311641.403910622,33096511.959936246,35421541.987502247,939392.64443508931,756689.33830758126,4432090.0243109809,1177862.2345688262,4581823.5692708567,9105921.2146841045,16060153.639946865,23286100.557493243,24304559.534064695,27278356.617164619
2171803.4871787117,1119792.7476091632,794641.03384602058,1304886.4223542372,860758.37805889931,1298574.9515914875,1627407.4950709385,15646351.72490406,15677656.426014388,1455737.5846867943,3241112.7024322171,1122733.6431793405,3412116.2898822408,764481.56117332738,6684342.1071081879,158227.19246330022,1374921.1611196822,2002635.7053409142,845782.64221250941,2870671.0981951528,1652410.5940134616,1216071.8279617638,1488600.1231001555,11497190.684902109,11699050.299448982,14625823.454368459,31227836.576017644,32999634.474849004,35307658.714477681,933735.62276779476,750405.01353239478,4401629.3163161892,1169229.0029730888,4548214.5473658843,9041175.5488377772,15951910.208605919,23125578.406128328,24136564.016797863,27088582.935283281
2155832.7403371097,1111556.0320352316,788802.13366501976,1295429.8268167127,854420.84152154333,1289019.3398031746,1615410.8398370035,15628373.958543854,15659448.578694511,1445246.9882047996,3217297.4415553408,1114452.9748838067,3387434.3080681465,758519.56792081578,6635243.1266004443,157065.83101854206,1372375.3076856206,1995477.1971292896,839579.52598513383,2849800.3517123596,1640316.1554621339,1207166.2028353321,1477690.746857431,11461617.735312562,11661993.415509261,14567229.781049555,31144239.684205029,32903007.283914752,35194059.620174833,939540.84057535813,747068.06829221034,4384706.9155550878,1160711.043620524,4515093.3891450735,8990461.2069147918,15857977.724224865,22978953.231769238,23982510.601304784,26913041.295380741
2139974.5002688668,1103384.389922542,783008.93630772573,1285992.3966028672,848151.36885871144,1279558.9351969364,1603562.2445086641,15610461.049699092,15641307.496006779,1434883.7709468936,3193689.6761484831,1106291.2025037818,3366995.7967256373,756075.16995731648,6594190.5193103692,155993.4544220067,1369871.7130110529,1988434.9607371406,833434.54674018756,2829156.1800073762,1628293.2014321026,1198312.4459531796,1466853.0780427111,11426125.657800578,11625030.727656918,14508956.746118395,31061086.864768326,32806924.209583845,35081124.305141449,940095.95773907716,750501.61891240813,4371051.0954000633,1152489.684509183,4482531.205378064,8943578.0171406642,15768302.081178762,22844658.233541954,23840845.350516446,26749933.250197928
2124282.0953270434,1095287.6588081215,777255.07710257859,1276502.3193034097,841923.5561585197,1270163.1311133998,1591778.4799020316,15592589.473258328,15623209.730070008,1424150.8584254021,3170198.1576631283,1098160.2125074626,3340898.1216157353,748649.71408238541,6542409.5073579261,154788.27793814562,1367309.4003833011,1981294.8937833996,827294.24157695309,2808151.9852561755,1616306.9326418203,1189497.5243858481,1456063.5679401662,11390699.777666232,11588143.514623612,14451335.386098521,30978845.992073506,32711869.236188319,34969391.185079888,935332.31096173637,743632.79175604985,4339009.77289664,1143777.7298929291,4449127.7071654508,8877471.67666471,15659487.53543957,22680520.456149038,23669387.900757711,26557061.714742329
2110442.4401451037,1087243.0591792236,771548.03016434587,1267197.1977153404,835769.41729176638,1261020.5070970401,1580276.2117799711,15574953.433092073,15605350.635395342,1413654.0992471837,3146952.1107477462,1090117.609950704,3316278.3516719285,743289.13781085308,6494458.4684335776,153659.96621434638,1364782.171842637,1974268.0220667107,821227.02150502813,2787502.2371094958,1604547.7717810567,1180768.1823835899,1445398.7281414331,11355411.202573081,11551419.344883403,14393812.144692704,30896908.694649458,32617389.696117532,34860125.912924856,921851.91618430731,735400.60504901072,4297264.5753032565,1135443.3438532152,4416495.0880690534,8802437.9502820708,15542211.14036392,22511778.394607726,23493384.760254946,26359921.940221149
2095880.1001019601,1079378.3311502486,765880.61932067736,1257875.9627111782,829616.14291444735,1251742.6558716497,1568627.1874302616,15557165.858334366,15587339.746132027,1403160.0954075202,3123807.634348732,1082064.4902588001,3289334.9838221641,736200.23427662032,6442947.7320757732,152489.92950927027,1362237.932058004,1967252.9686671465,815176.93657854409,2766893.3534610383,1592682.8573591246,1172046.9176403384,1434728.0880487033,11320136.604427265,11514703.964086313,14336171.383345202,30814661.62393913,32522700.766886309,34749902.960251257,903108.14768388029,723457.69870555901,4246191.2811047211,1126980.4070879682,4383793.6262609158,8718011.6159201786,15415733.028693251,22330299.999548592,23304696.187797379,26150165.126553517
2080637.7349000163,1071548.9446231802,760254.31654944585,1248616.6418319971,823515.14946060383,1242540.5042076102,1557082.0969209634,15539404.470276669,15569356.72805156,1392839.532636591,3100847.733904331,1074099.3345688172,3265391.810657064,731161.54417871148,6396195.5132462224,151371.32039457653,1359716.5610265413,1960285.0070084224,809184.70764164801,2746550.5573270982,1581939.4671980815,1163470.9545906507,1424279.102923024,11285249.442516653,11478408.711025981,14279136.221104346,30733109.562435821,32428701.686752964,34639696.912240602,898770.26874157938,718992.94412034925,4218252.5159895848,1118685.451390716,4351556.3572603883,8657189.0165674165,15313179.310256921,22177529.860137094,23144768.267491434,25969316.569651533
2067524.051947338,1064403.1454502754,755505.21932278492,1239689.2237304701,817824.68944534822,1233772.4216959539,1546076.1651053564,15521889.606753964,15551621.854567159,1392942.2640993791,3084401.4381129406,1067468.1740987403,3242377.9520913688,726507.75259499683,6361161.2270539822,152950.98366181264,1360681.0325726329,1981403.8790144776,807389.48017731612,2744149.5203623115,1570911.3568172085,1158328.2652345039,1417686.5550576451,11251321.495598802,11443263.135885347,14225228.388594296,30654974.752412945,32338875.689962905,34535799.825820759,895139.91154894535,711598.91774748766,4202562.2781252936,1118288.8711084577,4349238.6508010793,8642184.6906409711,15307062.902161809,22133614.480911817,23094679.377326969,25898802.133310832
2054726.4353041435,1057915.043481725,787824.7862104408,1262973.5846130352,829109.85851299122,1244057.5941968313,1543592.8800805034,15511838.502565794,15541447.936625289,1446841.5186237893,3304254.1607971294,1128296.2518106943,3226592.5424412549,727080.21816962387,6720480.2009639712,168012.31761420975,1370931.2003245805,2077980.5564417173,857630.89593887597,2906838.8088693363,1595693.3757492183,1343201.481838265,1625380.4919120667,11281156.506114701,11479622.477572182,14314451.809433857,30729186.114536256,32402568.2977589,34585764.174236648,875356.95129153552,709426.38393701252,4205778.3451988688,1251790.267587427,4688809.3538443064,8993574.0104795676,16371703.894483818,23610668.553352654,24603649.608413406,27423589.373724852
2041631.2241650105,1050161.050177613,754392.52947031043,1237632.3265969909,819167.63911351201,1232288.1644603249,1534678.6064436827,15494252.463473417,15523644.537666416,1448502.5071663267,3129143.7724250075,1154955.5359716711,3334892.7508786591,756238.75017499144,6813929.1383058736,173316.88107030356,1372314.1037969615,2079308.602192896,849867.79927798838,2911028.4081604085,2085804.0328665217,1499304.414576422,1802527.7140002355,11421929.730454801,11622735.38663804,14473266.561396381,30863846.930559892,32525094.938033141,34694349.134443022,969490.0112101048,754922.16087296861,4451358.9485192448,1301479.7418554225,4731654.626066641,9277630.408884149,16402520.512447787,23707205.11396965,24665273.334720928,27451291.591849804
2026900.8957285581,1042450.0610771643,748852.3077086421,1228610.5554365097,813177.42577793996,1223264.8915031303,1523443.222486997,15476641.954339864,15505818.169275556,1394504.1070031824,3072137.2078171908,1072245.2171253273,3222784.6280382834,731388.91993602505,6498996.9145640898,161456.16366108047,1362532.4243076565,2024211.8639486183,808351.72508657316,2769480.8985018684,1925306.5615402579,1385444.2801792135,1666315.8142236567,11319508.85187771,11511505.061336681,14266876.22257827,30633263.561534867,32282335.093224648,34435921.734490909,919950.80254298553,727624.09087329113,4248148.9530735184,1201185.527542084,4458639.6192069054,8794975.7477341648,15682723.670204192,22647039.192632049,23598071.316971507,26363777.836376112
2012007.2343318965,1034790.6503052979,743351.03945696994,1219636.8299592505,807212.98628321954,1214288.4778777403,1512390.1796103115,15459098.585210567,15488060.499292932,1385005.3480383675,3049700.847819536,1064433.0131929442,3211251.6359715476,731844.63156349096,6339882.8824657993,152081.64727186566,1353807.3752977143,1974743.7188718808,802463.58429283567,2732145.7785893967,1773348.0716257668,1280390.8175800147,1541299.19503289,11221749.674213784,11412337.310761075,14147534.300921563,30489842.793704748,32126799.147002004,34264561.639277734,902619.14978281793,723891.725354266,4208893.2389828842,1125433.3297614846,4341983.1646329248,8638076.142441161,15341864.20281725,22143647.986396112,23087693.975104202,25833138.132224269
1997244.7307920563,1027196.3886833064,737890.24845852097,1210945.5431200063,801274.93458810111,1205360.6756747554,1501264.7276280224,15441545.678902937,15470294.904301185,1374282.5151426927,3027359.9232587656,1056542.2475118642,3182742.7598937354,721548.78304270387,6283359.4984612148,150772.57601131478,1349354.6394018834,1949063.1060092088,796523.95170286973,2711454.0917328116,1636324.0894257198,1185321.3751797315,1444299.3441787465,11134268.145298908,11323455.598109297,14038492.860164413,30356763.683436923,31981704.891433295,34103786.367283173,882362.68643288838,707667.89894861972,4150454.4152821875,1116236.0531429227,4308520.4402917121,8545532.9192975238,15118880.729521081,21860758.090938531,22797869.362803686,25523559.006731011
1992638.558814727,1021972.7010943604,734611.39353787375,1206274.0969262477,795832.64818578085,1197073.677206479,1491216.2528586136,15424576.574343447,15453116.08172809,1372983.6983125694,3009254.0910478011,1049280.5093547816,3168075.4561942741,713549.25954430411,6249312.3428456681,150237.31359488188,1347176.347028672,1942939.5231959797,792459.9931418167,2704688.3766871938,1581171.093493456,1162704.8856749923,1419992.2309571747,11085458.81373341,11273357.340133786,13969271.939547528,30265412.931600809,31905105.083794557,34034589.784958191,989148.38336576743,740676.60146292322,4405045.6549308663,1130632.9981559033,4313460.4801052175,8804439.4490505718,15342976.396717062,22048706.357067071,22981465.491499744,25702648.443426218
1979171.6775231967,1015844.4426634023,729221.1821008391,1197458.5448720157,789991.27172814473,1188285.7596421805,1480275.1801068035,15407111.702436609,15435441.608716378,1365538.8360858301,2987172.5096198427,1041585.5216460387,3154214.4235611157,710360.16374434123,6215160.5742161684,149403.4967392922,1344855.9179628957,1936661.168296132,786874.81982555415,2688684.60725867,1569675.4150409692,1154476.8106817594,1409878.0773469086,11051205.769603904,11237724.919456942,13914247.789545771,30186750.160767738,31798915.278279163,33906830.281305358,1041970.2873562449,743460.62573228602,4455392.7284735637,1115647.793234014,4279176.2904290054,8819914.577990301,15318527.512746906,21986756.442793217,22912898.350185692,25614287.088444259
1964942.6142712426,1008586.0939440253,723870.68577678641,1188648.1548584902,784189.51012878981,1179558.745427402,1469487.6139159366,15389703.581471128,15417825.428421745,1355695.6790429722,2965224.9038593071,1033938.9406981083,3131404.9883932816,705428.6458389879,6170265.1722076396,148322.78674954068,1342370.505711271,1929828.5105019826,781094.82072957081,2669128.5922216568,1558209.9500614796,1146032.1815480234,1399559.002864005,11016953.20649915,11202102.664249426,13858992.499993764,30107734.067252278,31708261.946378477,33797724.138268933,985244.85346737679,714983.5858574945,4262064.7269396819,1107752.9954548266,4248238.08772365,8595021.5452414323,15053285.489253832,21673291.586800143,22592702.799551863,25274292.517589625
1950632.5332576947,1001187.8714585605,718585.355726565,1182874.2775315798,778431.3188436398,1170896.8924661172,1458695.6830246418,15372314.085442165,15400229.399830831,1351566.2386556685,2943463.3756402303,1026351.95309469,3220570.613837495,705430.18582053797,6247855.3355508,147786.06646765047,1340154.3501609219,1923633.0996516163,775602.156810574,2656494.8857698748,1546862.1464298759,1137804.6487029949,1389471.3970492543,10982833.343202582,11166623.568005493,13804008.375598414,30029051.7085118,31617834.553462539,33692072.40284282,1028861.9275108009,725442.35144602903,4325662.8871988924,1103540.1598822251,4228061.6791453045,8637824.5406970456,15056675.654800167,21751117.06651907,22663956.360000771,25329339.278169435
1940045.5814420346,1000269.1074033835,1554082.8532341595,2786658.420317708,1098286.6215942299,1608568.0937594187,2282786.6712244153,15741146.223189112,15770975.31558858,2472674.7914101654,5003761.4826118555,1475864.1469001288,4959692.5419083498,1269747.4224507452,10873653.006963579,299417.88366227568,1443853.2601437774,2572193.1249318053,1475929.3474398167,5019755.8577544848,2193161.8972756313,1916020.8902723021,2277623.5873277439,11344914.16512049,11578970.326799711,14815055.574098691,31457080.59198153,33045056.421684012,35108172.651529051,2113210.0466956906,1413291.603586684,8867876.9328593425,2388811.3535060836,8267177.9272914771,17290458.347471073,27853001.052704103,39677714.632177569,41645560.543627441,47559497.674649857
2821420.1148595079,1690879.2363435766,1818613.4786815955,3146256.5973337186,1556145.4836744133,2355918.5249243518,3095399.2478335411,16302252.274104076,16361076.365336902,2453158.2055777106,6223602.1764951861,2024038.3125667528,4775440.2004015362,1248460.0123759981,11131832.96851331,296696.38755892019,1439763.1305259308,2574820.8312811377,1569100.5986850036,5065171.7742501581,3190152.0764612295,2401803.8544269698,2910919.4473030143,11737593.372950979,12090087.654435623,17129522.771414623,34980258.262275219,37533077.220176078,40524289.857927166,2058790.7870840002,1389167.0388861124,8596513.436553048,2289024.0224836119,8221831.1996735856,16973388.243129969,29234838.439764276,41494738.234751157,43770565.353325963,50728939.684412211
2615401.6034641443,1560750.802568977,1677193.7209554894,2934881.8995253462,1440204.6372791282,2177745.4253121209,2875008.352473448,16159995.612508522,16214254.389922103,2270271.0187568772,5756607.1365704844,1880541.0298839519,4464481.3177221976,1161178.4902984016,10391023.184662443,276131.32868179749,1424930.3971598917,2481637.3304244461,1452244.8322717038,4685006.6920495508,2982000.8822573321,2236869.6400195374,2710246.4852671064,11613216.783412281,11939075.664419327,16599119.240047669,34190905.946182281,36552946.994356796,39326418.556447089,1887412.4293650631,1279272.4044500461,7981842.6198251862,2115912.6852133186,7601769.8480816148,15726384.414823869,27166926.883030463,38598115.354030222,40697184.302816577,47146617.262037218
2420055.3905919576,1434921.8770424488,1542815.3809784914,2689060.9320892249,1318102.364253327,1995448.1067602807,2633517.8265341073,16012516.4907867,16062404.092239855,2069656.2376956339,5282871.4320107419,1719305.9018507914,4088520.7417295813,1065696.9896900074,9531509.1229551416,253650.97754081033,1408333.8830144324,2382271.6114452919,1328222.1049820336,4279443.6018211795,2724461.1943173469,2046545.5294287489,2479541.8726385469,11467622.390128663,11766304.048864748,16042077.260771232,33376249.937359419,35556905.985362425,38124391.43572288,1727639.0444863052,1173173.4925410461,7322236.4816195937,1939851.4580466629,6954667.6034326851,14408174.995384501,25023888.244974978,35513429.187354736,37444861.314436488,43363726.12179631
2245714.9600642775,1321963.0398712633,1418663.7269651447,2442952.2089285897,1203303.6158327155,1825576.7579261502,2401745.7606310504,15872979.941107115,15918902.833968179,1861763.9732042891,4837555.275348586,1566539.7564031759,3680359.3612380703,956024.31163726875,8632729.200121915,230562.44885709608,1391203.8280981111,2285200.8713689004,1207535.6671281271,3872113.3032147521,2478282.1281969491,1862929.2953467844,2257940.4476293451,11326048.719197018,11599821.008194074,15520846.09547751,32616210.213822383,34634201.604494676,37017840.525065012,1573149.9741722229,1062933.0347227806,6575881.5160715915,1746151.3716057288,6292064.3001403464,12988665.361210177,22827566.913242783,32342824.122712858,34119687.34727221,39528504.830629103
2089805.4631692756,1220205.2860751424,1307292.7842826862,2236006.9895991259,1102990.2906307823,1675987.0903687412,2198307.9721499202,15748208.470489776,15790541.915528646,1698086.3130165443,4448170.0831857817,1433308.2386851416,3391171.7978800419,873700.25779370486,7945498.7433635006,211835.23559533441,1377243.6416805275,2204952.6469341796,1106603.5170876102,3542135.6547278129,2257704.5150493486,1704397.4251743041,2066197.4879843025,11197452.931149459,11449012.991453232,15054829.260679506,31936267.066078227,33808197.604002096,36027479.384872757,1435475.3856680072,966746.84352832951,6006022.8833928332,1598452.8864082987,5761684.3868575087,11879125.557202309,21041972.080467742,29801979.656564653,31440108.498666942,36407318.5565015
1954491.5432645334,1130094.4196831759,1207080.7551653299,2058567.3966171052,1015207.7768479909,1544396.4218210806,2024080.4416093088,15637903.205211485,15677053.720604653,1554199.26648461,4103677.554876294,1318502.5288891122,3173433.7831952698,803644.19395731518,7381228.1492326232,195436.58907870628,1364748.5765139982,2133491.9479621244,1017133.9409408278,3249902.4953384823,2072721.0011113174,1567699.5468252678,1900631.318549905,11083574.38955285,11315415.559411509,14644146.608473767,31336341.438035715,33078947.490876317,35156905.736831628,1304768.8657253201,879984.41102199233,5493794.677690425,1467293.0529569411,5291020.4120464567,10887864.487944268,19449379.61711061,27583588.743115619,29096753.456539009,33674901.451731078
1940151.2727386714,1049364.3739974713,1116260.8099197247,1897341.5718414008,936189.00339571061,1425914.3031781935,1867952.8561485743,15537482.37270364,15573767.728795644,1425344.7661035419,3793302.3063505637,1215550.6913327021,3153684.6137283859,744858.03110114823,7052853.1419420969,180865.90262967534,1353382.8708138906,2069131.4112010517,936459.42545373773,2987161.3077328755,1907181.5633580601,1445132.1138903985,1752094.9097994822,10978151.36482388,11192241.627789095,14272396.186047664,30793616.799469844,32432487.40910174,34495198.848471835,1207066.1857342112,817205.33657950652,5069737.5737809176,1348990.0022463717,4867465.4311492788,10032729.39876793,18051835.538209662,25801835.820431009,27201792.848306328,31426627.368574575
1925885.9022109779,1010044.3786821968,1033676.3503845514,1750546.8652677319,864767.87499600614,1318969.0830677138,1726338.5605903685,15445456.068799125,15479164.404393747,1377326.080142251,3512518.5036010486,1122255.7450821316,3127092.3631824194,715272.8831329064,6770566.5796596501,167655.30297623319,1342915.6136071119,2011056.2109551569,863454.13803146814,2818127.7734907898,1756315.8060635596,1333212.1256381464,1616634.0751586729,10879067.000823306,11077176.797329701,13933721.54105298,30300030.266244695,31895250.021389272,33942795.790659815,1094291.0286577533,743050.70103422774,4641919.7238713428,1241858.1443530922,4553180.0669971285,9283887.5462926589,16812622.930010498,24229706.7504264,25526871.880039264,29430669.406994253
1911743.7569309792,1002626.1769599549,959044.23812665057,1617243.8216369096,800890.75977548887,1223310.3857194937,1599806.4519242144,15361819.085986728,15393222.803870935,1367128.5219238775,3260502.5524026249,1048475.8918443139,3103421.2812415748,709367.3906453721,6537343.9509173809,155887.79784252978,1333365.2461689685,1959265.6401744869,798056.89927891956,2705415.0397334816,1621704.6580834263,1233131.7536207435,1495501.6024820553,10787114.233621875,10974420.433251247,13662592.596142102,29892667.680949505,31476171.239640452,33508681.304574467,1001598.7350406505,719204.01215576835,4330056.4694962157,1145933.424962315,4326535.5762629751,8742029.9612055738,15837042.321784141,22975146.786581349,24179504.662099015,27792595.224725418
1897701.5471862855,995262.56401807943,891867.00638143846,1497135.9132202913,790928.33266100707,1191066.4894867733,1493898.6715774632,15300914.197300075,15330265.48416275,1357015.9395362765,3035365.0326252421,1040785.5776830652,3081126.2297654902,703807.28857670154,6327173.6545028919,149543.69917083153,1325694.6073372818,1915950.6757752146,788527.73546421947,2681801.91292179,1575802.8620644347,1160775.3051033579,1416595.9735496661,10728133.03495842,10914064.109793395,13582503.521959646,29743475.343985032,31315349.30362802,33332930.226196494,926488.82076860999,711890.33852715383,4229031.7785410741,1121037.2150231311,4274536.1950731473,8588378.4354978502,15291992.972022234,22178726.03296547,23299619.95522273,26650849.402729988
1883772.642071045,987958.34415028198,831793.47986919107,1520191.3283003401,786023.45654926833,1183384.689051176,1484807.6652828485,15272409.161619822,15300798.06901742,1618655.3475424086,3002998.1676100073,1035087.0802072575,4224674.2364953933,982608.20988520223,8123476.6179404119,209695.93460193122,1363721.5567064064,2104974.7165269968,880355.86178220343,3200338.7577160224,1576822.7425121476,1173393.7557730114,1428655.8446187463,10703935.649297521,10888926.837056842,13539726.141796548,29665131.122841302,31225523.806152001,33228386.904374205,1575281.984074441,1118594.2372929335,6860968.19040961,1673632.4630267366,5437691.906468166,12398341.722865144,19384348.806250412,28036345.24433782,29082944.900792532,32335901.629974514
1880002.2328190492,986465.84091422695,1083383.3562052734,2119767.0895673223,838096.20245315752,1256551.656107225,1613310.2102974397,15325386.903578214,15354888.633129081,1635729.8918756847,3418531.2478368953,1093241.1800228546,4252268.4079124713,1033845.1816340836,8710438.3827365693,222165.28289384217,1371905.2960383615,2178634.9604707784,934143.54147093254,3278983.3627027483,1600922.2715873767,1221173.2671284766,1483979.4556920156,10696842.501161428,10886292.845280625,13609433.070710249,29801180.925319549,31375199.335819844,33379832.213346303,1564452.1935715273,1132789.6206362594,6819689.9535856294,1656152.9383378264,5523632.7414301764,12449087.344370674,20160062.414435174,29570536.941230208,30960365.360331509,35685927.057700276
1866275.3449920337,979367.50139566616,1005102.2391066557,1965869.8851417785,787308.16478032747,1184696.9814762829,1498970.4090821042,15254239.064883934,15282582.150320888,1502000.5374762123,3178364.2268433906,1035728.5408150537,3987258.9365686197,974215.42482319148,8145269.2053388767,207033.37968187427,1360238.05532612,2112056.7514376366,862182.81003400427,3017824.0577864302,1570968.9249690347,1161986.2139467821,1416592.1290595254,10644967.133980917,10829392.874283943,13472852.417227635,29576313.640066493,31126212.473534789,33111481.921061594,1438629.8609684417,1050711.6306388166,6344680.7027791506,1531547.0937552513,5093970.2960843518,11536607.715903444,18795089.288850311,27590000.636466656,28879364.603178021,33254040.436679102
1852519.5264605517,972151.8027508927,933072.36622229335,1809463.5335587093,781487.91055331624,1175952.3551121878,1479662.0651322186,15230533.53123288,15258668.084771484,1373363.4361020662,3007689.7459622463,1027996.1514244921,3625192.1995260348,888530.64541976142,7463898.4064385407,190555.21712633478,1347802.7263246682,2047411.9097817019,796480.85522210819,2771989.3608890506,1559078.9201063761,1153272.0682454791,1405989.476064038,10612010.945806161,10795079.352840671,13418989.753675675,29492497.336335801,31030985.894970752,33001625.067179266,1317371.3206412322,961696.0532354184,5788504.7839768492,1400863.5362515883,4677447.1131766867,10556855.797314676,17447019.935833305,25514485.577844273,26711620.781533692,30748231.738125142
1859978.667033972,968645.86484686204,868577.14950906916,1669441.3731481049,776194.56810186396,1167868.1972358017,1468752.905946261,15213455.83377385,15241396.885902531,1361468.8912028663,2985533.4288058961,1021501.9106102946,3310691.4624431315,804760.06751946767,6858472.2124352548,175758.42489043748,1336514.674327085,1989927.7410708368,788715.19565763965,2706541.8946493124,1547459.0073335022,1144679.3062841878,1395560.0163131983,10579206.574940911,10761013.011754813,13367759.334292499,29418931.000397559,30951369.329383023,32928689.670562934,1193802.1742086112,864208.40503229224,5247019.9793892689,1284629.3486616493,4465913.3465522071,9798302.5955419987,16490253.906979661,23910924.215407912,25025434.78716876,28758170.622533049
1844441.0797480608,962013.29895480664,820643.87491069874,1705760.0815788617,770574.63899266033,1159388.0520481376,1458324.3182145897,15196435.165233064,15224192.242679795,1362851.7406686265,2971671.8818404069,1013993.3086736887,4180976.0669835568,1009540.0873875215,8193939.6388683403,218745.58877585162,1363161.1508451588,2121556.339578554,787757.96373232116,2800056.5823587831,1536756.3216637869,1136884.4641945325,1385966.2460715373,10546882.447616234,10727352.935625484,13314969.436359497,29343368.651798323,30865828.319568358,32826916.921023399,1871770.6615790678,1186526.0060178165,7200929.5007509487,1687729.1757494567,5001974.844838379,12294384.647770615,19142154.256761447,27873336.948040459,28928273.859840315,32610355.169423036
1831314.8005677403,955180.37819214095,793846.79276657361,1639987.0322811774,765495.28787553508,1151659.7107902255,1453029.2894292891,15181072.463740835,15208625.682408093,1359388.3235697253,2962612.7359205713,1006701.3815634159,4028660.4231912629,999178.57204002421,8005282.0462468741,230988.43145417896,1373976.0841899049,2191738.3827509861,786419.30093895842,2780779.9078014288,1526509.3314855867,1130855.3162838144,1378284.7315117999,10515201.361794764,10694368.826587522,13263220.674615812,29270371.268309027,30782066.711374521,32729172.337154124,1893039.6823005101,1214961.9192455667,7326256.5738530178,1668410.1772089528,4957133.7266035033,12374424.817142326,19284538.532459196,27811557.726065185,28831234.078915361,32388432.244436774
1817868.9758717932,948167.26603388868,744368.18270753883,1519944.0442699136,759878.93590832199,1143207.8004194044,1442383.0216083855,15163930.247733621,15191281.13167412,1349636.5688527266,2940884.1814418901,999323.47492824309,3754240.8009830005,937368.0199320562,7465717.1123266229,215204.42426065,1361544.4962749765,2123152.5174755426,780667.03978391795,2716842.4919780414,1515352.687019361,1122597.54175049,1368213.3936361731,10482732.417670323,10660584.617020965,13210586.915883858,29194529.078483015,30695124.668854695,32627934.126347043,1766474.7869114692,1137343.1214204165,6840186.8201896623,1543967.8726475665,4737040.6745829144,11662827.92327778,18373299.445858784,26328016.219911851,27284184.116570614,30589187.664473571
3562578.3249660353,1745092.9463276281,765742.77402505884,1485216.4539881889,969517.9094930694,1469455.1908448301,1685194.5679272541,15343729.23436575,15378712.915468153,1555184.0320018921,3245427.1922041471,1239583.5381590277,3591063.5316920402,898422.76691076264,7256963.9861148829,206093.64942514474,1353049.1633081352,2092060.4898097944,904508.52058867866,3096397.1720319698,2036898.5464624916,1358121.6655088726,1682353.1722415963,10669996.457906391,10924237.280721942,14683214.46009109,31182181.555402264,33742822.758838452,37463861.088810518,1695685.949257354,1092482.5779547268,6620011.4251649398,1600621.9918418741,5192459.2037685951,11898111.086143577,18951995.430422693,26704905.955944393,27678617.463522844,30917054.045117013
10947311.533281168,3559164.9704026394,820500.38034795306,1449373.9899017641,1536961.5821680073,2360323.3629168179,2188581.1741062324,15822777.763959924,15888341.613066882,1740728.3058837203,3661161.7947899988,1991603.1084355607,3328421.2957352106,822432.11201386666,6829596.8159596957,192186.15853526248,1342425.2409220517,2050558.0898649537,1015889.5054379683,3418666.8598856488,3995120.0403427077,1979974.2621568423,2549244.8806207618,11369353.948156454,11860814.352815572,19037409.971271921,36967681.842167467,42013112.105382808,53239447.990487367,1593521.8196733624,1012770.6565149692,6241196.5525532598,1559594.704558634,5481749.5353928674,11808391.150638171,19253801.025217004,26590373.348389648,27618067.884421915,30783373.944432221
8201364.6015093178,3297390.9442870682,768258.32650869049,1347501.6386822637,1413525.3799412264,2170595.1678125863,2017174.730769549,15693459.136216141,15753788.059110489,1595350.8625962248,3391164.229181713,1836326.1669751126,3141151.699476881,755032.12354094675,6399670.3006614465,177772.247676058,1331142.8694626808,1992865.0754159675,935532.05273757142,3142157.0101503362,3716582.2905713283,1826437.4810224012,2352391.5963443029,11230626.099432945,11683057.193878148,18284395.903228629,35918243.251953334,40584654.250141412,49042936.043220282,1467264.7297517352,929568.88127773569,5765439.4276899192,1436193.3973086444,5055332.8758723047,10905589.700589543,17917489.633840412,24793052.703865796,25760648.540143244,28713198.612256315
8961514.2943118606,3283574.9024145417,737072.19259740191,1256061.9956734667,1304504.0582821779,2009004.3940365834,1857605.5262757146,15577549.297679117,15633222.002007259,1458691.6475541957,3146861.7361464608,1694387.6970314952,3118630.5602170606,718347.48655017593,6216389.9114179434,165153.15408564571,1321000.0773373132,1941423.1207621414,861802.63304367429,2885772.1047528451,3452967.7792198849,1675807.4938189969,2166238.6112062298,11097793.337746525,11527517.210510006,17815224.226364065,35251796.639807709,39883791.645495906,49088414.199338168,1350401.6969548655,857231.56011372863,5327058.5681619961,1322377.5754175629,4681628.968217534,10092882.1070305,16760847.409820655,23434132.728507183,24369078.610076785,27157844.697303861
11976032.238605728,3852469.6707220054,732061.10111167014,1221638.6353054899,1233790.0779507465,1919479.2438302308,1749827.6774460138,15511269.979395172,15566161.514445139,1364387.3396306569,2960718.3960691225,1584848.2636169519,3093453.1532245059,711681.81544173078,6167041.4812743971,153864.60220061513,1311722.2698084053,1906011.3179516462,795789.33212469041,2705816.3769838158,3238831.1081880946,1543665.0769574086,2006165.5603845529,10983087.333911836,11397350.540085463,17657043.05017117,35089005.965677984,40402402.421244219,52642468.084756933,1236880.4592653464,786011.45824515889,4909214.0898370286,1219913.3869213315,4395729.0107165668,9388519.3202412911,15823325.640794925,22443953.618343618,23372435.327584818,26115584.977005754
8884589.7126112096,3358219.4597475221,726679.92649667279,1212623.4536574492,1131467.3337530529,1761965.2202855577,1617261.3889974216,15404492.215528224,15454984.162221678,1354193.0736756742,2938912.07461638,1451083.1252348877,3071510.5993541963,706812.52733558649,6122827.6486886814,151029.03764728748,1305799.0563661184,1895709.6345179554,783463.35480320966,2679285.9066161537,2950818.8930079006,1418191.6963624286,1841532.6129867153,10846950.656684993,11226333.41141887,16965833.673156716,34136478.587765984,38838835.348498143,47966458.860741213,1138742.3402752867,730956.56396019354,4538561.6728703594,1147833.0537549551,4293662.2163235508,8915186.0729423147,15306360.08484094,21879441.908834826,22801099.698207315,25524058.284456942
6605198.655816203,3077664.7244899902,721342.31039559073,1203701.9621848639,1039373.7835658396,1619874.6933668728,1499271.1884202058,15307332.967049705,15353833.301653177,1344028.4557495827,2917320.9975213502,1332104.2624514753,3046755.8702221168,700180.37245321216,6074207.8695946634,149908.08387509556,1303377.6322597817,1888954.8059005616,777694.58858024632,2659366.1591492007,2700446.4747272013,1307445.1272172246,1695658.5697555367,10724071.880291944,11071714.736323919,16336644.679529773,33268703.744403817,37582605.485309526,44411580.574961387,1037027.4898511687,721611.5778574365,4393838.8552677864,1139240.7425793079,4261721.6278878376,8737913.3501031082,15089309.47170751,21610464.576079119,22525352.687088642,25228293.628735233
6047183.6905574808,2816825.7330784258,716044.85245903733,1194863.5298026002,956135.27075925644,1491377.9035784369,1457142.141566294,15234554.811512135,15277436.983240163,1334113.3322099247,2895886.8033641409,1224823.6195753494,3025489.0405152976,695546.14838249236,6031221.347905606,148806.43218638675,1300964.2198228466,1882238.1170591447,771976.0575015021,2639781.2850037077,2471746.3575519971,1208045.2262593945,1564421.3304560476,10609497.640582267,10928182.863269364,15759972.111665215,32490698.714779068,36445717.924581297,42699219.565335549,960043.72397432383,717029.47021164396,4292779.2536859643,1130825.528521257,4230318.6950619882,8604845.9073121399,14916742.275341086,21391628.43830999,22299797.654855944,24982889.092469223
5535227.4073487706,2578576.6608790252,710785.4471235479,1186074.844327257,881259.79482378694,1375691.7894823691,1446441.0390775218,15174723.284162773,15214333.504494747,1324400.6166023856,2874621.4322013776,1130643.3686728519,3002467.1186635899,690011.12217673112,5985683.5514224209,147707.14739250153,1298553.9144154654,1875558.1572688697,766307.65433329751,2620480.9456408508,2293823.5511696967,1161101.4748397982,1492338.8233622022,10521993.072681043,10814793.740998009,15255414.547635915,31809784.394851986,35437278.809298903,41162968.30149015,923954.71230958274,708972.21531991032,4229314.2302138014,1122518.7615842104,4199335.8332839394,8509797.6711539533,14782484.183824539,21208574.020499408,22110072.783431366,24773444.490556426
5085763.3773361035,2365889.9861152251,705566.07724206743,1177390.3572399907,814058.22074084613,1271819.2503099653,1435824.233305353,15119625.430758623,15156290.56479859,1314727.2237651376,2853516.0241286117,1044223.2600012926,2982619.8356609652,686319.31723595934,5945339.7991014123,146642.28013173793,1296158.0577086338,1868933.6713038962,760685.78331284784,2601298.953299142,2106919.6147375475,1136580.7728950034,1441661.5234673694,10437124.272550741,10706105.432865303,14790419.395307511,31184658.375713199,34518716.528701261,39780635.131984212,916282.41275964212,704384.03354810446,4199543.6184466798,1114646.3262269401,4168932.4735094751,8449027.9283684194,14682806.198539531,21065318.186399896,21960197.074476276,24604037.532839984
4669160.5013278453,2170447.7488769861,700385.67284161446,1168760.1221659638,777317.82195983373,1202197.7117173439,1425293.2756093848,15074752.036037795,15108767.696032977,1305144.0405291766,2832570.3349934206,1019446.2925860188,2959967.77990219,680379.26944847475,5900033.4544685045,145547.04506261952,1293751.1719314887,1862314.103037534,755104.47170201398,2582274.324832472,1936079.8929189916,1128248.884534911,1409650.8075774256,10360575.583237391,10607933.508205727,14421682.967607813,30676151.274355851,33741452.595506504,38573836.875899851,905593.40299300803,697594.05860620469,4164918.6703926497,1107304.6452110186,4139239.487171758,8384118.3034093697,14579232.775740659,20913228.206773177,21801536.488939453,24425979.64705668
4287714.7343580211,1991685.109652414,695240.05444431026,1160143.2055986791,771604.08315842354,1167138.451538516,1414810.4626846169,15044323.383997805,15075967.059911728,1295532.9944612663,2811755.7448783619,1011949.282588407,2936466.0456257705,674504.61531461019,5854026.1118184766,144465.77257379034,1291351.8875305944,1855736.3943187604,749553.90735262528,2563276.7808663454,1781692.4959727582,1119950.9308165542,1380086.5805880509,10288422.976786369,10516213.308893822,14101401.526565054,30240686.478506908,33060929.720022101,37500231.350003287,897814.98910290306,691635.9828557102,4132651.9478405504,1099181.8641288753,4108815.7707345192,8320840.6176570226,14477542.605443997,20762343.087884746,21644125.436074048,24249256.577328347
3941266.7350825737,1828772.8491517678,690132.55791291781,1151605.8749877224,765931.30389103759,1156923.3590583068,1404405.5688859127,15026897.339222563,15056425.183082387,1285924.0816540665,2791093.6555474005,1004499.2844138201,2914084.8362311129,668932.38301255298,5809571.6993515529,143392.14043221783,1288956.5892945074,1849192.6132842836,744041.51196298003,2544345.6024026149,1642982.7001373393,1111686.1264296223,1363503.6317103803,10223189.562962282,10433342.548708174,13808415.48739448,29853648.047186792,32451213.218214385,36533632.594370961,883611.62519542186,684501.6231196156,4092374.7801505118,1091000.7811538556,4078434.8937054677,8249603.2819955535,14368273.057443744,20605454.962056316,21480759.640546408,24066739.746706218
3624649.2924389313,1680466.1898536861,685063.91127129621,1143166.0006634546,760308.84163517714,1148429.6266656262,1394097.7529907729,15009930.207490798,15038030.179221844,1276501.1845133177,2770599.9289238225,997127.99170740729,2893755.4291982534,664641.58434743981,5768613.0233997516,142355.15306839507,1286576.9828234462,1842706.0641006974,738580.97415595816,2525686.2187155071,1564832.8359906022,1103605.9493123475,1353581.1433458861,10174727.499659313,10369052.654051038,13553616.530411588,29513899.018071767,31909417.747763161,35665895.437197596,883479.39117836393,681169.58571463369,4070588.3640892133,1083029.4092723355,4048581.0778009905,8197421.6130319862,14278743.789459696,20471827.348643869,21340712.960800618,23907754.284837596
3337558.1425757371,1545371.2955227429,680033.47576265805,1134769.8506673051,754725.42590366176,1139995.8659139501,1383859.8985052512,14992999.192105938,15020892.80815644,1267142.9775618669,2750253.2872522143,989807.74334294267,2872044.9114918238,659520.93855256855,5725544.2670489382,141300.97126112107,1284191.3835197559,1836231.7726352504,733156.55746927869,2507153.0549278045,1553349.3844425359,1095506.6385976085,1343646.9104608581,10143069.875379831,10327464.150985079,13339550.005478922,29223479.896492563,31435754.514137778,34896848.829239346,874921.69735239842,675435.83159527229,4037738.5553174135,1075048.478663991,4018835.9228214659,8134251.8994327905,14177972.098569812,20324869.673214402,21187374.879625231,23735563.680711091
3073353.4086080408,1422577.7844906691,675038.70999830007,1126425.7090496691,749177.14902898285,1131617.2024607165,1373685.3020429832,14976101.07512122,15003789.780758809,1257818.6730535056,2730048.5490573747,982523.12105701084,2850312.4406508124,654316.15877019556,5682481.1498238137,140257.28089841266,1281811.892902741,1829795.9601872133,727769.5709398539,2488718.9202902061,1541909.2680079907,1087444.5180196019,1333759.2792468094,10111738.664659645,10294777.826071156,13151166.611840483,28974483.850443989,31020982.783609591,34212546.474712871,864859.04385011294,669663.98867351376,4003584.2463416271,1067152.5895205822,3989298.6958091874,8069989.8709607562,14076366.353534454,20177106.151240051,21033276.42736195,23562739.217123706
2833829.5363548156,1311453.7783793029,670079.96414872434,1118149.3999660925,743673.12674576114,1123304.1178929377,1363591.1765644876,14959243.319042034,14986728.643754266,1248525.3935183967,2709989.1848853421,975301.76621715026,2829044.5281592878,649345.3225012403,5640238.3854347281,139221.27993928801,1279436.5996274303,1823392.5317059113,722418.56434820592,2470376.1072185501,1530574.3841856858,1079453.3072178429,1323958.1720037132,10080628.087055741,10262322.644172907,12978728.513757586,28778964.434618689,30676188.81446483,33627360.323092259,858413.56981624267,664593.94947733416,3973907.6986143379,1059272.276452841,3959890.6465590508,8010338.9049544903,13979627.22126404,20035052.328095607,20884933.564676099,23395815.070866734
2811680.1102167051,1307718.236970762,713146.95020619244,1117045.9832484061,768204.25698848406,1156707.8998711235,1386410.8968502628,14967371.554202463,14995358.21483114,1241815.3956385087,2744990.3311688602,1011829.90739434,2809721.8290347438,644839.2251118389,5610688.9731084155,138203.91687434496,1277069.8861475519,1817399.0435615045,720488.75604828901,2458239.3080184222,1644173.7247535381,1102785.6613934147,1356019.562478302,10092167.76145187,10281362.105030498,13075751.916184926,28896818.680143777,30789524.65556892,33718211.869255543,854652.6488220098,660348.7070672214,3947946.2218450108,1051499.1272444164,3937420.3211664651,7961372.1303526964,13958548.047324941,19995164.259251945,20888312.076415274,23399200.033725377
3111866.4005314829,1396298.4313886594,672934.7006469894,1108881.9825624225,799572.37546684244,1216871.4549764018,1377767.5677076683,14986848.832274508,15018586.731013972,1232894.6044963019,2706225.9360459349,1033459.4500424581,2789546.1502683954,640419.73950601812,5570422.8406434888,137207.30496125596,1274713.5785528566,1811086.6265908538,715408.45660505991,2440602.5241345405,1741171.0973776623,1081918.962428703,1346636.0141455322,10089958.087805828,10306405.507636683,13499984.605057213,29425235.70948318,31446241.012166455,34679122.4582517,851564.86852748424,656743.02887497284,3923608.2703654855,1043877.453018287,3909025.1481660153,7908080.9843025329,13850166.64621165,19834557.093306988,20686212.158774223,23179475.482904267
2872757.9622170473,1288712.8453778373,667049.38263739529,1100725.6851702915,747372.03445970465,1134954.765206072,1360634.8250694985,14937324.094732029,14966885.101400852,1223787.9614365934,2686364.8133335505,978583.44133316784,2768040.1744584315,635189.02884129342,5527943.3489171444,136181.00636659717,1272346.2709651752,1804772.8176112717,710146.22427756723,2422614.6552673061,1604638.5271060751,1074009.7468247868,1319792.3617385065,10023175.768712588,10223018.130904179,13200928.031579623,29016671.390662987,30892033.115160149,33881536.953679524,839772.58348261169,650320.04834861076,3887463.245656467,1036169.2265518359,3880209.5442733304,7842566.1528742183,13748011.226812128,19686881.568681918,20531338.676190861,23006277.985709898
2652121.5287426114,1190935.6102976063,662147.80558831012,1092653.3489137643,741870.64259836008,1121396.7395957967,1350605.5860155071,14912663.382309558,14940301.976939244,1214752.7140622574,2666607.3569658757,971361.95310754946,2748286.5081635825,630552.69234808173,5487934.6989568714,135175.73975113599,1269988.8568219647,1798502.1783884147,704921.42720359575,2404762.1625596713,1535780.6393500105,1066083.2435170969,1310053.2291840939,9977588.4031846933,10162492.929203171,12988321.699432598,28743006.425735228,30504434.822351135,33272444.241572559,845276.58405084175,646904.3461467477,3872073.7709311098,1028507.9728824125,3851615.9726409581,7798057.7057028851,13667377.147656083,19563220.493892014,20401473.025165435,22859142.445915554
2867831.4927422386,1520155.0950502348,1040741.763648784,1743028.0231427706,1153062.3701828022,1731272.078789609,2115282.1699775225,15342392.834770802,15382039.43473744,1591620.739700848,3989115.7848539031,1494405.4601491063,4368963.5876303148,1054947.7597995887,8831839.0033620484,226359.98964530849,1331330.3528618198,2178717.2572477031,1030976.8427242644,3305570.5682039633,2718362.2280749907,1818124.1352803998,2221467.5389118236,10486841.521177322,10788964.047829507,15095957.606326148,31590035.150202256,33802335.28983476,36810807.220281802,973517.06968805077,899976.40877548826,5168987.0892554075,1410787.7978631356,5317969.9082883773,10598802.64519765,18871098.892370336,28311626.10987423,29590094.28869801,33280579.140977915
3013011.6239603963,1652179.1814526315,1176618.1339907493,2047491.1080890729,1216190.3654603972,1823514.4500880218,2220402.7555727456,15390555.173382994,15429909.132275386,1649288.0193897085,4370756.0989983706,1581954.3389327077,4205596.7114862883,1041748.0503296485,8889699.6008425504,226856.8257972975,1330591.723070675,2200981.0533907218,1119860.9580751485,3478948.0372244567,3102848.4936196012,2050632.0324687513,2506605.2378197596,10638278.477343876,10978338.369070016,15652982.569224754,32232813.180596694,34608038.271582931,37767812.24968148,923335.34518756066,874429.74155896017,5029835.2240628097,1414763.3568416215,5530840.6551803295,10680777.785027621,19552775.837439138,29140176.485608973,30599341.000643931,35009699.214822799
2783148.0730043459,1521906.9490577427,1083521.4814021916,1882648.5545173406,1115249.0148069197,1674236.9303573852,2037024.8431521307,15275437.447242605,15311853.76736231,1499414.4170100705,4011487.081956089,1450951.5307538894,3844254.6448777718,954313.07798377343,8153730.5158185521,208784.27835702294,1317035.5149677915,2120558.792960831,1024031.2406009288,3173098.2354644798,2861716.1648999723,1885564.7921256751,2304591.7105060401,10507289.160036473,10819660.559727771,15117011.822249729,31495659.761404105,33691871.301461317,36611765.970626608,845777.2542407054,792903.79228655051,4597868.6286824597,1295417.8082385715,5052448.7994458443,9760334.6106843054,18013941.016398232,26811075.415325481,28155247.677275803,32212137.188026924
2573355.6450800621,1402731.5371539078,998494.3941232129,1728271.431380054,1022578.3008171407,1537693.1734847759,1868088.4104085392,15168992.70051785,15202762.895832414,1359977.6695405676,3681565.641561965,1328365.7243413902,3500621.4238149691,868863.72112500505,7457993.8887419077,191453.62145148005,1303990.3304531951,2045429.6360156753,934916.59085040621,2889424.4033846017,2615723.6101975334,1723229.2380229717,2106966.9575357549,10375121.58624097,10661883.025615385,14611944.396896057,30806720.413342364,32840132.40531899,35541194.077429675,835434.8695559497,721223.19797535008,4265052.36512045,1184935.0952290024,4609733.4732411401,8975647.4532705918,16661619.527027812,24713751.938369375,25953133.491356779,29684260.174661439
2383308.462052214,1294451.127829113,921424.39432965603,1587031.0786376842,938017.03826269391,1413411.6654353719,1713109.8086553346,15070848.767926391,15102245.047545191,1237864.7706962998,3382786.259759387,1216847.1039806025,3186746.6877237456,786965.67823709419,6820347.8096808195,175475.64820413158,1291870.0043482841,1977191.5145281514,854708.86827758525,2637637.0561328926,2387548.2355354037,1575001.1671893334,1926571.4088596106,10250789.377696052,10514236.935039839,14148496.167867912,30175839.524415672,32062217.970438909,34565206.784201272,822623.10559716308,653657.42766388133,3959113.7052140753,1086607.4329502275,4216016.5292061986,8267745.1220935537,15440140.84616546,22810155.57150355,23954710.886346653,27389739.963721946
2212828.4863796709,1197247.5705914386,852241.39137782331,1460577.8382513109,862684.03579444613,1302561.5618798751,1576388.8087905315,14982383.523838822,15011669.829871019,1228735.5769448974,3116174.7463666843,1118004.6188220712,2920377.1634588833,720492.98007508845,6271711.2178539615,161680.23507210772,1281085.9673448259,1916629.7405306415,783059.93036826781,2512551.8452048926,2187728.0581809976,1443860.057557344,1766762.1911068859,10137913.562382678,10380399.221829947,13731698.838639827,29609109.757471051,31377982.754868582,33706983.706225589,816268.91905861802,648397.41910762491,3863343.2812724677,1039094.7758528285,4004454.9250945253,7953021.5551952729,14666850.281384673,21448255.857766513,22507742.694647253,25677094.331363488
2060337.4677155218,1110075.9598727822,790166.65971854283,1347204.0725304966,795192.15567259199,1203316.5186816645,1454518.851510383,14902114.545554878,14930003.563022917,1219714.3859240785,2877958.3183046361,1029622.582780486,2793696.942803028,661816.15467884403,5893072.98687026,149388.67172649663,1271258.9841993193,1862368.4518981355,720131.42626108148,2430431.5732573424,2010115.8976244961,1326608.0856458559,1623789.8366693014,10034112.606911667,10257723.187897101,13354855.139575921,29106256.823309973,30783760.161644511,32959416.916602071,811855.58043651318,643885.91062518454,3836879.1785778883,1031471.3376639038,3887628.3402408985,7803124.0620813463,14106984.767452354,20473936.314022142,21457197.423629619,24388436.104382899
1941244.452258361,1031991.1629227167,734571.03385464218,1245154.3024113758,754606.12899711763,1139838.7838612206,1376510.2736012246,14845345.717918919,14873029.915137988,1210774.7654534278,2715169.7077582865,987174.45551806327,2773007.1992447535,640621.20437367132,5678132.2537335241,138399.74947881952,1262274.5162890982,1813771.9690966266,714843.93676767452,2412602.0731557496,1849487.3885658488,1220810.9707398508,1494811.2134160465,9937442.4085097872,10144052.648143144,13049735.576472513,28738131.116564732,30333420.369198594,32389137.178198352,803978.58407259523,638748.02959533187,3806292.8885757746,1023896.6868254318,3859097.5681392802,7741091.0529847816,13728851.606482664,19848882.962615196,20764001.405146547,23481769.052660462
1926991.8804679601,1012840.8408439697,685006.90417904465,1153689.2535866287,749063.64523558714,1131466.966780972,1366401.1604744291,14828596.483657345,14856077.356795691,1201876.4227797154,2695232.7702008444,979923.88299825334,2752775.2582652709,635947.8622163207,5530704.5682581002,136574.98723683902,1257747.6086105304,1791808.657956908,709593.86579924822,2394886.2373216706,1704695.215765499,1125734.4785614638,1378924.210742224,9847465.1744515151,10038823.329960069,12803857.274229785,28469311.911713667,30041314.030719187,32081937.597714201,797937.84008705791,634011.35062742303,3778135.0510690324,1016389.3966633402,3830770.9814113863,7684050.6874346873,13589797.170624007,19534841.394047871,20397734.637553107,22940563.597482882
1912843.1913331675,1005402.9042033328,670246.72535781167,1111061.8681089093,743561.96854886995,1123156.8419389317,1356362.9223268072,14811884.030395018,14839163.085099602,1193035.6214222165,2675432.9065664159,972725.90919893212,2732516.6828826852,631245.19251712365,5490008.1876036972,135570.09440568479,1255418.4697952271,1785556.0053889726,704380.69225479441,2377281.3069562679,1574679.2292920817,1086899.06771986,1334780.1774553736,9778959.5612730514,9964897.0834595412,12605577.989242896,28248174.332180664,29808631.908780895,31834272.253593151,792045.08896421827,629340.07740882121,3750330.4310222315,1008921.0721139838,3802616.3953641732,7627539.5858889865,13496813.475482756,19398118.249435168,20244944.879825659,22734944.40792178
1907352.0245605572,1002995.5457973597,665343.54036585137,1102900.6093945308,738313.69988858746,1115683.689388488,1346543.0957260095,14795945.337671293,14823174.096620124,1184278.9814877065,2655800.8488996895,965676.14814887533,2712602.1009925422,626631.14621960395,5449863.4583489764,134574.30660121702,1253094.3519715322,1779338.0471827814,699207.69265815371,2359827.5017774315,1562230.7269367606,1078916.6969658842,1325031.4791592329,9748895.3660159148,9933640.0586385224,12559845.226713739,28183941.450197052,29739068.498938099,31758542.118820991,786228.96572248009,624718.97729117074,3722778.6485856446,1001507.3065691571,3774690.4815339185,7571514.0557183689,13404595.114977738,19262734.536812197,20103361.150596015,22575094.788232427
1894001.1640908835,997322.9128097879,773764.95287398098,1254752.2142603118,857927.83835727302,1266518.5283882527,1540121.0279877894,14880602.149890527,14907764.017294746,1232263.8393077326,3019631.2828923143,1170448.8150829477,2838388.9133525756,672566.48742932698,5845588.1026733303,138724.34464620016,1252577.7504078988,1788338.6955419267,776053.55775236024,2502680.0932772085,1914791.5680291569,1282605.0011316021,1572363.3677266811,9877431.5177656934,10087839.029782455,12946729.022323314,28653480.246658452,30199810.045860358,32205189.476577956,810062.49712436937,637203.44962502806,3778320.0367013006,1003979.3065450592,3943906.6475554318,7800749.2143202452,14140876.636305844,20450880.029549178,21423761.182883967,24195279.513421308
1888426.4985060259,1054958.4418500138,754380.1886174347,1214796.3489316509,852600.78301176475,1277039.9036682169,1505169.2066123115,14880618.390285973,14910343.459243044,1207246.0516613279,2973504.427123805,1144843.3860826765,2722305.540382145,640250.17357839155,5621132.587969522,135470.01861758865,1250119.7440918712,1778397.9213436306,763288.04902099795,2449477.0033501899,1931704.8811499351,1295662.6113773938,1582862.6250046352,9861648.168816885,10071437.051794743,13023706.047090674,28786420.922440153,30389342.472293261,32388529.834735908,788539.82916284096,626147.21632636827,3728480.7942773262,1001794.4004878399,3875002.4536457271,7679245.9625234753,13920422.69655454,19993748.179590434,20945219.717117429,23644032.726009224
1874586.2070863226,997825.11106057488,702128.04327457608,1125898.3484525911,785022.68387493573,1178762.1861018478,1388717.6154933735,14801990.941220639,14829720.793131983,1186298.4771000741,2746121.813051132,1052282.2961155628,2702944.1546714674,627025.36071301531,5448189.0874323295,134116.04172135142,1247718.2717200057,1771491.8552755956,704702.16276016971,2366432.6422238168,1779872.4891235165,1193013.4142864419,1457943.0841927126,9768477.9859819636,9962594.0957885422,12700883.540039707,28331300.868199799,29873065.623781327,31857599.37892757,783440.83448244387,622044.23492619034,3702445.3714262587,994622.84691692726,3774515.980786779,7551006.7649287703,13470865.587166421,19341219.526841756,20227144.736146241,22735143.832931954
1860791.5628395225,990486.45378514158,667544.39606887905,1102541.0278798332,742856.26111559756,1121237.7017649184,1350500.3062923108,14756841.277686914,14783944.838103998,1177643.8449382223,2663224.9542925917,974719.59132025752,2682513.6292337868,622049.21488420479,5407201.911560867,133119.22457121924,1245403.89833799,1765324.2712761627,699514.93744470633,2349194.6953818738,1641532.1052281721,1100101.4874040158,1347804.6415930446,9682009.8424521424,9867333.6481474228,12498850.822128624,28077608.590095915,29608038.468102094,31577969.921587758,777537.96116377122,617217.28378575924,3674799.682981424,987397.67755999824,3747013.6446926841,7495314.7575145205,13315806.593768818,19131479.006777029,19974891.938216548,22443987.537479367
1847127.8398239519,983212.9493606498,662640.2325256085,1094433.2268215797,737398.42525034386,1113000.9826458606,1340570.2822209275,14740222.35426037,14767126.885367302,1168977.7611627278,2643655.2490994525,967552.492902681,2663080.1081237192,617658.92584266956,5367929.8659530235,132150.79422157054,1243102.1296324239,1759206.2655883695,694372.86821232492,2331919.1864435053,1570383.1065484921,1081584.2019132383,1327467.0980892617,9634998.0535950381,9818960.5787836257,12431142.977168063,27987246.042873871,29506437.192328379,31461903.417007972,771936.67036551703,612912.98170110164,3648189.1708375979,980145.17719328054,3719470.8344354029,7440621.6435773587,13225201.881936662,18998601.979350165,19835819.070254251,22286768.727241054
1833558.4213649831,975989.7589437773,657772.0077135209,1086480.9852225475,731977.99744153058,1104821.5020315205,1330711.1199565162,14723643.848140946,14750350.976005387,1160357.8119731981,2624222.1235914375,960431.77235487604,2643640.4275499224,612794.68509531626,5328280.3099769168,131166.40617925377,1240795.2260071049,1753124.1367328465,689266.58250186394,2314750.1558666616,1558793.6757394867,1073605.366397769,1317679.203973657,9605604.6407030448,9788215.42564377,12381608.807065915,27915250.404359497,29423281.892414577,31364383.022643264,765624.63929251826,607970.29083984543,3620221.3854024382,972933.7778928898,3692132.0241457862,7384849.9540042793,13134138.589449294,18864911.028323229,19695977.739520054,22129012.164737184
1820091.5441353468,968821.55071611004,652940.9555263248,1078500.2219538763,726601.53173221787,1096706.69569384,1320936.2559106443,14707101.590384919,14733612.568641173,1151820.4250332806,2604947.4770045229,953376.60391443665,2624151.8108833274,608255.60997856571,5289034.011818707,130202.20678300205,1238497.9575741694,1747064.2080620222,684203.18565382669,2297732.6198808346,1547343.423917783,1065719.5432509645,1308000.7222124846,9576302.5669419505,9757572.1610348877,12331917.417965533,27843067.812337104,29340023.618566211,31266868.052201118,759921.18324616156,603476.13185759273,3593516.5889903423,965777.47120589472,3664987.7795071602,7330468.5044152495,13044346.78522742,18732916.911354631,19557879.855040178,21973043.788839061
1806806.9341525363,961706.56325898692,648145.51811646135,1070576.6930325939,721264.7049773382,1088651.7314219386,1311233.2147679299,14690596.125405852,14716912.404430589,1143360.2506516923,2585814.5562903327,946373.00153013947,2604848.5475411192,603765.0394161985,5250133.1912065698,129244.58995989701,1236204.6211009335,1741034.9276797988,679177.46496427618,2280855.5831645681,1535975.647857161,1057889.2730209695,1298390.6723272859,9547067.6160114128,9727005.8485840112,12282442.883979814,27771182.811433356,29257144.911691133,31169920.717044275,754313.06557543785,598997.82057114318,3567035.4694578107,958682.18539012887,3638066.5793486447,7276537.6512037627,12955251.554024305,18601986.568588134,19420890.710017387,21818314.072421633
1793608.594397512,954643.58213429456,643386.33845797193,1062717.9851369201,715969.3026718609,1080658.3281833017,1301608.4895719306,14674129.593378272,14700252.60528731,1134978.4077514424,2566830.5248407726,939429.35982585605,2586034.5325060105,599422.03713166306,5211989.0243246602,128298.06278681692,1233917.1481794531,1735041.1233571444,674191.779297948,2264194.6133828508,1524722.360393926,1050134.734879534,1288871.5894263207,9517913.932120584,9696531.0352529418,12233207.499658931,27699619.256030157,29174668.215803463,31073467.447372101,748976.09072718793,594706.44978242076,3541161.6197673613,951704.63348792715,3611501.6193757895,7223574.2238950497,12867383.027804457,18473061.309325792,19285952.221585151,21665772.894110154
1844420.8202882272,953482.9014539104,638660.71449066279,1054913.9897172144,710710.62564008415,1072721.2703332012,1292047.7945274771,14657696.993315654,14683628.150981337,1126658.0619568503,2547978.3159291893,932528.14938996965,2567149.5755566154,595092.40372442431,5173894.6901444243,127358.7224194364,1231634.3144953321,1729080.0468895799,669241.77625559969,2247583.5145467278,1513505.5734017505,1042419.1884591338,1279401.912157899,9488811.62138859,9666116.753042832,12185100.729417939,27629811.30413045,29101120.368637823,31050024.342010844,743488.19200454571,590408.15295822721,3515273.9024373922,944730.18911911454,3585011.4126697322,7170675.573003998,12779816.103885096,18344508.717752397,19151429.139034942,21513772.669908836
1959053.3941672719,969031.77459849766,633971.84490219026,1047425.0711035199,705958.3760078887,1065676.4022795111,1282610.0071171448,14641652.723949373,14667410.818137452,1118390.770036676,2529299.2071695188,926205.54924950306,2548600.7808849313,590888.33064740361,5136384.7964263428,126431.64320304558,1229357.3551646254,1723152.9204425586,664329.15325802157,2231087.3475146121,1503756.0814624177,1034771.2345989741,1270194.8577158595,9460191.5055379942,9636587.2157797012,12144565.802874472,27570196.023501452,29057513.890839085,31121061.518018957,738148.96751909517,586193.5092139513,3489726.8724320228,937811.26117640547,3558712.7695029918,7118312.9702604171,12693218.851041486,18217531.766273174,19018527.65927095,21363785.000251736
1819734.9369133699,949777.7608014741,629314.65924244525,1039770.47335049,700772.16022988281,1057848.0454085662,1273186.7135488668,14625289.648443107,14650858.555467917,1110182.0673676953,2510717.5698086717,919396.87139797944,2529912.8346862462,586298.91721515788,5098426.4084642548,125493.92950045643,1227078.0129339995,1717244.0554218316,659447.90378631384,2214717.2697642604,1492729.4513028706,1027158.2258213237,1260860.4908493487,9431235.7122696601,9606335.9084521383,12095889.385134269,27499398.327814661,28963655.333676301,30887117.045643754,732490.22744380101,581730.28311795543,3463676.4415865773,930940.14648042002,3532608.2305305209,7065644.8080981588,12606501.103335097,18090006.386087727,18885118.387648176,21213188.585713148
1791222.2853492489,942802.12445631123,624692.39756124944,1032140.4278588785,695624.22211905383,1050077.521769335,1263828.2787472086,14608961.282602761,14634342.402728159,1102028.9360087572,2492271.6973248026,912643.00179320853,2511943.7308525401,582127.92876257538,5061726.9899554364,124576.12547448893,1224808.0624838795,1711374.2869423437,654602.983879362,2198450.2130763438,1481766.0959633505,1019614.5374425122,1251600.3553644449,9402345.1689272095,9576159.3990518171,12047427.588858938,27428892.697376866,28882395.411677152,30776582.640007623,728949.23855786573,578049.72759728285,3440826.3998510535,924114.64879189548,3506673.6600448824,7016350.8143660678,12523248.75382019,17967226.487560183,18756498.574952874,21067477.025844336
1778066.5091657629,935878.14116327884,620104.51345489058,1024556.98189972,690514.66480099363,1042364.7675446536,1254544.6159071759,14592670.280011499,14617864.998119203,1093916.4287965186,2473966.263894164,905936.82011235051,2492951.2043008101,577612.92466805771,5023761.7966686571,123650.91017220744,1222536.4373487625,1705525.9741606757,649793.05805797211,2182281.4192777467,1470867.3595266291,1012117.4698216449,1242398.484656113,9373516.408241421,9546053.8705149107,11999168.866527803,27358669.684232377,28801497.865230534,30681773.138379972,722021.22111269739,573147.56900610833,3413149.6524583655,917292.07250676758,3480860.4170749732,6962355.1176919714,12435527.472310388,17838732.691224564,18622208.191770017,20916210.990325391
1765139.1319270479,929002.39543301286,615550.0703296843,1017031.0524485187,685442.52324422367,1034708.3859899553,1245329.147435524,14576414.522257812,14601424.192113386,1085888.8751505367,2455795.0858595059,899282.47919996956,2474726.9859829163,573428.51049705548,4987072.7787647257,122742.42088569613,1220272.9435591006,1699731.968146702,645020.9827711028,2166260.8490433497,1460065.0197563344,1004686.1968218086,1233275.9634844656,9344763.0649450421,9516033.2841986381,11951130.200434234,27288743.005675815,28720972.162384447,30587569.40251296,716353.96610493364,568945.6482386709,3387683.4890448349,910554.43402358179,3455338.733798583,6910901.2820321023,12350779.544952948,17714508.985612486,18492230.213564239,20769389.930720642
1752176.9492335585,922180.32526185981,611029.61608522106,1009565.2154018231,680409.59140125895,1027110.5748963846,1236185.649207959,14560195.766458685,14585021.771144819,1077910.3215747275,2437761.3079240373,892680.54838403116,2456727.0511466814,569279.7353272991,4950689.0932235457,121843.25988550455,1218014.8268000167,1693953.67896721,640283.89980050176,2150347.8538370393,1449350.5276286337,997311.22877053334,1224222.7877456576,9316080.7937007193,9486093.3536988199,11903309.674037656,27219113.633433681,28640824.966950651,30493714.898167245,711444.27730994788,564892.04095857451,3363302.8651466896,903867.37023825594,3429958.9377171947,6860642.3691585222,12267276.652305489,17591856.262966219,18363866.044644691,20624305.768530685
1765844.034294517,919166.72799271333,606541.89605853439,1002148.7538935645,675411.49437243294,1019566.0728681616,1227103.95343895,14544009.934398821,14568653.603335653,1070011.9606664767,2419856.300627376,886122.5533557235,2438997.875836425,565230.94012144371,4914776.0087467004,120952.37166578505,1215761.5985236485,1688206.179028183,635582.36042605003,2134575.0894785151,1438700.8068514813,989984.87374284072,1215229.5035750386,9287461.6412922721,9456225.4587269593,11855759.853914382,27150064.992017779,28565604.254362062,30431421.610976823,706297.47711886093,560967.40755592065,3338954.4802843593,897246.58864240383,3404806.2299083103,6810646.4431766719,12184264.993106866,17470185.551265381,18236525.338983964,20480361.687686842
1752167.7686729387,914591.87900140823,602087.67981937178,994792.46761046886,670453.001348619,1012080.2679119741,1218095.8682746417,14527861.629369203,14552324.320257271,1062146.4238891213,2402088.1600942565,879619.68448278913,2420745.6313664522,560952.19514572679,4878216.2435641857,120060.31367303221,1213509.6824612031,1682485.3805437896,630915.29345524963,2118892.270803479,1428138.6306895535,982716.90561245929,1206308.1839509481,9258914.6835394707,9426439.4051640686,11808669.244036779,27081402.633553799,28488921.449742112,30340328.337636027,700739.9331907439,556556.47169923712,3313744.7589828824,890657.76024068065,3379795.7343811383,6759935.0401511248,12100770.956843331,17347406.084361766,18108118.096025486,20335479.309556358
1898956.201184439,917085.56907704321,597710.72771367431,993590.87310990237,665991.39056647115,1005303.4580146568,1210231.6303597158,14512299.445963522,14536583.715829773,1075199.843691773,2391497.019353651,873684.0513028045,3063490.0923087043,681482.16561267723,5701804.0913530942,140261.23732916606,1223723.4956873921,1722887.121431615,631838.09981696238,2164086.2815139522,1421246.3040289613,977639.27939256071,1199888.5620787777,9231970.9650414195,9398457.7314914353,11766426.105073696,27019068.707408264,28427289.008971058,30424842.853658631,1172115.2510556418,800989.39380406844,4802406.6540303482,1066884.9255202683,3609051.2645948003,8479022.5528346356,13849016.904754439,19916740.848058365,20671953.122530345,22889192.773594305
1848830.1238658044,913248.50730350043,593650.41208048619,986827.9177121683,661171.91726606956,997992.16296941706,1202030.4939248115,14496430.937054437,14520536.865366362,1064146.75006062,2377785.8213817957,867713.44925476436,2820815.1190967211,635248.66184489464,5355784.1509574214,131942.24925241608,1216906.881739063,1693747.3350969797,628791.53536301374,2121827.2472933526,1411848.73268223,973462.64270776638,1194390.455185896,9204671.2742556557,9370037.4344911017,11721488.33191221,26953280.179461826,28355338.357468475,30302273.835966993,1075800.2990132694,736591.7342626811,4419886.2573616691,987358.98111530161,3480357.6240119492,7966939.2643410647,13290372.419892037,19009640.811664637,19759664.220722277,21961155.574625418
1756298.5418688164,906541.06111406395,589290.02648656233,979577.62972947478,656314.7350153412,990661.02590267896,1193198.9548055623,14480381.455520779,14504310.451517643,1056343.1204309051,2360322.6195389736,861339.10606402962,2558180.5985235409,577884.66032721405,5021840.9485639306,121178.99698615576,1209265.7610279557,1677671.4100560385,624175.12059039681,2106258.6323992573,1401476.2514858777,966319.40843721759,1185624.9556409998,9176336.3246838767,9340487.9602512028,11674812.916881911,26885211.459553685,28276971.930081055,30130655.271730479,969190.73575200397,665230.31262839783,3998632.3360308609,900660.50865057402,3375365.8650300237,7440203.7824091604,12720904.611592546,18103560.230729058,18848074.788797941,21033394.551127017
1743824.3726117623,899900.78691726248,584962.27483524696,972383.70566660108,651495.46175386617,983386.32235221483,1184437.4114527067,14464366.290859522,14488119.610891091,1048611.654571854,2342989.9957996327,855016.31733358256,2447273.1479282118,564801.78975517012,4884002.3902834021,120241.35880241611,1207015.6316541522,1671983.3529329416,619593.82333020435,2090820.8661263725,1391194.4852649311,959229.41893460113,1176925.1815639865,9148073.5840888694,9311019.8371261451,11628249.280526821,26817299.231210932,28198856.064881086,30039350.046481509,879384.84681803151,603679.94848254428,3630345.0428593345,894094.50985946332,3350657.0948015708,7046721.5428552302,12295275.488910768,17537442.668950252,18276489.476157613,20445760.144981757
1731011.0034941125,893290.16316111817,580666.27739711304,965240.84407593659,646710.98129327036,976164.39526077418,1175740.640714694,14448385.038243894,14471963.906925416,1040887.4732874812,2325782.7299820269,848736.80802345276,2428712.8773148512,560378.07261811791,4847262.6134692095,119347.80194797611,1204776.9838548205,1666324.9477587682,615041.50764016702,2075438.2389285909,1380972.2624256816,952183.14363084233,1168279.9150409696,9119872.5948625337,9281622.0895285849,11581833.055022797,26749579.396480706,28120988.167872377,29947958.822830196,788136.01540307479,565786.20803954813,3433216.3172010635,887480.52686567837,3325973.1421822733,6824426.1374679971,12041080.860829778,17243877.868548431,17977497.065161422,20130834.928161398
1718293.9980745083,886728.94202319207,576401.5453045154,958150.24296652782,641960.54501609621,968994.32529542677,1167102.837437961,14432436.027236579,14455841.726016117,1033227.8962232668,2308698.7032393022,842500.93902963656,2410833.3389265132,556245.27681188914,4811600.4868735494,118470.50294019662,1202546.3023528012,1660703.7937739543,610522.37765188143,2060177.7842123455,1370822.2601211297,945183.73116429604,1159692.7614933667,9091737.6744786985,9252299.1153629795,11535614.067145841,26682128.175658695,28043464.250793613,29857013.138770919,718288.8338728915,561599.43966703909,3343901.5604289677,880956.7177519002,3301522.1475170483,6710181.2741379496,11895137.081807686,17059660.827071562,17787891.976538718,19925413.397721928
1705674.0267913318,880216.51881203835,572168.31268110755,951125.00643721363,637245.49227748637,961877.44431523187,1158530.055440875,14416521.199063286,14439754.998158826,1025643.0579691246,2291742.1548694144,836312.78630148678,2393239.8010505065,552149.10258733691,4776363.6992607675,117598.91336830857,1200319.4035750048,1655111.3159913262,606038.18890039937,2045050.4995980258,1360754.8116368235,938242.47876287333,1151176.0756400572,9063674.8098522294,9223057.0321296491,11489602.091217652,26614956.993933469,27966295.048294794,29766524.394234419,713062.43038658146,557453.80120185751,3319376.5677384045,874489.90008800197,3277281.0500926226,6660939.5797071783,11814418.974020891,16941114.005510073,17663996.86257419,19785831.451367594
1693150.7953506417,873753.71250320715,567966.47365160519,944146.4556176787,632567.34764579125,954815.37867433229,1150025.325596527,14400641.861324502,14423705.043609826,1018122.9786544255,2274915.015095016,830176.98474194738,2376040.3183330204,548258.13231456059,4741836.3751814878,116741.82694320356,1198100.0858149808,1649555.6615712787,601589.827741288,2030047.3284539906,1350778.0723256315,931360.67522833496,1142731.9142201762,9035686.8865919262,9193898.9853832535,11443805.422264757,26548075.683980346,27889491.113795131,29676502.820631925,707857.39614027366,553443.76775842486,3295130.3133727876,868075.99233854783,3253237.7754255692,6612178.0279606618,11734413.936591094,16824008.830288094,17541583.00012552,19647841.846861955
1680734.1613550484,867340.93308702076,563795.97755490569,937212.08961185417,627923.60805079283,947805.34458074393,1141585.8655342623,14384796.640705518,14407690.471846413,1010657.8217126755,2258214.8482742207,824083.74245481251,2358470.5689374586,544178.40487168112,4706838.6173850317,115883.67630195402,1195881.6588616201,1644021.4398609987,597173.58760356775,2015152.6342437412,1340871.575429487,924526.41612415342,1134345.8712050866,9007765.3664121982,9164815.6684907451,11398203.248015435,26481461.718960915,27813030.364934094,29586936.188580271,702644.00059907581,549358.1350080407,3270884.4634456662,861701.89908024948,3229360.9752578656,6563586.7344687339,11654876.900772111,16706920.162238657,17419225.11260264,19510015.251927309
1668380.7141879848,860967.66764034901,559655.26791426842,930538.60320494871,623310.55142800813,940842.74642688478,1133198.8698789217,14368980.882004784,14391706.552967848,1003252.828897594,2241627.9633549205,818028.68451836635,2341239.527844768,540112.10674239788,4672289.2703532856,115029.75570691506,1193666.7057295509,1638514.4470374458,592788.16207577614,2000415.9560527804,1331020.4292139355,917736.19456625718,1126014.197122789,8979905.7434001118,9135802.4513809271,11352783.711694954,26415096.029404968,27736881.917094957,29497750.038362596,697438.6576394795,545303.80191221705,3246799.6731675211,855427.57629415544,3205761.0126927835,6515436.784587834,11575984.800220398,16590943.464662531,17298017.032054469,19373665.976336055
1656118.9353851052,854642.77702140342,555544.54799453239,923703.7368892153,618731.38774348469,933947.00745373766,1124872.8269349094,14353206.01849998,14375764.972686704,995840.24276672176,2225160.2301220852,812015.27123528346,2324072.2530057011,536131.28082607908,4637986.3375040861,114184.37631935436,1191456.6308573231,1633036.6105927422,588430.9489404693,1985689.5986951604,1321221.3283608803,910983.0087880583,1117730.0390081657,8952105.6177132763,9106857.0939033125,11307945.451171342,26349492.958086878,27661569.135205604,29409496.142700929,692389.49853628897,541300.69170184794,3223065.0188197196,849162.12366429821,3182198.8808130599,6467678.2133149523,11497644.779995652,16475783.808605671,17177663.97818128,19238067.693140622
1643954.6206031817,848365.96729435271,551464.70060279523,916946.83936525451,614421.72881105507,927347.70766458695,1116662.2914809291,14337535.18540922,14359928.459643578,988552.02959821874,2208819.9402449834,806176.02869827673,2307320.8732861369,532164.66135826928,4604205.364880559,113343.73525157761,1189250.2048863561,1627585.5265114896,584108.07923838531,1971153.5028311906,1311722.1319551391,904293.69876951701,1109576.3284154513,8924449.1671214029,9078108.4866927322,11263156.126449414,26283977.465507191,27586417.359401025,29321505.79825484,688107.90874271817,537432.90107507072,3200372.5555860274,842986.70151305816,3158935.8469441133,6421264.3151102057,11420832.930496214,16362693.081069916,17059444.310558904,19104750.109451111
1631881.0033995914,842135.12199742615,547414.65778557654,910214.03001596767,609908.73109895689,920536.43760990654,1108458.9653496512,14321817.950375738,14344046.758694386,981290.65156003693,2192597.1243004696,800253.2892419534,2290401.1557924263,528263.4367826347,4570426.0607590368,112511.07911719715,1187048.2862928049,1622164.3313673772,579817.95819040295,1956675.349063714,1302081.3668624109,897647.9918956944,1101422.6080555324,8896792.0896513835,9049322.8175084926,11218320.76952338,26218406.556941926,27511280.810659487,29233626.331998739,682156.9617156384,533323.92214307724,3175711.3438985893,836786.78150948428,3135725.5114956717,6372937.7512148535,11342320.017973596,16247921.094351612,16939555.278722458,18969841.529637881
1619896.7992646156,835950.87755106937,543394.29553606827,903529.06524179631,605429.85107836802,913776.30812004535,1100318.4532656595,14306134.186022259,14328199.749539694,974135.27450633328,2176493.7938936879,794377.0846728317,2273546.2019083491,524367.88909717975,4536808.9861680064,111684.21851819531,1184850.472289368,1616770.6602976578,575559.48413446301,1942356.3000827567,1292518.2483325019,891055.99744379113,1093334.2616363079,8869206.2016452439,9020616.8066070788,11173686.693680814,26153107.595405489,27436487.296438497,29146184.22459643,677054.48417406634,529388.78736031009,3152284.7422471694,830708.76186873787,3112814.6574873873,6326148.6149648726,11265553.974831171,16135076.38413848,16821631.030273184,18837006.351037975
1607998.6021655533,829811.0456578742,539403.56648136862,897162.1901628623,600983.88209562586,907065.77693377587,1092239.0840889886,14290483.032747164,14312386.539554002,967002.78497393476,2160511.9710352193,788545.15894427453,2257234.4935082183,520651.11376232735,4504053.458416638,110870.28790448462,1182659.7886764091,1611411.1741280665,571335.06203707354,1928171.3609748662,1283032.4864306422,884517.24900761631,1085310.5194405597,8841691.4908206817,8991990.2331778686,11129249.658633759,26088074.55550367,27362028.414285138,29059167.636691526,672582.91605137952,525715.7737373861,3129920.0844473657,824690.05338648392,3090117.0082619311,6280638.0219209455,11190285.487302342,16024609.755068131,16706122.282954315,18707034.991200838
1601089.9245953471,824741.15674394195,535945.02190854994,891665.5750652079,596570.23093978711,900404.23692626029,1084217.7190574827,14274892.46767378,14296635.115749724,959896.62887488503,2144805.0440743342,782754.35704475385,2241731.6781806992,516743.69916102389,4472251.4874819163,110050.86079529506,1180468.1605697705,1606068.9670354992,567171.78065764252,1914042.0859804726,1273611.0972146415,878020.38735409407,1077339.1038934279,8814241.8033964708,8963436.7894784454,11085020.248702295,26023738.455716632,27290980.36740578,28980873.944282692,668179.02056312829,521779.75085868617,3108175.4541306696,818625.33161044691,3067445.6024693307,6235776.8887756327,11116059.90407691,15916402.829048265,16593607.071860483,18582028.163524546
1589342.0764094095,818683.62390261272,532008.85654584935,885114.31786411884,592187.73078893567,893790.22687972023,1076252.5564020877,14259303.873213848,14280886.832911789,952836.87241721409,2129050.3635226418,777001.7763136914,2225130.6805884787,512888.08225660003,4439201.4553077547,109240.33395595533,1178281.8026411021,1600754.9398010301,563005.03504720423,1899972.8751724167,1264248.2436868702,871566.91465331265,1069420.8892225369,8786856.0618902147,8934955.0646959785,11040952.859480433,25959207.038903177,27217141.385137502,28894634.907336053,663352.16426187416,517949.57373154152,3085574.8212253931,812605.32198178861,3044897.1207343973,6190185.9524018196,11041104.817430703,15805988.101989757,16478218.723562676,18452033.659199245
1577671.5331766603,812671.71260168008,528101.66764672427,878959.22373643587,587838.83791483054,887226.36322994018,1068348.6113469012,14243748.248293789,14265172.704188339,945835.79672057729,2113413.8921253565,771295.70864900923,2214426.7086439119,510307.24740782945,4414474.3366384711,108467.44588907396,1176107.6532189739,1595477.5696932185,558869.94185374549,1886015.3802246824,1254963.0027229614,865165.60755825753,1061566.530814288,8759541.9879290983,8906553.371599609,10997085.034480168,25894944.316870876,27143640.855326526,28808816.433859594,658382.18975920789,514245.11875872285,3062907.2391192513,806635.51324403915,3022529.0704753124,6144711.7677974822,10966483.01595924,15704247.319553332,16371540.943008626,18331205.121825047
1566081.9587521441,806702.73139927653,524223.25919497153,872517.96595114213,583521.43442063953,880710.18919632852,1060502.2829474215,14228224.041763203,14249491.149654258,938895.56598109973,2097893.0383692221,765630.70084190264,2199220.2801282783,506615.11878262897,4383168.7250890713,107672.39732303537,1173930.9060303979,1590221.2801389834,554765.97656123259,1872171.049864837,1245745.5667191157,858811.67866707384,1053770.1076541997,8732295.8370833658,8878227.4866817761,10953405.264293015,25830936.313261461,27070461.582361739,28723404.936949983,653690.93285214913,510518.18285223457,3040621.9956158977,800715.86333297519,3000342.5086167543,6099804.6345360642,10892625.708068971,15596710.124600405,16259103.097416885,18204558.716729935
1558345.9973482776,803184.1071086647,661389.68886688212,1112933.0932248367,597529.84254398767,900104.23273538053,1157748.3161409332,14248582.260547291,14269892.981511585,941074.8385238417,2330930.3440029891,767079.48378760915,2194479.9873822224,507069.78964407963,4597593.5040480765,108754.68352125718,1174127.1234500881,1610462.6432358078,597154.62106169283,1922208.4838996665,1241909.9924792591,860035.16219308996,1054987.1307132619,8708760.5603035353,8854605.4759034105,10930214.543071492,25827619.106000375,27061262.512529809,28705861.142785724,649698.47542839067,508663.54622782418,3028680.5486662453,799503.26433421788,3050492.637315474,6138065.6005014703,11309350.651808895,16309859.582899068,17157497.055624671,19496129.002958234
1547293.3801080461,797288.5633678271,605290.87821204192,1013099.3043291086,583440.58871840604,880347.16189804277,1069018.8842198518,14208456.608786033,14229610.90423301,934245.85865864821,2120551.711160609,761463.27287611179,2178693.7832148424,503511.78303911642,4417880.1002817517,107383.05629729833,1170601.9630916722,1587538.9076021451,558046.74063286139,1870405.848458176,1233194.8987727095,853848.41460460739,1047383.0091124012,8681801.2938818522,8826576.0821185932,10887058.880222723,25739586.448083989,26964187.509928297,28597134.77280933,645163.35960303561,505029.78680546489,3007460.8222927838,793959.7880170492,2990735.015933664,6056655.7799402671,10894437.037687389,15681792.443225786,16457516.098490229,18592504.560410663
1535926.9033539477,791432.64099411096,555082.00457050721,923027.71394093207,579157.70663651638,873883.96627410827,1061177.6498809338,14192978.887051696,14213977.823514977,927384.68762502598,2102894.7397579458,755874.6090148238,2162776.2766560433,499864.3865846431,4345820.2135469085,106596.72620379388,1168435.7076245139,1582311.4420923418,553949.19508403691,1856669.9126492101,1224144.1481526776,847581.25867346046,1039694.9545939156,8654773.335429281,8798484.9986934662,10843839.214512341,25676158.873549711,26891765.673864875,28512717.40571982,640621.47170013597,501423.95733539527,2985695.1892920951,788129.48918911931,2968771.8666335298,6012497.6677408004,10804567.026724191,15490091.38210894,16201493.81468457,18203381.825805489
1524639.7287033903,785618.45972482825,529478.6402388491,881572.79524797748,574900.66873017442,867461.96864458336,1053368.2211580125,14177524.206575686,14198368.896814724,920530.45164138509,2087431.964168512,750313.7445112532,2146577.6464631944,496038.19359993463,4313412.2852903213,105807.08486828844,1166269.8860272409,1577101.6138843601,549871.93138825032,1842978.8130290327,1215132.1999279417,841343.33615350944,1032044.0913773383,8627801.0894253906,8770456.7646748796,10800778.832770539,25612947.647449512,26819624.588967111,28428664.636884525,635644.64765678335,497609.71850346134,2963334.3268292295,782315.37962549261,2946885.518092338,5967824.2001926452,10731088.468760163,15368567.339364734,16041874.263944916,17994381.303539991
1513440.9682100723,779848.38326848077,525588.48688060232,875090.51752766781,570677.89696269715,861090.61593948572,1045627.4438066516,14162104.707008461,14182796.308069333,913765.88667573046,2072095.7539804899,744802.25781118625,2130917.3199673234,492443.42361015524,4281883.1316247247,105034.05052674658,1164112.2034426264,1571927.2269071916,545831.7457077927,1829437.9325550189,1206216.8239800697,835163.40106612106,1024463.6984189865,8600907.7418118082,8742515.7503796984,10757925.669566013,25550014.064810153,26747828.651648723,28345050.107821662,631272.88808818266,494061.25001294212,2942010.3040866125,776583.01167141111,2925250.6693269322,5924442.3013245203,10659126.47512476,15262695.956439398,15928214.812445385,17866373.680831514
1502325.3137505527,774121.01644078165,521728.09091417969,868661.54267696675,566485.60198954516,854765.39794114279,1037943.8928101939,14146716.218249125,14167255.853626687,907044.12410918681,2056873.7351608421,739328.67163546768,2115279.4603022924,488833.71707285475,4250453.0784663567,104262.10581894915,1161956.8097832596,1566775.8042973652,541821.52530645661,1815989.1534403362,1197342.3102620104,829022.73085373663,1016931.8829266944,8574073.9103858247,8714641.7320059203,10715246.271427652,25487319.400488812,26676336.898792081,28261827.369822368,626754.64019017329,490467.24126350117,2920558.633057971,770872.68972175429,2903746.7382580293,5881066.7370131453,10587366.827893509,15157143.665538361,15817774.437132586,17741696.545197189
1491290.4009673079,768435.44341764005,517896.04633118573,862277.44925636461,562324.77167504362,848487.33929108526,1030319.3997798371,14131359.5303762,14151748.316358313,900378.00828467088,2041764.7719558338,733898.17042397626,2099574.8013642984,485156.53027450247,4218973.7636224907,103491.49449787782,1159803.7623687258,1561648.0721562528,537841.43318132102,1802685.0268188408,1188547.6189823879,822933.24807946442,1009462.262186868,8547313.0457537584,8686848.4821939673,10672759.383759802,25424883.024970043,26605167.813992858,28179012.584175363,621786.09464629099,486706.2185650774,2898543.81968521,765236.34647854092,2882478.6849025586,5837366.9923365228,10515478.527209323,15051430.804897852,15707209.391812727,17616996.995980565
1480372.0788907539,762791.4245741819,518593.6823890364,860257.31408191915,558207.35308657552,842268.31992947997,1022972.440235117,14116092.497756764,14136331.541842559,894625.55059259047,2030308.0591491398,728550.64260049118,2103077.9213695265,486439.97339805891,4223565.4748765053,103801.84566932898,1158521.5723936481,1561263.3534946565,534639.00857648184,1791633.7996906694,1179821.3278394814,817248.11521779757,1002414.9482776033,8520713.8089437913,8659224.532746736,10630592.781549839,25362890.276456133,26534506.359913055,28096826.520326581,618224.16883493389,485531.63219067256,2887090.3055305164,760650.62230268249,2865381.4754467742,5808653.6186695416,10470985.618031206,15010822.525136909,15666871.202848859,17568359.029856753
1469501.7436792264,757189.78390667902,514785.94632396981,853950.30172918702,554107.47284560348,836082.28103525576,1015460.3560277077,14100797.723252304,14120888.178353697,888061.61502797098,2015402.6171507288,723198.27629966591,2088011.9030843342,483041.41225202172,4193116.9385798988,103051.39655641722,1156308.7235847318,1556099.935030889,530714.68032911757,1778485.3362257881,1171151.0832675328,811243.88119555905,995050.41475829855,8494086.7201239187,8631580.1169071924,10588507.361962309,25301008.724458296,26464020.783954084,28014868.783331633,613607.7721584487,482088.88169122441,2866009.3719753623,755077.87444710988,2844361.9236852797,5766140.5460961945,10400541.329984272,14907607.103470027,15558838.51652522,17446372.962614268
1458708.3924160122,751628.66912085318,511004.95190026739,848291.84780394495,550037.99540868017,829941.91917176638,1008001.7937654338,14085533.041999646,14105475.94642452,881656.74936416058,2000599.7775272343,717887.78304498503,2084161.3390221645,480306.98995453899,4174843.3734450154,102314.22920293505,1154172.306656851,1551053.0320472133,526816.9308485206,1765565.6496141178,1162554.2512680057,805288.44850496412,987745.42797989072,8467530.8933663256,8604014.5962446965,10546570.616374563,25239314.755687516,26393785.208642714,27933242.422195941,612864.82496189431,480190.11273661407,2854110.2803005762,750191.81001098582,2824286.6564329956,5733784.5356656685,10340576.887396213,14827064.305679847,15473512.633730195,17347801.164045557
1448001.6189650963,746110.65123705473,507253.04315714637,842130.39420168183,546010.61864217871,823859.12619574461,1000872.3799577204,14070370.820358755,14090167.280661758,876632.73455453012,1986143.7478772597,712645.8741958834,2071725.6437522999,476957.99477294483,4147241.5139421844,101568.09417211596,1152050.3374556256,1546244.1567845305,524206.87991658709,1756300.7991645262,1154178.2910765233,799674.74485328165,980806.70858100033,8441161.7151330151,8576643.3861360941,10504964.230114527,25178087.351845842,26324081.638077229,27852239.103512861,610286.73782924167,477304.31673461065,2840447.3818838387,746447.52685714047,2809295.4648947874,5704734.7764070574,10284514.128331112,14741111.078091068,15382812.81790112,17243405.523403324
1437596.5466826928,740633.74183019821,503528.40572575689,835952.63568433735,542004.29404464876,817812.69909043913,993533.22284546669,14055170.681024099,14074821.780908193,870273.19417023438,1971567.1868050757,707423.81083689095,2057293.2124944641,473613.89542509697,4117732.1191955595,100829.17383092096,1149920.2417464429,1541221.8535410867,520366.88231214986,1743495.0095902139,1145734.9404308938,793823.89813938423,973628.13188989274,8414753.8302348983,8549241.0728043709,10463413.119409362,25116910.243671145,26254506.038182072,27771669.843325004,607815.35519598424,474351.82751335006,2822298.717352909,741034.05114382785,2788826.5147716245,5665713.3506769519,10218203.343968749,14643019.19051229,15280008.95828395,17126945.203523908
1427026.793780617,735190.62991399772,499829.18322584324,829841.99857276503,538020.28457387025,811802.65629744355,986227.32292977953,14039995.13232952,14059501.972941786,863839.41450383805,1957078.4105470069,702217.08689241728,2041968.0332368645,469957.59972392966,4087088.4803534113,100081.42417304873,1147788.6012545621,1536213.3215046942,516539.64378231397,1730654.012567752,1137280.759563742,787973.83135607745,966454.91179832316,8388382.7724335752,8521881.7144180592,10422166.938524351,25056143.341262966,26185379.964806642,27691389.561492816,601724.08394070191,470454.93173255102,2799450.9536179169,735592.74783146195,2768308.3298617308,5621946.4344303245,10147301.911010727,14539218.627948012,15171528.951797185,17004928.588237163
1416545.4525151441,729790.9872530679,496157.94945544132,823745.93987385265,534067.44806950283,805839.00932257366,978979.71709357214,14024849.286506109,14044212.862007523,857463.25271122868,1942700.7274731235,697054.54257645085,2026680.5116583083,466431.14362359792,4056702.0002855742,99344.752800389178,1145663.1009567585,1531234.4493696031,512743.05887361016,1717907.7373471139,1128912.4202510042,782176.71059987089,959345.9591219424,8362087.8748664465,8494606.1353754234,10380929.746882448,24995397.881639127,26116340.812901843,27611288.983194601,596945.96009534062,466940.96059443109,2778464.381096201,730180.86513496982,2747931.3460701415,5580184.9085285235,10078603.451096354,14437894.890149014,15065561.005638348,16885494.212460209
1406142.0035445606,724431.24551574187,492514.07994663756,817695.13160490606,530145.27964079776,799920.89747493493,971790.41525823716,14009734.962068891,14028956.326896826,851167.63181938522,1928432.9092943147,691935.53985546937,2011980.131355576,463029.46892004099,4027115.9857270648,98614.285489185131,1143541.7022760697,1526280.3082837583,508976.54081996938,1705291.5175344488,1120617.5764874765,776431.28374157578,952299.11579732527,8335865.7205952499,8467410.7021090165,10339881.012204153,24934904.543890543,26047615.10007548,27531584.028274257,593061.27327080979,463642.54469737539,2758709.8259118949,724814.27826516295,2727746.1423300039,5539850.0958460374,10011522.536438007,14339005.694054548,14962062.125254527,16768628.316638198
1395813.6640011845,719150.54515202204,488896.90223148227,811687.38401038561,526250.92540167773,794045.18538465572,964651.44818430906,13994649.351920396,14013729.547390187,844914.67949451087,1914269.4450544564,686851.33060146368,1996969.0953312791,459584.80109278299,3997259.491622868,97888.761933272137,1141424.0574459883,1521351.4561761518,505238.42521604092,1692765.46598966,1112382.5023746677,770726.51672461594,945302.21778028714,8309709.9651976908,8440288.7183957957,10299007.468515677,24874646.820654102,25979224.988707297,27452293.988278907,588197.63678798848,460091.54710202076,2737756.3805673462,719482.99502086954,2707702.8596923794,5498461.2331527909,9943572.5560628977,14238993.252843171,14857473.775530467,16650769.548160212
1385569.5010698729,713880.83275440417,485306.64214818005,805731.7261887372,522410.42903130502,788242.7766067551,957569.11731325975,13979601.936182037,13998542.013434133,838701.40080914274,1900212.0153602124,681810.62146088795,1982650.1820193902,456370.20582067996,3968418.2532232795,97178.52312669011,1139314.4390551064,1516453.9752356701,501527.56412421179,1680325.2269161057,1104322.27352968,765068.59663883154,938369.66407278506,8283653.7016660385,8413277.4763928,10258389.015413601,24814714.302714311,25911192.170604873,27373455.829604868,584686.27982857998,457061.35688503238,2718918.4294626634,714210.85247473815,2687820.7850397089,5459351.9756645085,9878094.99584697,14142484.797713488,14756423.404187977,16536554.962850802
1377068.3153962304,709210.86167448666,482241.36147735897,801174.45829586976,518600.82500428567,782486.55078606121,952233.64454939042,13965148.816249529,13983949.787968772,832620.43726931931,1888333.11757317,676803.93833253474,1969475.4432675955,453831.81357543718,3944553.4184354283,96736.287860023789,1137392.4207153958,1513167.5729312459,498371.31050856865,1669584.1177610655,1096215.4579846228,759452.31632720551,931480.84839135676,8257635.8497135779,8386307.6677233763,10217868.925546257,24755685.033904985,25845434.433720965,27298763.582203597,580882.75953535759,453905.88219316152,2702990.8950824696,711424.79754558636,2673799.1004833388,5429533.6714983964,9828697.5612809062,14067297.276187604,14677330.116345573,16446216.869617295
1369590.7371633181,704330.4339031342,481057.86718173523,798109.89348635031,514792.69695703837,776740.44614931417,945517.93707667443,13950220.805233067,13968883.706891594,826507.37143737765,1879575.4433514888,671859.63958864636,1955257.2473708226,450648.84642078885,3921441.6882721512,96037.539705578645,1135291.6503154358,1508559.4443258289,494819.64390879107,1657470.8355868463,1088362.0951512035,753873.66719394329,924638.61652481963,8231733.1648995439,8359459.9727077838,10177596.312734563,24696278.828505527,25778428.363811258,27223719.859993238,577849.36169209401,450950.73604796687,2685156.8360927356,706269.31330746249,2654641.3484499888,5392228.4633879308,9775911.1526513025,13990856.189995268,14599222.372179929,16359272.130416438
1359536.0181055982,699158.11151408835,477525.31728438928,792253.07939127064,511012.23172103695,771036.24609582091,938574.9479259043,13935250.434307145,13953776.274704186,820446.91999513691,1865776.1828826657,666925.98155099608,1940708.609055392,447281.72328337649,3892403.5939858584,95328.854840323329,1133188.7949503257,1503715.9170062058,491186.37924842158,1645308.8835392075,1080385.0357857202,748335.80669713963,917846.55006591626,8205851.5873282682,8332640.3811072065,10137424.946378922,24636962.306718677,25711164.809253383,27145845.638737652,573847.01771444234,447799.42174874042,2665911.6676218808,701091.94682662771,2635166.2106906548,5353123.1334440857,9710852.6185432691,13894604.096302632,14498502.69784946,16245631.210706607
1350315.0235659932,695386.09983211057,474753.16114317602,807043.64696309972,509515.49433418928,768284.48726015538,934952.24834832666,13922151.680369163,13940551.405718582,964488.43215862219,1865302.0238944257,666485.19542254112,2109525.5566349109,557469.4033585703,4365622.3714709086,126883.2193830913,1155521.861627857,1655045.5053224189,579715.56711889128,1960409.6381395094,1076003.5248341968,751745.82926185289,921303.19553595979,8183538.2711767657,8310003.6206410509,10107881.443872401,24590894.92998971,25659120.565666635,27084177.125690289,578184.57883414254,510280.33555975673,3071865.3482017522,849491.39089989767,3172067.1946324636,6317603.6808365872,10917667.801480027,15573415.622931629,16173863.016849358,17932129.812448271
1340775.7174737107,690542.80967559328,471437.22134005302,792311.77733114455,506550.32967864955,763729.90569665795,930167.77184707916,13908100.80633205,13926365.416802838,858391.59000494354,1861488.5202941464,662999.00140499731,1957559.3817153864,498990.20039412513,3999864.4422001163,114493.85981683808,1145579.7723954965,1599477.4278756445,540644.51482854178,1776963.7804333437,1071560.6797671246,752671.52592221799,921812.20784594712,8160530.4908577334,8286381.7304986501,10072636.010416416,24537482.679424237,25598233.810844447,27013216.20347036,571489.65572185023,453796.68438248633,2790031.298659381,755974.73484736448,2861237.5334996604,5717350.4425023515,10175452.674232204,14463514.221920466,15059926.962892858,16797036.627324209
1331019.993071489,685497.01465378155,467974.71945845976,786497.70411885541,502832.04566014709,758122.95865298749,923341.65438982635,13893207.08944335,13911337.627940061,831563.59432868985,1847828.0245744081,658137.70017495763,1943945.9477451374,455988.37567779416,3911325.9841157463,103155.75863277556,1136348.1454302887,1549162.3424423737,499313.73708708293,1671172.5729234049,1063713.5906324685,747168.8541800885,915069.98467557027,8134877.9467697861,8259805.3894580845,10033056.682873124,24478952.645236567,25531939.141281366,26936620.827087127,569680.89295104111,451665.31192311016,2685840.46575181,710566.54643226881,2676513.2491533351,5421596.2470160918,9808400.9383490365,14005807.466213966,14597839.858830903,16322196.961022472
1321380.7912264653,680462.91922259936,464537.74506644445,780714.25999904855,499138.12849680829,752554.0758433172,916558.12139352795,13878338.154511902,13896335.537128342,825540.6639340379,1834255.3818176414,653300.55557718838,1934782.6365085403,453109.83272731822,3888507.1845902745,97116.963447515562,1129174.5994110855,1507131.4032719438,495645.09736391815,1659017.2336482503,1055898.2747612922,741674.5045500464,908341.85347745824,8109276.2699306523,8233286.1195760807,9993510.5658816155,24420478.614119567,25465732.199920878,26860233.709928349,576825.09455207724,451095.58962979476,2694608.0741382777,706951.88566382648,2658579.8356845621,5406664.5518442187,9730596.1818817109,13903082.80587312,14490767.106405107,16202452.384975193
1311676.9177251121,675465.05919115595,461126.56602957856,774972.20091469272,495472.31958387379,747027.13522044534,909827.05043257098,13863498.621075135,13881363.823826693,819432.73945276847,1820782.1419088433,648501.57223023195,1920868.773788888,449763.25102016784,3860205.0503227082,96397.637763313614,1126357.2219193985,1501524.2998131108,491996.13407264976,1646786.1903508217,1048154.4393274592,736224.30044706748,901667.35863284429,8083745.5444191862,8206844.5665015401,9954140.4415321629,24362239.623021349,25399816.308520935,26784076.946713183,570506.46397954097,448814.26768411009,2674580.9657798801,701816.25765018282,2639060.6926527419,5366725.230731789,9664358.0281671584,13806457.173595298,14389849.669175843,16088956.129200181
1302042.6601205212,670528.00099195167,457739.68422645284,769283.96846228128,491833.44382579345,741540.80200370611,903142.65339885605,13848688.572686443,13866422.670997344,813433.302333756,1807405.6642311753,643739.56502063805,1907317.1528898671,446621.27471325838,3832574.7765167467,95694.226652113342,1124273.9264604335,1496687.7476290974,488382.85005751607,1634711.3265794858,1040462.4264032688,730815.69046061416,895043.7467864214,8058280.2859232072,8180475.3434996856,9915074.424999062,24304415.96477158,25334396.15169039,26708489.46109286,566608.35742585105,445808.19879548473,2655594.6232800912,696680.18740591046,2619717.0915526091,5328005.4713360872,9600262.2507838011,13712660.825970044,14291768.515647624,15978437.445379416
1292591.0800275181,666054.46127563342,454378.12877888029,763997.11343886098,488225.59585098596,736099.14683384437,896512.85930164938,13833907.447340792,13851511.305080587,807482.47798174433,1794135.47042144,639013.79716978071,1893273.7945052674,443114.82732040418,3804185.4273619992,94985.773793845743,1122190.2831126398,1491869.3819044188,484796.93920641026,1622729.0795390545,1032827.4857286039,725449.7838503673,888471.97242518794,8032882.1919568991,8154179.905751653,9876336.1759981625,24247070.899447396,25270030.208976272,26634154.977020908,558911.76358343347,441349.08706036722,2631155.8660094747,691529.40081017383,2600466.36826071,5283929.0161752924,9531123.2152417768,13613078.237567581,14187933.029677514,15862725.897785323
1283546.4162791369,661417.42210012185,451070.70154290472,759469.64060958941,484639.10650925257,730692.12949944614,889927.04103725345,13819151.823500149,13836626.39015309,801550.18022329081,1780955.6651369228,634317.84810861014,1879814.3007768141,439787.03165694652,3776814.1556252176,94284.236712145706,1120110.9398007558,1487072.0305028528,481235.20958433097,1610807.3972545392,1025231.7207326372,720117.07153922378,881941.14402661286,8007544.1140803248,8127950.8161674524,9837459.3952865545,24189498.289898876,25205199.326249272,26559754.077135976,554793.81437645049,438089.49548174121,2612574.7026967718,686459.11354152393,2581371.5715636672,5245868.8219351256,9468025.6687099412,13520709.805995496,14091566.366444455,15756376.900366142
1274245.8347165759,656560.15771150053,447797.93231842498,756060.35292528966,481079.2521811889,725325.20886590052,883388.29658493819,13804423.944865402,13821770.179078363,795694.25121000898,1767873.3724255797,629657.15694264357,1871384.8654666014,437144.92157199758,3755770.2566072484,93631.757134497733,1118047.2387286699,1482313.5549663398,477699.39604669635,1599318.9198009972,1017697.8824373671,714824.56528314087,875459.84275082196,7982274.0766021274,8101796.4452158827,9798748.0244649407,24132145.579246737,25140395.754085585,26485128.435830057,553412.81330266246,436308.28516709193,2600401.2148519298,682482.14441612596,2563879.9864821946,5215824.4409146057,9413201.1813800838,13442931.632226886,14009848.329029469,15668117.062851453
1264892.5272732479,651776.43083720014,444509.29117990163,750514.49315376114,477546.03441925492,719998.21722943359,876900.46389528643,13789724.760213412,13806943.601259802,789885.36192808184,1754890.9230261648,625032.34177534422,1858318.1968539767,433990.61403591774,3728926.276594704,92948.752690095091,1115983.5801510299,1477713.8728353838,474191.90302840981,1587934.8700551789,1010224.9867767794,709576.62499736995,869032.09991579491,7957073.0058733318,8075717.5523836967,9760205.8984571826,24075019.391472094,25075902.983665012,26410764.69456419,550171.05355436192,433545.66367348295,2583856.1677056653,678734.79415120382,2546754.4071584414,5181800.540908955,9354742.3685420137,13355616.849800643,13918370.051875724,15564560.82662872
1256318.5057839465,647736.13189072965,443234.40752216632,764952.35338212037,476897.92818580248,718742.01631051127,878260.15970455378,13778582.046966556,13795730.439272994,791481.93087165698,1756114.2820218818,623437.71606766467,2030912.884897989,480552.57564456883,4007311.1813573269,97909.50115137652,1116773.8602741684,1480686.2778800144,474207.82414988516,1591004.2289028759,1007682.3498690291,707740.80992491927,866623.71389580122,7934194.3095991975,8052437.6770410854,9731344.6938501447,24032272.532443695,25026732.877937209,26352511.340148836,682935.62804098357,497744.87576300761,3013659.2105717189,715321.66892063979,2586655.6831519804,5651468.3095481843,9831527.9945073128,14110867.136590095,14672570.616086431,16331822.513762672
1247496.1439135778,643148.89573115017,440056.86745868955,751991.1386729955,473395.88594720815,713463.33060768573,871813.61293503863,13763922.786017831,13780945.231939564,791835.83687115507,1744565.5879896525,618863.22511061549,1964258.160904672,458707.24418940174,3867410.0224210671,95912.410405573042,1113970.3592579346,1477518.3894546665,471795.77723298653,1588058.7378418937,1000392.4261658747,702687.88353766012,860405.10968711553,7909196.5580134392,8026571.7550892057,9693153.072504038,23975586.026019275,24962944.923462033,26279390.895280894,803193.94931310532,547946.71887781832,3351491.1153564649,709735.70543272549,2577427.8328890759,5980092.9581946367,10141337.487457417,14279024.754294967,14836802.265461219,16476957.920316547
1238796.4743239537,639165.33571189945,439944.69852884091,749041.7079133545,476232.43392679427,716957.91298098268,876864.22702415695,13755043.97753494,13771964.226214364,789344.91347338888,1752297.0054946253,620775.52612327365,1895485.8704001815,442427.22392663819,3784517.1741427174,95506.867349665103,1112744.3647812535,1484983.1499164163,472847.11281996436,1586299.1323960039,1001298.1659755092,702214.66198303469,860145.08592577558,7887867.174173018,8005925.7158716628,9692015.4442524984,23962954.595621821,24944166.311856177,26251518.796689872,738174.23672409367,509389.8106646153,3115229.7284800936,689055.42133566609,2557702.1677920781,5728834.3546384936,9917740.0992255267,13972182.279464062,14529098.331751075,16160212.441279618
1234286.4775927868,639214.80569533398,443453.14591027389,762357.17726700683,474137.34317612112,714336.79352074245,874489.30902659544,13743111.21757918,13760020.345954932,783595.39276274003,1745672.6925674458,617798.47350424866,1884397.2803484122,439639.74455544009,3766954.9593814118,93972.690892626517,1110261.0862767263,1473821.5053013214,469380.48834793532,1574714.2689450092,996570.76266531891,698275.98410064436,855457.11903512455,7864037.9681996247,7981664.4261579439,9655164.7120522391,23913724.944033694,24894055.40410931,26196665.988519557,641570.76508083614,447838.03946778813,2746802.7488532532,684031.25282367272,2538452.2539762221,5336918.2930287216,9496572.2967904806,13534940.615022462,14097344.979451096,15775082.983051773
1238345.4669145078,646929.64207952027,487607.83463639492,996587.8435289904,506578.68921146338,759581.34665939189,978110.50823794689,13776744.067377597,13793938.757340277,1005517.6217649223,2019931.1219351466,658027.11061143747,2475172.9827147662,640234.11348280404,5109684.4943433581,138454.9838613093,1139238.9881411009,1663051.003806981,619764.67760097363,2065574.9489813342,1061221.2526031302,807166.43105890893,977511.24836138915,7890161.4425360169,8012625.3552336125,9745581.3893336523,24042006.234894436,25030177.754590228,26336712.512302943,701889.53473270556,559463.00116135343,3422500.8292191322,935513.67218385322,3382374.417730154,6882214.3622480119,11791301.831332831,17215457.536150496,17837927.088738479,19843790.19599133
1826007.6940628281,1078291.7776945708,800447.78693193709,1619462.1403817635,832414.18238097255,1264010.5472635378,1672522.0748541567,14160352.840005398,14191299.814115621,1408831.5437803394,3283174.5635596029,1029995.12206969,3714179.9871208072,981890.56045862695,7941254.3465896612,211182.08089593516,1185835.7723554135,1955426.1239240023,884615.15785960597,2915174.0228068577,1825780.0013159656,1219022.0203005744,1487155.2216509304,8194922.2788013853,8399686.6987897027,11413490.339670109,26423754.261660688,27957782.810122699,29869892.489726376,1293180.3302899282,926433.61804620945,5551397.3143715262,1381286.2205746714,4827142.2885739626,10485037.71747181,17720045.810140256,26176129.046846639,27176740.150752086,30262319.16134752
1649399.9868035095,970518.43058142229,723785.01334900549,1468998.6971896945,744569.46316142904,1132577.6664881532,1501489.4991208443,14053661.297328299,14081554.204854162,1249176.469092662,2948864.7515698853,919629.46742513485,3383170.784313859,905417.77019634785,7236325.9196698703,193602.33956589701,1172625.4445821049,1872694.9236090346,791219.74865860865,2597128.3003752311,1641840.2014356663,1093327.0277865909,1333638.7101397079,8091419.1551367147,8275238.3462483166,10986431.936180249,25808592.112192821,27191974.581145603,28919136.039157987,1208308.5239575296,859110.03843503247,5092671.7709649969,1246429.0091874544,4319654.1618009657,9508398.305924587,16139507.083544215,23841941.119752135,24746848.938564077,27537101.178817544
1488701.6063536166,871944.67297878757,653808.98707719345,1321058.4107987816,663704.38456271333,1012064.1753792306,1341049.8086971084,13954059.217328927,13979177.747548603,1099180.8900372165,2639931.7075080983,817417.78076283517,3020191.2681415449,812971.72864009172,6492955.0024485318,174268.19419930878,1158579.9460860349,1792069.5451534181,704688.90585090406,2300785.1186257545,1466069.8626701829,975911.70507703722,1190513.7234181263,7991835.2788992608,8156511.101798973,10589903.947719919,25238780.392066609,26485441.953774661,28044522.810061272,1088844.4937785757,773630.45245979272,4582525.4534359463,1113935.5449860359,3840708.4053733791,8509536.7793899663,14577922.14656396,21492770.808298226,22310560.041610427,24822054.229179073
1345614.8281770628,783686.46377328516,591243.97065786237,1190264.8463716691,591292.82820966153,904124.07275579055,1197661.1153346219,13863678.429965874,13886317.939062871,959886.84923011565,2362788.5294562429,726124.77476001426,2675955.5178640774,723555.9874686657,5800483.0087698223,156444.4349703133,1145470.6984203984,1718454.1070140589,625964.8952323579,2028117.087739673,1308252.1066577714,870029.77577649348,1061562.1877647941,7899665.2965875445,8047158.6536704311,10231711.71141845,24724740.851474464,25857162.745323047,27271986.662410595,972472.92812070018,688564.30993799726,4080545.9482554547,989111.57993545942,3397852.3968745372,7555849.254162265,13117329.756460035,19300067.149384826,20040015.115477163,22304151.373911008
1267773.1639174842,705463.52392678405,535290.92411711509,1073197.8612010716,526390.76473679824,807465.05637209013,1068837.6667351131,13781433.875338554,13801861.771259788,839235.79489909706,2114812.7380064256,647525.38872843026,2407841.7467181655,641539.78007923125,5218944.9443003917,140473.83587835421,1133938.6706006709,1656068.726506185,556747.10902521154,1794486.3380575906,1165750.1976486458,775350.19853612897,946222.56119429891,7814182.0211801454,7946261.6049574856,9910911.9270040151,24263745.150609508,25315382.420878388,26651856.414945491,854646.09106043633,609523.66500693723,3698152.3838640512,891387.1454679108,3028003.8458490851,6796504.3196260817,11913728.106382603,17479460.767971303,18150256.385524333,20195754.924553655
1259010.819759171,665898.4688817024,490435.38003118028,1048996.4568752705,497982.75662987831,757574.67005947127,970153.07785407826,13723177.900440047,13742473.451772057,987836.99427794723,1990901.255053503,644808.02257587051,2886581.3554120134,749010.73002913559,5901319.978307534,157979.20523469662,1143646.3111480654,1718892.6803860934,606703.82874443789,2070600.1882453619,1086580.7153887753,739960.74255344609,904537.27555748238,7762996.3505502343,7886367.4816589328,9762426.1185822412,24026029.096183322,25036290.136871468,26363717.578637954,948239.45884629013,703824.21845581045,4331334.0514650028,1127102.9696853876,3589830.7424530317,8003944.3235806907,13082747.180353114,19305924.581343215,19921028.216396835,21894560.401417084
1249770.4523270931,661010.86359121208,462098.9907346979,996615.4755770585,494537.35599939158,746078.24092894758,923910.0374417128,13687264.129431941,13705088.027344039,975558.79521817586,1912812.2233035858,640733.47382127715,2719068.7211380689,756782.89247324097,5767068.1490157982,171204.85064767313,1155798.3694122233,1816240.5336616146,641142.21009910211,2100347.856664795,1049835.3679746091,738581.41733073932,902744.54560754949,7732671.7178647537,7855331.4248116044,9612035.244823724,23834425.57839971,24837269.946368329,26154954.530849822,887575.09430972696,682231.40803637495,4135869.3061193652,1051196.3756840343,3557469.1760735689,7782590.1038242448,12921150.433214262,18990218.598767966,19574631.998484645,21489644.482559532
1240589.3581462805,656155.40717877087,585317.66998532205,1023493.0918607515,494014.02118101798,744862.19278778054,929169.72967772442,13677272.589967852,13694965.572638869,856056.55013905768,2000147.0583178888,639455.1650252823,2440355.1616613204,684103.05367832293,5327985.5038381787,155504.87787919911,1143715.1011573735,1746794.0944503045,586273.46463472059,1875136.2438053028,1044114.1328061623,735062.98298807885,898359.81430858886,7709538.6309704119,7831502.0424342975,9574583.8954214919,23783053.808898158,24778532.044820588,26086536.730835747,794838.89895576495,615130.61025469564,3719407.0902936002,939713.62817767728,3181356.9987106635,6981159.188422435,12094146.320927501,17765395.660615891,18482964.61210059,20467110.263716213
1231487.5221897254,651341.35828877881,531142.48512667557,929715.39139297965,490403.47807054105,739410.91611006018,922414.66718781984,13662640.403353747,13680203.518242517,846966.09402397589,1865787.8580351407,634810.18265174271,2209927.6559175877,621625.10439390829,4830414.5152901402,140770.91389353311,1132211.8601846998,1680362.2961076321,521944.08224073681,1754950.5825454763,1036629.8034376332,729781.5734138462,891888.71751637885,7685471.8668142855,7806541.2125566471,9536876.7869851775,23726815.263115484,24715010.168472357,26013417.99476425,704106.80620485451,549863.62932258949,3317351.2892763503,837721.02776475914,2921698.5170704117,6312739.2263504965,11108515.535674151,16252060.661738424,16906444.118826527,18757771.910470258
1222435.9834825201,646554.0317328478,482718.46544938983,842449.15601760941,486789.62020085909,733966.72658781044,915593.81593614386,13647997.999878936,13665432.069297882,840993.46144513052,1852076.5642490985,630118.27314239461,2049935.2724000947,552088.62755815359,4413540.5097580915,126533.70861694355,1121130.7192905743,1618791.2839273007,505241.14401244163,1695424.2841727179,1029321.4465728487,724972.54576655221,885883.57157357747,7661603.6803324306,7781783.0285836002,9499377.2721234933,23670799.608936097,24651732.991018534,25940597.758989356,635350.71871482185,498188.69450743333,2970752.6908468511,747815.22354385618,2745736.0425787945,5782808.561726395,10389725.149303144,15091951.327605797,15697005.630323639,17454299.678579502
1214525.3347336135,642738.74516048864,467720.10507290548,804197.22673514148,483211.87739991554,728573.13959812163,908858.47640730627,13633458.206967231,13650813.760805625,839876.771612896,1838973.172159848,625537.76832307712,2021655.7165125327,485090.14948609594,4152957.4577959124,115738.66733977273,1114587.3253965299,1593433.2564666257,534932.63732643693,1737105.252576632,1184649.1605724993,723543.91696753376,883996.23751396558,7680065.3676569723,7799555.9356775591,9504790.3422167953,23658556.500157166,24633424.101672031,25913890.340144247,606893.07394008641,478620.84398217022,2848042.5352460798,737702.23174846126,2776816.7181493961,5684921.549596726,10164564.683360826,14604105.26618387,15193262.590529853,16905601.474426314
1206101.7412145163,639685.61885348731,505126.66088505683,832841.52239905414,598880.1061239423,881952.04149978061,1177378.0663610839,13735137.412452901,13752383.183273232,877788.42490472051,2217096.8063436043,729543.97525662719,2012956.7391000043,476693.14731286268,4148885.9076839699,114563.52494918341,1113775.6505279834,1606678.7263952207,607488.34329345671,1886817.9780861703,1223857.5395261594,757105.21909912152,933641.40945804783,7683278.8016788056,7832038.029672551,9949385.3899629842,24203558.529114734,25172964.227495186,26444526.453567393,603724.43190213828,474734.12788169662,2838342.2539030076,796527.06249771884,3002296.4859104697,5899968.5639344938,10832769.061652334,15272374.292986594,15898604.358900985,17637192.92997849
1197234.3439716764,634983.7649818667,480205.72391190688,1015901.0225490822,628197.93119458307,910151.62810600165,1216694.4276529108,13736322.823073568,13753441.96500979,901226.8108315072,2632531.0416559535,809323.99724492501,2145170.0455490486,502371.27141373593,4651678.2956806282,125084.22976375345,1119680.6324191925,1658232.6431614233,680474.03649426752,1997987.0325161503,1641521.1213815811,1136338.9488535321,1361455.6311598695,7878522.6793466024,8040721.9942168472,10130019.368799141,24381677.581284337,25343959.076137971,26606173.052050389,596412.623577727,474806.44506002316,2866763.2404005681,802623.00415931095,3138112.5123966667,6065074.3176702475,11731823.422082098,16689902.150342306,17290602.239572369,19210556.274184238
1188448.051132947,630325.2847503135,470245.46745533735,944679.9174444105,559949.83335387951,813498.54302720178,1089411.1541917985,13668933.640354646,13685927.129651928,853604.6601082813,2405157.7629498919,719665.11331470334,2029256.6508562814,480374.00348271581,4398177.5605515605,116264.95012309091,1112304.461480137,1617188.1889928475,609723.29010502354,1839043.3496241986,1476205.9694647284,1020077.1467692534,1221547.1999328502,7783336.0243981229,7928717.5552081,9806870.6161345989,23987377.817793757,24942597.62463006,26195548.156658154,607944.49552109384,477863.96953697765,2848543.1550858063,748427.52234766132,2895013.9549302161,5800488.302435291,11131067.564833928,15819773.940718342,16410196.035249136,18253493.208398823
1179722.4412315979,625697.14806664595,466793.38491775451,856057.15885418782,498576.34919267334,747459.17370830057,974715.01809134788,13612241.480585771,13629110.176547663,847543.19357597223,2160081.0566294519,644312.64254378155,2019928.7237100194,479816.07245372236,4217643.0795741854,105446.74239622307,1103078.935679337,1564417.7440076654,544294.99352646468,1749387.1179628856,1318799.9169936921,911434.53939946427,1091297.1502365272,7691896.9556688555,7822104.1508369157,9564717.5257747993,23684775.870449793,24632981.388717901,25876732.588203561,606882.38540290564,481603.6053285572,2840481.1353132767,743287.58846554102,2797966.4836966339,5694961.1834547538,10610809.744420748,15116848.825626945,15702996.78825107,17451073.861027427
1171509.7406867607,622349.80609084084,465655.72516516037,819012.90796735627,523899.5632456239,776010.38851506088,1001320.7209503312,13621494.877111904,13638274.03152566,841202.12982220063,2021681.8776650277,715072.54378166597,1999614.8012314937,473928.92881505127,4059342.0521503361,102556.18906212256,1096239.194707511,1517848.8942476944,521214.98781846778,1717417.9624902867,1621210.6486802946,902640.29496175563,1094195.6655954828,7750926.3982551219,7892555.484710156,9728490.7815217562,23856298.238022842,24799315.709197439,26034393.516855817,585362.23925855057,467679.85238556331,2790048.9961089143,737731.48526602809,2758209.1371037061,5604386.9433394326,10236465.436372414,14582861.232513372,15167176.540094081,16873922.797665689
1332934.1559228613,935480.87467291823,791807.37301774521,1325529.8338699311,1019067.9642481642,1474704.986531338,2236605.3983885497,14184128.921043297,14209948.403752306,2146615.7418067898,4463517.6127564348,1246330.7689870733,3313214.3699785247,806182.85388000461,7264694.3374664616,217865.53569098943,1181221.8861132152,2110670.9655348011,1270371.7143108556,4332338.517970657,2687826.9919664869,1439760.4814847065,1749848.9894751641,8172309.0318284733,8399384.1478691306,11443757.328175461,26381885.13568275,27754045.234100722,29191535.75068434,752727.79403145856,714064.48382249195,4329525.1961541269,1773201.7962028272,6774980.4824638255,11220205.703026647,20245455.160834268,28010255.274553761,28959647.683929622,31614481.165614121
3531794.3176843245,2201371.2034508521,1402503.2930234417,2006500.7781222432,2054982.8374635493,2989483.4663164192,4226778.5486834589,15281521.058126381,15333229.723877331,3338271.8031478985,7495083.0033567687,2538616.8758156016,3836396.6137782726,914045.03107983188,8559370.2535633724,251966.14918409995,1202558.7041359721,2246980.7262112321,1922390.9057375551,6509547.0614232793,5102977.6263278555,2723904.8516180394,3324598.6550051309,9177429.9829882327,9635127.548356548,16120372.761152694,32978603.606584541,36146347.613001622,39903696.181435905,1382075.367698736,1057087.9251168319,6435953.422141647,2451731.4182028677,9813320.9770550784,16376573.323385598,29120982.595274709,38484988.057713822,40138838.757508397,44780486.818003908
19714753.277805373,10096323.015406158,4966718.2277161861,3495976.6387549578,4789805.032156215,7197856.1471190443,10944334.371637043,18825943.178482391,18937581.01453938,3386043.6215472533,14541140.426946718,4682626.0337495347,3698157.6350411978,881828.11755728943,9987836.6928739622,243312.84297346461,1192589.7262495763,2234810.421210682,2084960.484638077,6657443.0520620998,11428783.925964493,3456196.7097970168,4407019.1251209835,11068517.048638625,12110196.365192914,30719257.143717866,54470468.891741641,69289758.586895257,90235579.07080996,1299056.4068509196,993675.25968172273,5991915.2532784911,2323947.2432407667,9820974.1071575154,15929805.112721913,36879489.326065667,49060388.653985925,54556085.835026354,62940701.01584892
18648943.544597514,9746246.1051300429,4722730.7926974362,3577224.5263373703,4006431.7303034682,6108557.8446557783,9085342.500261819,17997958.201605644,18084427.567120712,3167401.4791259659,12611703.918650061,3887691.0923310001,4294897.784941555,1091796.9434404885,11171595.033458596,267519.69867310737,1206515.9184476428,2308904.4435462127,1996028.4347407913,6502375.474792093,8661561.1857456826,3215296.5687025571,4043809.5206234884,10286833.575174697,11169190.581379108,28015599.663302999,50439238.191430598,64410842.174333811,84067100.312397689,1188053.5067558847,999850.23414247786,5822625.0206518201,2716985.1026120768,10080006.254113838,16014669.680651702,35000211.203039557,48296704.994326815,53552875.448012047,62108490.676975928
14762415.89601467,9888311.6745092981,3820508.3192381235,3498218.3746625697,5900730.9617387289,8360567.3335499084,11165417.448287614,19014391.575081799,19095624.523016177,4740216.9160010479,16507454.51507342,7414630.07808151,5992225.6343514342,1501235.2984030414,14211889.189125368,443800.0648276867,1394407.9239862564,3705404.376907819,2747907.5694943615,9807577.2661055382,12609933.315809624,4774755.6824161559,6097394.844143793,11827638.913503481,13036712.742929177,33819403.296570338,57063827.956682101,70241365.980081975,85742045.566649243,2221084.8577481839,1689240.0337337635,10161287.920038372,4894962.1403057398,16064402.448570006,26438382.905759435,52954058.120615207,69020438.675174534,73346582.458904892,81130230.246817008
15604053.358926684,14153856.762024608,4016093.1052075508,3763590.9411421129,10444375.36556449,15132813.272934727,19849582.198559061,23951925.885386102,24160510.972833715,7957568.2502749227,27449693.76672535,13061162.259016413,7226294.8042656723,1881472.038256031,18888667.091067571,656094.05809452641,1560119.3477057149,4869332.4535076981,5554973.1030979194,17289884.360359978,18215236.384894468,8024048.6658355361,10278959.518266277,14358290.075523738,16450547.740197208,53224646.687065609,85318135.225465149,103265219.87250365,119682608.65306452,2904807.2163871373,2143883.699867635,12669685.25055938,7539681.8511076001,26833985.235498767,39761215.360822983,81807267.26141791,102891081.9999584,107447270.69541095,115362971.57318604
36359310.919131778,26421909.51042391,9318747.753525652,6670154.6735085025,15353297.46887132,22872580.456289824,25070158.248080444,28568115.343118273,29043600.086085517,8749050.2056692857,35484920.55101493,19618221.982949473,7894176.4416399235,2037729.2402581922,23876704.147651538,665957.43041445897,1530552.4401267413,4725009.6562291682,7193800.671151327,19885146.503718041,25833272.63407873,12691629.912284594,16233361.007115481,17883119.463147674,21213266.587180667,82222489.988101885,127213905.63508208,162668699.70546472,201064137.6392234,3035409.8494801582,2232244.5569993635,13125485.810582042,6877514.7296250565,29080767.000602089,42475418.099924743,94874101.756779119,122911925.22264713,133343737.14754538,145172016.14746344
29821573.379328046,23457798.654417027,15750353.705215801,14500405.745587349,19966113.077643607,30006238.953683898,36602742.577127896,34882337.865271933,35642477.288407095,23280518.317453187,62921670.259468161,25394015.170427784,16066898.695161195,5845756.4866381334,55350977.820775196,1883281.5266417724,2448257.3884557169,11367974.941266157,16353965.328622695,49467630.45520439,34182214.223041654,20885604.788071644,25638508.713674687,22484575.654264729,26250844.915297974,92960148.09543474,148222671.26676473,179947016.87837127,211363644.42476502,3073036.6917067836,3896732.738124426,24569145.578884587,16283683.23703783,72920844.893328026,98677522.573196292,199756048.01458159,262812114.60595948,280635551.83892137,308201572.88934749
22529550.421700925,18473414.18586399,11800910.695015825,10991072.364886031,16332419.112740975,24369622.026352338,29314203.620332826,30584193.787444681,31182195.471983869,27366698.433129705,49568302.073339939,21087265.204867218,14235050.938858328,5095753.5308424188,45249368.497259997,1616204.4167600246,2237159.9756693798,9411048.1308676805,15479305.819374021,52360092.464846514,32368325.211894926,19048010.701710604,23241736.031194218,21539679.385195211,24790230.134797137,79758767.520407528,126387240.26105383,151089421.53020352,174796415.76843703,5085302.2364353137,5001306.5144626936,33499207.937878232,17268676.708770704,75957884.888828859,110409718.31227861,190418620.57395571,241411035.07338479,254739886.42183772,275343238.6940825
30604786.452690993,26133410.686689734,12740429.677471966,11728501.864988698,22353688.615504701,34610050.127713814,40054526.803947896,37955700.250612445,39189191.798231386,29993815.278307691,67583445.368139267,25791675.440333061,24516426.77904192,6847687.4647279503,61056789.362991042,1818777.3762408539,2329995.4370951834,10007533.536486972,19134575.10155696,60347144.691414759,40114865.344823539,24865781.525446128,30345084.711534701,25457268.445040282,29770230.696247842,104805779.89616378,169970368.17097551,203482732.78198791,235189166.48051733,7033786.1652279152,6307677.3532075817,38706000.337913148,19015305.703267019,87012349.909502864,126807211.61113143,229461570.13346052,296731294.18580794,311092217.75095016,331378872.50944811
41606664.416765332,35008572.728690177,13786450.989925299,12405521.232963488,22593709.266724847,35045429.153391033,40034541.469182022,37982294.681510776,39114776.046177857,27285593.727580003,65701839.575981453,26073424.07408667,22611242.441148922,6315001.3879993195,58113649.140450701,1708395.2884927564,2270172.5450034277,9665164.4063870218,17400822.68979881,54801437.377154104,41238104.555491328,23675355.762383163,29348122.630276211,25665421.431428131,30487413.924507592,115040941.22430916,181724318.31103721,225300773.71436885,268279070.24719384,5814627.2574821347,5570107.6186589357,34868231.618573055,17052450.870819665,78871931.736827508,114747385.24884,214373693.54034692,278997224.22729266,294589061.4049598,316082707.75767475
31951767.217638467,26706769.120092459,10270399.843638573,9244568.2810749281,17158923.658228427,26567631.398010246,30339218.318152145,32012674.682920985,32866678.14644454,20463455.613356296,49449965.666173443,19775921.858131714,16472945.879848901,4609845.412376334,42956307.760293283,1267380.832868421,1964014.7148885101,7505634.2624939708,13123806.305823158,41215164.147909485,31623727.682270296,17987380.911664326,22297715.932928365,21569557.524855182,25215199.019135926,89064243.46408394,142749167.96787238,175892429.47641513,208860392.10119131,4228719.8764429903,4067531.3912193105,25921044.083611012,12724198.034741646,59188497.096561767,85853884.886733755,160900904.86213872,208684907.25991148,220280346.87954864,236124291.99654302
23850347.350467488,20083599.122402124,7716826.2992830528,7296091.5534980455,12839638.351829628,20009265.486526772,22936072.354758348,27515983.505868614,28192405.719032913,16651487.525720855,37617917.731721401,14759311.20792011,14777830.018627906,4051675.5376603589,36285579.241441295,1102658.5756930532,1843349.8460844799,6548995.2066579107,10493474.636068104,33373283.573885523,23876168.086152539,13806557.660281472,17032421.923888762,18360737.604505371,21082543.268953603,69371999.140537173,113622448.91018417,138490379.2114521,163082036.01740399,4110808.5668430487,3799119.4842032325,23754673.532753166,10562293.151050791,48284646.0911761,72687621.73030293,131325290.05478239,171301251.55843693,180059586.03739691,192450107.42100683
17549982.313219905,14893181.926155418,5707141.3117129393,5799372.9471287001,9547132.7942001671,14869707.139833521,17009959.174277749,23881007.573210381,24384431.94105386,12920044.440167489,28020454.82449092,10980672.897115929,14273881.314960992,3709432.7017050721,32045129.660183262,941690.64837137458,1724957.3428805668,5648365.4705509236,7950264.4045849266,25883510.85739762,17747007.284551509,10331669.921370422,12732262.412298635,15778428.327402771,17802849.165336337,53747380.556636959,90063035.057826832,108445514.06552686,126531276.45701723,4595329.1622571116,3758324.3931142502,23230775.679538738,8974802.8848060463,38395849.878983788,62180227.180014953,107137443.9287928,141946332.94048077,148460750.77537647,158623463.34004796
12639448.201621829,10801579.428290563,4253407.1021975577,4273471.7655473538,7085343.4085593894,11020260.258627009,12579094.500238383,21156674.0923515,21528659.503992733,9571334.166780537,20685181.956017923,8143254.3777821204,10966890.944987282,2710893.3530156398,24022460.402509201,698575.91583042312,1559385.4174953168,4547967.9313159361,5896176.5271702353,19322216.223875117,13027672.98820013,7678874.6135490648,9449527.3064645212,13788035.935268454,15285133.54930358,41780551.871339418,72063753.423969701,85387027.526052222,98409578.640641376,3437359.9941782299,2750458.4826700729,17499890.120422576,6944902.308544714,28967380.115246322,46904114.12951421,80619707.033685938,106693577.62542425,111573975.1650188,119852088.69534902
9194562.3664543349,7942184.5857698712,3101635.6512410962,3632792.3666727352,5206991.0563203432,8099383.9251229586,9250089.2745876983,19100304.906968102,19374608.171063855,6980727.3199136648,15110260.650327206,5982436.8853941746,9965840.5270944033,2328849.7980294945,19777255.049582824,502475.33427203109,1418503.6963520092,3593751.5928047886,4316708.9584625438,14162741.209175358,9591950.4886001814,5612028.8452192862,6906550.495977222,12292457.77354932,13389065.324771928,32892353.322784185,58696584.578623809,68450083.304082364,77971779.328494594,3021938.528922956,2387765.628049925,14327421.49272926,5137204.1811508276,21266658.489428714,35910417.967530176,60800249.809058361,82064811.574756578,85710285.177457929,92990770.44664681
6634795.4371643113,5800522.3232697155,2243259.4998318665,3333682.0672507882,3786973.9441223042,5897364.9537660703,6711228.1571680661,17541385.869576897,17742202.86656167,5072972.3205570113,10927253.722564794,4323326.4756469047,9173122.0674522147,2131151.2692175228,18025288.929480895,453879.08991022868,1361042.0322901811,3084661.2074164636,3109655.3671256187,10268171.638983479,6936938.6332379971,4033529.2685535764,4967741.597863703,11134712.305114307,11930657.137936018,26154156.161715358,48584820.950512186,55954451.061710805,62886867.384956598,2960199.6533528967,2273648.3520455654,13596858.780806925,3977772.6677299724,15779482.634093262,29642306.708222248,48303690.798030436,67587773.641146615,70326980.433010727,76980835.846794352
5702319.4168821461,4213236.2840509005,2036947.482800605,3049935.7715882016,2728136.5052806344,4255299.0143278083,4955329.6849987442,16410579.293410754,16556798.175273456,4797725.4250563569,9177797.5570713636,3447046.2799311997,9171307.884854665,2025500.5705082337,17390820.11245694,416366.87899187312,1330949.6695943049,2890059.6560600321,2600847.2424025862,9177823.4854069091,5387423.7448995272,3611246.6864182763,4423857.3524148678,10602932.976972831,11224257.194331773,21871343.361215495,41823062.661778145,47465277.359168708,53438194.750923119,3080738.1000416377,2242799.9634111151,13286977.875759017,3674113.3866252559,14250800.210135659,27780651.828919124,44095555.666784503,62635380.400747679,65124195.076289818,71193048.275367737
8594223.9450174682,6569938.8942576842,4957626.2168500507,6458421.7332638707,4203184.5979091832,6701251.2716682898,9075139.8426520787,18670318.923380636,18924605.258760791,10020575.992524019,16678268.680943614,4609312.5208729161,26865283.817155853,5517631.97035057,46980924.569063924,1032421.7743270143,1725450.8398778439,5255206.6101417411,5348501.3018371062,19622438.922838099,8050093.1189947855,5414564.7627453553,6476573.1092807278,11800774.298513656,12619656.167448372,27430644.339981556,52246301.241475947,61156348.035778694,70201276.760437325,9806039.7723913118,6025158.3168152692,33779361.58817973,8568159.6018669512,31175002.972687185,65479680.514861323,96173838.99202539,145602896.10351187,151340431.73116767,162477175.53710422
7263364.4837776376,5004347.8392841527,3644148.4344001561,4802850.6220689742,3086931.2628154936,4910548.8517561806,6747969.2205788624,17280523.056702729,17468544.789307497,7607154.893088812,12276485.666597368,3573267.4311829535,20514444.602454774,4238874.7063452555,35699542.809221856,794165.52580122149,1569687.9979055373,4230681.0043691294,4041213.054432339,14870528.144515272,6346365.5113216136,4262317.3477186337,5125542.3925623568,11031869.377917871,11664845.465269027,22733252.433776423,44533587.671286896,51444682.184642047,59101169.66894836,7497613.3234078567,4632094.6673634956,25857623.937549409,6521099.6403955435,23625017.92115628,49874067.595385179,72834871.005010083,110322764.46992053,114550040.69280127,123593453.75375681
6590976.1648701113,5401504.7949001491,3871022.8179889414,5301739.6714001708,3180367.4398643938,5175816.6238548076,6350403.7383317919,17339547.150760964,17557359.569458231,9748055.4973902684,12277464.679489752,3535848.8170033232,19557287.636928868,4565860.8590725474,35937412.935163677,836497.1951208188,1586811.9974156683,4324146.5708699422,4102102.2793098236,17953613.813158367,5538415.242285951,3868301.1467492869,4705892.2701332299,10722599.073339086,11371899.730804738,24173436.377368096,46669730.21847228,53983665.848987244,60963771.704062238,6807311.8021229459,4810150.8297107909,28948961.247707073,9817371.9896762054,30497819.717315692,59912988.034987994,83684678.089982346,121555523.03876315,126115513.95505658,135904481.57453457
16971846.808786601,10338561.11530132,27168755.389303643,40481957.502466269,15337647.033256432,23080766.095273312,39834084.043913946,33216118.995578226,33748580.586485133,21600239.272843067,79684735.541609108,17114246.94987284,90357053.815503091,22403826.621354569,186043199.80941978,3655231.1908949446,3389203.2699700552,16353338.614206402,17802254.149648637,51903415.36862909,16603715.231518732,12940298.304555526,16011512.571997421,16443563.411305614,19037105.685755156,61335442.505625911,107294101.95011601,123324509.88379321,141397541.06419355,12650599.531959319,12795274.748023622,64391656.474682935,22108663.93532382,84609850.480618358,150871279.32451722,284358229.12030184,485632647.86083466,519554593.99431372,590523930.90862167
44423589.547013365,18751528.090447403,31602323.009029515,50319197.146694526,15845366.527194696,24901373.931396246,42639890.040332817,35762551.860651664,36545187.787218206,20798453.436055452,82560898.489385113,16778451.190249212,91737605.299457565,21793950.191313688,189143530.78389087,3822821.3375386088,3581506.5090030259,17545218.083751593,16618285.688059989,48973290.591654427,13882063.235162957,11329360.713702887,14085634.013165027,15318488.126633095,17759088.070750199,63247767.193372689,118573097.54008572,151245672.84744862,198646766.02784073,14806170.06513406,13770823.306545895,70048794.994833782,22268498.896915395,81262065.728464946,153121520.74862522,291416630.6465798,498834552.25911987,538937494.20431423,645017752.42670357
41241139.318995386,17287950.484567042,29806261.09471488,48532297.077981539,12988926.985487539,20607370.557408456,36021360.39770776,32409917.021747075,33093311.081901658,21614040.955259398,70945889.2159141,13623295.201653266,86206961.946357936,20566677.325890776,176773154.01187831,3551073.1559421727,3426005.0421916097,16342813.26801499,15672024.970690345,48275185.180567347,10912287.147267867,10105879.459123863,12437652.545053974,14182266.72395549,16188642.538733795,54102500.353239417,103999450.55450639,134957931.08927199,179233145.19452769,15246580.136234369,13789261.70024316,72306871.181756511,21158916.160028886,78824900.242966518,152857972.84931326,274303268.72996986,468507771.23624581,506974584.9390465,613489773.55460811
31412810.645739432,13103843.555822598,22500215.985406969,36984915.280883148,9826893.4238669723,15574253.206677124,27165586.061112426,27799836.681917265,28315550.913558263,16631461.457966207,53660270.175242513,10333168.27437637,65553034.651695326,16078469.185933987,136021668.52433091,2920246.9721906432,3050431.3523695301,13717711.319623442,12000749.905589042,37458461.585423402,8819273.9631480835,7711632.1866635848,9565678.481036447,12946640.183612648,14526282.414139803,43116782.604116201,84122798.045381665,107554249.52046952,141253089.63121203,12033548.669264669,11433090.153277222,63383548.542348519,18357056.973182712,63308017.543098792,128055711.18903509,221915900.00228971,371076726.20560992,400130339.98142654,481148854.80798644
23226875.022524603,9641945.5126046035,16680362.689696228,27449667.350224189,7204864.2875425238,11420337.619873162,20025740.954003271,24056525.007981304,24436222.722039461,12232889.783005312,39565648.908277601,7563213.7274862938,48426106.640104264,11894185.136984402,100668764.64559323,2161640.9930713582,2551324.2702007666,10507945.749816788,8830445.3896700628,27620301.560233995,6432471.0970543278,5610616.8983405335,6977373.1564824237,11694274.115985779,12861075.618313726,33869654.515432291,67628412.515574485,84883724.138014793,109797410.87013696,8858034.4832255989,8432970.4934523068,46957855.994176567,13623272.699557735,46819772.542216174,94799157.072841018,164573617.93317854,274987214.01244307,296523805.8795085,356664080.62186927
17005331.458765656,7008841.3421295555,12896571.381349348,21963122.705424018,5174579.0252727922,8225125.7184893796,14588416.625298057,21189523.650318775,21465867.484990817,8961241.0454373769,28928486.727595367,5463492.5434284052,35718837.851182587,8782120.2711893469,74915821.814491227,1593685.9767075656,2173818.5436968687,8022176.7731428901,6437995.0048169531,20217925.278306287,5473310.4354261067,4930441.7084108433,5970986.8713387689,11194099.918451449,12047172.705256304,27298078.628556043,55518503.309798978,68087504.067714676,86324267.623755559,6489381.2062777048,6193275.6440379405,34483952.130258501,10031054.372134907,34313155.303820662,69546452.324270874,121009094.26416759,203731751.76884547,220959383.21095797,268773762.792301
12525439.254230944,5203165.5646213237,14265727.577782843,25021565.731222007,5148355.5656682625,7859903.9423387945,13153413.77800085,20388448.963633906,20624852.450132381,14061262.837513559,29563270.830446184,6112845.5667316923,42117539.35680335,11600662.748025103,90777616.011358231,2034415.4052984267,2492446.6534542758,10096483.353722287,9192861.6579130515,30007498.838256467,12066120.97908308,9306527.5813209694,11083697.099531831,14171567.579091877,15213711.079593012,29203226.581007283,55195689.107997827,64499634.186414145,77924245.998736888,7885045.9531203248,7713815.6810090952,43546560.126495697,13279200.644716036,48627650.237079591,93118317.614316687,149725753.56723365,248858554.39425656,267921478.93491587,317642441.85097468
58305435.949139036,26810321.257170882,12513003.379572062,20203793.094940167,10904778.085420905,17687464.607775427,16752409.968719658,25735308.956765488,26401153.89797055,13471755.743098559,30770991.599520825,12148772.080570359,36965668.396998227,9965380.2598260287,78855685.33915405,1829755.18341813,2364410.2082815613,9217358.270094227,8158512.3522577658,27848770.523618516,20835017.625993405,11060978.767535929,14389525.1747273,17324194.091941763,20594231.290616546,72658087.673679098,118520412.59608345,162141297.44804382,224088576.88496652,6659188.9373184526,6668435.7036308013,38862355.124878503,13232912.269217838,45852455.059413932,85517002.936797783,141283370.73536661,227151431.731778,243373040.25323173,284916821.01886642
67997526.397837803,34911662.568410464,17942256.284996573,25876514.607361037,13112527.721848246,21735534.792325005,21885398.956769373,29278938.103116706,30148271.562813845,15662441.9909575,37816648.522434056,14599101.350598257,33916412.787634186,8696975.2273763679,75067370.46238783,1709748.3589559915,2304743.3551078914,8847683.2553531211,8402045.609195495,30413847.56885796,25583496.152718849,14749871.424275216,18771967.740866281,19720107.389681157,23515982.706482418,87153886.573944643,142627150.09033903,197232866.49541128,269511258.62420905,8059915.5420547854,7244669.9975723969,44103033.714639053,14492297.934816597,49563923.336222038,94406816.341103941,157270869.97608963,241921462.29166722,264953909.78697196,328037443.33820254
61349915.597332969,33210258.770516742,15646534.846021662,22367294.300972641,13456390.945756499,21842233.477752261,22464870.971075028,29170697.95253776,29974819.846494954,16106963.397058206,37888164.685778745,15824061.346393665,34701982.761159994,8887218.5716085881,74934580.87600103,1887430.2694445888,2459994.2881182339,9906896.3938539792,8934673.7114756405,31563182.968450662,25335322.860932905,15762959.822165156,19963564.664282564,20050101.532273054,23870055.671630651,86838777.530791864,140294784.34105334,190454885.20350403,255389444.72278139,8585747.5231992137,7649430.492247072,45527361.805006407,14593901.651238134,51274943.286144093,97680083.744191974,162235372.4194144,245441039.48451668,265255503.71807605,318023284.52640694
46826033.379354492,25297842.148923296,11753916.606209321,17111184.191468526,10252565.036850512,16624142.265819941,17072963.413354956,25461329.556519855,26071133.851326879,12195777.73797673,28601461.879118972,12051940.7402946,25797272.114422526,6552162.9243100425,56185782.767381437,1410360.2001368555,2137030.1538022421,7793398.0052356869,6760827.5260482244,23903586.558357161,19191216.808308151,11951940.878975041,15145777.658137569,17336646.076098938,20241088.555491999,68148819.406140372,112085728.91635342,150222040.34030953,199753270.44341189,6316046.0920179291,5632252.7371521778,34104191.748574197,10992008.403401451,38749552.601301245,73510152.778751791,122454721.27832367,184844707.86657697,199716932.57164493,239718969.45523417
34643716.527092256,18707258.172215991,8701656.1387199704,12750414.919299955,7515164.1198866516,12199960.185804071,12501412.139880281,22336634.750561688,22786251.034734078,8884911.7695462611,20910066.572478183,8814670.3502477761,18817335.347308021,4796278.3701322144,41169217.283923179,1036061.2378810794,1872094.5482751979,6024315.121025376,4930120.9524641568,17425844.802530635,14075785.567687426,8744391.9144886844,11084476.042466233,15049781.814393204,17182039.605184622,52491322.618296839,88450875.495358735,116617059.80578904,153254547.31893125,4600154.2134498376,4111184.8650821885,24935577.476595469,8051883.5427379925,28286912.041948136,53702482.161023512,89840277.668597102,135605807.09119332,146617210.37442577,176383792.27698609
25452535.015039541,13752766.189451922,6378949.6671923622,9309770.3291388005,5448242.1358290613,8856363.680255007,9055435.0916317496,19973504.418514129,20302221.649566405,6393122.6023039017,15082894.211820966,6385568.4633843126,13709804.656368164,3489318.6574814585,29951584.858526647,755834.29230484006,1673133.7409471751,4698563.9872126132,3547020.0958725461,12547987.77567487,10242805.224859508,6322346.9374561515,8019441.4979813201,13321278.130047318,14874018.740082059,40717138.702957317,70645112.157542691,91313528.702151477,118227857.31073783,3344793.223253672,2979588.628327888,18121106.810049463,5857423.6269782595,20430780.639845267,38901446.818041883,65372914.129847124,98700964.46618405,106773592.16053014,128459402.8732883
18477860.065315586,9996233.7997402735,4682858.8141395245,6742379.2992037563,3897489.7907298193,6376316.8953099037,6438853.4470780501,18210772.985223562,18450745.776312094,5097450.9278580938,10822380.485414656,4548180.0288789645,11025890.635223493,2569207.5481123952,22701987.138016343,546988.77047159406,1523485.6661440409,3688314.3895712052,2748791.7167828963,9744928.2155152019,7347482.7528744107,4529124.6150431624,5746149.1379433451,12017125.027678441,13143699.626276802,31962040.077006981,57434852.030389257,72506693.089528054,92058951.192119449,3047690.4103918434,2484895.4143448714,14714636.681982862,4209964.5699580181,15527155.705428952,30520611.659335278,49877738.466796935,75056467.332841814,80983342.509531602,96790055.447324529
13736908.192234308,7371398.0584797049,3434027.3193060323,4925184.8112759106,2825125.4080113396,4636620.0663513895,5026023.4625183297,17067207.053095393,17243430.445075687,4635362.7161931554,9375000.1018846091,3591577.410620471,10059473.431300662,2343959.2849788517,19642024.36468257,471709.10941882321,1452956.4283724278,3203489.7963314704,2512013.4641055749,8881360.9171297401,5658771.2698567649,3822887.6195501317,4722795.4823790397,11325270.887853587,12147705.165735375,26237568.733383287,48637582.852181382,59752316.633507587,74278361.428419977,2784160.4200075753,2267395.4375333046,13450611.267589841,3767837.0544545613,14085891.092421819,27791932.20296111,44810800.967638642,66266390.3213761,70611326.961155981,82159346.07479547
10055291.21863197,5391117.8507009419,2501893.0042130328,3912134.443784574,2587598.6033845632,3929515.0423355997,4584194.0187004162,16513884.340065794,16642460.403824963,4199957.303360601,8595868.7685436979,3278334.5168550573,9183063.602388924,2129278.803424391,17906905.858401265,426288.7224733503,1420657.457872388,3012541.3780162251,2289440.1664157584,8084386.2536603287,5112197.8087276584,3476813.2388352347,4299772.6853921004,11072170.012915008,11715939.182146698,22684856.096126743,43094173.900888443,51220557.123931617,61851701.812842064,2536640.7459835731,2064794.276124587,12168506.927043868,3403791.2945276853,12799678.957965398,25202470.597275313,40881982.506124526,60156011.387983598,63326250.876350515,72102218.507942617
7389512.4945033202,3923148.6605707039,2150176.8665228384,3600613.1711205132,2368097.551495993,3595700.9137292849,4191773.4371967758,16217731.735423168,16311012.60983062,3824093.7011299953,7862144.6951893065,3002993.3551871474,8424515.7512185201,1949970.1236901388,16430388.95659296,393682.01050678286,1399196.0626763278,2866037.5674094292,2096549.764320727,7382031.6835726658,4672596.0637803823,3184010.5274573825,3937460.0020736135,10861590.638721244,11450764.876370013,20068246.081900459,39116088.187533848,45073016.357977249,52882105.437751554,2311076.3562390162,1883023.1883316233,11164338.704361912,3140609.3687295439,11722909.00552199,23101584.699929938,37560793.228210591,55243599.053058162,57965046.073459215,65953116.765540898
6039122.1467352845,3263111.6093584723,1969442.1948548446,3295732.2774731228,2168866.6170391943,3291384.256512729,3847425.8375154044,15998943.863705307,16083639.802721335,3620221.5230163313,7204252.5135667007,2765553.6219710396,7803134.2710575322,1876076.1048962069,15320042.886690993,386588.22213030409,1392459.346923708,2782522.1825840077,1987309.7017879284,7023909.3927860092,4273334.9006727701,3041643.3038354167,3739545.0473113828,10700921.05136453,11240921.479091214,19146013.143359285,37660656.237814322,42598028.043608151,48984837.380506612,2300814.6415116847,1941765.2869651243,11866220.339322262,3073174.0098091313,11247731.065447118,23312092.182830915,36758407.526395269,53225500.887765579,55717785.887169413,63025018.080776773
5531347.2593456153,2986701.4597850963,1803174.4425428023,3030502.5218520234,1985217.9805978579,3011849.9110824633,3531219.5296115079,15797230.001674149,15874693.060285015,3377909.3993093232,6587816.4300449621,2542901.6767809181,7156144.1175553696,1727425.1863701025,14080352.070768964,358231.51477715501,1374646.6393948067,2657253.1180452714,1825915.5117502226,6506478.5249358471,3926665.238050601,2812981.9839946181,3454103.9383451543,10529946.79362944,11024056.187887747,18277483.065352544,36378057.401054308,40895863.207049005,46744906.923782557,2108761.3951748274,1782792.589867268,11160285.243540399,2888760.1045205994,10449134.375183357,21790558.320655506,34206797.091318585,49337838.077190429,51619440.094239742,58316976.398585401
5053443.2796684373,2728964.4307024316,1650196.4723720425,2773402.1792295761,1810167.037840371,2748379.5256433445,3216857.2233950286,15603096.558177702,15673897.943221042,3078496.2891391781,6014587.4829488685,2316515.3180108792,6568343.9430510001,1576280.7568283926,12924683.12657205,328697.11701504583,1354803.3147666098,2536018.3543711822,1665791.5730788719,5937360.379575178,3594725.3259726404,2570223.4121031361,3155831.3441426596,10357896.607527493,10809343.09144469,17437835.260989789,35147944.785768867,39276421.87143039,44620038.09277688,1919360.5607653493,1624598.7049485103,10188727.511292722,2648527.3026307258,9549835.4151542597,19904141.046880301,31361652.283956308,45248499.483427823,47336408.08593411,53460025.452891879
4612370.3959199926,2491780.3545255684,1510407.8352731257,2533849.4868961605,1649498.4016013802,2506787.2210114649,2931306.0926149618,15424815.329278979,15489511.459378032,2785133.2840228318,5491895.3590113893,2103420.4827737743,5977802.0725391945,1436327.3394882106,11781191.090439392,299331.14103377651,1333818.9245130054,2413958.4873840143,1515694.7197022967,5386377.2497091331,3261264.1081785075,2332132.4042773,2864415.5324143497,10185645.097210741,10597595.377839288,16645800.81961694,33997295.094310403,37768279.082198165,42646071.090492345,1745627.2980402203,1478919.2607859294,9281270.6973890886,2407005.0576300528,8671187.2848657817,18103695.641795758,28674137.233451009,41336646.718241915,43247559.525454104,48841829.718791075
4218675.3028189382,2275439.3712098654,1382404.8849942533,2355948.8332898635,1502538.1189995122,2285879.3327212748,2669453.4069711333,15260818.963983016,15319960.433339285,2772765.7378347823,5049578.3461308647,1908250.4004184688,8989030.429321453,1893470.7325916139,15358682.229442885,361848.9362853379,1366731.5917549417,2536239.5419586012,1572715.0315913153,5500016.3598368047,2963149.1020785789,2111424.319824867,2595753.3619799772,10026596.960643195,10402614.531627148,15939009.931339752,32969129.436261773,36414107.622717142,40875232.473593898,3515907.3628356247,2396194.4799149856,14056954.992971865,2621864.8395073693,9003713.0187805705,23207021.223309368,33328755.888038073,49494731.060019471,51244704.16116558,56420673.287808396
3845729.0312348125,2076163.5253610925,1266360.4862091015,2283959.0054236916,1371674.1494856547,2087820.9902788687,2439714.4918964049,15113175.292807149,15167243.474722577,2580179.4001276931,4616851.0087757213,1740170.7591052572,9338165.330930993,1871823.8087201281,15447202.615935147,343026.25987672975,1353014.7062891775,2439681.6654509143,1447660.0631791048,5090468.5885161953,2697867.4871788202,1924488.593601434,2365968.1691303384,9884355.0728053935,10227754.76720533,15289700.872942066,32021795.538497198,35167180.452177174,39234302.417806052,3211362.9416823899,2307821.7653048923,13293791.441577932,2463961.3037967156,8362140.8806376457,21789825.294322021,31175869.203168087,47365662.566827223,48969644.961337425,53906981.309856988
3517955.0653684791,1896906.8098173416,1160185.3865528642,2100721.3868612028,1250058.4259084584,1904798.6361857194,2224501.5954763726,14975469.925227059,15024917.744758856,2330552.1176406001,4218157.2095271153,1583390.2651739824,8579787.3743608333,1709789.7372551588,14193413.432180146,314052.81368312694,1333292.7842318742,2330082.2948244996,1313851.3883389658,4612565.028711644,2462200.4061812446,1755776.367592874,2158437.5516431658,9754076.5017377529,10067610.939628024,14696560.132552618,31156400.403907117,34031602.051999271,37751898.911834888,2978686.6070437361,2127884.1933572399,12261589.348383157,2251330.0858550132,7601268.5232449509,19987044.143419132,28680929.550213523,43555700.820519626,45025281.712567464,49560986.359265998
3219915.4001591951,1735508.0316908802,1063707.5334737734,1915631.2238970238,1139988.3421402294,1739230.9579718173,2030406.0540611248,14849919.897145763,14895157.7056216,2120641.4688189486,3857032.9776315992,1442282.1161533096,7795898.4366441956,1557299.3163234219,12913068.303755652,285451.25015994231,1312858.1695908916,2222818.5952649014,1195673.8041647433,4199402.0962313777,2245614.541256093,1601750.5844197739,1969069.1220578798,9632191.5880094282,9918631.6265138444,14166611.89623311,30381221.829276573,33012208.337426469,36417796.295354337,2718217.2630292634,1944104.5871506389,11195829.167750444,2048154.500006197,6922096.2006617412,18233186.243772723,26297648.288592484,39836448.962182388,41183932.698238015,45326618.228468776
2944571.5133540258,1585789.7318516413,992943.07352482865,1759789.067073006,1055671.1128567287,1608805.0399310542,1872559.0793724712,14746445.396622101,14787871.121463645,1905893.3871994105,3556571.9142660825,1328219.592649604,7129545.0758469086,1419661.0026823662,11815300.33672782,259416.61477074435,1294496.1406056057,2128678.1289144894,1088792.4887812147,3797595.8406214262,2050413.2134638797,1470448.3193900802,1810207.297278828,9522594.2499735374,9787051.3252358437,13687874.995845098,29685934.22310799,32092233.509828925,35206708.35291633,2476315.9737300822,1770905.7071570582,10157817.837518193,1840627.8101442177,6254450.9407875147,16517891.950411892,24033219.200251378,36427282.481669493,37684319.568079919,41491988.034296371
2692238.3281930583,1449129.65121688,916830.40004286042,1641865.7667078918,964892.6330005679,1471899.6662968637,1715882.4547368505,14641462.376420358,14679436.720919648,1714535.031529465,3262536.8668927616,1213320.337978693,6530874.2150639901,1293328.4554192685,10825725.692702129,236722.79619484898,1278739.1800570777,2045834.6616976873,992866.38763205567,3440071.3312844364,1875994.9518332116,1344171.6319899396,1654949.9278933485,9418279.9489158876,9660298.6177651398,13235330.682911254,29026724.020901036,31228562.530982658,34076427.410377555,2257549.3192827716,1614291.6023644162,9259339.7201159224,1664154.7971484577,5669255.4688841784,15028082.977319337,22039803.032283805,33405071.041737467,34593346.341681071,38157838.23732309
2465154.2678776598,1328094.7767516575,1197054.7880446489,1911421.0199651127,1531111.0902323194,2182954.6540840408,2768127.9788679476,15089092.70456611,15124406.957989529,1637391.4148895366,4673150.7507355446,1890423.0554306055,6086304.4566602446,1183536.8754549159,10559165.733337479,219527.48190368654,1266828.7016341365,1998618.886950084,1128476.2852856044,3545144.9299407289,2265760.2119060028,1494934.1612575469,1864661.2329287746,9550523.9874766394,9837846.844713103,14122948.090271283,30305196.916648231,32328274.827914972,34936869.434288427,2304470.1428642026,1525080.8018213466,8794704.5425486211,1697364.8623679595,5826062.0884082327,14712332.872849289,23432100.706827585,34715990.343962252,36309148.350838795,40473558.967013821
3238967.8636372513,2728946.9911246165,1404495.1109798942,2497034.7660945035,2538597.1051401384,3703820.1829845882,6749856.1059496887,16708791.056249777,16776355.609492587,1942794.6306985174,6132900.945634041,2409894.0088676075,6617454.4746447606,1420528.0720128524,11891367.335780354,218173.66156942575,1260155.2760647545,2002717.6221410616,1476515.5437871194,4273775.2913947469,2901284.3187253107,1868078.6958697294,2332853.1472444339,9813930.4177972861,10212226.658443157,17035038.249467801,35886583.953867845,39723353.691138297,43164555.082238831,2119197.0299137854,1420955.4681962775,8008305.9321661014,1647218.0575026227,6602167.1569179315,14720401.874979256,24942068.368736226,37686370.752227157,39673075.311221197,44929903.039161973
2984863.1025424134,2515296.1106657572,1410415.1017287737,2553267.9657764565,2516235.9287961731,3629779.538448134,6474262.9807452932,16590560.430303052,16652807.847591119,3319476.0690413266,6515216.2964477679,2524762.9170805742,10969209.898572227,2081190.8302609886,17638682.198313568,323062.16134108999,1321467.4766469223,2329228.8196015153,1917469.9477121257,6617044.6945136432,3158612.24094067,2318908.9289852744,2833238.6223852918,9990082.979675021,10390314.798863854,16992981.163070247,35551010.177711733,39081606.97783047,42251707.897325628,3469168.9420539853,2277212.9896603199,13119668.764933057,3112541.1005485891,10720275.631472848,23997713.034166764,35301477.212530382,53787997.033015408,55789085.754032098,61267259.324067846
2783327.2746025342,2370100.6926681069,1594752.5799001649,3458770.3165594488,2565352.6938626757,3712824.9609302641,7641945.9215988331,16932075.910654604,16993720.590555519,4355580.1356847854,7726707.9256104548,2629498.0579933235,32929790.554435059,5655059.8037031014,45706818.791120633,596548.5636751618,1465246.9608846998,3066060.9617184498,2500035.3883362203,8776384.7381498329,4077636.3318146961,2935007.7986654257,3530560.0519488649,10387058.326438876,10822050.156393535,17608425.878414631,36463336.139179118,39789754.170044988,42743457.087523863,7305488.2368716951,5026309.6650243318,25406757.887416191,5038682.6145034973,15217731.27480787,40862796.307794265,55072232.508106515,101769330.85433173,104057927.46339752,110791495.97541858
2557764.3910277667,2190351.5641273288,1969598.3200165958,7118824.4806338567,2390770.4872380341,3448907.4520268179,5985706.7828662619,16406587.117964037,16463183.997132946,5044525.842746472,8281294.3718846347,2487058.1232491182,38295591.197976008,8019215.0861322554,60805953.663536787,1151290.2291977601,1851016.2361102861,5237303.9428361505,2835075.2593148397,11404939.156658668,3986251.9604163803,2938581.1334516099,3513035.6287631341,10349018.664863657,10756351.446139241,17071642.839197244,35249169.641380817,38322413.735425591,41039152.767924853,7262748.2624218296,5851340.4983074935,30239780.247422263,8486137.8592545614,21907061.030986343,52493187.172012396,70473737.082950741,132551724.88741113,135777895.93189487,146922070.94818711
3583325.1663068091,3437726.429523936,9763267.4071310274,18503764.323776532,9921965.6860549208,13972406.036981879,34369983.970612414,27682510.597540829,27778886.042153776,8216252.8049860708,29230498.991376128,8244631.39894302,47705924.41873917,8553526.2153925486,79499358.884826168,1214961.2122502301,1864337.4385402265,5374265.7129546981,5811390.0707181264,19259322.335691147,4773393.9289852818,3723331.6775484243,4548947.458198715,10807519.161027623,11457927.060699811,27111112.87818823,58381656.42277579,63163960.110712409,66992322.420395181,6742336.9812699817,6328433.519166925,34027156.395115793,12428537.89380908,34774052.541278414,69185978.908599883,112559184.92774916,197507572.73805869,210829633.14429775,247517757.18560001
5214456.4476421885,4763446.8574122665,7482479.5731836576,14333695.814638266,8555187.2865201775,12149927.922098042,27091832.05950753,25207661.388829723,25320732.332749046,6316160.1924258349,22132635.717234589,7663518.0597687466,44836926.049538687,7461035.7471696576,70596427.412832871,1002429.512428214,1722736.6155346923,4418220.8643525476,4457370.7146809306,14928862.061746174,4974144.469799283,3745155.9097587969,4609134.5201300113,10870292.507716576,11706461.021758465,29549916.40146954,59028289.481237076,65964280.063486524,71619331.280800328,6128931.0920298286,5531728.7283748826,28534860.00650553,9995396.6498841066,27271647.46829278,56099932.625163347,89133051.556769386,163810625.58370396,173999956.8078135,203204529.60028508
4882320.1559258439,4090200.0607440621,7630534.2687881859,12417859.874850783,6759829.3890338233,9579387.7103276551,21025889.655598145,22666215.141888682,22757255.141283747,5237417.536697208,18196819.227648955,6169275.8333635107,38087798.805821218,6292343.500957883,60327882.990585677,845759.57460820838,1630130.1183644079,3920345.2025970262,3433631.118576969,11828085.918987427,4705023.9934843099,3503582.2691248567,4313967.1871705726,10721806.302984904,11403971.849190446,26365060.241704166,52394302.486643456,58226377.029184081,63467970.689653397,4587840.8605518695,4331113.2990439208,21570157.580221273,7529713.2489958666,21134080.121227182,42976857.09494143,70889772.652869895,134924897.71115711,144699333.23074445,169711465.75504375
4482147.082165068,3401031.763041398,6384781.1310703112,13679503.965231227,9313864.0902360715,12580142.037636135,24019243.606427651,24104838.072982334,24189656.720575906,11489553.849194011,20646210.916023947,10679950.220603401,52659598.23839581,10518631.294641282,86351990.928146318,1602518.816686301,2167024.456389783,7335827.8660844015,6799291.6150002051,23440656.804296825,8985675.4027264547,9625278.5948853474,11427441.205209795,13619379.700660488,14861933.137733664,33340984.396876901,60207836.538047321,65220071.72472614,70031666.18744354,5630685.1121619856,6511566.4229144901,31982101.344535392,10937377.528306264,37851656.351621054,70371929.136566535,107112404.7188205,196891655.61709258,205199089.44186464,233364312.30147603
4584201.8329261979,3256182.1276509259,5686303.5136796283,11406302.484454518,7078954.069749793,9632066.4030764513,18204121.108070843,21677063.817759275,21765127.863956027,8853595.1699199025,15851350.274655564,8124963.1079682829,40201873.194375522,7890448.5685501434,66543465.863900594,1228109.1306130693,1929775.3927220078,5897627.7945652688,5153634.9021756472,17918987.122132268,7054106.353862091,7488310.3405927932,8881363.6128368545,12501330.075681815,13444635.422812631,27883143.240116753,52309591.97436662,57355142.712231643,62314977.065511666,4138825.6381269656,4816118.8400611943,24127255.848230235,8324970.5864844918,28851080.975960638,53376488.544591367,82050011.06569548,151568036.33934635,159049720.12627777,182603164.9815093
4217621.2930887612,3001648.6057069423,4207515.7721745772,8558755.2424545232,5249419.8261046391,7142121.6788395243,13439412.007239122,19585519.988148317,19666368.707028251,6444066.1807637429,11638237.937234249,6037129.4624772966,30245150.751180086,5809317.0615260489,49728555.454338685,902780.25862022908,1719083.0322919537,4632061.9066247605,3766496.3759976816,13087196.626550674,5800487.8332031732,5720114.4293943783,6800037.6177948862,11663075.586753799,12389857.118576061,23871231.555906039,45987159.434213184,50631048.154670015,55193077.47403051,3299210.3676488572,3520126.3494545189,17899532.493128382,6108314.880526416,21096219.282707673,39293325.432947382,60659975.90664643,112584231.44542287,118205347.53886117,135803573.33269483
3863982.6670822916,2802554.3161823642,5166655.9906115737,11564044.864647271,6158759.3202112084,8126290.2069082828,10806873.615758909,19040844.977230545,19114957.775273018,5285757.8431491889,14504926.009073118,8789949.0105650295,25646392.471816119,4841583.8510517161,49321867.281545423,754830.04812624957,1600148.5704595577,4086650.1130264169,2917259.4492879398,10283183.14170544,5683099.6748520285,5446209.7660382651,6735213.8489295207,11630550.511323694,12786613.266837746,29299577.597583517,50714909.542076245,55020982.902810454,59200032.022403784,3688787.5104808435,3382512.6005181321,16926180.15249775,4458083.0245585088,16352025.32097012,33552081.984256249,62193635.880552888,115443476.36257246,123034937.407782,144826314.99541298
4853470.5310542695,5507201.6932247179,5323701.2284208201,13822749.946412569,5465511.3638601517,7959536.2172585772,9554812.251666557,19345165.54211852,19440331.970062222,4702018.5256529991,13878053.385626294,7015946.8054828933,20682672.086282812,3976317.046939767,42156785.190615714,612686.2832598032,1499117.1217417167,3458727.0985420481,2660794.643483222,9189542.6780310813,5234450.7582264123,4142369.06504319,5146675.8425651276,11111225.676661119,12065689.690873409,29940669.333114486,53441364.185752109,61017382.093291402,66216954.032671191,3909734.6808463028,3068767.0573968296,16103548.579172902,3863725.0791164921,14550938.920365727,30912117.42413754,57382495.778488114,103830572.28757268,111971011.93046196,145701289.99314779
4630047.1514825793,5477477.4584483588,4405051.8962253481,12190025.107301531,4293399.4471101658,6292473.9788971543,7410791.8590285899,18084950.084811185,18175605.325910401,7219949.1752048153,12620348.70721174,5423081.6357215568,26491910.341910243,6620292.232483983,51151178.90863771,1151702.9880119711,1834692.7758399923,4831149.7668588916,5338940.2269530455,19173566.740395349,5040807.3123039864,3934498.7958496097,4833346.3574595656,10976135.292995485,11737795.083217783,26589490.480947848,48312215.194292009,55521394.348804854,60468700.517577656,14247937.63261082,10483472.280786663,65497632.474311277,16176297.089474073,38620276.418985531,104439083.89973783,131603530.53636479,186288347.00522619,193187706.5971221,221510236.18541643
22404032.266696319,18087612.219182044,23133541.128912892,29682497.434177071,29043999.523666386,39798475.555100299,57501346.37647479,42535717.400892094,43046957.399272509,43464496.562300816,109942518.27583051,35331001.390299767,63579179.231021255,15630786.3876507,134934795.2874518,3564184.1461498272,3649566.6151950606,17412067.967397865,32030264.831998404,101544132.53052695,36999228.035656229,32009562.707228359,38881601.206374727,27817295.919893432,32743972.168349549,105827382.53913988,163472394.89623904,189808483.19791892,213888395.89918858,19100448.045414597,17998966.183086693,110785211.25350839,42172213.885552913,160213625.42230883,272892974.38850754,445487335.33262342,592529346.77594244,621437953.77423739,682507054.72882152
35042270.457528897,19206278.603271581,21370932.160227794,26361422.941431183,23549630.828596845,32702885.048910752,48353042.35178858,38170392.409013152,38650459.392771162,35335153.171173021,91343902.660820186,28480008.334100787,49437514.173585728,11792320.95350259,106914502.285578,2754290.852016822,3091704.482757227,13849690.4927975,26286159.358273994,82459634.531189561,32233376.125145458,25626276.826324996,31187106.438983645,24807166.031918034,28791205.426378988,89654345.445897788,142304489.76091105,171214491.96301335,208092296.1502268,14628562.763867766,13711799.850040331,86088858.938464671,33192028.915663917,128661795.01004097,216198361.71382761,358214006.87497669,476025654.39295125,502331375.83577001,564213336.3925395
27068331.445936907,14707460.786102496,16113873.918730369,19882879.258274872,17816303.27679811,24755277.446564637,36293536.564932965,32184684.203125972,32546011.444390431,26218086.981498163,68672901.657529309,21552308.22170493,36616943.676668897,8722807.5476526227,79534793.395592362,2042142.8630767819,2596632.120574004,10585431.389303086,19614441.775348168,61377739.872146226,24450411.447738182,19353557.56830522,23561554.065966822,21014799.474649154,24056318.792927917,70457054.680879578,113576220.02042021,135568158.80015433,164009502.36972025,10825012.123800922,10157032.600712996,63835834.764120266,24659588.733694918,95720844.080637202,160629307.13321346,267579122.63991186,355285043.57506782,375130596.58048183,421891105.94100535
20367039.135333359,11234836.632338066,11947952.389257206,14671904.664634243,13207908.427248394,18355449.304554477,26907358.515471045,27463061.133597065,27730134.703413889,19381079.934351619,50811365.437314011,15973617.431876728,28055356.454337157,6532754.7430077409,59815839.819177441,1518989.2142667489,2229213.744787842,8118231.6634363802,14534969.99141901,45439478.425619893,18225765.112631127,14348172.443693712,17464978.286271796,17967233.733186454,20225367.448072322,54973480.901044942,90633667.694626719,107280234.02039042,128667051.96297015,8366681.8376779128,7664405.9045089679,47920207.772691451,18295790.799534597,70889475.061493263,119596639.93198787,198948837.86389005,264822089.21155924,279563681.19894403,314051857.30107105
63521185.091872312,22357449.080961376,40159936.437320098,45697632.515672334,26901618.19524619,39479032.577707268,78575391.429673925,51623247.242455862,52235492.183810599,26508519.090242647,128785054.46340486,29333878.773247004,33736713.804486118,9049384.2272080835,95847109.27523911,2085765.9003103594,2643549.0704944208,11771844.573767446,21863301.324114867,60976165.497342668,22526635.737128668,21155577.997648824,25792873.332075518,21262769.457539424,24729439.028658599,85115661.978586346,155549370.01053795,192816541.36398095,259016018.40294361,8502140.9088512752,8636701.6101807579,52463248.708713837,19179686.905452497,89940827.253640577,143684393.90392905,320842859.40474951,435550724.98875874,487181346.80070865,578476590.07259774
129762379.44494839,62136825.417415716,43653526.905998841,47752642.713870086,54490353.872058704,82566326.861463964,122695915.98431726,82782784.150461197,84861373.310073644,31777825.386696082,226439224.12953544,54136729.338935517,52270615.82494165,13874256.251866383,145883698.06129661,3156530.88797072,3279366.9942109156,15442266.875632228,28812460.723822851,76791426.87141484,43859433.117140755,31383434.04403916,40173145.126016855,30539329.719238635,38648925.966115005,186560468.03911054,324036995.04191327,411104256.08159572,543351049.9295485,21285344.006589875,17266539.819971923,104406653.69511299,29296033.039855447,118691263.00342721,224445541.08784619,535167655.78995556,703952727.74588466,758997141.25070739,849850457.15309119
220326802.25920036,102617539.97610627,52864803.094363332,59020118.585387856,52585620.348319374,81543075.826625392,117762485.84561412,82072759.533199981,84457591.114963248,43063387.789092645,230739326.14023915,52559715.264223836,78565012.348670617,21448498.934733044,208810795.92565301,4168677.2671499164,3946044.7260655332,20179845.745480005,35668936.049180701,98167878.98087576,41328846.98661644,30655129.850171946,39370713.493107036,29892173.139470901,38201666.467777207,198678606.85993245,356087541.73121715,504873272.34189767,732028829.39672101,17637156.02683004,17537792.784817293,103909715.00569913,31204008.803581815,144500507.50177628,250231126.22353783,584268520.11684358,820865681.15413964,885486835.69860888,999986519.80173051
169993502.24188986,78829340.856207058,40220744.341195434,45137563.896355905,40217253.609621704,62359553.736105345,89720653.543940678,66171399.71742449,67994561.223504394,32998599.013744678,176536844.23337531,40101508.973787673,59469916.856827229,16020984.625961863,158914370.98612857,3143968.2950954395,3295510.5619105692,15762333.351861505,27387069.645504765,75314298.303160027,31274803.744241685,23317629.684495959,29969685.260871701,25092449.216258477,31434338.533098023,153759862.16389519,277676384.10114306,392191791.78071511,567500023.73395884,13162573.165054645,13116506.567303961,78287563.605255276,23674650.259490985,110642471.32187673,190339506.23396364,446582608.48671257,626599957.03112912,675794562.11301875,763249649.1476351
127760385.59120233,59862534.50621517,30017984.400821451,33541130.377533305,29997237.233790997,46589941.400533341,66840615.894038148,53181471.334916808,54554433.013486564,24498642.210650038,131576979.97114739,29857422.812075496,44030728.305765815,11880861.647069048,118035750.2459273,2332434.8299544486,2761128.1237348793,11995245.231805284,20381021.612512544,55971954.248521619,23193097.793308724,17287628.137656745,22228004.6380357,21169052.596098684,25891257.87476562,117845789.44728912,214663384.0645667,301809404.17862719,433762574.41100109,9734533.0904135574,9716048.5960363559,58022520.107948832,17561615.933516998,82184415.206137478,141250868.74413523,332597744.03821307,466396304.27145582,503098892.15464985,568309484.80077505
98434421.109440565,47214380.776477821,22438935.061624754,25474131.658947289,23219928.739406668,36040507.888388075,51494986.022086948,44402230.34844318,45426653.06758707,18305122.560310315,98527316.849780813,23009812.262012538,35784789.730918467,9211783.0623679012,91767038.05669862,1757649.5351449011,2377445.2120335274,9211996.8908356093,15131780.582259765,41695645.529291876,18362801.740628943,13040333.415652096,16968148.430833973,18676260.682578586,22546546.94722845,96449169.871006027,174379211.31338096,242491076.08372954,344090877.95215851,7246945.7956525302,7423417.3196496954,45045348.681995958,13234387.450652532,61345659.614313886,107162116.65394643,250383146.87844905,353924429.89386553,381349671.13680577,430533256.92295951
81865257.5252437,42654074.22109957,17842266.154028889,30504498.740139201,18158891.448532034,28330123.557836991,38555942.56382674,37419674.960931763,38169612.77792228,13379027.733936833,72631431.353047416,18012038.325976998,27502728.381759305,6817441.9054921744,72618249.301272333,1292309.6964526793,2069148.351655833,7103981.0137784285,10981124.093529148,30382875.783257835,15972841.505882811,11029362.236300411,14360285.866474105,17455489.003432859,20721011.05688927,83565828.372105807,148318471.48186952,207568901.53540078,291784857.78664625,5320646.5118991928,5499940.5539289173,34153613.058017559,9958907.4796744306,45223921.039318196,80028266.903711125,186208153.32664379,270283960.91752326,295737051.09030652,357778533.60547954
71873329.747106761,36796784.363151312,31186515.505928922,45127814.140524998,18712916.707768548,29353879.66143452,49253928.018525183,40657970.561515145,41396408.613767296,19418160.562404677,107177554.07159467,16874634.535896815,30200234.053793043,7274295.5725412201,98334675.803476065,1696804.0836743703,2322478.8025724832,10036571.061822051,14159537.228264052,42562711.01976569,17707076.382279955,12210276.726375518,15491029.190506646,18224941.833845727,21288758.019568328,79746087.253566831,145787593.97427824,198044574.20446685,272172165.82484317,10358193.182373319,7684936.2447240502,46434171.694149829,16523566.226086656,67823293.667545676,115744404.96590243,284245180.12839919,402978818.82239127,445142465.57439083,556596540.30476904
77105276.437233612,37679516.819004461,23775092.26144591,34734266.868564278,17187769.616086584,27149805.643517252,38489722.698887028,36535834.976306103,37300375.70493672,17105031.305920299,82298275.761165276,16251371.333347045,22968843.349953383,5442726.4017085945,75251947.545219406,1303699.1214339375,2070490.8079039389,7987660.7115707062,11498688.666589558,35799471.176471621,22736486.002440963,12016280.643948574,15578863.19860696,19589048.634116236,23190379.479071874,88859581.878822938,150787652.13278806,203210243.63638332,282327027.35981512,7917595.3688937575,5805811.2211577585,35621674.288754053,13035423.344385296,55593792.023070969,92342090.790971383,221888294.59843427,312646317.72001529,344838039.15074921,431999745.56131905
59026270.895428061,28808469.004969258,17694105.897586636,25807560.528716318,13101173.072370624,20664549.279114705,28664273.270051166,31186641.721236177,31766721.490008499,12875666.867715342,61140523.618321918,12386370.675644245,16846078.652410377,3997728.4366761693,55577963.011591263,961457.5137663557,1848307.583344013,6210516.2474971879,8726036.7271997947,27065161.754236575,17530135.437548034,9168247.6624619048,11888557.969886387,17378605.67896466,20118011.597563073,70042380.92715548,120568927.733422,160550268.65132716,221087434.68115848,5826813.7860340979,4267553.8895170847,26223061.775071427,9726911.6099663433,41812968.588746369,68868878.245794997,165345975.65328014,232461375.19343102,256428438.75494042,321447331.25754929
44059177.185894959,21385823.000818118,13135513.891459251,19144638.902198829,9692064.7150674276,15284558.318377351,21229731.726817917,26943781.020881407,27373708.583582591,9474628.8334288169,45371016.159884915,9157818.9964211918,12303558.953999806,2925433.2981774746,41006452.096231736,713233.7359033617,1687213.3552182124,4920510.0551826367,6495695.9627965894,20019907.179964833,13033716.215854995,6818739.8183142301,8854665.2662418336,15494682.394950939,17523037.669905104,54550905.157152236,95825471.786827385,125528055.17082661,170707681.72877857,4269432.381626877,3124114.579735219,19243977.604663067,7169486.9758680835,30905195.076433733,50763116.047362015,122708899.77829522,172293232.94807184,190080569.93293962,238332270.12448388
36761516.449784748,17212334.961985994,12792872.81891619,22073373.375821285,9304766.7669206988,14260352.361078802,20495784.407766908,26065981.544291351,26399800.037971485,10120660.478933195,43499885.93476218,8874802.3022062145,11680435.237596156,2685606.4700630512,40639503.664965563,770680.64334948908,1743539.8646114522,5298560.7773959795,7142804.1243374459,21389388.238978945,11354750.227517497,8164069.0250027608,10248071.03038642,15442526.021588547,17351139.675723962,49880532.274510875,87781572.800273091,114874927.23249921,153544101.83513647,4033769.5761892996,3135586.1588017303,19964821.743019447,7325538.1334390771,32582990.645400386,53190646.722288571,123198339.39741443,173104144.97725078,191731176.60051993,246720883.3457076
48008514.510316014,20886530.95400415,26470390.668798476,31273095.902630728,16795838.576407034,24988420.293237984,41832206.987930886,35855019.548674814,36269400.559549078,9935945.8253314458,80539466.264440075,17257666.349146951,22229652.349538896,5126471.436575559,66786977.913955979,946911.65081883932,1806248.5242586124,5836268.4466348384,9451086.1197263114,23465680.650755245,19185501.242899146,11770369.160084998,15034186.310534341,18691574.245093498,21595353.839398868,69664890.079677299,120569350.26236555,154226594.5627684,204835020.36898497,3426295.0318543287,3303676.223649486,18603064.447787415,7075237.4822159242,34837169.047022387,54055172.338181421,168509526.84283409,249532669.68884912,283677266.29285496,356882795.96093082
45889359.44824513,18308922.816681664,20144760.058098782,24057436.658696797,12994100.310688687,19265579.891738381,32167915.099039007,31021935.425830446,31341709.493625578,7587132.8308147453,61785263.715749398,13480126.968612282,17107908.040265009,3883530.8788608308,51351809.758377127,717043.26919464045,1668406.6854555914,4757062.7563740993,7249670.9503518902,17951900.047943126,15385233.672064191,9032859.3626342602,11598556.151502937,16897357.065159459,19180739.110222105,56987081.72079213,99890152.334093228,128533709.00577086,176426906.23121467,3143045.9141484057,2652133.2750501917,15409632.948822714,5378708.0206512492,26601872.626613084,42471287.109307751,130432341.995859,192571132.08943707,218553701.13846257,274571734.50002342
38777391.240282856,14256568.172922844,14984472.516096085,17980916.1386941,9624312.3531422392,14278701.11676899,23845024.60962249,26866394.04585702,27103942.243498083,5664136.6677864511,45791360.835794009,9967271.5767271128,12519089.129371699,2842635.1464629783,37835030.536213741,532162.51533356321,1572542.4808853657,3842980.4534355383,5335713.8137432849,13282671.673531279,11364970.642459439,6635576.8936084891,8530901.8270747662,15121620.296953076,16821565.894150674,45008649.664426945,80795561.359484792,103005055.19363599,143274934.60750699,2878719.4916400011,2428209.8341131173,14116455.477930771,4220871.1447256915,19907106.374015812,34368468.551597521,99900995.012323588,145761321.89122933,165083111.11161175,207333161.00426549
43259720.931617044,15794631.449414771,24596163.905054126,32361424.453580253,10631427.839883439,16786811.254234847,34922663.465143077,31665380.948333107,32028192.283808868,5756142.2593735121,77586056.981506869,9015880.8699278198,78286049.768842325,15079833.450542875,151256650.56006348,2181364.7386038322,2518358.8353621559,9676880.3962101787,8269054.2214181954,18058594.98950538,8506506.5582660027,5320214.6579048429,6865321.3807859225,13983531.718415821,15413314.98203503,43400203.855026908,86761381.645839408,111297490.12730205,155997320.46188626,7228958.2740471466,8054657.6926758382,37780163.763892606,6987674.9351224722,30238215.147627588,68972844.049248397,191018077.24635148,356022133.71200126,387004279.24222225,453424038.61121839
38467314.810457498,13609540.558972765,23811761.820416197,39181689.35480465,10922463.665481541,17003101.054974511,31336234.54964203,30646261.002480756,31067199.321786627,5465846.0004120031,74961512.198171735,10611525.661616836,80555007.081751615,16526796.222512335,163929824.34442317,2828486.8387353378,3040026.8048745058,13051296.37131162,7681824.7914053826,17254387.697486486,7940347.7706989301,6054444.7322685961,7753698.5165862758,14074006.359927652,15654639.02362969,45607798.75956592,87967485.45264256,109514360.92092201,149264793.14051956,7905520.7888056701,9420964.2749099303,45730935.847611785,8042369.5125725204,30861485.062557038,77653313.021761894,205187330.17202947,384653885.29335612,417222056.93471813,495768924.63796401
36114762.816727906,17773910.135524385,18832787.535606023,37822096.734591305,10432263.226620054,16145195.783897389,28514305.333330099,29238594.65688502,29561928.223031353,5304259.5814425983,64518520.216590673,9541734.7810949925,79021873.928524554,17459915.419539977,158551971.28274754,2503626.7031110539,2782580.9383170893,10982723.321382474,6887433.2553954823,15479746.574197242,8528417.9414597694,6492044.8112364188,8200440.6023792494,14342574.805141468,15907157.61038232,47632470.343354262,88400655.405407727,113892981.13704693,151431012.95425868,8021158.7272583684,8745280.945832666,42652952.5896146,6449375.6874074116,26418015.782801669,69879930.793050706,176587118.09961915,347895542.49982363,374182876.43381989,447942570.68189281
38476423.181963116,21516499.751717702,20589284.694014966,45758693.695013262,12060570.330328813,18644799.88454644,29853856.577359457,30555763.5064133,30950639.990593296,9727599.2144264542,69229379.296552032,12136871.725820724,94543159.207102999,19235940.277197093,182439771.94641578,2681559.9416792067,2855585.3383998959,11444262.697892385,9056656.2251131851,23552594.284973375,14597028.34615281,10518905.860084083,13221940.036727488,17185314.028277919,19439754.624695849,59391459.783726402,103822300.67795236,133258289.75395876,173126972.12051147,13093961.665454108,11377239.431710845,56062035.322792478,9415390.6530682407,38647888.760996491,95768429.532615721,211087750.82809412,408470182.83830035,438689590.79523093,529638351.25216669
29680461.131102018,16558236.134113288,15594402.374877667,34990692.918526351,9309445.8142369315,14326485.224674145,22831437.774132039,26917694.580491696,27216507.207922827,7597581.1190219661,52898035.080744982,9454201.2971745674,70605543.509830922,14309098.867064591,137266049.09054396,1997954.0278346881,2455111.1730114659,8982401.6956361271,7018809.2786913924,18288296.650674332,11571728.241822867,8087205.3197840322,10223697.102319274,15684464.425005646,17470772.975263294,48504939.134111881,85991951.16618067,108527126.88710256,139251047.28128332,9741801.0998065434,8449054.2620787192,42109500.092206255,7208513.4105854472,29847379.301549468,72768454.583546966,161126288.01620364,309711873.11047906,332654526.59342259,402164394.76733798
21902281.048886891,12229532.589867681,11548235.31401024,26025292.602391828,6934102.6968759457,10653506.444242921,16880572.835170347,23836734.790227693,24055189.547788009,5690662.4763664966,39104251.901127912,7045615.7495684875,52513181.261757545,10612594.627459401,102007278.36616288,1480175.6075170671,2145712.762680708,6969750.4781263759,5190378.6194426659,13629622.164048236,8553983.7778616045,5947645.8807681901,7539955.4871514067,14249308.585604882,15596569.522366159,38753408.928390943,70352109.354390964,86961348.486857295,109628547.02596161,7192778.6219696729,6242501.8560928889,31086863.881091371,5332413.5906819832,22168740.575908069,53855958.948960446,119497430.9588244,229902479.09685686,246902343.31865388,298497603.48826778
16240103.088521028,9060250.4433571249,8580529.4878503177,19324883.495730501,5140969.1387889441,7897778.0085450672,12484102.153277464,21558820.313956756,21720339.867773414,5222374.5412174808,28973052.250325691,5188418.1126405336,38892666.203798845,7882363.7906912901,75631103.627974585,1104670.3782143726,1918197.5767488917,5482503.3306927383,3810702.126217721,11096558.728711907,6276731.5764973825,4356581.2509767767,5527654.5474801902,13158995.385060018,14154220.604057385,31273170.273553871,58569921.267206989,70852461.785526395,87654248.002925828,5293237.9861328788,4633633.5502607655,22950383.14918378,4228977.253922048,17681343.673861783,41073911.37672063,90040763.909763247,171917791.53831783,184550634.15637207,222826833.63678119
11783855.511973826,6564734.6514519611,6299021.0457109725,14152716.281048447,3715114.8923529587,5723553.294839289,9051484.7328289635,19776566.916273318,19894056.750613332,4771605.8992684931,20925376.167903531,3934141.2845102814,28705495.637039855,5817716.2369537763,55603772.18471235,813155.52954595163,1743380.0710701242,4327476.7148146685,2948858.0130841164,9580288.508259194,5660188.8451913428,3946737.8343758537,4875358.1560858479,12825337.702988941,13545626.592012588,26392203.989635222,50401119.925847873,59323189.939526677,71518498.850342065,3881483.0758487531,3409444.1184129687,17131255.883342411,3869836.8154426208,15168266.492433865,32619258.764891166,68375633.079458386,128579606.31734392,137849350.85096964,165800216.42200369
8622387.9107814822,4820582.1766719893,4671970.354546803,10545758.277529269,2910641.0614464055,4391036.9847854739,6652640.958023252,18572440.08251695,18667120.774016242,4365405.6822256623,15458107.46654579,3583386.6965830363,21715740.614646446,4301221.056024773,41581182.490043879,605955.4163614423,1628951.4377350586,3558036.0493136728,2703376.6198780797,8772947.3078488968,5147622.0750869913,3602512.4642629856,4449570.2569701476,12577894.314471925,13226690.32639672,23441246.757334918,45154052.871235162,51813011.632448822,60801047.292953879,3310833.744936238,2699712.3867721683,15048988.944237482,3545365.5249238424,13894982.011809945,29229753.931552678,56026033.914358988,101025001.15765448,107910411.7669116,128702623.96206307
6629860.9505700124,3639967.3849654538,3481211.631931351,8701752.9910705835,2656936.5824410673,3985939.0427485565,5322818.9626728557,18012709.958548486,18099784.595406063,3952523.470686411,11429989.544466622,3253537.1502434141,16777372.080179967,3316759.863625221,31996522.227380324,508964.20410136099,1584853.1951987594,3341776.198161839,2470712.9022746575,7971285.4203485567,4713955.5539399451,3286857.3747341335,4060552.6554291039,12357383.769256899,12953208.663405705,21880003.522219449,42634305.686429217,47964599.266174473,54930502.78299953,3061678.657663994,2497970.2594760451,13986974.205026319,3226760.4665050791,12646054.616255637,26895382.930218548,47426752.664878741,82033260.342161924,87188775.046042472,106302885.9759974
6120882.5098294877,3355670.7802343294,2579704.7131171771,10154095.145347623,2532288.7641086914,3786887.4972679946,5203748.1736061294,17890128.722457081,17970210.892041996,3971568.6978675337,10365001.977914995,3105967.2953114882,33621490.505834229,4456274.5891724527,50359594.146760136,507273.47119641566,1571374.4083787878,3208825.8621574142,2778168.3959368281,8370520.6336386018,4401940.6111748964,3115977.0610383842,3847800.8926608399,12210595.902407011,12765631.805002775,21122347.242539234,41544054.329668716,46454500.134139538,52884327.728878893,3299967.3239266975,2601135.2648516879,13756186.789757617,3048927.8957800581,12822461.604319137,26819883.215627279,45287531.272778898,97586107.391203612,101410446.03758734,119983489.09995067
5696243.6422896059,3117345.1631780113,13859013.053911788,17369907.467982396,6231350.6546529885,8655112.6616664659,18606322.518808968,22847179.339609478,22921509.433457945,5152354.8297686493,46623980.89522054,6675793.9504098631,34661454.848705024,6675299.212466904,68757938.04480736,839876.70691743703,1722454.9989518446,4576977.935316259,6961435.2246986963,14318060.953770893,5379816.6075198874,7800710.1821625512,9169351.5505163707,13798553.279440435,14560137.517812103,26644556.492623307,51928206.77122575,56532273.907323264,62519904.457776435,3099079.463917552,2700292.4295163229,14288700.961952049,3675145.8694078452,20715263.51667152,35422799.223456457,102968337.26130068,178306663.53868401,194439178.6935578,231070369.88795078
5894788.8217644049,3637784.9089030167,10521213.885591162,13369026.108127488,5037682.3008803697,7062749.7218394103,14372672.437581474,21185682.889620595,21255586.145705327,4934677.3836550191,35762864.291639857,5436487.040905742,25967239.906290431,4954205.9201952498,52036610.58617837,638353.20688207634,1633327.8944475157,3827667.117134443,5361313.3947114004,12253309.965698894,5258309.9762644088,6153748.6243267162,7333408.6965139136,13304805.317175956,14010488.352756962,25172041.939008854,48877873.302059025,54077313.973209977,60300861.901913866,2840689.3046360253,2483579.8119437075,13419245.962756211,3513975.5235992256,17830379.734838299,31561698.592005294,83592168.630925432,140589484.54584995,152832993.49669597,180814363.32849574
5508484.2172652436,3402384.0317195524,7800762.7977798916,9895718.0084469151,3782375.5445486535,5294886.7335055256,10621205.888394782,19677738.407387257,19742143.915141158,4509153.0053764451,26463405.130957525,4069799.6739460654,19123368.638061769,3644755.3781747278,38396173.961506538,518279.43907787482,1586008.2865642684,3458850.2306823768,3943787.415189018,10250061.358979668,5080947.2219681125,4693515.8760289466,5653733.2511468455,12830649.699110329,13489146.39817947,22892731.189396698,44906225.381891653,49748438.466074832,55559793.135544702,2601877.0772920121,2275648.4646828794,12305875.485707836,3226551.560395,15173452.912913691,27771518.0902947,67056485.175481416,109129601.73495124,118236285.82556683,138930550.14933419
5092117.3493547747,3106541.9909884296,6526557.2537111146,8205921.3265955653,3047855.0299511165,4419043.8542802101,8209465.6487655863,18800861.220893849,18860766.167070806,4274324.0995696429,19981074.683278102,3846689.5668725423,14178971.69650487,2721054.9729647101,28688441.072451539,479236.78409262502,1561526.2718636505,3299802.1647729175,3314019.6107363501,9254729.557937799,5164026.4195777187,4625470.414587073,5569769.4460228309,12822910.255542999,13462700.706662221,22339458.733313825,43301734.908416882,47742331.217397295,53117431.544145748,2380853.014140375,2087315.8741837074,11295390.723588334,2988060.2654411029,13819429.192001052,25385000.371903989,55768338.683285616,87595787.490074828,95527375.144462228,115291300.03998449
6269835.0099823643,3243322.2708898191,7773025.1786162267,8821415.1367698014,3612583.2870186903,5028851.8611408155,9056881.0971105229,19184978.402263608,19243843.920654226,5475401.2205475233,21119508.509918191,3910192.2605820242,20699276.952278852,3392963.4254512358,37758131.287064977,496540.22562383022,1564046.3326451203,3336269.914116859,3816246.2857630113,11077330.263096644,5177422.6399394916,5745500.8257910544,6843842.3144850554,13142850.687069688,13804119.290103823,22665037.046270534,44041879.046490349,48793613.630232178,55373026.152833574,2241393.1337184166,2128852.3763306253,11217112.182340149,3287065.3857964887,16049685.779007779,27566634.40828491,60796251.21870482,102331783.12463939,111841401.85787939,133336390.99914344
7089320.3691266757,3447382.7284779013,8207917.0696419068,13049428.883277074,4507803.4838309176,6557758.7890019976,12257547.926399617,20727037.800918221,20816503.153259289,8988411.7595549691,24495429.102280147,4492599.014211582,33278484.903058819,7198840.9985429756,62692054.204530343,839779.0944435118,1685230.1011827197,3712069.9139408027,5225034.2690195506,16239457.906746374,5895956.0428026048,5641871.6395889195,6755373.9601873355,13299328.990188375,13974855.256110603,23788708.478117883,47224907.863293506,52402023.236341387,59836826.967952929,3268279.9304737491,3187627.9930236363,15649166.0395044,3782363.1333119562,21875224.903689086,37806751.779040873,76883675.804044977,144315954.81367067,155072309.05798295,183590252.66711804
13640272.002314135,8607262.2649579179,6828061.9240242913,10046327.799439259,4149687.7787060593,6163297.8871174483,10693460.517319234,20103774.395055555,20187294.368959758,7691938.475669032,19042387.388404224,3969220.7988675693,27692554.61726347,5996722.0975735234,51357465.860618524,761985.36970361706,1671616.435341133,3598764.3896267968,4219360.6471890435,13899724.843208821,5712713.4601634871,4689429.7517599389,5674639.6045067916,12976702.679596806,13653876.351121832,25139124.531528033,48975645.951358274,59743093.098539956,73734572.9627994,3057001.1173771187,2986600.9058868745,16469442.330623891,3944479.4429264502,19552470.879700929,36288493.613617465,67381239.442934677,122391275.07203527,131156796.25313243,153458487.30414721
10718514.572353704,6655355.8796671145,5211326.0742781963,7419159.267513629,3199816.0047601517,4740790.7404647125,8096055.6045700563,18921445.193034887,19001435.576193675,5750934.2500229618,14055685.526631832,3708191.0818264494,20576565.528880525,4423623.4556314945,38063089.377412088,561194.19964742078,1603252.4280617349,3386138.3893077383,3108323.5980692287,10706139.497776927,5351575.892697054,4118679.6134123397,5035414.321528702,12716549.575225256,13354381.621047506,23055093.443303984,44934692.400078274,53411603.686667807,64454138.435630701,2810399.2333759391,2612885.3223180273,14764677.765124494,3635522.2976638074,15926593.298277499,30936793.777452435,54624281.216580302,95398122.595139623,102041852.22137311,118556291.35600497
7888372.7869910551,4897944.6749978615,3851647.8771961965,5917606.8205399634,2834913.3768391344,4190197.9710307638,5983456.8703526137,18195979.279290795,18269742.909793515,9011588.7237719465,10910615.177992649,3408179.1919924947,15615344.324845999,3377210.4577778196,29187155.515777197,513232.67673173052,1580182.6592161146,3280897.1209505978,4115808.6943748416,15052413.872527154,4993865.4581221296,3779691.185564626,4627541.2092141481,12513063.803992808,13103497.346052293,22056115.787695602,42958667.373926289,49527162.218586594,57713154.249730147,2574695.9484543554,2406533.2439334779,13684518.921134438,3521042.5021263803,20156524.809591036,34085004.384657018,53477980.293263227,84684913.456307292,89598967.733171284,102401819.87559529
6769132.4156930484,3727533.2078140797,2839859.6727428315,4357817.1797532532,2581074.0306739938,3821305.2465998502,5237694.8880836619,17859560.822392594,17927135.814311225,6959117.8752649436,9939908.1274820287,3102602.8596627228,15853871.095066646,2917028.9694059361,26737998.349631842,482880.96949779044,1558609.0551218174,3143173.8945566784,3129441.4887691452,11895357.336787891,4586322.4675538903,3460335.0628874931,4237770.0934812492,12299520.235914188,12844079.26209981,21083859.23644371,41427617.015210651,46688326.063918196,53731065.212714799,3404540.406102546,2574699.4634971325,14135234.328980815,3280108.5918447971,16649601.647389095,31010015.710450199,48867079.181530342,77097311.815368518,80719305.771701902,90202348.328994155
6347859.9881115854,3408856.0193323814,2351953.0885404968,3981884.6618892229,2387286.264175754,3533660.658848173,4759314.8991014734,17616338.584074449,17678577.516399503,14351856.839649489,9207296.5115244109,2925889.8646181137,15261333.816354681,2907359.0632298714,25511935.329113171,505269.14612244332,1574931.7825665581,3206192.9022689862,4154526.8416425847,20750414.236293558,5430894.7943782462,3892226.8164523272,4701964.6999963792,12619759.986900004,13166180.386680616,20991320.209852941,40891754.960376993,45717994.699938275,52317781.026459239,7132275.9353876505,3500469.8539841194,19175197.904622138,4009749.1819268297,26254775.351399995,45641498.520831659,62532575.090927064,89413265.326531783,92397956.261800751,101090344.88804862
5967680.0488683973,3179128.2708610692,2175463.2936648224,3675541.7455998431,2300986.4167771367,3370944.0935280221,4396346.9852932841,17437111.184409697,17494471.552855525,11189684.011087945,8492300.0763749313,3062137.1387266358,13640719.793839844,2646182.7492630831,23192331.648099158,494368.62097618112,1571888.8477068709,3150665.8845019233,3170657.8346843729,16332441.032805638,6756665.0128685553,4149530.8933087275,5278727.1972923782,13104782.837811695,13823019.347323243,21987039.016170297,41549630.746408828,46119190.537760988,52360524.297732487,6208829.3479973413,3093620.7493289663,17664264.280771084,3881704.5034268345,21606978.904367518,39466455.772178538,55242716.156262487,79695818.954128847,82454032.188298792,90492351.764066964
5843891.8010470467,3938919.1237153905,2014598.4825337497,3949322.460242589,2476875.4176181639,3573208.1066612424,4372822.8113215491,17475634.63165791,17540111.353449963,19444243.738272477,9028824.8879502658,3526546.0790929715,20881305.472989272,3898892.3891165219,32204035.408247266,504005.02139789111,1569275.2588809421,3167768.1002931115,11759769.229614165,38392195.962156132,21580011.649187244,10753838.95251709,13059208.935903903,18849311.683144256,20040837.055182349,29223589.243329849,49071578.647922397,54318181.371491462,60414613.528730467,5412405.062734738,3034163.4560637036,16972737.943063129,9349561.2608718835,50109865.972109519,67276586.348318517,83825930.331994206,117241804.17279455,119865707.54432812,128001373.93931407
9292305.3122723363,5563695.2659141319,2817560.6609476907,3835843.6669688779,4393134.2943853252,5821540.9823916974,8977448.353880614,19271745.242872559,19344914.477126997,19951490.535519671,10094393.52593095,5617701.5168614611,20509174.554818586,3919404.7739959303,32076187.4401506,627718.0995668628,1648983.9815451582,3504652.8286440955,10245909.76106362,36630565.044406362,29300415.243027296,19446983.762120571,23162805.489474062,23448233.362329382,25401380.714651093,39886043.512490921,61777444.054567352,68647952.893960208,78174129.001354516,6142812.027017286,4141861.3976861727,21396289.629546367,9857898.6122461967,48782447.769086547,70367359.175280303,88464896.509189636,121823897.27541609,125213762.02505527,132928747.87517586
7782907.1523650941,4381636.8329203958,2527425.6499663633,3740939.288246979,3859530.7045495287,5217598.8980605798,7823814.5237226812,18788838.144271404,18856460.213776723,16242321.2360301,9779092.2672843263,5075536.7946185702,16550363.267353237,3430107.1056420882,27422326.876340467,641443.79272233997,1682031.2821598107,3577832.2191919223,8468849.9060609322,30168758.498156659,25590678.242110722,17441485.039366074,20700090.374648321,21976470.782336548,23614495.02548283,35491422.919457592,56709700.87282455,62298089.072217166,70298149.270085037,5157762.7915003076,3800188.2467000824,21535512.973070245,9124094.4731819686,41335750.698070496,63048318.532628007,80696615.260176942,109348604.82874861,112429272.11910921,120277057.36635506
6595079.9357421221,3664822.9190456788,2293744.6543156821,3600762.3079598937,3727578.78163607,5104979.0241436055,7107829.8179070633,18572217.354704309,18645194.723493364,16023594.944574788,9330820.4543386158,5119817.3706337754,19127720.521689016,3892408.8056002199,30449403.186058499,854707.98066083947,1853509.0837351172,4452440.5433061225,7781888.3992600953,28995995.160111248,27133583.650673393,18489585.480245024,21886767.156090952,22754325.586017273,24336742.187655602,35469386.493294142,56466644.972388014,61256345.12901625,68051987.300401643,8264849.0610315753,5250877.4314743066,29287371.552310187,9661150.3032619059,40610064.257146537,70067401.623565197,88039935.795897156,119628636.26069237,122456167.38340375,129963702.07784997
4930272.5300168814,3672392.8500983603,3834482.8754948783,3691958.1597519703,3568619.6190859489,4985805.5866226628,6052092.814874569,18303577.043851733,18381952.844104409,13067030.945324309,9632491.7310936395,5153738.1373814167,17899789.431357142,3077157.9036919083,28601527.379516698,645521.73287594423,1709548.3447986029,3807744.1292442949,6947280.4786552107,24352561.509830471,31801168.906279374,16867313.426436078,20421763.596179891,23670118.129610807,25516934.099341035,38852859.79872828,59695677.208706781,64562681.060297854,69724318.856616616,6239100.6217168523,3933121.9665444363,22043033.201871593,7514008.78306159,33585169.191838115,55785594.676816158,73690442.955981955,103634043.43850367,108014037.11490367,115568286.71769135
7654818.3844957883,4969320.3126650723,2881379.4044376947,3512900.4205925567,3016863.3965041041,4389830.4947715532,5313987.9415389877,17947223.535771247,18026975.564930916,9730193.0166291352,8954256.2139635868,4446665.8300888082,13340939.889450388,2628041.3871463095,23146739.923494734,522989.09669809742,1608872.9196980409,3466420.9800731386,5273462.0952898543,18275110.050148763,24325458.169116072,12739311.310012421,15480759.816532705,20610168.756265361,22064860.401613839,34117413.376702845,54725506.493587941,61017926.212393768,68926635.846859887,4602572.7242179587,2911317.7528280527,17202503.915410485,5546657.5978670791,25417230.057092972,42765000.737891391,59325762.376776055,83715021.637065321,87104591.305134416,94504438.049872011
7353987.9184615705,4319687.267359741,2459562.6338990116,4553058.6717395214,2805437.9070176641,4084791.4971373053,4887304.8320172168,17727463.666063722,17802177.665618032,7467376.7566887364,8363580.9959428925,3848041.3607333452,21149695.773916114,2948742.192421346,31426109.772522133,531818.53501305496,1607699.9968238394,3410571.0572750662,4083245.0433462798,14059093.142756615,18087139.761012964,9447822.5008079149,11483002.09606774,18071397.651361886,19161000.545166284,29024210.027455989,49267936.382575572,54875025.400037147,62473305.574445352,4710033.5906966031,3248912.7038396169,17424065.06941266,4634158.1026970567,20182443.806174982,37750300.220214196,53516316.58424969,86236398.854525819,89348316.854877502,99408602.337077305
6442364.2851891704,3768587.7159595452,3421141.7055830108,7418290.9105996238,2686283.3625322692,3925707.2561235544,4801378.9313205136,17656775.400783617,17726829.732046127,5764420.2876682542,9064940.7140037622,3717659.5196371395,19283954.201447625,3027230.2092606868,30956974.407350939,527056.53446711309,1602253.7328418207,3418868.6356902961,3499018.0770002054,11678845.293104053,13735750.72801383,7311542.7311262162,8899978.1105575338,16347129.808816606,17221006.319135841,26648233.172564916,46714564.930767223,51788674.535281561,58496531.822518468,3541638.5580584174,2731238.7989955042,15270970.990417134,4572891.4259287119,17814763.233754128,33258264.809473488,50235009.224395752,82979095.905863866,87851851.938031971,103846742.39162081
5241213.4840193903,3524675.894006988,3136641.6370066558,6438760.2222700398,2731337.0735734333,3970032.3668527519,5180030.208660813,17748607.589643247,17816073.831802361,5307644.2607114818,8903551.588936016,3522902.6034271256,16476933.455119768,2784595.4556177505,27606063.347872194,591913.96051370306,1680219.0756542385,3805757.193686178,3020882.1230396354,10396792.631472141,10139602.719461486,5432916.3157652086,6624888.9377418552,14873924.815788977,15573952.785000186,24471868.28916315,44548428.754814573,49437110.502861843,54988760.86801181,3263125.818114134,2618559.9235985018,14511584.121482568,4284502.4749457492,16179164.276327197,30854432.744163804,47993371.213058591,77161155.318867594,81444164.950862274,95865812.623427063
4776091.1958410982,3448442.5176304681,3597020.5578005295,7919533.8343275487,2586391.4446315747,3788232.3076430741,4958038.5594544802,17635341.404798813,17705164.916675847,4872851.7074977262,8541511.8516326454,3257297.8321922822,13790835.442414887,2568732.436033194,24426955.923267305,512990.85636335716,1604325.342536489,3492108.2224125308,2820698.5958073679,9634544.1101172902,7474911.1674402459,4279387.3272191724,5232734.7238899888,13849739.055731466,14499531.374846021,22944181.635866795,42916547.982698038,47700348.426158965,52787303.942986466,2998060.779997265,2410915.7840357781,13355603.827808065,3943455.4219296286,14972861.668444401,28479774.186678398,44690421.09485238,71276317.516766176,76774005.973218575,94881748.331892341
5386383.3268490955,3645148.0099512213,4141640.7675887565,9773716.9355947208,2665636.6127260425,4029905.5231659603,4763656.1476040436,17735190.649455935,17874193.745361879,4506882.5589274941,8287919.1547138924,3282398.4451351045,12905563.611117424,2696200.3078176184,25638671.333750434,535670.02430402604,1647895.991993526,3601526.3429316888,2593843.2062270194,8885152.3155913576,7458451.3403288079,4154394.0379870282,5089526.396215531,13805339.863936,14460093.417239023,23494511.78834457,44271414.608513728,49346144.368770078,55040662.502718955,2755654.8172617564,2324693.1092470088,12697621.480502862,3703736.8498875336,13884688.096871456,26724312.834368832,42797641.999168076,71140023.586522371,77600235.846176997,100176412.20200451
7768956.3374428796,5559534.9608837068,5493102.7299510902,13460549.75253165,2740800.2346348721,4176352.1109470306,5245043.0886167185,17971078.762631096,18082925.502601199,4269633.746187727,8705168.311686445,3262292.1807877892,13599591.557691498,3173878.3352683182,29524831.365757227,550318.77049914119,1647290.1618783709,3599887.6052402165,2468548.40486883,8426158.7173680458,7536739.5517940586,4125427.6603188077,5074565.9121881695,13817437.122569941,14476568.185423199,23750473.954203527,45319788.103662275,52604524.9758569,60749793.492184117,2562157.8297566897,2251123.0801821398,12162903.396901175,3515611.6031992924,13182219.442887716,25483888.376879618,41991855.756572053,75433487.270979613,84151581.705879226,116479874.37534001
7029479.8877335098,4912039.929386762,4706718.039526334,11200984.219815673,2973806.1754785068,4561376.108105585,7250791.0149655147,18569615.828539286,18681226.657127336,3978662.5684910752,8732029.8705754969,3179267.4788706726,11895499.646537691,2706309.7843283587,25263587.841083314,519761.65170884284,1606439.0333770383,3496153.4754526643,2412802.8477649144,7974895.0456841439,6201817.1523412978,3916458.3647398227,4827434.1242067842,13411337.786575589,14046997.252660898,23098780.038721815,45080643.639711693,51742813.080074169,59143983.329878375,2367739.9049959574,2106495.2851530118,11391968.856697926,3284282.3744240534,12467135.174525157,23999444.501771975,40285394.796297781,68766801.285707012,75971884.868255377,103741285.41751832
5780402.6886797547,4099755.0782469013,3787662.5675764098,11337448.080505894,2833661.8348241253,4237370.3396345396,6018009.827804259,18140263.177039701,18236024.022033352,3673629.7091606273,8634545.9235188179,2985883.7188726752,11632232.541698495,2595369.0413177549,23743179.923717286,492772.7552869459,1587651.5099921769,3380041.9844401162,2307060.4651808753,7456387.5925864242,5724823.6707395092,3608332.8929350502,4456093.1509552272,13186789.547501629,13781397.919538084,22236193.591683913,43299204.38325917,49280350.778751262,55716184.83788304,2177993.5454684058,1975558.1431325946,10544722.029258428,3020341.6157434541,11608566.343033612,22283598.577152975,38097779.342774503,64896741.463103741,71599197.946120694,98391070.501975968
4800096.6124703735,3563943.3356923279,2814074.7639910835,8564965.3654319402,2607516.5242317524,3897823.0353533104,5363587.9179590521,17836275.166309278,17923699.241973329,3370267.7731211111,8030717.9015758922,2731305.9013786092,10689587.734759113,2382818.9297266477,21008399.256950565,453652.36258222617,1560876.3512997814,3220414.6445622114,2145523.046949313,6876282.1328232056,5244978.0434069773,3302415.2333726794,4079009.2612806177,12957604.702344721,13503900.556869686,21262579.12654664,41786841.177610062,47092972.911255389,52381618.393457703,1997625.1543030837,1812881.5351699786,9679015.1510004699,2779320.2166354288,10699037.084297104,20498837.006419528,35257771.755065866,58541499.238420516,63548605.93797683,83736473.017040581
4383610.209700183,3246636.3985878434,2365683.39794095,6317711.8594831899,2386205.8876777822,3568862.494821826,4908693.4418420382,17586359.911856275,17666781.109854989,3086084.4569534259,7363244.3371044053,2497311.1801984445,9826805.7642378993,2239144.113979476,19385426.14448905,459356.92237930355,1569929.145617503,3266208.7227256251,1973459.5087196066,6308734.850873691,4787296.5434992611,3013942.4615984219,3722103.2434970103,12736947.815206628,13237499.557663048,20358131.30312549,40412041.918646887,45258064.258428551,50031922.573784269,1835067.3146009797,1716560.5313913221,9074921.2657268029,2549414.0413496918,9821014.3913501147,19009821.732272908,32909846.000352871,53980518.202253006,57968434.556754217,72821206.305119887
4011799.9848441635,2967996.5043154792,2177318.0555894598,4655415.8115790496,2159746.3815832986,3244915.288041418,4447554.6679356946,17340761.340419602,17414711.68769525,3982542.6457730262,6822243.9381681988,2277833.740860173,9143534.7798624095,2064874.7769063283,17971043.270129997,424122.35890878038,1548498.4995574132,3152217.7892771992,2085564.5135106903,7404140.716741086,4410023.8505472159,2781289.6481799507,3429736.6211320003,12551096.564967977,13010783.322729766,19545618.628765967,39156081.220453054,43596039.759169586,47966850.145242795,1851166.0572803174,1628237.3468213743,8803020.2529236767,2911309.4805171569,11251760.701658091,20162709.878573343,33189594.916572854,52587295.102055296,55967904.40845532,66909862.971679717
4200471.6130181951,3128620.6504350482,4614578.3630948346,5027432.6685248148,2423857.0458429423,3585234.7395153549,5204742.4940032419,17663476.412288465,17732623.660163507,3913962.397274965,7799905.6763549615,2834013.5324587408,8784855.6563815847,1934443.0123685785,17331818.64179365,394780.20889376826,1526022.8057341166,3008922.9421914313,2041937.4120850421,7222141.9034866933,4571859.7063801419,2859070.0196288428,3546484.3620207114,12606623.554385601,13101039.60403857,20208724.237775039,40193162.625369705,45168362.321643747,50217174.666539446,1914347.921907508,1643657.5707863888,9045964.0897946898,2857835.5947595332,10962883.176329261,20109686.575138967,34058957.414637052,53447366.675364211,59369497.119260743,70110193.947133854
4092960.9807555629,3588633.5954947327,3783271.2563562733,5782982.4623498647,2544204.2134330366,3709328.2546270853,5089497.0076979967,17635562.168009136,17699499.198518023,4425305.2128853565,7534727.8144765478,3202927.7350354283,10432941.062220585,2128397.4697472444,19365972.524315428,406512.30583223491,1525304.8844930995,2969067.1612318605,2017714.753480193,7674735.1447126325,5127940.2474585259,3146318.8984536072,3930414.1942331563,12831169.185694346,13387429.069577213,21291452.064470276,41300457.847357124,46657940.564583808,51391639.020428553,1821353.43604928,1706307.6699019445,9040983.2343808077,2914102.4762862246,11427129.152042562,20563679.011663537,34101703.315233015,55466062.636944257,60856357.894648775,72298768.152755857
4119196.7857029662,3549475.730063648,3775340.2496288079,6111171.8660811195,2520086.2720716191,3624298.8292126982,4800142.6316147372,17514922.227478042,17574178.120253209,4195391.8004389908,7098944.7949259514,3376825.5335482266,10344352.902292229,2149255.6714681713,19334283.133146603,387633.06223615474,1510906.5767950553,2867298.8446567645,1893717.6564980613,7246989.8965589367,5235318.124797184,3088871.4013409228,3868561.8682281375,12829308.69582493,13378188.741996452,21187483.685043871,41017203.515946954,46984554.940322161,52343601.756980516,1693483.9715371658,1588287.0739630684,8476208.0071670711,2735834.6052288339,10760663.711300539,19330481.580292691,32145091.055689476,53592396.599753372,58767162.103077441,76724167.069036692
4420396.5432425709,3473358.4863718911,2924737.942075971,4805761.766970708,2364705.491245483,3394300.2517497144,4430057.3688366003,17327241.209674213,17383847.635619942,3854189.8527415483,6582429.8593555549,3205130.0499182031,10275094.799442705,2016681.0231296751,18796872.417082191,360197.35154931707,1490457.4502634681,2747294.2807183489,1741334.3726092894,6664016.106786035,5228651.0422889311,2912170.4365186607,3669486.198095243,12763932.50080977,13296931.341727288,20704399.285739433,40241255.742199406,46186626.187781148,51719158.713994108,1607067.6153749512,1468862.2809529619,7861747.9461077191,2550348.2133767107,9934730.4623252302,17889402.740846291,29861283.350962013,50277469.401291311,54258832.520012394,68209934.860066414
8875634.449366523,4375150.5145840626,3907606.2278613732,4578187.4216566514,2498842.5290429443,3614286.2641119435,5233427.8710092548,17624678.499245062,17677558.884372942,4220731.0063291593,8956521.3663743511,3178881.4610845638,9781050.7152625937,1925332.1149487256,18048858.094510157,339724.92563163472,1473077.2342080744,2677119.7567667714,2064995.3181397468,7390496.4141554805,5154875.5377513263,3208650.1509235026,4015200.5014906735,12820551.274935113,13389114.064810596,20909513.196231,40833756.860960089,49557672.818531536,59901908.489930622,1484277.4645400892,1381575.1032885208,7503185.9581399383,2444429.9986004392,10650277.658662107,18259553.43480134,32782619.38214992,52743468.762436554,57575632.59853863,71836264.236553967
11052651.730444072,4761346.1045369226,3392154.6016355953,4324228.8978422265,2542450.0402053855,3636069.8005023743,4996588.786469656,17537805.076881573,17586895.928310174,4081137.6491413475,8439931.4250159934,3407202.5634951508,9018843.2224409655,1771495.7993963985,16846689.778017458,312937.0626483314,1454351.8836108397,2578769.3996434906,1958429.9685649993,7081271.5891098082,6073175.6995382048,3448763.4614289314,4340938.5316410586,13125308.006060371,13756824.866266159,21718762.744513024,41510051.645627975,50450750.347186245,62772035.513544865,1364348.881647252,1270027.9756821091,6917499.3577148123,2267917.6450398178,10110185.146259556,17126697.113604762,30843200.789681777,49437312.308443613,53824971.731531508,66371233.36144796
9115990.4280263837,3786635.1379992403,2595229.7356548081,4069056.5370633225,2388086.4942646292,3403355.234241921,4750163.2117704591,17380532.538482696,17426083.455302596,3756722.5186138577,7857207.5914394353,3217954.9460685202,8396090.2796376478,1628998.1830737244,15647386.364893511,288247.02726047393,1437060.3354861198,2477888.209566717,1821721.3756943317,6538409.5872484939,5802875.295992393,3254984.9231322482,4097929.3737845579,12984570.982335469,13574037.106952613,21012347.436347894,40482560.752778761,47458142.542319819,57523564.217606887,1255229.2337986308,1168465.9824014064,6367244.8960778592,2084133.1988253871,9327936.660513198,15788248.8882726,28627230.996563602,45725408.261077225,49063615.552451782,59303770.071252629
6790589.052258011,3493310.4561495758,2330439.8433549865,3745647.6879163603,2206542.5242341738,3183354.1741971918,4421539.3687914182,17222831.416455928,17273401.633953463,3452566.3410375263,7245547.2863236982,2960883.9249597234,8096635.554500768,1523700.1486052312,14811823.802962555,267066.25565053691,1421355.5889752817,2386142.6847123685,1681748.0211688073,6020095.6107920501,5340193.2426291592,2998006.9730670783,3773575.2129330039,12772788.635127902,13316457.475977425,20291993.834830556,39573752.735080555,45429103.364761233,52922231.497823149,1174601.9411505177,1086166.8315143902,5898671.6232141228,1919241.3634901165,8595336.932908345,14586635.21061353,26570341.164022814,42719808.416060634,45684240.909256607,54489595.344266824
9313307.7655223608,4481298.2877629139,8863942.8571656421,21217942.533355817,2264379.5116763711,3287257.1500094691,4508107.8310681786,17286590.69108887,17333875.403715793,3987268.8097541276,8593688.9397000838,2900561.8515555421,17986580.060669854,2169885.4265846033,28634480.415383842,307712.70837474556,1432536.1952904256,2480836.4122562287,2533776.1587652373,8085172.2430728357,5007423.6696998226,2792245.8423425248,3538180.8219274282,12615856.48599674,13170410.351016924,20513262.039067231,39949393.799882621,47094586.459713519,57126575.142359339,1800258.8738723854,1482797.3004180195,7517004.2744345153,3078501.4406396449,12096299.966208529,19732832.620287072,33878639.494419277,68279949.499323517,83555568.580452681,131811860.84226838
9669186.0417182855,4825249.6719880393,9459659.2282637283,22154844.61496678,2303884.9758712319,3366337.8365954873,4743067.8928397857,17381914.054142036,17433536.657057654,3994625.3074706448,8921954.1940432135,2760521.9440144263,58144429.092989355,6096261.1150809526,80050292.845183268,464412.3771818091,1504632.1894933074,2682036.435303282,2498306.7369048009,8306905.9359765854,4632177.179336126,2567124.8201060486,3267667.0595527189,12437116.065211156,12976345.372238036,20321044.167393368,39963884.978969753,47831433.118532553,58384266.127711184,5336858.5288402364,3902614.1988293258,18434796.767993007,5773832.5358935362,15087345.033952398,33641754.732875459,48660711.989230931,134550472.55906698,149655094.61766076,197260790.31366089
7774394.8979841452,3841020.3979907692,8587012.6364189629,22124540.766657915,2512453.4373135692,3698728.774352157,9018873.4175560903,18626772.388857424,18676812.476110294,4766768.3465946568,11990425.603971245,2823751.6208556416,63849795.155675739,8935366.2358686179,95909367.33445096,1084007.4120977903,1847161.6942587635,4102027.7607150916,3688023.4969828692,12022610.990737228,6025370.9230826367,3205217.9060496227,4007275.4327948675,12963267.027698254,13529114.881485762,20832112.131657805,41670644.577274837,48258220.886816233,56804843.734526254,6436533.0615199655,5790127.4126949087,27357809.116727363,10803715.400810942,24317633.090773147,51877369.91552978,72733917.242362589,174280455.40301394,187790677.72764301,233046625.97633487
20682428.679840501,9683791.8692185897,11327700.274980964,21082102.030304793,3352262.6910938839,5211983.4057355421,10927653.545704627,19956649.020846043,20053162.700212359,13455383.544966917,16827383.612195641,3922990.8150579883,64935531.058735527,10118750.437450837,102291551.13699102,1472751.8434106894,2163172.7008376983,6218690.1081577549,7880358.517528425,27689265.204676911,14373099.522127397,8915495.1510471646,11029853.601076886,16877615.717815328,18072735.616771124,29053851.972499147,53604849.807820618,68773891.524399295,90749163.019229636,5544039.7151751267,5852527.7546354188,28948703.652806196,15984807.251514299,45510227.739613272,74672748.182375267,104351846.45302035,212934460.37419528,228375750.96041712,272558113.82262117
24986581.335131645,10888734.666962469,18994249.326713622,27157251.864269167,5142135.9969270853,7655562.7165906699,16626893.635749996,22214694.337382779,22311757.457405113,16868783.973949999,29842329.427535225,5809050.5054915873,51287546.229582973,8941473.9406978991,95861702.734747067,1663438.3838936582,2345759.6003757776,7755109.7367312368,10523240.163795535,35281017.844328783,19675273.646859389,17640271.663127732,20847291.115052626,20750140.809249282,22231958.342240524,35537808.115983568,62792522.555089936,79577312.411796331,105741900.39173125,5228421.3556912541,6217012.6052423026,36891770.346704379,21084303.212443225,59641734.624955654,96802510.329500735,149391385.25170383,255985607.22415787,281064828.19226146,346882239.40950847
23259169.454305969,9021322.8221883588,14423386.242821002,20829400.219358716,5890330.6543094041,8192821.0561363958,13421186.665836655,21285755.297126517,21376176.051076155,12812066.912164971,22980427.916705843,8989759.0573081635,38071165.059030168,6629584.8887104485,71949171.225658551,1236323.3232003974,2069303.1184605211,6193793.0555931516,8117920.7945663836,27004580.690478381,16294855.157050574,14790335.12811601,17704138.257303342,19164533.414605334,20642156.306292169,36094558.553460009,61451583.852338791,75577146.488728061,99825621.375744209,3857313.4635835509,4598950.3922828399,27485611.644148555,15828833.723517084,45355306.982050955,73094751.127319768,113812251.85307102,193887103.34176585,212941224.29523841,263354694.31717378
22909777.975317564,10132711.68790268,15068759.795953523,27215570.249788404,9721233.7327668481,13742039.386096844,17425042.915378261,24599798.902533501,24798943.28731196,22594345.457429446,25767294.54479713,14866456.479328144,49348303.216464274,9352270.9449089002,90489951.924231917,1292192.3844870646,2041860.9621133727,5749654.8369474709,11059741.69238404,40685711.100895658,17514329.864334557,14300715.325662615,17573744.185417406,19509352.957310669,21715757.760888636,50602546.218985654,82325606.072825074,98717764.428929701,122803766.28493838,4204453.2647940721,5072851.2665781016,28659512.68643358,15547884.182995711,59003844.421696745,87906044.371686369,130373465.55791685,229928748.78435305,251039483.7306278,314031345.92478853
71416185.857189223,28370371.276156809,15559771.419275099,34427857.399401695,11494744.964558082,16819444.918599024,27396896.27617649,28833285.728532478,29105289.146216542,25821194.35960478,37163934.335477687,15124482.747972542,80699838.67683579,18227533.745415509,150117660.43749166,2333113.5831987429,2668369.8674691073,9708957.1766802445,14928916.019314779,51497882.230673432,14743625.583735326,13338328.751748847,16403998.31051293,18562877.09620361,20721723.055869032,54499555.907961756,96398332.403003559,144550192.52296674,220464687.68694761,6903053.5197864026,8678660.6613218691,48969399.480162665,23814972.49214676,81335007.952369064,130974512.28992026,197368095.03796461,357739835.59884822,379781010.59927166,453625982.28042191
99461285.978852078,38069146.885646604,30452575.186696034,46360374.493601754,15872950.501098376,23708780.609088976,37232410.183380947,34819792.540674016,35289734.651319735,27288934.08783539,62753484.814362526,21352833.367715407,66886394.068543889,15442968.881959656,146012797.12483898,2274585.799699835,2674165.9556118012,10622259.774003135,18915176.476720087,58371449.78022147,18335107.326862045,15123257.863607461,18834571.266710728,20151464.101182174,22927312.775868282,70472275.435494289,124817427.31856044,189757985.47893795,295288072.94015723,5601081.687675612,7273882.166468231,42742826.725844465,22772776.438877344,88351821.556311011,131959616.15399377,236739805.53373951,399880088.25080395,440030171.21469933,542744061.71829748
107568149.11648634,51097075.9377544,28930465.717320248,43558387.241389878,21734472.228416689,34436036.096018426,49546011.68865481,43961575.079657078,45125014.838960923,30266155.555510633,72929468.635151803,26208243.926143479,69381967.397416711,17053539.016298831,153502683.23217088,3346962.7433701297,3544013.5575750633,17015428.895768791,20791379.52872036,65749740.676641241,23603119.844755944,18019532.779182121,22526115.672258895,22502613.364467729,26011409.321231943,95245852.432918802,178085453.62715694,269182494.04444814,386611557.8442806,6359191.216231334,9489253.8912681416,57926887.331795171,28734721.583243258,106062435.17319822,165963733.6230011,295043980.23837453,464482731.55578214,501881361.82679838,598187889.76444292
83525406.92817457,40102848.097803406,22997119.354031581,35424138.772114985,17928718.12057532,28589247.062383227,42884157.051440254,39786715.787747823,40767437.08736673,25713273.591240037,60405918.742230996,20636297.890085738,55855919.505164765,14771885.794296617,126060485.04808252,3071297.2500507054,3401587.9348425707,15147045.877706589,16869306.810971845,55163625.192023613,18478147.791876923,14234475.672367292,17793147.738902763,20068071.127684399,22814842.846974611,77713082.568641528,149390935.31288058,221279232.1419645,312602091.19763803,6108661.1859426349,10406710.767083723,74407730.725726992,29371466.377224907,94500079.20382832,170531675.35896322,278368155.08253849,417275933.3654114,447440871.16468388,525208928.93405145
64382393.85152106,30768588.206901159,17491704.920217622,26944305.201921683,13765041.885374475,22148346.770018015,32846560.0261085,34322938.152928405,35109958.267869674,19299544.81935823,46308791.400648609,15649498.733607,42878224.269481674,11712594.940182099,97637398.337570071,2364084.5658057583,2904989.8910778607,11798267.031032948,12787553.590046933,41631281.802400254,14172552.625798043,10685049.760086933,13465207.711326256,17922619.07095756,20088491.303938732,62777497.423773892,122284407.44485447,178197637.44872889,249006842.81325975,4527027.391367048,7919587.9831080744,56907820.469815157,22136306.716180462,71320764.616263643,129444800.22854352,211978820.92240927,319366028.10343623,342288570.11942375,401234325.90070188
48517975.858298466,23010866.969269957,13831642.380407384,20195369.484565958,10404632.338605642,16765442.227971584,24514216.663683668,29564021.886743039,30156990.383064914,14305689.084760267,34805658.0263227,11804418.490898762,31866677.892945006,8751191.9649836533,72997285.174839035,1767931.0923554616,2498851.1319858129,9110621.0705297738,9501423.3776999936,30901063.417305261,10594532.934439968,7985493.0930629456,10107761.403689742,16185923.084915392,17850921.789348472,50237553.222798571,98757516.831793994,140675728.98681882,194049686.71066013,3533838.964533993,5900811.8510914296,42481687.748142071,16455877.80367326,52964696.621261299,96346001.29591006,158499317.40513101,238947699.68516499,256831937.96234292,301179195.61964273
36409204.222531497,16995590.257429093,10345770.174912212,15021396.371599533,7718348.6032797936,12437504.25918223,18178209.348333042,25840383.138780687,26277556.045735519,10580685.016454725,25716143.726977516,8725193.3716185875,23675242.983563222,6489129.8932657018,54213869.88957601,1312359.670851921,2190449.918643205,7091067.0399673451,7023273.1607111217,22865618.764009774,7793010.5965507282,5863628.7889569327,7426882.2000323469,14800346.383143082,16027646.177120879,40034529.26795245,79865067.007526144,110823691.1168668,150827408.96778691,3243414.4105655085,4363772.2995827068,32126656.403810751,12221703.313358914,39224282.863771282,72009022.98979722,118236441.52856064,178006946.58519843,191371731.8766993,224368790.81773695
27485254.340412669,12604848.087669212,7684293.6724504661,11136509.076775206,5702979.193334667,9192822.8822963368,13397387.283684209,23043266.972070698,23365790.171034157,7802646.9864363428,18878953.414973084,6465637.0981459254,17501888.6186307,4804101.0626803339,40126146.722001612,972660.19484955666,1959836.9952022096,5573181.4443213278,5171108.8568165237,16847420.853099119,6188660.5884956615,4430446.5057532024,5590424.5110474089,13921495.872129465,14836246.997237442,32675905.239833634,66062833.90925727,89023995.60173732,119180610.96095298,2975875.2054203479,3219469.3299470958,24340611.504724618,9060807.4773034584,28930035.078915808,53753139.859845839,88072691.869732022,132332413.72762918,142255290.79482779,166696011.92395237
20756153.701421242,9286390.9546291064,5716365.9198277928,8249432.6083769519,4242562.1374032553,6850695.9532456696,9866433.8129920345,20992259.220356785,21230158.582736216,5893360.2562453104,13922224.504745817,4802533.7211683867,12921492.257017685,3554711.665258023,29651756.147392448,720134.8717050635,1788114.0055969539,4459393.054647957,3807938.8478005771,12559082.918278467,5668182.5870833462,4065566.0457449234,5024772.2229309343,13634216.168568378,14349539.221201589,27685068.030885484,56309747.947350614,73245824.664372623,95968094.122686207,2732716.1540099285,2702613.1254476923,18852376.288936593,6706106.9458387997,21495525.66177417,40705341.452035204,66415907.499934934,99146684.561166897,106538211.47089297,124685232.49169385
15864861.160959985,6883376.0650104461,4243968.3577746693,6097149.8700952176,3151868.701306243,5092376.4134208709,7285908.7102484759,19482173.41099143,19658835.113693796,5423622.4048067499,10847307.4143763,3967912.0354188578,11694325.608495468,2755612.7598108053,24186096.184483673,546624.95398725301,1664771.2115561077,3674317.5978499404,3052292.5069253994,10597688.055815324,5185909.4160143975,3723473.0228960477,4605746.313171735,13393934.732718809,14054346.404735869,24393672.594901625,49549196.604136705,62138246.382633559,79470202.271537453,2574809.1591909411,2516298.112841859,15921263.77709819,4999883.2084969487,17352723.65696447,33574377.926544264,53544768.517839752,80022828.552339748,85521737.916887283,98973109.499865383
12622234.045417231,6220631.1346557625,5435466.2168589998,7401706.6088163471,9584887.763514692,13563343.38811861,15004746.331766676,24075678.131977081,24381144.906495221,8772434.694436362,25397543.139595695,13883263.245887343,33286629.068056393,6452994.0648852717,59296425.28414619,1377577.4573333119,2244958.478676246,7369415.9182229098,9854309.9419375192,24475860.291682698,5642877.5816790294,5001447.9449123656,6467102.6502470337,13982609.904133599,15267249.59628907,39907164.333048657,71474659.583126768,82495945.350131437,96303053.00422737,3440428.7133041099,5164663.954948212,30337312.071152188,9314032.3437948655,37906730.258623585,68827921.053706661,114907281.55705501,177454662.58356044,184026412.52030221,198159692.62549466
15522131.929678595,11835744.432797793,11347053.565682136,15650413.121541027,10474917.884304952,15684183.176492058,17777529.390005786,25920556.209717281,26372114.629521284,7032513.4222040027,33053165.93327238,13134148.954696748,27607512.193553537,5117233.5225037318,54892434.59629035,1113688.3930573938,2066678.3679793701,6345081.9081130931,8606350.3894163426,20276607.114600107,5691206.2782513229,4566878.9736291226,6122766.9859813917,13909409.902090453,15603004.079799915,49674107.129375339,87537808.814250678,107228560.45676744,124746858.61599955,3252042.8703637975,3982630.226702515,24299785.532543279,7337011.5649448056,30962442.516343251,55703402.439489029,108629144.67660919,169605289.05014756,184126995.91965303,215707856.20612749
12278337.264054727,9284700.7438287511,9250157.8688331246,13198772.67493945,8726566.9281496964,13101926.267468907,14411714.562025821,24046334.709991898,24447306.706582107,6562288.1919976315,26041748.282381535,10894761.803507755,24003055.361596432,4257510.8287974568,46645391.625467576,863759.82204594626,1883998.17222234,5139479.3451497881,6867512.6309713461,17013412.973471656,6072323.682994402,4564723.0258768369,6078490.9801881881,13985802.308791723,15518466.423786502,44392599.917624727,78492249.1100775,93768259.034438699,107559628.79359503,2992353.5615753676,3038955.9615967851,18698658.006171193,5736603.2714272272,25298567.623451114,44326051.886515774,86008434.102285102,137529640.74115896,149281503.17380697,175168129.85572237
10452622.367588058,8291097.635428872,9082458.4929756075,15341219.206413727,7027655.8915454196,10665797.37752451,12913203.205953389,22764841.761904024,23069947.18317952,5812087.7472135127,23420976.752024099,8559802.8235138357,44164765.939274713,6901006.669231317,72163175.861453414,1045148.3770470906,1948265.3922740133,5095002.8598343208,5633327.0680931173,14411117.632539421,6844293.4510030299,4868960.1711164024,6230412.4314262262,14207998.608216275,15462522.06554326,38886413.691276714,69941874.437497184,83797405.796124905,95856040.959603757,4421464.8779400522,4974988.6923407763,24181001.87798759,5306222.0017174445,21806561.686118025,46286252.889913902,84347258.156328276,161440593.91814145,172883656.3813723,204344721.6973702
8568694.7923462149,7040158.7914126283,6958563.9869930521,11841130.284237951,5668808.2282974254,8655706.6798867565,11316692.363089373,21541768.269184928,21768696.003825858,5761199.6421960257,22766745.449722927,6781709.2986596879,34648461.911635935,5974238.2715960657,58907437.443094686,948975.14960368432,1892041.0734478482,4846237.6613959391,5532967.7836627671,14439326.508486632,6264355.0524683716,4314769.744251349,5489979.610931363,13866800.758672543,14964646.459191227,34516220.151965119,62577397.305486463,73855191.770826638,83643164.544688433,3542125.9734853753,4066630.5530307773,20659671.020748641,5841046.1385276346,22627933.008402679,43602023.012968384,80066315.060519576,142773535.39844084,151523431.22036025,175626216.40085453
7077625.4098100169,5241276.3631211678,5173285.4066637196,8788612.1224602573,4266395.5677177478,6526359.9089967255,8511322.6119402349,19964759.060465135,20131295.680604313,5393225.9610058321,17274525.792034581,5113161.4125382202,25689964.781014428,4425600.1224514507,43809407.197263129,704024.74020867574,1741793.7091271165,3979899.7892069984,4331001.4692798285,12145654.032234263,5832569.7353850445,4003926.9853315926,4983701.4745288612,13615243.2604619,14455794.560055651,29319542.488728929,54173450.193588488,62521849.688470505,70496611.222698361,3253087.8345717322,3003469.1497488134,16375460.451297106,4487312.0881108511,18451238.551422052,35118256.572966374,63032804.109214753,109668490.72317877,116164607.06793392,133994968.29857121
6639719.3347276617,3959912.6327623492,3989468.2487380169,6518082.3186828634,3315377.9098117873,5135377.3398578987,6361313.1071881456,18884717.567939587,19029640.634053215,4962525.3018475035,12866217.056424832,4098549.5044114194,19016039.710279297,3273067.8713061302,32448980.324063279,544861.59662577265,1660830.7949801888,3591073.4678176818,3252189.2932670815,10263288.125438232,5475279.2701043794,3686807.8583552432,4610393.7221134929,13418429.656270621,14139285.291058406,25919037.69828932,48806220.348009914,55163422.014569953,62495950.175617188,2987005.1438394603,2660501.7070064666,14946247.832440453,4133125.7386096674,16070306.532863967,31285442.341643672,52980101.633128949,87536821.768543094,92518384.569405019,105744238.35720555
7213872.6722856537,5947363.797677597,3989962.4342369451,7489384.3287177989,5250228.0013315966,8189413.8464985881,11578730.269834919,21567193.968462069,21849733.833381239,4925560.401496686,17913291.631236404,5189367.0427947836,16950103.353175964,2991036.4769557957,29687795.593366504,575820.88017286896,1693822.140695631,3739499.8499888005,3824250.0940331672,10688281.117488487,5625909.90074082,3622088.8466196293,4586463.2416502805,13441263.477101199,14240569.476493554,28772706.68078088,57010283.876628377,66354175.872587785,74354673.165356845,2771715.4405790162,2542047.7971893633,14202142.930101825,3982024.1771915825,16286812.674785361,30742720.500328306,57559215.919179901,89340702.095490307,94392452.520092249,109659872.06715396
12915737.505092669,7388275.0668621855,5547709.5416145679,8711916.2768305838,4579125.5063817101,7501212.3617539583,10544102.185816333,21422995.133546989,21740160.938644592,5333198.3343072413,18322558.853737667,4734299.1854245104,16178243.362650175,2917069.2100211219,29269117.445746794,649472.70536141924,1775732.9532486431,4357101.5464510433,6280472.0419200137,14232872.158082902,7222123.6901865769,4084706.9281786201,5212014.1160061453,13997288.195878271,14822188.4706419,28733126.793195888,57729558.429682344,69644654.61518082,83546832.902540475,3293828.2628254113,2683630.7503349078,14575833.666578932,3946357.3699147673,19846254.792164207,34660023.135017127,62537822.252809897,94548208.149237543,101571983.22526889,121566544.32290427
17122280.345787212,10063882.301190836,4710718.1918357452,9204043.8074747175,4872011.7854882265,7910516.3858403452,11297273.058856526,21642795.83090122,21893304.659590971,5836140.3976744711,21798414.845068254,4901462.6178002767,12576152.618812868,2723541.4356388408,25323152.231596973,730881.38236224011,1871799.9281552536,5003136.1099692518,6563648.2959576556,14963934.792563191,18940617.795489125,7270092.654049689,9003378.2891982403,17933767.500737593,19046128.092572302,36073739.737773329,65248495.826263383,80840238.987648234,99279604.923163429,3052705.6422289042,2551623.7388939187,13942394.845288943,4041446.9893016494,20665951.587287605,34831699.155586675,66773151.639335074,94715523.81702964,100871813.67640086,124506368.74823064
13746847.024240153,7710234.592090575,3527660.8582039182,7038261.746920906,3834163.0686834082,6169056.5830451669,8663628.0626676977,20151079.942815483,20338253.266331725,5705164.7027639709,16662624.957971303,4119023.7112397812,11630600.451835649,2508190.224427361,22371066.260327023,554547.07573544106,1735209.3736442388,4133940.6466994644,5082535.4574292256,12927015.411243066,15937313.740854187,6059312.5640859995,7482279.303813329,16815719.439582251,17701929.61620139,31016863.578074683,56878671.282677665,68785431.831877023,83535842.579607487,2808127.7403664007,2352340.612236246,12872063.297056252,3960588.1497628442,18452221.511471078,31530620.048761047,57119143.784996122,81451465.220044479,86065332.391215578,104299442.33513157
10639376.283001238,5711115.8628371861,2623182.2731561712,5229708.4082638687,3088207.0461626383,4833246.6480104579,6415053.2862133523,18928805.254862662,19066533.7860565,5326149.8651285637,12343035.353669921,3811750.0936187766,11296914.622353153,2375002.7358029312,21255069.241935793,515511.7985018781,1661889.6083600761,3630626.849787022,4088321.2792720562,11420053.433813106,11904490.630526887,4546737.6667283233,5621597.3446730189,15338206.392937321,16056511.828536222,26788971.116446976,49931161.261546589,58746336.034403771,70129308.997022152,2593744.7071448811,2196601.8193680211,11931178.735351145,3654490.2051452524,16515165.31573387,28636471.372230336,49014205.887802392,71787192.640312925,75231048.561440781,88811083.401066452
10092470.157887528,4898821.2754164552,2432956.9494033917,4342009.2226122534,2840248.8845178341,4308099.3349812115,5549045.9635536354,18452984.010020111,18568949.003392965,4912702.0649632597,10744030.103909077,3510463.4975377512,10403841.972394908,2186177.3885190533,19615856.375130553,476971.15577550628,1634503.6996013103,3460014.7746722782,3191153.6211551428,10066823.121310698,8963764.1079479568,4191072.6590806339,5149704.7244387157,14479216.73937526,15145235.625842163,24653825.394089587,46707543.363851316,54464144.351801507,65224315.375250868,2382331.3310381565,2028592.5392110567,11094822.550446225,3782814.0049189157,15214303.454075804,26486599.932592738,44849666.368841223,65895376.725189142,68992115.289084062,80383312.65790163
10267242.292731492,5721870.9671133654,2456074.6569595719,4170710.745023781,2941653.1978039737,4419736.7629005266,5353026.2810538914,18355860.9787625,18456332.155815743,5618603.705517564,10739403.100757435,3857668.4283069638,10291067.386228221,2214028.7683972139,19511905.296443507,466948.66200284398,1621585.420960367,3367973.9211992705,4130836.3603513683,11846191.082454575,8094713.1383565385,4197621.2378678974,5157967.1620914107,14260170.68821921,14942087.220295964,25084708.501982138,46999214.913953118,55569643.755773589,66521292.576149091,2234671.2850883612,1979667.269309382,10904288.674646076,3919398.6496706093,17150959.065459065,28225211.420289777,46645177.268640235,67621600.669904992,70719499.411609843,81825246.798683405
16343633.481918305,7155176.3778060032,5739452.8970930083,5767114.9521411778,2888135.3409434194,4327691.0374915283,5286725.1236922955,18278295.009113193,18371502.458628204,5491663.3210635604,15723706.22159753,3823951.4172519022,11114945.908531167,2563669.2890277086,26852458.694806427,796722.08043614449,1923695.1769555481,5332957.788940778,3719343.0953319031,11585592.718541496,6572749.9662854401,4053194.9631891544,4989335.5150182983,13827756.668064123,14506242.141572403,25089067.768486552,46938703.132048339,57763155.54580234,74882354.607658997,2919324.4942671917,2462368.7125889966,13769305.215315947,4472302.7301935675,17559376.082048513,31518697.41555614,61469495.045717798,91597227.720485941,98163604.584678486,113788650.41511573
18435610.857329033,8807752.9864038397,5541865.9216030892,9538568.0742223561,3056715.2971649496,4961310.5073616765,5213855.363221772,18644755.490538474,18830272.062775843,5069008.5351908095,13932885.315926451,3940822.1523522842,12426735.223563751,2778436.6337385802,29585637.180745482,771947.36608719837,1863759.1308473947,4690664.8801538106,3105643.518695442,10246545.446191784,8742561.8497593589,4213930.7715316052,5221180.0551040489,14430675.23434614,15201211.229367385,29553505.734969061,54023363.38113714,66913426.495313384,86101989.667946517,2899192.0285593821,2556782.5844645374,14326688.244291123,4343808.3663036712,16028130.807990843,30533834.1287372,56936468.901885189,90281406.079821095,97611491.228509635,123381642.83289866
17915015.937415387,7529931.2124829283,5781438.1191698415,9121875.1869389806,3401611.7266494757,5309784.853499217,6322285.7204272021,19021101.336860564,19183588.940342326,4925893.5804397566,14650469.483975273,4011782.8301415588,12218795.768840222,2944274.9890093566,29740570.37741873,858770.20812769281,1947580.2214789814,5269442.7687784275,3612985.2862145957,10617966.49588421,6999300.5279371869,4226651.3976668501,5216104.7257302711,13985066.345547136,14703636.815264735,27048064.700245403,51268805.897923224,63742112.485125072,82707894.005788162,2676417.2344780029,2476617.4154222128,13757263.314488258,4143782.8090060307,16180167.20052213,30108412.929353375,57471668.537621178,90837746.248667553,98225945.874320373,122604097.94955949
14109598.963616634,5666393.2978410805,4475201.035039288,6974071.5840615593,3021414.7198052676,4536083.953742424,5635085.9857849898,18550075.820039723,18673128.333967246,4525219.7180457916,11748809.172536885,3748215.6506067174,11370081.067234199,2653308.8271507877,25262011.319332134,656934.51821341075,1797687.2181828304,4363674.7767736455,3078009.7099336707,9562680.1548854206,6061537.8293210743,3918912.1785388477,4839736.2051413339,13644367.813986918,14312930.938067121,24319244.843021646,46880587.708154812,56491412.435369998,71476750.701816693,2458869.8269437435,2278369.8349992819,12691020.586553169,3823894.2265581302,14736462.82272245,27590918.375173818,49373999.901698381,77373746.309744626,83062601.084405482,101639819.62314548
10930131.4331089,4193310.5480647078,3716480.928847407,5369471.6118512638,2810496.3596840585,4233884.4850531332,5343502.0541485185,18284108.923814561,18384647.657856014,4155818.972107375,10787990.106227038,3462070.2602109611,10485624.530938525,2459589.6261104471,21902704.037671268,541069.01743461657,1687910.5711277311,3700328.2177548548,2845338.3595308489,8790618.2403423414,5597276.6774000507,3611208.0059804861,4462513.2065634998,13419985.929791292,14036436.37881426,23288583.198042195,44653662.846526176,51791538.41819796,63375252.643815175,2263458.7745180395,2110274.8864856809,11693596.327951541,3504276.4936874546,13543446.011693893,25388791.911929112,45002333.235720076,69160744.536600113,73875708.441446334,88162443.945670694
8490033.7944897059,3635020.6795265786,2793818.5765238046,4338292.8478031745,2575455.9131395295,3888569.2131836382,4976051.5323420335,18038996.405360855,18130791.61647331,3832242.8684203923,10029051.391022323,3170367.7165048355,9676877.8528543264,2262024.7107450776,19846183.346631575,497937.07532213337,1647919.0511462525,3509374.8885153099,2645179.3886731178,8139712.9825992985,5080776.7685863385,3307762.232011294,4084341.7815861339,13179800.359306969,13743119.948316878,22231297.779144716,43091310.860172182,48910186.700583957,57897094.671474151,2080251.6023834585,1939952.8324992815,10750802.010235276,3226533.9282840267,12528123.940361427,23419726.235726297,41707464.418969341,63245074.298106506,66785641.491154723,77758579.512349248
7047435.6181952544,3315819.7642100034,2414683.8888494503,3963914.4602225395,2338455.8529813155,3543696.531332951,4525647.5680993348,17781209.558590334,17865722.514811613,3492176.4904379374,9174981.5494322311,2879002.6473002806,9080943.8374085631,2088715.7071980718,18361264.529545624,459191.29553806403,1619922.9592847181,3312503.995040935,2408231.5731121427,7412012.1430312963,4659588.2018929264,3021068.7983154473,3729669.5242645037,12967681.685513647,13485199.516813174,21285540.7484967,41665907.434909351,46859824.432214692,54310360.153503723,1918446.872474334,1793868.4516271118,9899094.3200108297,2956918.6844404298,11434277.299121931,21464026.463515863,38315998.598465674,58136586.909112133,61201539.041569889,70413435.80131349
6729881.8837430198,3071236.1302290494,2340707.3420450822,5464173.4630041411,2217752.6183621641,3339510.2308383039,4231273.3122880664,17602408.03926982,17680442.544161454,3882659.1036117072,8549791.1439750399,2772577.4118907861,8832116.1985119786,2078098.2032351918,17997862.720838722,444024.40307337395,1605209.0728342966,3213179.0630523227,2471748.5001834971,7883073.1046516476,5068004.0904586073,3325770.6018766444,4067349.6221827152,13140921.509869259,13650982.019736145,20981447.731589414,40992358.36899811,45939986.556324437,53078372.153209634,2026554.6309766059,1867224.2768346395,10355473.575198643,3051298.4484562571,11964190.129847702,22441988.802106,38276086.40068429,57822304.913490787,61259830.305837192,75779584.272337377
6502456.5695590237,3122475.1196900159,2164207.1386063872,4401446.5575617142,2163875.4886430125,3252384.0973513355,3935653.8166788002,17461058.70923109,17533208.183125027,3708920.7931719315,7910628.1997542242,2695428.6474720072,8277930.5766086271,1918490.0662180267,16870182.591038205,414341.21323648834,1587632.0895303707,3095629.9944204502,2322810.9653252875,7463830.3626812715,4890196.9361793678,3147005.8374748309,3869613.1357022016,13031701.096942268,13553036.539819669,21138206.076271661,40927604.161827266,45802918.47228986,52683757.509205714,1875029.8027865761,1724163.8244987037,9779383.8241780419,2923979.0158294672,11344942.52535695,21238449.775634684,36010557.519803829,54309992.557786033,57297546.065852366,68562025.921214387
6175351.0804283004,2904477.2317349524,2303602.0435846853,4047187.9364511864,2016286.2542766654,3024462.3733515511,3619845.1914706067,17278325.797553021,17345064.825547129,3413225.0660093501,7411670.5400929395,2522204.6267964914,7669602.8733909745,1765588.3740126493,15586545.358071208,378540.05168144801,1560973.289387529,2942242.2672529975,2129963.2581983577,6857614.6136991736,4561019.3514654962,2909490.2433870183,3586166.1019429737,12860450.351936473,13348922.19300331,20429417.509502191,39866977.528358825,44405617.679944173,50933221.79442779,1727030.4183210873,1586763.7996246561,8993510.2938405536,2679246.4827482179,10420364.104470847,19520602.273133963,33400355.683146045,50376488.616237953,53349644.417142935,62736330.797648065
6123053.5170225631,3540092.1947920946,4888288.4661563784,12924315.49355169,1909623.6663761695,2941117.3084740681,3396954.6622312879,17201432.606833335,17275405.549803998,3116295.3505739835,7501711.9930192363,2335728.6843522103,7479611.5409389678,1653501.9338253271,16442233.920306055,349750.46464403934,1541094.3919850148,2837331.1278676982,1966061.3617971318,6291707.5803428832,4235414.9706925731,2681028.7835491132,3307301.0574675063,12689605.439559428,13148966.495082024,20422318.260315463,40088373.740755484,45245816.378329009,51699826.061450385,1606224.069911296,1474102.1248576352,8332062.5696038678,2455984.0247509354,9567342.8503017724,17999555.469098322,31889906.938875046,52299748.399412736,61334025.836476505,88636740.412190482
6105822.3054140704,3336182.671563019,4949471.6844829712,10332884.81318835,1850556.1853511217,2834919.140535655,3412124.6391327116,17146259.431063872,17214856.406819649,2855174.9458057345,7323502.7218604945,2273325.7071053837,6998993.1763874944,1521524.8724161228,15538161.626225023,319515.90505889751,1518257.7753600965,2716846.341780554,1823312.06163583,5789947.5909872605,4331812.9359323634,2690290.8789351652,3333957.1736998628,12703259.345958496,13175646.110965764,20289865.403851911,39729494.281609625,44590528.977191508,51002436.004694916,1482425.3541441855,1359471.6836999224,7654114.1264391532,2268215.7374408506,8818731.7281998936,16571452.149678329,30000977.345091909,48911170.224835597,57039457.865740776,78936937.946196467
5794406.1194429221,3076541.0161398072,3733404.7875051661,7715297.3817907823,1719109.8494915052,2630883.494375614,3187085.5804823395,16996556.462960236,17060056.574356083,2654506.598293623,6802350.9043707121,2116781.280542803,6476673.8621705258,1407567.4513941947,14419070.641523592,296204.21329406113,1501613.3216299014,2613723.1499980958,1691414.5004729631,5375023.4571733801,4083431.5326030706,2512882.3920317218,3113721.9364927229,12565677.777892664,13003953.131028257,19602733.626130458,38722544.528591551,43220989.110787712,49299173.576381937,1367742.3345041559,1254771.1735550284,7083860.5965980468,2114675.5541456016,8197647.9430903625,15379391.374577237,27943217.805588178,44884437.673486039,50999413.070921183,67457367.866025105
5467837.7451112848,2833761.2733522281,2783799.9900453743,5733078.4711706173,1605003.2955536144,2451075.8141905437,2946562.6491894512,16851280.411190223,16910122.540375799,2448489.706754664,6286121.0680604326,2002409.8441191292,5983814.2001213403,1302081.3845008528,13319995.52782758,274093.29355017643,1485826.4098518889,2518505.9012605101,1562583.8131390428,4963381.793026696,3754325.4703711467,2318309.4210386416,2872176.3672533915,12401033.086708777,12806403.434257722,18957223.799239151,37777020.27283603,41927962.930342622,47658793.399611145,1263116.5616865868,1158704.4066797367,6544166.6595703997,1951385.4795007617,7574994.4663448241,14216325.821627656,25941625.464782655,41143875.380150676,45702624.1017626,57949342.614158936
5164504.5389019549,2590129.5200611567,2423798.9086106969,5781559.3811940672,1491797.6565966185,2277656.0510197897,2748556.7364164796,16720894.392669553,16775438.844106598,2373139.9310197076,6062491.5760732461,1865556.3346316086,5835287.9752298817,1216635.6209064107,12630040.484823069,252591.96875664522,1468867.3214799883,2426971.1608858644,1467118.8574849188,4726205.1274986221,3468878.8369001751,2145313.4464804037,2657855.5624260781,12253053.088350283,12628783.332504107,18330617.208700892,36873794.337704979,40685042.609096557,46093607.681240745,1224026.3983899858,1104633.8570756942,6108939.1357660117,1823655.235888852,7169453.0673567196,13374843.640908783,24578674.602204502,38755943.087307401,42624884.683299065,55734044.679562613
5437182.1890388671,2695614.9693426108,2387586.9839482196,4586336.3587688515,1433988.2778880177,2253827.1204740149,2599706.4272968718,16710623.202989645,16784536.987455532,2217595.6978882067,5724596.9429218816,1738322.8126935479,5495108.6037104726,1129451.8182463686,11829011.076585693,234644.92379163957,1455587.8947348921,2347754.729745795,1380011.8300060539,4428653.1884647384,3181501.9995017308,1978454.5705155437,2451705.9791491032,12105528.695920346,12457248.682349753,18031954.563356534,36910002.984607294,41268208.283593722,47065921.7287893,1137465.1281298422,1027625.4063276215,5768255.2668501679,1694210.526684403,6706796.5994970975,12570793.019821282,23178404.02328356,36493600.477026649,40001959.154759467,51775732.300014302
5187569.458149056,2504638.2840931849,2209202.0785505609,4159164.6865655733,1333736.6074447418,2095992.9391845604,2421557.0039220299,16588036.024697624,16656650.843869964,2068451.7973991167,5318082.8591047898,1615321.1620568577,5120750.7018242059,1048615.2322079206,10989286.739156591,218320.44720386594,1443396.405222594,2276758.2950353753,1282684.1730244807,4128151.4029497304,2935031.0120528466,1832619.3367408258,2271231.6191444187,11973603.174547955,12300201.589758882,17481400.838624138,36084367.518691942,40132252.381473169,45654014.337441526,1054304.9280017638,952735.30012984655,5353465.8200190626,1580587.788762602,6273800.850528772,11722306.636827119,21683286.210692454,34047299.623357899,37096629.293045685,46671732.053962715
