c0,c1,c2,c3,c4,c5,c6,c7,c8,c9,c10,c11,c12,c13,c14,c15,c16,c17,c18,c19,c20,c21,c22,c23,c24,c25,c26,c27,c28,c29,c30,c31,c32,c33,c34,c35,c36,c37,c38
2565652.7512171203,1385857.2495538758,966832.85880989954,1586165.5411977889,1115099.6890376224,561984.2156330907,2105519.931526056,1097084.0624808359,40042.35794614748,1939589.126385761,4064611.8811695278,1453693.7954101556,4318085.7730973391,961675.80547314871,3037152.193173334,191842.40172730864,332853.37203725742,733061.8838668539,1080251.0306850381,714709.43545554415,2210664.1304498385,1563208.3994995067,354017.30814281851,30524.189920492685,264609.376540775,2355735.1953598289,1171836.0720369902,767994.55131790158,156022.7111510167,1122865.8405650156,927726.73204414349,3364103.8790614028,1455091.8069560856,636234.36325583991,113103.17799111934,2007826.472616808,591876.97673825908,267688.39136038069,2039047.4186524521
2566596.676404749,1386827.2330459363,967243.16411225975,1591036.3723002325,1116870.4360907979,562362.10672110319,2112166.6444260813,1097353.7638712414,40045.83457714766,2024214.2607700378,4066596.1665450078,1455262.7493708259,4319986.4927820191,961837.94971763936,3065497.2790723769,193375.08761565131,337593.94983278675,745788.07954246551,1087217.3591659206,719263.31441231456,2213983.386171795,1564925.7802126615,354150.36306962615,30471.749735905774,264682.58394529484,2356638.1677280995,1172101.9818654612,768496.3983564123,156154.6711713016,1123484.8348590555,928138.82061817439,3379102.4896984226,1506505.5311847127,637415.9756741504,113192.29801383971,2008719.8785954146,592138.57990941103,267845.39256045525,2040670.5531665536
2604567.1602558368,1394663.3471346356,967766.368487356,1608130.96729118,1129120.5711082725,563122.18058631313,2125279.1033831299,1097619.5122111575,40048.368924363131,2021819.3320327559,4071577.5898681669,1477505.1425876915,4321139.8954897188,962319.3581058993,3082359.9799049404,193288.61052080535,337789.0206638333,750466.69006708683,1092073.8655809078,728572.60122125864,2245523.8451513425,1566455.12506021,354910.17629924323,30666.615574154443,264895.78598771215,2357639.9401901178,1172718.0723898755,769616.27597534889,156313.40415949162,1123988.1616998403,928404.47961683455,3381946.7540648365,1515777.9647228157,638891.61393599247,113237.67650910899,2010005.0479661147,592397.85845207877,267968.69472837885,2042569.7036924455
2599795.7629218511,1393180.3023823455,968050.423696724,1630465.8671551852,1136191.834813887,563203.21486861131,2146107.7318014675,1097743.4807475985,40040.613104916316,2027796.5590038535,4070975.914833338,1498069.3663892956,4322939.3329803925,962475.62021561735,3073699.4759114906,193282.23601124517,337724.15630610188,743975.25958787487,1099680.3892475795,731918.4675019132,2277940.179530465,1593770.9694097834,359807.71444371605,30888.193798374763,265333.20029378927,2358214.5089681055,1172586.3833572851,769707.27840245608,156392.98199217298,1124545.4446290163,928662.90058800112,3383229.0143019957,1517958.7117109089,639632.0659835866,113284.73390902839,2009688.5932315474,592541.47332638269,268052.53333660745,2043831.9787990714
2588647.1928406293,1391383.6649169726,968171.88650701381,1623712.0802636871,1127789.5204630261,562751.15138018003,2134911.2852819776,1097629.1824477967,40028.503363754935,2021335.0848026804,4073477.1095182621,1487495.2112057614,4323633.8235351834,962542.71938781661,3109000.9632537016,193083.8610229005,337319.66277812689,742507.97904695245,1089796.6064361201,726946.09226893552,2262410.2564151143,1584237.3603471678,356899.11738661624,30713.135923549886,265074.88385408733,2358088.3432153752,1172310.8863135413,769745.07395022979,156447.63614050482,1125109.6461475105,928929.51732485089,3383148.9736430449,1515458.4492204634,638335.01302316971,113289.72366884393,2010541.9955945124,592621.57967694453,268071.78380147286,2043712.3388138879
2572155.7493616017,1387232.1654417736,968082.6556974079,1609497.2769552004,1119157.0545028648,562380.53662667063,2120824.8007638468,1097319.2108621211,40014.610414148199,2009524.852396189,4070966.5406099027,1465665.2467693391,4323553.3479449768,962546.31263008167,3101928.7717467947,192924.74357048969,336986.72596300871,741524.85536572011,1085454.941374995,720627.96719997795,2253426.1866899719,1576296.7202581491,355968.87963228847,30588.420016703607,265036.72156426852,2358024.814917325,1171863.344537772,769572.58810709906,156493.32837980767,1125565.1431290372,929117.21486778534,3381791.585540201,1507852.6549424166,638006.46001618786,113320.65144280362,2010848.2717414175,592613.3989455686,268049.88835826959,2043352.0756947668
2569497.7808340387,1386440.8004082562,968015.92115861131,1598243.2235162363,1117147.03365073,562130.15980974503,2111574.8012188524,1096951.708414071,39996.799120604213,2008083.4171938892,4070216.5110816904,1461616.5319588145,4323767.4166695829,962579.54917377071,3095075.5121371429,192790.43632456847,336843.94006278767,741141.27158336085,1084249.787160913,719217.22056493303,2238571.2921788106,1568392.5603204749,354825.00434094784,30511.223698532842,264996.31723889254,2357779.4272376439,1171431.8002021681,769563.22740223468,156528.21480912028,1125961.4522026028,929283.18477021263,3381748.2646624036,1506300.8497207435,637870.41667051171,113333.03768244524,2010733.6473537143,592578.65086095571,268018.14609795675,2043367.1645187011
2571803.4712210419,1386584.6693937464,967891.65395632852,1594781.6234657296,1119031.8794277364,562157.73444488633,2111929.2421127218,1096658.8589499027,39978.474226254999,1995475.5733791504,4069228.3043202166,1466941.7828248271,4323070.5919991238,962429.13966318732,3061424.8492271178,192227.88545896451,335988.88309464254,737908.92830597097,1083546.6041767483,717996.5434370708,2246661.5506835948,1569424.0801415863,355274.3487657113,30578.479529047203,265034.6599175153,2357459.1546589644,1171113.6656262537,769591.01811921189,156554.2870670332,1126273.1066219998,929346.13106867927,3380537.7933885832,1500232.1444573866,637614.40648377663,113329.62392671425,2009711.1774030484,592485.18936675019,267967.93287007057,2043309.7006485472
2567932.866097515,1383976.2539105203,967606.02237147989,1567499.0445459699,1113016.9641599229,561722.53114744776,2101060.3552220734,1096128.6434701628,39944.837300915955,1925111.1276887252,4067041.5316568855,1450705.2500977756,4257761.1075871894,955376.72059428238,2982179.9684395632,184287.45445137093,320467.63766121544,732535.81174071378,1080976.3413735568,715310.00396236253,2203928.6981685469,1563980.3534452752,354206.41595579655,30417.355405166898,264975.42539949517,2357060.7435944262,1170232.1155985557,769389.62394421408,156548.39712474783,1123671.5083451751,923859.12717345578,3203227.868756813,1441065.9305633646,637267.19489368668,113382.77197133434,2009321.7475843604,592316.95662052126,267878.92811340146,2043055.1990440891
2569756.4671141068,1384735.2145051071,967371.17246393673,1567285.8741637946,1116816.1624619118,562120.85708378616,2106411.6946580079,1096019.1232138679,39926.15298542106,1999739.1072759102,4068320.196050493,1457053.0963788293,4321283.8503248924,962825.51538564835,3005790.3820415735,192226.89235982459,333467.74032682629,735448.76779967546,1090260.1351831486,727495.36507291463,2206900.2065321552,1567547.8538668898,354641.60699678765,30479.65544041252,265116.81065658591,2357299.1621862557,1170023.4846403357,769446.98436934641,156547.19633035656,1127340.4451101695,930178.64442302368,3378600.5772333927,1505216.7544276966,639181.37446607079,113521.84446865157,2010319.9981048354,592200.04032777809,267802.93050095142,2043003.9500484052
2595324.0090638641,1391502.9321599521,967284.79692697118,1586835.2868436938,1142872.6328354154,563619.63493449462,2158997.6215710766,1096286.7780518136,39913.867525176291,2026451.4436787334,4074091.1958487057,1504736.3726259256,4324407.8569231629,963010.50494863163,3050774.0713349031,193223.01808866137,337604.32032408955,749077.57236766687,1112419.6171179768,741058.12647588062,2273846.0884674117,1605743.7642915451,361261.10666348058,31029.020460560358,265817.6270190113,2358134.6820696089,1170271.3875991735,769771.60906243778,156554.15947781954,1127780.0198634907,930442.60566926142,3386205.8240252091,1519647.2734287041,646967.39185817866,113716.63311893641,2011965.6211389252,592132.59082428261,267735.27073952183,2043627.5467992323
2575310.2619593344,1386696.5180307874,967321.01109697181,1596332.2786556587,1130340.8732471333,563590.82934860396,2127690.2885442171,1096026.2389056757,39893.614059808286,2000212.0030745273,4071093.3187516918,1479776.5893995096,4327121.9653255502,963326.01667034382,3064995.9725058321,193959.50714783973,338387.86592276685,749328.80329820479,1092522.7416692104,730698.98968586267,2214268.089730754,1570994.065249091,355902.36481126229,30824.176177065827,265440.98319990991,2358115.4294228964,1169831.4568682094,769793.26570138417,156582.6826734794,1128266.2568002325,930768.28215479816,3387178.1377898026,1516825.9248640996,642349.45623506315,113786.84035419859,2011846.376601245,592097.62403308565,267645.04036052007,2044201.1472993973
2572054.5033072783,1384624.5123625766,967490.4114009334,1566973.6996221072,1115504.7522473526,562376.91821483965,2105226.1248119581,1095726.4268362194,39879.780456944522,1928233.0354355297,4069800.5096598999,1454285.0185366257,4304263.7952798028,961209.85299793514,2987600.4952036925,186549.69661811157,324349.15460011817,734124.48123039817,1083140.0518226302,716765.02434276463,2205408.5790798343,1566195.832527668,354742.5505948136,30464.13193558732,265399.75344718527,2358654.0280373613,1169330.2167597804,769777.86784693645,156623.56153793869,1126727.4713296969,929862.89681762003,3295686.3348309547,1446350.8657457407,638678.82029589871,113689.590217013,2011255.1456037695,592063.92547775537,267534.55723371037,2043348.6414396765
2589806.4134051488,1391338.9170062672,967902.51535812567,1568105.2556220912,1125951.7803299571,563754.36323727656,2112175.6063638898,1096072.2888643176,39883.567106046532,1984336.0172073632,4071900.6193033415,1478709.4187410707,4312438.192017816,962693.47321088542,2995541.418095008,189427.63076247263,328396.35378387873,735358.32969839091,1086187.5656002229,719499.98586152506,2271539.2462477782,1577990.3856769048,358140.6240110349,31172.153942963418,265871.10207351862,2360110.2233178625,1170259.8022798686,770553.09294309886,156719.21535182523,1129569.419724504,931510.56954406016,3361870.6686127246,1476185.7052656631,639502.35244358471,113770.08498717305,2012268.3840789199,592237.55549582117,267588.75685409532,2043679.1917129837
2579679.4980183756,1389113.6587294149,968487.82676485484,1578456.2438040604,1137713.4344360924,564676.92169273156,2146011.4560959577,1096461.8143212926,39878.963559705669,2033063.0691325376,4084246.1417951831,1503433.497458152,4328121.3418822987,963894.12997477641,3058567.9258043109,193727.09068659294,338601.53530107549,753892.0203623086,1111475.1784094209,741103.71062225965,2302517.6766228359,1624971.8741200925,363711.61434471252,31269.479033248728,266155.13900940993,2360841.8744664667,1170085.8834159411,770787.91687511711,156787.92059508362,1130506.2146521274,932181.58879980515,3393301.1688435702,1524577.1914749856,646440.71678386978,113890.44022728583,2016208.2675247556,592432.59612792695,267633.29823500267,2044395.4000060845
2588204.1709044129,1390656.4158990795,968736.86839871318,1594006.9432015808,1129598.7787103704,564558.2893294699,2131402.8387266095,1096714.1199993857,39894.874445616748,2031725.1066859732,4077539.7259650226,1476554.909369136,4330200.1999252448,964288.26649240952,3065752.3236307665,194033.53434604572,337884.75017581985,743077.45831604768,1105950.2491280476,740594.52679028385,2239271.7254888318,1578890.5557455306,357376.4871970652,31041.78369200974,266009.02867272939,2361673.8512356705,1170541.1887145599,771105.44690154144,156847.98280760628,1131151.0115034049,932648.77610603196,3394408.33773138,1524052.7571007572,644308.2669038754,113940.25620407076,2014669.7093880435,592603.30791800062,267668.09909361409,2045056.6405597283
2578474.5429546167,1387305.3842318424,969308.35889229865,1568350.1692179379,1117819.6134871319,563432.26245005091,2109701.1741753463,1096968.3928684923,39876.126636646644,1933729.0998494299,4076837.8957198448,1458660.2552958925,4304041.6085479464,962072.20033249352,2989626.0408538668,186958.7844341445,325372.05341428885,736033.15532096464,1085201.9109341695,718163.33829600911,2230981.3926624507,1570083.8114197569,355797.22416675411,30634.159451057218,266001.98895087244,2362488.4526783871,1170289.6222539742,771357.73692991352,157003.80630191608,1131451.3713769298,932374.90268482419,3337070.5586065138,1464799.3292613553,640007.57870666892,113952.57737004773,2014646.5528127756,592956.74077711278,267827.34441299381,2046064.9074892206
2603745.5558068953,1401861.4363962694,970234.0883075227,1599766.8700766929,1148255.5191236108,567421.34794397291,2173259.3876772593,1099093.7678168328,39898.123782400922,2026105.6042376251,4091121.6087419945,1508647.1503023119,4322980.9962622244,964970.78020085779,3075213.5377127011,194457.83703126121,339549.01924592466,753758.51120817498,1099429.2573623674,727702.04646649957,2295121.7811331009,1601774.2656969377,362491.91138524457,31408.003333104505,266734.74923526117,2364766.9338943516,1172614.8583068077,772988.43798561546,157246.10708708508,1132931.2353161278,933781.30011646508,3395991.694338935,1516434.4332072355,642513.64616965828,114097.47310186023,2018396.5749457765,593450.4005270279,268061.9973666399,2048859.7671565926
2587598.2467657593,1392837.3633256024,971129.17375460791,1634578.9275519524,1139065.1012812366,565842.39716107049,2177370.6017779419,1098955.9073568429,39879.011891959235,2038298.993846406,4097077.6368868724,1501279.2772400344,4336074.0094004767,965410.07660725608,3123315.8450368028,194815.7694049433,340144.65164742753,765973.72037806606,1109548.6383382208,739962.50880734134,2297142.2472828007,1614294.3612931655,362723.07418215304,31252.7433986783,266713.06249368878,2365115.8134148633,1171386.3989081802,773203.56866394426,157415.03258901648,1133467.7220112272,934091.49828868883,3399738.2696289499,1527389.1078498352,647433.7275947798,114253.33639088506,2021975.8595875981,593937.81686322996,268331.87201780762,2052400.0920450413
2590237.8639258132,1393096.1469514766,971528.43760741991,1620325.4876473625,1141749.893022347,566317.71069025306,2150230.4188517034,1099142.2097147608,39879.898591704987,2030773.8214075633,4089956.8975305632,1504586.5913994522,4335963.4307511179,965835.12128234655,3082633.6510992339,194364.93243768907,338773.36823121877,745641.04974501242,1096513.2962807997,724512.34129894676,2255570.3011647002,1595708.5554562274,359780.47417841735,31196.25337793256,266625.26279714465,2365516.0796812838,1171822.7225547715,774256.3905794262,157639.49163783787,1134256.2814005506,934669.22608345328,3392721.3382575526,1510580.6324325958,642339.68589250301,114245.64771749386,2020909.7233679302,594304.66724736383,268469.17848120094,2053025.410196814
2583202.047259605,1390765.86201039,972060.64480272424,1586334.9790970902,1120536.264579237,564794.67123132665,2119965.115011971,1099428.351578064,39887.261126582642,2016859.5081761354,4087912.5854702289,1461718.4841867248,4338671.0589198759,966191.87708480703,3043229.3798437589,194134.72521742221,338920.88879527495,741892.76176708413,1089828.6475214064,725247.93895909959,2218523.3452580953,1572334.2702289671,356156.97860208974,30626.623443580447,266476.91458381328,2366068.2285953178,1172022.2526563767,774045.25505118852,157756.40703884364,1134828.5144492139,935018.38438744226,3401189.9385168524,1523367.1971692841,642529.81004801276,114343.87114471474,2020560.3664084419,594636.09669463115,268541.50561456021,2051558.1726129062
2583217.3250522637,1389202.5218981986,972656.05812176014,1591051.2559553136,1145684.9549589828,566274.0729970542,2161511.3030426614,1099964.2880877503,39887.106126058941,2016703.5898250218,4094814.9328918871,1513648.7917947988,4338819.6692930432,966200.34909622488,3102576.9061853481,194492.1886195509,339911.69950376445,756951.66460689006,1098713.1750699119,723749.61529494694,2265261.5951190265,1606631.0593071538,361967.64538474591,31229.100749079025,267035.88010764419,2366964.4180351775,1171969.4536840143,774279.6874645123,157911.31002325387,1135313.1084358669,935248.96421774675,3401910.6793003026,1518780.1747760044,643966.45761413174,114450.02602600309,2023700.6281124656,595008.85861927574,268645.2272969592,2052316.6280016901
2584821.736402736,1389267.4204908535,973088.72627426567,1570434.1116493396,1126058.2273513817,565139.78352135851,2121073.6544048856,1100060.9407787248,39888.810666067337,1938954.6095791848,4092308.8779956624,1478744.6729930625,4332803.1312245913,966055.57190115144,3004045.3603878906,190726.77266539456,329307.32546593942,738542.66231660708,1088604.7496519876,719792.03768715041,2224798.9309306568,1576042.6579525857,357299.86084647203,30873.702308147484,266784.60013765341,2367369.9304624144,1172145.3568080473,774720.76249746338,158047.74239884861,1135677.1074779278,935579.80057997897,3380664.5637783376,1477895.3483336112,642226.30991449975,114417.441277466,2022405.2128983676,595303.82456836442,268794.71895610844,2053379.5316993746
2586878.2839451535,1389905.6719276751,973640.69337121106,1580015.8661360899,1121916.9002326706,565190.4497010163,2118443.0057664998,1100626.720028097,39900.989621136519,1948353.2292248965,4095048.1685177339,1464777.5678949386,4333785.4156677509,966367.01019245153,3031463.7670162423,191331.02204912883,332619.44886703079,740208.90057342919,1091322.3321949446,721268.54097895254,2210378.1170490449,1571882.6521653389,356187.51150045125,30596.262194132138,266761.18759044603,2367881.1679381551,1172692.0044396042,775342.57567541255,158200.37592980947,1136232.5547522195,935883.65280238457,3383303.9308478092,1490437.0231294362,642835.33189466468,114502.01992598102,2024031.7183916229,595680.08575082035,268967.49447657424,2055059.6205623597
2604810.2582011181,1398061.2791647869,974546.35028016067,1630928.8543174453,1136079.4234547243,566987.11863006325,2166077.78526593,1102180.4800273664,39926.822778403111,2003618.3694896833,4110062.8684497476,1478573.9609529132,4339112.3453297801,966667.73187408538,3116260.3437564736,194611.3241888468,340461.84786972345,763719.41088198917,1107403.8049954223,730271.08050922165,2216945.9335865537,1575128.189098404,356907.08813271171,30732.816966192713,266933.08646695456,2368932.6187384296,1174387.9885161631,776542.27189728699,158396.46473293693,1136747.7255898416,936150.25012273923,3404845.1357276626,1523929.7733306624,647790.52987439418,114683.72946315107,2027521.9766977683,596135.05809442978,269193.6530018347,2059802.2612829863
2603950.7151850644,1397183.6361185219,975104.65285912529,1635309.0136711274,1156082.4816516011,568397.52453033999,2192232.0166413519,1102991.4326855815,39936.360696254058,2032456.5725969474,4115361.9063314898,1518819.8714555018,4338438.2090999102,966719.72301909619,3122413.0682321661,194628.87894279047,340477.93969362532,764691.93680716469,1116167.0267577881,738050.60763363098,2272101.0194035852,1619937.4131722723,365199.32557175669,31305.2894513387,267609.19809755636,2369365.1304796352,1174671.7504581853,776967.02611626056,158534.70642044549,1137133.8134919726,936333.60638902162,3404751.1185704456,1525452.4439445927,649003.31344090437,114753.3756530238,2029031.0172333519,596474.39089716855,269335.73574368336,2060259.6238232532
2590564.3243156937,1392674.5420912458,975432.02394263679,1616084.4896378382,1133504.777372923,567045.39329232823,2157816.4620788326,1102558.6454318869,39929.836284419769,2029637.559161616,4106617.6311857863,1484771.9724444523,4321963.907617134,966351.92928724934,3089004.2505086656,193738.92927911918,339723.1699102025,757085.87085602607,1107025.2699937716,731361.45186490437,2233274.998924613,1582683.3649422699,358248.90773874213,30950.637626996264,267126.73662138841,2369974.0688682366,1174569.3094051778,776958.70246077457,158612.51595185546,1136762.2361799192,936454.37570106611,3397700.3116497756,1521014.9021184954,647099.08813180192,114782.69393166134,2027673.3341021661,596694.83884453413,269418.46191415953,2060342.2700450886
2591359.9994052132,1397920.7248008293,975664.32911451894,1572525.7966039437,1123032.6505514677,566332.9780889448,2117168.5920984647,1102548.0104845073,39922.524605049599,1941223.9750880958,4100068.0188821987,1465460.7848351712,4335937.5015792632,966252.04518550716,2997015.9553634766,190618.18932405705,331116.0791085122,739671.21075584053,1089571.1249373909,720606.37761365448,2216007.2983131716,1575856.4353044834,356896.49084530654,30680.343410054629,267143.24829040136,2370967.3336985949,1175033.5554824704,777486.24224161543,158781.29074412721,1138093.2680453048,936909.03034702479,3375406.9601659081,1462978.4985410899,643323.05997201032,114738.94035273101,2026427.1235454739,596805.40015101188,269455.23032797669,2059462.2208678329
2592788.3949523461,1398629.8834512844,976100.96865906578,1584897.9882297185,1131868.3422985785,567043.63423385948,2124159.8753872933,1102950.5531640036,39919.385494911541,2019031.3045275386,4102196.8301071129,1481393.3292401866,4335611.1449315669,966417.22208101128,3031520.7085532714,193016.80182964276,338280.82490156486,742156.86473571882,1093048.1934901872,723960.00732739293,2214481.1954925098,1576430.689233084,356999.67381450295,30728.173341814028,267252.42081792676,2372091.8397504836,1175750.5909405902,778160.23124822089,158972.65382752751,1138503.8349473306,937034.15032862406,3403951.6562743634,1513538.3039994494,643797.53883239615,114775.49408606676,2026828.4805025568,596957.36431433517,269488.23537437333,2060448.8641988905
2593516.1495639817,1395158.5037981081,976402.13429358602,1576718.2834780659,1131064.7343774009,566923.58159568277,2126410.1223122659,1103387.6197191901,39912.033976223669,1990568.5949890295,4105464.0240301494,1482476.1532180461,4319511.6209500274,965771.7433779086,3018289.5669887159,192882.96544531395,338605.8371028293,744483.17773746548,1098739.7074426874,725088.42275934352,2216758.9683006736,1577673.6132185105,357357.68012730096,30797.007563169976,267367.08759949234,2372607.7036998514,1175762.3690373981,778625.9082268012,159127.86222787382,1138811.6879303111,937164.77165052365,3407480.6884497488,1516100.4061150425,644662.6778238517,114810.71002355826,2027270.114663519,597053.48375646793,269484.50032563676,2060696.786823625
2600926.3649818413,1397026.7020985056,976789.09841128869,1593414.1259864748,1133085.2816674961,567577.64011033135,2141463.8096820167,1104241.8477380436,39910.729406358652,2026503.2571393417,4109031.0958180409,1482379.6275015972,4330717.1058513625,965992.89528872503,3056445.9245356685,193052.70431066785,338455.73920359771,745033.27354650141,1097868.8952010644,728669.91443626583,2217332.404085299,1578167.3086614283,357443.11627366469,30748.055050148407,267449.20021143055,2373042.9290126963,1176398.9850645983,779732.2383550813,159351.28396872411,1139128.8369558202,937273.53850487259,3406610.686690331,1520680.225902247,645086.96539846214,114832.52780628412,2027724.7046683093,597101.11149572115,269478.79776317853,2061105.7358341303
2596758.141996298,1395385.8119077515,977054.32278342685,1572800.2930396406,1130064.9521054362,567401.32502515975,2133166.7347071278,1104485.8092329819,39904.687073643989,2007506.20961911,4107238.8498575292,1481128.1641344097,4315817.7211610684,964310.58175557153,2996626.4560244521,187813.01893536703,325675.36769686156,739837.90973076981,1094204.236607746,722006.30544492032,2227579.3601758732,1581802.1986421437,357992.52794543712,30852.118382571818,267578.40204097779,2373684.5069383993,1176516.6806878857,779718.30806826148,159435.12540691995,1139472.875619262,937358.86600007711,3379019.4310599733,1490107.1374938409,644063.16521610529,114838.00964811853,2027078.6082269305,597169.06832157192,269435.38949469314,2060739.3955097937
2601039.0955022485,1401735.1270964076,977679.17789551045,1584555.718561627,1146435.6891474398,568817.18557223317,2167524.7664157571,1105723.767452213,39912.647860545047,2012223.2226085744,4114395.7075521466,1511555.4195814764,4319093.0707108593,965426.89437383437,3047666.4791225647,192680.09477387549,338152.5487666601,746502.90953130682,1094665.0565672214,723488.12939833349,2285960.3765849411,1596241.7238526396,361802.62705167092,31217.167063805122,267982.47686417261,2374807.8125394299,1177671.9379608957,780395.23328146792,159581.39518783402,1139828.2471304722,937569.05323492433,3405026.0486714207,1512932.8721297199,644545.85087997548,114877.85462086948,2027856.8967193151,597269.89975025121,269413.15030055086,2060876.0721557499
2599045.3183407313,1400507.454840465,977816.56305853277,1573558.7506729737,1130234.3169171556,567627.15914743824,2126896.5232258732,1104971.3143000444,39900.449814472122,2009968.5980382795,4109531.9458914502,1488073.025802131,4263783.6670113439,963935.10765838274,3001174.6128334738,191451.45229625699,336540.15717771836,741380.23028960614,1092635.3048178034,722736.53789788904,2255057.928782579,1581666.6036865783,358936.43363703246,31094.822896290563,267864.41986518237,2375142.0911176614,1177135.7642117655,780325.16576209001,159664.58912972375,1140260.4551001904,937842.17457415268,3403733.4965804601,1504934.1091240584,644362.76950135757,114876.64392632811,2027444.4423685521,597335.21504150331,269356.21042537707,2060995.91312166
2599134.0787607287,1397057.0808965517,978107.70761654247,1574128.6804689695,1137789.7515587176,568051.20784420427,2141991.9102276135,1105256.4129287687,39891.473475772815,2017271.0047877762,4112573.5723905582,1498479.6554823231,4329357.4777638549,966215.97774440295,3019730.0787589992,192739.40366904336,336149.47789482097,741831.30182776425,1096635.0607000147,724659.25838440971,2244458.7793671661,1588816.2038051873,360015.69199410744,31112.726758711651,268047.80761571956,2375268.0787905711,1177018.4205875066,780694.64092691278,159788.70866937184,1140525.2145390024,937976.0397555182,3403005.0764678842,1512902.4564811266,644693.64620783029,114901.96838773249,2028024.0659528282,597543.04450000508,269477.08920413058,2061674.5295620547
2603451.852617593,1400376.78714269,978384.49233545933,1582886.5375533623,1137996.650275937,568471.89658096677,2150880.9785195119,1105598.7500900342,39885.355074146086,2014081.385793759,4113308.8472039443,1490212.2759339223,4319341.4230488045,966121.956096043,3026543.1918889643,192221.44087487372,335190.64038697665,741399.76392689906,1097625.1027086568,725739.24245896412,2226634.9363025622,1583826.0814757165,358635.37454778183,30888.851328147652,267967.55535358906,2375270.5914879744,1177268.5996261963,781187.29635927256,159916.21360386786,1140671.0196252714,938223.42804017768,3384000.6877415413,1496139.4714134769,644803.37175276875,114922.36639512514,2028292.3327500573,597806.48898093263,269627.11936576304,2062838.1036182032
2608460.4644363765,1400183.3682883545,978694.72051512147,1612981.1856003976,1144158.5196903544,568615.27358079865,2166516.8364462149,1105758.2823627298,39878.791789436254,1980435.7511243972,4116542.0903214253,1496102.7524218024,4338744.9144734275,967220.65256184945,3067078.8994813464,193478.88066835309,336732.32002454327,742366.09605193092,1094902.0279077622,723524.16572368063,2251618.6723989551,1590240.3958500195,360148.29164722696,30983.882399127575,268117.50254022062,2375185.5274021979,1177249.4188492468,781439.96652214241,160023.27717729416,1141722.2368922425,938788.14718935895,3398901.2324794061,1489574.912961775,644991.62293310114,114953.3311944616,2029205.9205798933,598071.10831452464,269779.31303658115,2064249.8617324401
2602499.1667373739,1397551.1687931716,978978.1841309279,1581050.6254350522,1129459.7621184376,567894.49256114627,2136914.6790414592,1105791.3593481861,39876.007610748646,2029155.0050874799,4116627.7514113863,1485570.3025884042,4338588.5816833004,966883.09946651128,3032235.5325676412,193920.0575879199,338951.44094920449,745080.52911054494,1108892.3641828084,736148.81429925631,2277397.8571787127,1597282.2614374903,359902.22512839531,30894.845074247376,268029.19685092772,2374865.0317702042,1177298.936515583,781635.06059292285,160096.51047976964,1142071.9915106054,938890.04057251185,3411480.814502046,1525537.2678266335,646789.6560828475,114988.00158998328,2029703.9532321577,598300.81608257268,269904.71837225574,2064601.4227687519
2604650.0877642147,1399849.8027673964,979278.72095506836,1576919.1326096135,1130109.7469744806,568271.04077666777,2132322.3139335853,1106152.3708475919,39881.5062831584,1998985.944334236,4116907.2344530006,1477484.4554355782,4319999.4687732579,966192.23502138397,3011101.1290173219,190757.87936922951,333154.87355971272,741252.25129111414,1097752.2749799013,727603.33106980531,2248184.0229706927,1586290.123868797,358407.5091411157,30780.426515490726,267984.22504117963,2374974.83554749,1177913.3929239265,782062.95271230338,160213.08428604409,1142594.9698565225,939226.81415365462,3409239.8940750915,1517246.5466211347,645615.62088282662,114990.98309928548,2030178.8122669419,598559.00698002602,270058.89283022366,2065517.7325867189
2615609.0662752464,1406919.4559699055,979553.38050292945,1581791.1276930959,1130572.1349573163,568454.38630446221,2139384.702802706,1106595.5749612928,39892.796814895257,2023003.5931506804,4118179.5633181874,1474337.0598589787,4332496.8469886221,966060.27045268752,3010875.8071408528,189118.30504010644,327473.17863865115,740785.8260295192,1098541.3065483221,727137.92944738094,2243966.5809067534,1581951.3445565738,358428.58072091592,30801.383400204064,268009.7561992738,2375301.8640321968,1178833.7434106695,782683.00990646088,160352.14167343997,1142830.4253900764,939127.55675302516,3401633.6598424632,1510952.4526766657,645613.25595591555,114998.4384267951,2030188.2248578223,598813.95684466162,270230.96399498655,2067066.1148536929
2610769.9756493494,1401886.2113280639,979744.31792119762,1622639.6937255936,1134865.1636980195,568456.99310831772,2151411.5449532364,1106682.21411434,39890.848324179089,2027915.0264954199,4121331.9563923478,1485170.4584328844,4338236.328805509,966933.09361757152,3074826.5013803565,192916.18643887338,337257.11507342872,745299.31011577137,1098885.5910262126,726176.10636699677,2227335.4657434924,1587321.2642290401,358885.09420514409,30812.657821238856,268040.08339706465,2375205.4075812381,1178626.9970911318,782978.58625795622,160458.46652970507,1143339.0234006315,939467.65244119498,3409863.911576665,1515252.3685802317,646076.70084097038,115018.2559947457,2030951.3739261744,599032.79786712583,270414.97824940889,2069313.9322608088
2607033.758579121,1400531.0506340337,979686.86915573431,1620375.4066381115,1127002.8996069815,568051.98851995007,2142026.3872290594,1106424.1545711369,39879.14969669548,2025736.2859416811,4123794.2588908672,1470122.6028764478,4339587.9826417109,967078.13715962833,3082924.8090302418,193158.78049983515,337748.21361238725,746516.97265488689,1101168.5346602446,726614.39474405965,2218147.9524583183,1579646.3553234306,357986.44525230228,30731.756976269142,268019.13099074748,2375309.4773884565,1178305.6141484219,783026.69888812199,160516.33761182064,1143655.8136534565,939609.95263657311,3410287.1496861689,1514924.5976711011,646342.19400366419,115020.84936756763,2031064.169587208,599111.85817240051,270526.80982089363,2069522.1235741142
2606945.9447219949,1400884.2783788599,979587.73359164014,1582324.3454645299,1128157.4644293466,568029.65877754241,2126400.6946335607,1106261.5699608058,39874.793482912042,1948447.9742554368,4118944.0931998952,1482405.2033383111,4318449.07563187,965079.62450583442,3009421.4593734965,189187.39953146392,330099.89358783979,741028.08348091948,1094417.4361546964,723612.24543635885,2280924.7783550131,1593115.5832913627,360993.12275846145,31037.126253191436,268280.98281649122,2375732.7137940261,1178284.6143007085,783013.03573995817,160570.63386977412,1143835.3070246188,939499.25341237534,3402055.8126105834,1475009.7818929707,645639.69100327464,114992.0574879419,2030463.0441192293,599086.46286577033,270567.07374624611,2069446.7539404393
2608657.6233009542,1402427.563603957,979428.8961816798,1587510.2659688543,1132060.7163939322,568092.32858180418,2137255.7494421853,1106143.8886277794,39867.782924812542,2014984.6826280919,4119553.1071423432,1483755.6525165341,4334903.9331685863,966811.2421890595,3030533.6003171396,191471.1597020968,333949.81746353279,742054.82722674322,1097898.7797324301,725089.85798284423,2247096.5624121199,1585943.694340033,359412.56519602274,30860.858454541038,268267.66664225387,2376011.0698151877,1178327.1110736646,783106.35258830804,160628.73951257343,1143990.5263668201,939564.50133645255,3401974.0984611898,1496322.370405345,645900.87972646509,114969.61395103573,2030215.6426687066,599025.26904689963,270557.47773972776,2069485.1768967323
2608986.7547115092,1402667.9158244745,979209.65616091248,1588543.4366868115,1131207.7353293442,568028.55885566247,2133435.752666018,1105928.2261002914,39857.459602804425,2015553.0727100587,4119065.8484280575,1483424.8810835471,4334095.6911931969,966710.16889293119,3036346.1280584116,191407.88519772279,333306.83432387252,741878.2801288655,1098141.1195875735,725160.70876339846,2258183.8001243118,1586399.8041451327,359636.94868263387,30880.239217565424,268278.77561052225,2376001.4881343278,1178270.9785413777,783163.51398540265,160673.19241706215,1144126.4119477526,939564.98248875944,3401912.8112848289,1494495.6694614044,645902.57644219871,114935.62785989142,2029834.9826757743,598928.07754679269,270532.12016502826,2069455.3226615016
2606924.8543157969,1399996.5568774804,978980.00374000752,1586089.6905157992,1125836.3421781878,567674.66630634328,2124722.9747344865,1105594.2943007769,39838.62992478197,2006059.3261162452,4117713.0921146665,1469006.5908611822,4331925.0494837547,966604.07979202922,3020184.5690541924,190999.96923692164,331674.05814719625,740891.76545716205,1096135.5856689543,724996.50618628436,2220229.9024953423,1579337.3424705416,357920.5395806033,30706.082528353243,268051.06717686006,2375258.5176051636,1177814.6185159497,783407.41967729724,160791.566833288,1144060.4375268775,939420.16432812985,3395132.0036919811,1482784.297179081,645802.88505460881,114891.0165355785,2029221.8507171522,598789.76317369589,270485.0182820778,2069178.9830234756
2608282.5510495999,1400641.1870285161,978856.52453274361,1578404.6564900361,1125428.0779389604,567622.38513471535,2125752.5461132559,1105361.031959696,39819.790502695338,1944105.2509222149,4117392.7718676762,1467572.1733679436,4296194.2522032363,964123.09029094176,3003914.4056316563,186919.76053373789,323931.50015309179,740045.90430611046,1094860.6234777691,723922.10215327749,2215491.8345135488,1578788.8128211461,357823.30233666004,30701.506223769786,268086.28788051853,2375749.4205974233,1177695.5037573851,783771.44055950723,160936.57133510659,1144157.0341933668,939260.02442825655,3389364.4643910141,1460052.0574920562,645572.40560389892,114833.30341841122,2028632.64356638,598667.13141566492,270420.31372661813,2068783.6527900414
2608001.2046109936,1401587.4774523966,978719.00262785796,1579307.3399659444,1129259.3912484599,567836.88652291021,2128942.8216099767,1105189.5276563317,39797.964224161158,1978620.3034403867,4116679.2011270118,1476834.7884356496,4323638.0896887342,965319.10506079404,3007032.2832767228,189088.59557717506,330432.77570485452,740845.72301466868,1094781.4968369983,724068.63880618429,2243232.2526470134,1581787.8206281145,359340.5669032702,30882.952508868406,268395.16216484155,2376786.7476786156,1177613.4968184175,783816.29271535389,161018.1546694593,1143532.3576230814,938948.11852602905,3379165.4273738344,1472780.2609725774,645345.28655204398,114763.74896054865,2028001.699952034,598533.23660765984,270342.15228751086,2068252.819272944
2609738.6460465416,1403692.9192269091,978622.98359990376,1579799.9641349292,1127832.5474545925,567701.9191445444,2126954.3551921756,1104829.3145587,39770.358391765265,1985539.1823439286,4116428.6882056189,1480828.598942078,4312055.4325622218,964263.82273141516,3008643.6262120306,189356.35079585609,330647.52105278021,740940.30428141193,1094901.4335038648,723939.7986144342,2239063.4575173873,1582243.2413048246,359767.90846180299,30961.489974787259,268472.46305998974,2377135.9617615081,1177407.2061239944,783950.33875962067,161066.02657181938,1144306.9349065442,938911.67273358523,3363155.258789774,1463122.6268301308,645155.94816959382,114685.44093345859,2027442.5410588353,598402.67754171928,270256.64374159509,2067632.8177495939
2609378.3051705123,1400542.8850399277,978379.28192647616,1578651.7149733,1126506.3366381805,567461.5110809512,2124987.5093064965,1104336.667867515,39738.484474159814,2000263.8183357671,4115623.5236769351,1471224.3955138812,4326731.221644151,965210.14696526853,3019606.6083325702,190849.82555857176,333324.48902565747,741905.40141606249,1095285.2723714628,724867.27744418057,2247287.2528789924,1579055.233209535,358339.98508630303,30791.219189717893,268272.17479666806,2376696.4830787294,1176951.9870214667,784325.03399378387,161188.32694086689,1144334.1781199046,938959.02887213882,3395786.4213054986,1496593.0321188197,645060.16843486577,114591.63049609163,2026928.1278344935,598229.15399112983,270144.6586156722,2066828.8957894957
2611767.3112497386,1401540.4532414263,978227.18526004313,1576266.6181516538,1125422.4085007226,567349.7947867508,2123616.2485719239,1104223.6127249475,39730.762830968044,1955073.0562599986,4114440.6460690377,1467856.8503653023,4210749.3763610469,956589.00938581338,2998669.2507397579,185724.57134816554,322558.5850282624,738998.82323309267,1094620.535078659,723872.63104414765,2220323.2101605912,1579033.4700211929,357969.37369845592,30714.079889136494,268187.42517927196,2376887.2170465067,1177195.5480230853,784861.29830475152,161330.78646511381,1143710.2009927742,937686.96359594935,3306881.6488568522,1454623.1354032739,644602.47725390864,114290.7406888408,2025843.006991955,598084.88785100623,270053.48799845995,2066410.1271448419
2617230.3597310884,1404564.4228829322,978357.16071430908,1578361.6260125861,1125888.966467255,567457.20945899782,2129963.338004366,1104371.8340881313,39731.510208550753,1949591.7453891414,4114410.4322413956,1467508.2489323094,4300919.9539305512,961711.42325449956,3000459.4785903529,188053.10660006295,325445.38354662561,738855.05267206451,1094391.1454699,724113.07808970555,2216947.154861494,1577909.8620766047,357815.44902991853,30704.916800212315,268153.72535667336,2377378.2667124839,1177706.7264039775,785608.64667809999,161485.93736882231,1144383.7143126791,938271.8787123363,3386968.1003215434,1494557.4165060474,644324.37625088694,113451.61108299709,2025043.563563836,597993.71279126254,269966.14763588557,2066256.3269250952
2614838.8314487976,1403966.8441146428,978617.51704186655,1576521.0566759834,1125287.0460598574,567311.10289182817,2123974.4385932754,1104172.1300926572,39717.167472470632,1944225.6878176837,4115520.351742527,1467077.0822711152,4166311.909415286,941450.32722813427,2998077.4707491691,184801.93556044894,321557.0708095826,738295.80141769419,1094265.9309372043,723674.89115663234,2215973.0824504225,1577687.0090686409,357854.93189116422,30713.532441403124,268167.92179185525,2377695.0974285388,1177690.4562006898,785853.33225267776,161579.15930836863,1142568.1019584404,934559.63630903244,3246349.7203822983,1452907.8089058022,644153.26319676382,113405.70324463218,2025089.153488552,598120.32270522963,269918.88375282189,2066328.1714177197
2617579.4611583673,1407201.6510207204,978981.5617036348,1583965.8115144272,1126128.8933898443,567543.69360920845,2132796.1285567703,1104448.6247397517,39712.325507616079,1986043.7989113275,4120074.865320642,1468418.4930173105,4314465.4382902626,962942.39480290015,3006906.4840983083,186600.63772040347,323089.01989814616,738493.02760154207,1095789.1047428686,724250.70066957187,2225510.9446392036,1579837.6315680421,358209.43271485547,30758.98755207477,268240.00177335762,2378076.6145832953,1178195.17675405,786266.67204413307,161679.52017610602,1145340.1874166403,938707.72515019076,3324037.4577150661,1466879.9648916684,644358.95961880998,113444.34519427425,2025928.4862285657,598266.82727167581,269884.47168052394,2066839.0375610506
2616628.103921453,1404042.1332090867,979209.51095628238,1576765.4468416441,1125482.0777499455,567293.2144632244,2124745.7530893912,1104042.6517262766,39687.701044089328,1951611.5143576385,4120008.5632184865,1467761.4586440106,4156821.327046786,945926.1105788399,2999683.8697766359,185021.11654454851,321727.33758272929,738484.27522420161,1095246.159704051,724167.59834055114,2218859.5312317251,1578305.1773350141,358089.85540233261,30738.614577831038,268267.71513722325,2377920.6632607304,1177644.4910705497,786333.18300215644,161735.55954949977,1143870.0789850729,936093.30555414164,3265521.487863122,1455314.5608157541,644528.58232478891,113494.25618222372,2026649.0055333164,598415.22462047357,269847.26951765327,2066483.3121068696
2616658.3214421216,1403932.4751673706,979576.47515255958,1577903.9091512389,1125665.7635462845,567298.94599690917,2125424.1331813578,1103970.9119432087,39670.13319305591,1989241.4254837583,4123110.4601147161,1468143.7764602695,4283016.409689554,958558.5796738303,3003593.6313537667,186318.19688315934,323311.91443201661,739054.95420124824,1096319.1602372273,725948.27646831865,2221519.952451976,1579014.9551305613,358261.59788010735,30763.10660604322,268347.57341605303,2377944.3307145918,1177562.2827422263,786759.86803444359,161857.67134552897,1145632.3089753934,938618.07392444403,3386907.4073100802,1503941.2719815308,645175.44921509887,113574.52342784054,2027889.298800664,598588.10650427395,269824.03762145119,2066521.6681021689
2619029.4079416231,1405896.2576224371,979804.60109292984,1580110.7948288573,1126423.8060657557,567386.14633844863,2127002.2779971776,1104015.7289657597,39653.313822018128,1982565.5993893757,4124274.7311661085,1469960.048546165,4327349.1658740593,963852.8353264248,3009896.4653857425,189441.36210910114,327121.13455058204,739923.51813223201,1096827.3185525374,725426.66344803036,2231981.0943616908,1580943.284133716,358567.96078611416,30790.600562240001,268443.90456784365,2378028.4322093404,1177708.3641925259,787333.2051764098,162000.13573500907,1146416.5063998227,938866.14614728547,3390969.393475669,1490669.9125322741,645551.44516075356,113637.43296569354,2028395.1247840237,598675.91408657038,269785.89670802053,2066503.4116124066
2620765.5644263737,1405352.225933694,980147.3628152993,1578292.5293587386,1127346.2707564789,567390.66421612829,2126935.2848558859,1103899.6233934588,39630.334323866569,1959463.7617024553,4124913.2837832603,1477899.2905263428,4316757.4159571854,964833.63071396388,3007889.5395672843,188926.23578636735,327609.95790104463,739485.9613829538,1096293.8841520424,725123.93852825603,2238933.1665928769,1582134.9952785594,359106.84201458731,30847.023011677586,268546.81161554944,2377925.3923473805,1177486.4281431022,787574.72756355722,162105.12211862305,1146749.0228329143,939431.00763917738,3392339.6344178906,1476641.864486549,645286.55870978779,113658.93856975164,2028817.2437153333,598854.95828411938,269769.85268589813,2066549.7502823023
2618857.9337389912,1404653.9499089164,980609.05585611856,1581105.7979565472,1127079.0094517414,567309.0706595825,2128448.4862640728,1103745.4736511665,39602.521815884909,2001274.2677877273,4126776.7006477485,1474930.8639306177,4325312.2231775234,964561.39679152379,3017691.3293577903,188335.73189320954,324080.2970644951,739301.55413065187,1097206.4503211165,725275.83739833953,2245212.4010660574,1584528.5947484435,359100.67040801025,30798.742439030229,268553.62287864147,2377529.6423704745,1177187.4887653957,787692.50853481959,162181.62777562154,1146861.385869835,939126.74834097549,3330175.7925338126,1471872.2510580209,645349.8811000553,113675.17032357608,2029163.1551915761,599023.32498770312,269767.91790684272,2066662.167245799
2619131.4017747189,1404564.4116200472,980932.36680618813,1578447.323384804,1126973.8233915502,567235.30446842953,2129659.5707942978,1103576.7399750617,39571.510422143641,1996019.421108416,4127282.8525462211,1472231.4637481656,4268967.0381999072,962110.80879895214,3005998.0923344833,186660.83799526546,323130.33477683651,738993.41528516822,1097072.2325277994,725395.35204757983,2233635.4803737868,1581521.5242988646,358882.45358265424,30791.123467513276,268552.93140301644,2377008.2493711719,1176841.6570776524,787877.17617189873,162259.68220081835,1147230.2605766696,939256.62604138046,3387172.3355241227,1488511.5252357388,645394.91650549683,113689.63372602458,2029212.6545656363,599126.79782080348,269803.03536636801,2066578.713150487
2621070.4085740265,1404859.0798042361,981191.26565866056,1585323.1736208124,1126675.5939443307,567117.71923869418,2127937.3678394454,1103313.4958831058,39536.881804047007,2000059.9012461775,4127145.4165633405,1470536.8815075965,4326914.5468608253,964186.28038653231,3010896.9589985712,186255.43672399255,322181.09651799087,738718.38168337569,1096722.7202091741,725289.64696649765,2225390.4955777558,1580947.2488859866,358701.33675995789,30781.063625972685,268508.35591222777,2376353.3153600795,1176454.2052403875,787983.72764979408,162322.94082083562,1147276.4357473035,939274.8261491434,3362976.895250754,1482568.0290143134,645334.04235959589,113701.57580376072,2029118.768000135,599174.75285838533,269822.3136238046,2066797.8543707642
2624150.366280274,1406398.5086571369,981206.08230461949,1582160.4181815009,1127868.7092981595,567161.78600997489,2133802.2435731194,1103159.8053245866,39501.549591924871,1993442.4788664381,4128459.6840579687,1473197.841893493,4322626.0584956324,963568.19481056114,3009947.0119702066,187705.93967173592,323645.19899741048,738851.65007896489,1097478.3678893829,725437.71359740512,2241696.4455231875,1583666.8794183917,359097.6108240608,30817.105775624059,268527.46404614247,2375800.9054565527,1176206.7964153804,788188.60631745879,162369.45005022874,1147541.3694923227,939294.44055798673,3372659.8931348915,1477763.5683863228,645447.72474671842,113719.67659774244,2029060.7480818809,599136.23336751398,269812.03508188098,2066695.5738239943
2619766.3453916842,1404418.4202915155,981127.21318027121,1590992.4898488969,1126415.2202657429,566870.79829682922,2127919.5802144674,1102667.5828252244,39461.412739362335,1965883.9715437714,4128326.6916080527,1470081.9678105644,4333975.7997711217,965080.35843942501,3033329.2164589893,191098.94290596692,332738.05639998039,741517.26718123932,1097352.7282857592,725780.14340959641,2222493.4103552317,1580452.5839569638,358626.73596309987,30773.242904085389,268450.49967193662,2374915.8810600969,1175503.1618340772,787996.95134294813,162374.1981926552,1147999.014394891,939668.03044229269,3399196.6759442808,1487629.2108788183,645822.21159927757,113746.54856708304,2029112.4764486409,599065.90947038285,269781.25036354671,2066526.9218557852
2620393.3584876503,1404874.5131983696,981129.76870832965,1578057.2866969758,1126668.085704484,567051.98798736942,2127073.9207236604,1103013.115321259,39473.804641069095,1950692.3222763431,4127978.1203013449,1470426.1985966654,4128657.3782594446,923364.60655028769,3004123.9793222724,184994.72612383901,321601.67168248445,738331.86858712987,1096626.5631547824,725231.61209097446,2221968.9211014784,1580152.3855834533,358656.19211040594,30777.370443979024,268512.90113182622,2375833.177449943,1176039.4355921168,788288.93464318791,162433.70630569733,1131120.7744154779,913853.61757188826,3225277.1524299886,1456438.5571780175,645379.79887905752,113753.92082612643,2028879.3374548797,599029.96356816543,269729.87586032879,2066023.5192772921
2623890.1865852061,1407962.1681276876,981147.06806530897,1578510.4307309564,1127431.8409455491,567331.92971675727,2128130.2872232101,1103410.0451783615,39490.30523232706,1956102.5594175733,4129193.8871458499,1472108.1370414502,4123934.2847448466,938488.60152904235,3005016.353051526,185241.3760187169,321789.11665929016,738428.87553415727,1097096.1662391608,725476.29480332893,2225372.8989534425,1580764.4748418492,358863.96787973947,30803.914933058608,268651.76703761477,2377342.4851443483,1176840.0630480305,788589.88510582305,162481.97419206586,1135860.987795088,928190.94212534768,3237698.3136304128,1459091.9899858607,645532.66833846865,113790.58559890676,2029055.3958607272,598989.77903378534,269678.98334918066,2065797.6940620213
2624327.3518076818,1407678.5567813511,981067.09342168376,1578479.1343681877,1127859.8968943101,567458.15848100313,2128970.6429484501,1103587.8894112038,39496.889009447033,1974202.1036324522,4130288.9261166994,1472583.2001361568,4262562.1492261039,960329.8469907461,3006922.5064151203,188449.36013335662,325560.97073359066,738984.05242257286,1098121.2728501013,726721.06772313116,2223902.2227435326,1581018.5551652252,358929.1413147623,30806.293097630045,268719.3713966902,2378115.9249645649,1177070.0606200711,788654.79764944746,162507.07153586647,1148461.0382113762,939442.67219278403,3383665.9526170301,1498270.4362016027,645967.11404451798,113839.95777497801,2029269.161113159,598905.25002081948,269621.11595266359,2065397.7680838301
2623230.9514360898,1406973.4734278375,980944.60219663428,1579998.8875234409,1128105.0538587775,567615.14270830818,2129263.0080663646,1103686.3165135502,39506.347377151287,1963523.3390428377,4130241.2101529245,1472929.0732497619,4284185.248144892,958384.79298741894,3009489.4759876952,187522.78760448089,323837.40849534108,738778.66937389527,1097619.4433084128,726211.34057069535,2225925.8902427303,1581789.2319659702,359070.47115405381,30818.440256808608,268799.44237609208,2378809.8057123376,1177211.6909508081,788660.81329689454,162519.41436626395,1147501.3060876348,937959.3553538915,3366371.2154423147,1487069.0152532589,645906.06259039429,113871.0631715769,2029277.7485766029,598806.63784855674,269554.18296978739,2065061.5064864582
2622808.1418902101,1406629.8467909391,980713.32187220198,1578088.168585429,1128380.4498680495,567699.66346946964,2129177.3954165741,1103588.8478741839,39506.190054948558,1955115.0127427722,4130445.4266107217,1473406.470512284,4273915.0927364277,956369.50314167608,3004953.8125135,185929.58743319896,322046.93462193408,738143.54751391674,1097664.0811272585,725880.33650020731,2227348.82344048,1582414.28878871,359225.07307226415,30835.775207734732,268888.11149238487,2379414.5504804864,1177123.067232003,788567.264916908,162514.60690230786,1148636.8081128721,938986.38868903997,3324208.3173344089,1460760.5733871306,645861.95549629082,113892.51248107478,2028963.1651832729,598654.91811701411,269465.82175518066,2064421.7061122179
2622489.3142783032,1406546.0871269892,980566.70379317843,1577905.1364441549,1129911.8236604293,567817.18342736992,2131128.1023776797,1103539.9570165146,39505.587249792465,1959656.3582171313,4131748.6840046034,1480395.7724102419,4182874.0209666905,946315.2860004527,3004962.6554904222,185889.54902431945,322028.97861563583,738184.41329578322,1098294.2033799279,726125.92648010224,2233150.1089609182,1583670.3939354953,359642.77994817821,30881.396557587181,269058.31605571316,2379864.5193328341,1177028.9041847079,788429.00824591541,162496.87727972772,1147466.8330455206,936921.44432080328,3281999.1964150113,1464589.2614368196,646119.09567461186,113943.49649273521,2028890.6289950162,598507.29572246212,269364.51577896968,2063870.7280293223
2622227.7271136483,1406877.2036067809,980366.92652782123,1577554.7901855607,1129796.4279363693,567828.41122969333,2130128.3317716592,1103384.1310713373,39500.503292258421,1966930.5789526473,4131291.7939711795,1479249.649146646,4141255.5551824416,939167.81022205891,3004030.1072583599,185233.87430215869,321560.94515051052,737830.84202065261,1098318.5215265425,726145.53526029945,2242088.6475036521,1586484.4860276119,359973.76653489028,30879.94193293717,269112.33311742748,2380289.2086058892,1176966.6310424553,788334.22236453183,162489.33772560567,1146968.9222612313,934675.2542761839,3241708.1344150254,1461338.788054229,646122.0380152883,113973.90340256679,2028576.1851226673,598365.88737789891,269281.78022030502,2063529.3166414015
2622456.7807132611,1407591.5236673304,980251.42065933254,1577770.2044198324,1129443.4199273421,567798.77202586504,2129788.5569991176,1103226.9823863856,39494.597399437072,1964425.6528211865,4131525.3793552057,1476061.5993392537,4125102.559206544,936516.72376612597,3003956.2455684501,185469.16366322132,321806.83364068758,737786.68351535127,1098292.9284203213,726467.5594839406,2232349.9600770245,1584031.5465239752,359633.50090803066,30865.548392529519,269137.50202424801,2380799.6430121502,1176944.5560038069,788234.3790496419,162481.76585127425,1144141.071701912,936324.70517443586,3308002.2896757564,1475038.5993949326,646286.13386810094,114007.79901684696,2028373.7776424452,598229.00550832821,269189.14759891067,2063333.2140996782
2622070.1791614946,1407826.2719911041,980060.90322765766,1577613.0667176035,1129403.8256375829,567776.51719405875,2129387.7085050605,1103095.8766881351,39488.295991652296,1956969.1276540596,4130894.3802393833,1475564.3101115057,4168275.2389215883,948825.22287376341,3003614.6985792634,185677.83868129356,321909.7648214759,737512.26194438152,1098061.1360847645,726390.25352965016,2228663.8884854596,1583567.7490032571,359585.53421713103,30861.969727417629,269163.1095285539,2381231.524469431,1176909.1598150139,788224.8882042527,162524.16486607195,1148651.7799918007,937996.30888234568,3331745.6527639185,1466615.5182637982,646208.62438759068,114008.36785866947,2027999.7878840994,598097.55174802698,269105.25795575307,2062929.4545964508
2622294.7043521502,1408117.5949301834,979935.53281269327,1577840.8446621886,1129749.3610144821,567831.15740538063,2129414.6542766877,1102982.9082224099,39478.994417861453,1957975.8030550333,4131084.0644447561,1476255.6393992985,4253472.840330204,958233.42985044327,3004240.8710461813,185698.139758673,321691.52627883496,737384.4142872988,1098109.9523111079,726474.27285380161,2230011.9742893507,1584154.5569367462,359712.48072351719,30877.69303857987,269228.49083057157,2381533.2103564781,1176869.1578662337,788323.15894638037,162591.60750571673,1148825.7653868035,939295.56830232148,3332950.717490558,1463822.9846301475,646258.31960461207,114025.99023641016,2027845.5682502659,598008.59526882693,269061.90636449226,2062788.5855591632
2622920.628369546,1408495.5737897984,979782.30080898595,1578503.4674006987,1130741.695316023,567865.69595749048,2130118.9379936927,1102844.1096742873,39468.916397632223,1961495.4906901263,4131445.6939227832,1479673.7378178218,4165910.0665976754,952421.83969843423,3004827.1790645993,185736.6872131447,322149.66793885204,737516.65287936595,1098323.4400838371,726650.00280981441,2231931.0287023354,1585315.8684588498,359950.07209220255,30894.205359147498,269329.22360730456,2381646.1485165623,1176817.4449456115,788407.51610712009,162653.31544816023,1139628.4731104942,935926.01781456091,3290224.8296592832,1465769.8344141883,646382.95269183721,114054.19852092632,2027740.1252921827,597913.19909101108,269011.64081836591,2062658.9475740145
2623834.7651589257,1408915.3493572909,979673.77096785046,1578367.531424948,1130435.7714502066,568012.35047207109,2129710.5224302807,1103131.0162236264,39477.413970927744,1976409.9700758306,4131548.7749761995,1477671.9315338735,4283403.989470128,952771.52285783284,3004196.7874181652,185853.1228189641,321917.86640979594,737403.01098153496,1098380.8867318779,726926.66381981259,2232177.3088242128,1585982.3135258455,359999.18812953,30892.018416430015,269377.38035988668,2382417.4484717539,1177394.7139491993,788890.65538572147,162767.03974202677,1149554.9755761065,938419.84362257109,3325799.3434895356,1486056.4631004878,646445.49275910528,114073.3997806273,2027596.1998427541,597850.35665860877,268962.90546136111,2062606.5014382228
2626242.2955090324,1410363.3797563592,980190.81765354413,1579127.0353260115,1131047.2182297404,568335.13597544108,2130823.065040214,1103796.2690593754,39506.95201382399,1961897.2347890153,4133595.3911999357,1478611.6940523493,4120009.2111349222,915572.86672858684,3006103.6061499403,185377.5732339875,321877.91811179189,737902.54862228117,1098912.5078715128,727286.91051249648,2232726.6509046149,1586509.9637257806,360155.67249572132,30911.752043193224,269487.48558771773,2383679.345359033,1178350.0294978158,789557.21520486393,162906.80532915992,1136505.7697373214,907823.86146383826,3238762.595511761,1465127.9575274203,646891.86949197692,114181.54190052157,2029025.6269574042,598229.17045507382,269166.35477068304,2063918.4020254216
2639215.3562416001,1417835.3730129737,981199.95429876586,1612538.852867563,1134490.5921926186,569048.69181289896,2140908.8803936075,1104865.3471209488,39552.905225029899,2015717.6168222432,4142248.4130350095,1485568.8890590612,4337762.6460055886,965056.88412001275,3087214.788509517,193551.69631699417,336198.4578647812,746375.44081005151,1102844.9401995114,731276.54657683172,2246586.5282138013,1589739.8166275143,360883.11115324288,30991.674429131075,269727.22090086178,2385748.8327909689,1180065.9818555026,790507.65834762633,163074.84488323811,1151811.919411775,941405.38420602516,3420498.2572447327,1528867.8101234003,649033.03679907997,114398.02685448602,2033042.1675868582,598815.14530110208,269448.1577685207,2066859.0584382387
2642591.4139603633,1416571.4241073905,981734.47577442857,1607597.8249002998,1135856.76878811,569319.13649154163,2146132.8761987719,1105496.1007815702,39576.479962041085,2043359.3199976091,4145376.4951852881,1489512.5756319328,4330969.0882079639,964745.38932735985,3079164.5890900865,193009.93758019357,335195.67773588165,746044.79565336963,1109469.699532957,735941.32063825347,2273197.8430095804,1596667.6069293672,362007.94105720706,31038.007095775018,269940.3606805834,2387087.1749356911,1180671.4097216586,791087.62744125037,163200.40266008623,1152092.7686058837,941500.63578330248,3419745.986991067,1534646.6837921082,650491.07627240277,114521.42199243305,2034575.7792909881,599236.40376927727,269656.69926027139,2068100.6205257038
2636501.5701247226,1416054.2607408292,982315.16095271928,1596735.6776847113,1135975.9509300806,569532.90128315566,2142154.8406517133,1105939.5920508699,39595.918168516946,2020854.7235922473,4144499.9576841006,1491679.1727003022,4313836.1721692225,962799.29140580527,3044622.3294215281,191051.11826401317,331130.34217444417,742234.70364014467,1104815.3498361963,731296.68145910033,2286258.9764256272,1598674.1137357852,362663.66787905555,31092.385144515814,270070.34925252892,2388186.8412029566,1181262.8916258854,791428.74497688899,163286.44615572205,1152070.1356985401,941105.69700912642,3410655.9385842201,1517365.8884493902,649232.54846427252,114577.41660491673,2034616.130505288,599623.13982147072,269848.12673378165,2069256.0272145639
2630776.9344981764,1412382.9950061312,982439.27902396221,1581662.6583418481,1132650.1595320548,569304.81405503396,2133862.8431775332,1105890.1199719876,39597.66049379015,1969928.2594751189,4141263.8594336403,1480778.0571928064,4162542.753904996,939889.38557996962,3011365.0188540411,186258.4754763043,323016.952528038,739673.88115124847,1100833.4650869239,728785.38930778101,2236220.2289454392,1589044.9425756764,360661.92395185702,30954.785136474733,269886.60357915971,2388193.3295393186,1181111.5239897929,791523.00603175757,163326.15410497793,1152190.5362942666,939946.2612885678,3352875.7510000765,1473553.0263253225,648470.60911806731,114602.82165029347,2034289.7198393128,599810.47894110624,269954.89486225328,2069166.346705646
2631509.7809941135,1412713.1324573886,982731.56999518326,1582712.7452045605,1132823.1661752774,569338.98060875328,2134306.8017494078,1105906.1951041846,39602.306669744248,1968127.2955588514,4142163.7320665009,1481199.4100164573,4220942.0813381718,952830.97467281041,3013501.5111320573,186535.28082363604,323092.23064498929,739921.76498846954,1101061.5003090291,728988.26054933609,2236605.1507184277,1589102.7330766087,360715.2385426244,30958.631465873237,269903.99989396665,2388362.987539554,1181251.4215634991,791668.52643742494,163355.0782943767,1151818.8416401925,938992.02862724965,3330105.9134130678,1473156.6163963326,648648.74672252429,114663.99312575546,2034927.7272220517,600028.78695982625,270073.42014019709,2069997.953708431
2633052.1869599023,1413362.5063407689,982913.23223844147,1583719.2210104328,1133435.201190609,569364.02902794059,2135646.4780566692,1105854.6410983191,39605.358256081774,1973185.6558277339,4142778.7565293512,1483175.8228292449,4236654.4199118437,957797.31789229251,3015819.9507680903,187321.35364165143,324226.62931644008,740370.5703868618,1101309.9705643267,729270.22194783681,2239867.4814677234,1590631.6115802296,360925.90022355679,30970.633681410054,269923.77846412465,2388274.0416036155,1181283.5171828142,791728.87291727797,163375.85988811881,1149258.43822485,938338.6082382194,3346234.0062895929,1484356.8946228181,648907.79195044667,114721.21964013156,2035320.2384508827,600178.62947280309,270162.87428426341,2070619.9515997742
2634164.4522620309,1413828.1421141229,982958.65790008986,1587703.9688431928,1133437.6997007835,569340.13129726076,2135455.876805963,1105766.7409034385,39606.920455153086,1971583.717815493,4142861.6551964842,1482904.0027779329,4267364.7802649671,958097.60842459626,3018069.9217528077,186819.979640537,323450.37825114629,740347.65797288262,1101679.6264254618,729524.50223198207,2239193.6513387547,1590203.0411900936,360917.61620213144,30967.733107303855,269921.63995085616,2388114.0808358351,1181273.8283438608,791762.65157773986,163388.57523006602,1146147.0440984976,935999.95889587188,3278861.7664090521,1475578.9476853167,649034.38127841346,114759.96208684955,2035402.2893691848,600245.37719810929,270217.13782093168,2071160.4616375505
2634329.8850759794,1413951.8729940378,983164.63045987673,1583738.1460570679,1133088.8869172265,569366.22377384023,2134621.4793398171,1105940.5066997807,39614.232897486945,1967794.6416980887,4142879.6850115587,1481607.3459350574,4186034.7603761666,940389.97092626384,3014245.0883719949,185986.64242407528,322897.97246289341,740157.1034683889,1101473.8111557295,729465.42919094011,2236185.9059635033,1589377.7618621651,360766.5551671061,30964.609015077494,269908.18420418067,2388539.3968393034,1181816.1876084837,792377.59243084269,163523.19460525934,1142190.0087816862,927747.5486707855,3251449.2630159026,1469679.6017866037,649037.91723569226,114793.86894902313,2035621.4938928913,600385.00693729031,270282.77354406071,2071477.0726868161
2636950.7205725447,1415089.0034206472,983613.40828186588,1584295.068299687,1133490.5405393213,569597.28921884007,2135456.116275616,1106510.6401785328,39640.86282909265,1968979.1620286403,4144511.9880566313,1482199.5797454615,4118798.4992585732,915303.10572442075,3015794.1701201913,186009.23570968915,323112.38393298967,740625.32748843567,1101961.0415741443,729864.20680435037,2237152.1785148135,1589938.4798703317,360891.14276310941,30978.660788119796,269987.17589267343,2389541.8793260832,1182652.7986227092,793129.6153114544,163683.9866316749,1095871.3763345783,893361.22288075881,3248567.1939805085,1470453.1037694342,649421.95804813528,114887.20437644003,2036759.3995147173,600695.10441628343,270440.08059548389,2072568.6012446657
2664649.3667139472,1420212.8614805851,984170.60169314325,1585571.973108239,1134009.621269512,569866.76780646795,2136607.5952773797,1107168.165814145,39673.698444778667,1970957.1954594031,4146611.5911041624,1483025.494771465,4138096.4601512006,933062.25074158283,3018280.3983244211,186344.58117540422,323569.93174934335,741277.05937834515,1102608.5872104988,730337.34814429423,2239027.8463111706,1590793.1777759399,361065.10404737032,30993.075783134933,270091.7724015803,2390740.9903458087,1183883.6698256186,794787.92185253697,163936.00957188371,1146020.7411803235,932937.78846608719,3268628.5235071057,1472170.764228639,649874.10396241723,114990.84019312327,2038028.6448352844,601034.02020872489,270599.55115595291,2073841.7485091442
2669457.7867798815,1423027.3730760911,984725.46598463494,1588196.7812221618,1136455.5777723349,570372.39552621567,2142351.9517810494,1107993.1361633616,39706.468941992302,1974679.7020628189,4150108.6258714921,1488528.6909987624,4208748.5883570518,954406.01953885809,3021997.8628989696,187041.25506468277,324389.7600545357,742073.82331382867,1103565.3410090015,730942.92378264212,2248956.6554597593,1594551.2849937854,361934.67970731831,31038.157270499236,270315.14870274131,2392135.5847675321,1185107.4349331313,795479.89001829689,164101.63925139938,1154224.3035441744,941441.36236846191,3311747.9084534831,1476299.8366336566,650417.85147038416,115101.56850890722,2039444.7655445752,601369.24626439577,270760.18560624664,2075469.0568855843
2651964.867192382,1419359.8417985099,985136.05329507322,1595058.9940019562,1136349.6876198018,570523.09843328269,2142839.7967791092,1108399.8022920024,39724.067579065915,2011415.393141448,4152984.563231233,1488288.2559528702,4324746.6260002647,964221.24087024503,3034920.1458748826,189678.03133480073,327582.46247306617,743443.93016801192,1106217.5540440544,733044.54950061382,2252803.7533473428,1596392.9048419255,361916.1449453659,31033.411192426622,270361.86685734289,2392754.7451402033,1185487.6620323614,795685.16216609674,164234.7220490427,1155577.7248753728,942917.36537214811,3386329.7273256327,1509265.7771460835,651263.3483966568,115213.07468339097,2040874.963449327,601636.28091952403,270877.97447224503,2076670.0257402239
2642745.1117621246,1418096.2874873728,985275.94942842936,1589342.0333040336,1136616.4074007524,570650.39872558694,2142524.5245971438,1108597.4901850137,39731.162194565077,2005897.8489734998,4153688.9825449008,1488321.2999647758,4325775.5987620149,964536.48430415394,3026690.5910878517,189145.44269459485,326181.20769342268,743190.09507019015,1106004.8658780504,732447.61912540032,2244346.0470476002,1595120.9464010508,361699.64191764197,31028.143823189283,270371.78091338987,2392961.4384977743,1185735.8278141881,795842.98048876447,164325.18022103471,1156444.9255667711,943567.15242460114,3374453.732400408,1495999.8868460669,651367.91059890762,115282.25814889823,2041433.4148680773,601754.54774543748,270923.59617556026,2077119.431306727
2644806.4524325309,1418857.7591587342,985331.68940771883,1589087.4966672533,1136002.0965292871,570635.02932667627,2140645.1905845287,1108584.7669772373,39736.128277276388,2011038.1477502009,4154049.2103825435,1486180.111014595,4332834.1728859395,965780.71843327291,3027267.9777583331,189439.70672254407,326817.96573407459,743463.2036440029,1105916.9625333862,732739.2663188494,2241892.5436885152,1593486.1800952461,361513.61709043256,31025.584715549874,270351.57629160723,2392838.8169162218,1185953.2557499057,796356.23390154971,164439.1037587774,1157649.8794995528,944825.00201125618,3404306.4032804649,1503207.8878905524,651651.28279617988,115345.75455292681,2041899.1154007048,601786.30418618105,270916.9994299371,2077472.2372010229
2646792.6397904428,1419516.9614033371,985238.46439020976,1588695.3756577082,1136271.4027187109,570633.64619841462,2141095.5502896812,1108516.8484800169,39739.366792774686,1983255.3589033743,4154231.9241040563,1486693.5674857819,4261131.6381484857,957734.20214345143,3025250.5580047322,187608.63781064551,324956.0537113059,743330.88734381215,1105501.5235792377,732440.49148540664,2242468.5375216971,1593598.1085706367,361553.44246366573,31026.58978107759,270344.74236646033,2392615.6055554533,1185985.6414055282,796778.14153885434,164530.41121715226,1157211.1361672084,943081.77797912969,3323245.2232254418,1480560.7247927706,651701.3191417288,115382.12321988167,2041896.5761696259,601724.78878888255,270888.32088284794,2077486.6877901074
2646254.0790450573,1418948.1811388633,985046.14303045429,1588559.9003302576,1135681.9797611551,570485.5730294612,2140179.9140176042,1108273.2650879913,39735.661858314939,1977626.7933037682,4153854.3034982076,1485404.0453617587,4260903.4234764343,955214.52944000124,3025211.4897210295,187240.82479946275,324734.15323635197,743373.00924906251,1105453.8194079951,732530.20523923577,2240748.5644109794,1593136.1806281242,361437.31372993428,31015.724144426844,270282.27876429487,2392037.7774208463,1185751.257128865,796977.18376142578,164583.67315547221,1156669.3912380016,940853.43993525009,3275407.332124677,1477494.0958783436,651777.21133359033,115411.92166602489,2041761.4968548503,601613.48014003737,270836.98040797398,2077253.5180276504
2646850.2946554264,1419164.1039525336,984902.59710506548,1587989.4150012117,1135612.6881528769,570452.99461603665,2139749.0735784569,1108130.6441774454,39737.184839207803,1976456.0692914114,4153419.6760537601,1485158.3249193144,4136494.8019581246,920414.09029911854,3024500.758797457,186747.97108698016,324606.92054644669,743421.67558840464,1105432.9450603337,732609.32431362988,2239870.8324641944,1592710.9753858189,361365.44922666356,31014.78900594747,270256.42389420065,2392066.4164966913,1185833.3660554497,797292.39677239314,164657.53352709304,1131761.8263623242,908851.3141271302,3261027.7412597323,1476549.7519908301,651834.75913863524,115440.57865926679,2041628.5410682759,601524.96062138525,270782.85083969258,2077746.7802021916
2648447.7552177105,1419698.8556485379,984802.48973857763,1588748.8940998118,1135746.5996069456,570418.52286922385,2140273.5210738941,1108011.3499041975,39740.482614172412,1977823.4330242197,4153847.8523513079,1485571.4892962226,4157968.4151643291,945605.9202340343,3025499.4839031766,187342.69864509729,325235.32936737221,743821.41217541264,1105729.3649656859,732786.49837292673,2240165.5577490432,1592964.3678582045,361392.52790843201,31014.201041971817,270247.71627504629,2391937.9557683887,1185819.9663966938,797569.17283917638,164720.96725844993,1152619.8003494812,939513.12611542945,3281751.1730953772,1478387.5405413974,651979.98647665489,115475.46196009559,2041629.0894970496,601438.72924897354,270722.72666353971,2078316.1677860683
2650053.0743318466,1419965.4211291855,984824.37311452942,1588290.8839184954,1135705.9424733315,570353.10944225965,2139788.9717462505,1107846.0307494467,39740.566148417172,1979291.83478704,4153223.4904143615,1485552.0450110235,4232239.6077652872,954123.2731654176,3025168.3854750521,187802.59282165725,325728.72260313242,743966.73167363228,1105831.3663242979,732926.68608611217,2240470.96839655,1593249.5956763544,361434.54668760503,31018.323362425115,270247.63819961477,2391694.7785190069,1185720.4335778444,797730.47808590287,164752.25772829479,1156495.5530807846,942831.28119359526,3304822.0096278312,1480379.3410107631,652034.48099175375,115497.31785766974,2041397.4847105364,601389.25871113432,270687.18309811794,2078570.7482400932
2650915.6862194119,1419971.8050498806,984869.42779258545,1588748.5673202907,1135646.1571987956,570292.89340458461,2139814.9747732789,1107666.0194861977,39738.015366496809,1980581.1093553617,4153014.4254879672,1485686.7606543635,4161002.2390755527,942943.36905723263,3025608.6980971834,187577.87989332803,325508.35524414352,744110.7649341108,1105974.2618730837,733061.31080233969,2243959.7117251125,1594621.5779261249,361552.23000155925,31023.833865903223,270284.33669649757,2392020.8271459611,1185578.2399663664,797779.84281720943,164766.75996991299,1152847.5989342828,938226.69570145349,3299748.6100927442,1480676.7128484668,652087.92891881708,115513.95540158807,2041202.6605574191,601326.20913460513,270643.41714909149,2078795.718646172
2650602.816895918,1420047.130043278,984800.54595203407,1589031.6617130053,1135909.5275025601,570243.65476577147,2139787.9020249397,1107414.1693744953,39731.331315834679,1980225.6418836694,4152770.3054220038,1486789.7527339533,4221696.4267297219,953429.32430136669,3026232.6984586618,187663.26277898427,325442.76208866417,744107.77691756072,1105982.8582088987,733074.30891500751,2250046.9840614325,1596235.5433714141,361829.15219971864,31033.404377148989,270360.66238532314,2392306.8154791011,1185371.9008323352,797705.95022905979,164760.38398001241,1153604.7143719522,940602.38237484475,3303149.3694344489,1479707.7486718062,652064.10066349618,115521.13363506437,2040920.0048027085,601234.75818442798,270580.89874191792,2078590.7063957273
2650469.6626915215,1419893.4716983717,984659.54102672578,1588846.2659738432,1135691.5209312609,570135.33511954034,2139317.2202983187,1107077.9880613245,39721.735389231551,1980831.0345429252,4152105.7300395891,1486070.0155600451,4185617.6559576197,939109.50838524103,3025774.7401561202,187124.88442214337,325222.6802129671,744046.65223438421,1105900.5908507337,733183.9118141979,2243464.5270944838,1594749.1294374219,361668.26984216081,31030.993945887585,270338.19528141763,2392116.6617910932,1185068.2499542378,797645.33076137071,164757.4424049838,1150517.1386363239,935620.36992249824,3292098.2477303268,1482983.5211452777,652048.33571893268,115524.51017302806,2040522.2020922343,601107.16935770574,270504.40643061389,2078292.5509348293
2651256.3462777333,1420006.0618783147,984754.6541696866,1589048.8056087499,1135805.4092531216,570074.9986740849,2139141.8757055192,1106760.7266808655,39710.109177382306,1980831.6222680591,4151996.1152423359,1486595.8949655779,4146585.8440743359,925103.445949357,3026649.3314039153,187171.27894092412,325353.15691408492,744218.30970820016,1105944.6309150145,733215.24352021946,2244358.6964534824,1595054.2771050374,361737.52991378348,31036.630557502114,270354.72660790302,2391948.9801911442,1184787.9187523085,797794.8451740169,164799.23134809596,1132935.1305274514,920905.00829006906,3271863.93010156,1481209.0910950697,652027.66315146443,115528.75807852633,2041161.2555491114,601307.56084270077,270628.78916710266,2078789.0499697388
2652918.0188650996,1420150.5874873272,984890.18903405289,1593364.8698821003,1136026.5005684625,569985.71731365926,2140141.6587267532,1106408.5404137108,39694.992710593135,1998128.3614631172,4153155.6103972066,1487188.7293457771,4316367.8420962933,964875.84941937821,3036329.7104454562,190304.11322238212,329972.84268306301,745400.4036302655,1107007.3552233821,733797.5238140109,2245633.3604767388,1595801.4462230441,361786.00915946451,31030.554729757292,270332.22357814136,2391505.0274278773,1184437.3544903293,797886.57541997649,164831.71555394321,1160468.7611676229,945853.91020519054,3395250.7810522537,1496027.9966318437,652212.94924348604,115541.32225143349,2042137.173513785,601544.25387760834,270756.23452522955,2079499.5693415662
2652811.1833155765,1419978.1931116059,984856.61495945277,1594382.2115778707,1136034.7219932019,569851.60814054194,2140035.0398714687,1105935.0537282738,39675.538218764232,1992616.0931809717,4153428.1158181028,1487406.5133667821,4307815.9079593029,964954.49282357132,3039449.6621079687,190342.66542905613,329797.8727694914,745638.60244668473,1107036.1160398945,733645.74770171114,2246914.9331713212,1596126.8480938477,361815.74351807113,31028.673895303167,270307.14128884382,2390950.4149918291,1183942.2030127065,797833.7955182736,164840.12888161861,1159739.2344382303,945071.02472387941,3365383.4360736581,1487321.4332665598,652190.69193633331,115540.91554418884,2042528.9438299248,601676.61920615193,270835.80333448079,2079642.1381538785
2651797.2623691713,1419582.0221281748,984724.38697818702,1592923.3457923017,1135925.6734897941,569675.9475806501,2139742.3219181933,1105363.5738317668,39652.108800337126,1988308.8156378737,4153036.3160139248,1486998.0857717006,4290710.5874314252,961915.11849775561,3035276.5355275376,189316.04920136646,327390.74162378028,745114.29325077729,1106815.7761667529,733534.65441728197,2244616.2007258581,1595532.4646153555,361724.58060374158,31022.338194458651,270248.80237995344,2390202.0587874954,1183320.4293971125,797689.50117828348,164831.24038705046,1159224.0976401868,943755.52902296197,3324421.7088151113,1483556.8388521192,652074.73489145131,115525.88390055859,2042542.1316601471,601671.83878814278,270848.28138756129,2079514.7731904318
2650960.2098847684,1419152.5304143252,984424.05860950064,1590033.1688966597,1135552.7719564608,569439.72797114355,2138302.9783463646,1104678.0648873013,39625.027824007935,1982518.5623243647,4151554.0225418499,1486547.8266311113,4173899.4650951261,941085.59114663873,3028737.5321156844,187634.38129354859,325793.18375013093,744672.96416185517,1106236.2551248455,733350.6493089241,2244178.8178012129,1595155.3203048671,361647.96808138478,31015.266612199532,270175.33784503891,2389286.9819948394,1182590.8188188174,797455.53696044232,164799.79987758538,1155317.9677764841,938109.81808538339,3286773.6894344334,1482144.5280243352,651870.26814451208,115497.62532680274,2042078.9813643957,601552.06960574526,270807.88661661797,2079013.7762245254
2650680.09576941,1418771.7248966543,984123.64016039611,1590035.4053499179,1135299.6337244161,569176.86316595075,2137670.5489367028,1103907.9614144461,39594.217013936279,1982200.8030735021,4150542.2850244921,1486341.2323537346,4176859.5709368926,941902.33001345361,3028757.1126485425,187635.09312054215,325793.63313361479,744613.34443403385,1106061.7429582453,733211.43580518907,2244169.2421742328,1594954.4850812734,361581.07827274094,31006.949773587367,270092.4149995175,2388219.4214528012,1181766.4070886129,797202.16044520249,164761.59057044133,1152571.9419772103,935472.00639410724,3280661.0452706004,1481514.7905236471,651663.70808949985,115461.08399611161,2041742.3797290134,601422.78387285001,270759.16356707294,2078519.3564134315
2649770.4920823565,1418145.2869648717,983738.14981171908,1589855.3379604085,1134923.5895135137,568858.79559163435,2136752.7965913741,1103014.3270916606,39558.315193321396,1981816.5953246343,4149176.0849362863,1485945.1324941439,4175270.9799792161,943921.57443768356,3028535.4107922907,187691.17892608978,325818.61300870834,744495.19065245544,1105804.1217449498,733013.3231977073,2243657.3881827076,1594568.3031173688,361471.27226015663,30995.932979009158,269985.98422828951,2386935.9985996149,1180790.3907793551,796853.71457647288,164706.59352559419,1151771.7523090406,936269.20779604977,3277886.266208461,1480852.8239384966,651399.99011945038,115413.79955804076,2041252.7091766307,601249.41498078639,270689.50143687177,2077855.2728288018
2648678.153312033,1417446.5761574374,983280.63640421198,1589675.9849440118,1134481.0728948594,568496.99166640977,2135683.3340270738,1102012.9787743031,39518.056332764114,1981821.4822765354,4147513.8948523556,1485453.1534141842,4162812.789602608,934940.88752664113,3027961.6915731896,187520.03063639588,325737.2182217213,744308.48418228491,1105496.7731809539,732791.03158405004,2242972.1631466965,1594048.3240160032,361333.66374988283,30983.00333877061,269860.89523392642,2385469.4869436868,1179695.1834014708,796432.45947823336,164635.84983670426,1138910.4221727881,924063.63589340146,3276414.5838207742,1480889.2302212464,651095.43337934127,115358.18879036102,2040608.4336658209,601032.67714733083,270599.40234268422,2077062.0771650465
2647787.8026933703,1416849.9314679182,982861.66393766308,1589114.8408028395,1134055.042440484,568182.2058215217,2134635.7530837427,1101165.2724190212,39484.068895145676,1981260.8098269021,4145772.0207905271,1484927.4055441804,4148516.3210018901,923064.92207745498,3026850.5253530103,187313.49207098951,325538.08007978048,743968.54245753086,1105061.0325043851,732468.10021053266,2242249.0010802518,1593481.9424121599,361193.47375180764,30971.929305772941,269743.41230230586,2384202.8449416654,1178768.6876140118,796088.86863092368,164576.66751974588,1125505.7368712965,909664.8641231237,3272088.3173007034,1479992.2860195544,650704.32093390508,115288.18533993624,2039852.1683788283,600828.39811455877,270517.67188725318,2076360.7663053803
2647012.6938359276,1416236.0690874225,982415.71946633072,1588868.7078400459,1133661.5480998943,567833.09335513052,2133819.7637766912,1100228.1125854922,39446.216882782071,1980876.9615232197,4144152.4533838644,1484565.8929859165,4145987.6923769838,921493.12199711928,3026068.311818141,187258.91018497644,325436.51724037551,743623.35513793759,1104656.6761665232,732108.24927935831,2242064.1748993476,1593158.1326840154,361087.98633958428,30959.542794346118,269626.37199256121,2382805.1390427225,1177737.2098036967,795688.76609455608,164506.71552106165,1120353.3525661121,905203.87209761934,3271770.5360150114,1479529.4839503802,650273.80153643724,115207.08866612599,2039003.8090249356,600592.65903418907,270418.37080552877,2075582.9603975129
2646330.2736575087,1415573.0722965361,981884.76680887339,1588397.5255006913,1133152.1802115317,567440.79040303326,2132620.8489115224,1099184.6527437856,39403.734236108154,1980344.4018755222,4142034.4338874156,1483971.9098425172,4142805.6350342813,919612.37440408627,3024872.9670055653,187165.99236167347,325291.18720885657,743187.87692303804,1104142.8037753233,731815.35793423338,2241301.7848535674,1592512.6023459092,360925.59575708193,30945.127443182198,269484.59115746629,2381210.1994263488,1176591.2390159483,795242.93216520781,164425.77085172961,1108501.3597403159,898642.45242452191,3271066.675341052,1479067.2002709827,649840.66147637449,115113.93218809349,2037990.8342236062,600311.56010261131,270299.38311050064,2074670.8524574128
2645277.8009740622,1414808.2623561833,981292.30218298174,1587855.0499460092,1132604.9810791505,567010.20561470208,2131375.0698955315,1098048.8993641152,39357.330411447394,1979905.3825389901,4139756.9929491887,1483303.793254999,4142539.890386784,919059.55121060903,3023795.6358227348,187118.54820859878,325171.1618256747,742768.80428444699,1103621.6009888744,731604.97464224754,2240422.1285484899,1591808.8934255806,360750.37274889724,30929.501734378475,269329.94037265482,2379436.0670689833,1175347.9593940477,794758.80108027835,164341.76354809973,1099978.3168041154,895730.46362263069,3271299.3761574328,1479073.8878536094,649459.39697655709,115029.67651468283,2036976.71824687,600006.88573420665,270166.77619583142,2073680.6731213143
2643993.6735852482,1413908.4886816742,980632.86322830396,1587342.0534993056,1132032.2533007567,566572.91140510712,2130018.1557684182,1096858.9430484842,39305.467796180317,1980203.1226107762,4137899.712149594,1482639.6498376769,4144470.7984895185,919648.55828481191,3023131.9530057437,187152.46789853644,325200.45006395405,742669.2315607951,1103391.5877499627,731610.84454760887,2239852.0036655497,1591378.9278288241,360611.3430210182,30916.383025461084,269186.37561650679,2377502.6529674395,1173974.9608813699,794206.99875088886,164243.23396546801,1109893.534382409,898578.03924487764,3272691.2168221343,1479446.622692222,649352.87882145052,115017.62401967586,2036327.5140785237,599671.94665747986,270012.01467511087,2072545.1278175542
2642521.3307075417,1413149.9301220046,980234.83727881312,1587129.5533026124,1131896.3028962961,566369.23717511178,2129462.4997402318,1096131.5522796786,39273.603513054302,1981334.3686662989,4137148.9844109821,1482640.5343903657,4147426.6150952289,920566.11982496735,3023200.5804389012,187269.81245716871,325395.43877209566,742902.54806087131,1103685.2362314267,731970.39716031321,2240365.3278543781,1591820.7364801299,360661.37119311473,30916.684090571584,269155.63668891118,2376435.9038539371,1173005.7191854869,793644.74692115281,164130.56000977883,1125022.7177450494,903622.53251696751,3275354.0852853255,1480391.6168447032,649539.86248246639,115049.42747353365,2036278.1908918247,599481.85326284438,269936.66888127232,2071664.400330541
2641028.7029030891,1412443.3773400991,979938.70759691903,1587087.6606425799,1131848.8108401224,566220.58291929855,2129191.2761667646,1095558.1018857169,39247.462261023851,1982793.0130983326,4136959.9174921168,1482863.4482251145,4152902.3268509046,923095.49034397805,3024019.4296088116,187446.39744103924,325680.3427462994,743357.79804087477,1104167.8685369871,732403.8349259051,2241206.0562536954,1592463.3365409083,360755.67885399447,30920.779646833456,269156.98542184982,2375537.8846816956,1172145.3510691,793068.71945974615,164008.36329424995,1149376.6900390445,923596.55630183872,3280707.7688308931,1481730.5802835783,649901.12401097419,115125.86718565012,2036888.2817994903,599347.95173848851,269870.74052263016,2070844.8322858908
2639536.150642212,1411737.9388839107,979619.04620766465,1587258.2170259198,1131886.4266922388,566073.85453968612,2129199.2506457367,1094938.2005984809,39219.365329947832,1985046.6547857428,4136981.4857112276,1483245.513370065,4165133.2680913019,933462.14299440058,3025074.7109365328,187774.97349869114,326145.47618318512,743948.24919562694,1104778.7301930557,732905.98164536059,2242478.0258020242,1593403.5816178084,360885.28012633452,30925.826221892446,269165.42193979857,2374674.8482969292,1171237.8916130331,792439.90255517978,163870.81063736154,1156741.0595818753,937642.98280951194,3294971.9587569614,1483725.7896479492,650306.99494144274,115205.63369005761,2037449.6402718804,599192.21771597839,269788.73848153284,2069927.1755845444
2637905.9521132098,1411138.5918272675,979326.13453587075,1587133.0698091078,1131887.1972240163,565974.44311732089,2128943.7882811753,1094488.1625991431,39202.105486421424,1986793.3763555605,4136964.3604567926,1483528.657932502,4179459.7769080983,939145.63885605102,3025989.8064975347,187866.92377720843,326345.17500138434,744368.23575309303,1105316.7726383482,733373.42188424605,2243329.5961254262,1594063.4907432194,360986.62095789844,30933.478410886415,269202.24197680835,2374165.0639922395,1170584.4658718826,791840.25323347293,163730.37369345367,1162108.5646458268,943239.50346354838,3303163.5203876412,1485168.5219119543,650685.35880015686,115283.82735791442,2038137.7283066637,599059.27017240087,269696.46154039784,2068931.4396649851
2636271.8009210676,1410529.9370838215,978998.57185141137,1587218.8731390804,1132012.8926206362,565862.25871459616,2129096.4912724528,1093978.2779120186,39182.337433447145,1992590.359201153,4137297.484146798,1484058.66064621,4235318.3444035975,949423.83328263077,3027192.3737253142,188442.91610527123,326903.71738852089,744959.21595113445,1106192.2319015719,734040.13736905751,2245477.7894834443,1595266.6909718944,361155.77615789813,30939.492443564846,269237.08907332964,2373592.7470701528,1169849.5244827447,791175.66519127239,163572.82069431691,1162447.7888187221,943235.44873286295,3324735.142676123,1490407.4454161732,651129.34961669543,115355.35680640882,2038658.4823689272,598893.76996742643,269581.9626589198,2067789.2872897219
2634304.2780288346,1409743.0208677396,978570.22408236435,1586988.8327501235,1131848.6651661459,565687.3342973846,2128506.9877940989,1093343.2810302291,39157.28515169445,1988886.0767389133,4136829.73487989,1483856.9629389911,4191254.0652604601,941158.89101286791,3027442.7875234755,188397.11757079195,326943.95986845007,745153.5360597109,1106243.6477535442,734246.7274218027,2244671.3632466733,1595001.4584064921,361118.50785016333,30938.962616907236,269208.59356065531,2372770.187794839,1168963.3848894984,790422.73856690619,163395.20174483102,1162595.1945967283,942823.40590310981,3321158.374408171,1488273.3802013136,651317.26695760945,115398.56251256535,2038709.1379436122,598679.55153694854,269442.90732092503,2066447.9242679896
2632160.799106475,1408884.5501981876,978077.97758885822,1586739.5879878819,1131746.674720308,565485.82325962256,2128107.3045179443,1092619.9122783355,39128.592776217025,1990136.0030976201,4136351.0170701481,1483961.7369848778,4186409.737547745,936289.13812421821,3027626.4274202166,188232.0739861406,326923.23566821933,745265.50302765332,1106479.0901134287,734517.22020860261,2245196.3183797793,1595347.2927608055,361142.4319228449,30938.591174050383,269184.64909158321,2371810.3075718577,1167965.9013890338,789584.9387160585,163197.86989847457,1157280.1974237887,933685.35603803664,3295557.8869827478,1487613.1003950399,651462.71658175788,115432.44502386433,2038634.4219300554,598421.42309728987,269279.59065012174,2064925.3412194822
2629776.9634887325,1407895.9060518621,977506.11782334547,1586328.4109681153,1131535.7422013637,565234.86884255684,2127419.8057074239,1091779.7536208446,39095.144664982385,1990230.4984572511,4135506.914804047,1483859.3508873556,4169869.2753199115,926844.98929940083,3027427.5639516837,188124.69030231418,326944.40854363202,745317.15447646473,1106576.1563497027,734663.25649965066,2245101.1127011096,1595304.705387142,361114.33423618251,30935.862915083588,269137.51249867084,2370643.3144639181,1166828.1971723109,788654.18794224609,162980.05095406962,1139852.0907854384,914345.51750270976,3291292.8432005523,1487602.223757891,651556.28124559869,115459.10699578669,2038408.9435479578,598114.45840446267,269090.6814190321,2063213.9962195028
2627065.9253476616,1406769.8199932748,976852.78852957964,1585810.2867977913,1131266.5677272847,564940.03183539375,2126619.3495220765,1090827.7031511753,39057.153820430707,1990968.4033146151,4134433.3659516401,1483708.963468051,4172276.7258194052,927931.34144474065,3027151.4148361315,188189.93456090052,327034.80856111145,745353.54884491221,1106665.2535248783,734807.69492257899,2245079.8830601862,1595298.3620161677,361078.94310262625,30931.6198920153,269078.67122976237,2369290.8374457364,1165551.4662764496,787620.11016122799,162685.91735327686,1135663.3216626747,915065.95871973038,3292980.2262899443,1488279.7944018042,651624.69618788059,115479.11985990776,2038055.7563180346,597757.08028409374,268874.47550749389,2061294.6609074103
2624076.4716342981,1405513.0518648445,976111.39549284102,1585150.7523041607,1130916.2913721693,564596.93487121817,2125621.9464225518,1089756.1504061874,39014.303903314358,1991459.9043253444,4133059.5302078086,1483444.9333920151,4171277.1304278388,926446.79000870523,3026610.8882030491,188213.14235061806,327091.66976493422,745335.42937038513,1106687.255631983,734919.78787987831,2244887.7851967756,1595143.0241951803,361019.374448088,30925.650847092511,269003.92562123074,2367736.9986366061,1164130.7596889117,786482.60602505133,161491.07244910108,1127475.0273744927,911192.61980620085,3294624.3941026758,1488977.8493242553,651657.6591898062,115492.11366206846,2037557.3598757687,597346.33677361114,268629.91059010581,2059157.9358219192
2620356.3264871184,1404110.5534069201,975282.60651788174,1584393.2801830613,1130500.1461948915,564205.38108907116,2124477.6588549721,1088561.908864571,38966.272456419523,1992018.0467514989,4131400.1746344827,1483107.0250810918,4172759.7432762594,926430.90700866154,3025877.3451494854,188223.37170641724,327099.68853766058,745229.08957621432,1106660.7239349503,734984.68609964277,2244659.8977412656,1594965.2334578973,360942.82287685398,30917.884101993262,268912.98951364768,2365971.1808720641,1162559.2494115822,783971.50619000976,160305.05544815204,1125728.1428162162,908799.75070540037,3295140.9738262487,1489185.0139619273,651639.42664918653,115496.03444943864,2036899.6780405859,596880.97975131357,268356.12711393595,2056798.5161200387
2601158.0569963483,1402567.4743775555,974361.48164394591,1583563.1011278178,1130041.1154755407,563767.63369759568,2123230.8635108694,1087244.8243266039,38749.555189242979,1992743.945654986,4129497.8719658419,1482766.0238094968,4185875.124766455,932687.29368554649,3025079.8139832658,188340.96643044468,327186.87161155045,745137.06531331514,1106613.5671415797,735044.03481230116,2244504.0211638589,1594814.5249871707,360863.89484620915,30908.689355230286,268811.35436316207,2364003.5562648978,1160831.3842347013,778216.61541922681,159128.07152683556,1156855.449639088,931063.75741316681,3300078.3909595241,1490123.7829027558,651598.55306652002,115493.56663087994,2036102.8901881701,596358.69793512335,268051.94963181822,2054204.2881476232
2582095.3200064604,1394255.9373426554,973345.8629682475,1582569.382441038,1129482.7297139866,563272.24398534501,2121772.744546358,1085786.0106931247,38464.970018618493,1993374.8550188835,4127310.815720296,1482284.305166756,4190051.1222496652,935217.28116228234,3023996.9718392864,188412.79151986641,327217.07319319708,744977.59343257395,1106514.3770334497,735062.78432392725,2244266.0245433748,1594570.2332985306,360761.66583116876,30897.342345922843,268690.7166557851,2361796.6593554048,1153546.5972868728,772502.57022725034,157959.61564314496,1158319.613037827,934213.9190904398,3302390.1349460934,1490613.5594381075,651516.21363733371,115482.93238589303,2035146.8958320017,595776.33271353506,267715.72419670981,2051343.1720104937
2563045.8341107354,1383993.8840906953,972221.95481370518,1581349.3043394545,1128805.5104017984,562715.49058007053,2120017.9104642891,1082612.5404369959,38182.336445877125,1992963.2775933333,4124666.8133937814,1481588.591957625,4173371.0648636119,926281.43619657983,3022438.527441951,188241.73628511024,327049.40653111303,744645.70384353562,1106241.9382634747,734980.71905871178,2243370.2401838563,1594003.7535550911,360606.38044266496,30883.277045274139,268543.73613006598,2359327.0715784286,1145069.3437476135,766825.37095877831,156799.06709751714,1133773.3245497474,910009.57361999375,3298361.8026073161,1490135.7973673982,651350.83309469593,115459.92695681973,2033980.1243559592,595129.02356736839,267345.31543264521,2037225.3670746004
2544207.0947374674,1373827.6268960647,970987.00351638685,1579995.0936739466,1128045.901532857,562099.92553056986,2118065.7001629462,1074661.2177465507,37901.917327754527,1992887.4606016423,4121674.0371268261,1480816.6989061655,4173472.8466898925,926382.42180153867,3020711.4114297787,188216.51422335801,326966.1248515186,744292.94399337738,1105918.8598672762,734870.58585272089,2242493.6162428642,1593389.5282835928,360435.44692670967,30867.27234990527,268379.0047696461,2356606.7947962214,1136659.482400357,761192.97831615736,155647.38581867624,1136156.6690270309,911081.85494477313,3298994.4710785234,1490161.7508497545,651143.94026210136,115428.00809533539,2032633.9520603602,594414.89230226877,266938.525474686,2022261.2931389478
2526019.0050230399,1364306.1812812237,969629.95524628495,1578477.4509753929,1127194.5039932698,561419.23428370652,2115902.2859106911,1066788.5456521553,37623.801143799159,1992784.6171403707,4118305.8826305573,1479936.1640370111,4173427.0884896615,926351.48633875081,3018701.2283258853,188175.36767312186,326851.12310292543,743868.80486729927,1105529.7119476479,734718.44392067112,2241547.3345472976,1592691.5852518352,360240.657486187,30848.973658988398,268193.75183513865,2353620.9722749698,1128458.5990981564,755602.76473433839,154504.28115524378,1136369.2040114549,911293.20814361656,3299607.3627382517,1490213.1048568515,650886.8250065957,115386.04452581986,2031092.5929543199,593630.16270371771,265183.13206197333,2007408.9426756729
2507673.1038258937,1354285.0609505598,963420.176060903,1576758.6640108961,1126238.0737919926,558511.84773473663,2113478.7511520847,1058953.7044468662,37347.478114303303,1992576.1481942949,4114533.7632470401,1478930.2880932619,4171477.6975927218,925488.91629164212,3016377.5278508891,188101.53571322368,326691.15104477841,743362.51500887086,1105060.5182774751,734515.58155582019,2240442.5263598799,1591890.8197481807,360019.90327619092,30828.21470832573,267986.4905733997,2344858.0905568874,1120170.5777984557,750052.92391393357,153369.48133224482,1122963.2003419634,906196.88479190425,3299372.7575301449,1490114.6111758156,650574.03592057701,115333.41045559658,2029349.4237527649,592769.45102270145,263235.54017833521,1992680.5486362497
2491310.0875639687,1345622.1068789081,956523.06747203204,1566795.5564373804,1125181.4530150038,554913.50091945182,2101276.1987739,1051315.695925439,37073.307749013926,1992307.9442788418,4110377.0493877982,1477788.1628992066,4170313.8184386254,925249.51837110135,3013770.1260661623,188026.35031547432,326505.97784335399,742784.11013033194,1104517.3983021413,734265.22530793876,2239129.0217702948,1590948.2892606659,359767.67261949781,30804.762261341904,267755.38975539379,2328244.8893108717,1112327.0406759614,744796.92923026381,152243.10129031615,1123588.2730289358,906252.05825270095,3299559.6400363469,1490021.0625426855,650206.31214175152,115270.54116769257,2027415.3672517266,589624.14737494127,261347.12993323753,1978680.0574805231
2473453.090233665,1335741.9684391865,949498.8976985839,1555290.1967705556,1123974.6496987147,550838.02311536053,2085841.0432864225,1043594.4966590049,36801.033608618156,1991935.1138050896,4105756.7671290045,1476524.8948999401,4169215.8610806726,925153.43883923814,3010837.1270730961,187938.88730142498,326286.947399823,742123.00369760185,1103888.0572833,733958.89193130319,2237740.6037952495,1589934.4768618285,359491.59103167499,30778.611882051551,267500.4504779579,2311146.6584071005,1104158.1067383005,739354.60248003923,151125.01224243539,1128929.0548939051,908209.80783278728,3299532.1827846752,1489769.6286433719,649777.41162131308,115195.9484120214,2025260.743686494,585293.94571947097,259427.70072476935,1964148.5584271869
2455281.7395743574,1325929.8816300365,942525.28474534745,1543867.855844036,1115718.8730342253,546792.37653495697,2070521.7302340071,1035929.899987903,36530.747199142905,1991171.2119185859,4086284.2089419351,1475078.4326473901,4167264.0412343512,924816.80421099463,3007547.1816972238,187819.44713408619,326020.21170255699,741371.5709464557,1103147.6857583409,733582.92493996304,2236058.3252710532,1588720.3895942511,359176.8805710884,30749.407001386549,267217.27443080541,2294172.5324325459,1096048.5193931526,733924.40168585128,150015.0938640596,1112212.5991803261,903884.55023528333,3298480.100708765,1489206.2591332959,649281.66013416799,115108.90824509876,2022870.1404220709,580995.46048609854,257522.41350686018,1949722.6646851148
2437248.502119856,1316193.5651321327,935602.35188154504,1534260.7960281675,1109396.4800566935,543136.43189469073,2058323.6370872594,1028369.4004396307,36262.48823903568,1990505.9636295349,4064925.9980446794,1470539.8851333044,4163727.8524975474,923406.49544501666,3004119.9212133628,187669.51659766096,325748.95113881864,740622.0869150142,1102447.7668015577,733259.43771337043,2234412.3712718431,1587576.3117509447,358861.96500061476,30719.153836411642,266918.13143468887,2277368.0722385277,1087999.7130647849,728534.48997217265,148913.35785487856,1107974.7955092604,901563.47295192291,3297966.7761239153,1488706.3791892719,648820.17862756515,115026.0515244845,2020421.5893544643,576756.99264653376,255631.10319983764,1935403.7300513212
2419667.6873450568,1306524.7027106467,928730.38507855579,1523095.8823798776,1101250.568757945,539147.3569734717,2043212.0468346837,1020816.3660169528,35996.142104131817,1990107.1846986036,4035078.6235116497,1459749.3540965638,4162449.0646689469,923598.86857158621,2990857.5539892982,187581.31658311162,325497.25167930848,739831.4968291641,1101715.8191316433,732916.25989046542,2232769.0808757725,1586434.0151133104,358525.98432249145,30626.022752782959,265215.01028165017,2260641.879001949,1080008.4251143974,723241.25609794026,147820.50201623733,1128520.6169994108,907318.36010240729,3298667.7291830941,1488545.5238401382,648312.8312264625,114930.92408445098,2017725.5669076601,572521.08217614819,253753.69269544401,1921189.3917023195
2402392.4948175633,1297182.1063375862,921909.79347911524,1512046.4130461428,1093163.5507738164,535187.85981953284,2028208.4516863034,1013319.4804332886,35731.791270504247,1989412.2748735496,4005446.1914228038,1449033.1939754244,4155559.5828501363,922567.70503704716,2968889.1250563874,187438.06087466609,325180.14747746062,738921.08947337861,1100858.0203566081,732498.11461302021,2230844.7174962321,1585114.8604658402,357741.82814197603,30401.127321475455,263267.51677904685,2244040.0754533485,1072077.0497052527,717929.74019003485,146734.88656244098,1145529.4633965683,913417.43687035167,3298873.4970290842,1488010.8322819851,647726.34144144179,114785.16195553658,2004287.0349841386,568316.41171459365,251890.08002971878,1907079.1847035172
2385203.2808570908,1289021.2780595212,920969.9127094975,1511295.891232803,1091825.1548969322,534681.39408445882,2026649.6675118871,1012377.5026261075,35483.024359082003,1989488.9813468761,4002413.3381348629,1442180.0582492356,4154211.919831031,921930.91470978444,2967582.9724450679,187381.21248572599,325107.61274114833,738696.93384023255,1100597.234890529,732489.86949689698,2228964.9766290584,1583799.747623485,356257.00810632203,30243.926599978022,261988.07186283972,2234675.6042185533,1066599.3715952418,713896.53662568587,145708.48572672505,1112574.906278555,901643.15511730616,3297388.088340661,1487938.0071354343,647625.30699270347,114785.55364772471,2003077.2764601749,567730.54158929398,251615.00169039276,1905277.3718075803
2367700.1647360469,1279555.8141249076,920236.04656248237,1510901.5693177101,1091041.9277308711,534207.27045211103,2025389.5437043181,1011390.4079980307,35225.471533668446,1989920.2073717609,4000217.1823015641,1441153.8640139466,4155164.3920723228,922623.33521914156,2966891.6227294616,187421.4191755355,325122.77335547929,738592.0302059527,1100473.6048913223,732542.11268830916,2227624.6180115631,1582970.0791478695,355983.80092802754,30218.650996896333,261752.65481612808,2224490.2526272195,1058958.8193324539,708653.54778755282,144638.37884655336,1108566.9942854885,902540.67578958394,3297923.2394860168,1488253.6703436268,647598.4953926974,114797.87738408548,2002220.5503333507,567305.50267459382,251446.1679300596,1903813.4881034463
2350310.9682938624,1270248.84498293,919399.01621384721,1510488.5020625656,1090193.0686062751,532819.50797389937,2024085.1485920628,1008118.4370872742,35036.580726187727,1991552.3233181359,3997813.3777365936,1440049.6513538021,4163483.7931240434,931703.86177448614,2966305.7965724319,187614.33730846512,325266.13728673168,738588.66522115225,1100460.8865689293,732696.77477884816,2226310.5453937543,1582192.4044355426,355693.80542891676,30189.980672820617,261436.88075789806,2208798.6702837367,1052104.0409984763,703465.24249117076,143576.13586224525,1120234.2961738717,915840.27609756251,3301162.1680232924,1489620.8520357159,647617.78697527968,114810.29563932246,2001243.5024004136,566824.89204059355,251268.14725123983,1902155.0481785887
2333064.0029064026,1260918.0104095519,918439.66573174391,1509934.6091476276,1086223.1359488016,528944.27550361236,2022578.649317137,1000714.8360689844,34779.258282557435,1991762.068803872,3995002.6134416,1434378.8810337638,4164389.7029206376,929820.03146814986,2965285.2039264967,187558.81400455971,325192.53542636865,738374.73840310052,1100269.9381475698,732683.22518421267,2224671.3266852484,1581215.2873330589,355357.40320071275,29978.175504194216,259543.74146962859,2192797.308290428,1044376.5316770673,698301.00193249714,142542.76327240144,1129834.0074593879,913489.44612883078,3299853.9075003453,1489125.118327657,647508.55832683749,114807.72918504066,2000049.0649228932,566273.88190923876,251058.77098409695,1893068.0705401441
2317031.0046932367,1252362.618227201,917458.87375157431,1509245.8977145366,1085354.9532093622,527842.5869736094,2021021.1513503818,995892.70198271854,34559.387494312825,1991223.6485981932,3992120.8814666048,1433243.0300113785,4155267.4708382045,923700.99373765453,2963985.292954789,187441.58589904636,325071.21288210677,738071.40302706265,1099940.814150204,732629.90806202975,2222937.6979131638,1580183.8656247419,355019.44882404845,29951.294335031864,259302.51228044328,2190825.4075156995,1037538.1235762993,693172.98296438064,141508.0806038864,1113507.7973939141,904173.2431987233,3299458.9899339355,1489018.341159364,647379.54110271879,114802.84692950045,1998839.0980350014,565729.97962771403,250850.25820779856,1889896.9468857034
2318097.1322837058,1252561.3567351922,911367.197015343,1508552.8629479234,1084542.0389493217,527427.88170956343,2019379.2994139658,995056.54535755294,34548.72753397921,1991412.4126734366,3988991.4757568259,1432213.6553564945,4155485.3134984719,923282.08640316885,2962775.5704739923,187405.72378350556,324978.51521324762,737762.88654635218,1099629.6154066767,732629.779475944,2221425.6380207026,1579205.007004475,354719.30121577025,29928.997496838525,259097.32261959914,2189381.7526404751,1037009.247059688,693059.37943445356,141493.58656115588,1133274.0798859389,905732.60802091565,3300281.0140921092,1489281.8704413681,647264.75440553378,114793.06931696605,1997573.9022486075,565124.17353380192,250615.36408236178,1879572.8889556876
2319377.7491363022,1252788.2884570423,904673.67222633376,1507707.0124225805,1082424.1202961744,525994.26704262593,2012095.8937528932,990733.91767752648,34532.753070256651,1992052.8334576306,3985404.3899019938,1431124.2750723863,4157798.2498731855,924650.1940633927,2961413.4920169655,187425.92555748843,324918.11710050347,737432.94194286526,1099275.873434541,732663.97942396393,2220031.7794363466,1578248.0714962431,354422.5665822344,29906.407438368842,258886.98738718528,2187784.6187758786,1036365.5796307102,692897.33180848439,141459.19548309696,1129518.6982468141,909305.70474030811,3302402.5404543192,1490649.9525590581,647132.04053742217,114774.6060360001,1996117.8441154538,563810.54988857952,250343.93356156879,1865770.1622994253
2320630.1373359552,1252935.0764205514,900579.23946871073,1506719.2644131526,1077034.3898413172,522819.60484723275,2003891.4174792434,984545.52971788193,34339.466478948081,1991994.6325397559,3981630.8041733936,1426394.0334408374,4156371.9506159015,923488.57461058989,2959857.6796916747,187372.09452556641,324808.75505082449,737079.94692661706,1098865.366636266,732608.23225740623,2218483.609355378,1577238.9142173773,354108.15214659646,29881.935449840392,258655.54395349693,2185898.4612982566,1035574.5829404574,692667.50167105731,141405.01660364654,1126466.9310180927,905467.67248632142,3302239.1146818027,1490178.9378582893,646979.2580340649,114764.21737148651,1994675.1867108296,560772.99875131634,249403.58037257032,1854334.7859689081
2321752.1732524852,1253325.7976275161,900407.08429155685,1506736.6327490141,1076952.956530493,522770.20947222604,2003721.4191354108,984377.78219215013,34341.01412480163,1992283.0687211012,3981003.6252705203,1426287.0528911529,4156944.5139005887,923598.89831923821,2960016.0379719301,187411.8068973654,324896.55842981237,737188.69091645919,1098891.0083233165,732739.43717475678,2218022.5082785957,1577035.3874520331,354027.93859875703,29877.552321091563,258601.16937136979,2185523.151332052,1035343.0039394866,692550.77513341571,141372.03561149756,1109705.6726820911,903060.84893393249,3302979.0441845451,1490481.5730367056,647088.42127759615,114803.87808393601,1994607.3389411056,560654.6082518223,249355.08690036723,1854355.4465537849
2324185.9417312178,1254439.7060471738,901167.4586702676,1507903.1329912934,1077685.8273956075,523206.60180147074,2005338.3761306442,985206.26723863243,34376.600272165633,1993293.2981531669,3983568.0686174193,1427217.4332681207,4160245.9498013612,924488.46215202461,2962074.9566532578,187550.84117353175,325168.70573752874,737737.52907926135,1099419.5468784331,733137.55927958805,2218894.4051474165,1577694.6587432621,354178.29934546258,29894.721545253942,258736.43110167506,2187013.506198125,1036213.2756283183,693138.95231242036,141502.09241014282,1111028.5885469744,903944.77502345061,3304999.4220585311,1491328.1606664134,647508.6799803488,114899.63397762991,1995999.9519855506,561143.03719531849,249597.57257535346,1856341.1066543187
2327031.5656124414,1255677.4858242569,902001.54565395741,1509245.7094830479,1078527.366546843,523705.2819287834,2007254.380872899,986238.19134531368,34414.292479050077,1994544.4201914838,3986473.784349394,1428345.5706409425,4167426.3896918371,929161.70408739487,2964445.2938895738,187794.8925348029,325539.49014176958,738395.63901808637,1100041.9398216591,733571.28201242792,2220154.8576743612,1578571.9064921527,354370.58092376858,29914.01855510988,258894.69857898381,2188774.0647330321,1037166.0978760496,693800.49914730783,141648.64233852876,1124707.5270523157,912800.28877574007,3308122.212468572,1492503.6784937184,647963.12430359365,115000.97653212352,1997471.6476448772,561656.85601474775,249857.77083779473,1858552.6057331522
2330267.7083923416,1257111.6570815381,902807.65804409364,1511421.9503461733,1079651.1798520589,524191.72629796062,2009978.6832354784,987135.01598999847,34451.410263839418,1997236.4478487778,3990021.9079716629,1430242.5347640503,4214777.0859941598,951071.97934187786,2968208.6139083486,188704.69499753794,326461.35355516081,739338.66099747969,1101023.5091364663,734146.59267616074,2223823.0689249504,1580575.0293441585,354705.79882823129,29935.034910026698,259080.46197658987,2190287.9527055142,1038118.974592932,694455.38267211884,141789.2178011486,1148221.7941565621,934155.72444420448,3317873.0797436382,1495196.6789811621,648510.72163443756,115105.6961240755,1999010.7346163415,562132.94985154259,250087.43842358424,1860666.4482096795
2332688.749142501,1258284.7455235815,903412.69824662118,1512246.9417274953,1080395.5095923254,524554.46498710406,2011440.7367119121,987908.71322675038,34483.885425453438,1998021.3158195051,3992405.7838262888,1431174.8090766717,4191606.3584505795,942644.96426605934,2969545.1013085064,188454.50167702578,326350.46542711306,739697.46786680981,1101513.5388281054,734503.60584334261,2224304.7694401438,1581212.1047439182,354868.32813968317,29950.751610722276,259211.51240433488,2191525.5762437303,1038925.6391718698,695013.61758599163,141909.77726101992,1138418.0222601364,926031.5801541683,3315480.5843611057,1495412.3336646121,648877.74922551296,115188.73378423581,2000148.3211585202,562503.33166656608,250260.49048401264,1862320.3561429041
2334496.9829170117,1259158.7769185903,903849.99918566807,1512653.8323810874,1080781.4721610737,524828.81908736029,2012334.8353480797,988551.53172969189,34510.846216350372,1998026.0614777915,3993881.6860093097,1431350.9281162685,4174792.5421611154,930197.63855167956,2970198.936203259,188130.45240886096,326237.17562408024,739882.7878401248,1101790.5695481936,734719.87001597078,2223217.0110309557,1580976.2597053,354875.53813648957,29958.61082269124,259265.83251134475,2192487.6470435313,1039552.9467707188,695465.34839035536,142010.36055710356,1120307.3637184999,910433.78870938905,3313613.0846478096,1495156.7579103238,649111.8939330104,115251.02881217115,2000860.8102606989,562739.97867659293,250385.91999386094,1863660.1633933831
2336187.3843700644,1259987.2073279645,904198.44194900885,1513162.9049036151,1081107.5666383302,525068.77125583554,2013006.8284152565,989105.70461391238,34534.329609736385,1998245.6346365295,3994699.6682765428,1431684.477579667,4174118.7601601533,927827.55832427531,2970741.4262382342,188130.97439786946,326316.80515145679,740017.08858339419,1101901.8668501903,734854.80157765909,2223146.4415254337,1581026.2810311879,354892.33133927081,29964.955297974397,259308.52473179583,2193301.2576791248,1040077.8018509645,695837.51631616277,142093.15472948158,1115166.0021723302,907053.22523083142,3314401.7515595313,1495377.7800957856,649245.92578336853,115294.47047622921,2001176.4783483783,562920.3997958065,250490.5877587166,1864840.6462367801
2337881.4346859874,1260768.4684329231,904501.17904810526,1513708.0750140909,1081436.3262218686,525279.72010232694,2013794.8141136973,989582.17839317198,34554.365347418687,1998767.2143563579,3995482.8861358636,1432108.5173631792,4176615.031846073,928780.15929488221,2971285.6856884807,188210.22292312293,326429.35752759228,740146.35099200439,1102053.6710711545,734980.32638516335,2223338.2111208118,1581167.3419738605,354919.99836044817,29970.149452018824,259343.71304724115,2193968.68687187,1040500.9502060013,696140.55204119603,142160.11619200502,1116838.5403055663,908089.68529113033,3315627.7424513325,1495807.4820378695,649361.35580375697,115328.23509803101,2001368.0907976655,563064.56220749393,250575.75199381105,1865898.410975155
2339452.4964598026,1261476.7262564385,904734.95783091325,1514163.9625817041,1081751.379937245,525458.85696199874,2014561.5897662817,989973.89850022469,34570.687282502702,1999302.3565022957,3996078.0220176494,1432587.0183574632,4178547.5220462424,929277.84162661887,2971650.9071225869,188269.60463570221,326512.2455071825,740224.31701057032,1102175.3649211705,735074.31325233437,2223685.6286895666,1581414.2027012138,354955.9951703159,29974.243673676119,259372.48308541728,2194484.1220987528,1040812.742571565,696368.37755630142,142209.9320899983,1117197.493503273,908435.92330756935,3316654.2164270962,1496195.5695028468,649442.23706657276,115355.38700417119,2001431.2058110593,563166.71185513411,250639.40394454089,1866803.1536534005
2340762.6416550269,1262070.0902482732,904891.75891859329,1514530.3905293453,1081946.0736027756,525591.13644522696,2015022.5070305159,990259.24488056637,34582.641928966601,1999586.522434707,3996334.460271108,1432831.4669255086,4179369.5626461832,929272.10895283311,2971812.8176553384,188301.23932595472,326565.48879805987,740246.38465851988,1102202.1427173992,735129.1640374501,2223654.2348981681,1581388.9351426328,354949.38579071604,29976.128104506337,259380.35836435726,2194808.0345328096,1040993.7360550803,696504.06374985981,142239.82995456638,1117001.8945267331,908474.41637103411,3317592.2208410725,1496511.345838934,649482.72689389309,115375.50370875203,2001354.8406799049,563223.67090637051,250680.1899534103,1867554.0899104602
2341762.5842031976,1262494.8720614705,904973.53880572214,1514744.9374863522,1082069.4321837167,525678.4025137407,2015367.1458092916,990438.12999754166,34589.979126607126,1999742.5802043183,3996353.2377626826,1432970.7883947196,4179977.2934419499,929353.67085321911,2971741.380682338,188319.16043322821,326588.12864415068,740205.19079452718,1102180.6528007479,735144.27258849214,2223468.5595831685,1581270.5047126273,354917.13767141476,29976.060402194169,259369.14279423421,2194921.2237474038,1041034.3135039245,696546.69347989385,142249.6918120012,1117293.7432939422,908622.69848198525,3318221.954956999,1496686.7706036244,649483.06177874526,115388.45152161372,2001136.3939048939,563233.5918268417,250697.11184995869,1868130.6974447477
2342572.6966610211,1262823.8156745262,904981.58616205014,1514875.3664170227,1082134.5557089392,525723.56966055837,2015596.7980157647,990513.82825402927,34592.944203910003,1999846.1882150173,3996134.1076705432,1433049.0216285835,4180566.5262103756,929421.44544560264,2971476.8087149044,188330.48805340671,326589.63832346635,740113.13463174819,1102105.7333220441,735120.00413870765,2223171.9790078253,1581089.2369882634,354868.01567780343,29974.230330750899,259342.43451792074,2194842.0827231063,1040945.288869724,696499.68607000157,142239.45723006022,1117040.6250323358,908646.53684958944,3318724.8131699236,1496801.2089753526,649443.55765740387,115393.984627514,2000772.9120388483,563195.19876152126,250689.32726206293,1868535.8083633541
2343171.5493065356,1263035.9641668336,904898.88328869757,1514878.9443805907,1082123.0356763063,525722.07925520989,2015632.6177199136,990477.82539009547,34591.239019583161,1999825.9825506767,3995568.8283210434,1433027.833026845,4181195.0960881873,929656.11739709508,2970966.5178756984,188335.89635368617,326569.67225833389,739961.2807033693,1101960.9480211204,735056.10441960359,2222789.7992273076,1580819.6726094834,354798.48348121101,29970.443314050139,259298.49998526971,2194554.1394477901,1040717.1294463449,696357.91518344788,142208.16406804378,1117948.7851732813,909163.7136704165,3319157.096776526,1496879.4790794076,649360.51800511312,115391.47908621361,2000242.8498850621,563104.00065836136,250655.39373310449,1868757.8541413019
2343529.2046485124,1263121.319093802,904731.57933057379,1514773.9904661097,1082034.8476553361,525672.15900100372,2015503.0021503079,990325.91442765866,34584.634851651193,1999695.9008351024,3994699.7060697791,1432903.6234573494,4181032.9794586306,929587.63448691799,2970226.7980057755,188316.07180056325,326513.16043012321,739739.95088282949,1101745.6208366076,734944.54001902812,2222235.73235519,1580434.203593252,354704.17592072487,29964.521277826432,259235.74179942341,2194046.6265072511,1040343.4932649358,696117.0189501479,142154.7128889983,1117237.4964024732,908965.67389621958,3319269.0376171898,1496823.1222673899,649228.30963708821,115380.09150930564,1999543.8043091081,562959.26574946463,250594.40068800983,1868789.8024949371
2343639.3082798473,1263074.8722045142,904474.91383472108,1514540.9100932861,1081870.8876649023,525571.63919427525,2015224.3373851101,990053.7452481339,34572.871735930181,1999490.8926050996,3993529.2716138363,1432691.3517347241,4181085.2888385532,929736.25907815865,2969243.3662202023,188291.28041388094,326431.70371983218,739455.00026943849,1101467.9275628084,734786.04930979491,2221558.9592235549,1579977.6363841088,354588.29313703923,29956.404054079103,259153.82842008091,2193308.1895747706,1039818.6015893618,695773.55412031407,142077.9692600549,1118810.7770927777,909350.37141384499,3319258.4417605908,1496670.9713567749,649047.52198140242,115359.61634865301,1998669.8073720129,562758.20717441151,250505.10856856397,1868622.4478596109
2343730.983687032,1262949.2167982801,904137.70675680263,1514243.9447212243,1081672.0336966587,525425.33171931992,2014926.174332815,989667.72565597156,34548.853376897212,1999540.7175198412,3992192.4904410485,1432502.3606952485,4183706.4262092472,931577.23227760324,2968137.0012732297,188310.57467856174,326368.91956222308,739156.97522736911,1101202.9593100983,734611.21139480185,2221013.2089667814,1579587.3935529354,354471.44758818293,29946.443277880717,259058.49805862538,2192351.1516726487,1039147.1893473974,695330.85144047067,141421.46857194317,1127067.8688203429,912582.62194325321,3319585.8598580193,1496753.8024551172,648838.89784231409,115331.69202041409,1997648.5643943849,562502.31694888358,250387.11508838317,1868259.957349052
2343298.4972282834,1262614.5239887293,903687.63984321896,1513788.3009435947,1081327.666389843,525215.1749836182,2014245.411788221,989137.61963482597,34295.024368070503,1998756.5598900556,3990339.019587141,1432044.0168084549,4182703.8500643028,932027.05878027692,2966703.1922560162,188274.21665142963,326247.8307959917,738759.74392273673,1100746.7614442569,734343.73342918174,2219990.2129728799,1578871.0825087624,354301.84218050569,29933.456539919745,258934.91621569457,2191121.1056599938,1038290.0432012073,693959.47899119416,140382.39679363166,1122824.8494038607,912900.70305317908,3319170.2162827556,1496257.8198291895,648554.62639045203,115293.03391418853,1996422.2084284781,562182.5069397476,250237.75235272868,1867669.6972214154
2342562.3879732136,1262112.9660337151,903137.40332703362,1513135.7238980148,1080885.8739060564,524945.13185149769,2013380.8225313374,988468.18682570511,34043.080815044537,1998123.7034242589,3988133.243060058,1431469.3564111337,4178499.254588895,929637.44288725918,2964863.9982022219,188127.03761988212,326019.18719167635,738229.42323536216,1100228.0714387372,734021.60944908799,2218834.6136330413,1578079.4908480544,354105.00749726925,29917.851510833414,258787.45231320147,2189618.2996183918,1030946.2970039212,688861.05745243188,139351.17847925049,1118569.9935847863,909475.36072684813,3317949.6474272632,1495694.2011763894,648205.05539760692,115242.33995614309,1994982.975475335,561798.0735812916,250056.23821040156,1866846.2331997054
2341531.4913993124,1256318.5993584513,902472.10106936831,1512338.4686475501,1080349.2026757095,524613.9850261989,2012315.9810980891,987651.51302909828,33793.039762405329,1997244.6749230027,3985515.823193416,1430770.2308483294,4176042.9073765837,928825.02318625327,2962741.1666272418,188009.99390865312,325789.98445096874,737637.74330366403,1099617.3097907451,733642.63194508385,2217460.2404754465,1577128.5702755281,353876.62727221067,29899.53766874933,258615.92566260594,2187830.9198674671,1023373.7298696627,683801.00695734727,138327.64575141497,1117245.2554943801,908616.84122306574,3316815.9095101971,1495081.2820888045,647799.54649877374,115180.99134859969,1993331.5639437076,561345.28878338332,249841.19413503198,1865783.4591222545
2335108.6740820082,1247091.8201035382,901690.48155310494,1511375.9051166854,1079707.3768793212,524216.54415733495,2011022.1500033643,981923.46392066719,33544.911080052785,1996241.5001764991,3982473.2436863808,1429942.2722396697,4173708.4321558792,928391.59027347586,2960310.4570024405,187887.27271030247,325529.26364691497,736963.58993914898,1098909.1519183954,733196.90407397202,2215947.5669207838,1576072.9944514073,353618.72403582232,29878.341738002393,258418.75845401114,2179292.0131866611,1015896.3872866702,678779.01323116664,137311.73073333991,1109543.8543010158,908271.14308296004,3315441.6753137265,1494314.9380288238,647329.14508794085,115109.18247467485,1991461.7369475656,560821.55791135132,249590.91924388675,1864464.193174728
2317960.0392902484,1237933.0084697893,899100.47880826844,1510230.9740804958,1078947.5550746224,521968.51859776495,2009480.0400864412,974711.74986151163,33298.54539939516,1995046.103787503,3978987.2947958787,1428961.0961814194,4161445.6502233706,927715.51695225504,2957534.2611728576,187739.56232723629,325225.45331930526,736199.51525466586,1098099.1623104583,732682.73154912516,2214253.3701479645,1574871.2329911576,353325.87898791145,29853.987858885193,258193.03129392103,2163286.8092930284,1008435.3857737299,673793.93080994405,136303.28521392742,1101034.6378448196,903355.46090285247,3312007.9819937954,1493404.8312643748,646790.90608854312,115025.18910227591,1989359.3112794855,560222.0509333614,249057.61500523702,1858410.6669612071
2301307.5214103828,1228841.9686281178,892497.22169774363,1503207.2511355064,1075486.0792096858,518135.09272342402,2002655.695601328,967553.40366903238,33054.003380376751,1990811.2869611061,3970959.9738984182,1426935.1571499493,4130936.5963409008,922191.78291557007,2954373.4136990719,187337.73968554995,324874.62493611628,735333.67715926305,1097172.0722508102,731821.85455057968,2212298.0570005239,1573504.0414195997,352993.06251545477,29735.925404271406,256935.61204577712,2147399.5946935555,1001029.5218179582,668845.58737294679,135302.26483044098,1092859.1556632593,896793.55684045574,3287651.8026986443,1488913.1368856169,646175.05991881504,114927.94837506868,1987004.5739952421,557705.443913789,247228.49031227332,1844761.7923153413
2284406.3342417139,1219816.8222476605,885942.58597449225,1492165.780696267,1067588.9542652264,514329.96975815255,1987951.7894692612,960447.61202434695,32811.248083230006,1976194.3676427612,3941798.4303592257,1416458.8561870756,4100566.6362765059,915418.16519127216,2934652.2162433839,185962.72796840168,322610.91806177382,731368.86137992283,1090500.1256270765,726447.58554115659,2202086.1916229581,1570281.5138637847,350585.72149088851,29517.543872237246,255048.65165923958,2131628.5623037126,993677.72878120712,663933.44472903048,134308.58260283404,1085159.7139990672,890270.70650130988,3263525.5360205383,1477980.3705021841,642189.49338074413,114682.3039256125,1978629.2309082095,553609.5758675239,245412.81194463588,1831213.6890595646
2268565.2236518855,1211934.7956507842,879437.51272803114,1481211.5203239114,1059750.0388345474,510552.7040038706,1973358.1962682973,953479.58107096027,32570.274787185375,1961691.2710913962,3912855.275641249,1406061.2604635309,4070548.3747869567,908639.69700873154,2913102.5903171985,184595.14641583839,320242.98296448536,725999.85843392322,1082494.9350615581,721113.77020299993,2185954.0862437333,1558754.8783379719,348011.56901849504,29300.780444035081,253176.07335380686,2116413.1042237463,986731.76684393815,659554.83854994352,133333.03027952171,1077812.3332717174,883889.04540628288,3239665.5461681355,1467141.6900955455,637474.25573227438,113840.1294718314,1964335.2265711366,549544.69859458844,243682.01719502942,1817766.8291898642
2252502.3282188782,1204316.4775658699,875342.30231128505,1471724.4405625227,1051976.6632255386,506804.58856868028,1958982.6178526985,946706.62008776132,32357.732475287157,1947377.9729576122,3884945.8040258051,1395771.1876186188,4051537.7878094208,902786.05601782619,2892785.7714843494,183251.2207668653,317895.18053291424,720675.48566565174,1074554.5071136861,715820.02880332526,2170021.160776346,1547365.3688077724,345463.58108008542,29085.787354537104,251318.64771921589,2101144.1006721165,980001.9101926072,655364.33143216313,132399.37086333966,1070011.4572610559,877552.29155061801,3216184.1719585848,1456363.6417163734,632840.32370552362,113110.55931061401,1951679.3437163089,546239.35948912636,242163.50001670193,1813893.0026176386
2240998.4593018517,1196171.8456654814,868913.86959225778,1462627.9348939841,1044243.9725751808,503081.3203587624,1944591.8629486708,939766.7859634551,32120.228260243144,1933023.6438462837,3856409.3449766506,1385494.7203460683,4021478.4751578989,895797.56470256601,2871540.4689855315,181899.01082333695,315557.44634552673,715379.68985913612,1066658.6185380397,710561.97513149329,2154265.2602016293,1536172.6707263081,342920.95300308889,28872.03146513538,249471.46144975131,2086016.9310404321,972897.73228462308,651214.9346237852,131494.49795128498,1062794.8521444243,871158.19991794764,3192642.7714384836,1445795.6901369675,628192.22944136255,112279.82795001373,1937346.0301599076,542230.07481241773,240422.98217888072,1809313.9780357499
2225248.8944679596,1187561.749786939,862531.46193125437,1451886.3560310097,1036569.736577668,499386.16709411645,1930291.7244921161,932864.4905364752,31884.407440572162,1918781.5661264835,3828071.056388787,1375303.7966721102,3991122.7046211846,888899.1149758863,2850439.183826407,180548.47992536495,313232.05837469501,710120.32818376808,1058816.0013477746,705340.36084515497,2139337.8404183062,1524883.1316186741,340399.38697966223,28659.921724145875,247638.64126630916,2070771.9257571052,965799.45956040209,646431.43533690437,130528.65015979629,1052924.7924130503,863944.84916897002,3169938.07996854,1435135.9720203383,623576.58679939713,111455.12405919364,1923115.1048257113,538247.66617285006,238657.24073263552,1796027.1881725318
2208915.068132374,1178841.9910470867,856198.34667176823,1441234.1541287208,1028959.3703254125,495718.93772181676,1916125.3732773864,926013.85527800943,31650.255137690066,1904729.226190333,3799970.1318373848,1365208.127254524,3962336.9478929229,882623.21597557957,2829523.6904835841,179234.47816019351,310937.24574470968,704910.15313111548,1051045.6981622642,700162.36404726503,2123630.004901214,1513684.6578770783,337899.52565700701,28449.446913448475,245820.06511954253,2055564.3820281194,958706.94410326867,641684.36069052969,129570.08376309765,1045608.1174107784,857882.40252603777,3146714.4197104024,1424625.6813957132,618998.22103855363,110636.64089681173,1909145.5236846376,534295.02964236657,236904.57402185709,1782838.371201976
2192685.7769289687,1170182.6441977036,849909.99299852946,1430645.1243639842,1021401.6546328153,492078.07323000708,1902047.4507337695,919212.82533210691,31417.805082861567,1890736.881542064,3772060.9585786401,1355184.4913808249,3933599.1372420117,876530.42432609701,2808744.8244157028,177939.64823646261,308667.80010081135,699739.6941964135,1043326.0693441271,695020.74451718188,2108060.9644813258,1502586.1601932915,335419.37458229158,28240.525099483377,244014.8798190052,2040467.6598226386,951665.79077221791,636971.49331139703,128618.47810391644,1040500.1251180356,852756.35652938182,3123814.4872683138,1414183.1142411225,614453.19410457183,109824.22988284122,1895124.8100623284,530371.01090687152,235164.7077952227,1769744.1246846216
2176658.5551794008,1161609.8614534177,843671.65536134504,1420669.6623265611,1013919.5147419031,488466.46963958675,1888612.0002853952,912465.37998905906,31187.199693173741,1877025.9498147555,3744676.8805137696,1345290.5695508667,3907716.9217032869,870556.86525653268,2788257.6849690853,176642.85067558297,306405.51508044178,694608.60486327531,1035687.3211301643,689923.34807005839,2092783.2769536937,1491647.5211560668,332968.67678269302,28033.415234813809,242225.496539977,2025488.5804470354,944682.14887018246,632298.26992123097,127674.54752314753,1031514.3710820806,846138.25587642135,3100796.4050645363,1403857.6955538373,609944.53172290395,109017.88465106937,1881212.1714083322,526476.78521782893,233437.88405596904,1756784.7320314792
2160626.2646607598,1153065.854406079,837474.58987294813,1410230.9342722369,1006463.3616530214,484877.82949128043,1874720.5613408883,905762.08257902053,30958.071685278432,1863121.5636955239,3717165.0963547747,1335373.5988855779,3878376.8954322427,863857.54980654328,2767770.93027623,175342.05459379012,304155.05008866196,689507.58964872034,1028070.1854546751,684854.22669312963,2077270.0259896244,1480622.2151976766,330515.1890965908,27827.363499582327,240444.99547266989,2010609.7074811473,937740.83111001749,627651.80888338492,126736.54057014924,1023855.4814508964,839842.78026519215,3078087.1252818787,1393545.7124531476,605464.31872937584,108217.24458336478,1867396.0666449317,522609.9966826521,231723.38510354282,1743881.1716748131
2144727.1199061326,1144589.0627208105,831321.20683192508,1399850.0578820275,999063.98595640983,481315.91127275646,1860932.7641398779,899108.97125103325,30730.671949696552,1849338.3810044774,3689838.8533230508,1325536.2943895715,3848803.0556498505,856815.79086814844,2747401.21146665,174018.12960747074,301899.04618174897,684427.5026920049,1020503.1835386666,679817.53427835274,2061914.0078875993,1469695.0768428366,328081.02741761907,27622.828860990783,238677.6611664962,1995840.4478729682,930851.90570989961,623040.1956566599,125805.45535771354,1014939.8732888588,832692.20596472279,3055238.0174455903,1383210.6714857926,601012.79910287366,107422.10734649893,1853865.7394419748,518771.17492697848,230021.3885799172,1731070.4022993871
2128973.2022147551,1136181.3359625877,825214.89984103385,1390200.439002669,991723.13358185999,477780.24222713738,1847250.7519568461,892504.87188311329,30504.956926669332,1835737.4305761785,3662729.1349410908,1315795.7868098654,3821020.7883223947,850382.70498896227,2727225.0572371352,172732.33349703017,299678.73173504102,679399.55717248004,1013004.478129019,674823.64098680974,2046768.4079352322,1458899.3565028794,325671.30094342673,27419.906484737825,236924.63577976506,1981181.890027981,924014.73955716135,618464.06640591775,124881.4662913944,1007297.0744858392,826416.37006863125,3032769.6719886786,1373034.4325349503,596598.12213453557,106633.1205483729,1840454.5365058938,514961.00505689753,228331.98177803092,1718366.4694647279
2113339.939779608,1127837.193091708,819154.77563759335,1379994.4045619543,984440.84420605737,474271.33050221088,1833687.8523243445,885977.06802187942,30281.217089414597,1822277.2201731207,3635834.7845806,1306135.5204022543,3793241.940615308,844156.59520924429,2707200.6331887334,171464.86993084682,297478.38472154184,674411.45525104809,1005568.2308062182,669868.81735733023,2032943.6383611141,1448270.6656906782,323279.9288846823,27218.523619404627,235184.78141362988,1967274.5732058242,917383.93660009489,613921.99910016451,123964.32313011553,999860.35508731112,820335.76418440754,3010555.3249834585,1362956.1013313604,592217.44174969476,105850.00107798369,1827013.367811413,511179.13214691408,226655.07795985014,1705746.9479318024
2097818.4133220604,1119554.0869005898,813139.41837493679,1369920.0898812762,977619.8449326983,470833.70578489325,1820220.9758643729,879470.19029311661,30058.827556308635,1808960.973059149,3609192.7895129672,1296647.2747092796,3766154.964229641,837908.20374676352,2687314.1878300728,170202.70254074401,295292.24468211678,669457.00055812846,998179.36329011654,664948.05371922883,2018008.3877535451,1437625.612337121,320904.75178311102,27018.616729311325,233457.35655801126,1952826.7690920639,910646.54400260327,609413.16665203706,123053.89157865178,992302.09236752416,814232.21741579252,2988426.7893846096,1352935.2154508887,587867.36125644972,105072.60964762251,1813594.4557612776,507425.61519332702,225051.36197317851,1693220.5905733062
2082410.4814745518,1111331.4662294544,807167.44084392616,1359857.421390601,970440.88991597819,467375.83138161781,1806854.5881192174,873011.18883370073,29838.068047107437,1795673.1190787137,3582686.3491589827,1287125.7260592808,3738491.1261716648,831742.62111517834,2667575.3356426917,168952.01687080692,293122.99073102023,664539.55150062114,990848.59761749068,660064.32236149616,2003192.5175307489,1427070.6076377933,318548.22014012584,26820.189086227478,231742.80839113487,1938484.6322060351,903958.51700569177,604937.50295757444,122150.16044019195,985057.57566967281,808245.94960171182,2966483.1316542285,1342997.8600940919,583549.74735630944,104300.92913055613,1800274.7292667164,503698.96899153665,223398.54508996665,1680785.0543112801
2067985.0469369169,1103603.0139265421,801239.49695528799,1349871.0379650765,963314.21324088611,463943.38705365901,1793586.6746359635,866599.69178050151,29618.931739315729,1782493.3318906282,3556375.4238370652,1277673.721537116,3711047.6185376258,825636.64825988072,2647984.4997196333,167711.30141716503,290970.13795829855,659658.93582733371,983572.54897882405,655216.98210150283,1988480.2875208284,1416590.0476638169,316208.71533483826,26623.218568001364,230040.86732909604,1924248.1109220998,897321.4670902947,600581.92015918228,121277.65063265731,977840.88339898037,802318.33806856303,2944695.4482179796,1333137.0504230626,579264.10193754174,103534.92610633366,1787053.2387248722,499999.73830417311,221757.87883851962,1668441.2660376572
2052800.4135553215,1095498.263317296,795354.98366334988,1340646.9234021711,956238.7952529419,460536.07795945188,1780411.6197340318,860235.18600261258,29401.404174128169,1769391.203874687,3530254.7707999381,1268287.9790229162,3683762.5778573263,819570.46519092936,2628648.0145743489,166479.37398790999,288833.08335689292,654814.13915624015,976347.56844267389,650404.43770250678,1973868.6488558517,1406181.9182752229,313885.92482619465,26427.687807553662,228351.28881979734,1910116.0582997166,890731.39250733599,596171.18678451271,120386.97618736386,970619.58767792711,796417.59460326331,2923064.7972426387,1323341.8141537097,575009.70419154316,102774.54980605302,1773928.6767683348,496372.39542350883,220129.25383042602,1656356.7551369653
2037724.580853973,1087452.6932110491,789513.70608908532,1330801.3304472237,949214.9864921734,457153.75716299034,1767333.3548551798,853917.43109366356,29185.474374630983,1756409.0285384604,3504326.2298590546,1258971.2128896355,3656792.614947686,813590.22126358224,2609343.6964757377,165259.14593639507,286713.35685347707,650005.60964838008,969177.30871475302,645628.41050429456,1960025.4514896425,1395851.6172103258,311580.24156810553,26233.594259743153,226674.15071145861,1896087.6524694238,884189.69673771923,591792.85146159481,119502.84036673966,963636.28281544358,790640.32527970255,2901688.6812223666,1313635.1300972102,570786.70188341022,102019.75834795466,1760900.4871946736,492726.95125837787,218512.59009636936,1644192.0313222231
2022767.3021900982,1079689.4208313676,783715.93003336317,1321034.0481155228,942247.17003201286,453796.57754708896,1754363.0884095381,847646.34577144298,28971.135677106828,1743533.6213638296,3478601.1872320366,1249736.1345784802,3630293.9588933326,807755.82150756544,2590193.895563826,164051.7636494241,284612.05607638397,645237.20348243334,962065.61931789934,640888.88078494905,1945756.5917077868,1385698.0563264624,309294.36703886779,26040.967298189065,225010.02172614954,1882163.0858525364,877696.48261640582,587446.6104289355,118625.1903671,956471.75505070784,784875.89535551053,2880387.0003740713,1303997.808134109,566596.80543085071,101270.61943007589,1747970.4844497545,489108.44977836806,216907.82959100688,1632117.3235981099
2007917.2665308909,1071761.4230040838,777960.21876448684,1311332.5049732202,935325.84127403703,450463.75303518103,1741474.4722930416,841421.06168438902,28758.368584518772,1730705.9530413453,3453048.4327562125,1240553.7790903305,3606598.6359165348,801731.05448953656,2571164.7412151722,162839.43842940783,282517.10427071009,640494.63920311409,954995.75036408321,636180.42562641669,1931455.4285798827,1375513.0359441827,307022.0309338739,25849.71013019557,223357.36616373921,1868340.2522325905,871250.75729419489,583132.71930559026,117754.06339323352,957206.01929691795,783056.25589813618,2870889.9031878631,1295623.6007208661,562434.33073322079,100526.80587871883,1735131.9921201416,485516.35080581036,215314.83699582118,1620131.5575842578
1993173.9775692017,1063891.2986258985,772247.027146323,1301707.9197665916,928457.31221920275,447155.69012146175,1728687.4017829467,835242.0210415792,28547.185640114083,1717995.0023251455,3427691.0064369603,1231442.8056263211,3580627.380203906,795850.51632507262,2552287.3604778596,161643.86312122052,280442.49015485542,635791.56520903844,947982.66993516532,631508.5217891701,1917268.5811614315,1365409.1670196652,304767.03068783088,25659.866040433335,221716.98587782501,1854619.4498978443,864852.66748371534,578850.21090300451,116889.26841897085,952442.79195290001,777822.19973327941,2852009.0749635613,1286180.6453726082,558304.16477296362,99788.546086019414,1722389.5955542948,481950.73362965765,213733.55969301588,1608233.814771245
1981093.1914450596,1056932.7784362813,766575.69197292533,1292171.9952763526,921638.12512200442,443871.56461586419,1715994.2452923411,829115.2009397787,28337.595138779307,1705465.1079251256,3402522.1390237571,1222397.8082300825,3554932.876663595,789994.28447722702,2533543.4268443189,160457.23675689372,278383.28947157779,631124.02911910857,941022.79585512541,626871.4061485636,1903185.448606665,1355382.8520038188,302528.37015214819,25471.403727997931,220088.43911179682,1841188.1445148536,858615.65970023326,574759.60395787493,116030.80873893373,946416.10092186322,772368.29560283094,2831723.1027467195,1276741.0683331296,554228.40682218655,99064.269523236711,1709971.1775795235,478411.23981269239,212163.86776326215,1596422.2121228396
1967148.4293058156,1049170.2724355827,761119.02971769648,1282670.1882468341,914867.19980736659,440611.56853620074,1703380.5005495579,823025.72441997949,28129.473336117822,1692906.2596059942,3377519.0989560499,1213413.6703087611,3528597.9262791886,784097.15210237505,2514917.6193476571,159273.52774434234,276334.80690633081,626482.82608271192,934104.37904304825,622264.34586833115,1889197.8169586014,1345417.8422620513,300305.35261235101,25284.324905283967,218471.8326672941,1827666.2240501721,852309.68402197503,570566.38587624673,115244.16497618594,939431.02470874065,766656.35310211021,2810898.091470086,1267338.0954654207,550155.5066817404,98336.613845316475,1697410.0370444714,474917.33105032507,210606.22645637224,1585519.3887009905
1952701.3265659253,1041464.9895545103,755529.29672939738,1273357.642561771,908149.04763601196,437375.70270106173,1690872.4019875363,816981.33704681275,27922.886877882829,1680489.0159628531,3352715.6344049694,1204505.5081110399,3503640.5582147604,778334.39178206562,2496446.0291187679,158103.46365731535,274305.28799370979,621881.88238244492,927246.28568803682,617695.03272362682,1875331.4308989882,1335543.8410201902,298100.66192710737,25098.644444856884,216867.50942164237,1814243.7045205738,846050.1889275891,566375.99963429384,114397.78352313163,932560.88821463753,761028.73081329116,2790268.9702319759,1258036.4325765835,546115.60192717472,97614.432156189185,1684944.1216646051,471429.44866274868,209059.49771428824,1573875.5807421315
1938365.5033064689,1033817.6561893796,749987.95488356124,1271064.5583515705,901481.83470204379,434163.78406755585,1678474.5913423866,810981.5641163151,27717.82524289317,1679420.7353918937,3333056.0792517005,1195665.6920246514,3506262.4433883298,778948.79814016609,2496774.984213117,158173.14143779423,274357.91536903294,621881.67599640647,924946.60247871198,617969.39776994451,1861568.6910927491,1325738.0422316852,295912.66148197989,24914.345985267508,215275.25906094423,1800920.5202140578,839836.98805004114,562216.69241876749,113557.66711541986,933726.88423437893,761782.83790885028,2792625.4282650421,1258801.3550672818,546237.83532839757,97639.853471281458,1681911.2086075982,468402.28575118294,207556.24345765306,1562610.6147864487
1924124.6311870359,1026223.6247379954,744479.6409643183,1261738.1039279122,894896.36777456955,430974.9454243533,1666141.3383312398,805025.29125888669,27514.251543155726,1667252.7204072047,3308580.4144192366,1187359.6789149505,3508874.4575372878,779604.2486372384,2485939.247068563,158232.87969661108,274096.47407548543,620192.77268073941,918160.31599506154,614696.00116939237,1847885.1901855594,1316012.7774585232,293737.71041116683,24731.335072566966,213693.64989524832,1787693.0691729845,833668.74445993558,558087.47015051229,112723.64696093673,935097.13451569865,762666.40948667715,2795015.6702366462,1256334.0774821111,543042.46366633242,97262.487296688458,1669560.8932785916,464962.26855660195,206031.9040207311,1551133.7225951252
1912811.8744671806,1018956.3223038818,739012.11826919136,1252476.3635345062,888324.27941693296,427809.80692324747,1653905.982198712,799113.06805265439,27312.181869240125,1656488.2912932746,3284282.7704624929,1178640.2248467545,3499951.9724337053,777805.06258593313,2467690.3572805622,157153.91309576802,272087.1332258489,615640.15128368302,911417.88842429756,610187.75657027517,1835835.8546549205,1307732.1429572613,291579.99890631984,24549.69970571611,212124.16628307974,1774563.9132587332,827546.14247757418,554116.18209767924,111895.79576429058,936917.09864940273,763670.08208289044,2786325.4152026302,1248159.7069868699,539054.59382227261,96548.192203643688,1657299.9212940205,461547.56052129634,204518.78658725508,1539742.359901052
1898778.2069963177,1011475.6982327898,733584.93232561473,1243283.2627466263,881801.43438246904,424668.09948759974,1641760.7513453588,793378.09347592737,27142.011775628347,1644329.9113932308,3260164.2376900543,1169987.6956022035,3488050.7294574636,773415.87483156985,2449575.1842792952,156037.41327580495,270127.50978762459,611122.0417063972,904724.3878701044,605706.91428174917,1822367.7298032392,1298343.7228292108,289439.65550934378,24369.423978606563,210566.6274348282,1761723.3525668341,821712.26397528488,550047.1395673079,111074.0877141469,937941.02535238757,764291.82176732959,2783297.8292480498,1240484.8096524174,535096.55597009929,95839.205998137026,1645129.4605042217,458157.9685032639,203016.79755435017,1528435.2412797476
1884880.4714421129,1004047.3149508194,728197.69762694021,1234151.2485585131,875325.84744824527,421549.33530375554,1629706.3585800717,787551.56878318544,26942.685766232189,1632252.659602639,3236223.7615145259,1161396.233654394,3462785.5289296829,767668.54939740605,2431577.7976282705,154885.3787376917,268138.03472851834,606628.59069565882,898080.04345522576,601257.25721541571,1808986.0324531726,1288810.8643744024,287314.07697229891,24190.453876966858,209020.20931360958,1748785.1735236458,815677.57630803878,546007.57246638159,110258.36108633969,939340.96076659381,761907.99476040341,2768951.0556005621,1232180.1393079557,531165.80171660299,95135.288621607921,1633047.0579925452,454793.25248870871,201525.83005216796,1517210.2696748425
1871032.2115645893,996671.72008879506,722849.07896389463,1225078.2236058838,868897.30082754954,418453.26861246675,1617735.6296315794,781767.22400256887,26744.848336330866,1620255.7553513257,3212451.8422617582,1152868.6190193938,3437299.1011188915,762018.22075871867,2413709.8483560714,153747.26147168336,266168.25115201855,602171.50791636284,891482.53588072385,596839.95455031563,1796350.2134156085,1279350.4461449862,285204.24858420657,24012.795550045699,207485.12724417439,1735997.7059610777,809721.1508604401,541997.18695171236,109448.5294337162,940552.34446762956,756348.18815800967,2749403.8310819096,1223530.4676037978,527263.76962976565,94436.558151221616,1621052.2088088181,451453.01243963937,200045.75603978397,1506066.2659207138
1857289.4027555471,989352.20815483294,717540.33877063252,1216209.9111899114,862514.48494220828,415380.03733815736,1605850.9810923175,776025.77253705892,26548.432783068052,1608518.5023030604,3188857.6093650851,1144395.9314627871,3412213.762098881,756434.28035927203,2396000.6381371934,152620.45198980588,264215.4696955008,597750.2291759213,884934.98937697837,592457.38162065041,1783147.5697617941,1269945.1258806824,283108.39793633833,23836.424823082401,205961.05374420187,1723248.3907292108,803774.53693542071,538016.66677146079,108644.72020371388,936347.30502228648,750964.56007985573,2729335.6961620776,1214566.6493405793,523391.77488533652,93743.022981466405,1609147.2222733917,448138.32333555911,198576.59061839437,1495011.6466799057
1843651.4615914358,982086.38047056901,712270.75324260304,1207329.0810108236,856180.83665592247,412329.4948954719,1594061.5795954196,770326.69272826822,26353.459568406313,1596718.6490902803,3165440.3944994472,1135992.4273795248,3387261.0521155572,750896.12683794077,2378407.718833053,151501.3814257927,262275.74071102258,593360.88708795048,878437.77030499384,588107.18978539831,1770056.1970031327,1260619.337692369,281029.39376503328,23661.370213274946,204448.46247068406,1710592.556644015,797871.52819973789,534065.480417307,107846.83663956901,929057.78507433203,745384.25430507155,2709284.6381607107,1205660.1946398988,519548.27837023791,93054.565256294809,1597329.6741574721,444847.16690256365,197118.22727586317,1484067.7190002366
1830497.8812191316,974975.52017217723,713024.99603735004,1208720.4536408382,857019.68828165811,412330.8427029408,1595617.6384854529,769147.25496192556,26163.882865871667,1598367.8656739935,3167930.6958066253,1137068.5363765855,3389963.549693184,750468.18594671134,2379803.5044498602,151347.86284520754,261875.42609094648,593463.12486806232,879184.41526738065,588668.10303345148,1765562.3755690372,1261436.4036970022,281201.26249294728,23634.662365660406,204329.91332173286,1702717.7358192613,792589.73777701228,530253.71084566659,107054.78192614886,927272.60049396567,745308.66458739503,2712055.1037254483,1206922.080040178,519896.39092902699,93109.452668750397,1597934.1176197256,445206.78087803553,197310.27353923357,1485673.6053391914
1833077.5838110761,976257.35202095844,713819.82190030196,1210200.9068530952,857920.65859378676,412742.27766139241,1597332.0777841818,769926.67679066397,26141.474832613414,1600443.6573705473,3170732.0182399065,1138270.3674430824,3393665.3921094756,751350.6817277082,2381515.1741918405,151480.64270757296,262042.06313162582,593738.18028613995,880075.41800328961,589378.18868269993,1767262.8878819789,1262634.5848578089,281450.47808315605,23657.17281792744,204510.99125541365,1704356.2533887059,792139.72023080662,530271.40716583387,107021.18965587551,928633.5662337431,746323.27249222819,2715384.6453425856,1208574.6879472197,520372.295711104,93189.479958713477,1598789.940785646,445590.04579425626,197501.18038885508,1487326.2855794285
1823129.4278458557,969133.944102159,714501.12160404434,1211563.7922931006,857668.86530180846,410607.1970513594,1598837.7701498256,765218.96411354223,25949.553622183059,1602601.6687054301,3173105.0210225582,1139333.3479034023,3397666.5963629903,752523.30011319392,2382926.7528861356,151618.19662496593,262185.45158697967,593935.38941687532,880898.91225583199,590056.54984490864,1768907.611747385,1263789.7351761765,281670.76910777169,23645.919998762172,204200.08916410976,1692770.4601620103,786335.40089181217,526377.19711556518,106235.27159846666,925622.87812126288,747549.80666555744,2718786.5200012433,1210433.4217625549,520792.95281690225,93256.406404099835,1599398.289767728,445897.00782534067,197655.78443585048,1488701.3596752959
1809743.3308723406,962014.81878244656,715040.8964934299,1212669.5637562163,851367.61535507266,407591.41964520316,1592604.1732609598,759598.85238574247,25758.968939467613,1604259.0260494549,3162156.5508772866,1132302.4335046979,3377092.6902586254,747796.92578608321,2379160.6902753324,150729.37240912183,260602.13607606909,590576.34778234293,881539.16445538204,590627.58808388538,1770150.6700277023,1264674.5518477643,280610.52267021313,23472.249135308455,202700.21539573881,1680338.06999655,780560.03430515679,522510.81221565662,105454.9693656913,918900.22191975405,742092.06801024452,2717301.7641999484,1211736.7189118871,521112.06801264267,93306.818846837356,1597360.5660776179,446117.91288870672,197770.76139840909,1481494.4087793964
1796500.4214116104,955045.0059009851,711241.19287449564,1210312.2706007869,845111.75787812215,404597.77700316603,1580893.020043276,754019.7839836342,25569.782696598537,1604407.2644843997,3138918.5787475347,1123975.6077194533,3352171.4899533819,742146.59971959342,2361668.4715522118,149609.45597601717,258680.1338394497,586232.49945295823,875580.74850051082,591115.01503258059,1759694.2365975783,1261887.3145370586,278547.08694040653,23299.832310137124,201210.95444830318,1668002.3185003109,774827.17485116818,518673.25521949388,104680.4745926652,911399.50049579283,736275.26610502962,2698403.0044900784,1212893.9011863025,518637.6870928593,92644.1519403157,1585626.5359652347,443493.78885752027,196891.08089078602,1470611.852913694
1783311.7162353871,948047.902194642,706017.50486350257,1201480.301804899,838925.77131063829,401634.96222371852,1569278.9288358302,748482.18465145072,25381.998401379165,1592608.3249995634,3115861.8260488347,1115762.132447032,3327204.3095063688,736582.77428865514,2344316.2978997142,148507.34835063416,256778.78430652636,581925.04766431381,869148.08368266828,588786.69053078431,1747135.4519503149,1252612.0081259492,276513.70825534122,23129.668119857575,199779.30465748685,1656069.2616887719,769136.93862016522,514864.06711195468,103922.19474879894,904509.59815435437,730790.72604155575,2678593.434642524,1213950.0712719571,514828.00636653154,91963.755283134058,1573980.8133995496,440236.66841839574,195445.1149825718,1459811.5513742829
1773031.587583794,941789.19292025967,700929.3865949125,1197783.3109368554,832762.69761084777,398685.0995449241,1557748.7300817105,742984.95549345657,25195.579040717545,1581725.8875319201,3093679.7159257648,1107648.8016172212,3330849.8212622562,737366.55970622902,2343334.8278537001,148640.06442621723,256958.51513895646,582204.17337434995,863195.7325683526,586585.51176886878,1734295.6928982083,1243407.0670687517,274482.08193472197,22959.783154535911,198311.86956028163,1643905.8905075644,763502.98591136979,511249.40823271271,103158.95292593226,905772.93459898827,731681.0646149863,2681601.6498364052,1214128.4796752913,513505.73403623013,91983.009490267112,1567444.8800343908,437167.86290615768,194043.90993648578,1452197.6629830275
1760020.4212414012,934875.08759119629,695782.02978953929,1189559.3526146405,826648.9292023296,395757.40595101891,1546314.3407257779,737528.87184992828,25010.563228456955,1570117.4662331711,3070964.8862608443,1099519.0821207187,3332939.6078871735,736494.00574985112,2326266.5215371526,148424.03023630456,256731.0434216173,580225.51607577119,856858.90838707762,582280.3979005958,1722244.8348505711,1234281.1094228101,272467.2694022847,22791.183419426234,196855.72224961969,1631833.9590697754,757896.40431892662,507494.91441266338,102401.36369873058,902490.32915617269,730323.38178927486,2668059.5931338337,1205263.1864720706,509737.08265702863,91307.531676892948,1555935.5605356377,433986.33228757099,192618.84728279649,1441882.4283908631
1747096.4203521817,928009.56187452911,690672.05752666912,1180825.9083391766,820578.44250156346,392850.96171210124,1534958.909899103,732112.41639233381,24826.882454299976,1558593.4066446696,3048410.8494102252,1091445.7758028789,3308836.3022370641,731243.34424575942,2309186.2675696579,147340.38473068431,254850.39534106571,575965.79650373303,850566.71599169425,578004.92187610897,1709606.5482873286,1225220.3770943529,270466.60604992375,22623.809583437374,195410.08260165626,1619849.6678010027,752330.37946971087,503767.92766130279,101649.33482731218,897982.89045235142,725502.79414160806,2648650.5718492847,1196450.132382774,505993.79361789493,90636.985913263648,1544508.5787201927,430799.09054679895,191204.22825515107,1431292.9664471517
1734261.8095089609,921192.72635078477,685599.44813675596,1172175.703946966,814549.94577567303,389965.55035423971,1523681.1627049411,726735.25205821183,24644.531207488322,1547143.109076225,3026079.71865121,1083424.8032773389,3285664.9211588008,726432.36144425021,2293517.6098499782,146713.93172383698,254196.36757187976,574469.90107020386,844318.82027829636,573772.38821947831,1697039.5587994696,1216214.199020948,268479.26980308082,22457.64150490348,193974.70958559835,1607952.4465403769,746804.64105391095,500068.00767574261,100902.78506861327,896060.30201286601,721937.67629708257,2632403.1207548995,1187698.0617782671,502668.68557130935,90217.597201952274,1534844.405890492,427635.17125850491,189799.9807246438,1420780.940078177
1722167.6002028247,914958.99370731344,680564.11653034505,1165587.2839242278,808568.70459096204,387101.69316463772,1513106.3520220376,721429.63358429505,24463.54353383914,1542717.6556278332,3009767.5132169668,1075470.5498193062,3288701.0565291699,726857.84474949853,2281875.9494765727,146374.51020758372,253049.29559213927,570693.88610471005,838319.64097669302,570624.19327702106,1684695.3061942747,1207380.739172094,266508.05879103381,22292.716387150274,192550.22363753372,1596248.754336843,741325.20021753479,496532.40635091206,100167.06345828589,890579.52594750654,721411.26867765037,2635787.3646366443,1188960.9591443276,499448.40306249715,89658.407169165876,1524343.743857119,424494.48592682875,188406.05433446376,1410346.3527228802
1710012.3306421298,908384.51316370221,675566.52459257026,1157040.6595604492,802633.00290144992,384259.12685562024,1502003.5728698762,716138.65897979552,24283.973271503521,1531963.6906112779,2987675.230482203,1067577.0913966994,3293890.9501906,724426.08795628231,2265138.3553642458,145319.3460724935,251201.58429100231,566508.17403553368,832164.32119016466,566435.3631146804,1680885.2131070285,1198777.8112076973,264583.07349185628,22130.304216093464,191136.63953788599,1584675.4838425925,735921.15125743509,492886.03113319742,99431.451687200723,895843.84424289316,723563.15013153583,2639793.2722053365,1189864.2043397475,495781.4606903005,88999.995880809627,1513150.3431014728,421377.09225808183,187022.40780092074,1400007.6017369677
1697934.2816948718,901721.14839076565,670605.23256522114,1148551.6566140514,796738.00637334283,381437.08284403861,1490969.714113954,710879.12350394181,24105.627494093646,1520725.573056245,2965734.2636655336,1059736.1159910266,3285811.9474524008,719403.42416234023,2248518.6521737147,144264.2050236362,249364.60521392623,562355.0525825537,826054.09465365577,562277.46865818335,1668580.6040719,1189976.2424286597,262640.059467563,21967.778586086632,189732.93258114241,1573038.0627455139,730516.69036932616,489266.26935520349,98701.215579392898,890563.81845471472,720239.98423311964,2636384.1277559977,1181216.9246271276,492141.92232092767,88346.512459397709,1502039.331740889,418282.55301581312,185648.91400983001,1389726.3022744176
1685463.806816688,895097.07436351175,665680.26396276418,1140106.2837782712,790884.96768203122,378635.49796940235,1480013.8534829225,705657.91626132943,23928.577364350851,1509565.8360190596,2943947.6640686258,1051950.3045750188,3262482.954705107,714312.61138030339,2231991.7166062803,143200.00018563418,247530.1289788236,558219.43589999655,819987.53200500447,558148.50445547292,1656320.7386695668,1181236.6977974523,260710.68339109825,21806.431551975114,188339.30741259758,1561484.4111517207,725151.1634046156,485672.8899034533,97976.325927811253,882752.76104287116,715844.02246945247,2617018.0858801194,1172529.7357914753,488527.5985875054,87697.654887885757,1491006.5970267309,415210.89678599994,184323.2209204791,1379558.0228290414
1673411.1986463405,888669.18930725753,660792.4944129074,1131729.4770927809,785076.40765068796,375854.80815852241,1469325.0605131644,700491.56972242391,23753.027839856743,1511845.7600479394,2924611.8643879201,1044273.6791697645,3236941.1172337704,709338.3946594618,2219902.4280802403,143340.21250433417,247763.46248431411,558673.50248765829,821088.70687544474,558930.47979709483,1652343.0649961107,1174182.1380500237,258797.01336247398,21646.304982834266,186978.00924289884,1551317.6508717011,719973.27672336868,482106.00919747975,97256.766211943919,873172.75212938036,709826.25095298875,2611829.9912714013,1173873.3505662915,489058.23507380532,87170.7351872242,1486567.1447898494,412231.77862204006,183033.54418241541,1369546.3615291384
1666497.9792261994,884313.67546479194,656427.23401748424,1124661.6396690411,779327.76547196717,373101.75101739651,1458536.7887728987,695346.94541885669,23578.565140528484,1514229.2309212359,2903821.1090828171,1036670.3623736198,3240404.6616186271,710063.39186453656,2205570.4936257238,143510.52088580045,248008.00692285033,558174.49667715176,816933.40175724716,559742.83340590086,1649684.0952671121,1170268.4620642744,257235.87742502204,21507.121214734834,185715.20335965042,1541128.4680719951,715161.74848789512,478938.6970684281,96562.910654890846,874853.09759213123,710903.04582151619,2616390.0085979975,1175725.8121912021,488356.99526748189,86943.877719857177,1478131.4554902206,409372.21853997326,181705.73858549827,1361510.8016299543
1656007.0985331465,881905.75838847633,657411.43643380038,1126601.8528669893,780868.06794070848,373814.23648564209,1461084.4231983109,693381.59027159272,23408.164229003029,1517144.9315658906,2908219.9445841243,1038792.105183789,3245225.4316717074,711217.23402810283,2208355.0852602278,143707.16244718959,248294.27973850703,558708.88198224292,818440.53504814964,560711.72617155127,1653333.8104221544,1172801.8876350047,257792.45874782925,21553.622905817785,186094.79687324387,1543985.2453447112,711771.1315771977,475938.4190199516,95920.296790562075,878362.21131686517,712712.67285020626,2621377.387865901,1177770.4247084353,489058.28674821142,87067.972260914772,1479686.1494539103,409935.52910472214,182016.67763327796,1364003.1027165081
1655131.0574851413,880488.96102853259,657204.61145120941,1128504.8841475509,782345.44555858197,373820.00636805804,1463517.4387999661,689443.66350733326,23248.984962683131,1520224.0782139851,2912512.4154787781,1040860.887087067,3250299.8463752423,712491.35775613913,2211113.0225729453,143919.29155804715,248598.6944462524,559275.04190063407,820010.38660687662,561742.15629969654,1657143.2030263508,1175432.3916718392,258357.66918496971,21599.608233785748,186468.69873341607,1542924.7092644956,708405.01652481756,474517.0740152786,95599.370894505642,880398.09413032432,714419.08830384025,2626507.1035731388,1179927.7991543235,489812.7166379281,87199.355021542186,1481246.4612458854,410446.43803751835,182305.91850380492,1366290.9000660139
1644270.1754242112,874451.11223913019,654825.04047295288,1130697.7499262213,783771.44636170811,372242.04334427486,1465905.6221445908,685275.18135321187,23078.249786140408,1523349.5570416946,2917239.001556044,1042858.083813788,3256987.7523793168,714046.97974026296,2215032.9032189413,144197.29878840045,249049.08066715507,560194.7967614826,821664.04442534654,562859.41816061886,1661026.0546481672,1178083.6451303456,258916.5613010613,21643.849863186399,186825.04272547699,1531775.8520676489,703218.01248918602,471215.08106402267,94936.013091411587,882331.89734029095,715985.53333148698,2631860.6759478622,1182188.2268793895,490728.72815328802,87375.471145477495,1483517.5169911089,410999.30980124068,182590.09920814604,1368485.7683009158
1640239.5239416664,874449.49217215704,655970.13659118686,1133080.7581178963,785470.7963096837,373056.98853584897,1468926.3245385061,686864.90492009651,23151.35918085802,1526847.8559257442,2923206.272121998,1045181.9530927956,3264948.5838812659,716024.14425700414,2219754.4609366069,144533.41815794128,249603.5275293616,561350.92096355278,823563.28224891622,564120.2695399482,1664860.8952897328,1180842.5577513753,259506.36927809016,21691.235681809896,187209.65644361253,1534759.6897662599,704912.4969336784,471704.85848973697,95146.19695533636,886158.73386311822,718153.86083048279,2637657.7381602521,1184658.0254209556,491804.50083227613,87576.83787236952,1486441.9777458769,411680.41903913365,182883.98265944404,1369887.6899162433
1628660.3081357132,868373.14979902725,656996.90829747904,1135400.2323915358,787083.82203083695,373802.01541783853,1471791.6765675398,688296.77877679328,23218.432476282065,1530656.7846621177,2928898.4972632364,1047450.7924737863,3273937.6316707456,718767.34192875668,2224397.3368568881,144910.8650582995,250187.87842923455,562510.62355587829,825491.18134205474,565391.45176289661,1668804.3415811311,1183663.965479881,260087.82794380691,21735.789829450958,187570.94670483738,1528282.3188830321,703056.94907666126,468379.89053432911,94447.785476255536,898975.34578253981,723813.52773753414,2644225.9594132584,1187479.9858532476,492863.13796406856,87771.631487447405,1489231.0744423757,412303.11769751675,183148.11546386834,1362588.7922549334
1619801.9881204306,866506.06600870634,658314.64540774352,1137935.7629313197,788830.97620595852,374642.06243034964,1474993.6759406333,689914.81512325897,23288.805784472268,1534034.5932393842,2935333.3066034098,1049765.2972475444,3280643.099410776,719745.68303677114,2229524.9962697378,145222.58411678075,250772.45029786823,563785.10603630927,827385.58052448777,566655.68291088485,1672455.7135227649,1186293.5333352962,260663.65997508727,21783.648637805847,187959.93310411056,1531504.2554693567,704715.97451653052,466942.31481111125,94061.884778492342,890304.5337441751,721718.55837184447,2649612.5723173199,1189776.037093115,493985.20240220201,87987.394747976577,1492485.7587272206,413089.29705423,183466.05012126765,1365095.0853044044
1624403.488562434,869300.72368292662,659899.29729484092,1140705.9460985719,790846.43001586176,375670.40807509248,1478765.8693703918,691963.54414750368,23373.982907430804,1537796.4066919021,2942485.4417674141,1052368.816630299,3289263.6732101315,722007.48869400553,2234950.1864164043,145607.57945123117,251410.29937621224,565110.48147917876,829344.30538169027,567937.80464759038,1676339.4539175879,1189072.3923597457,261280.99143650621,21836.804363359261,188406.88563826508,1535772.5186324585,706857.69419516658,468296.7114994477,94376.660301730968,898422.90338563127,725749.18788675207,2656050.3463410391,1192581.854535108,495126.3032637178,88204.930755969035,1495917.35611812,414020.36117607605,183848.01055894129,1368339.4707477337
1629288.8535753468,872134.44154608191,661605.3312565845,1143705.2796216626,792969.71085788088,376752.50538822549,1482821.9033100989,694111.42302126461,23461.604772515664,1541400.7257243416,2950305.262475885,1055116.9169658308,3297524.4956395328,723886.39859227359,2240989.1045636022,146001.16033124828,252146.06986454112,566716.55456585425,831416.6987903968,569336.50194827665,1680278.6788315845,1191892.9956193971,261920.58552867241,21892.340057708981,188874.05441266979,1540104.0769887459,709048.39941449894,469643.00685307238,94679.031214308096,894150.50833182957,725427.82941898238,2662246.3013220448,1195190.3506095565,496383.8980435041,88453.651098150207,1499826.5207620848,415067.70089265687,184268.5803290646,1371804.4170014616
1633980.4384607766,874891.02507487568,663497.54666368943,1146920.2442518517,795146.05496948631,377861.26940652769,1487117.1485300378,696350.41934899508,23546.84837678582,1545506.0894527894,2958618.8178648227,1057927.5870936995,3307430.6464686715,726443.12001787336,2248039.6570303482,146455.60584917417,252960.11994271656,568508.16004953953,833692.75543147628,570891.00724651606,1684294.4623610573,1194767.5602068941,262566.71791287803,21947.785372718576,189341.94412930234,1544353.1766175695,711185.95162175142,470927.41978972493,94963.974791204295,900452.04334750806,728692.66582856083,2669185.9430429884,1198197.5594610292,497868.59199761541,88740.277271944113,1504528.0493190743,416238.48205904098,184765.82922058707,1375560.2979637261
1639038.3234031021,877757.01053822681,665410.48658307292,1150297.840334459,797473.87106610497,379056.36675592797,1491649.1037213635,698721.16705305199,23639.304679865196,1549778.0836708897,2967094.7738946187,1060919.5100008994,3336887.9883052898,739054.10954563052,2255328.5707284915,146981.78540274949,253836.49443247885,570371.63497991825,836045.14329091785,572465.42709934246,1688440.6137159946,1197720.7479987356,263239.63880776346,22007.4963498664,189848.49083681329,1549110.8388997975,713502.97389602941,472233.75134683819,95242.773840160662,938813.40825452225,751779.13718376507,2677624.6744056819,1201508.8670789083,499377.77827762568,89030.751893840657,1509254.2569796129,417402.76352389337,185251.6898627296,1379192.5187835295
1644027.876611843,880545.5833059086,667288.84048387071,1153800.2992476739,799992.49177638581,380241.10300702223,1496741.3204340856,701019.57181758457,23728.440313008588,1557178.6397877,2976023.1070707282,1064410.7302236236,3377361.8463628795,752624.46737590164,2263164.7289886978,148181.44056722353,255376.55903361298,572559.21525443264,838721.23370660318,574241.68723820185,1693654.5032677753,1201266.3855919985,263991.52394224366,22067.302719672371,190367.56617075653,1553725.3288781974,715700.91199995857,473448.04268595221,95501.640867550668,942711.42660096509,761213.06813768914,2701222.0083789751,1208065.7596847881,501017.74381957389,89331.222456669464,1513941.1460332831,418528.74042211892,185711.29963254125,1382613.7720694721
1648530.3746906854,883103.36308799707,669026.77614184539,1156570.6441582046,802152.76332699705,381340.90951008798,1500797.1481073303,703152.26374034979,23811.333163193576,1558131.2103512473,2983765.9035851741,1067064.3351346166,3336455.6652406077,736639.50870226673,2268604.3157262886,147833.25730055547,255427.65784567493,573910.39885543508,840632.56878418161,575563.04166392807,1697113.2951364401,1203759.7812224578,264607.90437786788,22122.957021423106,190840.89720961588,1558028.2858853715,717705.86748768762,474532.51735968207,94874.36912069458,925436.28952868725,743478.35673233191,2689905.1903805016,1207286.4563745332,502314.50263998692,89595.780432018393,1518030.1468914985,419593.30233378249,186152.05955174612,1385875.2153955877
1653181.6168610451,885772.0433567554,670804.26565546799,1159597.9351312863,804346.46012809535,382441.53210637841,1504999.1870696398,705337.77082142769,23897.234814537911,1566281.7732398626,2991615.5709980121,1070017.4234332093,3370549.2294621924,752273.3298191604,2274690.7098008567,148798.99785514141,256594.47880216406,575686.35583203356,842958.7877384919,577161.06441769376,1702356.4921911615,1207174.7761422268,265296.34116357646,22178.915213801891,191317.86438061579,1562384.0337864156,719811.55145326105,475697.20757401042,95147.51599151305,947947.9721125142,764887.6132881887,2712668.4242280386,1213055.2111092256,503723.42225472844,89858.423602636089,1522016.4077971685,420675.72732101096,186612.3849329603,1389439.184204713
1657647.3705222378,888329.40363600105,672534.65209225041,1162767.8555953121,806497.37131823529,383500.62454538775,1509375.5583416766,707437.67916451255,23979.533586108071,1567314.7575974625,2999512.6304989243,1072800.147986145,3358931.6835260759,744980.89400518755,2280669.9496844495,148903.010535482,257099.71905889164,577159.57007939101,845076.97976784687,578549.30108910706,1705464.8742410799,1209591.7084603028,265895.63996330422,22230.797460149144,191766.74380342572,1566525.281834227,721789.0520408767,475752.29878260923,94952.644735756112,945288.94853692153,763679.84551593161,2719194.4915444301,1216230.4923568084,504982.37732646224,90098.009991951563,1525857.0527367273,421723.96358998044,187054.0884805274,1392865.9043866796
1661706.2829266216,890787.91634403297,674223.08195840556,1165535.1857670322,808524.57842753234,384571.46856946882,1513183.0101980192,709600.53654384636,24069.350432989344,1569426.8937925545,3006863.8772702664,1075316.1926076096,3357869.3496632832,738430.72124077461,2286006.1193395592,148891.10928951684,257457.37990866535,578434.11746727733,846930.68590877589,579741.81316187687,1708628.0047828828,1212015.548480005,266467.30520631699,22282.441554283534,192202.13868267686,1570679.0313948335,723896.58694065048,476175.59185765323,94831.570278437473,917826.96965888178,741024.00564429967,2707543.7164528589,1215188.8979477014,506129.80349968554,90328.159727312173,1529527.1390491116,422763.40342219995,187483.92280798042,1396396.8006138357
1665836.8666131175,893562.65427213244,675935.52580647881,1168415.2318704962,810613.56835486076,385677.41248972301,1517202.0821990515,711855.69239400711,24163.672914465893,1573040.8496679973,3014367.7403929844,1077984.4741717638,3366396.6198504004,740731.11865002359,2291546.3060252587,149251.69768104039,258073.26364074153,579784.92677061097,848901.59986766987,581017.0893689926,1712395.4935152794,1214713.9080006203,267080.35102951556,22337.093600236221,192664.0816896607,1575269.458212324,726221.30758368282,477323.28009203175,95116.294795364869,924753.32655603404,742797.25463310606,2713238.2730159708,1217671.9527252668,507309.89369544107,90561.283225570471,1533210.5927625557,423805.22857968224,187914.76486173488,1399952.4436884525
1669690.2954097893,896284.7514374397,677584.9053607427,1171382.2050199108,812734.91610524815,386758.90333058871,1521344.4031947688,714033.43706034531,24255.502306669114,1577446.5547055104,3021898.6772437869,1080791.5424860222,3382352.9169472847,750363.21021773107,2297322.7382145743,149833.34555955694,258846.4015169036,581214.43002580479,851001.2498608107,582362.09714937583,1716929.4930769519,1217801.520278994,267734.49744030682,22390.621046238484,193125.41953189889,1579717.7902097455,728442.98156253982,477341.98954764125,95375.156536383598,952241.52680878795,766466.09871466947,2731395.2486134181,1221916.4403534541,508515.88477898319,90782.894411415531,1536830.1140987619,424800.780998,188317.75528904493,1403318.6539625083
1660687.2202397615,898856.17745534715,679132.75250870094,1174115.1129370495,814752.11350480013,387788.18740610464,1525206.467059236,716084.35943784018,24342.715134093516,1580995.4002915155,3029067.0338335587,1083414.0993889435,3383483.7242351328,747339.81587946054,2302625.4837455708,150076.39131718464,259392.794145972,582509.41672470327,852949.75595654291,583598.84884869005,1721245.7963143403,1220587.7693473962,268349.15441085899,22442.039788826958,193565.27940025949,1583946.1610433464,730517.35837954585,473838.51508285274,94693.558914248686,937189.00662590633,755179.36724893528,2727036.9909111829,1223388.902514826,509658.76083860529,90998.292112543248,1540302.8404994956,425736.33824794821,188688.81535227338,1406449.6340078437
1649645.6430256399,901183.72310428286,680566.85563003924,1176774.1959650991,816633.45033772895,388746.00862883369,1528812.0131340458,717985.82804666215,24423.400336638857,1584747.1811750871,3035805.9588981243,1085859.0963874082,3392457.4947437923,750327.88960270828,2307745.4668548931,150466.36960105094,260024.41895224206,583776.45223037165,854822.27657041466,584824.12783380342,1724621.4432968735,1223078.3112093182,268920.53579361935,22490.535921501949,193978.79360171029,1587873.463203006,732388.04941506684,470484.15609894932,93998.315598106361,936352.57126126066,757200.77045379719,2734347.212378691,1226468.646177229,510766.1908120524,91206.635888315621,1543589.5295245904,426607.85068227927,189027.01612569659,1409334.9075246982
1637574.8867148748,903305.68401387706,681877.9130006748,1179161.3070070122,818367.94990766095,389633.56154108589,1532096.4830691398,719736.72610270092,24498.406390047963,1587804.4298333873,3042004.2227756139,1088065.933795823,3399324.1588822496,750142.56608420401,2312337.8398912903,150665.32172097292,260473.68895079524,584869.53288001777,856562.41254436749,585945.38259858487,1727723.9842760949,1225421.6474129772,269432.95170072664,22535.011613160976,194354.18193514261,1591470.944721238,734074.07337688049,467027.36895306542,93316.559995198986,946322.98048745305,757977.45422706159,2737842.8672132683,1228060.795391866,511785.70980877022,91401.150182476063,1546645.0445572415,427409.8536727716,189329.69073869986,1411950.6878292093
1625622.2230857948,899406.64185602218,683102.13885485032,1181407.8924701302,820006.95417297038,390461.83115424134,1535180.4173328793,721362.01970181486,24568.194506576965,1590549.0058971397,3047839.7102510501,1090151.1332763904,3403171.7951565585,749222.97470734001,2316700.1158629116,150896.354114324,260929.85466991385,585903.74206074933,858177.13768694387,587004.14717802021,1730785.2673591543,1227589.5440857718,269919.93227662763,22576.941274705234,194706.56077508515,1594805.0438588271,735591.69683524501,463604.10630669858,92631.166954572051,933388.5422890404,750452.08803879307,2740808.5681667542,1229780.4398874121,512746.947251014,91585.452289415625,1549518.0651172723,428147.4311093897,189597.20457938215,1414310.0444638862
1613674.0091053636,892797.637670781,684247.66666446684,1183598.3289123133,821568.81614368223,391234.88661017892,1538132.2396494229,722849.66645395686,24632.486541642545,1593596.8707828964,3053351.8123476072,1092161.0552852827,3415213.7404953819,756101.55342965946,2321011.7092590369,151295.79640340357,261497.79588462363,586962.37992912205,859741.64705732919,588035.73298332258,1733750.463489579,1229725.8785333876,270388.59071105794,22617.952017772477,195044.36818792974,1597871.1720164411,735571.46490751626,460198.98050928506,91950.823060087496,936005.36338702403,758317.37510755716,2746289.7624235679,1231942.1457609958,513674.51349160343,91763.416509157658,1552225.5157623992,428821.91029226704,189828.46838822571,1416399.6870338139
1604487.5481734257,892489.55144391954,685391.34270878055,1185703.8266274971,823092.41168296745,392027.66073335783,1541279.8528104492,724584.50300065801,24697.875924660999,1596584.2420503399,3058793.1564983265,1094194.3403122555,3415984.3040751549,753196.81159846205,2324849.2904400611,151455.82153410619,261858.71421692093,587852.87145683612,861245.60028710368,589013.11266121455,1737086.456953031,1231950.9850408407,270864.09039925877,22656.522759152638,195365.22191671876,1600805.8286948281,737006.28806594817,459272.49654274213,91386.456012411625,937408.56985720946,755484.39853282506,2750382.2165117483,1233875.5083112135,514539.83068621013,91929.195801548427,1554751.6165442022,429499.41819304257,190106.44021796822,1418974.4641866474
1608846.3559600883,894906.60372588155,686491.35410677874,1187853.8092392648,824564.89524307987,392840.25442731712,1544354.4236330851,726438.44700950326,24770.810936025777,1599189.6861083244,3064111.1055593886,1095996.0644815352,3419360.4086337904,752763.97181821801,2328648.5366887818,151653.76443417027,262242.30943595467,588742.32443703187,862754.36054540728,589992.09342470323,1739860.1855265938,1233905.7701678746,271299.0970164577,22694.412956637258,195672.31084554794,1603896.9551733306,738711.00193877018,460650.80969530501,91724.295166205877,934647.25494120293,753786.1056255002,2754154.9887015745,1235511.2772428698,515427.74188483862,92105.844997512206,1557284.8899380693,430168.0877645046,190398.54925188111,1421715.9702606904
1606254.4005748127,897229.99579050869,687479.03380111931,1189953.7736006014,826005.66698247264,393615.86266003858,1547397.1543098302,728216.80867184442,24840.208399324751,1602293.4494706525,3069177.0288338512,1097855.0321276744,3425695.8884305041,755448.33979622182,2332340.1983659747,151983.55551664223,262700.47100239393,589655.99107221921,864280.35609312518,590963.30709686188,1743324.6222745883,1236109.4187505399,271755.06805915176,22730.300967227973,195965.25255668943,1606759.7012915777,740282.76848304772,461918.49046338798,92039.449748194544,942646.38372358691,760308.52223475382,2759753.9128328692,1237669.9933835268,516297.86650723289,92277.245290568884,1559671.9921541496,430771.88471288676,190660.62284809854,1424242.7144764587
1595189.7844663744,896832.89737143682,688345.36981169181,1191934.9124624347,827348.43997337343,394328.98722782428,1550354.5035555484,729862.77020571055,24903.954145298467,1605318.6515359627,3073951.7853296152,1099561.2579157122,3432206.9082908574,758505.32379418809,2335792.6665244191,152249.76529633082,263133.17747312633,590518.17231461476,865799.39920083131,591908.22396355239,1746777.2335323559,1238352.1995534785,272190.91906687652,22763.315782845904,196228.33719746314,1609291.2520726132,741659.7997593683,461814.93226420239,92328.321987218296,959456.59512123268,769711.06062798854,2767773.6648901864,1239753.0196545685,517137.58296923881,92441.725043730738,1561882.4719791801,431304.11524481815,190888.07212070315,1426515.5711276976
1583745.2419318715,890198.84339766693,689068.16561093216,1193688.0650959483,828522.25349673664,394959.64805968764,1552886.5756194091,731335.27506028151,24960.748381684389,1610376.5095298716,3078193.6482711062,1100952.9508929928,3467511.1093416,774048.13453877065,2339120.4994074195,152783.10180285742,263799.18615315284,591390.80171544768,867294.75053855998,592894.06234433409,1749007.9595327419,1240126.5427075233,272540.4740882336,22791.598803050267,196448.86367140251,1605331.7211344354,737249.59238397458,458419.06207816326,91960.071092208847,980348.41458418407,790765.69073977391,2816769.6328313001,1244538.8654002624,517964.39132359839,92601.741008512137,1563901.9013603453,431756.45617754891,191076.34727760204,1428492.7988909471
1573083.0926341012,883905.10350693343,689818.8721248206,1195234.0430952169,829611.54714207526,395535.8067774832,1555290.1516059986,732659.50486333121,24898.863139944282,1610421.4790917228,3082049.5933514778,1101251.1894571322,3447477.5038869283,760948.1855012431,2341674.8509580381,152603.12761997114,263758.0320708158,591929.94071303005,868365.46214516729,593590.88112959638,1751097.2464828654,1241525.4810168047,272847.88876550819,22777.134149353758,195315.15947631918,1594064.0068339696,731938.93867415027,455135.36940896441,91284.535498480953,977286.45902424539,776654.70849444345,2773333.3332031849,1243038.9115215265,518631.81892763096,92751.059457496143,1565690.3315887873,432195.47535529704,191282.411697378,1430291.8181634056
1562994.7461267058,879338.58378608862,690927.18044046429,1197130.4458662155,831325.85026401712,396330.98477301304,1558776.1998460323,734284.47017438419,24741.311397479043,1612975.598873971,3087259.3372973246,1103547.0730194317,3443675.7659623362,759282.85148699943,2345178.1244249842,152765.8473209189,264115.17157058517,592785.78896670591,869950.97454271815,594602.85480256157,1754119.4072470935,1243798.4238730487,273353.88376921532,22820.609136504743,195671.9973079887,1596656.1323042307,730849.42570259317,452874.78641859168,90687.408262927464,946682.18522083107,760943.67534497846,2774599.8501865254,1244293.4892669874,519524.31422424311,92925.128502354288,1567979.7291126079,432797.22709943174,191560.86928903934,1432442.96357584
1568242.8797052719,882084.75965354382,692264.54067281529,1199129.4519286302,833185.58102566528,397307.72670960193,1562421.4181758508,736352.07245608664,24834.624225696254,1616543.9395939223,3092872.0556927416,1106034.5374082816,3451093.8742645271,763959.75569106638,2348838.3798217527,153082.77372331754,264571.09925946017,593689.60340797901,871589.14270987699,595642.84755546181,1757566.6534678938,1246298.7882859856,273919.42520113842,22870.035199192705,196100.12347818213,1600704.9988663287,733134.30551008566,454418.27563056542,91036.865528845985,942584.28285108239,763909.26232858188,2779349.1398312398,1246851.0014702957,520417.64906568878,93097.48396326731,1570401.3491466395,433511.7046558474,191853.66525759248,1434786.8042526536
1573416.7547994149,884901.56828836619,693636.35823551565,1201144.1562757234,835113.90859872638,398323.51028881496,1566159.9022723071,738520.89143164014,24932.176268728341,1619242.1505525103,3098664.8291594689,1108644.482452631,3455825.0960397157,764391.33160793094,2352509.2658271501,153294.9785799841,264941.07172175846,594547.18062810577,873166.53950893134,596611.6111759796,1761379.979534626,1248915.5559864258,274515.00881424092,22920.681124758379,196541.78213727818,1604917.5315208293,735529.18788802333,455924.89989055227,91373.97311641596,945744.32941676571,764996.11057770648,2783483.9715669807,1248324.6857977016,521283.8643923885,93265.098289589296,1572844.5265302598,434252.71445654053,192161.5679470695,1437298.0962106024
1578342.9553829976,887651.92487922823,694929.10181536258,1203141.1831960464,837047.89256914333,399315.45940375753,1569961.7012275707,740630.84981237096,25028.085645260209,1622228.6923878428,3104320.4922152692,1111268.9042830062,3459726.0061949315,765440.60495478497,2356059.3588891607,153564.26167144734,265358.41786613199,595414.01232068392,874730.19671618671,597592.10544035945,1765014.9569234655,1251442.3931768639,275094.23989299592,22970.000670971069,196972.16008386452,1608977.7837386786,737844.37866640219,457347.53480042488,91690.224656630104,954844.20578029507,770173.70857060351,2788229.511019784,1250410.7394082767,522134.75616806169,93428.753295002331,1575182.4510102167,434940.8465622114,192448.36669622443,1439700.0603419864
1582932.5114573888,890268.65593326755,696148.99004310975,1205001.0499146257,838831.16199164174,400251.75281775731,1573384.0844229681,742622.84714516695,25120.020882423516,1625007.148192503,3109572.9096065331,1113621.8141874073,3463107.7836233662,764234.54160447,2359373.633431776,153762.36163838248,265747.07260597759,596274.73347086797,876225.4228376901,598564.11547075957,1768537.7279757308,1253884.5120888811,275642.82494992221,23017.482791187118,197379.79924432971,1612810.8973473636,740020.3297461227,458656.36985513609,91980.968599424377,952034.44341840036,767314.25322116946,2792369.8608981217,1252243.9222363664,522980.15248230478,93592.609264120081,1577454.962942631,435584.73280211439,192711.48762842189,1441955.5839433477
1587327.567872165,892831.26602735883,697376.37796638685,1206951.4159219747,840533.71882508567,401153.49779245426,1576618.352791908,744541.86942934094,25208.939845063745,1627938.804017782,3114735.9114093259,1115875.5449292047,3468569.724892593,765449.82523750875,2363014.9863957553,154025.29736599798,266208.46292346291,597268.47060745186,877777.87034733046,599602.71692930465,1771818.881369974,1256239.6949599935,276174.35857843474,23064.929925329914,197780.69533616953,1616662.8284798206,742144.00504880038,459892.036786718,91768.000544439361,952512.668405873,768240.83853896358,2797004.5021480694,1254286.3636266841,523889.99021958152,93769.582330901059,1579912.4618388466,436240.53814829211,192970.34785182934,1444243.0751505129
1592738.0970277796,895910.47975948371,698866.78482766158,1209277.4936426838,842467.62792966689,402215.22809889523,1580220.2829031358,746789.19941682438,25309.737256362507,1631047.8091803661,3120749.579611375,1118369.216963432,3475803.3844417613,768171.4199525615,2367295.9278546521,154337.84088273667,266735.79524808278,598397.35920489975,879461.43929836131,600716.99986451829,1775506.3283160538,1258744.430346159,276753.39608559461,23119.29119846637,198243.6325015997,1621440.6515371215,744756.28727014316,461480.7976673618,92126.487864388764,971377.20165685657,780081.26573521842,2802533.988314271,1256516.532015668,524893.78478133178,93963.051844454822,1582806.2457736898,437080.38995137019,193337.25310565761,1447347.6506196451
1598024.9394408069,898964.01564184239,700298.61604630144,1211706.5602303476,844438.3814448592,403249.57516489644,1584023.1301817838,748976.15397275588,25408.98117996486,1635115.1079754073,3126756.6682256842,1121072.6382488268,3489109.3257874795,775274.53709536453,2371702.4529940081,154811.43943100027,267396.60537406546,599614.15957312926,881276.04023588204,601877.74916762556,1779852.5243633452,1261566.5298777178,277380.45910351234,23172.46135610262,198712.36698191497,1626146.7476467013,747285.34947789169,462980.57960214652,92465.64365807244,982199.52853503427,791557.76348387857,2813706.5186774652,1259650.2527042471,525914.17350814666,94157.229599237617,1585643.1090306328,437875.05801157275,193679.27586585519,1450296.859649776
1603185.9740797395,901949.63976674899,701742.04154467047,1214019.403288139,846335.31700650754,404315.03341569437,1587600.0752170349,751293.80446247396,25512.511992926193,1637608.6534942226,3132749.4587793718,1123473.3802629779,3489771.712178973,774156.93645472487,2376016.5532824402,154993.2255113135,267845.34628418752,600717.62693349994,882889.87381994096,602961.81794099137,1783015.5130948375,1263844.9009263078,277938.08723463933,23224.7327041442,199163.88921155926,1630840.8547728534,749930.69141225761,464497.70259573753,92796.304188062364,973608.16876772232,786118.82850011287,2813583.3982853862,1261187.0656305649,526904.96116191312,94350.122482979947,1588590.4575757545,438717.18957572314,194045.16720385168,1453272.8076089013
1608150.0303829056,904887.05108694686,703316.66644808417,1216465.7436446336,848412.9395897846,405449.30746197246,1591678.3184301893,753714.39983025624,25616.945004887362,1640874.1364709984,3139625.664924107,1126240.0240053642,3494800.7471042629,773069.48288790858,2380784.4549798584,155262.26615504525,268384.54088100779,601971.1145883674,884636.77524690737,604147.93507126661,1786923.9373271568,1266666.4725035154,278593.03412334964,23282.795767000898,199651.63705248715,1635674.4596111935,752597.1115788871,465959.51473659067,93108.183548137444,966609.92759070068,781035.61286545102,2817623.6388642848,1263490.9283811001,527987.12456182064,94565.813982425636,1591929.5727017587,439653.76232227293,194430.76042975808,1456254.3941683213
1612759.1681063662,907684.54106678511,704882.8644483774,1218913.8563654199,850520.92026330705,406568.10587166675,1595865.3158073619,756112.76975217357,25720.340073507319,1645022.8106805468,3146607.8055347088,1129188.4512609695,3507008.4848491144,778824.7858548006,2385638.786814854,155646.88719195558,268980.54937222187,603242.61099295295,886491.0187155368,605305.50512150035,1791386.0596720232,1269883.8396766682,279272.42067766585,23338.76803935675,200143.5353848004,1640407.667973418,755213.47631818615,467345.55880095164,93396.679214881675,982375.540641231,790759.41216494504,2826231.4065889609,1266495.0170804604,529038.43991967163,94776.982287866456,1595208.3447668194,440577.26827158441,194825.38867581499,1459160.2649007509
1617138.2526402485,910542.80461632577,706393.45649526012,1221328.9585498367,852880.01279757079,407736.3578442249,1600335.3116404382,758533.79377286637,25827.335539024585,1647907.3221796961,3153508.538067292,1132631.1831934173,3508610.6602948625,776507.21366888005,2390337.9508952643,155912.80768810929,269544.89583535818,604510.87967241323,888239.20530773862,606401.93094517861,1797040.2076627116,1273277.5540548491,280017.5839849764,23399.628882926267,200670.12672765131,1645210.7583518501,757875.65364720428,468628.72788030951,93292.022524819389,965385.32724922581,781421.35398754268,2828154.4908258603,1268337.3847999931,530062.25866384862,94979.546790626613,1598407.6126676467,441457.36294693791,195204.32691933154,1461914.0927197144
1613808.1588848745,912956.18759878865,707828.39613191236,1223673.1390002726,854687.55658216588,408755.23860749678,1603900.8020088833,760744.21384513949,25922.843658892849,1650666.5523958011,3159965.571812408,1134739.2111738019,3516647.6463385615,778618.00175150484,2394979.0513438266,156236.65705021448,270152.52919015189,605826.97966433072,889904.68314954557,607585.8646226743,1799026.2767407987,1275329.4340680907,280523.46569652425,23449.881501676715,201112.05561733647,1649510.645736614,760186.88056300627,469774.4205429483,92616.773917509097,963259.35033571778,778597.84860671335,2832263.8564091963,1270491.0775635678,531131.30523028586,95186.406932311686,1601582.9064630994,442300.52659339533,195559.06225438768,1464475.610561708
1603837.374589643,915330.73183086759,709304.70353983727,1225902.9784968668,856513.4758098782,409754.82476095384,1607396.0978516524,762875.92397512379,26015.575536928696,1653792.1219693364,3166274.3826254597,1137035.9137129942,3521425.6654475438,779034.07761293906,2399411.2254104358,156574.21343707753,270755.16029251402,607096.95354269247,891674.6506149004,608795.46246162883,1802511.709817752,1277868.7845445652,281106.9538718746,23502.492851671868,201559.75751240208,1653688.512049315,762416.01032600144,468420.72899008932,91984.951310932825,974113.87359895196,783470.86110096145,2837808.1376755885,1272881.1106896468,532216.55238686071,95390.895353690852,1604705.1932152191,443156.82111463934,195946.06004987084,1467161.2680868679
1592751.9185713893,917543.99462085194,710715.28497628833,1228211.7119879655,858338.1941573869,410715.38659489196,1610930.9161410145,764914.27137897606,26104.184230538624,1657104.1721070316,3172436.1828042953,1139492.3138993594,3527715.8790875548,780369.90660879214,2403802.4900586111,156876.35901714896,271319.00564443099,608307.88252275717,893445.31786281662,610002.19370829361,1806273.3769266061,1280582.3691124409,281709.01101704862,23554.735307395131,202006.39836891324,1657668.5708282536,764501.61815002246,464979.57408404892,91309.33048269253,971479.78167039738,783998.06577965978,2842909.0883677863,1275258.3692315449,533276.79405233171,95586.585704720899,1607742.7716981773,443965.18094791437,196314.36620971069,1469701.4127088236
1581077.4399773669,919600.06910333305,712037.29321245465,1230402.9463723744,860144.65909178858,411635.81003534037,1614439.6523931513,766855.84582518775,26189.254568109372,1660753.2548505408,3178413.7322522132,1142114.8149279726,3533487.2130075274,781556.90359350026,2408027.3370673913,157187.48130209401,271877.64206157654,609484.15899701521,895219.70094340912,611187.22091131832,1810981.0334355352,1283655.8931296505,282356.03554429754,23607.5063550087,202459.36178713973,1661450.218993648,766451.89329335629,461566.40153868927,90638.928631161238,989068.96844762529,794281.61794980464,2850399.6235843804,1278186.2825887371,534287.74981249881,95773.082865103832,1610678.7470511564,444715.28923768707,196658.32932338936,1472020.9324096318
1571879.5207049148,916341.1554911196,713255.01200688968,1232464.9214148882,861818.85806211981,412502.16512146115,1617619.0837325591,768677.66477763292,26269.938454555857,1663703.6538950827,3183964.986724122,1144412.7032828201,3539979.8834573161,783208.71897082333,2412153.3867553696,157489.94482834791,272438.75048909592,610707.11919244984,896853.5295642342,612342.62362110801,1814231.1592972709,1286172.2916198035,282926.67593748006,23656.616909781922,202879.51340749653,1664986.3287232898,768239.54991050437,458520.08588103711,90073.117602176731,977849.09485167032,787217.29485054861,2853151.3932086434,1279945.8685329333,535310.40885004553,95963.057077143108,1613553.4812034024,445403.86128263333,196972.75006969072,1474098.4172012354
1560826.9198353058,910681.15966788086,714355.58192510414,1234299.1717881064,863409.36563738924,413314.5604437748,1620637.1099868533,770376.78025320871,26346.370333375176,1666913.9217713927,3189270.9801912298,1146552.9444131984,3548380.9702937244,787678.10336395365,2416181.7081214134,157873.36536887253,273050.7117357566,611930.56434027443,898504.45112240873,613479.89507827943,1816985.5947208202,1288423.2055800783,283445.23089027702,23704.190140268813,203279.38142268846,1668297.1019190671,769871.83143459563,455191.27188372624,89411.51268131948,989467.17125885794,797752.99108500965,2859200.7418607222,1282467.9076784828,536291.69641969667,96142.163375753633,1616323.487545151,446024.24181280646,197255.70330139296,1475917.4879662229
1550857.1728409876,906212.14112895832,715479.34443834866,1236189.6580473541,865101.17572499788,414169.38675501262,1623838.0623468726,772096.21661241073,26419.356787262172,1669926.7875216797,3194751.7599090706,1148840.936199612,3552724.3132947115,786949.63168079825,2420087.2543316362,158157.53139101891,273613.88197175233,613140.54433862306,900115.88053772377,614605.07797088672,1820613.4423866577,1290988.0983048733,284030.16885335388,23755.19924091022,203702.97773676287,1671703.7311018037,771412.71530834492,452172.48355430621,88764.703362197411,991615.14876416058,798720.23390996724,2863805.1777652442,1284618.9463412308,537273.30854961567,96321.571808376597,1619107.4845454458,446676.53792802902,197573.05799558424,1477854.1319669958
1549575.9891115997,908366.30391661823,716634.74801247951,1238172.2019948035,866851.03091675078,415051.99696713884,1627214.0471909856,773862.81352492655,26493.438190123583,1673192.0007717491,3200491.0372476466,1151226.9238718788,3560306.4994138656,789424.71130814729,2424175.0103303608,158490.09255748946,274215.97803803807,614410.88529520703,901881.64932683669,615795.46532179974,1824450.6718967468,1293669.6656415968,284646.3888793657,23807.004680114991,204139.76883529525,1675331.4841214849,773037.93909944221,451768.26506443374,88532.720213959692,1004993.8345714838,808145.21398351179,2869751.2979653561,1286971.4695470741,538355.69910700107,96522.453500664298,1622001.4247992763,447343.44855611061,197886.78073834945,1479832.8464979802
1540188.2005775347,907100.04878118215,717702.53754211019,1240188.9559066666,868626.98174943472,415900.85313270439,1630805.9162175301,775544.44364959048,26564.127892169981,1678525.3858401955,3206249.2662975164,1153837.4446189124,3583079.561695314,797815.61051173159,2428372.7335601947,159021.88237767099,274987.18370109698,615716.56758234079,903773.66069267038,617048.31759500131,1830244.3660914772,1297017.8001258282,285310.0027628846,23858.76345775255,204586.83017063758,1678799.9494064075,774521.88088030543,448449.91764451715,87882.500606446818,1012215.1606858487,815864.35243278788,2909677.9281492694,1291623.4792127281,539426.01325001125,96713.573643167096,1624828.5179045489,447953.22999025154,198176.67297557733,1481644.2850954377
1529441.9384235856,900971.24259790534,718766.604480354,1242168.6764360336,870420.81361391011,416781.12933260959,1634025.8472615334,777168.4830221819,26631.457436946421,1679969.6958987827,3211958.7021568744,1156251.8836970248,3571127.0882390104,790057.71956470457,2432761.1654635086,159078.14381309427,275368.52017410204,616997.73994115298,905523.45701328653,618228.2666025951,1832213.0882426985,1299166.2505671841,285911.33407632378,23913.440035583186,205028.15505653474,1682196.1437959047,775878.40161669196,445189.45741302596,87237.230319368333,981754.94034943811,795346.46559476189,2878794.4366605585,1291534.8250596249,540575.09959109349,96934.276450833,1628017.1853885702,448588.70537612919,198455.22583100756,1483325.7590748332
1536032.0863126738,904066.67290657142,720547.57646716805,1244792.7621270495,872608.25314333616,417913.31548151711,1638327.7520169865,779480.08182126551,26723.728036125478,1683715.2300290759,3219739.1742227422,1159135.5037859806,3593272.2073011724,805810.68252588483,2438448.1071966933,159518.07213277297,276072.80363149889,618466.18129847804,907509.86384277476,619508.9880908099,1835992.8027021564,1301962.656815687,286568.79652097618,23973.9249811874,205546.28752059388,1686768.3544861677,778346.101594334,447301.29527224804,87727.926699464471,1018933.4074141751,823577.95180816262,2894416.3560638321,1294699.8444796256,541799.5953133544,97164.146950395501,1632008.0119220507,449638.82101537497,198931.36086171211,1486911.084909868
1542906.2946455034,907401.80293417582,722417.5562998188,1247672.2552536756,874897.20243954868,419117.96492879902,1642958.4136010925,781952.35216020013,26821.047945151273,1688294.2269073669,3227838.9997270061,1162238.6253590358,3639442.3400951684,820230.0526070745,2444410.80289585,160714.16570824242,277717.26319558267,620153.17828545102,909701.75938320614,620885.0107592853,1840111.7436589415,1304996.66900894,287265.32029101753,24036.202745083832,206082.38095259006,1691618.8793614234,780983.10168207157,449403.97618298704,88211.112108508562,1019659.3599371145,825789.22126198444,2908325.2715348261,1298461.4124606056,543097.91224126716,97404.017176437468,1636026.3351551287,450771.22803707642,199413.26648375212,1490522.6182147472
1550046.0566931262,910940.79588442354,724290.24981932901,1250611.7282325365,877335.59806463961,420298.87337969203,1647896.9070862322,784349.16608285473,26920.229742689113,1690741.9489423395,3235800.8888853597,1165780.0294718852,3602861.0341605102,806018.8149593625,2450191.4228121317,160192.72464063307,277353.11805269815,621433.61843733327,911590.34897132195,622071.42956577498,1846709.4933812721,1308329.4738656322,288018.68639608106,24097.856095132778,206633.29908767011,1696541.2819573474,783642.14643132349,451461.86027098197,88678.527494203809,1020510.6153895305,823643.02273517859,2901819.916462136,1299150.4771499641,544270.42219653144,97626.873232149868,1640057.9872356174,451963.39565863024,199955.84748134442,1494283.7261780908
1556421.7313287857,914076.11678604363,726587.07370579219,1253901.0818807823,879514.32490893232,421587.38043868192,1651985.816290986,787108.76946496777,27018.389271202599,1693952.4607819177,3244314.1229183199,1168201.0346242934,3604382.363266672,801986.02913720941,2456433.4273416642,160549.35038859124,278059.0137491998,622940.1886210012,913557.76647101063,623346.69739597477,1847466.3283027697,1310415.339021482,288601.94954902254,24159.19077210451,207158.16491938525,1701694.9608712436,786308.16761314834,453577.15239413938,89167.234907366481,1010314.179904258,819068.57688474492,2904915.7409342458,1301495.1093460075,545508.45579641906,97858.377167671279,1644328.8316950048,453370.22158128367,200632.64533653326,1499323.4466898965
1564033.9044116559,917813.14587946923,728967.39337485214,1258067.6405867292,881926.95154898078,422943.66667287162,1657000.1722716379,790067.03631622542,27139.96478274776,1698006.6281594248,3253328.6500094384,1171392.3324120268,3778853.6501111202,839812.76193930465,2466117.8376067462,162266.45844843652,280125.61810343369,624766.74475471175,915642.13915230648,624720.74515360931,1851366.4976160072,1313334.750073188,289282.11136660271,24223.27646864748,207709.61670253112,1707611.7711684657,789811.32301213138,456044.34424710332,89718.284467309786,1029508.1017769825,835671.73617527762,2997552.3380623227,1308309.1070231767,546820.20783551049,98101.037882468852,1648838.0899805585,454812.31691342173,201316.13882081222,1504515.5826374174
1574165.4099711399,923144.63780788099,731511.61199515383,1278653.3428866481,891777.05803005421,424889.89629213425,1681966.1332425603,793523.41848491691,27281.542438084001,1766459.399024324,3268084.3112624073,1194068.5140002896,3812712.3962027691,843762.26052882592,2526655.6259104162,168141.40608077968,291965.82864788984,635264.46385635668,925811.79875199113,633258.77530716383,1897419.0324049606,1333397.4276927626,292958.96563680132,24441.869031527152,208568.26758773386,1714174.7584878516,793848.94739872974,458668.8225524415,90287.738750015022,1031406.5764525046,837599.61414906941,3070777.1764236591,1365568.3641849721,550322.348880462,98407.579291637725,1654847.0508848014,456317.33164928301,202034.58882886751,1510230.3154141784
1580604.573820597,926104.5545838098,733724.34624764021,1266563.2214236397,891108.43526219216,426018.32656121685,1676438.1864274975,796296.98091199901,27397.01887767444,1769659.3702905593,3273525.412302047,1193061.5050829118,3806239.2175214705,843995.58709645353,2494784.9519026442,167004.68947521853,289941.03650085506,631065.9708843882,925283.73875912221,632532.95790710673,1908408.70146032,1334981.5376006921,293085.16062256822,24469.324956576678,209070.13658047133,1719949.7529226725,796977.02464895358,461038.44105000119,90819.245695470934,1032979.6501417919,838702.91138365015,3073316.3489258289,1366062.2039913898,550535.92919059529,98612.276438686371,1658117.208327706,457664.05073912401,202658.97887220033,1514797.6177988476
1586955.8048008864,928925.28271297668,735785.94321247272,1266765.9286232234,888619.61860380298,426941.06409103778,1669639.0740713815,798822.98131631501,27503.556322824115,1706301.5651812078,3278214.6983823376,1179650.1196997045,3680965.4254115815,826335.16888064845,2479449.638619775,162131.62887148821,280526.6598109717,628575.52677974734,921179.10562406585,628174.79391732672,1861515.9499332218,1320652.022889663,291155.76089098427,24407.609386002681,209354.01944058842,1725245.353122351,799942.27345997328,463291.47532153712,91326.739586091469,1033677.9880867891,836693.82335780398,2985116.40111143,1312611.6935005838,550317.74179747223,98779.818351622729,1661186.1658231141,458919.6564930093,203254.51164649191,1519261.5558156506
1594153.3955582653,932544.21500856488,737852.12420018553,1270178.0708019929,891374.58742975676,428226.90874330112,1674956.5885378539,801540.83393376623,27617.654197373551,1711387.095291985,3286619.1268614996,1184521.1585582837,3670931.5268689827,820316.11923001288,2485565.1031205207,162237.72797253737,280934.82578338165,629828.70092521398,923068.46488776547,629293.06930471247,1870414.3853367891,1326429.4348997753,292185.95868490502,24492.474630279983,209946.39388254273,1730856.648628768,803090.45126591495,465523.29596505838,91815.650837974623,1034488.0066411651,834274.90113276266,2940060.3857455496,1313154.3694307865,551375.94150436867,98972.79409794361,1664945.6999190904,460161.72926177509,203822.69261818012,1523566.0918493234
1601726.8316054896,936252.82687213214,740022.78893157921,1272759.5445251346,893162.01668102841,429482.50673870649,1678421.0554060845,804336.18135882134,27732.271921754826,1712837.6600747888,3294389.0993296085,1185531.773018081,3641124.7542498191,810202.16166244657,2490695.6202915977,162351.56151451715,281414.22366518527,631092.88009348477,924826.59462593787,630398.06434553827,1868672.7869741579,1325901.1499072921,292446.14363062201,24528.345547813802,210425.25152527212,1736507.6919716788,806458.03669950587,468161.36629731004,92407.865805937588,1027401.8374271025,826161.02432605554,2928517.1594920685,1313969.9393514041,552471.14260577457,99177.032405089441,1668715.3162249969,461447.71017546847,204442.75058890879,1528223.5734887773
1609852.536211059,940318.53185933176,742290.75073681702,1276019.4346252822,895775.2469247753,430788.23116916663,1683499.4481209132,807157.19389592507,27848.372621666629,1731275.571209756,3302820.5097592119,1189794.039608825,3756027.3274890706,841257.92130664911,2496725.0435380805,163430.50285125675,282991.15755864087,632591.77492233075,927068.86037167977,631743.56156397483,1880995.0803254356,1330749.3302164238,293318.97518810671,24598.296665694415,211012.44140699451,1742324.1907808124,809881.75310298754,470848.87418819679,93015.175139962055,1038450.3240643998,842507.47721009469,3005070.7200675057,1327121.1582841694,553642.90067838796,99384.417311249781,1672518.7194570163,462787.57493387832,205099.18253287632,1533369.0370246621
1618048.735502478,944525.52204467484,744599.15799810179,1279715.4301416627,898382.98397795984,432126.35223570617,1688405.819605463,809996.89646658371,27968.173859535742,1719079.2129011778,3311101.8686899948,1193504.0182337055,3743622.0656258431,840103.14216022287,2503023.0292384853,163161.732614509,282761.05179969466,633850.29507209535,928619.3044835811,632717.30926433543,1892810.9523312841,1332310.762371622,294025.18913279066,24676.587953905229,211576.10157471447,1748161.0006837647,813356.3685468809,473466.85558546364,93609.963042589821,1039975.9117092247,842791.05160566058,2952978.8924629139,1318682.1389570804,554721.3567896653,99589.955774403483,1676400.9728177388,464146.60346260091,205760.55013180611,1538630.9675970171
1625422.500262944,948258.06111820554,747025.62339339417,1305294.4528045917,906432.7165789709,433768.48008661275,1707947.9070383892,812986.26716353709,28085.192370724253,1770745.4060081772,3324515.9405144812,1208522.2439568599,3864202.7001689062,854505.28981975594,2553131.9200382773,169554.58054744784,294290.73375444917,639661.13812544197,935592.01722118421,637582.47411225864,1916345.0827235945,1343149.6045823174,295905.59569521219,24803.171677376729,212215.79197724495,1753786.1545234595,816679.77439596958,476030.20775770885,94194.261168548386,1041785.5797173422,846172.40388564451,3100361.2982631056,1372798.1761371924,557155.15790318465,99847.682464756203,1681318.9269141061,465578.06081538968,206463.52997027655,1544628.3589078423
1633352.1193999737,951811.0570793536,749238.75509680691,1319725.6991812976,903606.39933023707,434643.03869511996,1701535.5508095999,815426.23815772764,28186.116516944203,1780850.873278803,3330402.256327956,1199808.4637736331,3872954.2657879903,856310.26596440247,2581747.3627607431,170226.32372103364,296145.35286867456,643700.06799663603,936309.3671549682,640918.45255376119,1889392.8639107051,1337269.3195639858,295185.64739325759,24783.288737801871,212542.66756422812,1758471.2641597851,819531.40390399052,478505.55552154471,94762.318871876181,1043200.0459933982,847476.24674372876,3107857.2830959405,1380170.0186959985,558913.11746942007,100077.7203361568,1685503.9644508155,466923.95962186821,207133.5707377278,1550098.9144956421
1641137.379891112,955387.66434797482,751266.47372511728,1290339.6235074101,905029.30856789253,435635.42361232953,1702014.7753204806,817697.09921847191,28277.903033750372,1728247.0214420485,3335112.0423123664,1202176.4771115335,3773896.9734450928,850744.54819268885,2521081.1608612533,164322.65107644297,284566.74830075534,637651.50866877742,933920.95722468616,636088.32156723295,1896040.0244193862,1339167.8495378329,295897.17215001571,24848.292696641423,212978.17896523335,1762915.4205103714,822183.7717228547,480896.51934532105,95299.326444466307,1037242.8558386555,845048.32505096693,2985805.711206411,1326392.1174152105,557964.68494189146,100207.05863771818,1687953.2360987649,468150.01166459819,207734.41900962516,1554340.8223309135
1646835.5954450057,957731.83478661731,753041.21140287432,1291331.7554649464,905707.18796516792,436438.80443678563,1702810.1481924753,819605.45234523702,28360.772665386336,1793810.1263578509,3341148.0559620191,1201814.8741658179,3880698.9200138161,858325.6737846859,2530623.512348935,169492.85485712162,294868.986834799,640874.77973665064,937485.33706874168,640173.26092115953,1888316.4844934354,1340261.4878948608,295912.2931653242,24844.919855218952,213314.54074257312,1766996.2062683541,824469.63792698877,483012.3313085296,95801.393687634933,1045793.0394494614,849577.57987050735,3111289.0606644461,1376544.3050703425,559331.51531326189,100390.78666641515,1691067.1061132306,469219.84898581204,208259.12308761245,1558469.4685747093
1653397.1301719795,960855.49158088036,754686.93035982875,1293849.8527831377,907339.83197722293,437333.27133705205,1706138.2720178363,821537.53878584015,28443.821623876705,1762796.7559636643,3346851.1547006718,1203796.0228791509,3857663.2321526418,855604.48742916726,2529021.1408199035,167011.03402754784,289010.08953611308,640110.2922330061,937359.63446912786,638313.23614875204,1892007.9321064604,1341815.5295413681,296383.18219895533,24889.041087456571,213694.01491773513,1771039.9758247077,826854.20381317439,485108.51441528311,96284.269426600542,1046727.3427750886,849824.73061898141,3104004.7911982983,1358802.3390631294,559837.10943975241,100531.81446558787,1693632.8468933643,470199.23795664252,208748.61651298206,1562550.5186709785
1659755.9182518953,963764.0920973859,756240.7959573291,1296690.7732238537,909068.60438249889,438203.28189396334,1709873.3025712145,823387.9930573022,28523.400142463172,1756748.6418233493,3352789.9576549535,1206132.3247739361,3875006.6597022484,856645.17990062246,2534162.4285274162,166478.41243705907,286863.0489512349,640848.99689103418,938803.234848066,638953.09546933754,1893750.7752134397,1343552.6389490336,296829.4650391317,24929.457792242833,214053.15972168537,1774878.4819923588,829108.79574547173,487126.72190147138,96751.189607156353,1047726.8345904764,850033.33574264345,3077534.2446998195,1345089.9950418139,560611.19066167006,100670.96602651433,1696142.5717008943,471088.48715670971,209182.92198125538,1566283.3758703643
1665880.0184454008,966761.40342115157,757712.50034222158,1298453.3857125246,910652.28663408442,439033.1708386672,1712389.8067322015,825156.65474675468,28600.847624741345,1752617.8132113041,3358119.2038043938,1208566.1551531055,3733375.7660069489,837242.45141401724,2536400.9422778236,164887.03766207298,285845.93618394859,641457.73933519248,939903.59740665159,639637.75766675826,1899618.1739588708,1345889.9674157412,297329.64021791768,24972.494719635208,214407.68818443152,1778597.8732067773,831313.41790592007,489095.22070106596,97213.197360923921,1048770.5486594168,849588.28625398572,3034345.0401215637,1336209.4526042617,561306.59491475997,100805.07903181629,1698464.1424113717,471932.39401573496,209606.12265284648,1569900.2793310611
1671712.6618225838,969429.28491397179,759270.91833351494,1301373.8748073701,911733.21641139442,439797.02010930056,1714614.0594504767,826806.38470518182,28673.098594839808,1737630.0341564536,3363215.7236227468,1209262.2006862236,3807492.4490876864,854477.51854971889,2541631.7765219235,165123.00159537719,286090.46297147952,642296.53463402123,940800.07141246879,640300.64272992185,1897316.9314652986,1346263.8112511272,297575.68989669596,25000.219633522378,214707.82141362262,1782040.9642145315,833332.34292229137,490974.27885243256,97662.776771520221,1050101.2745571975,851465.4264472354,3019488.5969943227,1331311.97241067,561999.89320850244,100939.0075899842,1701325.1599443513,472953.62838344148,210119.79090253409,1573828.1238125237
1677498.887435274,972181.08050300763,761151.47594737657,1305549.6981134263,914089.10715395922,440624.11600011983,1719208.1371231053,828444.5181776731,28743.119267820075,1741598.7430638568,3369504.4523568917,1214014.2335935535,3853455.3101822678,862064.14881310111,2551347.7555266526,165613.44547891038,286731.59468757606,643507.83938285219,942559.81287315977,641479.37084093783,1905058.6003285551,1349770.9306614222,298237.46636319987,25055.55189634057,215059.78861828963,1785422.7077580809,835294.24901851895,492798.19231033279,98101.367026408479,1038271.0093533058,848163.25671287731,2968026.2783232736,1332407.058138747,563030.02504368429,101121.82238299286,1704827.2012873362,474090.43029139616,210679.42596776929,1577873.213042418
1683404.1962726756,974892.74305413209,763193.07883355138,1308185.4282520611,914683.50369448774,441576.18250650255,1721119.8709371299,830862.83708513808,28845.146875915161,1752545.0546300579,3376608.5766990776,1212768.7664014071,3916822.9621659419,866800.18702172011,2560335.0007965267,170611.97357781674,294445.02677949425,645277.52563666343,944815.46138604509,644117.56079617026,1900799.214206849,1349396.8048638254,298354.41043514508,25073.410765715333,215360.64682227408,1789339.5795275136,838035.2061457251,494872.66067020776,98577.326270758131,1053369.9003609812,855692.17388259561,3125508.00212669,1367963.740814741,564334.89007461991,101325.4892615391,1708566.0567086064,475338.32731380581,211308.826630283,1582508.0931572933
1690429.5647644496,978390.03618768137,765344.96886705817,1315056.4902124293,917110.56694039272,442786.0889836229,1726189.6077385668,833435.95843807049,28958.140535377606,1784004.3192818044,3384429.7265385613,1216646.8480859848,3914301.9143721815,866006.23030842794,2576453.6178714237,170758.39961819793,295652.22430594102,647796.52797350544,946998.97715248785,645085.84605369309,1909049.7991625629,1355333.2578185117,299049.35112432635,25142.78265786725,215757.76951454961,1793630.6664656636,840992.57146232575,496986.40426864353,99056.839733878325,1054200.0684442471,855889.66709857434,3126487.2336355112,1379891.9709730914,565400.70067445899,101515.31673798423,1712372.52535453,476644.38535745634,211956.01148875194,1587268.4722368901
1696105.1983213206,981113.14341107348,767378.14323319134,1314102.161729489,918258.91433870874,443724.35197026288,1729157.3160851002,835859.31239922112,29055.442819309726,1749442.8643321721,3391228.0486772889,1217007.6798367356,3747892.5199602377,844326.70417880826,2564106.0504381289,166075.68014385001,288000.1232407944,647112.68398777454,947632.1998424289,644731.65275847341,1906596.191533156,1353380.3090737676,299298.09082642174,25158.162856116414,216099.75658028218,1797757.3851259786,843706.34467131062,499067.11426982377,99534.125158196068,1047982.6229886514,846345.25224707637,2984085.3501311559,1337995.3554347313,566102.0328035095,101681.74177744937,1715602.2983338172,477873.12405816856,212567.73806260675,1591834.9669852438
1702645.1023359469,984547.61866244266,769429.1772400745,1316800.5353910502,920333.64444956742,444934.51054849609,1733463.8315295528,838521.33906435478,29164.030780330391,1751665.8280192902,3398830.2953048171,1219555.3468128412,3839679.7669784902,860010.90908144822,2570346.0576383523,166654.87117806697,289065.6742101803,648553.44126698188,949328.93123970588,645837.23855416477,1909770.8598645146,1355672.0609109495,299863.12214724423,25212.469892350433,216565.32116238558,1802947.0730104477,846926.03827213321,501494.54328344105,100083.71158960156,1054796.3441503001,855713.60462921474,3018339.0530258864,1340348.5664288492,567206.07684336149,101887.47995064469,1719393.7535604255,479109.44671650633,213178.6172232086,1596402.3141587346
1710332.3115910087,988288.83537482389,771492.91338524211,1320147.3467718684,922741.9308201127,446187.86039500835,1738626.9064700247,841204.18815419078,29273.970392013991,1761873.4525993622,3406861.5867046285,1222815.5680461451,3901896.1159502557,869436.38464974205,2583568.0727964607,169002.28726688164,294006.24865062546,650665.75940105948,951778.9287584913,647838.641005054,1913852.1465449266,1358338.98998653,300492.65651375818,25275.25725644657,217057.7498040694,1808332.5568257056,850230.03391858004,504110.55499469716,100658.99837208031,1058218.0649504378,859478.61428514658,3106912.4066362991,1355746.2438405901,568563.17408211692,102115.68266390692,1723354.1101375511,480353.033507674,213793.61891699562,1601009.4819267255
1718944.651455682,993586.67840553238,773703.97997326602,1349678.4617185602,933062.02208338655,449116.5724323481,1764211.1291633418,844735.28014506074,29399.735294538081,1831458.1784500526,3420640.3778291917,1236933.2943625825,3955748.1690146602,874363.61268263927,2664701.8846036517,175945.10291292431,304749.74387565063,660495.14391367324,964060.77806509787,661043.16303497518,1939409.401429225,1365872.6534208483,302156.99278163665,25588.634923501733,217683.59166293257,1814158.8616719788,854395.83115111594,507007.78201162623,101274.61716881195,1060748.2893932492,861718.63562187157,3154674.5272252909,1409068.1486388803,573163.72749762423,102490.91504538078,1730554.5917179575,481678.15487049508,214473.64628093204,1606361.8040367893
1739771.4294621481,1005827.2895177169,776091.79033452028,1378230.7110130207,953353.23847432632,451522.22040654748,1805578.6197694771,848646.0668022458,29558.896059469771,1852421.4127627695,3447941.9499350623,1271927.2784784706,3960587.8754531881,875130.85811206815,2703780.836992661,176204.31783423203,306136.92803390225,676377.05060145317,987377.91309039865,672351.96075632575,2001866.7828081595,1405897.6043833916,309393.1411150546,25941.269873915357,219006.83281285589,1821099.314854166,859765.95023964089,510250.96403174248,101921.82212367639,1061900.3386880085,862544.5276617778,3161027.6214187117,1417016.0024794925,581309.63512183586,102743.39972126776,1736920.3503813935,483063.1074020532,215140.77497144981,1612168.5675727895
1737043.9169468258,1001185.6670694628,778034.22277369583,1356966.6410441787,932836.24700864742,450204.73440430843,1765774.1721135234,849613.93380117905,29615.271830509722,1841904.3722911524,3435178.4879390718,1240223.0783979807,3964267.1046903878,876193.41141276143,2672311.3045489006,175924.37092860957,305934.19519515533,666324.71431476052,965052.38713691512,659864.54081114521,1957405.9463971977,1374957.9896840753,303705.32716708671,25540.175760948197,218738.42080720843,1825479.8367008739,860588.91539365938,512316.96527289832,102471.37834878243,1063314.2904297258,863657.17696292268,3163761.0589632639,1414370.149455999,573503.87633605383,102798.75518050368,1735968.0256774446,484267.96011348919,215695.02982516499,1615531.7313310951
1741670.0354005133,1003271.2399956242,779883.22014606965,1331229.5846739123,935824.73814205418,451212.69211432303,1762886.1508277501,851912.31359703676,29713.515482607483,1846475.237186901,3438865.9189087301,1250585.1217147417,3967107.0560681885,877139.04305944499,2616346.497192821,174756.01031401812,304814.14964087494,659882.43478597584,969411.61947499204,661077.0035656601,1981622.2827401608,1391084.447438522,305928.06399553095,25662.41264265744,219230.59302008015,1830336.7549533013,863310.96471193573,514742.00684156927,103026.96515794915,1064817.7013256985,864843.61773041368,3167080.1280782032,1414186.5088502974,574207.68912699982,102980.27024247266,1738562.7388653711,485387.44139727281,216238.82055777268,1619370.5881685179
1749023.3156246061,1006414.6628051169,781676.83066581341,1332275.3206702929,931806.23898452008,451910.90116931096,1755360.9886102218,854113.59789853264,29806.953913155401,1812746.0344990112,3442964.6270662243,1233989.4405695656,3966919.5476352088,877360.3135006245,2598231.0997371473,171896.77432309306,298567.36478046124,656143.60079001507,959483.07036950369,652997.84398869355,1928246.5519933111,1369536.2171730846,303163.08380956348,25525.74991733248,219425.20337248273,1834865.1830929439,866111.35974587023,517190.7819918489,103581.84584581309,1066053.399712912,865757.81397829507,3159249.3075083387,1394394.1120422333,573570.59208799689,103120.9717260722,1741166.5430161478,486448.72353471245,216772.64686772742,1623462.307645499
1756794.3993428708,1009929.5794673329,783486.48394046479,1334786.3163462204,933556.305308874,452938.99508030294,1758895.0593131846,856413.84408103861,29902.965378212073,1775180.7591970165,3449309.3158225869,1236048.2414071127,3959097.1455514533,877582.29344958521,2602772.794094142,170965.30291487777,296168.27964245761,657083.29912611027,960475.64607091493,652785.37908340199,1929463.1843602483,1370598.1418998661,303578.38905853429,25567.646764741789,219816.52079608769,1839430.4223025977,868978.0328162628,519627.88728956936,104131.9105436838,1067137.812469827,866532.87823978567,3120870.1322994432,1357846.7882572031,574349.35032146727,103282.02123505452,1744091.2369853908,487491.83593318547,217293.29709173655,1627501.6878772683
1765239.4415820413,1013605.331714282,785351.9301480382,1336722.3776387379,935493.47178148385,454036.22515298345,1762761.9052662624,858761.97158349911,29999.096879428518,1769016.0458787829,3455978.6585178026,1238462.1732644497,3815446.2133818073,860295.49398270331,2605174.6919685788,168592.7832091366,292476.84488404315,657821.48088241613,961841.30495194229,653596.3328667091,1932217.7827435809,1372614.140121677,304094.69056372694,25618.438403437583,220239.14063881332,1843922.2467250633,871796.31057209719,521998.11298439349,104665.65147920437,1066775.0412042153,865703.77113517933,3032282.7120057903,1351916.6333979447,575230.1914411172,103445.56712207287,1747255.2007390107,488585.35414932581,217834.37281977647,1631644.324166608
1770138.8954960613,1016410.1179196425,787413.34943776613,1349920.1002007651,937974.71383919043,455116.40084928536,1773494.503692853,861020.64209292806,30084.99043656982,1804570.575073163,3466613.5693527348,1242362.5913822977,3978600.778981871,880193.4291818263,2640025.558413065,172102.10624293011,296595.85220545612,659698.43917695852,965870.75475268043,655490.65676836728,1938566.4743791458,1377496.7392880775,304749.04660328297,25676.87818564726,220678.36684763036,1848559.4591544447,874399.01558917959,524337.13330557593,105206.28475735338,1069431.3980315044,868052.58215691685,3157898.7115438492,1391265.112087853,576480.89124099351,103623.32536481571,1751155.9040295801,489755.12365355296,218392.02831546159,1636106.7998381208
1776805.8596433678,1019364.7453923213,789245.48386825493,1355638.2411997875,939729.57287049189,456044.00511499145,1772148.1933785002,863110.83615810447,30168.413925794419,1832495.2872276334,3472053.7244279734,1245124.0781276955,3990056.7705947207,882213.15813701367,2661339.8242115667,174491.67930412517,303091.54789749393,662899.36309251899,970818.09661795862,659735.41272426222,1946976.8757842919,1381173.0303513107,305397.91332857375,25725.163476489386,221138.32351754449,1853159.1174113951,876881.24962139362,526624.36595680227,105743.63634074475,1071027.2886136977,869557.85127041093,3169880.3902710075,1399622.4607267291,578044.10968735814,103800.28791229565,1754246.8249395755,490804.51539329393,218889.77729922548,1639860.5681538593
1783970.1436981445,1022464.4822036588,790993.05525049788,1345044.1498846654,941395.60444319248,456963.76979779871,1775452.8935433514,865105.60615231504,30246.455157345994,1776567.5797981501,3476409.2130707875,1247003.6818283729,3964533.4786999901,881144.5834069585,2620506.2207485884,169459.72325356508,293793.98222946335,660978.06095898012,966525.17751997814,656576.12369010586,1944364.7397293835,1380379.737159411,305855.88031217013,25771.892654980864,221554.70524876309,1857439.7261569931,879156.13247002359,528811.01935078867,106258.91303601343,1070885.0009421441,868860.96196591808,3046247.317472768,1356785.3801385961,578072.39392761514,103947.35185457944,1756691.1238270025,491752.31645756011,219346.8331944134,1643591.6046325585
1789844.0066327045,1025278.7286011141,792503.71159363422,1346114.0778016318,942718.11834201554,457772.22205772757,1776074.6869129704,866937.03145096288,30320.101309041835,1804942.8615959154,3482183.3741708333,1248732.4116040326,3948519.9499422368,881967.62229502376,2623875.0669160164,171233.62679604674,296607.27782591002,662448.34657848848,969865.10450576234,658955.07529600244,1944316.8022770626,1381199.7657932851,306274.9079073497,25816.25036174514,221963.67847623627,1861506.1234240271,881363.67730164563,530822.09398487757,106736.51289827749,1072098.6825777888,870553.02148694615,3103328.9965594546,1379143.8276173153,579309.46738657309,104127.68309318848,1759638.4580005382,492598.44662497606,219803.34030441873,1647271.5423708016
1796602.2514706564,1028473.5066088589,793999.26294670464,1349751.3258728983,944208.39450328134,458721.23279583146,1779473.158128903,868914.00441075186,30393.838438187759,1787787.1785312654,3488357.5737997163,1249841.9073716777,3968290.6771353516,883232.50923753728,2631262.2359850369,171913.8727728235,297428.6033765233,663572.93783671095,969798.25595457689,659754.61990040983,1945266.3706068397,1382555.8951481918,306595.57044561504,25847.191194393778,222304.1385322813,1865464.0782360588,883590.08178330271,532764.42467767571,107176.48412234621,1074746.3730956241,872461.23460963753,3151322.2081791763,1381042.3895114725,580211.26251922909,104300.38408050161,1762790.4824155939,493516.33212052227,220278.27631235428,1651103.176722493
1803009.429332352,1032359.4206359946,795429.4121025115,1363268.659522237,949028.59776101448,459905.74122320866,1794749.7452873099,870827.63591737871,30462.284670945319,1858940.5021141733,3496994.6468284479,1257385.8578300399,4015742.5484392834,887567.12543116987,2701732.3177071419,178079.28897836586,309405.32344154327,669585.59816223138,974055.27979628451,667509.11222418456,1952606.1833567135,1389199.7293715866,307403.85278146307,25923.289608139556,222727.28719083598,1869615.0509228611,885821.04815431673,534621.14057309215,107599.88239359012,1076124.8610228428,873718.70848103426,3196646.7778736493,1430633.5960858173,582437.30375618162,104531.34039437902,1766727.5327495167,494428.09626786894,220764.64885650133,1654943.2750256369
1808429.8543571429,1035075.2112596213,796738.02669807861,1376986.7275302261,950386.79474035825,460604.4726581435,1795224.2965221552,872470.75805026526,30526.721624766313,1877771.847526581,3505936.3133084695,1262502.4688242569,4018129.6961671333,888393.74242765701,2717960.6731779184,178307.31955822022,310706.5653755216,679819.63047710911,987614.57948271954,678856.53094405739,1964312.6201326309,1395326.5372334425,308377.93492543849,25982.801516774245,223180.14278808163,1873576.0366543154,887799.69166559633,536347.93761298188,108004.68741376205,1077389.4136938478,874621.52236147958,3200726.1037233965,1435821.6377538075,586867.4589071623,104730.72078201723,1770363.7431500535,495248.55437679327,221234.30862545312,1658511.7038687386
1814003.6396599598,1037342.4947381737,797990.61969861388,1382904.4996144618,954100.90191312565,461509.25069934694,1805069.0878665992,874128.58703938511,30589.070234405972,1879380.4145963825,3512114.5083101955,1268633.2753191355,4022375.6265786123,889513.1501096061,2728896.5399271855,178467.75244026489,310873.8700493644,676604.81893202057,992654.57431440928,679791.59116345085,1976874.7803323071,1400990.8207691519,309456.84420638776,26059.828052046214,223578.88619400453,1877339.7688524306,889721.4354033398,538008.58326373773,108393.58863055927,1078635.7684069953,875636.61461271183,3202862.9777384573,1435669.2541316876,586660.62207410927,104855.25235735462,1772874.5124327533,496002.63748232834,221689.73027211658,1661736.5967477239
1818881.97050809,1039758.3459127524,799175.08304304664,1359602.1330580427,950759.47836440476,462236.43991532031,1791707.8282530892,875926.07862632489,30655.856397065545,1812964.9733377465,3511684.431750285,1258091.1042634184,4017465.480455196,890370.94585317338,2652816.0673272717,177052.82529472033,308665.02361701662,669012.05526715633,975566.44514698512,663168.08994814812,1954340.9243240687,1389746.419781018,308399.46085556707,26014.296040305508,223824.92189214131,1881533.5111646834,892089.6391949004,539700.0798801753,108767.46838158891,1079538.2533021201,876346.57273080689,3190793.9668832975,1396825.2808329302,583784.56426340935,104933.25149867786,1773915.734947698,496732.69418448809,222132.63983872332,1664389.9453167524
1824626.0850942256,1045047.1656345446,800441.92033755174,1361839.3918459865,961215.07896397391,463526.28182627604,1805359.3009100636,877699.83016939042,30725.190200539691,1870057.2057527122,3517989.7202832978,1290035.2749663414,4020729.1794656138,889605.27531366178,2660296.1447724807,174481.25602274091,303088.55479047803,669185.12492126494,982274.29424702027,668611.0111366685,1999096.3430786354,1413933.1006696008,312694.81222673488,26269.786841807549,224468.69798876895,1886107.843088154,894620.84899720154,541423.18979499035,109140.01028029017,1080365.0576514599,876621.29411941185,3178787.4568151049,1421584.9167008398,584862.30192771007,105036.61374781393,1776152.7654001077,497452.89932616771,222538.84932183579,1667200.0889958695
1831906.7815031908,1050563.1070338273,801718.75683993369,1371783.3271537987,966762.86807087751,464720.6148101961,1824389.6244307244,879552.49633036135,30797.84744438768,1877142.6079804159,3525271.2562171347,1294539.4370188108,4032369.9994295938,891577.78342036868,2687514.3171088044,176618.86280499899,308082.14968079893,671561.92836350028,992342.80606819247,676770.61006936803,1986975.9601454553,1414939.6340066213,312224.63262237352,26275.002864276616,224868.83181157956,1890531.481780519,897139.99306983035,543093.20061469136,109502.58905325843,1081739.058740302,877867.8503183201,3204171.6254602917,1435604.6572520453,586503.38887757668,105148.50989408654,1778450.6045043168,498162.21655211918,222910.4131056823,1670298.2140685185
1838511.1337095506,1055368.430478903,802892.13462673186,1377719.7015145619,965461.79695003014,465476.04753090121,1820796.2466780469,881131.8440922437,30864.250565762406,1884133.1273275695,3530477.5573884356,1292559.7780025708,4036914.3558039619,892814.17850824178,2712536.9255959974,178240.88491649443,310919.3455756614,675229.40196165466,997026.53890331788,683057.40020690451,1992954.2083476766,1420110.1980412286,313328.26899633888,26370.019925625293,225255.84125537754,1894428.4907649287,899453.46677836357,544678.89755172899,109845.22294428364,1082794.1617876308,878694.98200688499,3211695.5097964518,1440227.6651284164,588748.76082408696,105264.02986396686,1780802.1878122126,498818.35458288906,223250.40272677192,1673131.0604556091
1843669.7152046894,1053605.7918539061,803938.6475130145,1376118.9452113509,958418.2526110441,465623.07859373727,1808711.9475252116,882358.97267162311,30916.66879366845,1869763.035889203,3532209.8847057754,1271339.2382394944,4040180.1764470777,893484.29249472404,2705935.0851282454,178161.44580788416,310604.80421554821,674049.07454731606,984080.11075130652,669744.20666415908,1979026.1586725444,1401092.6046315832,310450.34390074783,26201.500248930563,225295.58154814728,1897380.1267233454,900750.17682588741,546138.15588670305,110172.58704054538,1083664.0200802644,879321.70060168428,3212609.7493697871,1434204.7565808669,587178.17463028803,105357.16910947056,1782179.5832432597,499400.51163817034,223550.44693511189,1675784.1190207575
1846701.1721964809,1054659.7058404167,804894.02347274323,1379307.1112257321,960366.38456341997,466298.346065511,1812995.3914282427,883656.77293099195,30968.907473897587,1876600.3417317958,3536382.4435559302,1275852.2977394529,4042051.4299656367,893987.78975429235,2702558.1562907794,178217.66425318614,310904.6545113285,675053.69046462141,988434.76007854275,675132.14147394069,1985572.5151418766,1404326.1330030859,311172.27420507476,26257.073781004641,225606.68062800021,1900501.7876553403,902415.38604370772,547472.92672188545,110472.89110216357,1084473.8095447123,879891.62607530027,3214505.5818670522,1438106.5518515776,588345.89157631958,105453.34912806733,1783763.086316572,499927.07618141081,223829.21321835386,1678062.0974253155
1851562.3303134814,1057387.6499065598,805783.91420727223,1371884.9434377546,959862.8538728616,466844.03268422862,1810725.8453042835,884842.24788561591,31018.509327049716,1866918.1153832488,3539906.7088831211,1271577.984089422,4040586.2280574269,894448.1510644604,2683201.0424319087,177835.04794737868,308214.68546307541,672372.94297568605,986180.7769984348,672283.97686320997,1977857.2044738659,1402589.5236881513,311036.88517967152,26246.839920851184,225845.51175472845,1903449.9135016284,904082.58610135072,548754.82598894066,110756.56672100617,1085279.1770681336,880483.61284812586,3213002.7233886383,1435916.1240381338,588262.06241086288,105518.72496188169,1785039.8832528042,500402.65658715647,224084.20295043752,1680217.1409890982
1855396.727863074,1058784.3523280527,806558.63376186811,1369396.8416135074,960042.8830407277,467362.97161877871,1809676.8302454369,885910.31449403183,31062.982055269575,1800690.4735188687,3541809.5472841081,1269940.5683147572,4021830.2518565813,892817.0329439257,2661945.1312641879,172192.81841555823,297972.75955744006,671614.51789957075,982611.9042995451,666978.07018227444,1967021.5278403149,1400585.87076389,310987.8074401904,26249.397071276613,226063.08061799427,1906210.5721257403,905557.24433047639,549921.53260115627,111014.72150740967,1082684.3567763399,878893.71233641205,3063589.8846820649,1372551.3482287782,588198.01317763701,105647.41356449942,1786422.5314575352,500809.38063337537,224310.39616086837,1682175.2747041688
1860462.2137039406,1061269.9992497563,808207.25473927741,1369797.0892233029,961260.12604463869,468099.21590836614,1810402.0455555916,887306.04071521095,31115.377254301366,1868775.3428016715,3547468.066760703,1271654.2756334443,4049659.1151628895,895775.90883282048,2672319.1021894524,179812.00209961456,313551.56397290528,679119.25318087882,984798.18607278331,675870.94471306773,1968222.5451667134,1401354.6759529258,311299.96945571597,26280.602099204385,226347.45707512388,1909328.8625139389,907209.24987940502,551213.81371585838,111306.08976349291,1087076.9518965986,881759.16459390242,3221844.7182452711,1445317.3471129078,590191.58096682944,105876.29928551659,1789372.9835025817,501818.03107444005,224857.32754435492,1686029.7521937871
1866086.5731020803,1064513.3772927551,810177.99652250798,1416377.6075909655,968451.65215521958,469411.93150318315,1830181.1295715482,888948.14855288411,31175.317295543886,1891433.6403912755,3561285.8048809185,1291273.8230447681,4051131.1277609686,896110.02743519272,2760686.206964456,179829.96223005792,313427.99394203868,688018.82369822846,1003910.2458977222,686837.05058378924,2010718.1064729553,1420125.3324826071,313863.8625040098,26509.531971502845,226807.58052589968,1912828.5431029764,909237.81348935596,552676.35503890249,111608.76049633915,1087975.0351250777,882375.7282972316,3223255.973319049,1446400.1878706533,594689.61225941242,106054.99859149972,1793553.6754300594,502969.36591405887,225523.4733710154,1690666.0135637922
1879832.752356699,1073461.9338591909,811891.89112188586,1413657.472226168,984386.75012419967,470962.36736908637,1848857.6415401045,890635.72885980387,31234.351943204398,1898477.3617879602,3565867.8780933679,1313608.7065654225,4052660.321078972,896638.52408519329,2739412.9943716787,179838.8816771697,313617.48549911886,687043.41643626778,1011046.5885651299,689163.82117989217,2026750.5108109047,1429890.5352716732,316874.30681893259,26763.478170184073,227458.83321280323,1916743.0137939481,911546.13124416454,554149.12847136543,111903.33452799906,1088808.0493201932,883028.62335040525,3224663.9404422455,1447633.9906274241,596804.14962165558,106210.33017005376,1795458.9411947506,503987.65693146689,226057.79515854878,1695114.4104587471
1877010.0076959301,1069824.7339936006,813512.11821994511,1395597.455473457,969917.4910428141,470818.15610974317,1834674.7859422043,892098.37728612055,31298.370438403741,1863838.7842833532,3568958.5230173105,1283814.708919114,4050289.5184785957,896607.83548057696,2721390.8694807002,178826.7303202498,310777.99707235314,677732.78386590781,990946.83957960294,671340.54169762461,1997388.4349397847,1417980.0593879046,313301.51476043445,26445.328955560948,227340.78953488305,1919556.8457778383,913034.87425083644,555553.63357202907,112228.1829217481,1089816.9809443969,883787.59793409624,3222399.7438070765,1418011.2750219519,591817.04792408447,106222.27050453468,1797183.8909500032,504966.74252884038,226536.37889629608,1698332.9789905697
1883892.5004803622,1072527.9750467134,814961.92610589566,1378921.277818705,966748.79875206167,471247.30282184499,1822276.1020273396,893821.06049658312,31377.340541806701,1820537.1254287765,3570418.0537633956,1278171.8179731327,4056481.2188164159,898104.69821631478,2690036.5659914161,177257.52467954275,302904.9483644609,675161.48754216346,988912.55830980209,671535.22230263974,1974677.8089626634,1406341.6114329915,312622.73029324412,26406.686556553439,227556.79270333285,1923308.5639566963,915374.87555754755,557578.0473753477,112673.94062732568,1090031.3986261478,884051.02155856683,3143726.1233205623,1401345.8610983202,591776.50408187287,106305.78319547274,1798960.0903941656,505858.98736198153,226962.61064835906,1701317.7728634181
1891440.3060994886,1076140.8667542054,816594.02086511056,1380258.4783871213,968470.16807107034,472276.63715555496,1824616.0881019204,896109.86626772361,31471.654922128444,1818059.5147110687,3575929.2014646181,1280254.0390727888,4042056.9039890366,896753.94563348184,2681865.7206325093,172911.13961158833,299337.14562999184,675738.01665174239,989464.94078675506,671420.48787214106,1977264.7008818835,1408121.0827401124,313111.47543392965,26454.747536855637,227965.34469911692,1927883.4132418067,918288.01417070138,559970.45401280466,113198.77987437202,1091004.2271898764,884254.35503029067,3144638.6049793824,1393862.5206384198,592488.98843500484,106455.2845702996,1801711.4502121347,506849.91959736729,227437.29597229164,1704915.7985990981
1899907.8639011362,1081206.5345751676,818342.69014371803,1383069.5091558173,973114.6482201647,473752.92812164983,1834690.7466172117,898883.04399368283,31575.279600728536,1835777.0634309002,3582842.1419780506,1288636.0108883705,4029929.0631580483,896401.17006513244,2687521.2494284553,173417.67218566418,300212.50268308033,676761.26222233195,991598.02177362191,672818.63640827301,1986578.415213696,1411930.6094143053,314019.95445985568,26596.177822823116,228434.60054238475,1932671.9072816002,921680.40742827137,562694.3402968304,113747.74514697828,1091472.7996721363,884666.36954455578,3170113.5790627152,1399775.6086300737,593407.69448776462,106615.27931958168,1804744.5218991786,507884.38231893489,227915.79342873386,1708642.5197552557
1912737.0718439959,1092041.7039859653,820133.9910101709,1385579.402038116,976303.58170543704,475191.84360217518,1841519.8318841518,901503.17975168151,31676.91789038061,1860910.2621195766,3590479.3462625602,1291599.479642397,3960166.8060589214,894110.09028493392,2693854.8497531102,174102.04527953177,301857.47090372921,678101.6059318597,994167.97115322656,674298.51181906275,1989433.7687435597,1414858.137955853,314543.71564899554,26655.499962727947,228871.07983172731,1937585.9869964856,925590.98623347818,566391.43692025554,114319.8601409846,1090982.4994018048,884517.45841197355,3157744.7111960109,1406437.5235503167,594463.12161062623,106788.59903666399,1808076.963956313,508929.82404867653,228394.88192846463,1712437.309087618
1917639.7257248245,1093038.2635648132,821897.63565790839,1387706.1449331727,978613.23723612621,476331.49815324385,1847389.1189849891,903893.2509715237,31773.276818904764,1856213.2415762267,3596759.211450153,1293550.0836453228,4003287.421123249,896853.22144160641,2695790.857611299,173926.10898495669,301598.95234395599,678870.12007593177,995280.10811240913,675413.05084037269,1993485.8551101822,1416584.6957697764,315030.474876108,26696.860519917838,229300.54237793633,1942437.2521260835,928322.00027500186,568321.79463002016,114843.01283042316,1093297.8796982099,886107.12657389976,3198185.6233576057,1411805.6316039951,595335.81040268939,106948.09189114187,1811040.186278516,509972.8474855547,228907.61295292492,1716287.1914264981
1923540.241179171,1094146.3493763448,823691.95520782156,1394699.5323711452,978888.57033382973,477006.12972776929,1847267.9945573194,905849.83884671773,31859.832666545797,1856406.9525728524,3604038.9862829484,1295075.9805056695,4029955.1358915851,898968.74426722922,2708185.2274224092,174373.91332289291,302039.48373173963,679959.32939064293,996596.27271209622,675692.29504973965,1999138.9855212416,1419502.0410157887,315705.88750445179,26792.752363324136,229750.14458410119,1947195.6209435896,930592.53332073695,570153.75355259562,115362.68898524827,1094442.1665224291,887332.06622855749,3209646.7830769094,1410433.9280311586,596152.52773537929,107102.44000520863,1814247.8825536247,511046.53198803402,229433.51794628164,1720286.2139932916
1936942.0348799061,1099281.0740866398,825665.41703081864,1416886.7351051453,989209.8622552302,479963.23557283805,1873959.2428540867,909369.9390973188,31969.165631377007,1893598.4728916716,3620601.3784079733,1312040.4660685719,4065968.8982961164,901754.73644473555,2752334.8568984815,178787.53585802909,310418.95112047013,682423.49414918688,1006071.9111470474,679916.6356446764,2030880.5835763402,1436257.0735485055,317798.82739684201,27086.074079885144,230306.05414308704,1952243.1523306416,934647.22359913448,572831.97923132777,115908.73111726192,1095169.1499262839,888020.2121313333,3231035.6960308189,1438400.4026266779,597845.40291580558,107283.42098392604,1818340.8830852862,512176.14067467675,230017.98913483243,1725110.5187935948
1940656.5728317953,1099480.7243093252,827270.56434374279,1399598.1924393929,983059.96047010226,479240.86530078441,1858098.5657489495,910735.60752003931,32053.509832348391,1842413.789063398,3617658.1269451939,1300924.8149495698,3953255.6284914338,897144.87065092602,2716715.6264015944,173865.48635023544,302379.07804235147,682110.00765279331,999489.87673761509,677177.94185605051,2016481.8970516948,1426177.5069688105,316956.56970065431,26845.216882600427,230619.37057202711,1956586.6293918814,936341.46839004138,574753.01500322763,116408.06692979105,1090593.4936311981,885590.55595753086,3129419.9678212218,1398906.352903703,597926.30910194945,107422.90924168477,1820428.4749671686,513190.85812838294,230473.29963102631,1728047.5135869051
1939851.6339078886,1098888.9096217339,828884.5127530864,1397217.0096489133,981036.22530165163,479578.23600729951,1851741.9213029565,912691.61650136265,32137.18439760754,1829551.4745764947,3622168.810736672,1296244.5592440204,4023963.832322021,900263.35537166765,2713702.7213331638,174775.15066843931,304339.18482019566,683372.09814051865,999831.05961579853,678085.60338379571,1998805.53306632,1423083.1903856285,316751.54462346499,26781.354297999998,230962.28701475202,1960918.4708609174,938556.36153246625,576682.46671616856,116893.70070573561,1097359.7418904684,889277.629466385,3202320.5139485588,1415405.4792419586,598752.98510015768,107587.54483526213,1823343.8702717109,514185.28142800776,230970.14579523014,1731633.8798741822
1947267.4133817509,1104264.7504469934,830758.47388691979,1459575.7544594023,1005880.1886271385,486460.44242531405,1909657.5965518244,917794.28981864126,32241.305190891198,1930691.0284981665,3652865.2324187001,1328168.3250598561,4091374.3315657414,905933.19622392231,2844156.4397702706,183116.65082428654,319103.70750814676,711768.95439137099,1035688.3406566953,707032.66683092027,2015259.0511301397,1437891.4808713123,319139.83805915894,27205.200501277886,231562.92304079942,1965729.4555254926,942268.73687829089,579127.63783306757,117406.74075432116,1098544.5886285561,890884.39327779878,3253804.6766779614,1468631.4187313286,611911.18508140661,108036.8440428508,1835044.3894998527,515354.47112053982,231652.39795940692,1736810.4888587764
1956867.8962917984,1110463.6033510009,832541.80931302754,1415080.0562237345,1000390.8367802119,484316.75508806051,1910714.7941022122,918636.70712696039,32332.338395631501,1924176.9539831143,3657070.518249162,1329598.1048652073,4089988.3596323975,906049.5513600728,2797170.9549183026,182443.18057842139,318312.77766102582,703886.8109831285,1033791.6001074938,698314.90875801817,2047793.1127068247,1456876.8332892642,320919.93676027225,27209.373145666752,232028.17871782821,1970464.1279690177,945130.72745554068,581839.57879187644,117935.99166548585,1099393.5232645078,891475.80774000648,3252209.062237273,1462851.3208508107,608476.15929829772,108071.57574751,1833370.0692886291,516402.31174208614,232036.25850598238,1739506.1547331174
1967321.8394447914,1114883.8002045571,834168.61655264325,1409315.0846060764,998065.69660921674,485488.83326572279,1887900.2980833747,920864.09049562889,32419.444320745548,1900411.2597446996,3644084.7528196205,1316702.4601226866,4089280.1009295611,906988.08774091164,2749528.0750669604,180560.38547290178,314995.00785478245,688641.05741893128,1009609.0951861154,685600.20855913032,2014591.0622105973,1433208.7512904413,319053.83389148558,27094.370585437042,232324.60067579133,1974817.922981025,947711.20406703011,584022.70802590402,118430.64261539775,1100608.2299669129,892457.17956418369,3240947.8824540633,1440038.728042501,602299.35701961175,108144.32268592846,1833129.2409301037,517398.5210083641,232514.9119987016,1743151.7399402489
1970771.9225457539,1116957.7231345915,835786.3175628566,1408337.3685077317,992385.48412462696,484649.4609972242,1876310.701820557,922118.54433923785,32505.761997596408,1887294.5133600656,3647391.6779707861,1310810.4706959345,4066546.0796467005,906052.18123622297,2734692.1077915621,177687.95022797407,308451.24804844242,687226.94607953471,1006596.60595634,681501.01993446716,2013731.6932354623,1432686.9975314015,319057.50726206455,27051.769039377978,232683.9149014811,1979235.6362806151,950299.31520260382,586126.40824744594,118921.89286455912,1101143.2513855915,892909.24866174278,3214416.7444604235,1428200.6846228982,602125.17138701049,108250.81465425897,1835265.2950066216,518358.83939504391,232957.87414728125,1746547.0341005083
1986992.1542893883,1133940.9997017393,837394.48117633292,1413172.07215422,998272.99495110346,487525.37518330215,1883101.000234169,925727.21174238529,32644.771485158515,1893351.3576831347,3655688.8086525225,1321752.2065686823,4075355.4063661932,907660.19762469665,2741333.3713733223,177521.62970636698,306095.83968664997,687909.44957543677,1009559.5162485144,682226.37772545265,2031759.3076152117,1436454.6057427768,320478.36884713155,27465.305757780861,233244.5055492422,1984380.2786370714,958847.76332620939,591030.37005185883,119529.7748583052,1102555.6941785868,893933.71619800571,3225689.5732769985,1430915.6588960947,602881.85059432767,108384.43866797158,1838207.1509379693,519302.96251621837,233430.77529428134,1750259.9695532268
2024388.022285278,1147896.2257085338,839060.65709934896,1424936.0439163472,1020591.6638631703,495360.75852475542,1916702.0769778532,932310.27740672301,32829.127451754452,1929529.6590587003,3671319.6027043657,1352945.688525172,4108403.857575974,910389.21407288092,2770743.5129153207,182147.5475372361,316956.3797268552,691231.0361242519,1026350.5764578204,693048.04751141113,2069709.8213152513,1457968.1182996116,324766.66946961533,27912.582360449291,234084.82005888893,1990332.7793460826,966558.98180984939,594031.74330005876,120069.82491277129,1103810.8882488022,895098.46565300797,3260514.398219252,1464868.4173171292,605296.97962680669,108547.57855053693,1842167.7623526184,520261.85966436774,233892.85976281491,1753822.6607915226
2001320.3518371603,1141222.9975057659,840741.1880696502,1432561.749995609,1024748.4393377481,494526.89482590521,1931841.2939898097,932794.7026063205,32882.972000965077,1938902.9885730073,3686041.2418335956,1357698.776447281,4111408.7235878664,910843.68627173861,2820804.3349092538,183377.56510660684,320603.92642582481,704318.45847967244,1044648.7553383799,707454.32198770531,2079192.2338059614,1455210.0787879669,325148.73361934524,27947.727192797011,234470.53749065968,1993980.2749645284,965839.10335790145,594488.56162527972,120460.42484730457,1104516.2313047077,895629.62880933657,3269295.7690826599,1472248.1380650969,612077.0389306054,108747.26343194606,1846904.0089955702,521229.04234800674,234373.14827657194,1757285.2395748086
2027155.5781702814,1150538.8685124514,842228.94747459108,1451242.5158421155,1030216.8168860759,493641.95196868357,1926081.5156477285,932795.27101328585,32922.176360300742,1932288.3573315409,3684154.1054885709,1368454.4004660251,4113907.4481446301,911968.08853881154,2827228.0437831683,183481.39006536396,320493.47377895564,704286.68800021382,1031726.2804192092,697438.08820369118,2098735.8545818371,1478790.2299257966,328377.85006550635,27995.842326565853,235079.86286167166,1998370.926804658,966310.94507692556,596208.82386755804,120941.35036747287,1105290.6898514591,896372.97910027369,3266896.5927143195,1466359.2894030311,609237.14359890006,108891.80966626121,1850475.2465093143,522187.87882798549,234844.22929690796,1760927.6638288426
2022901.0495379285,1146335.9765678619,843801.36186929012,1453468.4943288595,1011546.8644679072,490912.16094901442,1907757.5976341891,932788.29884692025,32936.55307185468,1926003.3315474307,3682460.5763059119,1340923.2600216155,4086235.2680321629,911618.13525613619,2809522.9320687456,178238.28797901041,309320.93763694901,692305.77499092533,1016038.6155552962,689373.42995597911,2081697.7217281589,1447515.0467532221,323583.20691819373,27707.354173788819,234831.15842250831,2001481.7154929265,964876.41730008123,597101.41367136489,121327.20682213554,1093941.5167687305,893122.62842499535,3192929.649838631,1459024.4869814198,606578.60033614142,108930.47234372681,1850495.5326186356,523076.43864819588,235277.05214396928,1763587.5494935934
2011542.918268672,1135163.497209524,845054.18561156408,1429292.3880025349,998658.00579445937,489382.13634430087,1893093.2658443155,934117.46134537249,33001.381983855565,1895748.2822360874,3680348.2191779111,1321727.1002841201,4118936.9749426702,913502.28659944714,2761316.2057759189,182570.89364960228,316450.08766411082,692349.91059579281,1014055.9418462515,685219.03776303912,2036637.0764891179,1446060.8217992145,322155.63177274266,27312.78018018134,235002.0517219248,2004848.7167942058,965145.2278375607,598825.43215889402,121756.67734383568,1107702.8697231177,898155.04239685833,3267544.3659507702,1438504.8698733498,606413.91961606767,109004.3984112358,1851091.122157183,523831.01494868676,235659.78001935314,1766171.3648647014
2008949.8335818322,1132079.1373827069,846306.2380500721,1454809.3817903155,1006779.2911003111,490600.56830699003,1907504.823062392,935795.40089852933,33082.319175211618,1881206.8548804612,3686794.1632688809,1333800.5038148114,4125527.8521252223,914453.63276599592,2814532.9363798168,183346.22343149578,317581.58184160828,693911.93633769942,1014948.2989334551,687550.19370475039,2044812.6980923931,1451118.9540748096,322942.54008770367,27515.913868093867,235389.77060432342,2008579.5393098984,966905.85283398535,599864.27565725287,122116.58599151055,1108785.7287915261,898977.92053204647,3274969.2009981666,1445801.8873538459,607296.47374316049,109100.94440218827,1853754.4514444296,524600.64116321853,235997.37746784193,1768361.1716289439
2016030.1535835441,1137100.3362136045,847320.30226048979,1449828.5449858096,1024893.1217868011,495015.83904455043,1949966.3763851281,939161.91623132769,33172.847727997505,1935313.9655170513,3697829.2505830009,1357165.1640671503,4127669.2661168817,915003.73867520108,2812325.6628331197,183888.53787311786,319996.18354095024,695799.85269798816,1027793.1997045084,699356.21600246627,2090331.3734521565,1477072.4441706478,328012.47311987245,28028.822159876054,236072.1498615609,2012639.7985736616,970183.07896361756,601829.35960342956,122498.30713106248,1109623.7923455946,899651.41561540775,3280282.9288085788,1475191.1090008027,608889.40951742069,109200.77017757807,1855938.3115643081,525249.89900675497,236291.60455573563,1770472.8990961143
2026440.528546839,1146777.3467271116,848369.31443372811,1425178.3775650137,1017115.1029735892,493160.0622391479,1905852.2866207331,939480.76401561522,33244.892024449189,1934430.474730548,3696499.9179980992,1353471.4743708307,4124752.6358952387,915841.16100513656,2811081.3357985769,183967.55914778367,319981.72755928378,699752.71123067115,1031225.1323485088,708056.93358668278,2070158.1231668643,1468420.9853210601,325578.01889469387,27830.988633935038,236216.24983104449,2016245.5096104166,972895.74619715777,603690.41886252223,122886.04523836894,1110705.7044652859,900490.29618960584,3282896.9606528142,1479397.5616638076,613112.59005218465,109348.78856249629,1859167.5446415856,525873.60942993034,236588.54121122268,1772431.2458068742
2040791.8349287456,1158604.6030241949,849461.06614834827,1454687.228351647,1037721.4853673112,499054.11741214606,1949732.4740416054,944673.51432169217,33396.744002194318,1948817.6869395769,3712988.2973219226,1374785.0222368978,4132629.037922841,916248.32324645598,2858777.7238873816,184693.27519556409,322817.74150907324,714539.84734425845,1044411.3377412893,714293.30680605955,2105182.4208148597,1478790.6512846383,329192.99016937893,28115.912360586437,236848.21216480798,2020529.3088181249,979938.77648128872,606645.74259304791,123290.40414550182,1111710.8341710118,901131.80561107723,3285638.3302656477,1480540.2609287379,618592.12829254579,109496.70878540416,1862661.6663302744,526452.52950225002,236861.72899315658,1774903.6612406687
2057958.201325193,1165229.3901591166,850384.01347964199,1474760.8600002781,1034049.0978916982,498583.5638739976,1931465.3138217549,945634.62261880259,33433.795368466919,1949881.6905819513,3710538.0211818432,1376675.9728942914,4135224.670183403,916840.21645473049,2874738.9725481668,184817.01183538651,323069.20558972977,717042.48563130235,1045004.3231912855,710918.73438265827,2123950.3470483026,1486557.3346725546,331534.14004914352,28279.201665234301,237368.37814403701,2024001.9934011279,981668.91237755574,608234.10792961123,123647.15256045782,1112748.0327221451,901831.7700894454,3287035.2710617199,1479502.1077422942,615037.46520237217,109527.66198207872,1863062.4480523712,526966.83344176225,237104.24615056132,1777306.421453198
2053879.07918189,1157958.5451753291,851420.9429065946,1426237.9853208088,1019527.1969843894,496923.91250679694,1931136.5842586849,946845.10476521519,33480.190290986488,1859025.6790135435,3704125.0724219163,1344111.4394818458,4018988.3759490824,906763.65341386315,2759515.5916176252,177787.92006282747,310397.16418425331,695737.34543571365,1016629.5287687532,687670.25567931915,2055441.8887171911,1449941.2320176747,324277.56124564057,27679.525536952355,237027.97395464708,2026453.333129656,980946.13365008065,609470.48670563276,123974.01432555927,1112603.6818232751,901331.99285714596,3158331.1319935657,1405139.7595910185,609386.89779146353,109528.57426432302,1862663.4310155229,527584.0528937612,237301.11163796866,1778840.2918837632
2074244.7742796713,1158980.7461973045,852560.4175374693,1470328.7433682119,1007813.6535222264,494876.07364842424,1907069.3171809076,946293.3022926019,33522.926743281751,1945817.9690253001,3712419.2662716396,1334267.5836158423,4143750.3689414957,918869.70109665033,2871715.8988229977,185060.32228778998,322701.95877054561,704317.57247863885,1035597.6400785022,708250.17519194831,2063932.3545811158,1457330.2628800457,325137.93590105121,27697.82840371472,237315.11672446676,2029074.4251540625,980564.33387867489,610454.56583689095,124289.26646060773,1114450.7099774152,903298.07798645576,3287164.1787954629,1478818.4858978575,613047.79947746999,109647.82245649803,1867038.4856413868,528238.9672978262,237506.70161390345,1780576.3474354318
2047549.2818017232,1150031.9978554281,853585.40171331808,1456263.1910332935,1013224.9546279587,496312.51732660603,1914079.5869601197,948079.18559173436,33597.693215640036,1938538.3877429401,3720969.2339366316,1342059.5932459724,4148054.4587792065,919738.37781415065,2874484.2860083422,185514.15226285669,322995.585897927,706259.71277751972,1035392.7362209918,710700.48810669244,2074687.1068280293,1458133.8044595576,325227.17394498043,27684.420449344649,237589.26183471119,2031863.6603957682,982466.72914472828,611533.93231314106,124573.55462615209,1115228.9469447185,903943.582773017,3293393.2186056799,1484570.0353434631,614996.69261978962,109750.29160357924,1871873.7901069843,528861.84883163252,237763.66453440738,1783083.6672726062
2064495.1847312008,1169330.8442000076,854703.59204932628,1485030.5660398111,1051882.0117306612,504583.11307004787,1981971.1078592159,952573.54202188342,33702.651742638489,1955241.4120012592,3750442.5266627595,1393328.7435573968,4149724.8781903898,920190.81079897133,2899580.6537664509,185645.43686165963,323957.91233122954,718080.12260263239,1059782.3483514199,714816.87142063305,2136066.6066134423,1512828.0299888314,336876.07093331375,28586.667414250758,239340.85248438857,2035764.7116972262,988569.2585482914,613496.0738974954,124894.27851671033,1115931.3334695848,904481.33839426481,3295278.9150069403,1484765.4604854651,620543.25794238283,109888.14464908949,1875255.5713790313,529455.58396384062,237966.05397614592,1786041.3064560732
2065277.7527959503,1171927.6095056194,855488.7491520606,1454320.4380654353,1051228.9321523129,504090.72914613149,1977814.0033702152,952774.05090136686,33737.871259280269,1954647.1281398661,3732853.5934874238,1394705.4278796262,4138204.9498017821,920846.18586541933,2839383.322639165,185006.08660337952,323433.32088860881,709425.54060844472,1048193.6631562073,711676.72592345893,2132283.8395777056,1511813.5899697286,336710.9175236632,28598.996075900701,239634.64211820034,2038308.3649656177,989685.84384810226,614746.20880585071,125187.83112883245,1116695.4543604359,905143.19195771276,3297174.8201720589,1484211.2736649786,615579.25242032192,109879.06823685582,1871044.854249954,529914.46083428443,238162.50719078432,1787395.0792414555
2055824.9358716854,1155358.8179598569,856290.3811067869,1434864.2618888465,1027404.3058869563,498646.66653972346,1922142.9188423285,951242.70579620416,33718.899709244673,1941510.8113945914,3723902.0554444552,1366499.2181630433,4132804.9212625339,920405.47514385555,2786113.8518381957,181393.34816767415,315814.0910021083,698370.45399015816,1025845.8725269437,693659.67962160264,2090971.0459367088,1477791.0327837027,328766.10839318857,27986.456355545495,238670.66363981017,2040185.8201204741,985094.95183142566,614349.39288046479,125391.79331578741,1116927.3854349547,905401.73521800165,3275097.5392536251,1476188.6901308049,612152.48477607779,109902.21275608518,1871728.6578356766,530464.15508633247,238438.98707555694,1789690.4850021955
2056879.828168096,1152187.0587433307,857428.32820942462,1432611.0867709795,1012780.321607026,497307.76737678749,1918399.1326409893,952543.05591568095,33784.368007806806,1871056.0517841433,3729064.1099737957,1339575.8742801861,4150932.5192254796,921624.93584622839,2789322.2219417728,180906.10949298812,311514.87717609567,699006.60208470246,1027730.5465074679,693251.32447319245,2042982.7719688378,1455287.3897221913,325310.78579170699,27633.55608227379,238635.35478911086,2042844.071950577,986353.77608017437,615468.72576104233,125648.57748224774,1118524.684440631,906358.34219177673,3273517.1010283404,1425110.0868229405,612831.17249622312,109956.77925258584,1874152.2461123604,531159.12004161079,238727.62106976972,1792319.9051694286
2061180.5014552029,1154299.5955382243,858744.40383214073,1436388.7103991851,1016230.2872560245,498772.96894902061,1924527.1047715212,954834.67430171068,33872.579232148106,1913690.9990839111,3733220.5954278954,1343536.8240373139,4159541.8414372364,922750.80088860751,2796582.5268582334,180827.72727467917,311718.00183074904,699752.83999482391,1026692.3509272833,694351.22004925064,2054531.2988349956,1462102.9748437528,326306.97625168244,27705.896071620358,238979.62172117637,2046440.4670781624,989104.93853242474,617292.72200212395,126044.42911679381,1119245.9136655538,907020.58529199846,3267832.7474491848,1452502.4439352902,613200.59331940906,110079.77751213782,1876124.5950604298,531942.13868029718,239076.7633524423,1795375.9393473996
2075389.2279954441,1172469.9500137672,860295.98001597659,1464805.7394951235,1028118.3835377367,503369.94154941099,1943218.1268313492,958622.21539052692,33994.34301984487,1958605.5440341751,3744789.4340094365,1363825.1132823478,4163824.5578632979,923377.81536173727,2873846.4332671165,185754.42348318422,324343.71237057017,717089.75616668584,1047389.9108047886,716226.29757868533,2135556.2636559615,1500046.1601452543,332732.14372920286,28438.216442177716,239655.5682326502,2050968.8588936438,996973.58956235531,620561.07433800504,126480.09236823083,1120055.5799910445,907569.55715957761,3302849.9330542558,1487010.1473022494,620951.94842806645,110349.10947843845,1880962.3605213631,532811.15295282647,239441.26163022692,1799187.1457822716
2076460.3785582662,1169860.0339001981,861646.90121164103,1460645.3977363657,1054911.2089393258,507911.60265441384,1994035.6749524926,964089.14713857335,34164.369699390452,1958244.7663093433,3768203.9072864363,1396396.024727961,4159641.4975536056,923365.33658066846,2849417.3869764549,185026.79983775096,323694.05315179256,711463.25690419739,1057989.4273440912,712103.78596791753,2139331.3416634905,1521499.3507525567,337818.45207339682,28634.177658874651,241040.31822372181,2055726.4596241913,999792.54289183789,622241.49130537477,126930.42701318141,1120788.6429292432,908048.5193382937,3303316.4101287187,1483696.5928856363,619462.88099504495,110417.09007507483,1882782.5021497677,533554.85092749796,239737.96246393377,1802688.7191700516
2078848.284791156,1165008.5040770492,862742.41965317004,1446142.3105265331,1036276.372152861,503513.60453081905,1978591.0748361936,961516.95877421251,34116.300506617932,1950362.9500777477,3764595.2573996852,1377460.8381816333,4159336.1969297002,924287.24824214098,2846601.4068390764,185934.29754968631,325314.61729238305,723021.94455238048,1049273.9222019836,709926.49354761257,2120486.1712951008,1495680.9674259417,333474.37322002865,28444.184491434084,240466.80832388203,2057873.3424008335,996695.96993962978,623031.555913797,127272.37343070867,1121436.9217622513,908632.67687922472,3305004.1150203943,1477262.1651082744,622401.73946193291,110624.87903730856,1885978.257091034,534184.60112676711,239974.31107123397,1804311.697285516
2082061.4886448996,1163204.6806420891,863808.58323056076,1437063.6682251215,1014867.9295166996,500787.22935915086,1913635.4458843635,961097.49894729629,34149.643664830175,1870534.0095754347,3749103.8729326455,1338525.8538853026,4153019.0182749373,923996.1633053401,2787944.9875378935,179932.49410458616,310586.9222481132,702080.61314700998,1026858.7247571095,693731.57448207459,2045979.847832924,1460982.9381268783,326606.65073299519,27704.347494307531,240158.53047313378,2060412.8859811777,997093.65098154347,624439.8229387172,127648.55175272519,1122179.046267176,909003.13070044108,3228140.1035237783,1416493.9166849547,615455.87386893341,110548.93354469731,1884632.6213671411,534818.25337065675,240251.192700435,1806932.6873926478
2087718.8816856022,1165994.4979357624,865156.01458831679,1440390.71951457,1017400.5952372088,501769.76132825302,1918942.1919835217,962997.70116648928,34225.954110604027,1878432.9690220908,3753846.9086105344,1344646.7977785422,4155062.7148120399,924823.63770340371,2795720.5427954691,183343.30691435156,319049.72589731909,704371.34427094832,1028431.3520895453,697331.8791458687,2061721.3907607202,1468464.2314224006,327753.7553004552,27871.672939327185,240513.57302074047,2063928.3589308639,999449.90197669982,626248.06812196795,128054.01729969302,1122836.9006268245,909627.71903562453,3257965.378452294,1457794.8309220599,616276.16294225527,110676.35071314128,1887048.5408048599,535610.10828641756,240640.36624569667,1809900.2597290929
2096067.8667367431,1173632.8948542417,866610.37448057719,1452173.2987644612,1025875.4855942503,505290.85107199097,1939726.0839093486,966408.21884064656,34339.484577803538,1901550.8816407202,3762409.210432766,1356373.9245458592,4164541.2890765602,926064.59578681178,2827708.62315589,183278.99581374979,319189.01181661757,705470.73808056756,1033129.829710083,699661.43957402976,2065387.1039312314,1471479.1055704749,328933.75874265534,28028.183006254545,240939.16829596696,2067825.6282284763,1004173.6494677707,628312.68209523871,128471.11482008768,1123983.8090746892,910637.13763358234,3294541.3740550592,1456349.1384916287,617518.36523692065,110829.08375524987,1890447.6812178141,536469.60565703653,241044.6255477361,1813501.6817963615
2104095.4417762267,1181422.0770722644,868065.22754299478,1453420.9174875275,1042271.4966028914,510397.52248565038,1960475.0157241609,970847.43752849905,34435.148346472357,1924074.1654779608,3774229.803975346,1379926.4471979262,4154746.268196858,926396.58472575503,2844256.9942060038,184319.38687307542,321566.2316608805,708259.81040451315,1039192.96149246,705413.06548042374,2079103.5211820058,1480501.6509714711,331448.67237393325,28579.772490460029,241575.58040113247,2072281.8885851388,1008971.8458522945,630585.63632556191,128887.67424095061,1124816.5763344101,911286.89649479382,3295054.5800080979,1473595.2723347587,619458.53999640525,111008.75140997792,1894481.0806719789,537310.47072820202,241429.09591848459,1816141.6511819472
2112738.2281398838,1182663.8302480378,869424.28862868343,1454463.2485183473,1031071.9117396884,507012.87069746567,1940214.7068321551,969621.06519120641,34483.938200903067,1916236.1944778317,3772571.0412249714,1366543.0409055818,4173319.6305431365,928104.85817039083,2845845.0121673662,185547.02845807356,323222.24791886756,709227.14353992976,1035321.810203204,702097.53256124642,2090107.2072220754,1477973.2417059431,331364.33078697964,28557.139753069845,241803.79720482588,2075827.5358378896,1009351.334165192,632050.55012989789,129278.66344915031,1125825.2514119886,912119.06291878503,3305710.2051310232,1472419.3701282449,619584.25039913703,111152.18505730919,1895749.014238114,538132.28697523696,241792.60019734284,1818687.4201455247
2115075.2464538417,1190297.1582764536,870799.11676714162,1451658.6672776307,1049014.0148447154,510508.7610881193,1959538.7298511341,972898.0909859112,34594.809029331125,1958123.5695826635,3781037.5858538598,1397536.2305393752,4183114.4363100822,928792.53264857072,2862224.9244561237,186622.0964557449,326578.84496114246,715264.7615554753,1043671.3823772905,712145.7674755312,2132070.6392330509,1505346.7339262944,336664.97003204148,28789.028555282173,242996.82156519336,2080911.6547755324,1013753.1397001512,634084.08030802314,129693.15506793953,1126763.5161171637,912829.60392699449,3317745.7744006705,1491513.6252398449,622387.52843382198,111350.51811129399,1900783.9007588138,538962.27852724004,242111.50750095281,1820856.4884833535
2124278.3314773063,1189186.9955162143,872190.59951713856,1459553.6047430655,1044533.3688660513,508933.01662815188,1954745.0538919293,972990.00865253748,34631.733340718136,1958600.8448059128,3787863.8659257693,1398504.9311167723,4183215.7417896343,929463.18804652069,2871537.0940602217,185322.86936456055,323528.3306116137,709923.50165241188,1043505.6752747383,703768.40184624447,2142181.6325186943,1511072.0004555585,338225.50628934352,28824.682648603539,243198.0871220695,2083197.3714848338,1013469.4625415349,635350.51755219651,130040.54202494293,1127623.2802914537,913492.08168032439,3312878.9000823759,1470903.4357708606,621029.91648964479,111420.6904123798,1903025.6714777423,539833.37936960312,242430.93986045689,1823194.164415549
2121814.3722175229,1185380.1946985957,873537.00505125767,1476535.2631200538,1053196.2008286468,509837.71261410764,1984900.276963992,974869.49344243447,34698.489881137561,1970731.6932845507,3804023.6242994005,1399563.9241099893,4192699.0350515428,930238.64643275773,2921009.7971186414,187430.83380300281,327643.70917922078,724126.82369245333,1059461.1595895928,721853.03795780882,2150850.5143681304,1516961.9385661308,338213.16546053096,28738.495567223694,243061.87393032273,2086216.9227805731,1013922.9098270711,636402.06159887998,130332.03418953388,1128467.309362296,914152.96692075615,3324411.1685295533,1496975.8730111108,627802.20041357947,111687.54495265642,1911565.8468645173,540630.85658585164,242705.81936987644,1825024.4699259684
2125067.4130766545,1184842.6106010696,874669.8745914048,1497289.3133162868,1045440.3640475065,508876.28316702624,1986544.6372493703,976035.51365143806,34733.349801434044,1972858.9554145189,3825518.7152401363,1386020.4859937998,4196495.6198835475,931136.57857059315,2947802.3795816642,187921.92488141792,328613.24076970218,736155.92910820222,1069345.9764788316,729920.65200673323,2127127.9016398778,1499755.9627503692,333827.44367528876,28365.524989729216,242863.73836208851,2088697.1364658598,1014624.393168919,637678.58123171574,130632.03544953889,1129245.6065883718,914781.1910480262,3327433.8713362445,1500142.7202521765,638772.02892181079,112072.28474821245,1921245.77683651,541370.11392198515,242934.89470382064,1826988.2000433605
2126759.3550938568,1184974.7589692944,875561.91231712617,1484307.0885929165,1037261.7823803005,508424.11517175427,1974611.3735739805,977047.22593917069,34783.354125031154,1972977.2503902849,3803420.0237244051,1374074.8611000909,4198314.3392811995,931615.19069490442,2934064.5336971376,187825.81428895681,328541.42950402334,731966.44124520652,1064928.8758702525,728274.36497015622,2120765.2421341115,1494630.5442287121,332524.4022892564,28236.755447960506,243007.30612046405,2091010.7167015858,1015822.9125255001,638798.34048041084,130897.02090579996,1129993.6773875437,915314.77099237521,3328602.9837652077,1500034.3582908269,635986.74668288534,112080.43301958265,1912805.4267907853,541956.09543987899,243115.7492326996,1828461.0927240239
2129552.8950574188,1185412.7746558511,876326.99876665149,1471621.1285223837,1034754.9153440016,508218.95167666336,1959866.8501030528,977600.06133838568,34823.703174003662,1966123.6110196062,3800836.3595786737,1374051.1678274572,4197818.0766431279,931816.81578247598,2906742.6199650648,187082.8175348003,327660.53125729715,719302.67629314598,1049774.340241607,714173.37463936093,2109478.9177282713,1490402.4262345268,332199.10712221393,28225.244237124287,243193.96249532938,2093015.2388539682,1016583.1888550554,639799.60925633204,131143.55757827466,1130745.9584984838,915801.67840631714,3329024.6347234691,1495924.0010965364,624887.19048820529,111933.87099597968,1910192.9640385695,542462.57203235524,243278.77354508033,1829870.4292690179
2133372.4696993413,1187107.5921534533,877015.97957549687,1465244.3440479042,1036110.7800514287,508644.11665028759,1961969.1054795941,978521.71135202097,34864.336873078457,1959879.4973072917,3802883.4906444442,1376374.3919987616,4200288.0022732923,932261.26263454219,2895076.4331273269,187269.67849251404,327905.46435421513,718744.14677845349,1046801.0396777767,713682.2670948517,2099900.3314381773,1487621.0239676654,331679.77283522888,28207.673861331055,243357.68457319669,2094914.3026101349,1017704.9118571053,640802.87673570716,131377.89192087323,1131318.0905794706,916210.30846227892,3330153.0840671021,1497385.7212810067,624358.78605551005,112017.1960173796,1911127.3704898767,542853.01086433104,243413.95994845516,1831068.5027431953
2136773.6592469886,1188925.9831694963,877645.77349349263,1472326.6444317864,1039032.2750449521,509204.85122469813,1965550.7321522215,979436.88082600315,34904.039550685076,1969136.3263032513,3806475.2221529009,1381329.2188734103,4201118.3337859726,932542.14337576192,2907840.8058498236,187456.05550958964,328245.74684267963,721405.84710646409,1052976.5554404613,718556.54028975544,2110857.3009062586,1492852.6695676674,332494.01597013272,28269.48404215938,243552.83317619926,2096688.8566403205,1018842.3162158765,641749.43300473352,131598.84329901778,1131831.8484524181,916548.30809780606,3331399.6397624626,1499137.0830124661,625914.36061100441,112109.84999521985,1912862.9941494418,543210.43632726592,243531.34917762986,1832172.1443665824
2139843.4904454113,1190509.3225556209,878200.2777385884,1468430.9759120066,1040079.0897275822,509544.58627393859,1964569.1346544717,980190.58304151415,34939.051163286618,1965970.4669255011,3808755.7184058335,1382835.2376957163,4201470.0085834488,932693.52176233998,2900746.3651435636,187322.61847875518,328133.8672369796,720638.93248210999,1050491.980429475,716373.80773310503,2114814.4115822436,1493635.0006794196,333522.87354463106,28370.091987812048,243766.92056293754,2098306.5248531047,1019811.8125521712,642618.19808418059,131804.57041605664,1132238.3582621657,916789.31638147414,3331513.6751801427,1498556.0835953236,625826.53624564235,112174.06158376613,1913785.3943491562,543519.54755729402,243622.70819796229,1833047.3134630152
2142739.2367005525,1191447.5751724874,878681.91974129656,1465803.0031434025,1038414.5596271183,509800.64924055641,1963411.8287484874,980878.41436484817,34970.204111178471,1958077.2543013669,3810386.3993641087,1379626.5298436154,4201004.7339901188,932716.95300719223,2884484.1638418534,187012.02285136064,327689.98390037275,717526.5044532934,1048621.7615094467,711958.1750141196,2110442.0625306768,1492819.4952929958,332719.56447942351,28260.180131724981,243835.52465634528,2099648.6812333204,1020559.283654165,643373.6786719003,131988.76505767446,1132630.9303059201,916998.69247630774,3331154.0235118424,1495546.1725604921,624890.0767290222,112214.54704648655,1914249.4257451461,543779.922227595,243688.12058221086,1833767.4782716583
2145922.479210292,1192850.7572061853,879085.27002202207,1465654.5328047769,1035294.1674634157,509847.00300306169,1956461.972217703,981395.57030982804,34997.460804455688,1961618.7492702489,3811088.1681416067,1374996.30129704,4201124.5801976072,932818.78748421441,2883234.2396663101,186961.08657151423,327494.95275877428,717956.45827275445,1047283.3342135389,708440.50337349961,2102773.5955676492,1490550.195714155,332520.23248757055,28234.636381309567,243949.86623455322,2100884.5629432485,1021303.0064456172,644105.3263209021,132163.97244523928,1132997.6349810085,917177.81660640158,3330823.3540708683,1493120.5736718718,625038.42756357242,112275.96583411632,1915065.5104430399,543990.64547222876,243731.32943742035,1834287.9669272704
2148545.1361628268,1194617.6935584601,879522.13955967664,1470280.3376317818,1038065.4167066581,510303.19081820291,1963290.7066373706,982017.91908862477,35024.507531333584,1961662.3371062337,3812826.2808731142,1375346.6078663487,4201485.3176366789,932865.87104030594,2878291.5765814823,186814.61115966484,326848.83143076493,712766.75235943694,1041884.7384780656,704509.99170115334,2078834.4309312438,1481477.6949140937,331614.32961850072,28217.090951848302,244037.15656601024,2101976.7561061778,1022100.508675855,644752.37224774109,132319.60668899806,1133291.6592145264,917350.58099310123,3328473.0993111264,1487853.8031413092,624247.85960001685,112349.99643601,1915776.9614108703,544178.44652140618,243756.80443106696,1834680.5940630303
2149000.3456010115,1193879.5255820584,879851.73410923476,1476397.8995215173,1035074.9256844083,510250.97240837192,1961455.5074277543,982351.42892233317,35044.265919774356,1960216.7503861634,3817332.5558675462,1372026.5088444655,4202237.5057904674,932977.23454446963,2913581.7228249246,187226.4780822683,327761.14673244325,725025.76802779397,1052316.0118166462,715397.29980214522,2108147.8756036391,1492907.537943363,332532.5678753453,28237.43905336289,244116.75874146612,2102866.4616235928,1022542.9188520337,645268.43308399618,132453.82424421964,1133601.4119261648,917476.11294570507,3332079.8016116749,1495208.5986204986,630852.39042137912,112567.87082296968,1918050.9498410833,544313.29195856501,243756.7028382211,1834966.6601030813
2151361.7977643772,1195125.1813109508,880391.79438071814,1457168.5912575568,1031864.181663982,510221.64837284922,1944437.0402731795,982783.39025218983,35070.626309246371,1965589.3575403357,3815275.0723869517,1372968.7472115136,4200063.8489299826,932714.9319954135,2839902.4025134076,186909.11959390366,327370.06771668239,719346.46769288799,1052031.6537172913,715646.30868982978,2127058.2844215212,1500922.556966786,333985.66824889561,28339.954901379613,244247.17650256376,2103894.8304015887,1023165.3991909145,646096.92264302319,132658.50348352295,1133807.6882199175,917522.61500950821,3331882.4437827789,1494726.9545399279,629579.00360554887,112597.41411846362,1917309.4451648938,544535.94760481233,243832.87063289862,1835660.6865937242
2155091.640054896,1197208.2316161739,881088.13960824092,1477668.2376153932,1029943.3227102881,510378.36619222508,1943930.7711647849,983371.54601540207,35104.773741752047,1905101.1746822621,3817675.8284291751,1356207.4138094159,4194940.748271483,932233.03494008398,2866359.9130487312,184558.3758575925,320360.25683559082,712634.05483281577,1040495.5196208432,702774.15051282255,2068900.8967484485,1479212.9002121694,331047.28741901729,28102.048542560489,244169.52586150705,2104856.4810111141,1024222.263051039,647213.68706543278,132902.43275075196,1134055.5858333774,917592.31771020778,3306942.7616328979,1461602.2856511313,625163.8878506358,112570.65384452432,1917683.8391455235,544811.68795927544,243910.92995233845,1836657.9226284057
2159650.324293077,1198125.090615764,882025.6355090437,1457332.3451808556,1029786.5021344578,510533.44004274008,1940534.5858733736,984021.93039408687,35135.336464714135,1903883.7144152645,3817474.3627898223,1356301.4941254992,4158891.8804558036,927940.09934962785,2818587.444927441,179637.03244868355,312347.99631285295,710909.19361951656,1039684.7240246728,701822.09529684193,2070395.8929314632,1479727.7813272986,331249.45880801568,28119.424307648875,244292.17784453061,2106483.5511161345,1025144.583955378,648543.59886759473,133174.03508583427,1133960.8908168855,917161.4181509614,3287623.7517064693,1438880.6483787808,624876.40338539542,112623.48244420372,1918055.8298676161,545280.1393257085,244115.64618626595,1838177.6884473132
2164900.7850111336,1201521.8920585492,883175.10481353011,1460203.6285050281,1031447.3688650735,511178.81389932102,1943126.5734303533,985192.53059797431,35181.52537929386,1892423.7383833444,3820498.3376262616,1360036.2698373725,4091353.5943849273,926070.50187694188,2826558.8168077585,180391.30176307398,313819.5237736493,711708.27923984232,1040445.6994704531,703034.27489938866,2069648.8261422713,1480331.5977155301,331435.13602835842,28175.392957316632,244463.20037200311,2108844.3439297127,1026907.8597507903,650067.92351537535,133495.13211079573,1133957.4284561423,917008.88537468575,3294427.0810110322,1452285.3861115819,625759.43092586962,112756.56326408124,1919943.4707314556,545917.36776542827,244432.56762145626,1840769.2671590594
2174042.1712337723,1210658.4751159742,884298.71584130987,1463488.6458773059,1037530.0110770543,512473.05480340688,1959450.2717147125,986734.75461242266,35237.507509400391,1951139.0872773896,3825254.7650046805,1374751.3928564498,4189454.4261998981,932765.11872100458,2844543.4420938245,185261.80207140421,322850.0434968,713709.22890059056,1042753.448821772,705793.69597729319,2130396.5865244358,1493340.6504173556,334264.10120905115,28656.578485817659,244842.40470148568,2111533.7617575251,1029557.8144000849,651788.34907394717,133831.5090226485,1134705.0728704457,918173.30376724503,3321775.6422208352,1476527.4240642623,626946.80838664342,112902.76784824833,1922084.3368227091,546564.5661888069,244756.45152926352,1843469.2140404151
2187451.2930465932,1218919.7196017047,885416.41644390998,1480161.0147768615,1043876.0536458133,514247.66727347119,1969143.7951361453,988589.70152403263,35294.846934404726,1971803.9719016489,3829736.5335751404,1384721.8192181541,4205696.9168422716,933972.26603477541,2886601.7679471448,187858.03972394363,328304.93126324547,721469.90358864819,1050474.0092978401,723753.98665540002,2134138.2314801454,1513669.5142590783,336285.22499679623,28685.157341679984,245098.62295913856,2113932.857504053,1032507.0216808129,653721.28972200793,134177.28730704213,1134965.8795929579,918526.38258074713,3335868.402928052,1501454.7392437167,631995.91438779561,113169.34586316638,1924835.8002612062,547223.63312863465,245100.41191873065,1846482.7618344103
2187802.5763134952,1215432.3557948214,886405.79705262312,1503154.211564695,1038896.0711901066,514076.44101813826,1973499.1394670722,990042.18484263972,35369.452949339975,1972310.9140883656,3835849.6094380892,1374352.7051429003,4203342.9040354043,933592.37965817784,2922026.2124329126,187797.38450041559,328463.2802555192,726941.85030801035,1058010.1586207657,720933.85908208042,2147700.4609017987,1511562.3366166526,337233.09340703755,28534.763796897259,245080.57341892616,2116048.2460183189,1033752.3560449519,655138.95371387945,134500.49125588391,1135160.7684445952,918596.20428670722,3336046.1988376947,1499541.9018417667,631498.66357208067,113175.40965407898,1927191.7487866392,547831.01914126659,245411.02314926448,1849308.5410918193
2188564.1086337883,1216186.4715077633,887178.20546344877,1505610.7206144698,1043548.0082302106,514467.45426060987,1976592.66441895,990977.24241234025,35391.252035807338,1960439.7636426094,3837208.5055243028,1376117.5394398721,4206002.659723117,934124.97079221625,2942452.4162898702,187889.23012959742,328506.18460936716,730120.52067622519,1048509.0531878348,712939.36116247589,2093817.5739279331,1502257.0245446663,333447.41400196799,28281.161639273578,245211.42199379447,2118519.7252695668,1034483.5251030945,656266.57428524597,134808.47344920502,1135326.1428281877,918785.51584423357,3336420.5881161122,1498674.587928632,631068.49499011075,113322.32631733397,1929627.1901097388,548289.9914379851,245638.24003254357,1851816.192760577
2188205.4393430734,1212638.2138719412,888078.36248750961,1465922.6999421651,1035373.78114016,513632.92992080096,1957207.8790279008,991421.80230625847,35428.096798488303,1883773.6360417244,3835988.6719346708,1362080.3464142489,4189379.3085492207,934109.45358798653,2838656.9155301531,184554.94416591298,320046.21600752737,714018.68146770343,1043027.5302846057,704137.5973013516,2087424.2868042078,1486396.1309440788,332375.74547498766,28230.618565146469,245257.27152334142,2120229.9413770167,1034872.546516579,657397.25859884801,135109.57437653048,1134634.2803726213,918693.14826356887,3290072.8221100224,1454346.3981753588,627761.53308397345,113238.84765528895,1927751.4508308955,548798.3930672335,245832.88078324471,1853419.4689379002
2192671.5081596891,1213998.4501177671,889195.26572715607,1469736.8751148258,1034836.855085621,513664.50355321605,1954065.9833326237,991902.49240274471,35449.115612947717,1947699.2332611107,3839899.4518813286,1361975.6885772848,4203416.3542707814,934595.7428838599,2853751.6290084361,185668.70430253303,322511.11897648807,714452.70236528025,1045433.1110221233,709046.46983394725,2078944.8927401414,1484746.5374409601,332356.31240109191,28220.815879591766,245350.90647016885,2121965.0221737684,1035624.8491828144,658621.56994358019,135409.01275984736,1136116.0635089346,919358.17777233303,3334731.8503816691,1494448.4009979798,628281.35253069946,113287.54884406671,1929237.1233620094,549430.88248108374,246160.97560521832,1856226.1938527941
2197427.3605743698,1214409.6422067992,890219.32931196643,1473397.436357215,1036641.7119180601,514042.14202817908,1958879.7872707651,992602.18210338382,35481.420582233644,1967667.6596263193,3844431.4651137837,1370240.8837577368,4199765.7036914863,934341.07653081091,2867002.5481886193,186324.54284753141,325696.78136117954,717186.41042147321,1053402.9757563574,715151.13390788133,2086123.7318497724,1490408.7164894736,333272.39726798737,28291.293852150142,245508.80681257174,2123516.1104013752,1036597.1408130013,659878.0650136536,135702.89293926561,1136301.0974430223,919438.65574898163,3336841.9448674843,1497995.8773662923,629968.14042148448,113355.77381792024,1930897.7315572237,550039.09218954935,246473.132080821,1858966.2088723434
2219716.9701738735,1223453.5940240873,891379.13434832869,1518746.7986405701,1039641.9665986382,514729.65008360019,1972996.2752101624,993472.06474932819,35514.469170243945,1977500.2348429596,3851841.5428830446,1371154.0950458022,4209388.5542742759,935175.75181175279,2953181.7781533548,188060.34709488941,328806.78043452493,729256.6550858902,1055529.1088667975,720797.64903894905,2095303.1812854598,1497082.7740236977,333386.25899105781,28315.529043451141,245589.05313059458,2125304.572480916,1038145.5262189604,661404.17718733952,136010.72100431824,1136640.4106546333,919715.3593871526,3339174.3271856913,1500798.2634626711,631734.66078275943,113433.07944728885,1934381.0507012459,550654.47740047728,246823.81598880523,1862814.8475720182
2207105.2911273707,1220229.5378118027,892011.42576177162,1512634.4361591386,1037045.5047092984,514775.35885856714,1955328.0157378507,994136.33058963926,35542.370894355263,1966858.8819915878,3846405.1796064693,1366064.7017335698,4209605.216613018,935322.29905893572,2934314.2191735823,187565.02640452184,328344.01698397362,724293.6656536113,1047914.6301154048,712125.34940134524,2078152.7813165111,1488240.9631718763,332935.7057132849,28306.964885781148,245657.60520304964,2126895.1103944792,1039073.6778459131,662604.90776870982,136317.08888408894,1136996.3481262575,919956.73370168451,3339216.7338518077,1496621.9998796477,630006.78980833467,113460.62024295125,1932994.8092804537,551079.08378534147,247091.51341748005,1864253.9651241293
2209680.9442747505,1221053.1254682804,892636.84297816246,1481765.3683135216,1037294.7630001509,515086.30341767822,1960867.6229658232,994847.56010623439,35566.448893705608,1907791.4435120821,3848376.5242669438,1363207.0246144417,4207702.0993075939,934350.47531480261,2850644.9490281036,183851.70796737968,320926.53685813822,715187.41495532705,1044370.2719175135,705221.34595334495,2077705.8815566252,1484946.1626171593,332702.79547420557,28264.790602318535,245720.34163399469,2128607.5582847884,1040047.7738868718,663852.32317508792,136627.26397053996,1137143.1458299952,919870.85987831804,3334624.6166613935,1481721.1394498814,629078.12713734759,113472.16007156456,1932602.6665185508,551394.87493020901,247284.72810203995,1865669.5622887698
2215559.9866543519,1223655.2178958061,893390.0131969027,1471752.1379775126,1037599.9781990998,515341.04859374382,1958303.1160003794,995591.62142525602,35588.625558115207,1916710.3104083787,3849491.1865364206,1363641.4651462291,4124347.0422479399,928608.00159444136,2838148.8981338274,181403.47335522124,317934.49173398234,715113.5507534974,1045235.8222098434,706483.89156377874,2073941.5417230348,1485418.3055491389,332814.01134287845,28274.424643026974,245824.79648829225,2130292.335615139,1041124.6958875364,665447.80023571523,136970.85103203973,1137049.0509458566,919569.87892330752,3322869.2697128514,1472876.649326934,629449.18820861157,113498.77179694785,1933126.2440221303,551873.42172015051,247584.3277243365,1868027.0331948602
2218770.7548433449,1224684.3828045374,894193.78722285293,1496902.6117360608,1038047.1897817219,515624.70693594479,1959244.0048091407,996370.19522360445,35610.567639044464,1897583.3477187781,3851324.5402179561,1364379.9262399278,4205190.3825491127,935346.07588706631,2871759.356383814,182571.65758691038,314433.77041524195,714890.28920976853,1044536.5785347008,704911.5972514638,2096788.7123849613,1487521.6934214488,333157.72506405239,28302.238190283442,245971.05343462099,2132078.1745395716,1042078.3718592954,666683.6055195973,137291.45094999927,1137282.8056805329,920005.26328393526,3300721.6392227756,1446906.7336695322,629152.28176461696,113510.35325270158,1933716.0833966231,552385.49848931283,247900.35839123288,1870952.6799315999
2237750.8806391368,1230033.1582373204,894860.89059435134,1503366.3572184427,1040356.0017720218,516092.36131494597,1968022.3677113992,997201.16233382944,35634.285069262085,1966191.8638975336,3856266.3301716396,1370500.8317182688,4206086.2467225138,935312.03249956842,2911070.790723288,186736.38141774561,326062.2962686356,718952.42529659544,1054047.5626176354,709748.83162351488,2084774.2581140245,1495808.5144647837,333874.88215130341,28342.28857935208,246150.45364858006,2133954.2883295272,1043246.885100945,668180.56400352414,137611.52624926867,1137125.9733121006,919964.89565447415,3335483.3547165594,1477935.2798819207,630793.80346411862,113568.93143409523,1934979.9641665786,552778.28471892898,248193.48780940854,1873774.8387113533
2226190.4154159091,1226434.6377484207,895371.70324713923,1494044.1280845208,1039154.7408508636,516432.95520736289,1961667.0140824516,998345.20352572657,35659.243431821378,1892452.2606260434,3855843.412287272,1364818.3120178243,4191883.2946392116,933336.29169688665,2866917.0462707998,184589.24715829629,322529.00401030068,716517.69086528546,1045549.2649797479,705597.3645418263,2075620.0060889404,1487168.7601817041,333303.81121648557,28308.023873509286,246233.77947511573,2135607.7165513607,1044197.6309211671,669026.19001599657,137861.2291316429,1136715.6611323375,919418.16235843627,3322925.8228173694,1461190.6127499014,629641.84658104065,113569.87406919492,1934664.7132740202,553088.49922678573,248408.22828304459,1875690.0601803372
2229619.6818329436,1228443.5757409837,896089.73178169131,1475782.3081918897,1040630.0611001321,517137.16565093043,1965649.7815336599,999738.7242157677,35693.136734685148,1884521.3046013,3859453.3877277216,1366916.9540231661,3984399.1785173477,889073.56076501368,2841898.7030074834,179342.64563387856,312589.0071616947,715702.04792381392,1046192.5035597733,705663.04989322042,2088988.4670214937,1489712.3652505961,333947.03271801368,28404.529030597336,246523.97274274187,2138228.0956057566,1045874.8866207181,670557.83921538293,138202.81800531363,1089315.052872539,886194.88647072529,3161818.5662562856,1427013.2051812806,630026.38473692711,113666.78656906106,1936215.7731780568,553594.03031276329,248691.71982250319,1877522.3991343889
2241177.9387439378,1233174.5389171848,897039.70783851144,1479492.5718581681,1042733.5505243555,517832.74834942317,1968492.1024393772,1001159.4271594569,35752.071657318273,1919479.064910274,3864189.9504541527,1371202.6678664808,4171662.3088832512,935931.90302603703,2852274.9779628254,184666.88362703435,322327.56999736989,717884.69951702747,1048896.4771632052,708553.20668537135,2107134.1572803482,1497304.4352689842,334874.27278678969,28579.262064369203,246849.90658312631,2141133.0156786474,1047849.8174418769,672655.87968071399,138586.30003148614,1139203.5224629987,921552.81384473003,3321934.9222805682,1472266.6150737316,631410.51120145002,113839.66719470372,1938388.8654077584,554223.18919559394,249016.21730375881,1880290.5093416921
2242502.7794354944,1234311.749192189,898165.16117180535,1483320.9769265763,1049839.3317497259,519184.90410472418,1981343.1424923786,1003068.7295587836,35833.827875749594,1932869.2123408699,3869008.9922255557,1382114.5137083838,4217231.8113108138,938116.73394472571,2860732.4257264286,185404.9327732778,322272.4553544044,718279.14031293232,1051189.2709943496,709768.16799373587,2111872.6485728761,1502644.3404866809,335906.27000441472,28679.090045603458,247204.29579092623,2144235.2614969308,1050123.2225468096,674575.73298359953,138971.13266604854,1140096.7947108136,922310.91559959622,3332629.195430473,1484574.3126221467,631822.81074090954,113939.8156110579,1940516.8012806093,554922.24192197598,249366.58136219424,1883009.5699377819
2289503.6408965862,1250422.2548858605,899675.47357768822,1513654.122373482,1058696.075159973,520846.08885911183,2014272.2146221991,1005192.3166098676,35924.724418784986,1982610.3700933275,3883080.0356582291,1401358.9488473213,4227134.508213833,939477.63187902549,2946300.2909878744,189076.63320313607,329321.51462655643,728314.85787663527,1068748.89787045,725686.35392138641,2175024.2207011492,1536334.3369809294,341459.20706631977,28954.2028030937,247792.46417290319,2147484.3349721227,1054345.499821736,679565.69514321012,139515.87040590247,1140833.8355718453,923040.97944316873,3346025.5214532982,1506558.8604886425,639095.06557783985,114284.66350244678,1946692.9430365297,555751.64587196521,249796.17710322142,1887083.9236183304
2307118.1953111668,1257185.9239675596,900973.87232744589,1543452.6688059461,1058454.2418205161,521140.2472160614,2012894.1535206023,1006550.6857622312,35972.706560558545,1978392.0243536255,3887185.485877322,1393266.7668929601,4230500.7997555425,940122.98459041934,2983088.4301850204,189315.97637293403,330590.43447787914,740586.43895010173,1066984.9641469037,726228.51365707116,2168795.5100564663,1519382.5091719099,340133.04244109045,28884.434830380917,247942.31193039304,2150266.63639209,1056170.5478676371,679998.91049017245,139847.52434079867,1141762.3846855368,923708.38688225253,3349494.0050627934,1505608.8294783153,641733.0654297967,114392.51013426384,1952758.7400280789,556560.72678069049,250214.42854814694,1890738.1006185531
2287234.1723453789,1251073.5051245776,902063.33046404284,1542566.6993889532,1049546.2972555384,520392.87151820929,1994206.3593246657,1006742.9945600615,35972.99932875677,1977756.5826225432,3894330.8291085768,1382329.2663453582,4230303.3267696835,940273.0575776035,2977551.8114378345,189092.99268978764,330455.91124358651,736772.26038985047,1064010.8524208784,723891.43300452293,2153199.6511017708,1511965.1924547381,337903.03271949379,28688.471566152595,247916.02416527094,2151782.8215225586,1055330.7212278629,679567.18123883265,140052.51298372823,1142225.4142041863,923989.49520206836,3351804.1276723207,1506471.9977650305,638790.31031078764,114385.58736849246,1951969.1796132789,557243.72538836859,250530.20025058568,1892817.646756012
2263051.3234828948,1245071.9819633286,902683.68753560132,1523353.3966948211,1047270.3528602114,520595.24317977071,1981211.2368423301,1007550.1450577939,36009.545339343582,1933881.0526710583,3884678.1905422406,1376028.0655965959,4231202.2139797648,940659.586321929,2946514.6001341608,188754.18476731447,330119.64204497996,729667.24265076953,1052515.3793707285,714473.41470727196,2117831.721642456,1499995.1528272019,335942.11201776931,28567.344850624195,247982.03957233561,2153417.2990792058,1056218.5274862752,680153.26746067824,140331.49242459299,1142889.0890892958,924482.09571333101,3353658.2736842092,1504664.6753250703,634912.61701047595,114382.0678703451,1949245.4237899715,557764.85488865408,250786.09388146963,1893975.5841841497
2262631.2290658592,1244026.4623752427,903477.38008206489,1504187.6504478718,1048687.8961085421,521001.21906378219,1982412.3791514486,1008248.0112511206,36043.841482594682,1937736.9862858295,3886388.9776021931,1378957.2764123448,4233518.5221077511,940986.7953149532,2907410.4213145878,188163.51150800701,329096.32718108874,724156.30719002383,1053170.3203156583,713409.3301041763,2100583.4635547712,1500363.0840510563,336391.63765179284,28607.732146302966,248158.43883089407,2154944.3781857952,1057203.1237468882,681284.35273716133,140620.48463215758,1143469.0684419628,924879.90494346258,3354806.1356654102,1504893.6111701685,634631.09826923348,114440.08330967644,1949683.5132336749,558243.24471174867,251016.08315700354,1895248.8547174861
2264703.7924601967,1244218.266270221,904106.10800296313,1498615.611219069,1048636.1993706562,521208.72978252545,1981176.9980643271,1008817.8839378401,36070.86802619572,1963239.6557403323,3888088.4444571426,1376570.6256865365,4233250.2001763843,941093.70267049863,2898674.8626801041,187787.0789978648,328500.15962204209,723509.3891524116,1055607.4617931014,713787.42675807979,2099734.7624497712,1500212.8966154349,335982.19721613365,28564.753209588784,248240.56726582136,2156191.9034622614,1057927.0409885999,682459.21710192424,140924.64528250022,1144048.9563621946,925216.26222205861,3355138.9343107701,1501408.0446361497,634757.47084592679,114485.80741492355,1950485.4033143558,558632.28773565241,251227.28600529858,1896779.5087723152
2271625.3465656089,1246572.1492321114,904638.90558098617,1510017.2397188069,1050837.2596447084,521496.62323547091,1989692.5081533575,1009402.6824174167,36096.570729850326,1962219.0543747491,3891021.0974143595,1382974.4291105364,4233822.6920024939,941315.21688912797,2905266.6040237257,187665.6005872213,328317.13941757224,723991.39019515505,1057778.7806219603,713632.76514081424,2134495.2099416316,1504251.6190595464,336895.0393430799,28624.985732707722,248413.40147840712,2157393.2124953987,1058755.4934094872,683649.38191941194,141213.73298063726,1144419.0479423834,925449.57777215261,3354859.0603012159,1500034.5290707406,635166.24590906536,114537.07006073336,1951355.3372169447,558929.73422977189,251393.94351034728,1898091.6754682555
2271252.9463521414,1246992.9166966199,905092.07492821477,1505114.2173388149,1050753.4484115811,521741.89790329331,1988608.0375937533,1009905.2265394859,36119.618148271344,1950369.7864792093,3892296.227755452,1383068.538222627,4233096.1907085255,941310.09593504132,2897448.9170047329,187202.80303047781,326908.72215363802,722692.3772204126,1056017.4832929173,711917.80329736625,2137429.4531974522,1504197.6689344179,336974.26906173053,28649.478893824878,248538.52184293326,2158448.3999281018,1059452.9659602654,684560.83526609465,141466.98214645486,1144765.7835621841,925619.77595364733,3353616.1107492205,1493276.4604073439,634893.51731314545,114563.52442677121,1951837.7643850741,559178.1858191808,251520.60486597664,1899191.0015676243
2277005.2104415889,1248523.211026408,905457.69154667354,1501853.3696048844,1050047.6125552612,521873.56265673577,1988303.9907451354,1010262.7480330189,36138.330010096397,1948089.6654902284,3893523.4684261917,1379932.6229527944,4232387.9712260403,941431.78898308799,2892973.6477291132,187328.82533871461,327858.59430714464,723449.23729541025,1056257.386911181,712902.71479050664,2103286.5155094792,1499666.5510991744,336503.61509428819,28627.525367620194,248598.44047415632,2159252.6704468802,1060007.6903814655,685237.96538340359,141660.61481868266,1145128.5426150251,925880.08615019848,3355179.2082963199,1497193.5431313312,635212.45833103498,114598.59539341214,1952322.0542655978,559379.44897170074,251624.76248980244,1900156.8434686165
2277024.247668162,1248635.3650523194,905791.25329278747,1503476.9985614943,1050510.1287099198,522165.88934902573,1991714.5883573471,1010595.4829588137,36155.925788840876,1962135.2136573009,3895776.7168582072,1379399.3691786625,4233356.4869347839,941533.54383788828,2911744.5014839857,187679.0607565699,328028.07365053892,725124.94238060166,1059440.7459121852,715147.67265928234,2107914.0850703246,1510899.6191644084,336770.80967710534,28644.788079402042,248712.83348085877,2160529.5659186207,1060673.270561632,686094.30884352117,141852.65226444195,1145336.5873551348,925968.06358229369,3349498.6403200096,1497189.5653731257,635935.34915709787,114634.10936355358,1952889.6403677436,559544.60024252674,251709.7774831627,1901036.3761436932
2277157.4462382803,1248660.9589308987,906514.81121568929,1488848.4361597502,1049675.747349344,522344.38157481875,1980896.8758247513,1011436.8727283761,36192.628173794088,1894370.3927987351,3895175.0196737237,1378038.7433062282,4080588.8482100614,930269.90779687569,2864105.6567873727,180749.08382928869,314410.68197661237,720655.90008578775,1053780.1059806428,710385.7604407114,2094090.8840571509,1499871.1103146996,336618.88171540492,28615.995132376283,248871.22751287659,2162600.3502970459,1061748.1583613888,687187.76181962749,142140.29647350559,1144790.0343711355,924874.12894304551,3301780.8681049193,1439142.3875659227,634788.88407792931,114625.26544989334,1953020.3132103372,560015.8470602287,251984.55703903711,1903088.0256718679
2282958.8964281944,1251638.0704693845,907513.39068431756,1494633.4877660447,1050833.0193036338,522962.10894046066,1983587.7009531907,1012741.3096430992,36246.248329993366,1896715.04721002,3897737.7245167065,1379711.0697459064,4166928.3266099952,936456.54919875215,2871396.8594913175,181136.83132706839,314808.50912742532,720948.38139776699,1054108.2832106245,710535.82848770334,2096905.1957626217,1501290.6415199826,336924.4502972248,28652.656848481405,249100.60779088709,2165350.2546259286,1063626.6210989107,688878.70394672127,142485.00887694285,1145885.5189093349,925739.14297715575,3245339.8551467196,1435240.9259813351,634958.48632591206,114662.50429721607,1954073.9509502768,560627.57788781158,252302.66094576352,1905916.8681929666
2331842.774762061,1276109.8703525902,908563.16423129803,1507625.2403605387,1056473.3981972022,524768.15771838557,1998491.6733259582,1014791.0013081071,36328.781176270684,1909702.4860362213,3902320.9818616495,1387304.681688614,4238954.2984664971,942564.24489933706,2901749.9346085726,185538.06461538307,320172.56056395179,722002.75659467559,1055299.0563458325,711834.84970392904,2144353.1713089827,1510164.4933598787,338415.29304170713,29022.974503970006,249460.97340379731,2168733.6578376088,1068231.3528966289,697292.3963086626,143251.76611182227,1146275.8272613857,926516.18188480241,3343728.2895852947,1477666.3420315967,635595.04049186688,114736.7259922895,1955695.0282353375,561265.03768911329,252625.17920863759,1908853.7649981377
2370852.514210145,1286525.7129577519,909696.91777331999,1558446.1660837398,1072405.2641833136,526196.24877220835,2033127.9259135381,1016939.0784907906,36395.771247294768,1975926.5517842574,3914882.5114487335,1417767.8100244096,4242531.4876972493,942954.81009781384,2988621.6712723747,189429.12434535552,330624.9765317436,735056.88643050264,1068226.8852733748,723611.39521433646,2168056.8413934768,1524933.0211792113,342634.64868948224,29177.462074049712,250290.91817814924,2173027.7014657003,1071621.0819645333,698083.76089245733,143663.18427169847,1146568.6720253953,926771.48127709387,3357053.6313601309,1507543.3640440283,638707.9787745314,114823.27240210163,1958464.3101420205,561942.68963340274,253016.25548527681,1915808.1457169154
2320832.6873076633,1269509.8335872092,910320.77960038593,1550996.3611153797,1055732.9242921949,525107.31545936875,1995599.257771054,1016851.644230152,36408.741928151634,1949732.6376574119,3907547.3947694567,1386726.9405184509,4243057.5139308581,942969.54434180935,2970807.5449030949,188972.31032007901,329660.8841043979,729327.84070821595,1057810.7534707626,715441.64818264497,2123179.8898939881,1504495.043513946,338204.54543257196,28908.806338543083,249932.39065261648,2174712.9458712237,1070233.4733401646,696538.5086329293,143702.63045652476,1146812.7214810762,926856.51173890673,3356242.1388069158,1503025.340072776,636450.30137800192,114817.37236105632,1957535.7148017159,562406.90083347226,253292.76090141432,1916073.2552909262
2309736.900964756,1266244.3701875133,910808.74867674988,1529864.4132630967,1058909.0875643063,525466.00902044389,1996795.0261950502,1017655.4160518714,36445.891150599964,1969746.6319002833,3908634.9748965986,1396319.1212131798,4242256.1678751307,943027.74298447778,2937798.5142093198,188363.64499758318,329140.73075099109,727650.5318361026,1060819.8997862244,717111.70449557004,2133525.8920207061,1511478.6540805027,338931.5765455396,28903.685994681611,250198.9525605627,2177413.7548605422,1070764.2945247991,695058.09062895644,143784.5204855084,1146974.808797955,926959.92958455603,3355329.3423661138,1501123.1781958991,636525.70117232832,114829.46183028705,1957800.6523923459,562767.92220923316,253512.60633924606,1915953.1580909165
2308021.0835782704,1262706.0263801075,911231.89692973474,1506404.5230167496,1056146.1437449721,525553.0655988236,1994103.9117355477,1018417.9222656687,36478.949320611166,1937647.9689470262,3908899.913822561,1388655.4603221016,4239902.969717755,942925.77323032916,2896419.5974312783,186734.99012602423,325081.21328463941,723301.57292035141,1056917.2322064035,712569.85733181355,2131632.8544164905,1510929.2950869163,338730.67922860978,28823.373396041781,250255.0256424215,2179106.263363082,1071777.1913071044,696069.75944258447,144056.32797339177,1147088.1786612775,926998.29426201421,3351399.7838518601,1484754.1446769612,636134.89919444954,114837.81917095116,1957918.3307794719,563001.94592985115,253684.63421766815,1917125.0095908423
2311190.0100720711,1265357.0460496608,911603.75761760958,1505165.9797585621,1057970.9105231024,525923.56416047842,1994878.3630071529,1019084.2187761564,36509.872104441019,1924509.4385381655,3909789.6923052557,1394295.0583159502,4239585.8400274869,942912.9242130589,2892177.2009041528,186565.88339174935,325025.48890057439,723350.10241230554,1056554.3880423759,712384.28808386321,2128947.4325486263,1511759.9842782973,339356.43735604431,28883.028641115507,250455.32295394471,2180986.8823483409,1072972.4446820335,697359.41113814048,144336.78729233294,1147199.6339610878,927038.95950719365,3351571.3763240175,1482351.79428892,636150.10249576799,114840.45288712157,1958058.9137460482,563205.17045715591,253810.78367016645,1918572.2223309921
2310684.8375975881,1265347.2150286785,911925.40359596303,1501179.5466919246,1057617.43650911,526127.48143725318,1994820.4411527766,1019548.1439456218,36533.493028314006,1922851.8369771491,3910945.9562896509,1390019.1148337955,4233580.3481321195,942509.17843915615,2883763.9130097735,185096.92155181812,321185.51678627019,722787.00744250324,1056448.021624808,712171.42457511311,2113356.1753076403,1506944.6714625049,338720.47421199491,28824.368257911807,250548.17446238783,2182395.8646004573,1073653.1428547828,698298.31924536731,144580.22073136028,1147221.7100587594,927014.30188663653,3334848.2000988657,1478067.4747470072,636092.97567382385,114833.71420114266,1958027.3372964039,563374.14776391455,253912.9313724323,1919678.8624205142
2313622.3605939201,1266098.4879927873,912173.96397965599,1501346.1359930113,1058095.9071144098,526341.75893321692,1994741.6956570991,1019976.1438004103,36555.883071032142,1943403.3225455645,3911568.1934878873,1391186.9440188976,4228047.1273445627,942067.62278516928,2880824.6983356546,184184.08944228251,320026.93530560873,722500.73842199682,1057543.5201310783,713061.46752364747,2114006.3511758693,1507438.5234100122,338886.84312986152,28852.567928961758,250674.51164581647,2183696.4183726432,1074365.5206993385,699251.42111975339,144811.57810229901,1147074.0294054472,926965.29268817184,3340960.547906531,1482458.6684464768,636114.55547642242,114819.17100125689,1957864.4809352816,563498.46045496676,253995.63327472185,1920675.0080821754
2314583.5740880459,1265967.0342322667,912339.43672804267,1505021.0473943369,1057880.0127266725,526454.02915534191,1994841.9302814205,1020263.2494471048,36572.831983337717,1907581.1553464271,3911776.2787063657,1389797.2114947008,4220258.1539075281,942783.22588423325,2885326.5775872669,184109.83280518913,318923.15352763905,722364.38228019932,1056765.193251255,712129.34904292843,2117263.7435942367,1508139.5406519123,338867.10105927318,28834.021090040504,250751.23465389406,2184751.9334807289,1074875.9150668448,700300.68995108863,145075.63320725996,1147432.5331074782,927104.73118618876,3304882.0828629429,1458819.5522414367,635939.0999002459,114793.60866435397,1957564.4212730206,563576.58918972756,254059.87356725294,1921586.5110967888
2321091.1179809859,1268711.0686590236,912433.74117542489,1500008.9883430256,1058279.4234129721,526611.33993204404,1995823.0502563894,1020591.4301491716,36588.777657294551,1940936.1407782971,3911812.1743711052,1390913.2238494679,4242616.5952894986,943308.04373022693,2885839.2642584774,187639.08348923942,326643.95913657598,723517.09238287492,1057102.1161425116,713284.53477985994,2119582.6379619492,1509177.6451566175,339100.48426757444,28855.929553967962,250837.89010861499,2185726.054968182,1075577.3108359182,701693.99282508297,145385.49269171577,1147884.433824653,927409.97702392121,3355409.6874682619,1495167.1844449155,636130.74378736713,114762.88426731934,1957202.1914204694,563649.28640302212,254218.97516361525,1922383.0448434222
2321944.7749826554,1268118.5193774267,912511.79344159726,1515394.095545793,1057418.7312790884,526633.46247451543,1992854.2037088342,1020723.2224264339,36598.540084066677,1899384.7807167906,3911568.5756661426,1388269.5413075851,4241085.8105970258,943289.459998784,2888656.3761502542,186320.07819798289,324113.64825338015,722462.31184213888,1055534.6799775569,711738.90133498877,2105802.1525378367,1506518.668888435,338741.41844183399,28821.371596060631,250849.00208463805,2186370.9784459141,1075914.4561927815,702367.06375590211,145606.65775845517,1148304.3038405979,927652.1436839489,3350574.152265545,1473975.7520759986,635576.84923472302,114712.23464027958,1956530.8189013721,563743.86202334822,254352.56533368104,1923519.8794332522
2323760.8826883254,1269686.6513823844,912506.79532055173,1510682.6048208722,1058257.4968851225,526787.85064752121,1996600.9465983438,1020935.5589026609,36606.715069409591,1921799.4029781527,3914014.3175508007,1388906.3920281823,4245704.0845960919,943318.39526247536,2895046.1441559843,187316.38652550263,325797.48215877527,722479.4178125154,1056671.1163073063,711499.63031922979,2106101.7010647496,1506598.1852756462,338788.47534619144,28833.752704914823,250898.38158784213,2187079.3630617498,1076353.1177414574,703061.71794111084,145818.27847145355,1148586.800107196,927760.90708604222,3354718.7542934469,1475962.5942848625,635448.14278698585,114673.93523188229,1955976.5836375996,563784.20792721689,254466.63843701576,1924248.3564341988
2324360.0610331036,1269795.619040797,912409.90494864283,1504188.8905916687,1058190.44436228,526820.72752008727,1994473.6202459577,1020978.3683735533,36610.270842171805,1937050.5300662569,3913005.5578770582,1389415.884678303,4243121.2993016904,942985.72894110077,2881943.7557137506,184572.09995240369,320249.95005169493,721854.52934845851,1055911.3057976724,711615.69903483393,2124428.9462293931,1511583.0916191593,339285.51392062561,28858.392818406548,250972.79967342061,2187576.3645421164,1076561.5812528564,703376.93282801716,145929.15293710012,1148996.2235263616,927971.07623285067,3341088.5591255487,1473808.4862442359,635420.60729041905,114644.49704615431,1955585.6140483576,563801.90610800113,254546.17307845337,1924771.18727686
2325004.0899866717,1270082.7399728037,912294.62736747402,1502227.8356144563,1058373.9383756162,526893.70124924532,1994220.9230099006,1021047.2332739336,36612.793391646417,1892112.517763722,3913879.2103517423,1390702.8551980669,4215090.1560880207,942445.48802386504,2887669.0952906269,183072.89587857752,315982.89668705588,721476.48611440114,1055000.107282189,711094.54421903926,2109218.2819346385,1507310.8129570954,339035.37735713087,28872.000548673761,251003.00715679736,2187861.6257887222,1076779.9079472034,704210.41116254416,146151.20745066387,1148525.2937386364,927489.1726607898,3287623.1807506271,1450222.4651397732,635228.26820389356,114616.00841656802,1955459.4206253616,563823.84435399272,254606.62381158143,1925251.2821667825
2329883.3860690566,1271951.6646216256,912140.48199497559,1510746.8432754525,1061260.9221798647,527058.55157221807,2006522.5465265652,1021186.3909537732,36617.632449410914,1955439.3860588258,3919798.6773577421,1399867.1829516834,4235448.2707692133,942885.20811390318,2906569.3922552709,187382.25874459613,326553.82273266831,724622.69366738619,1063841.0633588054,715160.44286829769,2136479.1211358611,1519208.1973082989,340220.15314228163,28901.355801376434,251086.45017119043,2188107.7177377129,1077091.1973735425,705344.99367219012,146390.27608365615,1149537.3939476251,928253.14160374983,3356670.2614567676,1494036.8931352356,636071.84849143587,114606.64231448562,1955606.4978307048,563829.92980746343,254679.93996458899,1925897.4223141621
2336770.9336325568,1275233.0025429649,911853.78892114875,1521490.4982451824,1060515.3231675914,527050.44022844173,2001424.8785216671,1021131.1434474254,36616.921887681565,1941781.7902663599,3919207.1880652392,1397286.3145428251,4244980.4261396527,943199.59425746452,2934252.5083688814,188181.05497741792,328279.29188393994,726956.51200593158,1061137.4031795748,714110.16185491183,2138140.1283628945,1514473.162390498,339901.85712272796,28886.614129813639,251075.88212245543,2188151.032857914,1077343.9987429727,706221.99994060968,146572.24215356976,1149855.5277802225,928430.37660947058,3358517.9657616359,1493528.0621958892,636160.10291851917,114570.04899808194,1955362.9382989998,563769.24166784761,254725.95328635734,1926363.8614944709
2337570.6658397778,1274349.1036566682,911446.43126913195,1514112.2673480429,1058898.1793304447,526878.03280599008,1995937.2577262924,1020875.793506712,36608.712074574032,1918497.0513294863,3917069.4783652308,1391862.5146703264,4239085.2627975494,941966.07575240824,2899096.6553849014,186632.84565402291,324851.53348987416,723224.84238348517,1058139.3536899355,712164.64893115428,2128668.4535815166,1510569.0466512335,339502.14725404757,28859.229274238722,251035.69386961305,2187862.5680934363,1077158.2681241157,706566.6095724022,146713.14921774069,1149864.3761032969,928177.9692900643,3352857.1755090463,1473608.7600163601,635241.37467136641,114501.19095672967,1954069.1244470316,563631.02919910906,254744.19319067575,1926526.3579021243
2334023.6795228198,1272884.68445232,910929.35564720805,1505531.8409326714,1058287.7724649734,526701.02673673222,1993481.8461479682,1020497.6490788539,36594.253081450457,1876779.8710121959,3915032.1698883297,1390481.5418803846,4211709.3077644408,938043.23835701891,2881534.7692220602,183142.34884437718,316609.33407628175,720576.18116328469,1054565.5443727339,710325.48584502772,2110363.5821565231,1508062.414900047,339077.51504562871,28840.747421908382,250969.89477182279,2187315.2873827396,1076810.1852649529,706628.61192320997,146804.48484780386,1149838.3081650424,927718.08673720888,3322106.7805227395,1444220.1643155927,634497.26209721609,114421.32049943382,1952891.1743309083,563428.73649133358,254729.61018824438,1926443.6315473143
2334753.8253531987,1273081.1019897584,910284.99278178159,1503850.3156895863,1057742.0774425915,526491.1748858674,1992207.4833702587,1020023.6233619644,36576.619639574776,1860844.1192695198,3914047.784981397,1389162.012783776,4188775.6071597915,934081.65034974646,2877309.9232354369,181945.1460556688,314990.7599577998,719950.2806533156,1053903.5577755081,709852.60832230269,2108388.5261387522,1507334.855941945,338933.74400838552,28828.103996498037,250881.10430053581,2186500.0601655822,1076448.9436539353,707033.78826790047,146918.15452554863,1149895.0217381949,927347.59990143916,3307993.682828146,1441174.1739318413,634096.44683535094,114337.12602929295,1951601.4832791456,563160.08989152766,254690.56264964154,1926176.1639561288
2335899.0510524129,1273319.1605050655,909514.59277684416,1502421.257405486,1057352.7455275743,526245.39397320338,1991274.8281671063,1019433.8217526353,36554.097197248586,1842570.5132591338,3912948.9637518367,1388604.4505534237,4120496.3784193075,926815.60030536191,2874778.1805351018,181189.64991489486,314138.23942820111,719290.21168908372,1053245.5183909996,706699.85075080139,2106944.4446497126,1506686.2260657996,338808.28500362864,28818.755234151035,250777.11602221543,2185456.5010039797,1075959.1518554545,707364.75478868547,147016.4892221487,1149580.0672726778,926497.27159376803,3295505.7495739996,1438043.8793593277,633656.66391871555,114241.70980135079,1950124.2491822145,562815.67562824057,254619.93090312596,1925675.9559290167
2336645.1545169293,1273436.095132746,908634.05765319837,1502475.4791717369,1056895.7119041325,525940.18541587295,1990052.560198735,1018713.7942199652,36526.082072964819,1828646.0489676176,3911456.7194598094,1388009.8680205664,4125361.2397557716,925731.6826533546,2873598.3523320518,181009.60216046838,313726.81014401122,718610.10157550476,1048803.5904645349,701446.84104958992,2105986.8649090771,1505951.3438720335,338655.09949871083,28805.577222070893,250643.62326125102,2184125.9718634509,1075323.2377523354,707606.25555761217,147096.91888385901,1148924.1632647752,924778.78644261044,3235835.3030145043,1434207.2851838351,633113.14687557251,113825.03117183871,1948443.5105896676,562416.11265582149,254526.39584155972,1925011.0711789879
2337705.6318441452,1273390.7206865656,903620.51467232162,1502647.1541563175,1056262.8712518194,525563.78263956332,1988541.6986545138,1017847.6262371355,36396.332358499356,1816204.5089775058,3909635.6245151819,1387116.268816425,4167960.4885545666,931984.92236039671,2872901.1710447632,181643.33534246724,314298.81982206251,717927.23275243794,1041136.8669549554,696332.31969148014,2105444.2399335951,1505255.7345295288,338475.49332226871,28791.25409137793,250478.90755133802,2182488.3113782536,1074532.8568543498,707803.10624757502,147166.34726800455,1149429.0570529699,926424.30666253192,3282745.1965007847,1429799.2628452373,629295.21421698737,112989.51315925996,1946503.132269494,561947.19948895054,254406.16027313023,1924161.7969994228
2338120.6658363994,1273003.747241901,896989.67631965794,1502583.9602144081,1050175.6581877107,524564.74778079183,1977632.221405186,1016813.6916252438,36128.430637859572,1805233.393010986,3907480.1977715357,1376650.4827203746,4181790.1762110475,933633.24254768179,2871660.0289754914,181816.53782572743,313969.93425817945,713050.21731208113,1033632.7242926416,691273.9933806241,2103922.8951870147,1503992.9547965729,338221.27143791475,28770.601994196015,249510.92238885464,2177957.0407582549,1073531.2595506108,707883.70202139951,147215.78015235628,1149618.7737763328,926700.76220081793,3301573.1679053577,1421482.0415285353,624712.39060672524,112161.58077711551,1942362.4499693054,561403.29112395959,254255.88812884648,1923074.2146265076
2338389.5834046886,1272729.8624051644,890476.47558368125,1502080.2029898071,1046474.6681113779,522424.52659607091,1965527.4882378664,1013752.3703952533,36009.11084084546,1789776.549940191,3904471.0599692273,1372732.6937643648,4157025.6755041541,923227.60427784175,2868169.3675307469,179912.3030397642,310467.85769470467,707720.33574249048,1026590.7579811587,686457.18701397208,2102938.8428469673,1496322.9857568529,336262.88284582336,28578.452260333102,247923.44735307645,2164152.4954642192,1072499.0747037709,707969.70641620702,147259.0804985376,1148896.8592624739,925011.20990740811,3261225.2729735738,1407737.0006094463,620148.47593418136,111336.08822555223,1928348.437759676,560771.64086824388,254073.70607090497,1921731.7102349431
2341343.6850756905,1273335.3359381414,889853.20090538927,1499685.6354223355,1044271.5302240301,521857.98848779913,1960433.65555279,1012857.4371503739,35969.195025365669,1782505.6562224838,3901210.4457339034,1367339.3701632444,4073787.5365380282,906467.39597241371,2864068.0207887501,179088.00016536776,309570.26008923078,706889.94481466617,1023269.9765927852,683470.44889489748,2097944.0245784489,1488725.208174974,335143.22590434708,28526.340385077219,247508.2911711687,2162507.8812192902,1072137.7825682519,709034.92892903311,147506.300775054,1144155.5172550387,918011.57240709953,3177154.9457660327,1398187.7510521959,617756.23889370682,110947.45387318604,1922667.9661270648,560227.53393625596,253902.94643878005,1920788.9051401746
2345748.0467995917,1274427.0747494544,889857.92815387505,1499609.9095956124,1043938.8165082574,521624.06273597968,1959466.5201928348,1012428.0588497448,35967.429635055996,1771151.6459062144,3899583.8981579258,1367072.4473108822,4006727.9735466167,886791.24043309898,2863271.2441044967,178960.84065584582,309398.36188549735,706411.19431934773,1021113.8571629177,681953.97749883367,2090067.840662539,1486273.9796955248,334966.77198633971,28512.721449774686,247369.75816934384,2161220.5769765074,1072171.4990722821,710271.7677288329,147774.45144215858,1132185.1457066766,903891.57948725764,3174544.0213757781,1395275.1496402516,617394.83532215678,110887.35368654279,1921955.5339782913,560140.73700148519,253885.38938713406,1921403.7453484549
2348984.6988567989,1275433.2858868006,889913.5757648393,1500178.9146346925,1043718.4969692321,521445.80806565587,1958766.3317764364,1012164.3831606554,35971.598082149787,1771253.3763585724,3898514.5301147983,1367051.6672152872,4012404.3757272596,890490.2927279484,2863606.6143471068,178995.38019042157,309454.70918220881,706453.30565210804,1021002.3880108643,681950.95711214177,2088919.839845747,1485544.0412060448,334808.06763074384,28498.069225860039,247235.64933651712,2160162.7547155269,1072464.998259553,711442.84640642337,148037.18866759664,1113110.221335771,894135.66204858641,3174320.5982992891,1395446.5710044832,617289.71146910498,110880.41335348664,1921726.1291345393,560094.32547082496,253870.43871883629,1922314.705865399
2353502.5192708722,1276607.2116429054,889994.31833154685,1500834.0149446873,1043569.5950904844,521372.34099879384,1958186.7074187438,1012123.0165844662,35985.821163553715,1772460.7001174372,3897634.0793906315,1366863.6258398667,4099095.0755514367,921545.97678140993,2865161.2094231346,181307.74936533027,313036.63504493877,707379.37107930682,1021016.0340170319,682039.00878927915,2088147.0745750861,1485005.233174646,334683.58880510362,28488.003069631628,247147.70202526261,2159793.3868987495,1072934.3848245989,712744.71587488358,148322.31519883338,1147968.9573680568,924378.30750204099,3278495.8448349992,1403796.2649465888,617255.22566099151,110877.92691200445,1921574.1533778803,560073.75263424567,253869.42343042267,1923532.3554589741
2356240.5890696733,1277593.5972749365,890828.2054244536,1501780.4900933141,1043869.1502709935,521542.2701938008,1958655.3119137969,1012526.1205651909,36013.733919804632,1772330.8391661162,3898095.3930268418,1367269.7344486732,4056186.3755131871,909727.97637255781,2865008.5463102772,179371.83224848344,309875.90782224195,706709.78259875078,1021031.9935876431,681971.47370782204,2088106.0280285464,1484909.2745998241,334706.30545475817,28493.720992078488,247187.67240637736,2160544.4748670091,1073654.6248516962,713769.58811366395,148568.94277256096,1147666.2688351239,922672.76144596294,3200942.5433632345,1396620.0792631223,617130.32327135501,110868.25069135596,1921672.4036416018,560529.36089254846,254142.00484832597,1925657.3911876273
2362723.9843459879,1279660.0909777675,891782.96953311237,1506446.3884457704,1044569.6001539893,521783.23205736524,1960648.7360854454,1013063.6910552444,36048.699530409256,1777097.4757051622,3900134.2915006755,1368699.4522773314,4178905.2123531504,928374.36076935625,2871250.8847817355,182920.25065146736,316402.26562683535,708091.12578176637,1021663.8439880377,682297.11410617258,2089863.7918556291,1485340.4444985688,334823.24415107991,28501.55604194252,247262.97218564712,2161480.8248798982,1074646.7450459255,715200.66667244071,148852.18104490597,1149603.1139261189,926425.77033699397,3324150.7839493905,1415979.0977241043,617210.82794449583,110869.735547977,1922105.8512392067,561014.35329864919,254435.16418195629,1928219.9564833052
2361720.2782314061,1279669.6857518314,892494.42803852144,1505014.1706642029,1044709.0245154615,521945.43278660387,1960171.8146700414,1013448.330746263,36073.775633604324,1773716.228179564,3899875.7097140127,1368549.296173872,4150237.3418306704,916721.91260190483,2867875.3380421507,179434.27568817951,309852.59263296227,706823.00361935538,1021263.112409812,681982.0062930088,2088861.1345240194,1485133.3303381607,334824.8472164066,28505.426753146377,247301.36938771373,2162127.1060244576,1075181.1891396889,715804.464197414,149034.47395010226,1148877.5369001112,923962.70629964152,3195621.382232869,1397658.7758489004,617009.01635266922,110855.6608123286,1922104.9821602772,561431.56560313748,254697.78727404494,1930119.7889735084
2364537.4997018194,1280690.2868701951,893225.60655522195,1506652.6108842616,1045335.0049643618,522181.87920275726,1961658.3934004246,1013941.9922502254,36104.212882642038,1773726.2831675371,3900986.6731654992,1369872.2019988201,4066179.4861156847,902119.05922676006,2868951.1800122117,179278.2733195569,309853.26993941731,706913.68682127597,1021383.6106858148,681973.75222090387,2089452.6036219306,1485928.2283162151,334933.54167830007,28513.387981208383,247369.4858991942,2162912.2072256259,1075908.8797150906,716738.76847270376,149238.40795687595,1144903.4492074212,917254.62614507554,3182450.1162038785,1396963.1884061901,616986.20513211377,110861.7203109533,1922318.853039708,561822.22257400525,254962.66708956636,1932207.8299300924
2367593.5940540708,1281851.8115869912,893795.79787608783,1507074.7737868999,1045797.9408734093,522460.94449851121,1962208.0441376502,1014548.6501837546,36139.782044123553,1773890.1490945013,3901820.38657828,1370155.139019229,4009044.3037832873,886409.3519659068,2869463.9655213845,179310.89458140303,309981.85477896529,707104.60037762567,1021559.1432342104,682112.90901349741,2088903.8173510656,1485272.009902786,334976.01945092215,28525.601387563067,247464.41030233557,2164107.0409758631,1076858.10923138,717637.99968484754,149430.4524752037,1142384.7609798939,911424.96465833939,3185237.5158853037,1397390.4354609845,617124.99349316338,110905.78524359914,1922720.1251358727,562137.30763215246,255179.83629184699,1934033.4540475609
2370760.8993806001,1283076.0374171219,894374.07792859629,1507949.761622139,1046488.0983517641,522810.54750861274,1963607.7390817655,1015292.5276777839,36179.415502996053,1774331.0891826937,3903314.2313065194,1371223.0001995475,4008732.3540872768,885082.33201066847,2870639.3547150488,179432.04603936692,310189.47199833568,707386.21667158336,1021929.3173120199,682320.54847400868,2089322.1339229494,1485544.4577760261,335103.52180347149,28539.681052684256,247587.31929778954,2165508.3535884372,1077887.3760303599,718474.69422710221,149601.78774556195,1136962.4826361171,912530.64311498823,3198346.3567953901,1398256.1849449703,617328.48344483506,110957.35869659482,1923261.2665422044,562454.77108347754,255380.71354590874,1935724.1612810467
2373238.3217742741,1284311.204522267,894914.7094077795,1509031.4412643707,1047217.7661702003,523151.05480345798,1965091.7595461316,1015975.7258186787,36215.647098016387,1773889.6566489043,3904967.6285917014,1372339.8292970792,4030250.7044191379,901926.32524108246,2872099.1658226028,179653.66838042298,310426.12697296293,707686.97981489415,1022332.2326995359,682529.74025248922,2089532.8046165858,1485758.3713854931,335223.78791717679,28553.268719261861,247710.99101330168,2166956.180635246,1078860.6674902728,719233.22050246759,149754.81966366668,1123606.6291048275,912333.06209005497,3189688.8795226691,1398817.2170736014,617536.22788239655,111008.43465211304,1923870.4760687537,562771.68289152998,255570.55275818004,1937370.0113301037
2375808.3285138165,1285602.9897207792,895459.97049386951,1511746.8228392105,1048158.8857255164,523630.8166493178,1966854.8111295598,1016818.7848553919,36253.328913832425,1774267.0002410077,3906957.8664854639,1373573.8061071567,4103511.9782472886,921985.79201261187,2876278.1854568878,180904.11759362486,311754.17263308563,708293.80283375655,1022783.5422296482,682757.94326916442,2090225.1066880855,1486614.5492328017,335439.24345377018,28577.233533672959,247906.32991381513,2168999.0221582558,1079919.5919405175,719980.09025616548,149891.73717134993,1136281.511753534,918170.74373613647,3200216.7297603716,1399778.6048096789,617763.97498305561,111065.87592573054,1924553.0785201632,563040.78091279732,255733.66786876388,1939030.317786427
2379719.6934791654,1287443.1191907832,896048.87514445698,1517135.7467020294,1050190.2623380835,524221.90967757953,1974401.7394530869,1017647.1491252065,36289.374135663813,1777255.0207736292,3911378.2592633027,1377235.3343643006,4198863.4889896913,929279.57892438257,2885190.8198196967,182303.46341708166,313040.30522416427,708714.00209761166,1024343.0396224485,683241.75739993853,2092639.0496612829,1488744.7100684347,335797.8377229459,28601.622566760456,248134.16486821597,2171026.3250568239,1080946.9596994289,720647.18691285537,150015.8048545653,1149814.5115794546,926416.83917112055,3331429.2097914084,1411416.3638998279,618130.57604267506,111107.2098864757,1925320.8817628901,563288.21114646108,255847.46896408152,1940427.7341091784
2382203.2581112236,1288585.6824382946,896492.05114355055,1513661.4752503629,1051901.5882525679,524607.72960506508,1974019.6800373073,1018233.2442619533,36318.527599369292,1765470.8488575546,3912075.1389096277,1383653.7501271386,4170146.1202762811,926143.82388472103,2878925.7418683055,181727.5311029944,312502.49592314969,708612.49767407647,1024349.176512241,683223.15693209565,2105013.4249008945,1495265.6263014558,336702.93594969419,28645.507958535774,248394.92843048446,2172724.4634614834,1081703.8776406602,721187.07579500135,150123.66831819149,1149752.1858367347,926413.24130291829,3326619.2163241929,1407739.7995309632,618181.64056980016,111133.09790616855,1925599.1800120159,563459.12418937311,255929.87689886137,1941370.1960153927
2384072.7610537466,1289488.7469068388,896853.28391211492,1512835.7494369531,1052828.4665001661,524966.03469101118,1976105.7776602402,1018773.9026451696,36345.679816088639,1753633.7522933143,3913632.7303265543,1385523.5757259415,4142659.9988321769,920490.51842554403,2877513.4078851542,180589.82733189926,311269.33012887742,708436.30864675157,1024679.8676736507,683240.68042671832,2107495.9203879884,1496879.2152142627,336936.09494934097,28665.674159147329,248563.67954379215,2174171.3011405072,1082362.6906070472,721647.5335664273,150214.30520112906,1149382.5857148641,925772.20821093081,3298792.7403401248,1404824.6412499258,618220.06758312765,111146.93433905166,1925660.0496706166,563572.20215430681,255984.20090012299,1942028.8378235318
2385194.972251209,1290074.8440271986,897122.02336438687,1513262.0287245247,1051553.075955377,525123.02178242663,1972751.6790377139,1019111.9206654185,36366.432881389344,1737473.4872475904,3913898.9506819895,1378533.4527343789,4077391.2423347463,915254.42399310321,2878003.2103141327,180474.49656601972,311275.56260629283,708418.80211544316,1024291.8927881808,683144.67259101546,2094953.1563579175,1490412.3494232171,336334.25739531976,28657.643750800085,248616.29019507652,2175213.3842599439,1082816.0458313273,722004.67118197191,150287.65476292023,1146649.0585165669,922496.62059379893,3232018.5049533206,1401925.1806186805,618191.99077966949,111153.76464721255,1925582.2678523406,563641.22573019355,256020.45593480108,1942601.2685896885
2386776.1954054404,1290772.243021545,897306.5102115802,1513416.9768020217,1052082.2673756869,525329.13562759478,1973663.2801658798,1019391.9380808529,36384.429113017977,1724478.9892044768,3914532.6339274198,1379383.4876144174,4049353.3575751008,906836.13725196442,2877759.364573149,180154.48460287359,310991.85185583495,708237.05058858299,1024344.8807938037,683017.6389820613,2095233.1053152273,1490927.0548143773,336462.26044095884,28669.420823794113,248724.32553707171,2176139.5042466512,1083194.6627996746,722310.06939451187,150348.41173099235,1145297.505660865,920355.75630112784,3223072.9536960986,1401223.7568731054,618112.16479814937,111148.08675011364,1925287.8930600281,563657.79865491134,256032.60349548588,1943006.9285460261
2388201.2027472523,1291440.9275459412,897421.31816906738,1513763.5560546047,1052506.9247349054,525496.79191732907,1974388.3601216611,1019586.4954241001,36399.162604227371,1711793.2038797068,3914908.4335657838,1379987.0620183263,4050759.3811482438,906747.15130758879,2877718.8591547254,180022.15300471074,310784.67306100408,707991.94612674776,1024309.0909529846,682813.57629169885,2095405.0234640313,1491369.2974554014,336563.37228808523,28678.833166846805,248811.36134577144,2176902.9354985086,1083482.76120412,722556.43448994751,150395.97635198457,1144390.11266169,919063.03735673707,3214633.8253965746,1400694.2180984002,617970.37628846348,111131.02695656329,1924812.0879639478,563627.708083926,256023.0705772147,1943279.1187367381
2389445.6565956785,1292000.011937021,897444.81530311331,1513944.0572068372,1052910.1261645264,525628.30248253816,1975032.5713169428,1019683.4797487733,36410.35206381762,1699538.7153872827,3914997.8573736218,1380677.7042295677,4046539.7485188372,907843.14034306956,2877472.0844711959,180087.57683555887,310819.99280162581,707740.91587566747,1024210.2735152796,679209.74239842861,2095729.3958763171,1491806.1662858126,336662.64958156011,28687.533641480699,248886.36997308047,2177496.2032680665,1083660.0798367707,722721.76475215878,150426.35444460859,1143330.6340841567,919867.41177150747,3221209.5600538608,1393729.6548590593,617782.47595865268,111104.43175105675,1924151.0975358868,563543.89129046316,255989.17386759797,1943382.4437629001
