c0,c1,c2,c3,c4,c5,c6,c7,c8,c9,c10,c11,c12,c13,c14,c15,c16,c17,c18,c19,c20,c21,c22,c23,c24,c25,c26,c27,c28,c29,c30,c31,c32,c33,c34,c35,c36,c37,c38
1054901.3356043964,599458.25748109131,471569.35117335321,881003.34061255539,569213.91800954915,282271.8536721007,1074349.1042638414,533423.27657537861,19488.522204217181,984011.74956732569,2071762.4443205565,741849.53410666785,2228565.1110209846,504950.47247859585,1650326.0645590192,105613.25296778475,179694.47861069156,409685.6086520048,580813.16321338527,393758.16166868259,1279855.7522605998,885805.6622101136,193463.76728969111,15981.838863210609,137512.02643818493,1152179.1477531199,541468.33418053982,317452.34916788619,65983.120304838347,588669.90177306894,492729.93423305021,1802669.9930411822,818371.36208612355,353510.15627740975,66954.284655335388,1062203.6495229816,299778.4937596806,144319.60955038754,976086.41605128185
1047163.8792532772,595059.82378859923,473998.13055879553,885150.69001009059,572428.25510461279,283727.67717466876,1080201.9209496635,536042.47690905805,19563.018453996592,990453.22995889455,2083000.4210513684,746217.39691332553,2241030.4916132898,507536.37041219953,1657924.5731967108,106114.48129997589,180543.23382653712,411431.5281218185,584034.41267578467,395859.32824500673,1285736.7943276591,890285.04769485386,194457.47032128138,16066.509108197624,138234.88000035164,1157886.7839398028,538009.17774624203,315121.48192570143,65498.641471976778,598666.53395183943,496104.39292020968,1813160.0605326011,822707.61338377523,355191.2275097908,67224.511261808191,1067284.0769555953,301253.24004121649,144919.62592854493,981695.12493590231
1039701.8859270022,590816.0695647368,476276.78806313215,889167.88553215354,575499.94456229848,285104.75578585587,1085768.8894157181,537811.59567053511,19440.828040381482,996657.55303236586,2093718.8234466331,750387.60513876937,2253460.0811305884,510252.37537731678,1665350.7439273894,106621.62036734412,181390.59448153398,413148.81140344881,587143.583556253,397894.73914946057,1291277.5670180819,894561.86180973519,195404.92934231769,16147.509944920668,138924.00194366762,1151780.2938106912,534331.50271397154,312853.74216104543,65022.487423233608,597214.19905949337,498103.52675798675,1823358.1018764961,826971.9691833104,356805.78015924967,67482.730467995585,1072135.6834593683,302646.26513666857,145483.01337757762,987017.17344945867
1032064.3053431688,586476.87379686174,473083.38300148945,893020.10338761401,578428.10780452145,284874.0107990331,1091045.8606427759,533861.80060846847,19298.057451823301,1002603.5191678416,2103849.6385374428,754382.17497709848,2265920.6014431268,513394.22147916153,1672442.5222153112,107128.6049359008,182218.77716288972,414784.30813261296,590108.98538055434,399842.37594748486,1296624.1939121347,898686.88125288219,196315.16005181271,16224.662108902445,139579.26578816169,1143321.5924378231,530407.4843779197,310556.08313130535,64544.930997381271,597150.80785602587,500869.35482392053,1833597.0624231508,831126.88101034903,358330.15291815164,67724.256568954428,1076697.5077631203,303949.50566673145,146005.67225976783,992022.94201784406
1024682.2226181231,582714.68409596896,473381.6206726614,896793.59550502442,581479.95315518323,286246.61132086703,1096637.7661531102,535804.70021128748,19227.85424566883,1008708.0797680381,2114867.46492799,758474.01456952654,2277617.6972906245,515655.75058224879,1679668.8810352173,107627.45965962288,183096.40419596795,416618.55156797467,593232.11341270991,401889.86900350131,1301804.0124482734,902747.61338190106,197215.95050426273,16301.169842873265,140231.09839476398,1141406.6390500907,527956.44433824578,308391.73481891595,64103.661036872763,600975.8237189746,503477.84196567966,1843981.6702919761,835407.90968849161,360032.25858249032,68011.370805553044,1081564.3880828472,305217.72190950369,146507.28966126169,994626.04269445757
1023615.8771404662,583954.20769759349,475661.65281459474,900602.27563850174,584518.8894273605,287615.64762866392,1102208.0522135003,538303.01710919349,19324.775065038168,1015050.2962514963,2125918.3450684077,762576.99647919531,2289843.3722245586,518536.37976409518,1687042.366820521,108170.01871549018,184033.83611505289,418582.81519695761,596471.64125334425,404030.01592117385,1307304.1870910625,906984.22442620096,198145.89248172165,16379.17896332975,140891.53588258071,1146704.9835098432,530269.63880065258,308003.84686099854,64013.120884941673,606724.73671090428,506769.07083066704,1854535.7969681984,839836.84936878411,361835.001319253,68321.396797619949,1086607.7739373054,306496.59327650099,147011.57880636767,999751.30943604838
1032080.1389748669,588415.78377239837,478021.76748962956,904514.91072908556,587619.89112906402,289040.98226975946,1107955.3882368701,540931.54931478796,19426.552781376253,1021434.8505191049,2137205.764684937,766722.2647178882,2302009.3615608052,521352.36893080821,1694668.8766576184,108717.69105698912,184983.73405367992,420580.9457426063,599736.63427299494,406181.08916170773,1312852.7672051529,911242.63354926079,199082.81112189789,16458.489487426377,141567.34011381504,1152708.8116447828,533248.80070868309,309802.27376124106,64313.688085260779,609162.25138747785,509636.26214541396,1865013.5497459227,844302.7401900551,363659.22635665687,68636.584950301942,1091793.1298164711,307834.40601205523,147547.87156241358,1004858.7603484419
1040473.2809154456,592938.68825527723,480615.23951184633,908687.88314712164,591005.75064641132,290622.36868450692,1114252.4960663489,543856.39651553356,19536.985609055744,1028198.3603640019,2149417.2332392638,771250.52085171535,2315605.3725399813,524419.51072527072,1703065.5208399438,109299.18881621778,186010.40410171982,422774.34171606496,603197.64436126186,408485.71674770268,1318749.8460603429,915731.00101199734,200091.16321067483,16545.556940194281,142312.63828751072,1159282.2819281816,536426.14112909907,312100.80793046451,64800.564390989486,612472.68816299422,512582.7386615873,1875964.1720995186,848992.9217070631,365634.14366145141,68977.204164484181,1097545.5041410516,309321.82432577183,148135.21468546966,1010288.2861411946
1049204.1894327898,597783.4470913033,483636.52771138569,913356.61202622368,594677.92475779227,292395.51986124396,1121172.6669646923,547229.00969309371,19661.080048866617,1035304.620589132,2162711.5302681713,776147.76844709669,2330435.9500020398,527897.39774774399,1712264.265697038,109922.44329279049,187103.0601458287,425127.88653951051,606833.54259087599,410901.32934063836,1325197.2772349271,920525.84718748648,201186.66764984553,16642.072677699438,143139.44679442179,1166760.5549000041,540026.2045047743,314527.61961454019,65314.260455442978,617736.00886591349,516300.65368216427,1887330.6285112556,853941.40871143376,367724.53767063963,69337.233383936225,1103852.7797584259,311083.41523662384,148869.93378041362,1016647.9440140016
1057613.3704221663,602516.07033464918,486606.8225122079,918333.75471251633,598384.85617032391,294136.51038903912,1128418.6336125762,550512.70642927801,19781.583135323024,1043165.4476761669,2176230.1675056582,781168.89511335944,2363981.6699062381,541134.32606694172,1721927.1093909503,110890.08004227682,188428.52273889672,427634.63210672769,610661.97402042232,413403.96728781739,1332096.9232954816,925546.79929245298,202303.33012738591,16737.098519048723,143958.9013593753,1174035.2417367471,543494.26414812054,316829.89333564223,65801.755301890968,645286.73704079271,536839.30490049766,1904176.3874415136,860268.42121381278,369860.38284650486,69696.899931014254,1110111.7630079756,312795.14653223654,149578.79902316674,1022837.8223652543
1054156.8757348841,607029.88939763722,489434.91868736094,922874.05998200201,601963.9955191008,295813.80068723089,1135142.6855861875,553641.52773228125,19896.44047050098,1050121.9531240433,2189023.6854743385,786010.99172349612,2371083.60029139,542274.59819477261,1730819.0512676358,111424.57023678054,189454.42465185627,429916.44857185299,614222.17200387549,415764.50856400415,1338633.4251015461,930383.77207500115,203386.50456084634,16829.581620793353,144753.70050596993,1181033.9330941874,546780.27567367873,316250.41154322808,65665.95100374677,649177.95743215212,538692.72683350765,1915505.3826583603,864950.47499782406,371878.79274370446,70041.407380126882,1116083.2815011111,314429.05456730421,150253.19330214823,1028750.9321051695
1046547.1806857499,611329.09300443029,492133.88540211378,927250.78665821103,605404.23964905611,297421.99196624622,1141652.7428302234,556621.35454089369,20005.698693440172,1056716.2677370226,2201337.7737955572,790628.16742494493,2378422.7201536731,542338.73912731756,1739308.8452156978,111882.63485529702,190411.9038872229,432091.67965031479,617675.53269778786,418040.57027870545,1344798.3440501173,934985.01535203226,204423.91589035626,16918.70274330183,145517.77852958141,1187730.536721064,549881.54016115936,313927.39397607447,65183.62585611031,646465.36695805413,536086.72966425121,1923027.7863090278,869173.09066300374,373819.99531087512,70373.062525844856,1121799.2034341055,315985.82186658494,150892.75392973263,1034394.2027510898
1038833.2373639726,608955.48129120481,494686.77911201509,931237.64137509384,608657.81169355672,298949.52218873461,1147676.4844435086,559432.11557654897,20108.723781241944,1062989.3239727486,2212976.3938950966,794952.54649016133,2384158.5651786197,539832.90711309563,1747197.0414061002,112269.03915266164,191297.48396358211,434114.57753824914,620931.17051438882,420211.64721861837,1350384.2476136591,939235.75774148561,205393.07843409563,17003.76027129998,146243.74901539661,1194090.4042449319,552783.03897254774,311620.78197927569,64704.686852391998,632680.36015249789,528182.04407868511,1931347.0456288643,873231.24943109252,375668.76152096159,70690.649268173525,1127235.1008634639,317459.42785778188,151494.34887332364,1039726.1259350415
1047440.4653135469,613401.40123523423,497766.44096666493,935899.5892763827,612089.92126627883,300590.76128361112,1154213.9150631581,562527.14045641373,20217.714083849696,1069618.4887811509,2225742.8822290367,799468.98721749533,2397892.5452592559,542770.10560361715,1756285.9424763902,112841.14995710345,192341.98223762674,436385.23543864518,624356.58861282549,422515.86051640828,1356186.018595767,943658.45410092792,206395.16222279804,17091.36500838129,146993.9086637315,1200768.4392271829,555937.58136403258,314046.36695593037,65219.570915311662,635978.31230598723,530884.83850173675,1942119.0055051264,877832.49505471229,377677.26111517922,71040.019232096078,1133371.2377410985,319257.15667022124,152268.75513113718,1046339.4201095817
1056324.4999312656,618248.35888573993,500797.23619587556,940620.63764553377,615539.93847815297,302281.2886939763,1160771.7424722866,565744.74607685918,20338.845161187299,1076420.8548327787,2238466.4664304373,804008.98808091658,2413190.4765714481,546849.58994656033,1765382.1423416554,113485.00643281115,193432.47594339564,438681.07179350202,627786.63422636117,424811.11391681648,1362085.6455902143,948131.01303098863,207403.82775151794,17179.519595907175,147755.48905762483,1207997.9521103341,559482.95660398889,316545.03914134949,65737.102355522205,648866.00048405828,537993.7753507517,1953646.6116456401,882728.93964123086,379674.69956200389,71386.074713729671,1139454.4156785961,321030.07513996912,153027.86785763726,1052848.9335527129
1064932.0828019348,623019.61847412784,503734.30181806296,945269.61628196877,618941.37550408777,303933.31124057987,1167208.3475967259,568867.24086771614,20456.443185932265,1083057.0504708227,2250945.2894239486,808506.19993305241,2426960.290838792,549504.07427153445,1774411.0665515522,114071.05017196818,194478.7062373854,440938.81710486492,631167.50629835308,427086.00520428462,1368054.1971698559,952554.81604349555,208404.02390466639,17265.787736580285,148502.6029735273,1215034.5287649399,562905.56691944657,318931.73615779367,66229.144539765257,644817.85699883499,537785.68125092122,1964219.4039059067,887430.53846269322,381648.88419800729,71728.062117050329,1145434.1195460656,322747.2327447799,153760.52044626596,1059165.3515374449
1073274.6312145935,627710.79366243281,506819.76882108219,950015.17483413452,622392.24005764478,305634.48429533071,1173766.5510414706,572127.89117140113,20578.921291980816,1089837.2329209321,2263813.1629783288,813026.19410783064,2442667.5696138055,553249.46980374155,1783753.95646455,114696.33494595838,195578.81072030411,443279.36958711554,634645.71757229581,429435.92727274873,1373865.8826555517,956949.45182239206,209409.97366491015,17354.775214233057,149269.17868470837,1222274.4824528699,566429.43230500165,321308.32230521675,66717.99945714073,651013.09747163788,541847.0063814586,1975361.5243222585,892265.1053145706,383695.04061058519,72081.952714770377,1151719.6503943964,324572.01064546587,154540.04899979607,1065809.5124882152
1080124.4234548376,632333.62446397811,509871.22878746031,955045.44430596894,625836.60887966258,307306.42505581595,1180389.0770365009,575313.26745791093,20699.028952414468,1097272.5765384512,2276688.4576213923,817604.70343483728,2478704.745283714,564705.93578370567,1793546.7629477533,115489.50887759292,196761.68328105749,445701.6820597006,638213.07189219666,431848.1832123358,1379982.4209063423,961455.35266102105,210425.73905914748,17442.026255818182,150027.22654196422,1229355.411400446,569857.70380459249,323592.3285354533,67188.443329493573,673460.20918885258,556654.01926271454,1988570.3762169098,898237.79487639968,385756.00263693597,72431.96764547113,1157949.5476068398,326363.65817235969,155302.63300501133,1072373.3343683088
1072174.1304882199,636708.65390937636,512793.82604316104,959707.12235358497,629143.77119677095,308906.49869334971,1186728.4147388225,578340.16384310345,20812.338320855812,1103804.9355077264,2289048.1204655077,821971.88014254265,2481986.1606635037,565814.52976641618,1802566.7534002115,116056.48467332851,197818.95430228658,447974.95518905279,641618.42332417332,434134.06566315418,1385739.6440071131,965798.86685760517,211400.05703549451,17526.122789630284,150754.58384418086,1236124.1261805198,573082.70827474573,324197.18446841772,66815.79746272965,677714.70340002945,559747.68361739779,1999216.6800616963,902591.26272349409,387729.21216172463,72770.735956256947,1163919.9687549134,328083.85438787565,156035.10555304217,1078705.2476875035
1064330.8047856083,640926.41625484522,515602.61678997276,964191.51798713626,632348.34102424304,310450.1113022599,1192816.8488732895,581234.92095274467,20921.173093845904,1110127.7926992164,2300942.569216005,826175.7461705358,2487097.8264377173,564482.37860497879,1811267.3791668706,116542.83977324156,198797.18994563096,450138.09203457355,644902.56267484766,436351.30223174026,1391172.75351841,969903.53101817053,212333.72094873132,17607.467575056966,151456.37065074404,1242638.2692538211,576151.23051094415,321855.03578281897,66329.040763388344,672400.36532291956,555746.4774656106,2008925.5486484959,906863.31486806739,389635.29343092337,73099.534793987041,1169673.7343049559,329736.24813247507,156737.17629228369,1084801.8166393014
1057007.1923782853,644956.59418640716,518289.31624098128,968448.57422827091,635436.6570853116,311932.96513640351,1198619.7019921273,583982.36349452892,21024.474975174118,1116351.8853709202,2312351.9982041093,830241.4835015994,2498503.2897915132,565264.42526501557,1819541.5614272226,117042.91737087004,199740.90080806278,452207.53614938707,648065.18662174756,438504.55594338558,1396517.0556886431,973958.03370580287,213243.14573895192,17686.6602321303,152137.9469162366,1248924.9518353676,579046.9424108027,319531.78086221323,65841.888807874755,665575.69898756675,553330.01414037752,2018675.8022271115,911168.49560562731,391483.00383713882,73419.471099571441,1175222.9363365732,331317.9600237867,157406.86350075869,1090640.8698305965
1049264.5141982187,641623.78861157468,520868.73702414619,972668.27057672653,638453.68838282744,313355.23187885946,1204299.434206441,586583.57595058461,21122.421573329546,1122797.1759991487,2323471.5487972717,834269.62635625573,2515328.7515502237,570462.87948842137,1827769.4459074656,117684.9265473453,200768.6400497703,454310.86043013557,651249.38023063773,440657.35281024396,1401929.5704211898,978050.78063000494,214139.91199336454,17762.948668942259,152797.98576570771,1254941.0546348786,581760.98855653987,317184.656601155,65358.278049218294,687984.71598695801,565343.30476210744,2030531.388261979,916054.10552792728,393308.59207398607,73732.359279601762,1180600.1080770206,332832.49408335163,158044.85491435841,1096237.5744192598
1041557.81201377,636910.70227532764,523328.92307697149,976664.96029394667,641335.17337150394,314709.33380352415,1209670.9952116203,589031.45082216966,21214.786829115306,1128718.985857042,2334068.0581948757,838075.85568195162,2525142.4769376572,571341.0833862162,1835566.8836292182,118163.59413003361,201672.39831384699,456269.35456123471,654263.34787904401,442712.92272298707,1406926.374272784,981853.50276380859,214988.3217287208,17835.846028132371,153426.64442010349,1260651.864434069,584283.03463068896,314855.14735115517,64878.280081947676,676648.77403994265,560580.35474697046,2039438.4926754439,920151.42655848188,395051.24461723008,74032.663993613096,1185733.1247062925,334274.56166746293,158649.76067336748,1101581.1302939823
1033913.9189230448,632231.94136330765,525667.89063333417,980536.05852540431,644097.27175926149,315993.20310187736,1214817.9284480305,591319.50841749611,21301.198016894308,1134520.4640838008,2344223.0555774537,841722.24357706739,2537291.9906038414,573821.53587138455,1843081.9138709174,118668.25822381159,202558.04651123521,458154.60912034981,657185.24056527787,444715.98824592389,1411685.4808372024,985518.24656094215,215798.87677774575,17905.263155509849,154024.46696052162,1266047.7891282402,580927.57826343447,312542.76746900397,64401.808424338225,677215.07700334908,561925.59111564548,2048890.7890211272,924270.43643704383,396736.4358608636,74322.639826041341,1190637.858270264,335642.99374274345,159220.88062467141,1106666.7401002706
1026379.0779164258,627849.19556390913,527882.14736116456,984304.63491890929,646741.50876224157,317205.9718648995,1219757.7623627232,593442.43040558905,21377.748185142176,1140319.8186005882,2353940.9283345188,845211.56577909959,2550591.0311455452,577094.29984484671,1850337.0207842812,119200.34069553345,203446.81831275683,459991.24713759043,660038.00973225606,446681.75672414107,1416275.0526931903,989061.5077154499,216573.89153827808,17971.131614092985,154590.78681077954,1271120.545703816,576752.66445239808,310270.62250989967,63932.760993826494,684246.56645795587,566458.86668219871,2059056.1425352686,928679.39846449846,398370.18567473348,74602.195666007072,1195313.4949917945,336935.93262917566,159757.23208656543,1111492.3295682664
1018957.7718178652,623321.67576687969,529968.07219888957,987928.85617429332,649254.72576289158,318343.00679452519,1224433.6463497565,591448.31175397907,21220.810452865615,1145795.2354302385,2363176.2801386728,848514.71814688598,2574508.0237068566,584377.64693915413,1857358.2328815295,119766.87405623191,204345.0639964641,461773.20159809862,662767.9299325844,448572.49291073799,1420656.045794155,992445.65554513561,217308.9752307646,18033.145165497135,155122.6153618102,1272730.8530183733,572543.60966532782,307991.88227740442,63463.192204110703,710374.46950832161,581974.89889003872,2070478.616862176,932768.89594298706,399936.21949327632,74870.927349574064,1199752.7545226275,338150.65237021982,160257.39837953571,1116038.8102321404
1011543.7454881506,618737.53875000856,531908.10621236137,991281.0540462794,651611.88821624604,318112.21547554329,1228763.8110612317,587101.8876624906,21064.846451412483,1151009.2536782848,2371829.4447297025,850528.72441930172,2573598.7761942842,581614.72766226658,1863806.621200785,120119.63894454934,205065.85784844068,463389.24468606268,665364.70803950948,450383.45842097787,1424690.724409197,995618.26140876138,217994.26623976871,17942.84546245974,154355.55626673848,1263379.6998716893,568335.84700787964,305738.746453511,62997.063004749187,701615.01656459412,570888.20046585542,2077174.9048330793,936528.21994993871,401427.15187846887,75129.334544167039,1203934.1472880831,339280.26152507524,160719.55191471317,1120287.8313170844
1004349.1917156221,614675.17439110507,531489.62409517751,994507.51461523899,649452.22407136508,315910.29552985844,1232853.1062338639,583740.72020369337,21039.72999392734,1156042.6764727067,2379970.1857384383,844295.56030289375,2584367.2290192018,584216.70800241083,1870002.8117053895,120577.50828872659,205825.6758453901,464957.5718047102,667858.46405384864,452129.74275301682,1428533.0190139683,998667.94466409949,217738.1886755981,17811.137230341024,153222.46115581086,1254948.343767809,565559.02161021321,303508.80465957051,62534.413932085612,709288.18120005447,575476.07373163698,2086227.5643452751,940288.88864247093,402856.88796874764,75377.058960087219,1207866.3124155607,340324.20929482928,161146.77781448382,1123146.7209137466
997725.59456985595,610383.00690432673,527663.42026444967,997565.18984163296,644680.40090440342,313589.84788946208,1225429.1924952606,579453.72237232362,20885.208391868062,1158217.5990383821,2373251.5861711404,838144.06318462547,2594901.6694838717,587045.09707614325,1875857.3749410145,121029.61284547638,206566.00729915939,466454.03421332967,670234.38116600271,453808.02674640657,1422158.2470809692,1001489.9495278955,216138.58264214644,17680.307279015549,152097.02883569952,1245814.0904850443,561405.06916012079,301279.70187987929,62075.146764489247,706057.23116880422,580495.54931010446,2095309.6591484521,944053.93736060301,404218.11556083022,75613.082796408562,1211530.4531258882,340219.44557229243,161551.37057129518,1115597.5878035836
990465.359514907,605918.76126046455,523788.6971746934,1000451.6334509511,639944.76084116858,311286.63543022005,1216424.7931590783,575198.18380493054,20731.831609354624,1149747.0563043123,2355819.6403947589,831988.25960536476,2604202.7839769069,588746.77158220287,1881324.5025767367,121402.76226746591,207218.00226923267,467827.21195307735,672465.46368675784,455402.63766118867,1411913.0980474874,1000144.0707897687,214551.29884453525,17550.472327512198,150980.13065712585,1236665.0378585379,557284.22651000507,299077.62167961342,61619.317073140803,696635.0859425948,577144.62655759195,2102558.9418000118,947413.86903492152,405492.03195378883,75834.271052933007,1214897.7498670444,337753.15900403471,161836.13525299259,1107794.8985750787
984809.17389654042,605977.45075323433,525816.1859933543,1003527.9010981572,642492.22021183313,312487.59692250442,1220900.3521206714,577460.23443084431,20821.802636464203,1155073.0953685995,2364905.7090665088,835469.60163078515,2613103.8064697892,590349.43219499046,1887495.7044634605,121798.43019717613,207914.86340711339,469320.30946901889,674915.50628362852,457135.31932515517,1416235.2880146129,1003405.7942993938,215315.21104269411,17619.138932494458,151560.08599242067,1241402.3357068531,560000.48384629295,298334.91491371777,61547.868249051171,697020.72868279961,578278.38493766915,2110956.3226517648,950985.04148326349,406917.68421944132,76080.867164234834,1219035.7943454953,338908.9847420287,162251.4722424073,1112219.7534581206
978086.91997769626,601946.9095182413,527723.4031373543,1006543.4561545472,644929.01714361995,313615.74961082108,1225227.3252494936,577418.62141298957,20906.510746414926,1160592.300778457,2373626.7198904511,838834.88480082713,2624426.0974332006,593617.69912347849,1893508.2511419661,122253.49008363622,208635.01627722161,470799.24811140454,677309.11700573878,458843.81226191932,1420560.6820157298,1006707.2140798683,216059.97496241867,17683.843400512771,152107.86378819944,1233459.3305273736,557840.4809438868,296149.8401261546,61095.730148415983,708111.58609881334,583698.90581108385,2120133.6712066536,954837.00546198536,408303.32229188591,76318.245727311296,1222975.1675253571,339990.32076756033,162627.21412344903,1116388.147685555
970929.32862903806,597527.61624386255,524649.96818002663,1009382.8796464095,643680.68025969935,311558.99535143026,1226846.8088029837,573178.56122601207,20789.827328303272,1165732.2774391382,2381828.4531275267,838541.63122459489,2633599.9573617345,595323.29473368707,1899229.8975491852,122652.70860426319,209327.11289286855,472250.62082813011,679601.53896981094,460523.90901814448,1424479.0535450727,1009743.601805191,216750.00504594558,17611.94073952956,151054.77863025109,1224401.0363221441,553744.33316046267,293975.1372887537,60647.068383617901,710014.01803566888,584884.76570423646,2128439.3785094647,958476.58962608234,409643.81452169165,76547.224160611338,1226725.2605386449,340982.38097932807,162056.24046819183,1114038.8141431562
979779.72550556716,602256.43062459608,526596.75473249902,1012191.2703655014,646210.79865439935,312847.07046627882,1231028.658403503,575660.48596722097,20887.597910786932,1170944.062855362,2389999.6624452341,841894.42558700952,2643745.530374526,597439.49308074184,1904991.3170855856,123080.45690755996,210065.01225295087,473797.21722778014,681908.55518893164,462212.30905576423,1428692.5754648852,1012735.3413349381,217486.27320089575,17684.517999507319,151683.03533319564,1230773.9047065959,556882.67842216999,296388.84434985428,61074.508554189371,711062.74678362138,586640.37605486019,2136857.5659351344,962142.80404549255,411014.1631874977,76786.934923989451,1230517.9813969214,341968.67904558807,161965.71321371547,1118134.5379735259
988638.341801011,607003.2918501083,528707.68443961325,1015133.0717402251,648798.76625121711,314185.21639366983,1235440.0948390961,578303.64664650091,20992.205981389739,1176128.6406176272,2398323.2102981843,845280.18394601857,2661580.2396279667,603849.8142934331,1910637.3414229953,123665.43539542283,210918.41628587118,475344.80294954299,684124.13694584323,463859.95674720436,1432890.9830467037,1015569.4068061706,218219.34697018168,17757.3841275452,152320.16184312146,1237315.699108697,560133.77446494752,298782.16501505388,61385.083239329753,740668.26207588241,607456.49767611979,2151431.6322401133,966558.53820813808,412328.40829122375,77016.569823989965,1234213.8600918602,343042.67825948307,162393.80075349432,1122524.6939320278
985868.17635910341,611670.56833997974,530693.78460476338,1018028.8271006932,651300.35315478512,315470.95167691499,1239663.9433962218,580825.00459977088,21093.45819216052,1181018.7822005849,2406144.4597205049,848548.94498910417,2681532.0244260123,610572.27075485326,1916059.8177634545,124181.11132107355,211676.25273193844,476792.93418038439,684807.89121359808,465429.38308004802,1437074.1187928449,1018283.3132153616,218929.22325998268,17827.936683769753,152939.7905613335,1243675.3255206335,563260.43082238617,297008.52728236141,60934.366312374717,745854.3828935083,612461.78522856021,2163052.2160001961,970256.17840921751,413569.67427164776,77234.385271225852,1237657.2703451351,344030.46550919465,162783.07405009476,1126635.3096863918
986180.01121104241,616124.7109557474,531494.75281913509,1020627.4851474393,653703.96927195962,316696.7246079382,1240123.7150951854,583212.8290696881,21189.45315283216,1177129.793341385,2397091.9028789266,851737.3622452243,2673332.1897503813,604715.58800320793,1920900.2089822239,124310.96596057662,212149.25477295558,478045.92284302186,679907.31194982491,466872.13921535871,1440751.5233654324,1016569.8698492179,219603.46909301312,17897.731891672764,153542.72604165581,1249786.9355728696,566235.13345793379,298118.46233995672,61447.19587816581,723403.53384039365,595501.10784774448,2161947.9583870429,972612.90215869341,414703.76579743193,77435.523991615089,1240788.2629205412,342569.23133660149,162816.91564857643,1124358.4996260668
990773.38852651895,620741.29626006144,531298.03471515654,1023093.6445916002,656412.91934013122,318052.41857624921,1244558.8522155546,585812.87746290374,21297.134342618843,1181966.7596707684,2405177.8590962007,855436.12716602534,2680897.0967309652,605381.52631316846,1925691.9835310574,124624.76438450154,212744.11857812345,479350.21016497625,682195.40548672748,468438.23713739484,1445356.1622762454,1019742.518487821,220392.95703105984,17974.173665779159,154195.82191495146,1256198.0464578965,569470.43100344739,298707.68264282384,61442.942467566507,719261.20425653318,594542.9972782901,2169198.642945352,975722.98835315078,415992.1998200845,77668.766757800244,1244180.532852981,342461.56203013106,163028.8247748393,1122887.0483585133
983632.76770961192,625239.3094949642,533247.43762397161,1025795.0724966852,659099.28097249928,319380.06073032931,1249032.2818179119,588341.99815308058,21402.106654694115,1187320.7639853868,2413690.948156287,859146.73738945997,2690835.770122624,607486.99095840531,1930953.2071426776,125015.7695219278,213397.66208313257,480748.33047505945,684715.06261237105,470162.61755692377,1450225.6050617185,1023073.0429463354,221196.84607109777,18049.58437087253,154842.19651035982,1262429.8724305816,572590.15596201597,296861.77552022261,61037.432539969785,723068.78549514408,596959.34221029072,2177594.1225390551,979352.98939246102,417409.08680207783,77918.150566354845,1247980.8193396726,343517.83726147399,163415.74009480892,1127023.4687090649
980401.79274975299,629577.35980649479,535339.63376931183,1028871.9549064109,661820.03406696511,320697.85011115123,1253604.6067935289,590795.31118877756,21502.53031746608,1193082.751106764,2422623.7895999695,862905.69676115143,2702045.381438192,609830.02776553167,1937191.3861984618,125452.99016922926,214155.31706907446,482390.46383154998,687453.62024558312,472031.34047339781,1455270.5097043857,1026651.8827329164,222034.64437727825,18126.876515728178,155499.46892294765,1268540.6655850478,575572.94908569835,295499.81319974677,60690.78390731226,733596.30426373333,600164.24677076365,2186393.199409626,983257.31665530009,418972.35181603499,78191.640779492169,1252191.8763188128,344658.9109629562,163863.45167752463,1131351.8795529131
973242.91733524902,633757.65522339731,537316.66474500543,1031972.2163535488,664510.68273481994,321962.56762631622,1258087.6136458539,593105.36572027311,21598.166613388479,1199632.7362940977,2431263.827809066,866749.52383742738,2723986.6753551885,618478.92038378387,1943472.2022787859,126038.27066648164,214996.47177465624,484088.95213166071,690270.19510093192,473946.25616062537,1461343.7327707033,1030641.8388554541,222905.27657455913,18202.500331268962,156145.43526754642,1274412.159730701,578396.49416997633,293331.88794569968,60245.244321583574,758099.02267438383,616628.18155481014,2197850.3252866231,988206.44689988752,420545.14270031673,78462.210142850774,1256240.6505467545,345723.3307984909,164276.02702727652,1135413.8707901288
966372.64031151042,631494.77255611098,539126.8773359519,1034844.8281704491,667006.27289552847,323139.68335967342,1262133.8954601218,595225.86998452677,21686.313019542362,1206507.339219298,2439248.3016886883,870211.90587016242,2756777.1892660875,629941.56536406348,1949454.2165167166,126768.83707921713,215914.05397994147,485724.47917922447,692991.28588782332,475840.30952959176,1465800.8930869487,1034063.2865483228,223688.85587164169,18274.020098247987,156752.01716665496,1279929.3411209839,580987.26681523828,291330.26087579585,59807.033205959109,767918.07587765774,630042.25430744537,2223058.825962082,994865.39063682675,422061.64901680191,78723.629811094754,1260046.739695465,346696.58655853267,164647.51043369999,1133850.9408473561
959278.8435754088,626855.92829872842,535438.22012322361,1037409.5776587634,669339.66642182623,324238.62173814088,1262943.0195874509,593871.73526723497,21768.931715773822,1210128.8624200244,2443468.4800160173,873440.70677984541,2741858.4875728092,623804.58340011991,1954589.8330649221,126856.41188999178,216408.98640309286,487086.70571133186,695353.93324967776,477486.32727471582,1470005.4787392695,1037075.2368711001,224412.27880837765,18341.608143939979,157322.71483103151,1285125.3512863652,579717.80304167571,289190.32203869458,59367.767721843913,761806.29832859547,620164.39113028266,2213948.9513103715,995038.86687576154,423426.20074118167,78967.510888605684,1263526.8707342432,345436.17618981301,164457.57432134304,1125522.2402573454
952822.44381083047,622865.56053358922,531507.03390517482,1039810.0998766195,671561.72667299828,324383.9060070219,1253695.946062735,589512.38172853703,21828.439708846814,1215269.8200555961,2425548.1709296671,876590.5076068067,2743758.7620741138,619666.37139409443,1959476.219676564,127131.46693850245,217000.54456278629,488414.94432978804,697710.75062168622,479120.98890047375,1474465.3752816955,1040189.9308026072,225121.68110394655,18406.169914506117,157865.29802717938,1289996.1912460614,575501.8057237796,287152.60958538565,58932.167177508098,741711.25071039726,610182.6769736904,2220349.1767158173,998347.29776556324,424746.32407730998,79200.502419670345,1266751.8699837355,342899.62121748639,163250.21896336175,1117354.07956239
945834.13413587073,618289.88957672939,527601.8889081059,1039656.3289674731,668514.34591895889,322000.84967542742,1244482.7435599675,585182.61319241219,21668.115382989687,1220412.7938608672,2407728.8110257075,878403.50854685239,2757820.5350020882,623636.08249586087,1964006.0667664995,127555.63876873873,217636.80447353981,489674.12008577125,699956.50461474573,480700.34249571501,1478624.5898218569,1043106.1455378911,225778.69775928571,18466.627256134194,158369.72159767925,1288194.237866224,571274.23490291007,285043.19154183799,58515.524648011604,765191.04432309989,622188.22427137883,2229408.834994345,1002000.113113874,425993.66507821949,79421.043372180968,1269673.9878528949,340381.03680431837,162051.11458065215,1109145.7646394216
938974.93430343585,613793.73228996049,523725.88756694586,1032004.6829012703,663602.54607688659,319635.63634798612,1235339.0212536317,580894.93294150208,21509.110338991577,1225062.1263341079,2390032.2002930408,871938.8954179862,2765965.1824008292,625120.63448141806,1965732.3800047832,127876.40828770558,218177.67131671074,490806.68037722621,702050.334519592,482192.62992194504,1482427.035533244,1045806.5776143133,226386.97660645156,18471.468628268412,157456.08356214792,1279000.3463538801,567153.90045226738,282949.23664201109,58085.720099316575,770649.31450313947,623194.91806917393,2237243.7487768354,1005218.5186396345,427157.47633048886,79627.591629533257,1265139.4695763942,337880.792652604,160860.87796462543,1100999.0903516838
932079.08946953702,609286.96105366154,519879.87840571214,1024426.6890236777,658725.90076680155,317287.84175619623,1226256.3546522153,576628.52011154813,21351.218420558005,1229674.0417006284,2372476.897036491,865530.57043652202,2770169.7453201408,625237.76696594153,1951280.6116100678,128138.78601019374,218652.90526964687,491828.77414047834,703981.79501323868,483615.03384175152,1486041.0870659393,1048335.0814111894,225233.03197858058,18335.787738999759,156299.50477303693,1269655.3986133703,563017.18330454989,280871.32623984164,57659.147754881575,755511.14565775834,617074.25830045389,2242942.9547492736,1008315.6898222002,428242.76918986748,79820.991948852097,1255847.9781542881,335399.4669010556,159679.54647739901,1092913.794558207
925262.01256293186,604906.49345616833,516060.6989075811,1016929.0584994386,653886.90098814701,314957.46371024312,1217244.3975477833,572393.38877397799,21194.409178078287,1232970.9100257461,2355044.0092177652,859168.63544870983,2768236.2267983775,625712.8829326299,1936937.4318474196,128411.00653903496,219095.51743530374,492730.52985537011,698803.8371979103,484947.47094855853,1489330.9048338654,1048795.8325133126,223577.73421909916,18201.090085690572,155151.45835674289,1260330.8372625783,558882.20856686879,278808.37732193572,57235.652877689608,769987.7185379049,623489.35888659197,2250534.8390538394,1011210.8553688233,429237.30403062486,80000.264558739073,1246622.5102785658,332935.94740436453,158506.72663818096,1084886.2340170906
918507.81319098582,600469.57185267191,512271.32497332664,1009503.6437051222,649088.52562899084,312645.16618639248,1208310.3954735915,568190.42296497629,21038.817473717914,1223882.72984243,2337756.1006246125,852866.95431568462,2749742.8047230155,621817.15845941554,1922733.6190641294,127548.11829297589,218035.64635054028,489623.92232484795,693674.38494522031,486191.93708124827,1480776.5874977761,1041117.7640993219,221936.98703440139,18067.455817697279,154012.32539530456,1251077.2555846865,554779.6877931644,276760.97679094999,56815.319950044592,775298.61108587065,627454.0022926965,2257411.3734403141,1014005.4543095623,427091.97476334358,80165.130232941126,1237636.7294332157,330490.95901224919,157342.65168804509,1076918.8698954158
911795.30217341136,596084.63127877668,508508.45930125244,1002079.9369382794,644319.85441046674,310348.48887728242,1199446.2364841097,564016.94058123056,20884.239409244088,1214958.5387588837,2320582.7588749365,846601.49445619807,2731598.2068097023,617581.83194518217,1908609.3826232795,126609.39203119975,216428.1900007267,486024.75753426296,688577.09875681729,483244.26519933011,1469924.7443502836,1033476.0957095028,220307.00642721076,17934.754586044855,152881.07666298805,1241926.0684526202,550703.15440978296,274728.20274024125,56398.034531843696,781094.54648497573,623538.2423981647,2250496.8765763543,1016550.6875912772,423953.87184936687,80313.369718536327,1228546.6041244543,328063.64773965871,156187.06568077291,1069063.9929964838
905349.12794762047,591711.68993324367,504774.49922475271,997459.11280988378,639592.54910889955,308069.58276760695,1190647.8560776119,559874.89625288232,20730.84716029598,1206268.8740312317,2303542.3054807503,840398.2954949931,2711373.0555587076,611740.97813496052,1895589.922070107,125652.72726888201,214831.96398193412,482454.9582685015,683555.39265118469,479700.31089308072,1459312.7909219803,1025899.5871108486,218691.06020572141,17803.112931697084,151758.91336645599,1232806.7464422998,546658.30768848176,272724.77593975508,55983.81910201985,778626.86201569531,615736.01429304609,2234271.89776744,1011197.7475279534,420842.51530889835,79813.509902818507,1219524.4215013152,325655.13393524697,155040.2369385467,1061912.6334636994
898707.39439211832,587362.89149002614,506457.11656073987,1000259.233606517,635740.14609214303,306045.47090884717,1185525.1315076554,556016.15434658749,20578.552223148647,1210665.1702227541,2304828.4109841818,836617.46835567756,2704068.8340404625,611658.01993587753,1900303.1001437744,125769.46265709877,214780.02967864575,483393.9576169143,685680.21697843017,481031.47985180729,1458763.2138868312,1028414.3928863782,218704.80306853598,17735.93750575521,151102.3361837219,1223787.8769358685,542642.4694662228,270721.86917001224,55591.081710082457,771939.637697928,614975.29930612922,2231326.5873883208,1013371.6665450452,421928.41869251913,79978.189784993607,1222743.9605632983,326791.61649154633,155538.87277859793,1066470.1324523271
892300.83855084004,583093.86489698314,502742.4398370671,1002970.4381160124,631082.76611247088,303799.31269251741,1176855.0313248204,551939.5986450169,20427.594276563788,1215411.8102598533,2287928.8146301778,830509.82328899822,2685287.1126864003,608269.62516897358,1893540.5554980072,124911.34284345857,213238.84163121891,479898.19599887397,683732.39409135224,482145.35074743297,1448781.8785001652,1025195.6808446629,217108.95631120747,17605.779033067669,149994.10603891555,1214923.0080987408,538693.80836861336,268756.28265555896,55182.902160809397,763227.01390639378,610432.47548302717,2215769.044068865,1013983.7678598179,422249.24662625836,80128.339104193408,1216912.4555275918,326409.92230651295,156002.6818995272,1065492.1393691259
885921.66793144727,578973.33476766723,499048.82542314543,1002223.1610858609,626439.56947132456,301567.20721905614,1168184.6933785952,547884.66103143792,20277.532783771359,1206186.7590972541,2271110.2652412942,824387.05501071864,2690787.2095979042,607025.22345140995,1882048.0918435059,124237.4131470415,211733.2694105703,476665.00391597289,678695.44058474363,478593.11754519964,1438129.9494920492,1017641.4449518231,215510.58100971809,17476.440831790645,148892.11037801192,1206063.5343673262,534751.77102856652,266782.23722537328,54777.556167483082,739521.99981814646,602155.3954454466,2202593.309843732,1008041.8852319896,419333.34486304712,79857.058334934845,1209356.2133918069,324012.41900309117,156425.85190150709,1057833.1738833876
879472.64323925541,574714.53318828181,495658.4315025566,999780.91736372036,621834.93339678028,299351.56238470512,1159595.4955237696,543872.88530059322,20128.705324587499,1197706.3482288159,2254429.2147391448,818338.96001925122,2699322.7019596323,606262.88956849743,1875258.0442983822,123823.96637810115,210996.97028900121,474579.7351495137,673704.55622467666,476031.37371666636,1431135.5412656411,1010574.8801855942,214115.45999182158,17366.281953582453,147859.66567601037,1197492.6947429739,530899.29557691026,264826.51921434258,54375.192257624396,734996.00227652898,599477.89000318327,2192826.6325985333,1003565.7255176564,416587.31918063486,79287.316705500154,1201070.3367151127,322369.15175241476,156832.27055582605,1052241.0818660068
873347.33590907534,570512.56512090005,492018.76472864498,993900.84399516205,617272.43926615419,297194.23725625151,1151551.2115706531,540298.95580967178,19981.138528268293,1202223.1453336622,2242042.4546003244,812452.05457989394,2704289.6782037681,605807.92598901759,1865942.0395906845,123556.78672615526,210419.33664909005,472723.06244711397,670521.23813496379,477201.64758172433,1425459.4469138796,1006419.815218676,212814.70398500786,17238.71576485478,146796.27895366625,1189281.9531925451,527180.40806575608,262881.76372274937,53975.900335992912,737244.75013207691,601263.57481715351,2199574.0185072552,1006307.8739839677,415697.05348628666,79012.673123430184,1195077.3487484208,320018.2152985218,155833.81512175885,1044632.9656233839
868746.99239604641,567817.97635996609,488648.84835590667,986849.37693931127,612739.39515734999,295054.14249343594,1143097.687121043,536858.31151220575,19938.66098121204,1206928.7349078027,2225985.1675762576,806487.72673576337,2689770.2484993348,601905.5154503563,1852250.92542776,122664.90565009639,209062.55955379675,470064.54204771551,665662.25956257968,475870.68019615556,1427771.3340693265,1001450.6950388312,211285.34074339826,17113.546868907379,145726.33878524203,1182050.3491825368,524742.96123574919,261529.95990921123,53671.117723006319,741103.74799698789,603596.45115645498,2206677.2040825682,1009235.4857259558,413267.52229095763,78716.50228794897,1187297.4777720417,317752.7646249251,155020.37784898272,1037736.4015206243
870323.12020639773,572367.92358377879,490827.07725383661,989664.82301981351,615724.1759893311,296467.51458423171,1148676.8787655453,539550.34587948583,20029.738993590719,1212416.8960741258,2236731.4978275402,810501.15240151924,2698540.0933994548,603431.73238773004,1858838.6287225669,123103.22467984246,209902.22377283924,471888.42795003939,668482.2893461315,477631.51369011018,1432471.0215838412,1004916.9807175277,212142.96091366519,17193.161463640405,146411.02141475948,1187978.1104373275,527708.32015821349,262268.89844038937,53909.69444103742,741597.02614296821,605006.24310377892,2215148.8881339487,1012738.7954280792,414849.88885464991,78979.766193295014,1192090.1313012764,318977.58364500996,154629.88416875666,1037107.9279967967
878105.25478092325,577071.82932460867,493113.67501834536,992532.77426918549,618795.03793350363,297969.11841855809,1154604.609661323,542498.97061883332,20132.855559723619,1218127.381738696,2247831.2346290681,814592.72793993051,2711077.6139192227,606870.9080257836,1865666.3607308776,123649.76250855443,210820.15753316376,473779.67456636229,671347.739607297,479449.4975248322,1437478.4112084096,1008543.9883485838,213029.14703604981,17274.446423484467,147117.4584300234,1194407.4785360023,530944.28585266578,264936.83321445854,54356.702850455338,764862.98148396832,615286.73667417327,2224601.5084084217,1016571.9270144487,416459.78399658622,79243.323250328525,1197023.1695470426,320240.53570519667,154091.39662668042,1034539.6933570608
871696.84077914082,581607.3514118758,495319.42504332936,995403.5797400208,621811.78093007393,299419.06980021042,1160496.3666638227,545321.74753715203,20231.110237324989,1224236.0151754485,2258689.1757071814,818648.66603945324,2726458.6235113507,611251.11070256075,1872453.9527862046,124214.64732431775,211747.70258989552,475649.87683040078,674202.95257746964,481270.78677151608,1442737.3507370837,1012244.9664757909,213913.83142588488,17353.654839797811,147808.25393726194,1200598.0401922078,534017.89206882997,264368.3862317219,53957.646201357515,786387.41672845418,630207.99206727464,2240784.5138525153,1020893.823611563,418053.727717139,79503.417473526468,1201868.1427211566,321474.98589365976,154514.25103056506,1035764.9638932518
865523.88811183686,579732.61692760349,497547.73809759936,998454.84739516547,624774.21272266051,300810.78769838763,1166267.423171455,547998.32723055081,20323.478829792257,1229693.6165666424,2269461.5773936678,822705.59054056136,2752858.6904151356,618206.40910666704,1879444.7156103558,124699.63918564421,212623.96572361432,477516.12451950862,676996.92281504069,483104.31542439497,1448740.1730286116,1015938.6880864524,214797.92931821107,17431.111048618899,148480.45008315859,1206508.9776751327,536897.21751636325,262489.07149865135,53561.67996885848,792244.24318992335,641427.50648004725,2267604.4999120296,1024950.0279155577,419665.08637368126,79768.474001651004,1206937.9154186037,322776.37564904749,154939.99061804439,1036815.1712053349
859242.42143737606,575473.04627256352,498764.90768107568,1001685.6925578928,627556.79414861451,302115.26666739665,1171785.6797447728,550494.20001090143,20322.969995227981,1236112.4604546789,2280000.0949759022,826411.17012036429,2807995.4205143759,633092.38650059339,1887171.0882130808,125738.02374318888,213860.19507216694,479473.5655216903,679752.63815157895,484979.88319272432,1452891.7182367344,1019269.726895774,215584.82098049534,17503.219084396071,149106.78583355079,1212041.1826609888,533776.3006779612,260561.43687374616,53168.278534476711,795419.57928430615,645474.39693443687,2295186.9198067561,1033760.4529537637,421254.58634405263,80024.948078923451,1211946.2936081646,324005.43020321702,154220.91822836318,1029265.7279834646
852945.54905084276,571214.43199644273,495092.4770213968,1004215.8161007377,630106.81737958221,303324.86962038686,1176679.8439668058,550758.04945390287,20173.466033161549,1240366.3736885169,2289697.6190591957,829736.93386122119,2796207.8313234048,628636.76351633016,1893121.8958452994,125844.95426791065,214435.02461390357,481153.02969246189,682291.09158779937,486650.89589320117,1456282.2002601235,1022088.9595759006,216297.5118784488,17570.482455118436,149688.79803109722,1214521.9852418581,529942.75454427814,258680.81227339109,52777.606388781482,796499.42622416059,643414.7970446744,2269341.2625933317,1032453.5119396767,422744.20718757517,80269.946280251606,1216595.7538947342,325130.13152434834,153146.74971324194,1021727.9386687983
846750.00581302552,567074.73068623245,491458.35065864475,1004608.5659420853,632257.52473337844,301797.05660025927,1181525.5135339801,546715.33696575358,20025.431818606921,1248059.1998512771,2299012.5301099569,833061.26428806805,2794091.9389405726,627769.06559788389,1899082.006084756,126285.68922215259,215314.70093869694,482846.36555966549,684892.68337271328,488447.92593990854,1460354.0052190518,1025056.4005199604,217003.12799803948,17634.81359859497,149846.88643172465,1205609.6020807861,526064.79328345088,256862.74539745186,52391.596719051158,800057.47291136696,647967.16037375876,2294881.3455404695,1039522.0967640433,424228.92233823566,80506.75984650114,1221042.8951443741,323841.55137772829,152074.16472530481,1014254.0283708038
840614.96340492787,562899.46408598113,487845.15784382127,997198.66564660892,627586.8624240692,299576.71558642091,1185937.4352856823,542701.75763510307,19878.277254963097,1250310.784122488,2307585.102467855,827098.42484209302,2774121.6767068971,621736.14060385537,1904610.3434525975,126400.83324168826,215739.75276981381,484268.97775079886,687080.44611385709,489875.49992230849,1463964.0328269287,1027654.1435271518,216998.3524679789,17508.332795563892,148744.23546597021,1196854.2254927142,522239.88600407686,254975.22501198776,52006.685784339461,772558.82245348406,625967.00954501494,2273453.1643805103,1038334.8205830579,425504.59971609741,80719.904943766975,1225136.7828668717,321462.36584888893,150957.28507869464,1006802.3863557231
848932.55610749149,567979.11144849635,490823.74842411448,1000925.0682042855,631208.17813472101,301428.90986552049,1192808.6350139393,546431.60133420804,20012.328887086238,1256098.295217569,2320449.3778313892,831868.7397550398,2779703.7218206599,621750.68649104692,1913058.2818341309,126867.89899411688,216730.87104936875,486537.30121528672,690329.05323030683,491968.30743882502,1469486.6446744874,1031677.0090080408,218003.69775810355,17604.001048453087,149575.16749325037,1204686.8766872277,526230.34843643848,257756.73269149958,52582.73652101303,763462.44499269547,622478.41302230163,2281856.2085302914,1041994.992602878,427443.62864052167,81056.107698953871,1231405.8275670214,323117.16934367252,151515.17622885731,1012079.605032934
860768.27724190417,573989.85794304626,494455.23943727702,1005524.1889084596,635208.38120073348,303528.90852483758,1200608.2725163738,550788.0881544468,20164.820343115382,1262690.8506220463,2335162.4226716016,837148.24367018603,2843907.4142875196,643658.03081122076,1922868.2260146094,127556.20612153343,217880.3039749297,488981.01202300802,693861.13486535056,494150.14515728469,1475827.3591671565,1036242.2078789673,219128.8114523812,17709.955047285661,150505.00296289526,1213788.7114876374,530929.83529319754,261270.28373597318,53329.536441896009,810432.3482816231,657897.14355464582,2300171.7980802981,1046559.0345904223,429485.24553591374,81403.984080219801,1238417.0461192252,325203.90240833937,152322.39076885738,1018898.0125190503
873506.39491948183,580548.52357801562,498304.74100979371,1010415.9640287041,639315.37040522008,305715.03827288619,1208657.7897997811,555400.68444596196,20334.283591681477,1270990.6203822126,2350244.4075213685,842591.21984888427,2929456.7098133829,657257.10750757344,1933361.087838951,129498.01789181308,220422.54267374956,491669.96222262195,697586.75080460694,496589.20072555763,1482449.8234934448,1040984.5253503579,220296.25791332731,17819.624667563843,151466.96487597201,1223412.6487627362,536281.06800253165,265088.48162930779,54143.724111213742,813790.84385165304,662685.92835100216,2401373.9001773135,1066308.3684308957,431642.56293147209,81767.534218747169,1245550.0272098279,327377.04256662191,153162.76840799747,1026005.1450602453
886527.00382154889,587248.32468875684,502331.83255068946,1015461.4878733874,643462.53400690004,307948.17515203677,1216667.4252956221,560144.52740618063,20507.180963909672,1275907.1631557716,2365536.3594831214,848030.83997086389,2822440.7239674358,637044.9370543859,1943362.9015666705,128682.96935589582,220059.85068622231,493942.19476431148,701079.90588839131,498634.40693077061,1489170.1882381795,1045685.5758138254,221472.39116344045,17929.712586348749,152437.7199105685,1233146.75367377,541786.82336666458,269182.95990307501,55018.034742655014,807377.63239175826,653387.43948028423,2317252.6358019626,1054932.8948137111,433674.7851510254,82114.485904892048,1252761.7266990454,329699.51098201418,154135.46872506276,1033517.5805529525
900038.6436632626,593970.949191052,506415.2728204939,1020663.7155654286,647709.76131460012,310200.9030967977,1225423.3654018156,564932.21426099294,20681.440626680291,1288014.7455775535,2381410.2924300688,853639.87157898664,2939563.2614181843,664435.33832809015,1954573.1116385225,130339.30024145306,222174.59688651605,496655.66863546998,704976.86617859488,501218.2603388991,1495757.9994154992,1050479.9632154102,222662.5725331564,18041.666759503321,153411.47126339603,1242902.9099375417,547367.59524945857,273444.28777970397,55915.307318152161,819187.74253615434,667569.07277605601,2381997.4273742745,1069994.2016311444,435881.59012374666,82475.344192085118,1260161.4661484272,332046.99706200324,155143.79256555755,1041817.4082430589
913483.992190941,600827.89214581728,510491.05914761923,1025906.4082667977,651996.45714849164,312479.63450481009,1233777.0096503892,569781.73584040138,20859.457826959457,1290374.793113145,2397177.126783696,859230.82289247541,2937562.9269773085,664528.65018787596,1964630.3522766568,130644.41740434589,222699.95904981857,499066.42946230597,708592.66464947688,503305.61493319325,1502652.0086886494,1055301.2436500629,223864.11387934932,18151.423844048069,154395.52175871783,1252770.2335744551,553007.1049118134,277642.20781647728,56790.697116636322,821503.74237171642,669145.92126292514,2372886.1208794829,1068489.3295400026,437934.8873432707,82816.450186346498,1267390.9228153476,334378.18641019281,156144.98407520153,1050048.5857740981
926387.33779601706,607506.02398565621,514505.83299437998,1031300.421426444,656169.54592646228,314710.47475176177,1241785.7719365589,574545.51494987588,21033.097065188871,1295370.654808617,2412608.3963990887,864681.45463545714,2959635.2415323998,667467.13159201224,1974910.6241342772,131120.46960280769,223650.81357661431,501479.83806467237,712045.76730142499,505366.69156203419,1508907.3561127358,1060010.6710661822,225031.56336251917,18257.843708650329,155363.17109069572,1262520.8705240153,558522.06146482727,281680.33548080048,57623.832717758531,824277.84768691589,671560.78515710763,2373585.4928852818,1068690.5427040292,439935.22254671226,83151.214704527752,1274477.3782642926,336666.78450668353,157127.10192201447,1058066.055578955
939274.34479066927,614171.04394653603,518376.31754069368,1035806.8032347072,660269.00618539227,316890.68751833716,1249277.4106684907,579172.3141885954,21203.933677354249,1301468.5455870628,2427233.0274919057,870167.98338376265,2899968.3433439443,660227.41965615051,1983347.7988682578,131133.13348862517,224394.35987879208,503747.13925270445,715415.3890173469,507380.2233008999,1518661.6663237738,1065312.693168777,226278.4944058785,18368.750236078169,156337.60214996309,1272143.210264097,563934.67119667656,285557.55555966217,58425.608306694048,819102.6427174377,667895.99044613098,2352215.3212575773,1071337.0162378303,441851.55229634565,83474.073765398716,1281192.6073857758,338874.64252118598,158085.42839373086,1065867.5175690576
951502.35704661161,620332.96325649787,522189.31620260398,1040935.4143736557,664699.25869287318,319070.55170561728,1258354.1658475366,583761.78477459948,21373.44910465115,1309982.3507472666,2442006.1373937256,876328.98223236192,2930348.4657259933,666444.05532491347,1992948.6052949694,131831.11580599935,225537.78106491297,506094.56546951499,718978.87970169017,509528.61803128239,1525456.6655867642,1070037.8776731158,227443.41775866956,18474.691243244328,157273.91252380001,1281418.1853249068,569176.53200897726,289259.66617809987,59200.863759756357,828298.09059682838,673643.620647743,2381898.360244941,1077235.7906810995,443812.64288798161,83797.71250284923,1287870.5451867189,341027.84946359921,159013.39190468739,1073341.6832306068
963535.0199441429,626212.93463786319,525907.16256836348,1046939.4869725048,668486.07733860624,321090.38731007284,1265838.4647741888,588124.51806625258,21534.465039328454,1328586.1822456238,2456478.025000371,881357.80653761001,3010761.0619400083,678874.53087901871,2006231.2430323635,134451.89136603576,230030.84876792398,509099.16699905123,722813.31603261398,512122.9162226214,1531765.9884812648,1074587.1789178038,228492.24908340885,18571.498668202792,158153.92286203423,1290229.7368383482,574124.49189364293,292879.877560099,59960.075922884913,835334.2272124344,680639.98473684408,2470102.2964852373,1102049.2552954254,445867.47995017766,84119.589866342343,1294503.2747819289,343121.26494899875,159902.55687397183,1080629.4296527784
975305.50898618577,631974.45649972802,529453.98402037239,1051135.8605134322,671772.37617922772,322991.62114995264,1271834.3410795373,592242.46044794726,21687.086158405411,1321838.0497142943,2469905.8534768848,885443.32741766656,3031072.1771145393,682857.44997651002,2016150.7223792223,135285.80152951769,231879.76333490692,511389.35510525323,725580.5480380503,513755.52968690795,1535312.4293649402,1078039.7339586266,229482.48901440867,18665.130023751466,158992.80947447693,1298632.0455073111,578773.94400894654,296393.37638945924,60697.732638225956,837440.83817716793,683234.59841916733,2471134.5900535262,1095286.3081459454,447642.2240165539,84418.365799667954,1300714.5661329366,345094.60939754138,160725.29722681368,1087683.5612826932
986593.69982668525,637515.86310565716,532737.72715840477,1053793.2389699931,675108.03133171645,324804.42803052871,1278097.5969253147,596125.21991897933,21830.500212066414,1325674.0940223599,2482160.2033851212,889550.93392296461,2954688.8621644503,673575.39623053104,2018796.8806469264,133401.85851424397,228284.62725604701,512287.55365814915,728205.34052257554,515223.17751772434,1538562.843625129,1081300.060053362,230387.79525374196,18750.915969115151,159781.4078278107,1306505.0075247255,583125.88319156016,299809.33098690421,61414.639385662267,821171.43450903241,674253.98169545736,2381744.3360607871,1087217.5324179276,449076.93755021261,84672.173832828237,1306155.8272396633,346901.00982793135,161496.69286135846,1094409.8298099141
997683.44136428321,642969.01103838731,535998.23911091173,1057754.6401493538,678340.86463148554,326540.67124033539,1284259.822310386,599772.73086075624,21965.089159160005,1329713.193597062,2494254.5269209896,893712.63462192903,2925365.5460015577,655405.34836336481,2026745.321069811,133389.85564287647,228807.61270050361,514109.15034218691,730941.50142368698,516961.28515156673,1543280.1303007598,1084932.5101851905,231296.37512940797,18836.169915516952,160546.31111105575,1314096.6365512572,587365.39872288844,303131.6336199108,62111.428365595479,828648.9477581504,666607.33814606129,2386357.1081958292,1088900.5138430945,450680.22801786638,84942.250888947805,1311897.987294286,348740.73982462735,162271.33762120758,1101045.0201872466
1008552.2720508239,648342.90708644956,539176.76674683648,1062186.9351535125,681601.34087811213,328246.52462341159,1290567.3287388496,603336.14403906686,22096.573655334039,1335225.460293374,2506371.127112953,897968.39742643433,3054881.245565475,685618.94324649218,2035985.3510653363,134717.52419270758,230038.24899275132,516132.81749702926,733794.45107902994,518752.05243631738,1548136.8237356127,1088466.8691190525,232195.11844691823,18920.706272377589,161296.03376345927,1321509.1450458413,591502.92244679283,306363.42405276519,62788.551392449379,845443.3221695245,688065.17147997767,2426725.9641994406,1093457.9629547521,452283.31990177894,85203.517828493073,1317420.5075327784,350521.37962495227,163028.14284572692,1107565.0436019236
1019053.1007227636,653545.07419428148,542303.06901752739,1066428.1559659422,684785.36704135046,329929.39192299976,1296614.8194534462,606847.41314198717,22224.628761439068,1341034.6274754938,2518157.1141174459,902069.1188663916,3091596.0281793303,693912.25465518096,2045321.5353448808,135950.90057276559,231766.28497530281,518135.35213468084,736650.07925180695,520605.8631037845,1552710.37390159,1091870.2631402987,233061.70547037394,19004.066238185944,162026.86161344562,1328732.4097703707,595527.26890810963,309501.13624835637,63444.484068494661,849144.2521064654,692348.75706187519,2465462.4863842828,1100310.7633981544,453898.60930706537,85465.675052219085,1322860.5048009474,352276.62243596069,163775.42562125955,1114028.4245519352
1029541.5490799465,658883.39154006552,545467.69304154057,1074866.4497526109,688620.85171077319,331674.3522951749,1305675.5167735494,610409.15348560503,22353.225725901859,1349396.27180438,2530889.0523937386,907133.67880375544,3108513.5429561161,696046.15307556267,2069760.4897716455,137876.89420628338,236047.02388169835,521054.73949592852,739847.00582493003,522799.94405198214,1558856.6901783743,1095788.7222666754,234025.09386197996,19089.602257100738,162775.89433661508,1335931.0043591156,599543.33254339406,312574.1962918787,64083.86058460606,851640.82169752789,694054.32615029707,2520768.1592748933,1121879.2221506671,455714.34037688479,85736.918757253836,1328496.969908346,354043.90735359828,164523.4028206972,1120543.0928477356
1039575.5812504181,663875.13946473936,548455.51389222033,1074062.4721590723,691400.93144685775,333253.37123371032,1309889.1331003564,613771.55274823355,22475.835777639564,1355051.2698714749,2542106.9541296004,910886.38706476055,3025260.1315643867,685325.56046994717,2058837.7911429843,135982.09430979053,232772.63546795395,521776.86764497764,742538.48450115661,524217.33717722556,1563243.4859649104,1099257.8608005552,234864.86670703255,19167.352832082339,163483.50780923071,1342865.4663945837,603363.76033122756,315526.03796953376,64698.764143949207,852478.07154219074,692566.56293837936,2461680.5681380033,1109774.2866712108,457106.50651461422,85976.76545099869,1333421.7544583911,355697.98975200951,165217.99274898751,1126639.7864135674
1049150.2767152581,668671.1163090776,551325.562015209,1077690.6789715628,694341.3904235349,334786.81536599237,1315461.1041211344,616986.69794302911,22592.71390685478,1358295.7100085884,2553081.1713040667,914702.65344985074,3024891.136750571,686534.04517156037,2065447.3656202396,136254.47351524065,233360.61123741523,523396.73550140526,745111.37791502406,525790.37247147155,1568045.5174512242,1102608.438673574,235683.8648959499,19242.599544772307,164161.97924995667,1349505.9989913211,607009.81001728633,318370.8277319395,65290.160413085789,854054.50616096461,694310.00266539643,2464959.2056358452,1109936.3243908298,458559.20990385872,86212.327605606159,1338246.5156188179,357288.35966455034,165886.90387931088,1132516.5369090568
1058540.2535896362,673405.95881879097,554263.66179086186,1081728.882933124,697137.85229256854,336286.38479221112,1320521.6186544022,620110.95539320644,22706.572252101516,1361707.0977468593,2564341.9831365012,918239.73728427838,2987753.1882351725,668187.29103749502,2073607.168223534,136104.65934201758,233740.51822171055,525179.77520357433,747878.45162496355,527578.0738722065,1571436.4330132473,1105408.6010174653,236444.80004672307,19317.847743134691,164821.81176421061,1356015.2491082335,610568.63226338604,321166.12443149189,65866.459674439844,818279.94112697209,667658.55273061385,2430634.5510920421,1109214.7949605046,460204.54717409995,86489.266405100396,1344088.8422921633,359103.13129264396,166710.88195604197,1138816.7030292281
1070012.8144629449,679020.69499262539,557673.29705394607,1088418.1405408769,700638.15901432582,338177.71591628325,1327049.9738630974,624079.05437959009,22860.412159674041,1375531.3191868339,2577294.2569607105,922890.30046549276,3160279.4215236413,707204.99816029216,2093628.6914017217,138695.03581798761,235888.61122832276,527456.49025729857,751379.30735670601,530171.49247637717,1577076.9228050925,1109349.0956859086,237439.9622105381,19414.200218917827,165634.60009152602,1364138.6010846563,615367.469749799,324549.47247708129,66545.056428685784,864221.2371914963,703805.7553266394,2527324.3468817347,1131454.8031476629,462103.45536797371,86786.827378091722,1350352.0991632757,361098.53033537115,167583.74124824713,1145539.8269341069
1082599.6403426358,685043.76726730017,561095.53055816353,1093114.3155012464,704728.1344454427,340116.48675247323,1335333.7139151827,628066.54549791827,23022.99212430773,1424275.4055572192,2590845.126136933,929813.63378326292,3165017.0396402306,708691.32123029814,2105322.9776463551,141267.81677432309,242338.84411604243,530740.50831130659,757030.25750251301,534085.89767555019,1591964.8503776437,1116164.0852023799,238754.24746924994,19528.553650173693,166517.31331540729,1372430.7449578762,620261.04328620131,327952.86399874231,67221.652402643478,867090.52929657546,706183.62172920804,2577844.5006713658,1159968.8022716611,464095.63836684718,87071.828406826331,1356431.9093170296,363057.1864599504,168424.47408545457,1152313.705883893
1094933.3762374748,691224.39850092796,564328.92020507192,1100532.0949481521,709321.85546318872,342071.42744667298,1343379.2194520363,631915.44712270412,23184.966043028075,1427070.4213209446,2603236.1077622734,937429.38968295406,3180187.2233791002,710776.09215127816,2113557.2267164453,141263.85202568682,242119.20243619295,532261.06026573991,759721.82904788665,536005.62495341012,1610774.3479819484,1124131.7769961755,240166.53425153598,19638.870417416791,167342.40785258319,1380304.7479589933,625085.16808489524,331279.92978068994,67877.42238204462,869918.17080218648,708321.82656977989,2586130.9624419766,1162728.7231990008,465896.00847754482,87342.575681830567,1362166.1879105931,364909.01871898567,169219.20634020379,1158948.0840685295
1106544.1106146807,696759.9942965596,567361.93777152663,1098892.5902139591,712341.54472163494,343708.60467927507,1346619.3190242248,635368.7452388677,23326.174713530268,1384101.5815765283,2613411.6685494403,942185.92111576651,3051314.7425605049,692048.69271455659,2106323.5277757775,137956.96304481701,236992.74155415199,532650.94772472396,759686.82485050184,534813.32099482778,1596777.6790542027,1121704.8239021192,240649.58775090479,19732.878299597629,168120.82508128358,1387832.3352363757,629304.42204658419,334526.60262415285,68514.956515804806,859485.63508445746,697991.76208322146,2462269.3494411167,1122316.2601063838,466886.06924037717,87597.526198870895,1367158.2082318743,366610.45800467668,169947.7743114343,1165219.1078300239
1114912.6432679286,700668.53345316101,570800.10557784559,1102676.7619688329,713956.48290884937,345389.83410502103,1351319.3128607234,639299.67359805736,23464.035076901513,1388207.5254746308,2625863.2155359383,940187.73486119532,3131982.7067057113,710908.53922463208,2114263.6577068525,138701.4861617501,238064.5073685548,534603.28164681431,762580.97746020486,536638.03984635556,1597273.0025220173,1124304.5460377715,241193.83948029586,19770.613301804242,168798.84135470638,1395622.2209080381,633621.29707267019,337638.83100271045,69123.75145912639,874769.06177398341,711873.42700702476,2517291.0767749706,1126609.2601527057,468587.67279038031,87884.537022653181,1373145.7623756642,368609.56086276943,170829.25890731526,1172656.4938649063
1125742.2509944013,706173.72287807486,574554.32822399796,1121405.6972702274,717958.15754095605,347408.06238091539,1361948.5230232289,643541.6277020697,23624.235481751177,1408561.6930767091,2641026.6980703897,945491.97726069449,3215240.6161029646,718457.24330135027,2160216.4513965161,142861.92910282596,245065.29209100883,538090.56492671464,766872.22368193034,539423.7151367187,1604071.7226739824,1128989.1822454762,242232.25545442471,19865.664795390592,169603.89106203374,1403780.5529485769,638509.56167519605,340845.08065133874,69751.080793847112,877390.47451245983,714468.25079953286,2601698.0417677206,1158383.901206807,470645.91298685275,88195.413032846729,1379848.2702189307,370724.14081594622,171733.42804801959,1180517.2254119779
1137814.0911095536,713044.54514852655,578131.23294025485,1138418.3392942103,727020.66730144748,349889.84523086337,1385174.7903570237,648065.66226442426,23797.94250041707,1456670.8220265007,2658244.3833335107,960653.17400124564,3231446.8294080882,721440.50185799878,2189427.7346539809,144707.44501373809,248935.17747680278,543142.1231565983,779191.45802257967,548964.23507612688,1637361.8439880509,1141655.0508638979,244442.30009299825,20047.057124318097,170531.26164101256,1412167.8469390247,643866.710655089,344115.95641628245,70375.834660288747,880718.38342845812,717022.51288857963,2620086.6625226154,1183514.8205077136,474024.6453461108,88506.56409539294,1386671.7871787883,372750.35628566577,172599.34582812537,1188146.883312345
1149011.352169205,718539.10101314518,581469.32969010877,1119490.8285648741,726676.99293717556,351328.77396560094,1380738.3417569757,651664.98383982084,23936.893126180701,1439083.4543585398,2666326.1200142317,957335.69542827399,3197429.991361164,717905.34141754534,2145047.9166551339,141318.55935473714,241750.83156595359,540420.26628401806,774839.35231819539,543719.01507754612,1624382.801240993,1137985.0639604514,244379.63163895052,20058.716786403129,171186.97113994297,1419602.9750891125,648089.43710055912,347211.00172543823,70972.890375004441,881874.55043115432,717295.83257417451,2580047.2137303553,1157668.2235864887,474002.60382669244,88726.080920369655,1391157.069492928,374639.81656398776,173383.87637044987,1194685.8756339476
1158359.7849796987,721937.88449888874,584514.51008235698,1118296.4235447349,727212.50293961912,352515.9084802334,1376399.5697682276,654760.44652894954,24053.167225980193,1410437.3955863942,2674659.7386000124,957998.49720833381,3100799.148172095,706131.93685388926,2143577.6945435205,140135.60280666355,240723.83466289364,541414.42383774056,773973.57092318684,543501.93119122414,1623023.1214072346,1139582.0668418447,244988.14754635619,20122.605494524014,171857.09785140169,1426384.4022978207,651442.00396367384,350107.8250825904,71540.606905336084,882644.43047134159,715074.80315216305,2504610.9917556611,1138812.7411151407,474972.85426022066,88941.835619428573,1395695.3956698314,376351.4457200719,174096.67955514116,1200736.5425176702
1167653.1595199788,726394.96264621953,587558.47014715686,1122566.8899415589,729713.99135318026,354015.14927506493,1381049.3418341051,658088.92942449485,24182.124033665776,1414010.9268006571,2685774.7862944598,960719.05569291825,3218698.1555698095,722670.15880457882,2152362.1894582431,140683.03107894713,241628.17694120822,543411.03683600517,776886.85724556306,545409.20517870178,1621151.2045908628,1141910.0188462108,245635.71726326589,20187.214149595835,172504.3719063676,1433009.9448763826,655221.39752282936,352928.53057468944,72080.563736082055,888484.04560058936,722775.05055338272,2566352.3047546274,1144987.0203999635,476694.6015782567,89231.801698845098,1401312.5611524039,378089.56380698964,174866.38443687672,1207020.6791467357
1177811.0920961394,731745.5742810386,590602.15513527417,1142204.9315470788,734743.54973467358,355754.61293968116,1394366.9969594695,661451.02475493553,24315.141005817255,1486069.8996063478,2699745.5546459807,969734.39605363458,3275830.2058203095,730816.20833475422,2213419.1182549926,147022.67208579808,253815.52980168539,553819.55484471342,793404.12579503842,560209.23180240137,1648282.0965889173,1154586.8478752244,247212.34892701922,20302.536618508173,173244.5650726257,1439816.0416521817,659192.64627496805,355702.48146409006,72602.426737717877,890894.89252456359,725270.46328359912,2652641.3856643373,1200097.2667286212,482453.94670555921,89614.401647227234,1408123.7924517323,379804.36819940509,175612.01356219189,1213451.0762585935
1187522.3786983048,736705.37686999294,593447.66259921808,1139290.555506252,739151.19307771383,357348.07151326421,1404943.1775062042,664655.71230280783,24435.798386411934,1483813.8294711686,2709681.1211031387,976434.75990589638,3283428.7388134995,732614.39982063451,2218169.589271972,147469.74006119184,254656.88921324848,556889.05687911436,793421.18582687713,560640.31394275965,1656788.1997882645,1159241.7245767722,248276.63919073858,20403.567220342786,173930.48070909595,1446369.6622042202,662937.04515490646,358367.73098472005,73100.226069182332,893267.28395981027,727107.6858049623,2659320.7588104405,1202421.0046071385,484841.1922222696,89930.139347370292,1413703.9901060474,381404.31212950544,176302.25972124565,1219552.6957625251
1196835.0947812861,741455.75926890119,596188.26442775887,1141287.5165554495,740795.79573861393,358763.75991702889,1405172.0008617837,667713.54398043582,24553.559082973512,1485789.4518516911,2720663.5466116834,976152.09411223407,3291518.119946776,734499.13695542212,2218297.064674031,147614.05712787824,254562.43020139859,555873.66810087406,795027.05635029986,559331.80270575581,1642464.3831079104,1155877.6372423719,248465.42205765206,20434.444186394165,174552.86765113525,1452706.3161656077,666570.51527870737,360924.64770253678,73571.877291716155,895500.34570286877,728780.12199337315,2660398.8161562844,1198573.7572341987,484322.60602995392,90129.593065716617,1417792.8556106309,382939.67070825055,176963.88912330914,1225417.5259036629
1205476.2332506166,745215.04152288602,598829.99122640607,1138080.7818908868,741230.68843899691,359990.5881883328,1403286.8585083685,670572.40357057692,24661.56022392802,1450500.1566187213,2729336.0001588571,975517.33390997897,3283417.2718884898,734474.52336594625,2182958.4388048365,144364.7527005201,247555.10587804567,550695.53963617678,788111.09239986993,552321.68501084659,1637707.8004363659,1154334.4571949767,248791.65332198323,20478.727634956085,175117.53706480333,1458649.7200962098,669870.28073629318,363351.71844223194,74016.168195615406,897529.72965990566,730257.64311031916,2630189.4900450935,1174400.1673641028,482915.07531100669,90314.938808322142,1421666.5403759836,384402.27246291813,177589.56814801064,1231035.9286259506
1213926.5458379549,749333.29119119537,601333.63508218376,1139572.2332403904,743887.38529040804,361322.64172000886,1407975.0772014456,673343.70573001856,24767.044818735685,1448134.6959869983,2738799.7786064381,979556.85120357387,3249432.5760294744,730821.01571174001,2184465.9460258759,143195.0752396491,245935.32427020674,551877.97185261652,790113.20269043755,553286.69862846727,1644867.2195042458,1159300.6617244445,249711.96647110331,20552.332055918287,175740.614557936,1464508.0177633688,673118.73716010037,365661.5668148484,74431.96434661503,899675.46767925506,731245.53247697267,2635133.3372706827,1169472.2404255494,484144.82982055022,90531.945371041395,1425853.002755868,385783.86465775728,178185.34684504912,1236362.1583738825
1222300.8743465082,753527.60409888683,603819.75599179824,1142903.6681102049,746658.28014102485,362639.2440109317,1412999.4986564319,676052.10148231138,24870.661085552631,1454238.6615323536,2748160.769477698,983820.98116122407,3248232.7054458675,732032.65934969217,2191153.4519245992,143232.17149909507,246247.5313296465,553279.53749886609,792403.37296312791,554445.47218444047,1657543.1650842554,1164477.146302535,250650.77052949867,20627.258568140158,176342.02325194169,1470151.3733322364,676291.51777916285,367875.08952024509,74030.535654496198,902235.16950244282,733662.83969854913,2615394.7621988165,1159584.0050914539,485332.15879551345,90742.005767119816,1430006.8522800151,387143.73678712163,178771.37328593331,1241635.5453076998
1230557.8665938932,757529.46158327721,606707.57863363542,1146089.9040019636,748706.83820395521,364044.05477052886,1417174.542882642,679486.95926770673,25000.705481238059,1446929.1706940364,2757450.1616017874,985180.32417589903,3273753.6020729472,737303.14823740115,2197796.8823255785,143314.39309271966,246472.2722423056,554834.83321808069,794330.51479103684,555787.16628390306,1649365.1225464842,1163276.5252309057,250959.38636802611,20673.392409798391,176858.60816754866,1475923.2129926069,679978.71491771215,370441.97089018777,74503.576467504143,904424.69670196902,735453.90347030177,2648248.6317160912,1163866.277509057,486599.26508713531,90952.620809237371,1434213.0568239368,388670.20103490481,179419.34360075474,1247073.8545446561
1240058.7729525648,762063.2836903109,609799.34164839238,1153159.6288314408,751610.21933735476,365588.76998716278,1423769.1953085049,683099.94718670496,25140.283135921582,1464137.4009907558,2767821.6797868712,988784.41725941119,3334813.7135698921,744424.8067311343,2222720.7274047416,148930.13547114187,256770.43949490573,559550.00514575734,797049.17989882804,557848.91584145685,1655755.8332038361,1167031.8231338605,251693.34388615418,20736.186241617113,177406.69589146957,1481923.3593216017,684064.75349979405,373079.85504783806,74964.8345707728,906637.56409894885,737494.1554252702,2687888.4177534524,1194974.8359404556,488142.58448883711,91176.324711899579,1438707.9828136412,390301.89335824642,180076.97510499216,1252621.1500684251
1250677.1022751427,767244.19847973029,612820.97948865697,1157271.6578588369,754281.62135469366,367169.698270516,1429048.3097571495,686705.22464872024,25288.947356830624,1460731.4882389151,2778279.9438814358,991904.82493279048,3331295.5497665531,746854.58825798729,2224540.9569874513,147168.82943574293,253855.12176920817,559844.06255574641,799616.84140490671,558919.1227870849,1660811.6246917958,1169611.7768576972,252394.54099251874,20798.466668015688,177950.17770260089,1488001.5575034458,688264.59379637951,375703.72341333202,75401.828918106752,908656.31585846259,739528.62245598377,2667139.7501907982,1172236.9316907248,489285.99124972499,91372.830233004934,1443154.5907693498,391849.70074370661,180725.72336005932,1258085.7278568025
1259517.137500325,771042.29547660414,615938.79961356462,1156846.6695686933,756544.82071628002,368548.48104018153,1433737.2012386867,690049.79291264445,25405.248534636805,1456010.778957257,2788741.9115851321,994380.40003306046,3233905.5312745632,738367.92975531612,2219548.8908162052,144419.22556135422,248557.71501423174,559757.23768458073,801403.70009529404,560136.19182646624,1660586.7021986027,1171301.6505445996,252947.45718863964,20854.811340599346,178446.95123799745,1493631.7737396441,691817.30354985688,378215.90236394556,75820.605119016793,908830.10555577057,737327.69919346308,2573811.1392280995,1168722.5468467923,490591.98092352221,91612.183416270564,1448302.1939708549,393630.81053743116,181493.75780527177,1263763.1301131456
1268460.5325571226,775404.72408845124,619237.38851485134,1161641.9070598523,759160.98391071323,370023.10126064473,1440387.3415999801,693594.85265244427,25537.578705323755,1470123.6622108852,2801048.8367041941,997324.26011732058,3341938.8475108366,748463.24313319591,2230406.6865911228,146093.4759206181,250443.51112248114,561905.11315129779,804445.62240462028,561998.70385907567,1664003.7810107702,1174496.0859255271,253583.77080726391,20913.051738341452,178949.75094965161,1499217.4019194355,695546.08578558348,380657.87320538494,75901.759637080308,913802.34675913048,742975.38536089822,2657992.7934107874,1177363.521594702,492156.30103645159,91865.359649604463,1453887.1497920998,395463.07443059882,182253.21319336057,1269542.6789097504
1276996.4420488225,779441.64946601202,622367.17673764506,1167886.6231238588,761698.39600977325,371476.70308573294,1445375.8048983065,696992.66099697223,25661.219737307954,1513321.334908637,2812045.784417103,1000382.7633722987,3376151.6956542446,753157.59101630771,2264962.2531918124,150233.99631619878,258479.85454837856,566881.51584799925,807731.16891420656,565822.40364457958,1667427.5129734366,1176980.2375655738,254249.0277034594,20976.78025209732,179493.67114831353,1504872.2790828876,699091.12520543637,383068.82961271924,75520.81463594042,916861.23639540654,745754.52338202053,2713376.3194376156,1221859.8335711306,494097.0563255364,92144.010880718313,1459685.7084747883,397224.86511048186,182980.51262957614,1275294.9553300275
1286841.6365942191,783983.51912424364,625452.99196347652,1169158.4010523686,764959.18970880751,373045.64766190521,1457029.8346961173,700502.62397023547,25780.549907288078,1508373.6094927897,2824195.5638856492,1004720.1890437701,3376741.3812398422,755170.72724778345,2250289.3356284047,148004.6356545513,253709.79207996011,565672.38722916413,810631.80328515463,565762.357914338,1677514.6764508826,1183721.4132108465,255158.340009412,21044.491418696492,180070.5144585075,1510604.5695086746,702753.08172358153,385425.31953728531,74983.669129740359,919316.81856310437,747806.89005439298,2712069.2661379743,1192893.3995253649,495263.86531350337,92367.571613316206,1464569.3196156968,398923.79760103085,183731.91805348764,1280949.684668063
1295295.4393420948,787708.97832421563,628270.13039430126,1173042.9861933957,767032.57509186212,374328.34371891437,1456189.9155615468,703439.63279742072,25880.338125664279,1497498.4732387415,2832709.3105027555,1007286.1822403434,3364000.6861640052,755305.53928482102,2250861.4696249831,147085.85287406101,252680.79110944844,567157.52687980386,812146.7907570051,567086.4528230126,1676838.6372215808,1183743.6181585116,255710.49626812138,21102.848455936833,180592.20108680302,1516012.1201336684,705966.04372424074,387640.46099922236,74501.107437117753,921616.3187320329,749558.83516716538,2702772.0487596951,1205732.038313942,496570.5780419588,92593.840737723222,1469280.6973143949,400571.70750299073,184490.41094223081,1286694.223380459
1303534.3673600734,791716.22819953097,631132.47797195252,1177203.2085146161,769461.78074195504,375821.49102958245,1461476.6348625352,706797.25481033872,26006.50593202878,1480929.3123331459,2843474.7444202825,1009745.7663676607,3379147.8466842165,758859.22327088832,2262797.8029972035,148027.87664136171,254332.84155643042,569096.20840956818,814614.98734376777,568611.03606395132,1678522.4738541299,1185300.643786639,256289.55505137425,21165.136285457567,181124.77270610991,1521588.8236784358,709724.69645937439,389873.99323346128,74330.083219919106,923172.02895472734,750868.15881666425,2686143.8939334219,1190894.5937836941,498072.70156728954,92830.250754862907,1474449.6098973565,402244.01981357357,185242.78459906907,1293021.5856568094
1312591.6676333852,796570.46426068887,634120.56865250238,1182074.2345515806,772275.45402232534,377456.9592306235,1467255.8239210616,710303.8287318059,26136.947191395004,1486993.9950123769,2854538.5566378068,1013049.1548351819,3393818.3075078181,760446.70012188563,2269441.3051114962,147591.84432963462,253767.72975017945,570744.36436165462,817406.64007320558,570247.63760724477,1683556.8341247605,1188277.5044639122,257039.86580654778,21236.693920777401,181733.56254449367,1528413.8647599532,713905.70251829375,392592.71392919507,74928.21020866817,926207.21892676374,752878.69985734625,2676050.6945880442,1190264.1598983419,499554.99181632599,93070.146813598461,1479548.4532536715,403971.2529896663,186029.31581936363,1299674.8689275885
1321980.2415002633,801640.93811686325,637136.18009566271,1185008.5701146463,775346.33167474077,379115.46816473728,1473631.5727275084,713848.1285941964,26264.444777277145,1530336.7593940219,2865860.7173941229,1016851.7052600994,3414889.7522734227,762284.07204849657,2274011.5195782711,148255.08309946701,255187.36154679582,572628.89519292908,820262.62812242447,572810.2092131481,1689442.9322552059,1191670.1302311306,257872.06836716909,21314.230374755698,182396.2661464547,1535463.578034627,718064.79129290965,395418.01706301526,75562.988994201791,928989.38631262048,755514.93988210231,2741253.7295040148,1230272.3416555689,501160.89058536239,93320.191783402159,1484815.0602962254,405712.16929637344,186791.85623125421,1306225.1044024699
1332815.3714631204,808085.64754629286,640253.62839090778,1195082.6988770694,781533.87183564063,381197.2940564169,1487029.096487598,717714.11245114007,26414.395310940305,1559522.9609855148,2878884.8378161322,1029374.805568219,3433250.23580088,766517.38973803818,2300049.6917207506,152812.01469024474,263118.39430580597,575541.31958522426,828206.41655273037,576717.54829532921,1745316.0121734666,1210163.4241887117,260913.37690274292,21494.452041979745,183239.79813535887,1542948.4587739971,722862.00883944321,398353.69454329705,76210.321689589357,931401.00957017508,757532.26813269861,2758478.3559656665,1241047.3633848464,502874.20581502409,93566.284705953934,1490501.9878660464,407504.7751395267,187570.78507272914,1313186.5989226885
1342666.091663697,814204.20138084167,643425.46258958185,1209180.7411274621,788189.00511878496,383143.73180849681,1513422.3163581551,721567.40412637126,26542.098947650429,1562048.5642971161,2895336.1146124876,1036018.7388852396,3441284.2857136633,767830.71939086926,2337247.8928927416,153736.81208452815,265009.20455950883,578658.82309514657,832722.01157518779,582680.25543896027,1748723.3968725887,1211758.5403316608,261259.41571541011,21560.456647660329,183869.94075913765,1549891.0235328907,727113.00303117954,401167.08232530107,76834.325298989948,933702.50779668184,759320.14536786405,2770352.6708963388,1252890.9284068935,506185.11493455048,93844.845809394101,1496867.6351616175,409269.77061638091,188319.63719584688,1319738.7738443268
1350271.6807848476,817842.21930097439,646250.49051326117,1211159.0085446367,786709.66112090251,384535.55888308026,1505279.5977670772,725017.17954992724,26674.648349220919,1526225.0991441342,2901911.8559031812,1031639.6319234174,3452389.220833417,770078.96685974638,2339541.2756433832,154330.86887854472,266393.66274184425,580626.40554152068,828894.60463802633,576669.09191928792,1733740.3722673156,1207346.6813886217,261070.5105850262,21575.308781732274,184419.97902912687,1556010.4442760551,731174.09251727909,403843.85267180047,77428.251043634285,935885.73711117613,760999.49233325722,2773772.4795212359,1228891.431259318,505633.45847275114,94025.813366210627,1500841.3502278298,410887.56737016159,188986.17945867687,1325722.2823539015
1357853.649354673,820438.50455885334,648914.19847431779,1198391.8810003179,786970.75131119369,385554.87091960065,1497116.6385476629,727770.36819458345,26766.044786025013,1517648.3319176037,2910564.7528111953,1031251.2231925339,3446607.1164372116,770193.96315941389,2301906.4744653162,151426.15392405429,260972.18577003825,579882.73332476697,830054.55783988535,577709.90615768824,1706198.1214437445,1203941.4912308136,260934.38823304529,21600.820871105097,184931.90681415642,1561689.5519599165,733986.8616069745,406287.6175876265,77983.985379580452,937923.80052346003,762455.80539001361,2774495.6115580555,1217653.7286961798,506806.34476907732,94225.136279700731,1505034.7577628638,412357.15509319043,189620.89205426408,1330959.8056196661
1365850.9506985815,824326.30678394344,651424.1944112319,1201190.1503045915,789274.81503032288,386839.29777158448,1501519.693756077,730644.880309253,26870.5639758986,1525553.7224603021,2919724.1467104433,1034018.9860758998,3441173.3880766262,770560.10526794184,2306687.8175782636,150862.02610183161,259848.14409982698,581076.14399808727,832325.05277905089,579184.202216623,1708786.5242882462,1206121.3862371496,261559.26935451909,21661.936038813092,185473.69197950102,1567280.5996814466,737244.49655453558,408734.40738076862,78525.897363983924,940071.41944648616,764138.41512440203,2773335.6461294559,1220004.3662826801,507947.66926653089,94405.850700080206,1509005.6852764615,413721.91423424036,190228.75501357636,1336209.3108053033
1374668.6255791134,829053.01726426184,653862.88545783423,1206034.2292827251,791869.09466797241,388178.86319176998,1506916.003483895,733432.93621000159,26974.267353244213,1516912.4832894369,2928737.007668524,1037293.6314634741,3461122.2364199841,774614.61734706548,2319452.4631339721,153410.24752249068,264330.86906607111,583072.05723826448,834193.56285253272,580387.07351828716,1712999.9882275793,1208894.0940790656,262281.31671942718,21733.257031254292,186038.39006982255,1572926.4955639387,740558.71284682688,411151.58191135264,79052.719223111431,941591.03998491191,765832.33599318995,2756835.5574583551,1215946.2531391496,509121.40318016318,94587.864611474288,1512961.3274662276,415039.66015718039,190811.54381343123,1341335.3943824803
1383245.9800690524,833281.9834841867,656613.11414820189,1206621.4872161513,794679.48307596811,389744.22999364731,1511814.4645449708,736749.63466071931,27093.914860553596,1516267.9217844878,2939332.8175354572,1040945.5788895295,3399161.4240850923,769195.00946877163,2317092.3765434586,150053.72434924243,258734.50919130872,583548.14544977737,836241.14973451663,581338.68963326316,1717268.9504162222,1212109.4685248828,263082.45811342838,21807.567744233569,186717.77769144962,1579785.7186107694,744415.2342034966,413775.05041225132,79601.650275830529,943143.35372833721,765660.51713610091,2669946.3664311306,1206278.5739092682,510304.06426065404,94789.84786614262,1517801.7057377594,416620.34367577219,191446.41329990071,1346339.8256703736
1393119.9066255102,838434.96054049442,659537.83384421095,1211791.1060245198,799456.44279761286,391756.14711771213,1525296.8733833649,740395.77567408385,27224.257273605384,1533339.4896218306,2952321.318744495,1046547.928489935,3466319.5564617636,777945.15657084715,2334831.5851188265,151778.8506546499,260570.38768243542,585463.86237005051,840387.54686200235,583403.78698481491,1725012.7010349918,1216543.5189588559,264090.49114815181,21922.004976415148,187455.73505513801,1587000.1787977396,748682.70273204311,416818.02140089584,80241.397143460563,943927.90349905088,767752.73301626474,2707141.9733225466,1214497.3793946377,511934.76888286654,95022.743685977257,1523260.9519232672,418304.85305664624,192186.15192207406,1352111.8154827473
1403578.6774374717,845345.94958946016,662486.07834104798,1217124.3021292875,803359.21385849058,394079.91798603273,1536325.9892198395,744472.81966508669,27366.360176689119,1547970.7549310392,2963857.0007861811,1051065.4258147532,3468233.7659419505,780118.71027534513,2351830.9513943749,153360.78131813457,263099.06084126845,587434.8669336763,842863.96012684447,585264.62797189085,1735665.0682749865,1220415.9603457151,265079.52032891358,22031.130762202378,188192.09341263428,1594455.5600256831,753693.41746414604,419922.51112942316,80887.360346708927,948407.94938350481,771041.47230023972,2779758.2878875346,1230532.1777605314,513389.50201884599,95263.277088002098,1528689.5514511289,420020.70986196987,192942.62721589659,1358141.5300555415
1413474.1690288538,849047.3036168461,665501.05785276066,1231495.7835139099,806485.9175225189,395408.83209166391,1545467.6101093427,747819.87655865122,27481.793867071749,1595880.2553218659,2978996.2081590397,1055460.1027980661,3510283.3561140033,782902.32414902572,2404637.7869797419,158465.23098695281,274058.92049887998,598123.60091327166,853660.66270200105,596536.32370361709,1737354.897215774,1224276.9928515614,265920.56118256191,22087.449025984741,188898.49633565353,1601475.2994526653,757180.26890153834,422988.87576774694,81542.912288235908,950398.48365250346,772832.57458862057,2819375.6409323476,1273472.2883807169,518181.0612488208,95591.406969278847,1535450.6825219255,421770.9485794942,193718.17789981447,1364538.5323009454
1423431.4950740675,855199.20776254986,668617.57893262664,1248387.4378033872,816499.64001905057,397989.4106053185,1555691.9699732265,751656.10477215727,27635.935547177465,1609688.8604381457,2992148.453997436,1082523.2884771491,3517340.1040589586,784737.52085935953,2435167.023406561,158603.69598416486,274452.38615657936,599655.54619694734,866583.34262053343,598059.2692005547,1823497.8861465834,1267644.4420825676,273701.50280943018,22605.457120997246,190114.51254986136,1609447.4992126231,762004.74529442878,426086.07482405036,82209.308902172255,952410.22960185632,774650.55278521229,2822753.245703537,1274478.1811882509,518568.17753070471,95800.747178418635,1540964.0866122153,423548.36857451964,194490.84619851207,1371010.9482763181
1433105.6394408606,858183.46522098361,671292.81803363573,1224511.24759295,810490.64935912215,397983.68029266543,1543200.8875765752,754023.20136860828,27717.766560158874,1557651.7789988415,2995323.4135240791,1062693.3956116962,3400523.787315812,775926.44725527125,2351948.05680861,152200.18695080443,262879.83748004504,591671.38179877889,848999.55441097147,588797.82786345726,1774535.2519653994,1233772.632315079,267932.65931546665,22350.587000682488,190344.98212652162,1615745.1638267275,764746.34902889933,429144.65665046312,82884.008934537953,953821.33997107262,775205.35733952851,2791012.2436075476,1240096.1552719206,517344.36649158614,95963.98162610532,1543484.8116726079,425152.80331900751,195224.84938026057,1377075.3193722889
1443828.4519043535,862856.28803226224,674300.57624104945,1248549.6990246193,813126.12265070318,399430.64869715058,1550074.4299763257,757267.68353748915,27834.701562829618,1572810.6414708786,3007815.7178419787,1065603.8175835137,3533720.3387008514,788106.48072627455,2415735.8775962545,158396.41380883617,274072.36013712292,598044.50637451105,852829.73495710106,590630.33109443996,1757484.6648419222,1233813.7444189084,268446.24618025194,22350.764919302175,191038.60850215575,1622618.1665730395,768530.87520190887,432278.71157675388,83563.821450252712,956448.08109222248,777763.03583444341,2835686.0559358243,1259693.1541444738,519362.23166145588,96239.661108815155,1549553.9329949985,426917.58827509213,196055.57169311159,1384033.6298522044
1454667.7403754967,867912.77396188409,677224.52345132979,1270421.6114385682,816413.7420425344,401013.78380681516,1557251.3419391259,760586.64777594595,27953.194561051678,1595417.6298592284,3019293.7916926574,1070540.1999010856,3543478.7054092209,790237.62844066578,2446405.5879613208,159589.41571612019,276014.14030190982,602374.71568940044,855154.07645115932,593992.14528394549,1790225.142770831,1238821.4551912076,269569.08098629391,22463.226454401793,191731.41314060611,1629274.7915381365,772376.31331673847,435338.81217549351,84225.811514333109,958345.9702289456,779425.04170974891,2842666.3149205167,1278710.4130637534,520958.1010575578,96475.590744713933,1554979.0297394076,428641.49202669185,196851.42054027616,1390515.3946579706
1463415.0635496231,875034.84314126952,680050.58509741712,1277715.5429600531,822132.75457699539,403042.79129074939,1570141.5860772263,763980.66605100839,28072.715052629261,1609977.1848373702,3030003.9307094472,1078876.2638794018,3550878.6860032873,791989.77643933671,2454488.3223247081,160128.75916186557,277215.62745804276,604337.77494996786,858547.665743939,596314.35851459694,1817543.0945333149,1246018.6112730403,271163.72081803175,22697.029419924944,192488.90282076554,1636197.7248024105,776558.45173840027,438223.60782271496,84858.447235982574,960143.63414145622,780897.15619083669,2847971.6737687243,1281621.8772409258,522401.68662514642,96699.161737041111,1559965.9905032732,430311.23310145747,197647.87905734262,1397037.2337343872
1472603.8545792198,879425.78957702091,682827.07075373968,1254961.9753171515,825636.0042247813,404449.15992016677,1584982.1308634102,767107.17300553538,28184.448944665499,1560535.4492442256,3041696.0303525366,1082382.7555199789,3510709.7218701984,791783.49640886555,2399629.5957593978,155824.68120850061,268253.67191585433,597920.71522872453,859303.7620576839,593730.08616097819,1799798.5690708875,1245950.0265952437,271407.61246814905,22649.412558059648,193099.43028714461,1642414.3906918203,780034.6153962696,441054.00503343571,85474.522531223643,961327.68040144828,781845.69364256493,2762528.2780296947,1232667.4950283084,522443.29339166451,96814.873661974416,1563598.8532156076,431913.22163636703,198322.22662338903,1402867.7759208051
1479460.9833210264,879869.29348042968,685362.29155809246,1242132.9089080233,824037.95509279903,405190.26843441662,1568388.0379259014,769583.27683331387,28275.893561197307,1581246.6029763853,3047655.0186418598,1080750.5197727289,3563828.5042744451,795502.86338560586,2404926.9168205308,157803.59407166959,268212.30953701655,598923.15390082821,861170.18333385768,595089.29631275556,1782439.6604190099,1250099.142693952,271932.32791203656,22648.276077302045,193712.6376074233,1648365.4281607857,782674.21566326008,443574.30687750841,86050.506505567551,963880.5773049345,784028.37683279556,2842165.519376216,1252155.5492363921,523569.12214379827,96986.760975500321,1567660.593847641,433404.2847362138,198995.1897279839,1408209.5079130498
1488043.962264661,884222.77620264725,688029.63452640106,1246034.1403026932,827188.04339149361,406740.9617562592,1574054.3521258312,772616.1034488834,28385.02946035561,1586064.798376275,3056609.8737587132,1084992.8157774196,3571661.2214131849,796480.4573655118,2395189.3778257673,157508.97411145407,271213.69509492686,600126.76241064048,862019.32075606356,596088.53032882698,1771530.4850259884,1250012.3902840046,272503.3828439666,22693.323895118865,194346.90309489245,1654571.9035544291,786186.15157839423,446291.50587558519,86636.495120228981,965589.75662179175,785348.77304974303,2861420.086371996,1281260.762373239,524438.15053748619,97138.443836027131,1571483.3508718051,434926.92294263671,199699.06672522565,1414179.5171748237
1497511.3560416799,888940.10298110952,690663.77087727329,1250821.2205584422,831773.00071084406,408349.77507204231,1579208.0562618284,775724.51560320752,28491.117589933081,1567440.7697159403,3066142.9698322909,1095606.4868807541,3567846.6363659939,798127.70699098124,2404396.991246378,158208.56428609003,272957.2385532987,601719.54669611156,863764.63470435177,596929.90581899055,1808473.846763371,1256989.3531352542,274420.75392358063,23065.682461618308,195123.74010439578,1660937.5447608777,789585.86565687216,448918.07952662598,87218.090232999341,967212.89173358295,786829.02867595374,2849860.1826140983,1255514.1328576568,525443.69171383977,97296.257303889986,1575984.0714289797,436447.7757831933,200376.64749829727,1420087.0235621848
1505632.7809317075,892662.6230387846,693346.45762573462,1259463.8653099567,839171.55323816394,409903.54258597206,1605358.3746404387,778629.37768021715,28581.000144521186,1595798.7932204374,3078356.7970212228,1107666.4111313971,3577365.1506116153,799863.21127988235,2428356.8533981168,158184.10725818865,271464.61013477301,603022.06007899542,867728.36145977152,598763.91282230569,1806214.5680220011,1260246.0676517005,274958.34271849738,23045.83781055186,195783.10481654372,1667020.9004050621,792485.97819548252,451371.41017181787,87772.656671920835,969636.79792780592,788625.7870292858,2865800.0466765119,1270149.321022599,526606.79294036271,97461.017626238463,1580673.3970447292,437995.69149441289,201066.87137886879,1425968.3646864688
1514805.1705576868,898055.18778108701,696028.54025359929,1276132.8722470982,846394.36947205849,412085.83860132343,1628938.990340953,781964.31286509067,28673.089362738632,1610982.4906051266,3092796.8293975811,1112974.8108926229,3595895.0392009853,802053.58776958322,2448445.2681764201,160282.57826540741,277202.85955748823,606620.03135692084,870401.24395430938,600749.3243394224,1816644.3367999333,1268623.6909564028,276773.52454823197,23181.97871670415,196488.65919467196,1672810.6976376923,795703.22583674372,453846.63044833951,88318.696882053118,971720.86520886177,790153.259930133,2875956.0582531607,1287831.0351168714,528129.51644107758,97653.437886974207,1585677.5093468972,439530.40385089058,201731.06475703832,1432146.0900646178
1521862.4341452559,900138.52223982441,698709.82712096337,1302314.7294316113,850450.07692088617,413141.50496351701,1649175.1015527488,784498.33141471073,28754.17667931701,1652742.2502852865,3115589.8988899449,1119406.756961778,3606539.4155447003,803834.08693372714,2511188.2476714249,162478.47636992595,281258.34828360501,615173.39542371442,893004.68979473389,614516.68582100444,1858525.9570927753,1292269.2934684919,278875.07764968125,23243.490217447325,196952.83969257539,1677586.3536825473,798238.62691082782,456242.928471894,88857.736159713109,973446.21105096804,791544.34984171181,2883330.9663326875,1303060.2664414684,532278.9998542018,97844.390603637308,1591068.1624247811,441009.1893786554,202386.4900048243,1438365.7633482853
1531042.5736865799,905432.13952647953,701071.50492161035,1292031.2670818046,843720.69043550186,413424.29707219143,1623331.2192723993,786497.51278010919,28841.173214055147,1650230.3107717116,3112380.5026990171,1113965.3467979303,3612474.9704530351,805241.78792256082,2502778.8764442364,162323.7772892135,281313.31498500751,613869.89711303567,882242.72375811811,607672.15740794945,1852004.1562950527,1283352.6907771735,278181.52251388185,23204.809290412453,197470.05886565172,1682595.7651440864,801046.14281234622,458726.21376370621,89472.109785155306,975376.6435352345,792988.21960518602,2887667.6246927097,1299861.7949751061,531097.47732288856,97986.497726211179,1593388.5414037625,442340.974189676,202973.05181349817,1443298.9530796506
1543924.9461864643,912105.92246681894,703241.4137951748,1262347.0772776543,842934.4274789301,414624.96747891995,1608422.338306414,788861.4859597137,28938.531880656628,1587648.172203134,3112640.1904428354,1105289.366111825,3596573.9042089586,804370.32894699776,2429773.1344300606,157975.00294749724,271171.36264150986,607477.69634226698,874314.94720965275,602498.24482817948,1810143.7581285639,1266778.8203638943,276885.83139727975,23142.19464934737,197930.06006768311,1687616.6847387285,804315.17073697003,461345.12113677984,90089.661957948949,976384.43360032409,793501.70835940843,2844413.3664367599,1251494.8479664815,530652.2517336302,98098.128460399152,1595711.1339167911,443582.73667864915,203587.70170170837,1448042.4843734356
1545937.1653425964,910886.79714258458,705288.06271796755,1265456.2801410153,842569.88437920029,415205.33671119605,1602327.4550865376,790805.81085943757,29010.607647104105,1581959.7932160289,3118468.6751269186,1104857.8440975661,3616149.7350760661,806196.55164535705,2425682.3058927036,157240.86447007186,270022.11093622539,608037.05438296648,875059.5733043428,603152.15935299767,1793511.443835845,1268552.8163287106,277244.30121485959,23113.694890201321,198454.86715896393,1692758.3623497523,806250.9680432789,463559.0339576074,90647.321190951086,978755.39641978883,795397.16161236179,2876121.5447289771,1248487.0108727827,531429.06107034406,98231.457194948074,1598595.038342135,444761.06488977652,204160.97604210424,1453048.4672522584
1554061.5978910017,914271.34277010697,707312.47972312418,1311045.1602402444,851977.65462477086,416587.33624126774,1644454.4396592979,793146.39015782997,29090.163347827074,1657232.8445197784,3133151.7960511348,1121943.4196924958,3630453.2704463028,809215.907009774,2508241.0869840258,162158.26129720471,281257.37479971448,614135.28925557924,894004.58714754123,611207.27244287939,1815532.9193083525,1285863.7753583188,278719.01534211199,23263.509729314668,199106.68602244879,1698060.8446080007,808803.82746943377,465922.19726265484,91231.017111267225,980400.54017524107,796827.06705326925,2899370.8461658927,1302735.4615534232,534019.93622487038,98402.533879265029,1602712.6424320966,445914.44462703797,204771.60251570132,1459070.4429988025
1570737.8367230659,924154.72924125916,709215.40325862577,1311762.552682447,864658.36229982867,418568.93305313616,1646658.5682488075,795309.27159495477,29166.755101136383,1658191.002811613,3138757.7129736124,1143986.168506928,3635655.3045781078,810345.83486138342,2511258.3649139456,162433.68077401639,281668.53741038346,615052.76188135415,892339.67151302914,611714.99931482703,1879003.523975027,1306214.5039643301,285638.15253086935,23922.700718745386,200289.94208594901,1703689.9834264906,811811.60246834822,468329.77258300124,91763.858536589207,981973.7776629423,797961.4236303732,2903257.4411383979,1304420.7690951673,534612.37043642357,98531.551635803073,1605574.9526946072,446994.99507805787,205286.76824553154,1463796.1000238699
1572359.0694915648,925594.54050247988,711017.40092013986,1296193.5225438219,865964.89886042278,419583.49195024814,1645368.9644992172,797278.81243963772,29238.258863586252,1662929.4479580661,3144455.0525330785,1146055.0841134896,3640998.8624185137,811413.48582864564,2493746.4552064613,162261.55384876189,280981.38918919984,614400.17531359184,894089.14020452776,612987.42869508662,1881395.6024015767,1304385.4123206718,285446.83574784436,23965.26935829148,200718.85209137306,1708764.5258501351,814259.80574759643,470501.47987361037,92285.847617099193,983531.68890732178,799109.92578910477,2905619.3628926873,1304182.4114571696,535225.55354288535,98646.737119739511,1608125.3058436052,447998.79903034342,205730.8837982805,1467977.6474371327
1578708.7727165543,925610.21296343696,712743.49509320396,1284132.6429036753,852056.11268303986,419470.6006599688,1627438.7205567951,798918.28200321796,29299.666221140142,1631314.1176337148,3149540.3641929636,1120486.7931481819,3642205.9684633538,812120.97390997375,2470896.6930615562,161412.12991459962,278812.70947476063,612970.81608342286,884062.69984723488,607910.35560411797,1840897.9705153494,1282327.3786917722,280344.35558836139,23457.563269086128,200694.80009473517,1712816.9285738606,816028.85198706144,472490.48058632069,92775.491790290907,984912.79457201378,800065.3277961791,2906894.728910354,1289387.9004139379,535220.04392027936,98742.055826677097,1610533.7670070042,448948.78656728973,206155.27107934302,1471768.7522666312
1588623.849742,930994.51716691989,714387.32564600406,1289729.660371701,856525.30781912443,420599.04210264888,1634102.493880807,800726.99935904541,29364.685877718519,1628307.560604756,3155705.8792829309,1127090.0476730084,3644685.0587291894,812989.32587613561,2479994.8922536876,160924.5883593683,277565.55967558199,613823.76413614117,884897.69947798119,608467.25234155566,1853267.2017215719,1286117.7949433636,281184.43017717486,23503.952968306497,201180.29556039508,1717405.7404338368,818445.51775170129,474542.24964241876,93258.806924036675,986325.96225723659,801055.6323558673,2889048.4222199069,1280539.8801151521,535894.4842902571,98837.151854030919,1612979.4855627844,449852.47837496398,206564.62033310565,1475722.96026751
1594326.9895116854,931969.25964668486,715925.81231983204,1279913.6228613802,854632.11075594346,421167.42792048294,1624036.5454797472,802191.93354602624,29419.132994292329,1633735.7267826046,3160003.5102926274,1122128.8602249017,3648613.8364608637,813377.01235016889,2456712.5579527854,160101.85637177681,275954.78696353099,613606.09783865034,885957.55971761828,609106.17065272224,1817650.2516140367,1282618.6419756345,280928.89744040451,23482.958302162086,201583.65099173706,1721544.0719669524,820206.12140275363,476406.59420454601,93716.605358061512,987707.04044518014,802049.33686447423,2910373.6778401169,1278503.6264534136,536434.17711443838,98916.471121659808,1614871.7626168104,450683.87094817625,206942.83354946828,1479515.2247626344
1603155.5427019545,937191.56628074916,717511.0661272693,1283873.91631556,860601.50038277847,422283.54997666809,1640752.4552133838,803831.88821187103,29478.793250448944,1665199.5550685825,3168055.6765814316,1137394.4037818853,3657546.0603686082,815130.52048772934,2483145.0912397909,162151.33688742225,280482.97994951229,615504.24678093719,892318.28807085066,611679.76780696551,1874210.6136127787,1301809.1833949529,282902.33057806676,23686.629830698828,202111.48183370623,1725855.0981320762,822362.09211069334,478270.80429932656,94162.541578392003,989082.40959721699,803140.27065366495,2918368.3069639844,1300275.9909526424,537435.23899236985,98994.043032609276,1617159.7356276265,451520.03653399064,207396.06725130518,1483434.8527103656
1609403.6709993184,940720.37422310689,719048.87388149556,1309654.7769523032,866881.29226935632,423365.73812575813,1648216.3882660582,805324.9728211714,29534.176346840042,1642763.1106805499,3173127.9978592754,1145365.7211310687,3657160.8152098241,814866.96827326529,2476458.1422286294,159989.83813227032,275135.57674490788,614395.08110911993,890614.79878464271,610461.40330160304,1888769.4086153887,1306372.1755880888,284959.36966792861,23883.332812694283,202644.179183072,1729972.6148711324,824372.24787805439,480026.91105609556,94587.603756934768,990236.42674053088,803776.86276804155,2915306.5994301313,1283417.1067609915,537522.76717478572,99046.610141903089,1618741.3596233774,452337.25664584711,207845.04119525419,1487463.0931890334
1615804.1083475447,943508.04360887583,720463.35856191267,1312176.8593169104,867193.48621747456,423983.87115282461,1647676.3999974988,806574.20941542438,29580.893255062023,1652800.4066329394,3178444.3674834124,1148380.0471583891,3662666.1541991481,816313.31468458427,2488962.0576517172,160520.99604978677,276142.56439545634,615190.13308435306,891524.42399958684,611546.71909515304,1886816.6866573917,1310393.5628189535,285575.97845683323,23984.945653638679,203102.49795663854,1733837.2906245477,826072.6983931663,481664.18350120418,94991.252945406799,991421.53855208214,804678.45574144786,2918524.9642969049,1293129.5665397099,538249.07700366224,99106.860730476779,1620607.863040606,453087.8294780585,208272.27221463982,1491129.9971732099
1621464.0764608055,944584.10222183494,721752.44894314534,1306088.2631025035,866427.54090793396,424557.64089160791,1648178.7948407559,807731.20846128161,29621.402186821255,1667327.2827186305,3183315.5068191979,1147689.7072438016,3667343.8917961312,817043.23932219343,2490352.0398746617,161529.87888765591,279377.77003276354,616369.65713526413,896221.55394096102,613016.49837159761,1880602.9179050843,1305995.0981469788,285448.35487671255,24005.781587496469,203484.43783975439,1737401.7966684089,827523.82590644376,483282.34387008473,95392.464098748736,992568.20487311971,805554.10521072452,2924543.6494188528,1296287.0925962825,538891.59759600949,99148.728633919891,1622084.6478420107,453769.70940797473,208678.36534181383,1494553.4204346722
1628655.0751537636,946927.61727947393,722916.41332388844,1291120.638502246,868967.52278175636,425084.18823974079,1651173.7640860176,808756.97392814793,29655.80095010675,1663831.9467941455,3186776.8169914749,1151223.0657527091,3644518.248347464,816205.41149073211,2469463.6266511148,160047.45222760711,276494.22941669321,616092.20625476819,896486.24522429635,612576.14073013398,1883183.0537576503,1306770.7418966291,286611.89340292063,24056.281542091576,203896.57963592274,1740643.5136924554,828860.96603123855,484838.39048378333,95783.958457692148,993230.7321370478,805736.05218992499,2913884.0931813982,1285776.7347518753,539089.01299711096,99169.432151950023,1623107.4527769415,454365.70651871612,209025.42058235258,1497552.5865004107
1636310.2134990469,950611.45866762474,724017.43527339015,1318570.361804781,869649.13127591275,425676.10412936448,1653438.7070777442,809792.05149986234,29689.607483496577,1674995.8430487812,3191256.2397371521,1152341.8928645402,3678897.0955788339,819125.30617996003,2526779.0762185198,163067.70093845855,281810.59111103858,617810.84888886625,899302.44544927136,614591.42416711687,1874085.5704635892,1308647.6684092889,286135.30273052672,24005.533810460664,204241.43508181744,1743834.8057730913,830293.95626534196,486332.75097752351,96159.814202989772,994464.0522997143,806945.34114510834,2929773.758735945,1307508.6773664437,539702.46000435029,99108.696501238883,1624263.6267481847,454924.5594770321,209384.07628052999,1500613.0843925255
1641479.4926785086,952599.42584489111,724972.21921822138,1303571.6086260756,865169.41482014454,425872.58853272931,1641057.9478418035,810473.72835883056,29713.069474731117,1632986.8240295348,3191258.0666010557,1138398.350889395,3665696.0928920866,818121.64107171202,2476335.1120785521,159739.3472731832,273717.37025222642,615256.32697261276,893264.86661279923,609600.80650741584,1857149.0309979825,1298920.1772144365,284694.24247830769,23840.021244474414,204463.26375349893,1746626.7589650492,831300.83742326533,487660.68363328301,96508.011886915468,990650.91276150953,806079.96722409269,2839084.6298409319,1263775.5100809545,537774.07379670814,98364.566375080976,1624279.7352762029,455389.86855280842,209698.50555216317,1503364.8650477568
1646596.0339504539,954651.12372109131,725825.90937688225,1298923.8743734686,867531.33802070247,426349.46110379085,1644786.7103151358,811151.94683792593,29734.05969737401,1629478.4502870548,3194476.1808081246,1144870.6920880352,3630744.6356608942,818634.34812855744,2473134.3548898562,158953.31265640096,272967.15533400635,613295.49428044003,894357.41012171027,605655.37944863213,1876009.3846892931,1303927.8179104412,285540.21220785897,23934.350563437787,204810.12742668047,1749334.9929107372,832303.27273814229,488910.87955826393,96830.2562839975,994091.26406097261,806872.61779448506,2816633.8183034481,1264964.7664814012,534234.93627154955,97736.776927369952,1624731.7400888393,455796.22959587589,210000.89584545945,1505981.5785884978
1651561.827288938,956054.21607388824,726534.62880089681,1308311.7275039821,867504.6630316861,426626.55497019645,1643898.7113906136,811607.25591517717,29584.968935262918,1641084.0517826183,3195967.7617021082,1143874.4312883702,3691509.7986290823,821243.14739351743,2497371.6694519874,163633.52847522244,280537.37366716453,609252.76874742983,894782.50101898483,601552.16906709352,1874128.4097397681,1305123.8623178722,286097.49876400287,23963.481057501838,205110.54428845481,1751702.242118079,833050.32853727147,490030.95436958893,97129.348713126456,999081.69686798612,809923.07221365871,2938972.8662053924,1298850.2133578588,530488.29991528869,97024.026930082124,1617980.9761836119,456110.88201187889,210256.33987856965,1508227.8401331007
1656410.4248567731,957793.13450512127,727113.18864508672,1311440.0322939579,867334.7898581177,426768.08186702547,1637053.6503523949,807737.09259520785,29369.052263420985,1624178.4682314957,3177008.9256481105,1139497.1377412754,3698168.4099191567,822258.28884397226,2502601.1074674008,163987.02200424412,280725.13953283126,604876.7230018382,890831.90175445145,597246.71076690371,1835111.9033224189,1298485.0635564232,285219.56730917172,23871.792809671959,205315.12132803581,1753810.2556507948,833661.46601587022,491110.64738073148,97431.839921405306,1000753.001894848,811095.61967319681,2942099.4980515176,1298482.5247987977,526697.57118512189,96311.580945398222,1606096.4165339442,456347.15625716775,210491.33996530011,1510284.6537347382
1661374.8087454056,959674.76258886792,727554.37681600859,1295815.7517734992,867670.61437239102,426811.73986176652,1625841.0056883674,808338.63418366131,29395.254938732276,1601669.3457604549,3153495.1898580543,1139656.2984495396,3702949.0064445208,823150.46021790337,2473153.7527606608,162558.54289387134,275217.53189836821,599839.27320666786,886340.70138305216,593711.52550984069,1840551.150353384,1299169.3936156796,285534.67932517204,23901.208644904757,205565.21288521431,1755907.8260729534,834419.49240050663,492275.56781117886,97743.723705469587,1002323.411388573,812230.16718307708,2942420.7009140928,1277031.5228894048,522891.25795104611,95602.056268921195,1594236.1548733602,456486.43728017138,210687.32528889849,1512187.9571796425
1667374.3236988729,962144.706134932,728496.03856149979,1293917.7596671756,868649.94642161694,427329.74925498804,1627365.3077638657,809554.0372197252,29440.290262868784,1593770.4331490563,3156384.368467716,1140673.1797968394,3569702.6774711167,804858.62631619046,2464991.309289834,157819.70880373445,268723.7115544668,598167.26680504368,886783.05320817954,594031.49702681811,1832583.9876715348,1298607.7616736102,285755.69712134299,23930.881644477355,205861.78545768894,1758626.2225005161,835827.15938768175,493997.2233252718,98164.747844424986,1003912.5156113014,811963.15171380911,2865625.2386755096,1250918.7967690227,523060.96416917583,95115.377319499486,1594671.8065562292,457026.63038990728,211024.97669153262,1515824.8143404941
1674290.8059805541,965260.56265806407,729794.0593267096,1299718.5088441595,870256.85076078586,427993.62168487645,1630651.1213631623,810936.78716414038,29487.76380302406,1606463.1731029849,3160633.6778759961,1143197.8231943594,3708963.849492426,824224.69464293669,2470800.87033117,159420.20607780659,269481.59613852843,598257.39227944415,887774.28180436825,594781.64528336795,1841447.668968783,1300435.6399914508,286274.44706628297,23997.968677919846,206211.06121779891,1761494.5115634364,837350.64468530961,495818.99807832344,98603.003233128344,1005473.632714728,814339.90491499018,2900539.9432648583,1265559.6295763843,522178.33848715504,94503.67165725767,1595388.4599066982,457728.83800347865,211421.44284512967,1519942.2046272724
1683654.6516109507,968652.08436550538,731091.3945195846,1329559.0692943158,874215.20842661941,428668.00774364581,1643005.4658337762,812298.01243020839,29531.704771494231,1632507.4424463517,3165906.3651879164,1156129.1799730053,3716731.8975648461,825767.50414598384,2511271.2622135151,162824.70805049982,272110.33330865315,594759.5280366604,889758.35934404423,595206.2199453275,1872849.5785552443,1312773.3330122414,288104.64708587428,24118.137198773977,206637.66105702391,1764191.544301226,838781.35043335205,497591.54200324911,99024.217900470117,1006869.6546561214,815264.71158883907,2944882.6886409055,1271483.4392565964,520130.18680827081,93810.93269508073,1594395.7114437479,458407.85572352324,211821.5675054384,1524438.8809689227
1686427.8081971544,970269.71795848594,733254.13149114384,1301165.4537875736,873543.35625058494,429690.39301243523,1637224.1701576628,814764.42680560332,29601.57533756534,1600521.2503187847,3172179.7672990048,1147268.543915638,3694593.9199848119,824122.4448258226,2474837.347668522,158375.96579303485,268369.24702464847,594939.44117277686,889688.37113241828,595918.70326726197,1841361.7622716986,1303659.0205047564,287166.58968537638,24075.441395324218,207032.4124364302,1769156.6694593867,841028.11476482812,499557.61200315878,99507.557427049862,1008125.4328754115,816100.07921633648,2883374.7348872125,1256640.356464382,520700.44160214171,93867.929190287236,1596749.2309772545,459661.14089896344,212411.57710928877,1528729.4815590475
1694602.2190028047,974144.17010644788,735678.33098599291,1307545.2910370841,876430.0351780894,431020.92477996595,1644339.9279834025,817525.08738196595,29688.909641114791,1603210.7664881884,3181491.0405823714,1151277.3367040888,3700937.1871557916,823683.92386336206,2481322.4639261062,158691.03606048904,268952.79998906265,596090.6846807783,891800.0979608082,597173.61368041311,1842792.3809093337,1306174.985031584,287821.08878340694,24152.718259565943,207583.7208389391,1774664.5671222657,844004.64383150497,501963.17645294982,100031.09036793673,1009711.5026474578,816603.90324610798,2818214.9911900489,1256123.1321919931,521727.86465236288,94031.898620465654,1600349.495175512,461035.9817605663,213030.54251507117,1534106.8807152247
1710723.8460933303,983148.80540259962,738238.82767518435,1334585.2695832492,888328.36498116457,433353.47695398761,1669708.9251662218,820838.59892713977,29788.694253994941,1686272.0414100059,3194823.2519830251,1171349.3386438952,3734559.8192509101,829907.83369561296,2555992.9230247508,166039.92721162012,282370.55546636868,606499.97100757214,903293.54345803976,610244.15051733737,1872015.5012628986,1321759.5101915922,289858.73516014405,24456.616941616991,208287.96476584871,1780843.0283251023,847775.06699761469,504583.70547900768,100555.92405136961,1011145.3382831361,818616.6366105685,2965511.7490082406,1324850.2251971036,525411.74882499315,94288.966366401874,1605541.9887143516,462460.04866409057,213675.01579051465,1539449.1086378465
1727371.9392826441,991655.38726676477,740861.32571948599,1362384.5383884385,904136.36249820155,435742.33495526051,1710020.650472271,824574.99809193541,29883.534315207457,1695219.0628216714,3225473.1271888348,1193695.3417543806,3739787.2305049472,830917.21016022796,2590830.0073494189,166599.30302791321,283238.77458344289,610763.79618668871,925949.65643796662,621712.36017994501,1909417.9879716467,1342681.5718081093,295106.40093947813,24707.948717274165,209467.0653799616,1786960.4932561514,851459.67571527895,507162.07943289966,101077.58440031727,1012489.0539037115,819639.81847201579,2968877.9647798496,1326978.6691025987,529841.7386571347,94438.82349618338,1609802.4070739769,463837.75443228346,214289.18473839859,1545894.8789707532
1727248.1287055342,991844.48089256394,742902.18051927479,1341471.5944580466,901171.94313318573,435793.34741767519,1707387.9497800427,826028.89257345488,29946.921125121044,1699515.8392627151,3226549.8540608389,1189311.3060092088,3742943.246440175,831827.05478502926,2567898.6078923652,166281.35068598978,282994.03620763047,609303.72856714227,930824.70579155837,623227.42603530618,1896027.7007321811,1338504.6695939654,293123.57990141818,24536.43212024598,209410.48977502581,1790954.0554821193,853001.66821193427,508992.83716078906,101536.08109495553,1013786.1163516116,820595.43723264372,2971988.176672719,1328790.0235833901,532163.96961141855,94624.156566536447,1612483.901413162,464988.52160875092,214761.0770533641,1548594.869730996
1725403.6369878137,988736.6102939531,744822.44811832032,1318348.2146596794,886927.08304479986,435675.83442138322,1666874.4028350625,827651.09025734756,30008.126161957414,1681634.93919588,3217006.0880429442,1168020.3125348515,3720596.0455885003,830843.18629775033,2502671.4646957265,162300.44049294243,275260.2780928319,601017.81270279887,910131.89386127505,606929.2697914833,1867991.6213808891,1317647.2373384603,290532.24700138473,24421.070090772555,209648.76422487208,1794927.6907371546,854631.41167616856,510825.75935070799,101980.80806898876,1014832.2658658044,821324.37560949952,2954102.036391689,1310114.2637589967,526296.94803406112,94677.845395538156,1613766.2521767686,466020.13228089066,215207.55072379005,1552415.7752636627
1731479.6526682768,991048.54378485132,746827.40771318995,1314847.0778805597,885922.53976094781,436509.56221451203,1662119.6261314612,829576.13078359026,30072.671267143887,1617150.4545794036,3222691.8377824198,1162916.4926245487,3562256.7138894703,800328.82545310631,2499347.8598916158,159409.62262872371,270561.5641916758,600996.04584926378,900099.73496727599,602358.82543878013,1855492.9184368588,1316333.7487352572,290521.71699022286,24391.812935350437,210031.20001078903,1798813.379840113,856686.31222955475,512692.01486911299,102408.43284606391,1014246.9573983595,816166.36934756651,2823326.7229370279,1263901.5655522037,526651.68889219314,94842.261512227386,1617493.2163418769,467230.67851207801,215756.47584849075,1556974.7844279832
1736706.076251039,993507.91242286365,749047.19615808607,1323000.5626839467,888591.11261395586,437732.88897337666,1666932.9424028788,831892.24010301696,30139.320357750341,1632407.1384279665,3231380.161643615,1167084.6233757508,3751875.9567962186,834670.7739020416,2516523.7919298313,162255.84760345283,272849.38436939631,602460.25562899024,902474.55258796678,603958.06814082793,1861771.5467229947,1319923.2174830921,291313.43603237311,24470.993012919473,210583.21929393415,1804116.9482133817,858949.09905377403,514501.0904405418,102814.01952504864,1017357.3930303369,823299.47872476594,2941480.2645326401,1279709.8478918921,527830.02789994981,95035.95158439294,1621755.1259656374,468549.67775509384,216336.22671201418,1561911.843646694
1743111.9766678482,997441.35641342273,751422.26433599158,1341289.8731992666,895830.72201278305,439593.4048777782,1675988.2056055481,834396.46389841801,30210.238086612939,1644076.5577052217,3240787.796441088,1177539.5277291888,3764032.9144442556,836546.04991929198,2537802.4034308796,161737.87577779888,273043.51471824566,604007.01998120046,905016.10713551799,605448.09095465578,1871327.0938958209,1323222.6961475187,292199.60616044555,24691.268930037437,211203.37750664187,1809886.3982558206,861478.53112052672,516374.31794903887,103220.61120857632,1019095.5223952348,824829.95584780769,2930150.6597190322,1275383.4279378084,529173.01960021211,95277.319161083171,1626234.0944705147,469913.03025905625,216935.66492709491,1567263.4823176058
1753025.0613211801,1005121.5046393139,753990.7656673087,1371734.6355377752,919807.90752507735,442361.07907717343,1724959.1862648909,837299.06518486259,30281.148754989288,1712705.2171642084,3269473.3298379225,1217826.1226532659,3771768.0137695847,838219.77809670591,2614127.5303461989,168372.5579790427,286737.80617044913,624523.04564731859,935487.71390014503,628462.63978807314,1927080.4621345194,1358456.9929719702,298391.40718517138,25108.801140219144,212403.71272771421,1816456.6581789039,864421.57880728052,518293.0551027031,103624.82876237358,1020423.9237954145,825939.91279456019,2990367.0873223282,1338010.5293746409,540749.4394465189,95758.634305742715,1635865.5107270789,471317.3565697695,217559.44565357157,1573224.8072261831
1758232.6222975226,1010352.3900625142,756143.66420354659,1375437.662153617,926276.28443297022,443996.11039325933,1728366.0228034128,839482.26435754227,30346.246333603769,1717979.5662945309,3273011.7774117468,1226511.5107313518,3775802.6685901666,839222.05931179633,2618134.3645735653,168623.75092464974,287340.92315637245,625747.22258267214,935620.47483892506,630054.34917438275,1935928.4691451148,1366437.2881680066,300342.96285614377,25293.63566531385,213336.47227711478,1822469.1103621812,866945.91690353432,520060.27494776336,104007.6713023909,1021739.7580475052,826971.97869185719,2994929.1307259635,1340453.5790438461,541541.52855887485,95968.269167034552,1637806.6789098836,472553.11674509657,218116.17470132781,1577368.1158758434
1764940.6918352472,1009583.5489555716,757997.75640123198,1363981.7536868826,913443.54171616537,443009.67257051379,1714394.6094460278,840866.05197499762,30396.349769519777,1720252.3757643655,3273929.3937774072,1216156.8866855951,3779848.0910783592,840203.81262329535,2612692.2219365095,168790.08475334928,287692.31919810217,626059.9097032873,935228.91117301839,630405.66945731174,1913633.4757168842,1354938.015363046,297282.44125542924,25106.862779969088,213158.3800582421,1826010.73762594,868383.94021784572,521692.40619953204,104368.20243509793,1022985.4192294298,827970.71710798924,2998525.043288223,1341979.0875750829,542073.10925695102,96172.746922869977,1640539.6913209762,473669.06315268215,218614.67940170056,1580691.4417427233
1767992.6235944319,1009303.6392580753,759822.46735334059,1341533.8087011715,901931.80226409109,443312.75174581946,1693658.9444965962,842532.37351827172,30449.749054745473,1709548.7529248395,3271616.490864642,1187579.8580400413,3783270.1636150372,840978.71791505837,2554676.9304333031,166640.58191667017,283973.10098805669,610624.26294391335,914655.86165074783,613800.66756406671,1890391.7516072863,1332693.9824461867,294431.39521182468,24790.569386243762,213212.92307764149,1829904.8539571092,870219.42802822753,523210.24908233096,104704.84231144268,1024285.5550388232,829008.73928980529,2999042.4618406217,1332665.2545719254,534104.5564717392,96159.74225916306,1640996.8984612611,474665.03232397069,219043.05348853915,1584095.4572800917
1772895.1407724658,1011252.4355434341,761736.71299635782,1330838.0675185521,900452.76479650592,444150.51151994965,1688233.4082072778,844629.28382195171,30510.114991162853,1646239.5876603343,3276672.896210792,1182922.6635134248,3719294.5454971804,835450.49982776225,2530295.2039638069,162134.27507549184,275507.26682624116,609684.44699509419,912432.35726846114,610814.83085581439,1878991.3406422436,1332962.4430655884,294735.74782355572,24796.903200594043,213647.03624775252,1834172.4981217929,872239.78600839246,524961.148099849,105116.84177501695,1025027.3921710134,829130.92624294234,2906592.8369591231,1293686.3030704218,534514.07590338192,96328.311063319445,1643743.4649905271,475705.39982208877,219489.10751606821,1587835.4919996415
1780416.230083419,1014902.3716325002,763859.89113587153,1335679.4690068511,904093.80237887392,445377.03030557657,1700892.3375176163,846874.74324335612,30576.773152515692,1686124.4140257821,3285848.7394116446,1190613.0754638731,3769689.9300659327,841974.35832833627,2541532.2705093357,163474.77511424944,276785.26585965097,610939.80056477268,915691.3172792492,612290.00637715776,1889480.9088852736,1346577.2956095485,296021.00450041506,24942.716679635236,214155.10402487929,1838690.9955349413,874623.04063587228,527217.20134103321,105614.20256547171,1026731.417123822,830891.75691251503,3003394.7757427082,1320373.3860925182,535718.99643315852,96505.50463455588,1646940.0089563327,476770.17226799222,219909.84565878156,1591539.7194840012
1804986.520039048,1029288.8181517614,765859.5819402691,1362969.5004456053,920513.08174114896,447636.40684805182,1734568.7749533879,849597.02801352576,30651.815368717413,1728780.6898105054,3298697.9829712021,1220298.0767635221,3799896.4374512695,844639.46285099513,2619971.6432790151,169167.37338225957,288385.61043679155,618892.87636375055,928968.18576321227,623075.13430050318,1946772.5370540726,1374709.4448061935,301482.79119470075,25372.422452531227,215044.57119137351,1843886.7242927677,878325.32726766157,529931.56069340161,106143.9660265811,1027857.1127258061,831929.81243259856,3012947.8244940913,1345302.4112780187,538450.37488761346,96693.711149841663,1650619.8915497456,477735.68372646754,220300.25191834115,1595458.4870277892
1814832.1438526257,1031673.6371295856,767604.21333881281,1376350.3004833029,925188.10330217041,448651.13855563651,1740732.4913789697,851504.03528554819,30709.823978339522,1733400.7048794669,3304468.1804752415,1227006.3968054755,3804256.945203458,845699.83608516445,2635010.4774996797,169614.72655270193,289185.00161358423,621917.26667494117,931399.18867044128,625623.01974594092,1958662.5729427841,1382485.5686879714,303422.57594297145,25507.664771229716,215585.22640217128,1848030.264352585,880434.32251143293,532011.73724544467,106609.37216264513,1028979.4453859695,832846.73289299675,3016105.9619530523,1347866.6337954686,539379.40583772678,96857.281720695799,1653475.1639725566,478627.63394940342,220669.14011216155,1599211.5078400704
1815862.2575856424,1031527.2345846535,768989.40099368093,1359724.7958571622,920819.94094707002,448485.6784735407,1724904.874456957,852569.23258689116,30750.631309108474,1730434.3585387224,3304559.9643344469,1219461.2764584827,3808000.7875600699,846674.64645205368,2611379.7531372611,169233.09407620932,288688.81049278105,619241.01154205867,928085.4393232523,621885.23048392229,1936860.0306382182,1355646.6866888299,299205.78642916976,25274.303846265055,215635.1937667873,1851631.692163419,881662.97808798205,533710.11116973381,107026.27430001613,1030147.0010214989,833772.69533624966,3017933.8113306398,1343968.2243278052,539264.2174356319,96998.061534149834,1655446.525100651,479415.44189729373,220983.29696162211,1602058.1495028681
1807737.1640881246,1027972.256792531,770446.20719869388,1352135.2204221317,914225.29558141099,448933.76907083194,1718316.5599070599,854120.60902311094,30797.805298014602,1723783.8139839352,3309682.7571736579,1208220.5156121245,3810450.0504550799,847397.6131078921,2580358.0122288284,168287.74785218976,287174.79734794912,616914.83064371615,924338.21339008154,619480.20058151486,1913786.4908674341,1350421.1335997125,298038.19720704592,25125.156665588074,215867.78247979569,1854937.4163249542,883156.662926508,535093.61864301912,107414.18296606465,1031184.906061609,834606.10931769654,3019262.80802846,1342126.3626841784,539527.52357020124,97133.071685825562,1657693.9874961763,480169.86598433292,221283.99627701164,1605012.7359628521
1812659.163896925,1029823.890491916,771824.10552593484,1358235.3828555502,914211.7966456284,449529.55037627934,1713746.7485209606,855538.72272101743,30838.77068581252,1732324.9656001166,3314561.54801413,1209556.5398742731,3813172.0274991002,848139.15720564499,2586675.4725529207,168283.86403547265,287565.96661834646,618047.31503121555,926884.15115152264,622894.50471977575,1917385.9430082834,1353134.1189672693,298473.06146732182,25158.259521453481,216234.59331784333,1858293.3254897108,884787.24246755696,536723.484773473,107802.28923356005,1032112.0175422662,835347.54009507608,3022411.9921720475,1346290.3547794018,540624.40649879817,97269.224612336009,1659894.2212928806,480876.65115975792,221559.65906387186,1607811.741483158
1818443.985613537,1032847.8228447614,773139.54183845618,1361706.8684811424,918420.99444440741,450406.12369571318,1721660.9448664638,857024.58553442243,30878.30239113111,1733181.5045376031,3320241.8042575056,1216637.5547051288,3817328.5818411871,849090.91335134779,2601490.0544846198,168773.26269533375,288353.50895832543,619428.73032217624,928105.24318212864,623302.26205150189,1927756.6712617362,1355804.6949349267,299631.60271978448,25286.588777527737,216645.166105165,1861553.9298162826,886510.79965191334,538346.33323979296,108179.12349857525,1032979.6547271976,836067.96436969109,3024748.671761008,1346830.3239634125,541334.76758268266,97389.667344901929,1661984.1055061121,481535.48841638869,221813.20586818989,1610482.910777651
1824091.5707721552,1034678.1542938418,774355.78754201368,1361493.4796134911,919153.08065205696,450935.55742399168,1721253.5944966562,858272.37896478281,30910.167761540513,1734308.4549927467,3324169.0532173896,1219190.7060729179,3818475.4179337188,849635.90901258425,2592371.75742984,168603.60648033689,287829.26979486464,618758.23160196387,928695.15250006702,622607.31158117659,1929131.0615200957,1360072.9727151182,300098.78899830347,25311.856388294938,216958.04964940544,1864467.8959731685,887907.37584186054,539884.7282020296,108538.77031214398,1033795.2584992313,836694.8281336166,3026569.9051062982,1346230.6132001095,541539.20604430605,97487.846503237379,1663552.9956698159,482131.8359493165,222037.3379495783,1612948.8248441014
1828693.5586543395,1036189.4536728066,775487.68192036124,1351624.4798752358,914901.9700544778,451553.88926936971,1715145.1095120325,859719.50941191404,30957.958268626004,1672171.839102963,3327622.0986075453,1203067.4298183722,3803260.6679670913,849451.61884704675,2576665.9300377555,167987.44239388849,287424.44968926132,619634.64363470138,924223.59098438232,619194.10597174999,1910152.8370667817,1350931.4157137568,299146.21367273509,25232.114979258313,217193.34503485591,1867300.6829640476,889525.53977305,541318.54912770283,108874.63934780251,1034511.2852822011,837247.78165554395,3025676.8508388773,1335758.8239473698,541904.83870472887,97597.625446224949,1665220.3918977515,482666.26526604523,222232.4306098251,1615111.6782191957
1833193.2517425742,1038786.7459275224,776638.69400082238,1346202.0015026203,919909.82750228513,452626.7511569396,1720531.6170180447,861502.10421807459,31016.458234556794,1730064.5367064374,3332526.5418954846,1219031.4534848568,3802028.7971471213,850588.38330561016,2561928.7606040048,167469.89869913989,286117.49765377061,618167.85886169726,926380.36793137551,619674.26054022845,1931496.8056800717,1358978.2834842387,300547.49556274229,25378.193047502307,217547.13388533596,1870651.0870990234,891624.15559164644,542916.0442533528,109250.85182822311,1035271.5933333888,837889.00808520336,3025739.1174534746,1333575.792626011,542321.39077195711,97697.640592293916,1666871.1001217538,483319.73429736099,222626.4409146345,1617844.1446794074
1839749.6125861318,1044930.1505360442,777893.14022248751,1377371.0327074027,927418.14651386172,454142.01114945218,1737120.7979990237,863595.13759438926,31080.797404716657,1748754.0456842142,3340975.5680718594,1230731.9853772572,3830470.6772068627,851682.93530738738,2622095.8065938242,169090.41859325074,287805.76692537888,621642.01690303325,938364.23042170354,626813.79702520836,1949215.1775885471,1369699.1249603606,301964.11479794414,25455.816312236184,217945.5249346584,1874251.8897594025,894084.66360432899,544596.58249067911,109640.92886734458,1035956.1735557267,838418.47627248731,3021619.6768685007,1346852.0261731565,544198.64308113372,97835.109390653219,1668996.6359623503,484039.76126375451,223017.88881416305,1620871.810269516
1847721.3696309626,1052407.1663423961,779119.94871559215,1362740.6533686381,942271.36541307566,456076.98362675746,1769623.2770269131,866143.77314432606,31163.972155912266,1754596.5413220581,3351313.8069695085,1244864.7380223004,3831999.4343213392,851974.34616877406,2610546.7096927231,169278.71848733598,288585.66422098124,622699.01268688473,949111.26679784793,633936.81849644915,1956299.0496402143,1378158.7038857993,304013.46060930874,25634.260527498383,218373.98235259345,1878098.5228246418,896985.40785471152,546217.54204834695,110006.31620942567,1036487.1560350161,838762.24583011039,3032573.1842067223,1354973.5995260612,545962.7517609722,97927.406108107854,1670824.2244513887,484724.02321091399,223368.98230794174,1623674.3731700492
1855635.2966313479,1055910.3962785846,780346.16798274196,1401442.2421133523,928325.42400291713,456808.67233874917,1757384.8503865148,868089.45928595611,31225.315858519694,1727513.7109226743,3352906.5313428254,1214164.5454600006,3837056.9938853523,853012.35046924045,2657982.4212282095,169734.33371238707,289551.24559727241,625757.55976705905,936489.22135437711,628413.22322443011,1909619.4188728195,1356158.0800020571,300488.08376587252,25354.888311833125,218408.62136400343,1881079.5394172503,899336.54313687154,547875.03376267222,110370.1515582284,1037537.7254041478,839516.38593735883,3035059.9133847342,1353276.7113677054,546193.13653335709,98039.184548073521,1673049.8860582379,485406.76241708593,223764.04740966111,1627585.1884832792
1853629.1949751037,1051181.7469742554,781306.08085228608,1371416.2858595287,925038.04858464701,455996.92427059117,1740269.1821700954,868573.15956458694,31262.315016446515,1758530.754678325,3353262.1111345263,1219619.2144813675,3835542.7810524348,852834.71008789341,2608419.9299184196,168962.05834977873,287495.2026902436,620180.11361865269,936122.78207321349,626462.81417050632,1915942.9423685221,1364350.9065130879,301125.97586880444,25424.726499519405,218734.78453243608,1883924.9531848414,899715.81522399362,548892.16146810935,110664.06553701003,1038055.267978722,839731.85394835076,3035222.2961649466,1353542.3081892985,544877.51072004694,98051.68675280879,1673006.0379222371,485957.83316916047,224027.99264272576,1629485.9776923985
1858153.6915815035,1053717.4130930714,782277.96073541197,1354658.1694494698,946016.91560432664,457005.27555661608,1753899.1364480143,869850.86555982719,31299.444213941733,1748119.8286575375,3358091.4005965153,1258977.4605227124,3793199.1215237351,851355.86781083257,2571908.5608605244,165855.63503292328,282084.3033899666,619756.56516703346,931768.07979384332,622918.500533527,1945070.6482073606,1370212.554500947,305648.60096340533,26059.162204917055,219677.29794769725,1887475.304140294,901001.706489473,550075.02015336533,110959.01357606478,1038947.8100001109,840136.53577712865,2994531.9856409305,1339583.7814255264,545032.82373877079,98171.275327225696,1674368.3165775067,486486.49126090884,224308.7767384398,1631800.3588281963
1861805.7551416331,1055906.912350113,783270.93255553779,1372957.3013685367,933002.38273170299,457276.67834354495,1741183.3199583504,871295.06560869049,31342.552095082774,1755981.0278843031,3364363.9078365313,1238162.8931147861,3843989.8391655986,854148.86697413435,2626911.9779312843,170195.69040612655,290188.23302937113,627210.03513456497,942738.69931533292,634508.48452692223,1948663.0158572569,1368073.4459043383,303191.88291645941,25884.208871324921,219538.95366999993,1890378.9210979594,902525.31038579275,551284.0364012653,111246.68007490896,1039625.0349792867,840809.03717703454,3038138.6590800723,1354115.4547603289,549187.16162371275,98416.952937314432,1676653.6080094334,487015.44476365129,224588.47785372243,1634507.8800765667
1869977.9081937987,1059162.5483574551,784174.79237405898,1361016.7782747468,933224.76105703088,458010.34919034387,1744827.0313032968,872788.49541608675,31382.386515266306,1763202.0624832427,3367709.7840828528,1232891.8962340427,3845583.8466607276,854941.94848732441,2592057.7846812,169690.47421603734,289819.68463177554,625694.73957953602,946815.28666691121,640825.34358363389,1924060.7897206389,1363949.1285902066,302595.03445631085,25809.24444896253,219782.20925432941,1893201.9627608738,904043.85169171414,552427.02000040503,111521.07444143394,1040323.1407842491,841369.93652616907,3040074.5118081984,1359738.6488226498,550520.51740396582,98544.834918566819,1677605.8712056645,487478.1872321869,224839.82416004577,1637005.5803053605
1869671.2116601714,1057814.8950485156,784988.46325753641,1374856.4289840313,927208.56312089786,458056.28592586255,1736149.8053740487,873850.77210816869,31414.710515821025,1762150.891655386,3370556.3221846861,1220427.1371417916,3847991.9555998435,855035.44723545527,2628396.0504058474,169338.84681138478,286463.45450239896,621965.3908885424,942862.9056831866,627588.27603471815,1936563.7592583015,1370595.5665310624,302732.77823278517,25554.039795222063,219989.31483226057,1895465.4047139948,905086.04551352561,553384.03873752465,111769.78255587372,1040903.1548318035,841583.76607524999,3034143.8688618275,1337021.759231243,547578.66640125413,98563.239790211184,1678181.4491048511,487881.06257795112,225068.54194489197,1639155.8357316174
1873089.2185184555,1060288.9194843911,785692.24956143287,1366525.0986930372,931317.66856153402,458677.33323611942,1747383.3037805974,875083.17796380061,31443.259555875215,1739510.0103263427,3374574.5363283954,1236298.8589429515,3848217.6321892263,855268.81276378711,2608925.2777346065,168669.58871852173,285739.10303525912,622243.51726421772,941032.53651066322,631336.968146567,1940952.2212937055,1376460.9135907299,303631.61364230275,25660.407942968326,220333.53647811801,1898227.0022415062,906281.13761870447,554294.65898051311,111996.66778513565,1041299.8067116876,841666.50849872711,3030317.6366787567,1350216.8931933015,548224.19227301411,98614.117495228507,1678881.910962665,488210.58001409675,225272.31937254057,1641111.3833846473
1876418.9233282788,1061303.2247541915,786648.46843365964,1357279.9033380074,928944.19369698293,459142.11164167069,1738274.2675075498,876381.34867511084,31492.86971955164,1695319.8838389697,3377582.5880803089,1223458.3609793144,3805640.9396543498,851108.76190566155,2574150.5525217438,163376.83742968869,276999.13523763476,620459.20866645838,935610.40451069095,625002.52181920665,1916220.2423274973,1365160.7731220033,302860.89839968993,25553.816260525222,220617.55280962616,1901090.4306176691,907774.03804303496,555489.49071978813,112280.05024610479,1041527.4664073867,841181.10620734747,2969673.1431315229,1311169.0103416045,547762.45639558474,98687.594685582473,1679725.2692671381,488734.65515476,225584.01371786615,1643584.1530072028
1881318.3874717448,1063725.0413376596,788413.90658502153,1359565.8859072872,930439.54130952701,459899.27832880168,1740651.0681744854,877926.746867412,31547.495966437553,1723453.336505658,3382436.5084714042,1226254.0150816846,3694449.0159510924,839831.85898823303,2577244.3164697532,163410.93834201194,277237.87126741023,621082.6609670358,936327.3640729594,625394.69374417816,1930552.2677500988,1369136.7200456876,303725.62518031528,25731.859097587192,221009.25473855386,1904236.424021085,909532.56050375686,557072.44473387615,112657.36893571887,1040258.3170924417,838481.19053039467,2904013.7586972946,1302843.7366298558,548319.41111089848,98800.05066922307,1681857.501054086,489750.21466452873,226059.82997939372,1647638.4988040647
1887017.8984001647,1066192.3461612577,790381.00189308834,1364331.564584547,931403.72852216323,460551.43027832248,1743394.3228397369,879509.4598797916,31599.381566760483,1725105.8873326355,3388458.1895438652,1226887.5853708745,3782570.7866606023,854482.10875515186,2586027.5387626258,164193.67052530282,278242.07946506375,622135.85378861241,937603.8458677897,626190.7200228232,1964947.6269807108,1372909.0101433084,304465.34031804977,25794.687293200615,221365.07941185459,1907228.5265881096,911212.70832975663,558686.78860949737,113043.12200172451,1041487.8760716997,842193.29830770206,2947442.2781603527,1305291.1097233312,549075.77149024676,98934.111026877625,1684510.3470401701,490881.96052788245,226557.39174436987,1651996.8615112342
1892123.9070796275,1069099.1081760493,792445.09943619044,1374621.5380097725,934417.49734336731,461508.7082362271,1749048.2716342702,881281.71733660589,31654.190865371536,1704259.8439121824,3395498.0866258312,1232952.3745571708,3860387.1066670711,858733.74913623987,2600667.7707370245,166885.31469451025,282626.03829819482,623602.7624489608,939090.60369030223,627198.74560035276,1934700.9174982496,1373015.7658273014,304594.45620609057,25782.139703655543,221683.37886344278,1910184.6682943637,913112.32320617093,560335.75088452478,113434.61433465466,1043861.4545560429,844201.59715308284,3016107.9675880042,1312313.6979243127,549938.77644184045,99079.258110967581,1687444.624685314,492035.76477867208,227064.85602179062,1656733.501991156
1896876.3512080503,1070862.1519596437,794609.99370813742,1418330.6304691129,934839.9012913293,462216.5730763544,1753042.6658265314,883265.36480524647,31729.433802174306,1750445.0061742559,3402753.758747994,1231535.0252646357,3878848.5831850865,861535.73014104483,2680179.3330518194,172071.66018776337,292814.25148575875,636982.1363814678,943960.98821924452,635038.72869959648,1952386.1933563382,1375782.0011467868,305166.12450431194,25800.016934626157,222029.05329283827,1913161.4013623034,915125.06225478067,562026.06270522974,113839.6581453691,1045201.2041787071,845444.11344610434,3052714.452848258,1361828.4722420129,552509.12393652834,99319.75226423383,1691659.794272142,493227.10175256326,227630.52859413426,1663441.3706916037
1902697.2910230635,1073675.069203832,796099.97868772154,1395951.1979050331,936636.84133184166,463109.32577175257,1754656.7583567977,885260.96725669142,31818.554464512865,1741078.7461119529,3408273.5717451326,1236004.4851070102,3885277.0036185468,862528.35841994546,2650730.9959827941,172158.08677742467,292968.21785450686,634308.95961991453,942783.22694372188,630819.74390559259,1971276.3399829562,1393918.4118907761,306753.82720752881,25817.060391683099,222376.63674767507,1916317.8377952243,917603.26193453302,563515.32712455583,114196.9607155089,1045867.0555740193,846007.32098130696,3054763.9880993497,1357082.591359752,552132.16666144098,99401.914771519543,1693086.2705856198,494157.17999758798,228035.70786334961,1665250.4070153036
1910539.0324664426,1078163.2704769983,797765.65695465484,1407500.0804698092,937895.96125289192,464199.61396252143,1762221.5588361642,887672.90157742705,31933.69099864606,1756659.2737498821,3416489.201567308,1231871.3075268217,3887880.41080597,863178.82902818196,2669811.9651331985,171585.08931975567,291673.03467363835,630706.80831019918,952543.72920108191,634516.37848961365,1955208.2509857689,1385343.1356364791,305940.67350115592,25800.080481130128,222657.67055494359,1919590.2612148512,920755.77728438238,565213.90962305013,114575.26710125625,1046673.1063053737,846735.28729696944,3054039.1539025819,1353164.7446068835,553200.70191986742,99500.375746763573,1695445.8375844583,495075.79493686627,228480.74523729976,1669161.4089067136
1910824.5579762624,1078074.3156878117,799258.10072531586,1373402.3031630514,938434.40628377302,464827.36091910832,1758192.7504193694,889381.75097846589,31980.268359155652,1717191.8076219938,3419085.6509583732,1233068.2150855716,3887120.1108574029,863680.94804201205,2602348.4871995654,166597.89951904264,281212.06598417362,626643.23874867079,944505.40898051404,630670.71000999259,1931058.559082496,1375975.6951173646,305658.92265801248,25800.858424277598,222946.63962799375,1923006.8013070629,922264.43193834531,566778.35656464554,115002.04467863002,1047526.1204061758,847437.14090843778,3036736.4116363982,1333333.4240220243,552970.95241829753,99622.612176332565,1697533.7448078291,495899.03464316385,228849.50064030389,1672120.2662796048
1915674.057763448,1081076.2302623831,800912.75737226999,1377619.2849103876,941204.54334100871,465859.6791457425,1766773.9368368241,891524.94456347649,32053.170082946173,1730998.645830693,3425982.73590816,1238269.8940751592,3889006.8385157953,864961.50679588143,2617466.4418780762,169990.97255966085,289070.46474240854,628853.01017702557,948370.94484342728,634449.36620506016,1936756.5483291734,1378780.8341433925,306237.43063323648,25884.193425554458,223308.76230181646,1926827.4961007491,924364.63881058793,568504.926447012,115451.07024069547,1048545.3650091168,848323.50193506153,3058091.9566008672,1356524.4558559537,554703.79570859321,99818.21104812235,1700248.7937030918,496874.55279785499,229318.76172959444,1675965.3366541383
1919988.5767769255,1082446.8671706191,802561.22761992831,1383372.7437185594,941469.26825659326,466459.45050298265,1765417.2699104906,893401.34709230764,32132.332010390292,1716658.1019660856,3431669.1915578465,1237163.0214528409,3898151.5838898108,865956.35209425096,2625871.8377438849,168272.34790140021,282517.33648447774,628641.22075292666,946763.3674690054,632096.61955980968,1935591.0478938846,1379678.8652172894,306524.13462761207,25895.759720252106,223636.36237931234,1930621.9842503595,926471.00703366648,570139.24496146839,115872.32377642533,1049205.9908126818,848983.02395787858,3056926.2891319771,1331185.3811487993,554706.51225446805,99942.462437395923,1702789.6959651427,497870.32913118525,229771.64834898637,1679682.2595413805
1925296.9576244245,1084872.13511506,804379.0401383444,1381334.5732740131,943305.87028082297,467414.10123729234,1768435.7250431697,895496.92015685816,32210.61555132375,1700626.7028536033,3438255.6510956138,1239877.1173815003,3864244.3999102097,863320.68875432841,2616876.0674848929,165520.94742393948,280689.79098129406,629477.24617430649,947617.45052062999,632354.99190531799,1935298.6932975524,1380676.2506452389,306917.60981748038,25931.29615150379,224027.96599902064,1934768.4937059158,928844.08798367321,572087.35122440848,116330.13765642385,1049723.9397039227,848109.61307814671,2928678.7466500741,1307216.9707869601,555168.82166198897,100048.38015023235,1705783.4453805406,498944.54920357268,230238.69532087355,1683701.7196860316
1931855.8546043485,1088060.8208949289,806418.74040430109,1391918.0863338304,945088.51598666271,468482.12523311167,1773392.2223317383,897878.64969926444,32300.056300531145,1712959.5651283185,3446143.3422438749,1241533.0359338124,3900382.5134443757,867709.70415671438,2638447.8492375412,167567.94859712661,283142.15503551182,631012.41834822646,949795.01933579636,633574.65953936172,1937924.4619461813,1382547.1390701332,307351.04416948627,25958.111698629498,224431.09733816207,1939207.0974999007,931669.33442308195,574267.80828921148,116813.65031729371,1050867.264423576,850294.57743900677,3002510.0958123575,1313680.0079572694,556061.59336195549,100193.71428934719,1709291.8594645485,500095.10874811205,230722.83170044021,1688187.8585071194
1939799.1870510497,1095734.4826457566,808320.15746223892,1386876.017912304,949706.86721680511,471519.26379374467,1785834.8776640163,902030.48438607506,32431.711770245365,1729006.1173906196,3453478.1232693102,1247216.9080110725,3913549.4945566976,869627.13101659971,2631065.107955304,169016.9099513512,286123.54401637317,632306.57033833442,951512.83534876187,634534.72455103206,1956286.1697312626,1386433.1813965249,308411.11404069385,26219.426687646661,224947.12113449327,1944278.4503510094,936783.9867741284,576695.2273964847,117326.34424616768,1052276.0864306844,851486.39291764901,3036308.6096282485,1317029.264069021,556909.53786229191,100339.98400019632,1712794.1044749003,501211.27268734673,231222.12717512363,1692162.743723725
1953641.6437716864,1102974.7374267636,810721.04268365668,1443777.2738084493,963134.59042334266,474033.39767077676,1819883.5104208402,906049.03841172939,32561.991741590391,1795196.8100795948,3474528.6604621955,1273458.563278859,3924021.4508938366,871399.27812147967,2726372.7151269671,173499.85049726436,294469.26498270471,636568.89318284264,969657.93376000458,643705.16028061777,2014178.3806455703,1411353.9893999412,312647.56718407967,26602.918546731606,225684.18167324021,1949461.4029389475,941297.66656647797,579746.71229883679,117877.64284965568,1053640.340344673,852715.19466141018,3071124.5525612161,1366423.0467684043,558897.02465788019,100509.21271913219,1718803.6132780416,502564.15931800887,231946.67951902232,1699096.4430975374
1952297.7346967014,1098089.4380814272,812431.34596641152,1430071.4998167611,952782.97541374085,472221.02416510385,1793195.1434921527,905353.18538668263,32566.241088781066,1769794.3611734447,3471617.946379798,1252203.1762680057,3926581.5014190213,871936.56256641936,2716406.5284056142,173279.52548427292,294269.0944994131,638633.98523909075,959479.21032210288,640732.55344670953,1947266.6825512003,1389934.300289382,309121.42970604275,26188.146767875744,225791.22863768486,1953214.086898417,940149.45803971402,580832.11518577242,118275.56774282316,1054573.0864090528,853271.45210483612,3073819.2503523859,1358785.0022380203,559676.2135782222,100667.19391991213,1722136.6440676043,503699.87994548155,232356.31550970106,1701646.4717924302
1960473.7986288001,1101875.5439960433,814156.48619629513,1397328.6653090792,952952.65381826367,472628.44914941606,1788351.0549134749,907031.87707785994,32642.237019117303,1731997.7904520312,3474943.4710429455,1252964.0806788993,3892798.9995414191,870173.68986874493,2647595.580014104,167111.66149657706,283415.24179420323,635724.57489132881,956808.50356922718,637665.34978153079,1958857.2127060085,1392777.4741568568,309775.03675504128,26242.36193474536,226221.31946700643,1957558.6777593431,942486.27606566972,583124.06801983865,118764.96803532047,1055399.5505328483,853606.11037860496,2987372.5064551746,1318337.1958869728,559694.3871706326,100795.85851081548,1724070.4189739628,504782.61677575222,232783.60544003407,1704849.9337861184
1986374.2189869906,1120369.3830640088,816258.19527502276,1404565.274171521,969255.41390467214,476149.52719095175,1829394.5071098139,911357.84088278119,32798.589855149177,1798271.2223290771,3488843.4473159336,1280089.6155943358,3907284.3071197313,873506.63115799241,2680895.5569704208,171669.65879035144,291776.35751207499,638465.45178755803,974425.58209644072,647412.59248031571,1981725.1015804955,1408171.8840007216,312605.40526922321,26529.861991042853,226902.02942150756,1963214.2129521351,949890.05351410282,587328.56480532186,119350.5448572493,1056954.0021720384,855453.45072640781,3080889.9022869985,1377037.0921668122,562296.54245184257,101001.94952671629,1729039.8791845446,505968.38137763384,233279.67783380978,1709102.9745774786
1982617.0530778714,1118551.1844632607,818296.71443044243,1458226.8517992129,963703.77747681097,477198.5665739525,1812238.3534637059,913503.33443942445,32883.635550847815,1785490.2773114182,3494741.636122725,1264859.6500015939,3944098.5808327897,876072.13638019841,2762234.4279801818,175222.22917585034,298208.99808029603,645657.14968103974,964187.9245680155,646695.36055210477,1984593.8389400253,1396554.5629925537,311241.14557991037,26556.458091558605,227126.24581125213,1967068.846148351,951659.47725091618,589256.39618267468,119856.71034361093,1057948.8751365049,856410.15826333698,3088436.7956622331,1380115.5956408815,563081.566876353,101165.32344656681,1734655.8507485427,507205.16986554523,233921.25887701215,1715618.5385881003
2001428.1906687182,1121444.7141551962,820252.20035520266,1464149.6226455278,966636.55773680808,477822.95719573385,1835853.9643370786,915909.64714214625,32935.793794123747,1803821.9697210006,3511754.8583091996,1272453.1844799942,3949257.0395890176,876897.72042678087,2777877.9872217462,175746.18906413979,299745.8673249805,658726.44174475258,980809.99674649932,653799.09060915036,1959250.620306799,1397325.6136595202,311038.91001725983,26371.189159037567,227425.82906986689,1970864.2853752805,954084.35692773329,591841.81575740559,120386.93329826102,1058946.3232307117,857158.88923692657,3092195.2361702132,1384322.2868443958,565834.44361937733,101317.52443871683,1738583.3194732598,508363.08540412068,234434.76476329193,1720997.4247134887
1984183.1725143702,1111767.0804802377,821600.57795517542,1430100.0697145814,959180.61496122356,476323.18505381868,1800753.7754178869,915550.07301539741,32967.858592921461,1731058.1029425387,3501954.1284074979,1260951.0123672413,3954070.6590638985,877959.54539470805,2728942.2818672271,175027.64058241082,298858.26209433062,646042.17767591518,961997.34758303617,641151.26479191612,1956988.0107292908,1397089.3602280212,311207.30280070083,26349.76525157303,227737.07382121938,1974404.6198774979,952544.596516149,591722.90600353223,120713.33368002225,1060030.0583510126,858076.98129517387,3089340.212624222,1344227.4748775859,563133.00146641606,101392.95972979884,1737715.4352037441,509281.14989023918,234730.92787491938,1721124.9659057418
1992667.0092589222,1116107.7723251637,823339.0522138566,1401807.9590151934,960455.50956738985,477259.12636915513,1803231.7827186985,917669.65156641952,33051.786000310662,1744693.3261717877,3507980.3940159176,1261649.9415093036,3872079.2067322754,873814.87316436262,2658927.2353316271,168143.81544808194,285668.88376877992,641028.72299259959,962909.90977173287,641255.36324002105,1959318.9593630095,1399118.2920090391,311545.6236921706,26351.792475313792,228065.68747558707,1978395.49754444,955287.51189007773,594026.24187930138,121192.52328494514,1059076.0015340014,857208.29541775095,3002059.7946305159,1323154.0358010614,563591.96017810202,101497.78614154429,1740322.182012175,510294.72019981302,235173.22145975853,1724476.9335636646
2024201.3483007718,1131633.5465404114,825350.71421514708,1428812.1051773215,965468.1793314094,479498.78487755946,1821889.5219800898,920777.1416577287,33177.008773579939,1797034.8760568432,3518669.0182021759,1266838.5162516837,3958070.7985115014,879308.66918919561,2708510.333845776,172612.62027093724,294349.5133089936,643711.35171031719,971551.45088259364,647975.85275560047,1984804.0758702788,1402140.6272178611,312324.30712415912,26481.529283584296,228466.59561655068,1982965.4236115129,961626.09799130715,598133.82612423331,121775.20242111335,1061814.2323199252,859367.22496819543,3087022.3468017387,1375674.4720280329,565165.41957665503,101638.72733065841,1744217.7715744993,511402.41381503368,235643.07518310309,1729788.1083970279
2060382.2127106546,1144336.3658877299,827109.48670146661,1455764.5231343647,971246.02938466112,481261.62509411707,1833981.2628987771,924324.22151037119,33306.11729239639,1801494.5583323089,3528863.4726863764,1279967.6871762723,3966770.9588802517,880789.29571844928,2759782.8832455603,175268.58007598523,299138.24249938224,649083.91110694536,975754.63662355207,650802.240325324,2004048.6240145266,1415515.2941730123,314463.01988417562,26607.292538704278,228902.00921153638,1987498.9417483378,966188.36733114533,601171.94275825249,122341.10789446202,1062693.8339183866,860298.24570183619,3100214.895586438,1383506.1187455396,566564.36631210905,101762.26326772835,1747625.7234154567,512468.73402170173,236116.10189004612,1735101.7533867159
2046103.8305686493,1139562.4051750586,828700.86517154227,1467940.4688902933,977069.65346286376,482187.68468972645,1859824.2374707749,925762.65806607902,33356.630487956405,1785510.2595698182,3534959.1274629422,1281400.9368376727,3971103.3793899734,881764.99712187424,2782533.0495111607,176123.27953540877,300662.38158893673,653281.454101993,974543.00465525512,647694.81995375687,1999914.8788405135,1411535.4867045311,314048.81417720905,26624.282499330286,229159.42982884438,1991007.5885716598,966355.42783320323,601655.57694431685,122678.06786992413,1063580.1033748498,861064.23516711546,3103337.1518528704,1381161.8723986465,566787.65933758335,101866.55844421712,1749738.7631864219,513442.40658955061,236560.05783426724,1740008.0577543345
2022222.4635446046,1130786.9905973005,829956.04340077832,1451083.4774219112,969136.71054758551,480997.09036767547,1822998.5547747484,925630.39417049498,33379.883599527129,1776277.0699870475,3530311.904897646,1274842.3763218301,3973680.2160435691,882470.55852977966,2748742.3343530158,175442.4648378916,299550.30033167242,647640.33405230613,969366.53235358465,645395.75874510477,1981076.6700910933,1409209.2577498883,313761.00419913227,26560.028860745413,229400.9154256834,1993595.0296098946,965487.09263984952,602213.58075374656,123038.03080023003,1064376.7067232181,861751.24821198487,3102990.6113411598,1368703.9162689494,566512.43866857991,101941.79553470542,1750743.3673244019,514241.61013284576,236877.18750956043,1739782.5459075766
2024003.453037869,1130162.5727662679,831396.39972793357,1413616.4238010643,970010.95083742449,481580.80401657085,1827197.4979734938,927217.94162455574,33445.875205798962,1774800.9610227738,3534223.8399142493,1273833.0578868152,3975102.9331448134,883010.50513734715,2692755.5130732371,175006.01167093962,298637.85813375493,647329.44815055223,970475.60534339002,645970.30795525888,1970413.4635043293,1406956.7004636289,313557.5745706493,26535.530870856725,229636.67790586539,1996357.136504482,967154.06856482301,603936.24041585322,123446.56716891598,1065083.9648929958,862322.15262461186,3102064.927155083,1366004.0285790691,567061.86133654008,102019.70047891041,1752566.785082317,515085.19602357323,237300.42864278195,1742870.214659736
2027941.6504745078,1131943.5112753001,832976.60843350063,1465617.0675593438,971411.33929523057,482206.30930047686,1830139.7244252528,928613.11180943204,33507.091370770315,1770312.8471294525,3540558.4326755963,1277316.278900136,3974134.4484835183,883545.6411663068,2743630.7486886373,173800.86289135038,294997.69769414666,646882.76621286641,970756.47016748553,645673.62091192312,1988942.5023303456,1409992.4013424779,314108.42980494804,26588.956043803973,229904.22750583684,1998985.9332213502,968855.32143298094,605586.51205347187,123836.47811908853,1065798.5465585527,862900.96599764854,3069127.774926818,1350381.2316103617,567360.21030152403,102083.51490434339,1754568.8733403485,515976.74159612937,237745.73797323639,1746872.0213405641
2032649.8794178786,1134356.7539107157,834310.43554258195,1458052.8441531856,971284.80173385167,482654.77094482229,1828602.5691150608,929782.83759901638,33557.994019387428,1776671.1433631913,3544419.4743579142,1276359.9181215235,3979308.7607639665,884152.09592839726,2736351.6664933474,174816.95373747792,298600.39955753036,648347.2287390955,971795.30283645319,646609.3179537222,1986627.3242808767,1409969.938699242,314169.7989831731,26592.954241943491,230119.987796687,2001480.6124871587,970354.702502475,607059.1197022188,124187.56535978806,1066336.1006151414,863444.55291820399,3106892.8897964815,1368799.9921870795,567894.88110556069,102139.07898576322,1756344.2914190921,516739.90007703326,238134.76817622525,1749742.2024284904
2033866.8827021928,1134134.7213504594,835483.50581647165,1443903.9088412947,970558.82158591819,483234.32996692701,1821291.6750811657,931420.50060595607,33621.615195157028,1735515.8959760854,3547153.3942391281,1273567.1336596275,3979490.1175695141,884276.36546491773,2690441.6701221042,170789.48935417162,288514.24380016146,646891.83674832084,970104.03219616169,645894.29678592586,1970130.2627744405,1407770.3020047517,314165.03044782951,26587.240393239939,230435.91125871465,2005150.728270517,972173.87727811199,608521.23825947836,124526.67848352424,1066750.5434750204,863746.51866212045,3048524.8038864452,1325990.3462347821,568162.43304864818,102232.45161876328,1757877.9580094512,517418.14618708589,238441.64510707976,1751812.651610154
2039646.3894864337,1139919.7252473894,837030.60674428474,1413702.9014854424,977741.65622442856,485732.41681439639,1834310.3494013641,933987.72957355296,33704.382199930071,1739384.8722735618,3554609.0835443693,1281746.8601420599,3794367.4260596433,862411.68332877476,2681499.9634002545,168673.01395898755,287475.49627335859,648023.29627011844,972038.07773226255,646941.83660115488,1980247.2528837665,1410731.3783995006,315063.69266497326,26854.438128128655,230928.10114856702,2009629.848948597,975328.70955086546,610482.21075674507,124958.93625650012,1053114.2305917994,855133.31057460827,2966113.9430981278,1327046.0374135824,569162.51443317498,102408.29036278556,1761157.3789543728,518347.93270875514,238868.19979795913,1755201.5743056072
2056721.0534647538,1154742.1937790376,838839.65883480012,1453019.4503346595,1000176.0000649265,488910.23627393052,1866710.1332034459,937409.64386132115,33825.043118915601,1815925.9235814377,3568140.8817447699,1323541.4290428152,3997155.1981193558,887678.15837434854,2767864.5597456447,176896.40917728643,300941.66971602169,652750.91493662365,987026.24785787601,653222.78559529735,2055861.1177714868,1451981.760969707,323936.16302515339,27371.806150588433,232315.53298018273,2014932.1046645378,981053.29736097471,613304.68408748787,125426.08806273057,1069067.3913478407,866031.5148357302,3114132.7124249968,1376971.4916596585,571184.07075026189,102628.55490208291,1766000.7214223635,519411.19969436101,239432.48223026746,1760710.7265366644
2062811.524124797,1155151.9945113061,840624.57852675975,1481660.0068295596,1002763.1590000159,489305.09340051026,1895839.4626071909,939238.19765112805,33862.75599248326,1831327.5093815969,3596924.1049634088,1322543.8895971554,4001572.7779059703,888432.66011375573,2811795.0151856034,177701.63490139108,303314.68307475897,667357.00567188032,1006162.1830814702,667863.94164332945,2046146.5856747401,1444968.3748040227,322171.97193033644,27229.943819428685,232376.14068304905,2018308.4391258466,981509.07259906037,614875.69633479533,125877.81235511834,1069994.6509074741,866656.19623755163,3119694.0179791041,1396348.7098805928,578522.70015770278,102902.72836579282,1772861.1521271814,520497.27465188276,239944.62125846121,1766533.2924293878
2060504.135615312,1148359.3152916653,842055.74052547885,1482498.7797917291,981097.77942464373,487713.82142296777,1863527.3306015097,939369.28542090673,33890.128909161271,1831338.1140619467,3585323.932364326,1286041.6614839551,4004413.8938780935,889297.18166159978,2813961.9421921545,177832.27619104643,303624.86918259086,666428.96871300996,1000200.3929746792,663222.81354183145,1982300.8284985942,1416298.4322031077,316157.09269149788,26818.096394542659,231968.96520935019,2020467.6712428054,981320.7288074044,616273.19840963557,126253.17090314593,1070865.7819011288,867446.52193580533,3120788.7276435909,1388657.1937112492,575611.25854729721,103006.13328304743,1773443.1606421121,521425.5615953157,240340.6601668325,1769154.3906534491
2058906.2865970968,1147339.9625211852,843188.289076466,1434960.5676755526,979385.29067147244,487749.02284722601,1837719.3342493353,940544.57696507243,33950.652749543675,1765456.8829837507,3577323.8916752022,1285750.7731128195,3992765.9211476115,889714.51751436898,2711769.0304372362,174036.4536341803,296965.43236815353,652345.32135289977,977474.02575126907,651007.96537967131,1993565.3856747944,1417916.0604340846,316620.00675963581,26877.120236099538,232340.60929490667,2024012.6664235722,982765.57068525371,617369.00416526769,126578.47370081964,1071253.3081950459,867847.77365767781,3094098.7228607787,1364778.4472584235,572555.41523457377,103058.49378738942,1773214.2930484889,522211.34111141803,240623.04300086453,1769130.4187658068
2065331.2215505571,1150956.779366164,844712.55935850216,1429199.1651389273,984194.48575608293,489251.08646612684,1852303.9600814334,942763.09645218786,34034.531883504387,1783093.7231280352,3583893.9299805961,1294374.4390967267,4003232.3027424309,890677.39749116043,2721346.8575135372,173299.60422162255,292285.63074775942,652731.07736270176,978733.60198378214,651256.17748709943,1996946.9005147875,1422544.9527971353,317595.64316138515,27017.039372848951,232769.93333558206,2027733.5128959315,985570.72203753935,619185.34041566204,126952.05986012262,1072769.8446596621,868994.00519269647,3093683.1638230472,1366236.1485709811,573153.08206058515,103170.38450917861,1776263.1525294203,523125.13401408878,240974.04513346415,1772053.5917435326
2069041.3266725095,1151585.2690207376,846247.85779981443,1425307.0383889435,981374.76640407904,489137.42308123765,1843712.3910152311,943887.14316777885,34086.497005645775,1765700.4118694402,3588659.5714162369,1287992.7546408996,3907082.8588444088,886773.78648176754,2709607.2311699479,170819.06996234934,290585.95551745209,653604.94972049491,979079.27886238869,651450.90787348454,1996198.106451903,1421374.7334617143,317328.21559504367,26891.864113202522,233024.31484992558,2030950.6230395876,986792.43880522123,620897.7620725634,127362.41601667383,1073385.1397455467,869139.01694607839,3081694.0145849609,1341291.808467811,573706.15075270692,103282.27528259004,1778998.3944995697,524049.52220376721,241383.16186801548,1775299.6946311619
2082763.6475188644,1157478.532756035,848065.05586946721,1468998.5280791358,985696.85911040532,490340.25795018789,1861853.7392276642,946059.21268570772,34159.329249543072,1796683.8404055238,3597697.0815501893,1296667.5636801855,4018275.856500885,893238.09599531651,2779371.4930752246,176350.84111228026,301137.29332200467,657466.89410263696,983202.5962574915,653190.50117764703,2018501.6058467475,1433617.0931220558,318876.15180755639,26989.4577964124,233431.3742778966,2034473.9823669777,989418.84085158294,623628.97184236743,127864.59522677826,1074660.454994207,870693.33406650112,3124934.3387306514,1369916.135931618,574791.80912200431,103409.89115841876,1783375.5048917504,525132.17860617838,241927.332156046,1780463.8913370289
2091681.9701947998,1163219.4191984939,849547.01003457955,1458337.6152384621,988453.38521213015,491016.79105994652,1857081.4474045497,947390.8322846673,34203.9239690455,1802689.9588091602,3601941.0061304844,1302651.8032480862,4023013.2019873993,894199.41458969703,2770050.5005053137,175223.49467123591,295750.1041088177,656096.51474920404,982418.33243412117,653450.40209848236,2000459.2779662376,1432190.2096047658,319130.80786778097,27045.218943861961,233758.72664444696,2037686.7508536042,991380.33317219361,625575.63931948552,128247.43812621765,1075578.1799277393,871443.27056498802,3107504.7409301596,1360316.4620475241,575204.52434799273,103517.17216617215,1785670.5701483777,526075.80915001442,242328.19149742954,1783519.9303974034
2103449.1111484962,1164031.6732015838,850997.80338819709,1482968.0276317063,988461.28464541584,491792.59702027321,1863681.5287766287,948820.73723293957,34248.877965575157,1763316.1855091851,3607715.4076934522,1295126.7400094627,4031238.7420564974,895141.91267582227,2821624.7633176418,178339.04017506863,304660.18157710694,662759.33958008629,982830.94964152609,653920.14785082068,1993821.0369257515,1424990.6774047241,318457.14381608542,27019.686830566192,233987.56587753599,2040755.9031855701,993144.76377540338,627202.61718795542,128648.71370923553,1076586.7887336111,872223.51319664682,3132916.0513859559,1363633.863056079,575840.96717625309,103632.15024865439,1788979.0648809178,527010.4125384537,242784.52857449578,1786963.5094879114
2095717.0766261911,1165480.7484199167,852248.15992484591,1455699.0199623359,989189.96514092851,492090.8041314343,1866064.548080462,949760.06372816965,34288.6404147586,1830164.9368883772,3613593.2967153224,1298050.4178746564,4035910.843865646,896098.76878614177,2798221.6263986281,178030.08774361719,304812.17122764676,665158.46148453862,998245.74085816659,663129.01677696488,2018662.3273967297,1429834.2983806562,319222.95148800319,27077.389952966641,234297.86184958505,2043552.1616029984,994259.00946683018,628115.49429718778,128964.84702736682,1077543.2903254782,873025.45414587995,3131648.4243108029,1386348.2803522055,577649.99980318302,103735.8418871594,1790939.9638663663,527771.66949596338,243033.35444392284,1788537.4941485066
2096224.9433862832,1166875.7793156495,853457.40627998754,1449739.8752409797,990649.37343917915,492752.13971831329,1864217.8157134573,950914.370248141,34329.895666219541,1763000.3332408261,3616874.0422157603,1301970.9565325887,4030079.8371572061,896605.83502474078,2777226.704370324,176495.27712106187,302961.73996270157,663769.83423822338,986183.98870952916,655301.10858308035,2037616.7384830636,1432007.7733223895,320566.23816455249,27261.433015357896,234674.62805784988,2046165.6702705331,995858.5375454051,629743.15380930714,129317.35095699572,1077911.9620331465,873359.7217280434,3119329.5168666262,1341793.9720246906,577338.77421658195,103819.57142710406,1793011.3190195914,528511.97874998185,243361.19309226749,1791084.8451256934
2100057.4311066493,1165447.3157840616,854476.18168077734,1445754.5179636015,988942.0665687382,492890.95006262086,1859173.9429962009,951732.67275064206,34363.428888362258,1822507.0051320719,3620040.8170499792,1298535.179741519,4031986.9074755977,895040.59046481305,2736905.8585056928,172607.81077744212,292232.83067584992,658618.29537242535,992573.74210927752,657482.69969410251,2025275.086728842,1431863.5881946818,319947.37384843908,27104.261699781233,234843.24992254656,2048282.2262065776,996663.6764398634,630872.24869016523,129601.74195248494,1078497.7695493381,873027.63804354658,3044397.5628616433,1356334.5662148595,577692.46584306215,103878.88236989939,1794284.1458117929,529141.28740421124,243643.63089203337,1793417.1470125648
2103713.4177915542,1166207.0981897502,855300.17755845736,1440536.0880457216,989174.03029673011,493220.94860205747,1857875.3647900259,952447.77303433872,34391.55938117177,1805277.6980781006,3622445.6686110375,1297714.0541369719,4030244.5945824129,895680.91766616108,2730849.2862448609,173044.13657927318,293291.65469521313,659285.41824828123,987108.37974717142,656402.23531012808,2001738.5803104285,1430265.894599943,319639.97073122056,27085.115778078598,235002.02325169879,2050159.2724887,997588.851747712,631941.17256904487,129854.63450495212,1079158.9819499301,873832.24773861817,3076178.036477169,1353148.9019291666,578002.61135260097,103940.34049283271,1795793.062061087,529627.40521573485,243863.84433012916,1795277.7336525426
2108561.9899889743,1168288.7766793913,856061.23992643226,1436655.967276047,990204.01802906115,493640.73664604733,1859847.0564897952,953213.78606945684,34420.186319267988,1794171.7344958358,3625495.6025409997,1299179.0362960347,4029541.9222046505,896281.48063517048,2726609.1833342649,172389.24117165399,292574.99363562115,659718.38434629887,987707.05778429483,656739.05596116325,2003571.0503461503,1431515.9365471739,319931.99167022272,27109.531031655271,235205.50907005384,2051993.8704699206,998680.73824419838,633154.14342285658,130115.70748113937,1078748.5496461357,873981.25705782138,3008707.4485427183,1343921.8462346718,578366.04375195818,103991.37014718012,1797172.8569581381,530062.40038938785,244036.08284333211,1797006.6350125731
2121053.4440359548,1171822.4375351798,856836.85472590872,1443874.6817000853,991345.45732096618,494053.8086039318,1863712.5705074305,953948.93731981877,34446.005612036672,1785520.8704697364,3629600.0839546476,1301053.778162997,4043153.3044082322,898032.55168049666,2743589.6439680723,175070.43708693923,297445.30963664461,660908.72141688375,989298.478786072,657606.74614028377,2009298.5114163505,1433344.9984261033,320305.22828804259,27142.319222918977,235413.88292721301,2053806.1645354056,999786.66278179258,634559.51474538341,130393.45036835075,1081202.5215792069,875620.20490614499,3123821.633862034,1360258.959905172,578890.282137929,104044.09304477941,1798776.4655236632,530496.30856007489,244207.25555794759,1798790.3617490751
2118521.9729045029,1172546.1778070247,857505.58635720005,1445776.2483898215,992244.10517971264,494396.07146597357,1865198.3864766923,954550.8930201605,34467.603405286791,1789666.9261643314,3632228.6599667203,1302193.520871948,4046171.5199874304,898630.33810661186,2743198.6746721459,175175.51431972533,297527.38093097811,661251.19795523514,990143.27421622316,658031.92720913677,2009546.7455554216,1434305.0565962316,320534.18093549373,27159.857294029945,235589.00284536989,2055360.5559792931,1000693.5210982495,635590.43163866014,130632.693241303,1081883.6482818786,876155.68731035816,3124742.9612271362,1359422.0542626753,579199.01777600648,104079.42650036488,1799990.7700645558,530871.07824834774,244351.72790677901,1800361.5196525799
2120978.1171933548,1173640.7744764434,858088.45500257169,1445516.6822290735,992728.70027121273,494647.325898643,1865586.0373629581,954994.65228199493,34483.327907814542,1786358.9366417658,3634783.4292129874,1302807.4118434298,4047648.380083927,898837.51294341323,2744760.696956445,174730.17499548526,296530.18789069564,661642.33102407958,990799.407599475,658407.57488384249,2009700.9981458783,1435082.4684205051,320716.12750206643,27176.851779415985,235738.90443112177,2056687.0636824346,1001400.4020453007,636565.87550651608,130859.35320040064,1082500.6844535926,876530.52128050965,3115582.9565098835,1356605.9538678087,579468.25828661001,104102.85584778593,1801086.4565174661,531193.45582019992,244469.54559750002,1801682.9838927966
2124054.7284023627,1174937.3488522395,858575.15486832184,1442884.9631637777,993138.59000473795,494858.16789813677,1866105.2607740101,955338.45164097915,34495.366924405898,1779142.6614201665,3636644.070363645,1303172.8556169034,4037350.4791330248,897766.95159981097,2737308.1672378946,173654.72683737241,294868.76233083644,661658.97659439582,991116.72761110682,658622.17014167458,2009386.6855289903,1435233.4167099285,320866.01740258769,27190.924592590374,235872.46583062108,2057783.5516459062,1002005.0197085561,637476.17398293421,131062.84845194427,1082721.8164003966,876490.64262432698,3102135.0806842078,1353015.6616143421,579597.40797325911,104108.25990494127,1801850.0008327176,531454.56173730781,244563.09948523098,1802853.4812901351
2127183.5108037074,1176130.452441032,858945.19962956931,1441539.7931345899,993448.85435080086,495009.80301858269,1866428.1957349419,955549.3969941187,34502.11263060318,1780803.2121509169,3638180.8860358754,1303440.426626266,4030893.9877877822,897113.44667888782,2735258.7868493502,173155.16057044006,294589.48547267803,661822.10485545511,991664.51465908589,658936.37203977513,2009819.9553292932,1435653.3939166095,320974.28370807786,27200.859507184159,235972.85940928134,2058609.6318229064,1002457.5053274567,638312.78627416445,131248.81009459542,1083095.2762229398,876725.6441533668,3101392.0223655924,1352761.70531188,579724.93881038588,104102.29079703633,1802448.9450846638,531650.25578145776,244627.71890831724,1803751.8025387693
2130115.3197191325,1177384.9269300445,859240.55974245747,1441247.343883723,993791.49361263949,495129.21520349535,1867040.4167213768,955651.54455943883,34504.509385185491,1778196.8464090452,3639461.4830648461,1303887.6782197864,4002332.9651576672,894814.5021518718,2735125.0221214038,172327.74321832904,293232.70670854562,661815.75029394228,991977.35863573907,659032.34683611628,2009529.0181830379,1435991.7975615598,321083.64899053803,27211.842592928471,236058.66687273519,2059258.4843576979,1002812.7461642557,639089.7872987868,131420.69588100747,1082482.8495834423,875951.80726219947,3060441.9213532675,1347325.7563722145,579733.96645080741,104079.53799222995,1802860.0132059972,531796.1375190859,244668.26535282459,1804518.0823122966
2133125.1767196655,1178915.2200859198,859569.12242355349,1441620.2931667778,994271.51472525764,495364.96780620096,1867618.7618367448,955837.18806512502,34502.95521612389,1775003.6445637848,3641207.1513340403,1304318.4725453437,3845206.2332255091,858153.71128420474,2735491.1144998423,171328.2778049304,292662.74192580703,661891.5058571524,992349.68637650774,659287.3264513769,2009711.0634538503,1436166.7355448222,321217.50891010347,27231.796430751991,236201.41053786635,2060705.211042654,1003480.7352032819,639935.0598101248,131614.61714928379,1041679.8356560448,840285.46847082279,2981612.5723498487,1343801.6736908527,579899.05356856401,104100.23861342063,1803884.6869354907,532047.10130901844,244713.24994595951,1805642.6757597977
2136256.3244068655,1180613.0233726264,859974.77465523151,1442678.0341581495,995258.55276419385,495819.17298492976,1869175.6464732089,956458.4207013821,34530.066003215958,1777503.8322589707,3644214.635333797,1305840.4721536078,3893323.4432989527,873797.08540009789,2737920.8610198307,171548.49021635801,293004.71550366533,662550.24444140808,993375.44446329656,659929.70815874252,2012142.6706497767,1437733.729840717,321590.89566521306,27268.319617011952,236477.2599221596,2062891.494847158,1004504.7083850502,640768.45306266111,131803.13742550742,1081216.6289231945,870473.09229135374,2991290.5972460397,1345191.0007265748,580431.9190484155,104190.70590422252,1805488.6019129558,532369.90087890672,244790.18232907573,1806990.2410280595
2139495.3617121978,1182641.8152020273,860416.55964694778,1444124.6668036757,996451.62032116228,496310.73983999691,1871278.4288618697,957113.17030844558,34557.522348241895,1785253.9950834548,3647895.4907244341,1307874.411261383,4000114.9098943812,895688.0260710899,2741324.9509359165,172362.98261808691,293797.89290492772,663464.60163938615,994825.21241562429,660800.52623791387,2016356.7027414907,1439892.3721693803,322059.70597807656,27307.363549886959,236785.40281771909,2065176.8966120668,1005569.5108360533,641600.34966331627,131981.81807918721,1086505.9705795483,878989.12772502704,3067169.111737703,1351023.8669242512,581086.33518706996,104299.16355298225,1807338.3968243711,532708.52220255404,244865.12576768146,1808387.7062355531
2142456.0107126459,1184212.5437513182,860845.66723965085,1448778.7703089351,998249.45046352223,496808.09961225046,1875175.9342797052,957768.17732251529,34588.057443115547,1821225.8795771457,3652353.6647452987,1311920.1036107494,4058090.5893633617,900017.15830047277,2748505.3833085992,175362.74542449444,298507.71884827845,665326.82138593798,999005.64010639174,663117.50034510007,2027324.4237072654,1445948.7676880506,322795.75024940295,27349.124164776469,237106.67611594204,2067331.400767369,1006603.3708191257,642420.04721535707,132152.101846142,1087426.5610839564,879607.11896020407,3132777.7447406128,1382121.7028896038,582151.62435050798,104423.60340373649,1809351.4587180989,533044.57784245349,244928.36080683599,1809817.9995520927
2145716.2733714124,1185843.3007884307,861161.69479540805,1449480.9149562789,999142.55415241467,497284.73689424491,1876484.8317497468,958369.31260708114,34620.308602062098,1843679.7852903481,3656035.8451699167,1313776.9562731714,4068305.3494686331,902984.38271287654,2763619.5770788034,177835.60610739666,303938.68366315094,667960.03267294029,1001064.3155925088,665220.54911289236,2041004.5864690181,1450545.7928623103,323372.13867403119,27391.402516405469,237378.71732420009,2069449.696456776,1007637.3406964962,643206.37975866522,132309.85096203562,1088744.9690499217,881239.04944305052,3151693.9418723495,1393715.8389563467,582993.70432871266,104536.57626708904,1811403.7685977684,533332.35100212356,244964.27143097238,1810945.2069033047
2149812.986078361,1187668.2684081264,861378.84422156564,1448688.7577734017,1000182.4123695714,497714.56346082618,1877268.7579134768,958848.68227252341,34647.291898045863,1815071.938204827,3658594.0212812158,1314364.0014810185,4065067.823532511,903375.06854024623,2758961.6302592866,176926.40176370041,301546.83151882736,666787.45815586369,999352.3821675888,663415.7750643153,2029590.2151592416,1446967.4618901175,323383.91019747918,27412.147496306232,237596.69684997125,2071392.2130677246,1008591.3013422894,643958.14753403584,132457.26373404334,1089604.0041467627,881922.82597814419,3144556.7842159695,1376211.604583574,583026.09951599024,104606.06745171831,1812791.2453241772,533559.88494568609,244968.24616838901,1811791.6629602611
2153068.9047221881,1189238.9672957151,861475.55942518963,1447672.6618226573,1000689.6872593476,498065.99811389204,1877680.3008724297,959194.80088436336,34670.268287037361,1795725.1473822135,3660661.018635862,1314033.6656719965,4028174.8960451963,900525.90903279802,2752005.2374405074,174335.76952307369,296266.21083943819,666331.44831971242,998881.46649694082,663367.68177252111,2026638.8051490346,1445675.1652234092,323477.71227934695,27430.848405601584,237797.30681418229,2073129.9768351906,1009396.4633164007,644597.56297394051,132583.27176914076,1090089.1983541206,881939.98609875643,3118393.9788351483,1358945.3041645675,583282.39418115455,104668.19344651177,1814006.4747930495,533718.0199667617,244939.54381946169,1812430.0024933571
2155579.0536679234,1190542.639550963,861473.77629382769,1448519.6501639194,1001417.2192051512,498358.31416860258,1878535.5060134036,959395.56735227071,34686.062583474544,1792598.5136419795,3662716.7830382013,1315126.5166661721,4044962.8176616305,901226.48588419717,2753068.1790301204,174255.6742860729,296112.39858965605,666812.5671717691,999586.65574997698,663811.06255902559,2026627.0189825969,1446684.828163519,323712.95133376255,27450.869705545312,237987.29050279947,2074611.8019907575,1010010.2391998298,645124.71974302107,132686.23032927408,1090643.0552791434,882163.92004914768,3099133.735899325,1356206.1238164546,583651.68900725327,104727.20798437687,1815090.260773123,533819.29360161163,244883.830625139,1812921.8150807281
2157961.650126453,1191766.1708300752,861373.62891206518,1449137.6663526963,1002136.6640751801,498620.60764335212,1879564.2881477175,959501.35616593296,34699.34651097803,1796760.7383748626,3664605.2324049738,1316136.9377511418,4051015.7157054511,901639.45405287901,2754817.7502676584,174370.11496658143,296557.94895793195,667315.6353799483,1000438.3899975874,664319.1353987616,2027262.7455542374,1447570.6280098003,323920.29411392688,27468.959225226481,238154.82708080354,2075903.9893210139,1010528.0363189783,645567.51226594264,132770.14502237696,1091509.5904290546,882837.44376884517,3113030.2223125207,1358667.3186326528,584000.21915402601,104778.66947171175,1816068.5302948684,533866.56715850777,244798.018234541,1813204.7941406346
2160264.3473847285,1192870.2864169469,861165.61954232666,1449801.5616638323,1002670.9187846259,498816.16392658546,1880030.3086857221,959460.81615406054,34707.494133003507,1809367.7987058889,3666105.3509386224,1317054.0730443269,4072504.1385426358,904270.34947803302,2758198.9340825011,175223.84587837412,298220.2822842215,667919.22841669712,1001295.0205486049,664874.75220556231,2028715.4802360919,1448719.4757093277,324150.81782240613,27486.821727533203,238309.5619613275,2076986.2536251582,1010899.0155933716,645910.96612191643,132831.90059856256,1091576.1709029737,883316.89855809859,3105107.0160430139,1363401.2053917681,584332.09283775301,104822.07524807725,1816908.158185181,533856.98853775114,244681.26564785803,1813263.9010230803
2162289.4537554532,1193871.330064086,860822.78328434285,1448971.9741043178,1003120.7886546212,498966.94029950589,1880239.2487486806,959299.95340272796,34711.401140800044,1793675.111841772,3667008.0593130854,1317705.056088211,3952444.4155865833,875202.6978247388,2755031.6429474284,172708.63084119017,295271.03607984458,667803.43245089985,1001459.6706363107,665018.54724256543,2028862.7355216052,1448972.3004402823,324297.53217671643,27501.651756515977,238435.00655921476,2077842.1418843996,1011159.5316912601,646186.92505828838,132874.82573894333,1086093.0113651517,868360.74542598519,3002337.4286577413,1353148.9777843088,584626.41750767222,104903.73125361327,1817722.0925716525,533776.12241181254,244528.65842638185,1813081.0237094504
2164492.4413802032,1194924.3147456069,860382.94858506008,1449197.6146430292,1003622.2714623918,499087.41357634205,1880685.6246520681,959028.44474914169,34711.599657356164,1810769.5704641785,3668434.3566330136,1318661.1664539301,3949673.4556205175,887612.60673118662,2756818.127953426,173610.23701791803,296119.39002152608,668546.40979909804,1003056.5629217857,666028.2615979251,2031483.8331643501,1450282.1085433445,324514.22588525736,27517.784924102012,238555.64354509066,2078539.2353603079,1011330.3285317103,646389.15583201684,132897.33363369026,1088923.724081937,879053.32833271683,3058993.4072410162,1366769.5945908171,585318.86229384807,105011.74463686695,1818730.9767615222,533643.62017508782,244344.4322914072,1812708.5681470083
2166218.4974488453,1195766.591937541,858901.43054479477,1449130.7888487244,1004027.1954977409,499146.79784504557,1880756.8859967608,958606.62099808,34706.073779480277,1807041.1070681163,3669194.3995866673,1319494.1186721707,4000548.0719310371,897831.99983282061,2758298.4799832916,174998.40193305301,297833.00029088149,669238.20837423916,1003610.1819181655,666610.69915568037,2032872.7676644337,1451215.2916303233,324702.1536733401,27531.851473044233,238659.08157674887,2079004.7598636108,1011326.1899299379,646466.90165928926,132894.32391190316,1092482.8979763952,883475.53892076074,3124114.1302993554,1373271.846780557,585847.00218679348,105107.45037319815,1819575.3915922237,533444.66324501275,244123.70810090416,1812073.6479119277
2167519.7424603235,1196475.4185931652,852636.12743511528,1448834.3946438888,1004265.9234189889,499145.65003353619,1880397.0302679837,958030.32488037262,34695.500391144975,1804729.0170812504,3669461.4269727124,1319913.5907911668,4001608.0324451094,897756.87354906171,2758562.7278104876,174914.07273846053,297492.60421474226,669338.00426114153,1003886.1722793754,666733.55811135494,2032761.5614494788,1451374.359172764,324792.76190667023,27540.891291895223,238730.62079682059,2079223.2421292388,1011179.7788406907,646430.99324333936,132510.39677951497,1093056.8858402728,883710.21924397897,3118167.7691800436,1366473.6734300097,586067.64172278449,105180.09022524822,1820102.980925621,533172.38263488782,243175.90479936582,1811161.7215458965
2168636.7293308871,1197013.8609649204,846373.06230072875,1448282.8261575203,1004382.9028515428,499076.82919471647,1879799.5390768619,953272.28727998945,34678.943501681526,1801539.57201657,3669163.4482733426,1320219.4896185594,3990834.155370852,892436.04164621083,2757864.1651295149,173699.51777847481,296220.33707656251,669104.4049233353,1003956.4962502482,666642.39521983662,2032783.2420146836,1451502.6049530371,324862.88175507984,27548.280483978942,238777.64844909206,2079173.3000871751,1010863.1080286993,646287.91950770537,131538.53949546703,1092890.8448084898,882191.61047925218,3052410.6704658517,1357401.620005572,586094.41008811968,105221.70989568396,1820273.2768967038,532822.24548837519,241389.89777684835,1805724.7800208698
2169258.3192643574,1197341.1073452299,840154.37039432453,1447456.0493620038,1004417.8151561689,498954.53329197806,1876196.8430823723,947196.50720511563,34491.766341501301,1801879.9973962526,3668502.0215854673,1320460.8505851112,3972484.2038338832,889587.1704376305,2757465.0004165922,173630.32397458784,296194.43038190185,669184.15105868585,1004263.2494218062,666855.71683037048,2033499.1450567807,1451787.0044914475,324920.8200827695,27553.735470052045,238804.27349698285,2078869.2524320015,1010388.3963952793,643587.49642327265,130608.04405041235,1091933.4481921527,880657.83311065345,3036176.1089003771,1357736.1430397232,586276.12386412546,105267.70920398342,1820326.7043148342,532355.71770523011,239616.78279093784,1792496.0676167877
2169675.3321293639,1197594.664352648,833977.31552228564,1438745.9090954065,1004346.9201322441,498767.53851193644,1862376.8850142765,940289.09265124216,34239.024129877929,1801729.6945927748,3667332.8632372227,1320568.5468322486,3897791.1006614491,873133.06212203135,2756491.0092526353,173321.09393423153,295990.91270358249,669123.89293019625,1004508.8853999533,666978.53779250174,2033894.1603260669,1451860.3232496546,324956.9700021483,27556.96959294493,238809.7139416681,2078321.651310764,1009761.6227857433,638856.20615342958,129647.91338975869,1091178.6665754088,876757.38018865127,3025012.9955353253,1356875.7779062716,586382.28411431552,105301.53671119818,1820138.6324764476,528471.40289926413,237954.84386066566,1779384.0418791866
2169731.3104529926,1197667.1808736643,827849.91110388387,1428145.3076508821,1004138.4861530089,497687.61032208696,1848683.7386131666,933382.69961563509,33987.55317572489,1802931.5032443278,3660808.6774202548,1320469.0725381363,3901731.7216684585,871609.17696825601,2755459.6920174384,173322.3299123449,295954.89685959928,669016.03812729451,1004650.4394422324,667048.37485760683,2033436.1459075564,1451728.7409871225,324934.56627313612,27556.50194966347,238781.70984163246,2077478.4956023914,1003206.5746397838,634163.58458404348,128713.10082452836,1090257.0275581046,873688.3520368936,3015878.9251435203,1352151.9314878483,586421.82769392245,105323.81484895905,1819723.8977780454,524589.65738560527,236249.23123348111,1766313.2168043498
2155593.5954875364,1196747.6144590883,821769.52751454711,1417614.2191457571,1000956.5461625109,494031.73594996566,1835101.5663600175,926526.95319298201,33737.895492671872,1802531.4987628099,3633902.5281986818,1320199.1828263639,3895085.6567965434,869649.87414127879,2753956.3048753696,173255.45724823349,295832.4373352172,668784.37307777698,1004656.8966530667,667030.01618139143,2032951.5534058751,1451427.0740057933,324877.31472673186,27553.097562444058,238724.5620696462,2075063.4701419345,995836.94600615767,629505.74328158842,127767.77038491151,1089091.3285786647,874988.2973393586,2995892.8542884965,1342090.4474956284,586386.1283310412,105334.08364824299,1819059.3540401184,520737.14633315738,234589.6397078973,1753379.2819603328
2139767.4296879522,1187961.2064992494,815733.91646263341,1407235.270703603,993587.00114250812,490402.73282399605,1821565.6470981252,919722.33392941882,33490.188235474096,1801988.9305419605,3607174.4450315088,1314375.1649784285,3888644.0849406994,866935.86930633278,2746320.8893165076,173188.5916098844,295626.62969448871,668449.78667444107,1004480.5116910692,666909.68037899327,2032340.4241168187,1450952.6132328508,324778.57372683543,27546.380076189504,238634.01636069966,2059822.6037834175,988524.91355103615,624882.72335799201,126829.40363665389,1080091.1728378702,872020.25484600139,2972314.6302535371,1331977.1076389172,586263.05370818439,105331.01268039191,1818139.4353855904,516912.59431356163,232866.76401357143,1740501.2474589981
2124034.4307591575,1179227.7948285362,809741.37107622984,1397377.6335938491,986287.72633868188,486800.31595584436,1808181.8616042682,912966.12362659129,33244.148163089398,1794263.6076795913,3580673.6034021159,1304714.4831376192,3864350.5295414394,861043.76495324878,2726158.7821963402,172369.15794538066,293461.12406100752,666642.06470423669,1004253.4147404578,662334.28896166477,2031673.0940323183,1450267.7431562576,324192.3823441834,27495.473491815595,237132.28742054096,2044691.9121152381,981262.31659896416,620292.59393576789,125897.86486522567,1073149.055579213,866997.15959518449,2954600.4462937443,1322563.3029238456,585363.89353092841,105315.31457652485,1816944.6336173927,513115.86656028399,231156.48309721102,1727852.6668407407
2108482.4691022132,1170564.040958822,803794.72821069544,1387095.9343876638,979033.12346022599,483223.81007115176,1794876.0183028108,906260.2037136273,32999.952228523332,1781575.5635529992,3554368.5650355145,1295106.7046467457,3824944.9523381745,851538.98421983456,2706101.4385248469,171073.48257718867,291281.41333674814,661737.96274500154,998213.51300123672,657481.94874747493,2021126.9632529849,1439963.3177702739,321809.11131744907,27293.456566742519,235390.08613471009,2029672.8463120924,974054.62939537398,615736.89889296505,124973.2310029837,1063028.4260729691,858208.94197107397,2928190.3613852458,1312524.3668630139,581061.46703222895,105284.17845574643,1805698.2667990669,509347.36887186859,229458.7923778249,1715162.5752921959
2093056.0245138912,1161966.9683231364,797891.30896668544,1377956.5452449939,971852.28340350126,479733.6273056583,1781712.2665660519,899721.06089366006,32758.288558756562,1769136.7208612296,3528510.6279526344,1285648.392065288,3810505.2480846341,851171.29403445846,2686530.9276378574,169944.71750665372,289297.83500820433,656936.80291605042,991285.38140873681,652683.47036170866,2008518.1950197765,1429813.9962982228,319458.28004919592,27093.354076050338,233663.58913790263,2016165.0862887797,967358.84229308343,611214.66225625458,124055.3981790859,1052248.0088353702,852513.33301142161,2911385.3819127423,1303516.2418504122,576832.33245055645,104844.39627591419,1792447.4398020995,505608.21270200366,227779.38950163833,1703005.1600276341
2080449.6496735506,1153750.4040462344,792035.64587101142,1368051.1915007813,965412.04530586943,476655.08446217619,1769937.4682439968,894194.15222845331,32522.157155944704,1756302.4668403282,3503584.110315158,1276614.1745160474,3767285.2340479265,834861.10705418233,2666736.0776945772,168421.71878608648,286926.83013072034,652060.76376774511,984471.25670971838,647861.32117954397,1994902.160271853,1419682.7993630099,317377.66508767626,26928.588341528633,232199.57794607605,2003037.9104232572,960829.64024208486,607303.31109168648,123246.38764332837,1025569.3675733383,823494.97982471401,2874938.2991102091,1293278.322791938,572581.43648485991,104072.67783401764,1779278.1772649679,501896.09310108848,226106.8854255444,1690544.7765676526
2069904.7099067792,1147118.0371862841,786218.53480497061,1358395.4802398577,958462.92057765136,473402.73539118492,1757334.444894712,888058.57658476208,32285.040604458522,1742940.1527950016,3478433.8548534857,1267116.4000218022,3746508.0383542385,832248.71878695511,2649723.2249158197,167451.63927012659,285022.06910810142,647498.78108419024,977490.05231609195,643090.90020193008,1979551.1876386758,1409072.8864634933,315025.82565730956,26729.998854992591,230491.06145695696,1988865.218987423,954116.85116857023,603144.60754179885,122341.04287767713,1027706.1829872564,828568.85261132533,2859795.0524843987,1284074.0167327302,568410.89568645123,103308.50611948971,1766437.2774187031,498216.6662791383,224452.10185398502,1678372.3498788169
2055005.5917845976,1138943.6524831601,780442.87716244732,1348483.7860975594,951479.31344582571,469931.72331618564,1744545.1195715449,881547.61646998802,32048.137972820339,1732454.8824234104,3452945.2153043128,1258005.5121865687,3724370.5792465312,831028.17643379676,2631457.3122804738,166399.7773019615,283020.96568865335,642824.73431147169,970458.90533301129,638421.06766247458,1965684.1896228858,1399016.126240981,312744.4848380133,26534.62195693285,228803.95781998904,1974273.2028551358,947152.63713446807,598717.93472851627,121442.80664428991,1030094.144455137,831738.19249726459,2847605.2312705023,1275742.5184690063,564263.27531482896,102551.1572128048,1753472.9504337811,494557.18877983018,222803.62606468104,1666047.7678849827
2041637.5016699512,1131710.2653381906,774720.16579103575,1338865.7941698416,944556.1234153792,466488.43948638916,1731883.4725065506,875083.6068543446,31813.206991750561,1724751.1094179673,3427716.1015198329,1249068.7478596787,3736294.1928496258,837112.69377845433,2612828.9653648827,165653.53502428418,281339.98708537797,638228.82757811376,963512.69334847457,633873.80598717404,1953189.9396758163,1389236.5864949864,310523.871470496,26342.588865225505,227134.89042189799,1959798.5181297897,940281.46978745726,594706.58430008206,120559.5162326076,1027953.2395602689,834183.34653527907,2873778.500959103,1272073.5140074175,560167.06673069764,101799.96839573006,1740629.2733680955,490927.98429775354,221168.12212098189,1653829.6604863924
2042652.8667612339,1132149.0941352306,774037.17252516234,1332564.8846021744,944657.09205229848,466512.9599959745,1732046.817127184,875109.66078085091,31815.904635513038,1711204.0555398043,3424110.5463273362,1248814.933534222,3720380.0355312671,829495.26450660394,2596139.9265704164,164207.03999924337,278965.77826952341,633679.68561028119,960594.14655967883,630163.22271067218,1950457.134424299,1388365.311622804,310415.07052075956,26341.804510094113,227132.45494321646,1959758.9615501976,940210.82914306363,595014.27424076479,120658.74709981986,1020416.4043037982,827478.26604037196,2820933.3582784552,1258765.6720692143,556827.80516829947,101095.51033288226,1730278.2928356908,489333.65302050282,219953.64076967933,1649143.3540218989
2043700.2836440366,1132583.1562630015,774135.55040464329,1332593.1509884957,945048.71651846357,466611.17344575288,1732873.947582148,875204.37874264398,31745.658245912698,1711192.0836705235,3424829.6172464257,1249322.3365531173,3654321.864773225,808937.98485735396,2595727.2493900424,163829.05101717156,278768.71836857317,633561.43682592013,960723.73415480438,630314.21067440289,1950845.3934828178,1388662.0545288725,310478.5499395341,26347.372165372832,227182.64034597474,1959904.7475160833,940102.2904750806,595244.21132357884,120743.22017828244,972056.13709543936,788751.44948031357,2796597.6727909143,1257728.5699495375,556900.02210340067,101102.77360635104,1729910.7320728588,489245.35565813287,219318.60015741625,1649456.0990823486
2031270.5349628308,1125819.7960109934,769795.26604262064,1327226.9546132814,945424.31364859187,466654.41071181552,1733709.2476131101,873949.13570576278,31512.603337211356,1713277.6299576201,3425275.6870335559,1250042.6233235204,3665363.2697398695,819716.82494843274,2595429.1473864522,164248.68618724818,279090.92025867786,633598.02964462631,960943.58164871007,627750.82915161678,1952268.5429712881,1389574.9030982,310584.86831961438,26351.282225370494,227220.22002569187,1959777.6149116643,934366.28399845655,592553.79321254545,120412.74969313483,1017823.7430441626,823945.39007470664,2820695.1850331165,1258102.9422316959,556156.01693136641,101101.05633495726,1728260.9369125746,486852.10165259277,217796.26025321314,1649658.9708487259
2016483.1333571209,1117825.58183192,764147.78524881403,1317615.9694655505,945577.42561122507,465867.84669307561,1734016.8908958451,868137.33679268404,31282.409681208828,1707800.1667133144,3407552.3234862257,1250102.204760639,3689918.0002318504,830455.21805601125,2578098.0512599302,164429.73089796474,278236.51344663661,629737.25688477617,954599.13501218543,623131.02241581248,1945591.1542842237,1389305.582383658,310545.89121853898,26350.494693677909,227211.60289418153,1951256.0023261118,927575.15946909867,588202.91817396122,119528.7706344716,1021476.3324244773,828996.10935653292,2843465.886800257,1249030.288273185,552068.22808022564,100434.07846510017,1715777.7076756982,483277.82835763978,216268.23829234819,1642159.6167583514
2001655.4160209515,1109601.6728785387,758552.57421032013,1308901.7473984573,941051.51689673308,462731.57644365384,1723709.4264700594,861959.65311670734,31052.66341985964,1694870.1192212056,3383776.5067879646,1242305.5279422344,3668646.1831446956,811964.97994203935,2560050.2575489255,162714.35945146505,275742.06832473667,624963.81949314114,947632.61203990085,618525.75252267974,1930573.2895022526,1387572.4750311379,308841.68187387055,26160.515545317929,225714.73757269044,1937214.7469248478,920782.09992521349,583881.94457864901,118650.70626893867,1012314.5712727299,815113.17635555984,2781851.148960365,1238728.3358346571,547982.92400066322,99693.477962613426,1703159.1147850994,479785.57880552352,214680.58910854239,1630277.3314766237
1986945.7453970129,1101447.0092666133,752990.35985022364,1301424.0466812935,934137.53919201414,459410.3575190588,1711193.0174347411,855644.83610266144,30824.522332891574,1682083.1024563529,3360154.1447160803,1233105.2100769114,3642764.0502865184,800947.16376667749,2542587.0429481808,161394.73249004397,273655.49532117805,620345.17052592058,941203.04474992515,613989.47536151123,1916549.7774928301,1377685.3902002294,306714.23201506271,25981.276727044613,224139.26700977111,1923284.3301271854,914068.873623683,579593.17220160062,117779.22033312156,979077.79062471841,789091.82804196503,2761263.0308410241,1230086.1457093612,543969.75231005345,98960.840850553024,1690672.643285457,476450.14030484279,213104.23869663652,1618787.2397436129
1972997.4236126302,1093960.7184469094,747465.09029236366,1291890.1720587909,927324.53869062208,456037.01000937895,1698635.3357518297,849435.86666555679,30599.410124190134,1669752.7496076478,3335482.3938960498,1224093.2217695988,3617115.8417967223,795214.15305260813,2523920.0496611698,160199.93901975182,271629.15447736665,615779.99750039994,934296.0798995269,609479.51728659403,1902564.7605222929,1367582.8116321072,304465.72784024558,25791.370368456403,222521.89616491573,1909371.2600789452,907417.23871252011,575583.79757380905,116923.16011920902,974156.43939284142,783612.11326656025,2740948.0687299548,1221043.539663123,539973.13032775372,98233.806653319116,1678254.7874166321,472954.24858683674,211905.96766700098,1607086.8852019699
1959018.5655749287,1086348.5434962846,741978.58330623922,1282413.7872364898,920560.62227036932,452687.60187048645,1686168.7704081228,843197.3117590344,30374.661143388468,1657575.4429113308,3310988.5240961215,1215161.9021025151,3590434.5351609238,789216.21417405701,2505383.190142896,159017.02055845287,269628.91673652461,611253.41942969919,927435.87797571439,605002.33013595641,1890870.5921932985,1357593.4126951017,302231.12385818409,25602.136537347691,220917.14525343559,1895564.0534547141,900757.45110080205,571357.95906268514,116064.6647473398,969225.74216938112,777148.31857034587,2720963.1358198384,1212075.1675575736,536006.49971287325,97512.193134555782,1665928.8860093472,469481.00428016239,210349.80429038845,1595286.4492617873
1945303.0480576151,1078567.9121316061,736532.54424905474,1273595.6811546595,913810.88250305562,449362.44319971342,1673884.2315715102,837004.3178086984,30151.573214020962,1645400.0818681831,3286956.6854487355,1206261.016419685,3563818.8215774307,783189.17120666092,2487076.2699836567,157841.63064346946,267645.89342462085,606759.74599526916,920619.91237591661,600557.49241952412,1877006.9678283571,1347647.3846514721,300008.25117414206,25414.033660103447,219293.95330003236,1881640.9709075545,894141.18937718298,567310.39797367353,115212.58760119122,963139.10001100635,771428.41026831768,2701126.922548179,1203162.0393478815,532068.05523952597,96795.918161027308,1653691.2845845202,466098.31588583655,208805.05374617211,1583869.2469276979
1931126.7933543071,1070840.5785609209,731126.083579898,1264253.412327081,907098.26877592516,446062.23618471553,1661584.8056252319,830857.3846265038,29930.150242269647,1633313.5108611656,3262880.3289329372,1197402.276573586,3538151.9533631816,777628.76146078506,2468828.3151114183,156685.0170476964,265676.67684248195,602304.20046999364,913854.29089307948,596146.09838960355,1863253.4273882459,1337755.4807641199,297806.51203059591,25227.438889926347,217683.88027493143,1867828.301774282,887575.30019089684,563144.76127342018,114366.57597706131,955591.4282344298,765400.0373360113,2680814.2646239391,1194310.4820097361,528165.49115011934,96084.930510817561,1641789.9624246466,462675.65169620066,207271.63453874734,1572251.9498508263
1917411.819679674,1063219.710014455,725755.35570454877,1255555.9861991904,900434.09696475277,442786.02852030791,1649406.846074258,824755.13834501291,29710.31329326603,1621320.1838824993,3239226.7133493111,1188593.337763818,3512046.1270760838,771812.26358985319,2451558.9885849929,155603.81965649288,263746.64319278067,597933.30959673261,907375.59157653002,591769.03924771119,1849502.0260826861,1327894.8122092129,295615.02292527386,25042.073358450139,216084.18468263527,1854108.6161878658,881055.12680881412,559007.08318744053,113526.36710431307,939908.96728418802,757110.06759905349,2661265.1294716508,1185913.1510807364,524333.14831818896,95379.058773303652,1629874.0788864344,459322.95246452576,205751.12208219589,1560968.5890100494
1903917.004317309,1055740.9519173112,720426.44583710423,1246334.9676721508,893820.24902756745,439533.86658257188,1637283.9128933121,818697.28400037088,29492.094659396149,1609436.6521881006,3215431.9262045063,1179865.0277668445,3486290.4980781153,766197.43092870212,2433551.4977738103,154465.64043450594,261810.01694789191,593541.82923213928,900714.46754233225,587423.97832434427,1835916.6423887403,1318145.74527713,293444.32814122457,24858.169886966967,214497.32601265429,1840491.7308788928,874591.91206350026,555076.50604343007,112710.90921080243,934267.10257855465,752073.49038018717,2641820.7283419892,1177246.6965118363,520482.81264118396,94678.60520474767,1617903.4199756451,455950.84172941925,204366.76961782426,1549600.5565804294
1890079.3259245795,1047995.188920559,715135.39062737208,1237775.5580932568,887252.58350376482,436305.43342639116,1625261.2545831103,812684.23574234778,29275.478737661408,1597589.1201453062,3191856.1403054004,1171190.4806300118,3460858.2473294907,760654.06624072907,2415797.4598497832,153333.05162620306,259887.5516167664,589182.50208754977,894096.41727587406,583108.4769156801,1822420.2521182527,1308453.2155645138,291287.6002592505,24675.568884415148,212921.51889792367,1826973.2729560647,868168.18497563433,551062.05759758758,111883.1575697731,926216.63628216309,746492.67201174912,2622352.5799792721,1168577.6586511089,516659.56084511353,93983.24168933506,1606020.8436854463,452603.50952040084,202867.53858182393,1538439.8655326031
1876386.1699146607,1040412.5441201176,709883.21866767481,1229027.8781542028,880735.23987841886,433101.02312850428,1613317.9950796713,806715.62161029689,29060.474496990722,1585848.0059379402,3168409.8320418173,1162588.9889753945,3434589.4983762433,754619.29357498058,2398066.762553995,152191.36829776011,257973.53924577072,584852.12523057824,887526.8332767823,578825.50278883649,1809049.0780899182,1298849.0248670771,289149.4237435314,24494.372303765274,211358.05170811253,1813555.9659542979,861792.26541310758,547015.05197282741,111061.48891042364,920341.32869173866,740450.65921762248,2603262.4941523154,1160006.9728060709,512864.6524033079,93292.981102102174,1594225.1289299054,449280.66267883737,201377.79021417012,1527248.122863471
1862597.6990441449,1032769.2634339413,704670.26877151593,1220002.8355760756,874874.72623256315,430108.73204009503,1603208.6467776764,800969.17668910034,28847.041229529481,1574212.06703254,3146075.2053762036,1154119.0840644264,3411136.1367669567,749601.27028383291,2380760.685430164,151171.79434625406,256115.24994417818,580633.00330347952,881151.68986456818,574904.65447973099,1795768.9958037226,1289318.7545016061,287026.51948980219,24314.496459648384,209806.05608355059,1800253.0188184441,855462.66288478265,542997.30975350912,110245.77262658409,908095.5127743301,734589.40058373206,2584433.1001746398,1152029.2180844098,509132.8157317572,92607.966194772409,1582592.1563287573,445981.02809265163,199898.82349836419,1516031.2346333673
1848936.9615758201,1025277.6593676308,699496.85873294272,1211063.442778301,868455.22255027725,426950.54095660441,1591457.8821356539,795087.72887897654,28635.211880448045,1562625.132191642,3122984.2471493301,1145652.1099105519,3385926.0669607506,743880.12563454604,2363291.302070335,150055.97505548669,254225.4920579145,576365.48431266716,874679.90520983073,570683.69542211771,1782607.624743788,1279858.2511711605,284921.08730302955,24135.979814943938,208265.77093260523,1787033.1014938399,849182.76517796156,539021.27888045902,109436.31914919117,899701.55118550628,728197.09704386455,2565468.6788864336,1143567.8746056997,505392.92799147643,91927.73115803604,1570970.4681310658,442706.10035926214,198430.84967778015,1504900.1326061347
1835343.844726762,1017743.3886666086,694359.13024408824,1202173.5704076802,862073.28280484141,423814.59609013796,1579759.0313176145,789247.88356500235,28424.89111977072,1551124.1430599242,3100040.6085024383,1137223.7301158924,3362178.3336325572,738964.35647824313,2345951.4124660008,148968.62109313891,252364.51996531439,572134.32201816607,868251.31033678469,566490.04908932175,1769490.2738957086,1270436.9159258415,282825.45743215521,23958.657652815255,206735.48549745878,1773907.5541470933,842945.34183135896,535061.59104572516,108632.40855617081,893898.14461993077,723495.84357706446,2546666.3516126811,1135134.5726323009,501679.65082892968,91252.54327251896,1559432.511603202,439454.7998676438,196973.53891712253,1493846.9420979042
1821873.520289252,1010270.724151896,689260.65501480259,1193429.6862775059,855741.63421328319,420701.94879709539,1568157.1210248785,783457.26241118484,28216.211091852037,1539725.8195727146,3077280.6323698917,1128871.7563076741,3337243.7589810346,733456.96082893689,2328728.7473347988,147883.06681155381,250519.98277268899,567940.07716916862,861876.65305903251,562330.76620634459,1756504.8747010992,1261111.75230253,280748.54889150662,23782.698289997981,205217.12099692429,1760995.2656424681,836790.90374955349,531132.67516984756,107834.71993614141,887889.50790371897,718621.42568098544,2528133.9955731621,1126839.3923117202,497997.09006769763,90582.542272976789,1547981.8969757713,436227.54854617768,195526.96693348631,1482876.1920409123
1808497.3121893548,1002852.1109307219,684199.18640552473,1184667.3811241391,849456.40209614683,417612.48918385891,1556646.287016981,777704.38293763134,28009.026349729073,1528478.8263249942,3054782.3989943909,1120577.1520283709,3313166.5659289109,728091.3621426326,2311620.540573616,146791.98529754693,248674.55682087736,563827.67918923055,855741.81804328319,558203.45964983397,1743625.603432111,1251844.5274382718,278685.462394665,23608.007780456737,203709.68062561352,1748062.3200899824,830646.21221387142,527232.25090354576,107042.7941702221,883341.26540014788,713677.13236371696,2509530.1608329955,1118586.9589703612,494476.49768410606,90006.775965677123,1537546.4033401317,433023.88476078288,194091.00447581377,1471986.08591166
1799040.2962217021,997516.30081543326,679190.88421099738,1176391.9344574881,846218.88571157132,415801.30431632616,1549083.0838275652,774047.10968725907,27914.634558168764,1517769.1574312118,3035976.354559178,1118170.9722235019,3287212.16746087,721916.44221155148,2294960.8397597354,145737.69228435491,246947.07242832685,560390.38218422316,850623.57866319059,554759.92307056382,1740963.2299164555,1250125.0996788736,278276.59947204415,23566.399673695629,203164.63228357225,1739437.7436474769,826485.94101164432,523799.36175194359,106277.03140261806,874638.92706637504,706944.09332185588,2492520.5637657456,1111005.4738754306,492619.05461461801,89945.146464454869,1529084.032596749,429858.4188614795,192752.03543744143,1461729.8958361552
1787200.7862341437,990429.27739044605,675236.64991698542,1170818.4336816201,840332.27174843824,412966.80777465773,1538321.4233360793,769383.45031821425,27711.042073838675,1509564.1560942326,3015474.873174957,1110409.0689806142,3290567.2820558916,722193.23161917378,2285167.7025312465,145530.05487181974,246486.57825997222,558318.51127866714,845138.23860792641,551627.27753676102,1728242.2801384563,1241194.7980171649,276256.6618503537,23393.322851405544,201692.48815451033,1726950.3492245977,820668.91299632844,520508.75635593192,105636.70084497107,873869.24111461663,707458.80591378012,2490273.2363976445,1105601.4600773696,489832.34090773057,89496.939154986409,1520126.3288587376,427349.57748694491,191815.87997540087,1455508.7874991402
1774680.2063507738,983856.59110502352,676220.08755336946,1173179.4371914444,834690.35680037306,410296.68005108321,1529121.6920407105,765162.25925756141,27509.53089227296,1498514.6671400166,3002373.3608632153,1102547.4475404338,3296140.1732440731,723428.64376354963,2287839.2645192686,145694.94636582053,246456.5053805538,556878.5967669636,839052.22350578173,547579.1429057786,1715738.1221061067,1232082.7712686716,274319.03042734228,23234.616884309704,200345.12154553394,1715978.8996143539,815047.04336637305,517065.06940008979,104923.71051588141,875646.4012409976,708700.90637478698,2481845.902383036,1098038.276901619,486327.80253711645,88859.774167567535,1515344.0716568406,427949.43994931091,192155.51871399125,1459585.1489854152
1762245.0510514921,977521.01067970984,677083.51122477232,1175634.8777137769,828943.48582995578,407434.61051926872,1517917.4060460553,759596.70279455162,27307.574147664378,1491867.4238334643,2980857.4147408633,1095004.3763742642,3303104.6366303563,725085.30541483045,2290632.7803580393,145884.44038033107,246600.43266678008,554888.55867786217,833571.03504692984,545287.67945403699,1703189.3241747492,1223068.961745491,272305.14482941414,23064.251658331494,198966.23753124135,1704225.9425825716,809384.56219741551,513477.33697593788,104161.58074543053,877847.55189602298,710394.01160067564,2486437.3987734015,1096430.9297408101,483704.60677620058,88369.553736274262,1506605.3512741257,428491.19068567303,192475.55353472329,1463609.6783658965
1749356.2943065388,970583.46448920853,677920.98735187273,1178157.4390432399,823273.28579469584,404591.07953265507,1507814.3036245627,754234.71314212866,27107.041626140362,1494515.140517002,2975808.0977067235,1087659.9148011343,3316744.2245900608,728866.02317430614,2293255.2537709372,146067.32047111326,245850.98410874663,555145.9305167672,834744.48930009117,546247.51097250578,1692333.8481173383,1216413.5766629474,270560.5413681402,22904.656249225765,197592.68372174303,1691727.9865164058,803638.46241688833,509959.98922467959,103412.81986157698,906681.56358196842,718581.60688126378,2491045.9390997896,1098575.1632242859,484381.74884385231,88476.294211239452,1507760.7791055576,428986.14679295378,192764.59506725665,1467578.5567243628
1738949.2471457855,964723.85262193007,678724.48254389828,1180288.8852282721,818110.90548520081,402125.45390587108,1498652.3053963049,750153.35829655488,26962.69724455359,1497166.3974373285,2962207.1549698715,1080070.7736720347,3316824.1972650224,728907.03660216497,2295572.9943075953,146229.75833690033,244419.69926242877,551618.419451333,835867.31229133764,547181.72843787738,1680238.5489482777,1207692.9951197959,268575.76921262586,22736.452821319112,196142.43232427296,1680143.5927766254,798928.88846775785,507682.69483377202,102970.92577025016,889517.76628917642,715266.58010461298,2495619.1575775095,1100783.8643648082,485012.20273159293,88571.350954061214,1505423.0548568743,429435.38499005558,193022.13192627323,1471272.3864784865
1726195.6371033557,957641.41983544803,674921.09848495992,1182225.1357621436,812105.21617977042,399172.43656818761,1487664.896195462,744645.21946875867,26764.725697400838,1499674.6895145888,2940919.8532388173,1072141.5389720539,3322551.0832444727,729317.1410996432,2297538.0655215601,146362.42155203808,243455.71769785663,548033.48492674762,836868.89263470576,548068.87771258969,1668116.7534444542,1199010.1808346037,266603.09735486464,22569.464697111511,194701.80527133986,1667804.631029225,793062.36424994247,503955.29686578718,102214.90857779927,889952.73690888414,715265.37367542868,2500426.6431862907,1102961.7675216307,485129.54054177477,88371.628312228597,1494776.8054044168,429801.3178063567,193243.25427489975,1474715.6747805723
1713501.2240821973,950604.33500272559,669964.47284198599,1184031.543589941,806139.35467495106,396240.44903183694,1476737.623855439,739175.5186508958,26568.113894675793,1495771.7747770296,2919327.7092795614,1064263.0378648269,3330634.7383520221,730977.84642009833,2294684.8279347345,145604.24644425645,241673.70371905106,544010.19666566362,831023.02947579103,548871.61496064696,1655862.6817182344,1190199.9266359282,264644.13119396911,22403.690403141733,193271.59736187389,1655554.9618920113,787236.58589719108,500253.04901622626,101464.04851963739,914621.90385328908,722944.93846654438,2505616.0895925942,1105205.5546235533,481569.71139960177,87722.568269918687,1483799.6055868811,428239.72652354662,193426.79435752382,1477970.4844601047
1700924.8299357374,943625.84532794473,665043.96604121139,1185675.6951237558,800219.7980699531,393330.6399610411,1465893.1873520659,733747.42153260869,26373.025045704129,1484684.0101406514,2897879.3655555495,1056450.0500434639,3336395.3299926519,732364.60497468803,2277843.6937744687,144614.58738993804,239932.64316957264,540015.43212896783,824899.53553651215,545985.0431261569,1643712.9942326716,1181462.7664194442,262701.18347482348,22239.171012743765,191852.35577215935,1643397.3625270668,781455.99405643379,496579.78211401135,100719.00014662894,916245.50698092498,725827.14569455932,2504815.80034089,1105076.5354406883,478028.53194382275,87078.113542193052,1472899.4009778397,425094.52270162874,193570.66515402877,1481025.8338337771
1688730.3540718842,936704.12783526292,660158.33623080282,1187123.4414493996,794342.23514102609,390441.80187587539,1455124.9247467995,728358.16259264573,26179.31190330446,1473802.5831837342,2876655.9776551905,1048688.5975812473,3340265.3701627385,732785.1903480594,2262087.8160500713,143657.49315524934,238276.39423889929,536231.84388855891,818838.29551274388,542016.89694729785,1631633.8428694149,1172781.3235804678,260771.1257109649,22075.825460112279,190443.16441563828,1631327.257434662,775716.08714675484,492990.41148988577,99979.176651401242,908871.18201483437,722978.89016748068,2487467.4889163696,1097543.854390901,474557.83990446012,86438.542266228804,1462640.5878210871,422033.59566016705,192638.69063233869,1483862.3150076044
1676606.6630708028,930021.8714187562,655325.20960585831,1188380.7862676755,788991.64128935523,387815.32185332471,1445137.5093381747,723237.2075757354,25987.046895165404,1463425.1329824745,2856750.4440411436,1041234.3348648105,3343915.2333874307,733375.11131489626,2245745.1711653899,142602.60374634521,236526.43997201821,532292.8837254016,812828.39338355558,538031.79285529524,1620066.5912509609,1164513.1597488981,258904.0031692175,21913.696712462392,189062.51208911373,1619349.875632595,770118.3098830384,489488.62876425969,99249.720586630836,897921.55790170061,721054.15430779383,2469006.4931197963,1089396.7632592288,471070.50852474169,85803.634217344443,1451924.2104264121,418981.00833325245,191223.92605178966,1486479.688740944
1664508.395371865,923541.20283710549,650514.34062000469,1184809.8072527933,783213.4591126669,384969.8487055719,1434563.2629705472,717929.39789344033,25796.370062642323,1452737.2967620525,2835801.7659542551,1033627.1436305423,3348855.661585731,728613.76221499138,2229275.4123662352,141574.32584670803,234799.88278835593,528392.79806606087,806870.08280204562,534084.35289184644,1608258.301299223,1156008.8512872835,257009.8477402837,21752.913894961119,187675.90546893669,1607464.6561790265,764471.05117154762,485895.51463679859,98520.970825121709,907277.1985435955,724325.64952351979,2451092.1998909647,1081459.3851485571,467614.05861953017,85173.700829986759,1441345.2513486694,415904.25508391974,189819.60557856862,1488865.2620501881
1652268.216340763,916747.1835337904,645735.76072195324,1176114.7676048721,777451.18401438463,382140.62105844461,1424005.5325064349,712658.96804283885,25606.840496795863,1442046.686853715,2814963.5204246519,1026011.2086919934,3353796.2637058273,724057.35619380418,2212922.2958048293,140554.28231138986,233086.95326477446,524520.41780693689,800941.22629642533,530162.25821455603,1596387.707034339,1147487.9673298157,255117.93872479617,21593.0579861525,186296.46089914427,1595706.1341400198,758866.17626688862,482325.67367280595,97807.511737434543,913294.56328081933,725412.60746521305,2433214.7080375077,1073544.5468769441,464181.21963122394,84548.358263331858,1430760.896688337,412849.70993939438,188425.53816534684,1491009.4216231727
1640121.649037157,910009.59734794777,640992.27477251494,1167463.8367902322,771735.91974054696,379333.33381829975,1413533.9545711521,707424.17030364217,25418.742463221013,1431436.546373551,2794279.3557682387,1018461.0106861971,3340112.497877764,718047.67076190771,2196647.8576908433,139498.97912769302,231361.96286037855,520660.43292276573,795054.58934774238,526267.02704755636,1584631.4888057297,1139045.3151575993,253241.68513730081,21434.405126372938,184927.46157687428,1583984.4579772116,753291.72888385714,478783.07311871427,97089.17752069213,900894.76461776695,715597.11753446772,2414982.9900608333,1065604.7625848481,460770.87519708561,83927.280522905276,1420251.1867067453,409817.41380251525,187041.63602891937,1492896.1745492814
1628077.2139466575,903326.77974064939,636284.60657953424,1158886.929138581,766069.30154792569,376547.57890798722,1403154.2267040091,702228.83332321292,25232.063724886451,1420934.6398416937,2773752.4869163209,1010983.4944763721,3315055.4645357165,712252.83023389208,2180494.0055170869,138453.02079813991,229658.67151320248,516825.2521417113,789214.7523875226,522400.80231421586,1572983.9785779812,1130676.7537931686,251381.57514759863,21276.991100040839,183569.40175907657,1572351.8706748367,747759.4386696344,475266.87505777832,96376.17393769008,899736.27187203569,709681.44340979087,2399438.6485279892,1057845.5370599052,457384.12855050858,83310.632809969233,1409817.6079824993,406807.60768303537,185667.98786823099,1494522.1630981632
1616827.4514296625,896976.7357306577,631612.18467227241,1150375.1934608459,760440.60426211706,373781.80694923905,1392845.5724950831,697071.16799100046,25046.735123614504,1410497.9996564903,2753383.5211782651,1003552.0063778841,3290812.3953312854,706975.48495933251,2164481.6783502833,137434.83598138011,227971.56327439699,513029.69046437036,783418.96386426105,518565.19769553002,1561531.3335645308,1122365.9691291372,249534.13163972754,21120.70086135251,182220.8510296687,1560872.4674244551,742270.48671054724,471775.97591711435,95668.286589931609,900753.67265286564,704732.37938711862,2382535.3662051694,1050093.2725136986,454025.58386069949,82698.805376143049,1399464.4615643313,403820.06885314727,184304.43254452143,1495862.5528491908
1604952.6509779724,890388.605518108,626972.22014330735,1141912.5180419104,754854.09813438798,371036.52069361904,1382609.7626733512,691951.36232602049,24862.775304903316,1400096.5255544125,2733152.2571662911,996175.95300392737,3266182.970908138,701625.3971482832,2148572.4527237676,136423.79130509871,226296.90527065465,509260.16843782406,777659.9058886565,514753.24134259677,1550054.4575286601,1114115.0212853185,247700.25922109507,20965.563238457882,180882.25479240643,1549408.7343753534,736818.82083049999,468310.93815421109,94965.646540151924,895422.63252705953,699749.59011159569,2365132.0025983974,1042336.143457869,450689.35693081532,82091.394061760162,1389184.7289200516,400854.062547612,182950.78354594164,1489532.0223264019
1593164.819906726,883849.82778987905,622367.6407700174,1133527.4105909751,749310.56247464404,368311.63050702214,1372455.4996936035,686869.61507734936,24680.18268653606,1389833.4073462884,2713078.0260858568,988860.48598672228,3242881.4265030846,696384.63226570038,2132791.4619248235,135418.98775418382,224633.26202103909,505519.11713053385,771947.17706069234,510971.98470448918,1538866.3337614243,1105933.464314437,245881.29976920458,20811.593977028318,179553.90434635579,1538030.0873903858,731407.60648174782,464871.52044143807,94268.184566429132,887920.61666530231,694491.74547918362,2348602.3249993017,1034674.1732044321,447378.85388291988,81488.47919129362,1378982.0658924307,397910.13728199009,181607.17323976354,1478593.1850391992
1581463.5870600671,877358.18468135223,617796.61123187479,1125226.4713506538,743806.89952425659,365606.59400314488,1362374.4782159582,681824.99856981309,24498.921156364799,1379626.4163893224,2693151.1337913433,981596.94643767143,3219641.2094803341,691350.40768035594,2117127.3261845326,134426.15338972941,222984.0090956538,501806.19375011692,766277.89750557416,507219.19369555404,1527563.3701693849,1097837.5742461269,244075.18413454719,20658.74239102158,178235.11182665284,1526734.0147744627,726035.84587910876,461457.39592240128,93575.857699569679,882899.39956602582,689645.17074603436,2331390.2271982455,1027072.8969200471,444093.13981019595,80890.010078964697,1368854.1755196366,394987.77451243153,180273.41169148768,1467733.5834369296
1570547.3029013344,871029.34873779793,614509.28225809906,1119598.9925907038,738361.47490192158,362977.45855693409,1354298.6048629365,677320.10993265535,24318.995111170982,1369516.7264560724,2677477.5792368832,974387.77409069508,3197505.6635339339,686368.12259218271,2102815.2732749251,133436.95778047142,221346.15270273603,498121.66809106997,761025.19136265572,503494.23067501682,1516341.4052085667,1089773.3519142643,242282.51096319279,20507.021745635666,176926.13623390885,1515521.5718113384,720738.21100524953,458427.18355873093,92992.78709794872,875567.49716498249,684401.55833738728,2314270.2691231603,1019536.9186914929,440854.38776961481,80295.959241540259,1359228.3133892473,392611.16782386636,179130.59272362059,1463398.6838582829
1559067.1764082927,864714.25818180828,609996.74631331582,1111386.6959849098,732939.72998144524,360311.79880660656,1344359.879119352,672353.90143390163,24140.503046826147,1359468.9020974149,2657823.7918276638,967232.97145671758,3174355.8741128799,681439.93875536742,2087380.6687188866,132460.27932159096,219721.95127452447,494465.23336403677,755440.82180581498,499798.1909132771,1505204.7407709656,1081789.4163471637,240503.21567639269,20356.414804749493,175626.7607481142,1504574.1105704985,715503.14846058493,455060.44909855578,92309.844391981955,868578.38682172855,679427.29429129057,2297407.4814614872,1012059.1621880032,437617.96685996692,79706.305827882315,1349247.2488634828,389727.87765604118,177815.03479882257,1452751.4407473376
1547678.6877966889,858363.2603828751,605516.77331113734,1103224.6464656163,727556.21258911269,357665.54283055617,1334484.1977175937,667415.97348023078,23963.209152379641,1349502.9651807321,2638300.0682332446,960128.39434847678,3150918.7124037212,676364.08078031964,2072045.4062720928,131484.81896710405,218106.37509667655,490831.5237956093,749890.05704606057,496126.07155194739,1494152.425493682,1073844.5017310232,238736.88912724977,20206.914805104938,174336.92965671408,1493524.2581071167,710248.31984913815,451718.41813086462,91631.912666681266,863819.37533695519,674483.30144968291,2280572.6541603524,1004618.9323633406,434412.59780697187,79124.316667179839,1339453.5083142135,386865.63263208244,176509.13561052486,1442082.5789431995
1536837.4615368294,852327.16466492822,601781.36576639512,1095571.5373218018,722441.07544537878,355191.7860020331,1325021.180316861,662562.30959634448,23787.265645475592,1339625.0486566776,2620241.6638614936,953195.35191439348,3128051.1065275562,671504.0805129708,2057341.0350355802,130521.73739310745,216506.56836934428,487243.19202964648,744424.34459255647,492482.59082006221,1483599.1114752602,1066033.6606628613,237033.4629563544,20058.504933191307,173067.57631565636,1482701.8939835352,705138.69183372392,448520.47129035305,90980.970272104227,856904.52936216944,669802.29638583807,2263842.5229039574,997240.3930680505,431285.6433905196,78585.467352212581,1330447.4951142019,384300.15027619287,175228.69190112627,1431718.6827822893
1525687.1388180656,846070.20582392567,599456.19825679972,1097389.7183423797,718844.84466860106,353047.46386162291,1318118.7589637344,658236.95729370601,23612.594678991984,1343162.1483462562,2611424.5424962528,949071.08935243718,3133276.2273876457,672689.97706380195,2060830.8259917316,130784.70195214986,216964.42957082405,488173.68444308935,746080.84512018389,493734.8096836714,1477202.6007570361,1061387.7702249212,235873.06560903281,19947.683057230286,172070.78572164799,1472171.1487547741,699993.23681148782,445236.31336139259,90312.880106865516,856737.85430673684,670563.47717515589,2270064.7333206469,1000007.4612237489,432245.64644459111,78460.538759068397,1328873.8074000149,382920.8552254634,174584.73287054876,1428954.3532196584
1516784.3131207838,842085.48904523079,600979.04612598987,1099640.9458103012,720834.50864999508,353936.36639270879,1321973.5110856933,659873.85562797519,23543.032529912532,1346956.7132903405,2618300.1562773916,951701.63056225085,3140464.11487904,674522.13177564705,2064925.7477694682,131076.75529601015,217455.62917448202,489184.58449050895,747888.09969747928,495016.50952577265,1480903.5711413266,1063990.8370543285,236456.72521025222,19997.945548944819,172495.64791422896,1475507.6772916629,698034.77308193955,442664.50888830307,89744.928494828317,888632.54705281835,676137.42756287532,2276590.4257123265,1002933.3096924623,433252.80799852166,78631.311361528744,1331631.2756161031,383753.06926819083,174964.44119869533,1431179.3719779493
1505647.6805311781,835901.67235106719,602369.9178271048,1101878.6430432675,722737.3035075058,354657.11850520148,1325662.7575605419,657765.86238884821,23370.141187466452,1351019.1588151737,2624930.8097211495,954252.80222075176,3146656.5070265792,675939.06252113625,2069336.9905136514,131412.48915110584,218050.50193992828,490393.01970200829,749858.01311849023,496449.03673506586,1484629.5430936634,1066654.4862976414,237035.88138651042,20046.260778032243,172901.95733029759,1466101.3002011369,692908.36745800532,439413.32863939117,89085.795772809099,860743.18547454989,673882.53758464265,2283372.4386352212,1005952.7273926112,434373.29690969718,78820.260418575082,1334497.724253152,384512.78189701011,175308.91069919727,1433153.9367029292
1494807.4597124686,830141.63141493429,600534.05127869558,1104020.2143328923,724606.71240781271,354058.91257691139,1329221.9154769431,654406.87763693149,23213.917703346149,1355246.5957721889,2631469.192271193,956779.01070306939,3154854.8985655922,677990.34905525087,2073839.535806553,131785.05841929041,218692.31229862862,491677.32579631556,751871.27974653512,497916.02934477938,1488474.7459158876,1069466.8457959401,237630.90725021379,20095.014987334074,173307.16725720515,1459986.5958935563,688268.54175562703,436296.34145700728,88431.79634126513,867293.40515287628,676523.13790985255,2290781.1323707807,1009232.2777746217,435520.50336475653,79014.780709540079,1337373.5552444132,385203.36308760964,175618.11523287368,1434855.5404407792
1484116.8859548527,824246.52729749947,596125.07779917889,1106012.7594666588,724402.88875727856,351459.33333002776,1331555.1612131249,649601.80192866188,23043.448536932821,1359581.5372892432,2636638.6410816279,959159.64508198109,3168093.3812341411,683033.05076713604,2078119.6683463217,132226.94549814594,219358.77231899006,492928.58984826406,753851.82154448051,499357.46080523101,1492246.348662901,1072269.2980825461,238199.50358752787,20100.051049632941,172861.08691607614,1449266.5879719607,683215.27181501046,433181.33466394292,87813.422956301554,898424.71548153809,692999.45747169491,2299732.85085512,1012812.2792581137,436612.90037655376,79196.211491890703,1339993.8453483819,383786.8300167516,175886.12506782071,1425538.4594008948
1473213.448582473,818192.30643218954,591744.20328317315,1106512.4895779733,719075.41651789437,348877.58483051858,1321779.9844554672,644830.10256818275,22874.199919917719,1363241.4769404002,2617384.0898631001,952702.36953499028,3170624.8815409793,682158.14743302658,2081815.7147424221,132491.70431683431,219895.17215167044,494007.80738964881,755620.89694411214,500677.87132336799,1495544.2651325369,1074741.3404486408,238705.64968761971,19952.364255081917,171590.51646825526,1438621.5173083334,678197.24122542329,429999.71517666912,87168.464171468891,886750.93426323135,685293.52621898567,2305391.034508849,1015513.3320348248,437598.43233098532,79360.883693678144,1342291.8886856749,380967.42383822741,174832.33876735525,1415065.0563363887
1462399.9233027159,812183.75509894057,588847.75594097399,1108143.2578468802,714603.1930799929,346448.54568116536,1313577.676869475,640164.79703317303,22706.211932732593,1366933.2778815764,2606853.1830819645,946963.48847788875,3176319.7988252803,682969.41539918096,2085570.7733639756,132787.42656732179,220436.52863096123,495085.62980077579,757371.02528933599,501989.95552108332,1493378.4332097205,1077117.9927913714,237565.34070571553,19829.271703567574,170496.94919339081,1428074.1188419482,673216.62224859488,426841.91461189854,86528.323361120594,869816.06553023984,681136.81025060127,2311615.6299909223,1018327.3535592282,438579.49458812398,79528.337580439111,1343859.292130253,379265.51587486197,174197.2236189098,1411003.7597918364
1455331.921300923,810640.67411006743,590469.56634818483,1110379.9946085021,716648.23003848607,347401.74054169981,1317389.4525236986,641961.32523096446,22776.163242133898,1370862.9343170195,2613820.4951582961,949663.105634226,3184201.72749238,684839.7848977769,2090066.3859933659,133141.82499779208,221063.85545924853,496352.24032955524,759340.40426752705,503420.10446467093,1496913.0211014,1079754.5953029336,238144.51646691631,19881.765766783592,170947.11198572649,1431937.965322953,674344.85002851451,425776.75403461093,86348.72032782578,872345.41084630345,682958.8745504946,2318523.2358035576,1021395.9803692081,439684.9697384343,79715.569871693413,1346613.6198589329,380106.68972986232,174549.20469772114,1413590.7047699839
1444658.3453909447,804689.85453925421,591963.74548402592,1112585.8611089503,718585.82321388985,348277.44513613114,1320989.44941866,641029.43061432824,22609.306544645915,1374954.9668858685,2620341.1062719938,952269.68050825503,3197013.013612689,688653.08817654219,2094391.4239020622,133539.40387357911,221702.80069663166,497582.2356069141,761287.33870404738,504830.96729018743,1500368.5988394895,1082389.8826985727,238700.53080685879,19930.692893511823,171369.20720205345,1431723.354136453,669416.79109210067,422650.05048588035,85720.966040856132,892725.23637817043,689742.21139771189,2325804.0890651424,1024681.0098789862,440735.49609675759,79889.964544603077,1349118.2995802222,380867.02562288177,174864.41366095826,1415951.9858312788
1434050.5527003405,798779.80987555999,590649.29107342684,1114495.2579865488,718690.40587754885,346053.82977213373,1319431.8779975513,636321.81914152089,22443.258428748301,1378619.0028103397,2617117.7946705814,954336.25581402832,3208035.3191875182,692585.07405677624,2098293.815703168,133921.31586813054,222307.80955962586,498718.3361961465,763091.68855318963,506155.63134976284,1496033.6916870049,1084751.2595906714,238781.98576760825,19875.365532142165,170901.00485381379,1421208.4652692815,664500.39797808987,419545.97736294003,85095.687017077653,903116.29620994569,698199.98199722124,2332895.8750193059,1027698.0534905845,441696.29351264372,80049.114266381832,1351100.9705749103,380992.00331561267,175137.96942812492,1418016.674080767
1423519.6903527577,793068.39852359216,586999.28659044066,1116126.4369586098,714129.85357761721,343954.34344191832,1312403.8282228473,632890.19172578841,22307.537679002056,1381945.3733501339,2601561.9279952403,947890.87825881899,3206478.4839709322,690269.82195521437,2101652.4850665475,134151.927560204,222800.06067792891,499699.40939998912,764737.68114743312,507380.45061098953,1485941.6920519231,1086903.8934662477,237215.81822569424,19745.023706061009,169763.12571342851,1411632.8370668835,660212.82140904071,416634.21685907373,84477.348620630335,879605.82520107715,688754.77694017708,2338335.2021974474,1030181.344596138,442156.73839391995,79940.303758600727,1341851.7283932648,378376.59021236945,174124.19255414308,1419805.3278203828
1413073.021177857,787247.06567859545,582688.26738810481,1108117.2018480892,708889.2742056509,341428.95533430844,1302777.9295283027,628243.11742464779,22143.748880697731,1385174.6451828307,2582463.5820410107,940939.41796442529,3213794.8012990467,691950.64978218183,2100625.5976721784,134439.45603566495,223283.17111690019,500590.40387227875,766277.64090330969,508534.75468579808,1475073.6291775228,1083692.6149671925,235476.60610144777,19600.091760577343,168516.93777754257,1401267.1313074615,655365.264592311,413574.86277805059,83856.977432017957,886478.59610871889,691225.55617369164,2344355.5761987302,1032746.2862206782,438910.43563687382,79353.707704776272,1331996.8807179127,375597.62765272625,172845.39347389672,1409876.8507234899
1402689.5245268578,781462.9411565871,578408.74737805931,1099972.8036830991,703679.82397003809,338920.9772712483,1293205.1819233531,623628.5536862656,21981.090690146073,1376381.4484497285,2563493.1885027918,934016.3380097904,3219153.6924287993,693111.1962325949,2085189.7640393672,134691.82688844422,223711.42830972525,499099.17933864566,762406.92680903652,509564.52700964484,1464193.9468014878,1075709.4033246606,233743.86378633566,19456.074148291606,167278.54886856649,1390974.3365228565,650551.26413925597,410537.1746141605,83241.080589437071,885738.43698957481,692156.67912801378,2349388.6386606186,1032576.6642472966,435684.62823185569,78770.786975042138,1322213.1676777159,372839.14068433881,171575.96594760203,1399522.0679298257
1392388.2438112225,775724.21094167256,574160.15296364122,1091886.4658010378,698515.18994306377,336432.19597737381,1283714.698227711,619048.78299307858,21819.664556010073,1366282.7539775509,2544665.3723943718,927167.25728892582,3224311.5764446426,694222.91578438238,2069862.0642322348,134915.1611389246,223472.54367870188,495430.82484387979,756808.93099229003,505822.01895316393,1453491.7060733864,1067845.2246468179,232029.40945374424,19313.232064512726,166050.51230286257,1380759.5402476864,645773.71212272428,407522.2207873516,82629.764535835886,885209.68062834756,693016.87789549853,2332073.2007116247,1024986.127904961,432484.68961526605,78192.259546023022,1312501.1873256606,370100.75579772488,170315.84967127643,1389242.9925441153
1382902.7893007484,770034.74768480705,569942.85434228485,1083869.0400055735,693378.19141484308,333960.69378644868,1274265.4714479758,614501.53135560488,21659.394155317146,1356197.8827385807,2525962.9502638401,920338.08476656803,3229124.7547481046,695116.7621164351,2054660.1977678856,134150.41593231325,221828.96403240639,491790.07370633556,751240.88484144863,502104.33378344914,1442764.2923606723,1059970.8815871167,230321.45172189764,19171.319599341681,164830.17735303112,1370617.6765589926,641030.48757670785,404636.42639408878,82034.396036771563,884704.95170389314,693732.27703718038,2314884.2366468157,1017429.186040615,429306.73891410668,77617.937831796051,1302860.8266986804,367382.64453745127,169065.01704738717,1379272.8152823858
1372749.3059590829,764379.56027611566,565758.10947647714,1075914.3102621154,688288.49618853489,331508.32956712221,1264918.0883785973,609988.9358435428,21500.332061577115,1346285.2051687709,2507422.5336726052,913583.61090236891,3233556.0721461647,690053.23917005036,2039579.8079167227,133169.67189273858,220201.9764235784,488181.08305835759,745730.5268069451,498419.20263933827,1432173.2733960343,1052255.5251756848,228630.30591686172,19030.527842538235,163619.70503148582,1360551.8636872245,636322.77048352361,401664.77579196834,81431.939350354631,884573.98193798494,689083.92757247714,2297901.7543131104,1009986.8913412469,426155.09606980131,77047.955183741404,1293294.2895023955,364684.76441806846,167823.4335508802,1369144.5892798142
1362663.1397458927,758764.66652806045,561602.02714660892,1068007.4244517908,683230.57787833328,329073.32053095545,1255617.0268968095,605508.61467187025,21342.41702183232,1336353.8231001485,2488997.326148768,906868.18207128684,3218510.2526790407,684936.07373726089,2024593.8415646972,132188.31619705993,218583.53498962664,484594.17222757591,740247.60429977626,494756.91601362114,1421650.7992688634,1044523.475329959,226950.71298985285,18890.7538869208,162417.89949567179,1350559.1183467978,631649.14182696969,398714.66442942986,80833.858042221997,877584.75347964687,683940.20162636635,2281011.435443752,1002546.6221823939,423024.48533869151,76482.074001282046,1283794.762776735,362006.24417527963,166590.8586846593,1359088.1321201867
1352653.8667218327,753191.96742616256,557477.28749986587,1060161.9025759238,678213.07412357605,326656.58431279159,1246395.4720776044,601061.60879642027,21185.674062080223,1326528.3965667621,2470715.5629150537,900207.5772947137,3194710.0634546466,679832.47391496121,2009720.8462376702,131214.48916293215,216976.31248571904,481033.52689320868,734809.74887699366,491122.18485953426,1411200.5344548514,1036848.0763072006,225283.46329671895,18752.009681459815,161225.00583451265,1340640.4031657875,627010.17082606477,395786.38232979435,80240.185123123723,870810.08871548309,678749.48751076078,2264231.0907441601,995165.81139475631,419917.14712613134,75920.342419769921,1274365.7111698703,359347.57003905321,165367.38026704558,1349106.4425181099
1342723.7695779356,747661.46125629381,553383.39335025148,1052379.2315022694,673233.52370775328,324257.71317502588,1237245.5322204672,596647.52012916282,21030.089562598521,1316797.6452984682,2452573.5944510107,893600.95948324678,3171416.8910810188,674906.15481736814,1994964.442236464,130252.55110460037,215383.3067767985,477500.88203381334,729414.22261574608,487515.45749656513,1400851.0670099198,1029241.9743490493,223630.00483034828,18614.313110846968,160041.17866477181,1330795.0394266148,622405.55935099535,392879.87767048023,79650.927059635142,864755.67028799781,673873.17484829098,2247608.9926433056,987860.81275712687,416833.20039200259,75362.770147086878,1265006.922842969,356708.53703138157,164152.91536727961,1339198.8163271348
1332885.7631420125,742169.66011987359,549319.10955203348,1044648.7087808663,668286.69463266665,321876.08567990613,1228152.8668145782,592269.65968587017,20875.701626569629,1307104.6245568686,2434558.35721377,887030.80156324664,3148171.6983485236,670045.97796672967,1980414.7810011499,129304.62809359719,213802.09686044199,473994.82688966958,724055.69758875843,483934.96154055116,1390600.0570087498,1021717.5646699901,221986.26398122619,18477.579412490944,158865.48139027195,1321077.3991801585,617850.67776942265,389994.33297891979,79070.497971128279,858031.94229876297,668888.42815624038,2231101.1077980418,980602.51667656866,413772.16424057982,74809.32423432119,1255716.4983042334,354088.78314353368,162947.34560049849,1329363.3080210944
1323104.2628438461,736719.26580983796,545284.77369236294,1036987.2677065167,663379.68145209458,319512.28134132875,1219151.0246777011,587920.04879938439,20722.390379307217,1297559.4629310037,2416678.6727924608,880534.44790604,3125077.6529952558,665144.81147227809,1965902.4873952037,128355.19259810835,212231.87336628028,470513.71842350706,718801.05176904413,480383.41021124669,1380401.3339520392,1014425.6482811666,220395.13793171113,18341.885033532173,157698.85034033819,1311375.4154595048,613313.15014650207,387130.18660346622,78497.590171730655,851798.77438228438,664014.0628972816,2214817.3564353734,973487.65095021331,410733.32579978224,74259.913434966656,1246494.24695335,351488.2878758664,161750.63195657532,1319648.803425696
1313385.510596551,731308.36568827566,541280.35836144432,1029537.3451209763,658507.63434117381,317165.69484280259,1210197.6763347096,583602.24552486348,20570.201465085418,1288149.6951407716,2398934.0910546021,874069.58724805841,3107602.9860010063,660518.86604702321,1951485.2102535842,127413.71690193511,210674.79097322305,467059.98591860145,713525.23149250704,476856.93331169127,1370276.4382398147,1006984.4154427842,218777.41261398295,18207.189804442587,156540.7899456716,1301744.3251608554,608808.87089450855,384287.057390331,77921.100324752595,845699.1828615811,659211.76987359824,2198629.5252236337,966361.66239191522,407717.66336294723,73714.593854454288,1237340.5094226894,348906.93058928155,160562.714387057,1309957.0981291123
1303743.8679017366,725967.12258872984,537305.188623016,1023120.835910658,653670.96646132937,314836.38628260081,1201307.9450933305,579356.97088154266,20431.571733567158,1279527.3999161993,2381407.5773018426,867647.69795588951,3102492.4693438048,658692.80226815655,1939877.8899187264,126782.87437971109,209508.12494680929,464014.47247878893,708542.19186297292,473865.96505775017,1360202.0105107487,999581.12058165914,217169.95197416618,18073.465242901806,155391.03857306173,1292187.4863955411,604394.41054213326,381464.83623680845,77348.834779253331,842862.83862369042,656675.87007070007,2190937.5978913512,961225.22231913661,404936.32813324529,73178.530702196033,1228469.4096225325,346345.46759836836,159383.73736262461,1301617.9675084641
1294167.5172516371,720634.86080393393,533358.76043002517,1015946.5972433493,648869.38733827043,312524.08538402838,1192548.0739458394,575115.6838722016,20281.6750745061,1272973.791710068,2366998.1255358704,861296.62334126339,3097841.5504007204,657054.58004512836,1929315.1698175746,126731.05584476565,209319.29235095976,464164.44011039106,707148.50892996369,473669.87057108775,1350204.0678705666,992235.23329459422,215574.34059987304,17940.716964881845,154249.6467484333,1282958.2302864257,600027.51537713292,378663.19622874819,76780.759834857396,844604.04130231868,658108.54908962955,2197521.0814691521,960126.91038297955,406091.11162237637,73389.391109755568,1226936.2258344698,343801.74976856622,158213.18072017498,1292058.7703002638
1284663.7282317246,715342.8756894432,529442.01630156033,1009075.5722454722,644585.22464061191,310341.35963342129,1184351.6200763737,570892.78810405568,20132.733913546395,1265026.1720088287,2350374.1694767387,855539.29194596759,3103528.7846066416,658491.19372982951,1919037.3203270142,126717.3321952858,208928.86452782049,462429.68843617756,702701.40468385699,471054.51494815492,1340326.9905457196,985016.67285809398,214013.78712930993,17818.172907657274,153188.58255663433,1273952.7763311232,595621.07201716828,375882.30517392972,76216.881865277537,846861.69391586212,659838.94947857212,2204308.4975203956,958967.98570571886,404673.91345741646,73589.595660489329,1219469.9772161427,341276.91545983282,157051.26627229599,1282570.3844652716
1275284.2938693096,710089.25413293368,526278.83781112568,1009402.3247685236,641754.19397406012,308551.45849248208,1178973.1147137857,567062.37466825033,19984.87114194738,1269126.8018116495,2343506.0706167119,852401.63876866398,3109773.9335898212,660002.71225542575,1923578.7301817688,127021.04144224142,209461.95332124308,463583.51755943033,704659.8601726318,472438.23622722604,1339578.1623081369,987810.64030239137,213740.71393602106,17758.128659673886,152568.01529263443,1265558.4026167393,591246.65899265639,373121.81807009625,75657.141587995764,849853.9846454889,661686.69885503175,2211332.8558452926,962029.67060128984,405844.0791890595,73793.374061022711,1222007.1803236131,339885.89110044535,156317.86969093964,1274948.7682205394
1265966.1900260847,704873.95483327319,522413.97958757915,1002011.871703595,637042.37320167769,306285.33389048924,1170320.2628333771,562897.78402159305,19838.096070150725,1269314.2214839153,2326303.3936821404,846146.45735936705,3116169.9412425016,661718.45299719577,1915300.1185463641,127315.57876580584,209462.97706367422,462199.86833488086,700256.1203538304,472168.7680835388,1329812.9327050531,980761.67498233402,212172.69328401357,17627.690998902341,151447.81039374994,1256264.091912756,586904.35477135389,370381.4860484504,75101.493635108956,857096.10967705492,664829.65473832062,2218353.6435709,965030.70197510906,404093.49727870937,73687.161956095195,1213034.6730781628,337389.7889332886,155169.82436222702,1265585.5530684555
1256698.51524194,699722.64754235698,518577.72332426842,994977.52279685356,632365.77843808476,304036.13605071016,1161729.2256977002,558763.94210982963,19692.408630585171,1260248.3406801643,2309249.7210379546,839938.1993544203,3121560.0054920088,661508.10740739212,1902405.2382711656,126624.34506251173,208162.78520094883,459122.1586005991,695160.04833133495,469861.48908270191,1320117.4670964759,973567.08420926065,210615.9309642452,17498.263739887916,150335.94443867536,1247038.593462849,582594.27443261095,367661.41348725767,74549.944142300868,855798.32328030863,665730.51786727551,2224625.6800549184,962941.19242676487,401640.09108590969,73242.672709010134,1204440.6540633703,334912.09554937691,154030.27931121833,1256291.8500906129
1247490.0633587562,694633.6445460699,514777.17726410454,992159.83366335358,629936.98755909526,302422.76864932361,1157179.5040260023,555108.16043196362,19548.593390566846,1263649.7571524053,2302240.982939627,836431.17918374855,3127370.18648706,662786.97123232519,1903641.3558901735,126914.09005827497,208681.38447210801,460261.89698947594,697055.7967145521,471239.32444950269,1311976.0495853599,967357.74304496706,209400.15827375496,17402.663556819109,149530.35330513728,1239261.309404898,578329.90587243938,364961.38898882648,74002.46331063137,855808.50600012066,666624.77390227304,2230932.0183909568,965877.3786169783,402807.51894127694,73340.146097356002,1202138.2847700212,332655.52266810631,152922.28480322531,1249753.7155823391
1238343.6081963712,689532.24978009146,510996.22992035816,987489.12761087203,625312.70052308298,300201.71535682824,1148686.0273992906,551031.42922938126,19405.028078842406,1254502.229671953,2285402.6385127353,830296.65168561065,3133484.1827882775,664296.55644403375,1891493.219591222,126810.85926883519,208054.1080002097,457597.89059460623,691946.47292731714,469973.64756257407,1302365.5362059379,960259.90234749869,207863.9311196467,17274.872137306909,148432.61332731394,1230160.4553066497,574082.65081442439,362281.10721255455,73458.982009882006,858597.4052832562,668564.12757001002,2223513.5512919752,964400.50354437216,399903.85549652204,72833.645768055183,1193723.9080271248,330232.80107622844,151799.38401090595,1241781.9237195952
1229774.0799045882,685540.9369645667,511220.04691131215,990252.23471834592,621481.02703522309,298724.55529508577,1144827.180696765,549222.02153458656,19335.106535899853,1245281.1634091835,2279759.4104914004,824316.69455819449,3139844.6289064358,665694.61868547869,1896379.2389720916,127093.51643786898,208567.71727666646,458739.45473217336,687593.68792703201,466935.40059453296,1292785.6055254766,953199.97350603121,206336.18109669923,17147.979869424464,147361.54510471673,1222933.1409964799,571223.37544064946,359864.81005366368,72929.88179636524,860467.66581793828,669849.00246025948,2225100.6945803543,958825.5179328816,397974.00486888498,72525.397784512053,1193668.9297646659,330955.80839912227,152236.83278547166,1245011.5690427278
1220738.5107269615,680505.62873278256,507467.00679682085,990933.43162617623,616916.91112033173,296530.49944574735,1136426.4614096424,545188.42485872167,19193.104171063707,1236118.245729208,2263032.4519403838,818259.72164239164,3147643.7596669034,667962.02526133333,1895157.5243941592,126853.23077753827,207695.19453698295,455600.06414503203,682548.25023591705,463507.80803722847,1283328.9313318974,946227.6294872599,204819.77685292807,17022.020741290307,146279.09055863315,1213951.8330011501,567027.92261570238,357221.6273034903,72394.2283943027,863593.8839689187,672498.21541542187,2208979.8201924176,951817.78411140968,395053.8156920264,71992.889941857575,1184906.7110018081,328525.58008640056,151161.31185803332,1242833.9243115929
1211916.7923804182,675507.77980045346,503739.74729525368,983643.10250483546,612386.08530344442,294352.7266242113,1128375.7738324294,541215.78954689123,19052.199908860137,1227000.6814605156,2246433.697498979,812250.51783786598,3151981.4332028911,666725.00609988079,1881293.3811826832,125899.43055144139,206158.3646760972,452260.03497621947,677528.83662912599,460099.24648661062,1274410.9097593287,939280.97592972289,203315.75250198651,16897.009371811127,145204.7953522552,1205134.9537320631,562888.11489103117,354605.15039456548,71862.574877450432,863432.77230464981,668528.58502692194,2192883.0319429925,944753.6825564329,392163.64605689212,71501.143992015161,1176359.2761911189,326112.66386997391,150051.11771575166,1233899.7988141964
1203016.459009107,670546.86889640347,500040.17098356655,976425.76844838366,607888.99218707392,292191.00044813985,1120091.3578355738,537241.05593810265,18912.2794135937,1217999.3807124232,2229937.0243010246,806285.80987256835,3157235.7853487246,661941.4897912849,1867485.1077646581,124978.57710376329,204645.79860103829,448939.34264422709,672553.53853898891,456720.38605456596,1265055.04376577,932382.74192884518,201822.62172350383,16772.917787931307,144138.43001187031,1196284.5317580395,558754.19318184874,352000.81191531487,71334.790147637861,860300.29828660097,663812.96853814065,2176803.0940037216,937823.21632264985,389283.46010079159,70976.015683079648,1167720.4356945292,323717.72572200804,148949.13507081158,1224838.2403796685
1194181.7091028083,665622.41000533465,496367.24233819667,969241.62712474912,603423.72160354815,290045.05566917232,1111861.3697400689,533295.39990658313,18773.383090731448,1209032.0785206421,2213552.9490403314,800361.80230113573,3143959.7272944702,656791.84411484608,1853752.9670408601,124050.53590708991,203137.56310575304,445637.94954314892,667611.15707644133,453364.69368922641,1255755.7599927762,925529.70127940085,200339.75970295261,16649.721671703253,143079.71130659553,1187498.6423607464,554650.63089120435,349415.65864246414,70810.893304080033,852986.19844773272,658479.51481057459,2160741.3065261762,930912.56550751615,386423.59499692544,70454.719177407052,1159142.7733439547,321340.10737896984,147855.20595955348,1215841.7660065922
1185410.6909611011,660733.79915756453,492722.43376140198,962127.05994912586,598993.47723900666,287915.05546509486,1103701.303035384,529378.96041729802,18635.510732156963,1200173.7709639517,2197302.8251576573,794487.34369612031,3121012.9310219991,652026.07971558871,1840143.7240781849,123142.71918248733,201647.08927002474,442366.43789090111,662711.38521410851,450036.41700361064,1246569.8165425253,918737.73501638544,198869.06082827103,16527.454080171614,142029.04917636505,1178777.6081034485,550577.21885729535,346849.52309698594,70290.85836677099,847256.09773349145,653801.23498698405,2144908.6061645173,924095.01569108642,383586.30422567634,69937.312787800998,1150630.9257718842,318980.26967588434,146769.36771410581,1206922.7668554392
1176939.8347083917,656166.6037662375,489103.51201186539,955058.1658854991,594592.96956526209,285800.43107559159,1095588.3021328559,525520.30219371768,18498.644169972191,1191340.6023323105,2181157.9052029303,788649.04707577114,3098122.0491506737,647213.32366814429,1826625.2063056065,122236.87366528946,200165.42220239618,439116.67931078974,657841.32530554454,446730.32980329799,1237418.129344536,911984.66463807016,197408.06119014471,16406.068723687775,140985.98494151747,1170161.4121450963,546604.59903510148,344399.64847824723,69774.86160700921,840787.62590118847,648955.42023024755,2129147.4974259757,917298.3814176477,380768.62433053937,69423.660334398839,1142257.9406887721,316637.82989992562,145722.35907486893,1198067.9869314251
1168456.2083720895,651715.21380496793,485511.47846509458,948046.83474280464,590226.14373889822,283701.50419564627,1087542.0324064535,521660.89722883527,18362.7936524041,1182585.870080597,2165138.2437728383,782857.2104702004,3075968.9906728719,642584.44599359459,1813213.9019141749,121344.38682399318,198697.95305746168,435892.63693544094,653008.84812789306,443448.90574088972,1228334.0479850066,905289.1566392919,195958.46133131612,16285.581613121238,139950.58047809266,1161631.069902919,542652.93773986131,341949.27373705566,69272.695673990223,836528.64130317874,644634.58467418852,2113609.8964649956,910559.66055074416,377981.54905046738,68917.257255125936,1133882.9767864121,314312.41189459211,144652.15391892768,1189269.2706533617
1171671.8765932631,653021.57537703472,481945.42009686056,941077.0161243442,586437.93910931167,282119.97059779213,1080177.902157431,518758.13216508063,18287.460229900171,1173900.1869903977,2149283.4584259717,778285.7584696149,3054748.7118734363,638199.8140411044,1800677.5843184083,120695.55539201711,197742.8523525951,433563.71494753822,648212.46155013517,440192.75060936809,1219769.3676419074,898834.65370128397,194526.82162098482,16174.01844575338,139035.57810282684,1157960.4574614554,540848.93396161241,340963.45071418461,69011.31679754809,828332.38859010756,639908.25678840303,2099305.0599023146,904237.43997864961,375209.28882308793,68420.252238693807,1125713.0664142438,312003.94474514236,143589.78182919775,1180534.4661950276
1165187.6626594379,648696.0271300365,478406.54555455159,934180.90896524512,582135.82259185868,280048.52833716513,1072255.5856055317,514949.10561615141,18153.22707375087,1165333.1732658728,2133508.2139111995,772585.67014703027,3033462.6498254584,633953.46254204051,1787477.0503749691,119828.95476345172,196302.7801960255,430389.39720189833,643458.99515463039,436964.30214075942,1211067.5331138987,892251.05145418108,193100.94083492324,16055.289513519565,138015.34815873372,1149488.1509540465,536897.56678839563,338490.04565354629,68504.563392810858,824249.20867260417,635933.27234923595,2084031.4720713545,897677.07349952916,372456.18447727,67917.895294862057,1117448.1916635795,309712.74352981086,142535.29483444794,1171866.1612194479
1158494.6705607825,644244.01222194033,474893.48250556964,927315.25411114853,577858.80091664894,277991.63409344392,1064378.9573049201,511167.18465693085,18019.902070367196,1156773.6133321864,2117840.0539782466,766905.59533847938,3010495.3080006526,629031.33112179919,1774341.4530984706,118940.46769275842,194856.89124914669,427226.15630727919,638732.4131709775,433754.48262446746,1202164.0200538747,885692.66307546152,191681.49941667798,15937.347567660978,137001.35871395966,1141045.2830866866,532962.87188725779,336026.1137599377,68001.455017136672,817294.72589252982,630909.09242700587,2068680.1227499801,891070.58038515213,369720.31668887753,67419.066929887136,1109268.2973372783,307438.23048302135,141488.50024572559,1163259.778603507
1149985.6507769472,639510.52335333172,471404.96337987209,920496.26644183043,573612.66969043191,275949.70378274616,1056555.7809073711,507412.51566466806,17887.531556395774,1148245.4809876676,2102278.8773022378,761266.75740414858,2988043.2555582603,624283.63440203702,1761298.0648299486,118058.96272782903,193421.56051531577,424084.51185069961,634037.78072959417,430566.71371199843,1193318.9253544363,879178.52475593425,190272.42209907694,15820.277292562749,135994.84635286737,1132664.1749071081,529047.85650616908,333557.80352484214,67501.967056942696,810234.02167733002,625969.12222482264,2053419.4176325533,884480.84209797671,367003.84563308919,66923.863246526613,1101119.8601633459,305180.13890720229,140449.3370887959,1154715.2146749054
1141538.522774047,634813.9615970361,467943.21369381202,913753.5036956789,569401.48536629719,273923.2393903815,1048798.961343867,503686.11842438072,17756.167939685067,1139813.5046588592,2086843.8441454913,755680.97684866691,2966432.5650985246,619829.2164626373,1748372.991272876,117198.74664368392,192004.97236051786,420973.41147176991,629382.9239646222,427404.9771853867,1184567.1188002538,872728.65667288878,188876.2408435572,15704.11426355683,134996.38459371918,1124346.0595451007,525162.63539479044,331108.20408410759,67006.234937318193,804314.7891931365,621495.61701894191,2038362.6516367039,877988.92956152384,364309.09892424982,66432.42810873469,1093034.2539676796,302938.94486204028,139417.87514116699,1146235.0163423077
1133153.4773803107,630151.07171657181,464506.35194036405,907039.27867912373,565218.4035786672,271911.3897163443,1041094.6602400697,499986.87011593394,17625.758366089252,1131436.1912931819,2071514.7079704539,750126.47175467154,2944459.5405822098,615189.09896243957,1735525.4350846584,116333.44705830235,190591.44815043599,417878.59324896266,624759.1660769881,424265.21972181858,1175856.7527608173,866313.42085727921,187488.11322389374,15588.761310519019,134004.66652711714,1116088.1787194647,521305.5825397537,328676.46740296105,66514.132175935898,798296.12339816988,616834.13437313761,2023352.9147349468,871527.11475175817,361632.84804361296,65944.479062596685,1085005.9274515291,300714.05895119224,138393.95920964665,1137816.7757249319
1124830.4158791711,625523.53704855905,461094.8822991983,900381.0553952523,561068.17322786502,269914.57257207599,1033450.1563604476,496315.0455961806,17496.319236143485,1123119.8840137064,2056302.1770659315,744618.74557949812,2923472.1233477816,610960.84283922042,1722788.58865989,115492.06298316355,189199.06404666376,414813.71249297023,620171.02264515951,421150.10741037549,1167222.3762508943,859951.55056126788,186111.34613176566,15474.281138559261,133020.61022600479,1107891.9824233612,517477.19579447346,326262.56722180662,66025.627435669245,795254.60189022636,613283.43071447301,2008680.741366561,865152.43766630476,358977.76917867968,65460.245880761591,1077107.6691698518,298505.58385747886,137377.57649840391,1129460.4985818982
1116570.2280941075,620929.38076107565,457708.80920164956,894028.341699615,556947.55361300521,267932.20675211184,1025862.0631339072,492669.98536358692,17367.817781396698,1114890.8096503275,2041203.8967106724,739150.75606117048,2901921.3131539361,606205.18666888087,1710132.3294678042,114630.93097580687,187802.30527032411,411764.31063804467,615619.15441235946,418057.70218719979,1158651.5634484026,853637.25099531014,184744.56902162876,15360.635288979051,132043.67379483057,1099755.1036180013,513676.66001306986,323866.55118494196,65540.750608116228,786828.46856140799,607810.53472552472,1994008.4390038822,858783.35512260825,356341.58970966469,64979.479283846034,1069256.4688575505,296313.32453588146,136368.6582147603,1121208.5159940512
1108376.0116346003,616371.70085672406,454348.84053680982,887485.29539717198,552859.88673271285,265964.85554671648,1018336.508434449,489062.05623005517,17240.403135884961,1106731.2399517109,2026225.1388516049,733730.76107399981,2881428.3042011107,602148.44033805607,1697601.5383364253,113810.86167722543,186434.75205430252,408748.59232869884,611102.92617651075,414989.71251078538,1150560.4216874144,847415.9875802662,183390.05322532213,15247.866685051193,131074.42996995835,1091883.1490046019,509959.95848166489,321488.45936844533,65059.476572243002,783619.8204087225,604314.22547651338,1979633.1094100382,852523.73318771098,353726.24723912717,64502.396117056436,1061407.0791020119,294137.56872763037,135367.24650017606,1112976.1231932063
1100238.6983134248,611844.60527738568,451011.78545696003,880985.18545360968,548941.0335737092,264028.41298104468,1010855.2780330214,485469.9435127207,17113.771005546663,1098671.3067133084,2011337.7744715926,728374.48892178014,2860521.9470917098,597502.08433430817,1685120.6669936404,112963.50379331392,185059.34087412641,405742.97281260928,606614.78082020173,411943.19097132061,1142096.9442380057,841186.66877458349,182042.14956760872,15135.863563194554,130111.55126523471,1083863.7716864864,506214.44972798665,319127.41388171277,64581.677587368402,776515.62445668387,599349.97488936642,1964994.3639691293,846301.787241415,351128.20500740357,64028.633872375489,1053610.7847774928,291977.51449603972,134398.22079689859,1104802.5310517366
1092149.3582508699,607348.83156591922,447698.38596370484,874502.89105703798,544907.99512726662,262089.15543941333,1003425.1199942764,481904.18667088455,16988.06860557757,1090507.0031786631,1996555.8563517127,723018.4820561636,2838988.7378329383,592900.55867019028,1672726.9606069766,112122.19162057803,183694.02149869714,402757.28575722832,602150.85004410299,408912.56382380828,1133684.98121805,834993.56735785282,180703.56692468765,15024.676999712163,129155.63350643728,1075902.9100770773,502496.13603628561,316783.17294274922,64107.291576037343,769410.4122606382,594476.05076084076,1950425.0223852142,839987.7435064452,348546.9666287963,63558.264938568864,1045870.0347003234,289832.88607018703,133411.11245558452,1096687.1040035763
1084128.1752616926,602888.3833543926,444410.20416599867,868081.75200699468,540905.84041599813,260164.3075483733,996053.90373599494,478364.94149969035,16863.304460206673,1082495.24686884,1981889.9310115031,717708.42243688263,2818171.5026189093,588547.76721882692,1660441.3877126758,111299.05942042901,182344.60796767744,399798.63671100012,597727.1871841047,405908.80968996428,1125360.1678028912,828861.70340962952,179376.54267568034,14914.335096981773,128207.10837296162,1068001.3084208164,498805.71299946029,314456.65255859296,63636.473546617577,763982.29142244696,590134.58568271657,1936115.7386519893,833816.60975563794,345986.6342687516,63091.458915969837,1038188.4656766433,287704.28247483377,132431.32071703309,1088632.8332969889
1076295.5759188237,598740.70602409891,441832.12354415708,871637.642514028,536933.55308114015,258253.65397540116,988782.70211194793,474851.84197561734,16739.459580295192,1077074.7110427932,1970257.789668727,712439.30156862445,2825878.4386908025,590452.5147058221,1666823.9945031509,111693.38912374193,182886.34124312378,399841.79925039929,594665.78247640247,406155.58970869484,1117315.1122375603,822774.24550116772,178064.8181793041,14804.897326306924,127281.10623042438,1060393.3474997818,495197.71774173056,312147.19455711695,63169.110272000355,766061.77242923796,591993.30566840933,1944629.8399589492,837619.48176139651,345423.58016838931,62994.626109534627,1036053.2730554841,287099.61284463311,132532.90860087256,1091773.4890626743
1078628.0588191079,603077.63626746088,444351.31516922213,875215.28285709373,540102.16696946614,259787.71031634198,994717.83698980068,477352.771913982,16796.899246921748,1082532.6785042465,1981209.5370552167,715605.11924400192,2834299.4753341237,592668.83731928607,1673212.3308189427,112094.42447886488,183202.60699786426,400985.51348191092,597479.32309945032,407994.92010851193,1123398.9643009012,824914.44855935487,179019.37965619474,14890.498375707766,128012.33048483983,1066836.3451059384,497621.20723502303,312238.92528032011,63194.003904188918,768972.0012828625,594334.99022377632,1953166.2113113001,841475.37677535042,347017.20595100726,63268.578311984282,1040607.6932974013,288486.0525476826,133113.4934849795,1096035.579235709
1070715.5313707972,599819.96237054886,441561.32048147009,874166.07726194197,537596.68198154971,258351.60495987759,994262.83054745209,473847.00140155933,16673.537481901392,1080066.0735996731,1971282.8206638589,710360.18651956529,2841072.5398004614,592662.21886439016,1665667.1868420616,111383.00148797187,181867.96284703389,398051.48035853519,597143.83783215622,406725.80883701635,1121135.3522949221,818903.66798676911,177972.7405332308,14841.551662504236,127430.68443830375,1063625.0651661761,493966.00220623228,309945.37148434593,62729.844754935351,763402.49186537648,591797.47285169724,1945273.3275753097,838089.71959087905,345048.1021887266,62872.103710902127,1035324.3554862472,286986.89242334384,132240.05968453863,1091217.9819976459
1062855.3606134816,595415.908832405,438319.11591841438,867751.90125683753,533647.66736973717,256454.16282217752,986959.78491286864,470367.05124623998,16551.086631142527,1072142.866008949,1956807.1973488627,705141.74293656636,2819996.7871193383,588274.23701633676,1653442.7918524002,110566.62835751397,180532.67498809917,395128.28234258562,592757.41763122973,403738.50428941863,1112908.2071711172,812890.39103173278,176665.725760359,14732.552956753714,126494.78082142468,1055813.65580531,490338.42078412976,307669.32399963296,62269.195520232191,757630.080698326,587445.53471562325,1931019.9457403575,831945.26672721084,342513.31850122794,62410.320505954536,1027721.4699601966,284879.41992322879,131268.90410030051,1083204.1484307798
1055050.7959806828,591043.96717856103,435099.08686080767,861380.13262868242,529729.45133576472,254570.92799970112,979712.13619612984,466912.81272044819,16429.544836878144,1064242.1987879027,1942428.0054978912,699963.63764373295,2800008.282306687,583689.41560136084,1641278.1051357249,109743.95623522718,179202.14222045356,392221.54176788137,588399.85936345765,400770.97355259297,1104725.0487219426,806916.30581188761,175367.96508037113,14624.357065830367,125565.82995147294,1048060.2776122307,486737.58154962992,305409.68765636371,61811.86245638931,752020.67243129306,582824.81020801107,1916804.7924892649,825806.44831585628,339996.31076245796,61951.872617711895,1020170.8121976327,282786.91638524545,130304.79735598459,1075248.4182497174
1047495.254719001,586821.38750783389,431903.06847890595,856715.4978117639,525859.85678866447,252701.09623893109,972852.76717560948,463485.83819503809,16308.891184877488,1064685.2066935191,1930411.8478077766,694922.75707825925,2807469.9331314289,585486.12151040824,1636178.8072458121,110102.62221022056,179806.00077595926,392674.81408417382,586297.74966848199,400435.06678910647,1097056.2200633378,801929.18605473882,174164.03751833155,14516.945585493191,124653.77286606751,1040408.1868165331,483181.84991951432,303174.75907432148,61357.880310538952,753950.39904262917,584561.07778006059,1924924.6840083899,827367.70590867079,339164.2707913937,61878.693426085149,1015436.7018692381,280709.95729455847,129347.80912998553,1067350.8134605056
1039966.445220359,582521.1458806002,434494.56523938163,860616.82728321396,529100.90488035674,253301.23578328331,978834.85314644291,462684.69776088948,16191.114790261472,1070625.9554595847,1941820.3013596078,699229.52243880148,2816994.740748439,587786.23428040929,1643498.3925516279,110579.38442724635,180647.36646723424,394532.84616048541,589323.58059113577,402493.25498082984,1103519.0055093765,806372.51980373065,175178.67036127302,14604.738501913589,125402.68879994974,1037262.5238569139,479938.65045163519,300952.84890536679,60924.30863449016,756830.51451238513,586929.35530478216,1934585.5596571644,831731.31842712604,340946.53094808821,62189.52543659701,1020479.703230624,282180.12669199007,129985.34345602794,1071844.7686802426
1032874.7636189535,578739.04502116435,433734.82580590522,864445.99613376975,531479.91101774108,253198.50659848997,984718.05836753035,461477.10561697214,16114.291358019482,1076620.011519646,1953106.4605507709,703466.53319111548,2827056.5455508586,590265.73398791137,1650806.0987043409,111074.60210786041,181506.3829498807,396412.85890552227,592381.52412049402,404567.03525223525,1109980.0177456853,810823.26364049094,176183.27494051843,14687.678306868323,125746.12084087425,1033096.705333804,477385.35092505265,299083.13579237065,60567.927222858496,760788.72980889236,589751.33042543591,1944396.4428267705,836178.03486166673,342734.40049264074,62501.233899130566,1025505.3756874927,283598.78757213993,130588.25760051051,1075730.2009246983
1025290.489480024,574488.97141956759,430549.84677892702,868086.39796118892,527578.96680394548,251338.83300072586,977927.8394726027,458088.00632194936,15995.94440330729,1082504.0604434053,1949480.9270816261,698775.0666817762,2836839.9349219096,592695.28832961712,1657791.0731784673,111558.75518988761,182339.62354035425,398211.53535493143,595345.9972053942,406586.04107442714,1116213.5918059298,815118.48946368112,176656.42283075873,14579.8073833617,124823.11135972734,1025510.0586819544,473879.26907665597,296886.53978304763,60123.09461704921,763718.22615892556,592415.78455590585,1954065.6329858815,840556.03935947781,344450.91761570965,62798.152339393717,1030238.876143243,281987.54919009539,129873.34010096431,1067830.9728081774
1017760.2339232829,570269.93423205405,427388.02717796108,868389.31643462437,523728.60644018353,249493.02326982992,970873.99798358313,454723.82290789997,15878.470454249205,1088151.0286741767,1937389.7278227638,693690.18063076027,2846383.3326220531,594944.69561281707,1664495.0724096349,112020.17610318487,183143.11097513523,399957.84397054341,598206.94971718977,408569.31754535297,1115248.5693409347,818558.74583007779,175359.48375040133,14472.737037071911,123906.46695933292,1017978.7495732217,470399.09471726365,294706.1619136635,59681.541132800943,766336.57924208685,594592.28480730997,1963421.1458502687,844768.08606508083,346133.1151874694,63092.911841683199,1034344.4114836566,279929.31404898816,128919.53811753556,1059989.2461989599
1010285.9883115494,566081.77745537448,424249.03215377813,862025.07547099073,519881.42324162874,247660.6859978952,963740.95470040978,451384.20747668168,15761.855355015865,1093572.4502775581,1923160.7299553633,688592.29376893293,2856063.4518883894,597375.08441915794,1668858.24571802,112481.00838299755,183919.70264443196,401609.47092971992,600808.7092664612,410477.31097948778,1107038.350660922,812532.51708970394,174070.43854437154,14366.443166105457,122996.29645794773,1010502.3601743089,466944.37885336624,292541.8046971446,59243.23286577707,769722.74792181945,597346.77476123453,1972765.1325877614,848924.50084840215,347728.16023380344,63371.420934689355,1026749.0472320638,277873.41553398443,127972.74058039731,1052204.1574462957
1002912.8369102571,561940.76961456263,421133.07698399323,855692.61214630131,516063.43356996332,245841.96750728617,956661.86487967486,448069.27347495215,15646.105561752016,1091831.3880729345,1909034.3623192755,683534.71326520713,2864557.2773497473,599358.61010244756,1656599.5734816613,112896.63811522169,184633.7630574088,401663.72679984343,596397.50056307646,412291.20430147048,1098898.9881990196,806561.45964808622,172791.58861432906,14260.943006796124,122092.96285898752,1003084.3834655141,463515.33667183848,290393.38458835968,58808.146057195139,772051.83774939191,599484.6598622856,1981668.7474006114,852899.39007924218,345937.23391374742,63213.194232139445,1019208.5392567074,275832.62658796494,127032.89236502092,1044476.3094785172
995561.86116727442,557813.53124293324,418040.18191387353,849405.47856177646,512274.04821391107,244036.49071152974,949636.56264885655,444778.5345204022,15531.193756299548,1083946.8756910765,1895013.8055872929,678516.70630779525,2872596.2599598374,601152.88587311725,1644434.7487395506,113277.81724418851,184414.16947553662,398710.10371232149,592055.18248785811,411775.99167214433,1090831.1918811086,800638.06795002171,171522.93435970906,14156.222148713625,121196.44377911718,995717.68728456541,460111.07390168915,288260.67924956471,58376.252690134526,774475.96347091696,601303.01427989907,1990008.0191859521,856587.71633789397,343569.90995713725,62748.833620810357,1011722.5744970104,273806.85535342433,126099.94176833486,1036805.4343607057
989250.96263522503,553920.2976151586,415154.31900786178,848109.24220774428,508510.2458848859,242244.11932893997,942658.80038446584,441523.9849407266,15417.152440409056,1079792.4363821209,1882316.0485601865,673529.30476674158,2880160.63429874,602937.29213426646,1645152.2497206519,113654.71175364041,184828.45954970311,398834.37401782296,588251.95561639895,410301.04811353376,1083143.8164596197,794753.67976745591,170262.3111271016,14052.232460157889,120306.06952603483,988449.16316136392,456747.66970292327,286175.5154108975,57947.526061149154,776718.53974791022,603175.98457479838,1998151.5677196861,860227.05183705827,342027.23594014125,62503.27891155878,1007554.2186964185,272426.01639073004,125672.57094485851,1032715.1953295972
998169.65322013828,558756.83267815178,418150.97400503454,852376.03103375086,512153.14849797142,244042.36691727187,949466.31474663783,444993.00293948711,15549.921049330553,1085588.2049924731,1894933.0607593639,678282.74418556329,2889632.0119504198,605264.24072976341,1653069.018533932,114126.00870105551,185678.66439510483,400773.74180751102,591342.40816472075,412301.85796448839,1089822.710838181,799368.20227540121,171348.43132687127,14148.489010395404,121136.62919082859,995879.4815408719,460410.57412431476,288685.74846847757,58484.662597318456,779439.77136441856,605448.65041701018,2007230.8844500219,864364.61851337634,343848.36423969991,62825.276147645251,1013069.3778684111,274123.29644606356,126397.4138654252,1038071.0430064956
1006947.5567944752,563636.52117455052,421169.83351632091,856672.27198129299,515886.05684799096,245889.17909101109,956416.08366871439,448549.06611757562,15686.600318811505,1091579.0553126144,1907708.8495624643,683171.10063060757,2899823.6051311321,607832.88108112093,1661037.1138881918,114626.58845405102,186573.90231497932,402786.03627147054,594523.84671139321,414363.74789821613,1096767.8094522248,804149.29873087397,172470.84334881761,14247.801665739538,121995.24516826417,1003608.8043574758,464156.02716502099,291130.98497848114,58668.06293939126,782811.84919903998,608074.71482769668,2016607.4009067323,868674.42325529817,345695.39193390828,63146.837909775211,1018603.3043717337,275823.07178198488,127122.81130212369,1043427.5817492619
1015926.5468568975,568594.10638446477,424173.42992473755,861011.7311224544,519623.7700487813,247746.21946572556,963369.31516003283,452126.06358456437,15824.821562449975,1097641.8985490927,1920494.785458335,688058.32004085812,2909724.3652248578,610284.33460907405,1669096.7904357042,115135.11040472236,187503.62607743838,404870.39507014141,597751.79931717238,416468.77571174689,1103758.4102701095,808950.41062231245,173594.82715795015,14347.251146964705,122853.10676335398,1011383.1846124788,467954.75038668833,293599.07327414426,59198.795570843926,786633.25197695708,610743.72107766906,2026087.6398080115,873052.01044906722,347565.04522278206,63470.605914484586,1024190.2016701857,277528.05847871338,127859.53729241955,1048878.395476175
1024957.7286224833,573797.57744984049,427404.61021452473,865629.64126619685,523637.82132001803,249775.07046034618,970861.53363859409,456087.31078348751,15977.652200528311,1103920.4542644166,1933979.787976763,693290.8973632158,2919651.4448577859,612786.70950292505,1677477.8297389932,115656.80831144043,188461.20362642972,407019.29504992953,601082.59027043276,418633.4589885975,1111157.2561405555,813971.80594687571,174792.24300600181,14454.977439963293,123783.43356454914,1020005.3787316637,472147.49177958921,296128.27675878617,59733.388267282207,788952.85912830534,613127.6840989613,2035661.5843305618,877515.23981297296,349486.56966816419,63801.429950834048,1030047.7215293938,279373.6458876924,128687.71620300171,1054791.0234534685
1033955.0917014913,578994.30065561645,430561.73469577363,870198.93622563535,527645.16462564771,251799.94069352103,978332.42555120541,460040.00317833811,16131.114905564931,1110238.6431297313,1947375.6306562487,698529.31363208022,2929014.9247296113,615126.38766626501,1685761.018870166,116175.83981937115,189418.58636471271,409166.39562829857,604408.26491453731,420787.14749450545,1118626.8001448263,819040.08728854754,175995.88128570956,14562.760669079134,124714.35647758335,1028621.6868441737,476352.24942272785,298673.654428754,60275.789716592008,793062.04526469333,615894.05229578458,2045341.8475624204,882020.2328737746,351395.64628462086,64129.884468846867,1035857.3105495968,281179.60642893234,129493.67293141584,1060577.7101434655
1042950.2846091849,584248.14240457339,433832.78722913482,874839.31356651371,531766.65369279671,253892.29045318085,986078.54606233991,464134.57832306623,16287.422404899518,1116566.4652647069,1961343.2578565073,703900.37128595891,2938259.3460423644,617451.11313234747,1694311.1688485434,116697.87694290109,190395.49352343846,411383.02651276905,607813.91620952415,422985.02422814787,1126272.3554073502,824211.59031825257,177231.54533674102,14674.285257329946,125676.80095137873,1037538.7093421512,480661.26235987491,301221.97586286732,60813.872550135326,794364.70469605201,617876.30948963517,2054770.5828847038,886481.04627972655,353366.79026132531,64471.104400433389,1041954.5246071157,283052.99361666065,130318.99363223468,1066501.5539975627
1052024.242513122,589530.35059472371,437145.42819833866,879534.34881052701,535917.49657450616,256005.96846904245,993925.44637403532,468311.11501604348,16446.093500176394,1122952.9688717749,1975524.9807237438,709332.97719357617,2948089.8009623289,619956.16508829757,1703021.570481756,117236.50785826228,191390.14950627281,413631.02108193614,611234.16171697958,425192.6733689956,1134048.2138649411,829426.10246824322,178480.08378345525,14786.46725483213,126647.29714330338,1046543.0090887046,485043.79902963794,303828.4288337024,61364.727257503619,797969.41821919929,620527.74758532376,2064408.0775804687,891029.32296438131,355354.02134813688,64815.261777942222,1048161.5940144951,284956.44560345588,131148.72480576803,1072568.333777746
1061088.9495395336,594786.79883836466,440374.57859175158,884194.11225306627,540034.3183051236,258085.01967215829,1001807.2989623961,472410.6236229114,16602.381601978304,1129714.7643308593,1989620.6646633511,714781.45259951288,2961503.7527169553,624886.4409326755,1711672.7323623451,117860.84222011008,192438.29510361527,415904.41407839768,614707.62619316822,427425.81717143545,1141879.8498229734,834659.09740483167,179721.3008103678,14896.869595218423,127604.0774025985,1055415.469750423,489361.5348446389,306384.21965221636,61901.485858031403,815148.9059849584,630751.9106958356,2075231.9343904438,896262.34119339567,357329.36925894266,65151.086887140234,1054211.7738564755,286799.50274683069,131946.86005849985,1078461.9708668403
1069860.326679111,599938.06440633896,443483.95132207026,888652.8344653995,544071.47555870318,260113.73365193134,1009450.2954135435,476389.00057159143,16754.453626047522,1135753.7851889499,2003181.1614411343,720071.04818923387,2970208.9980826764,627263.52888157521,1719919.0110178152,118385.66473616713,193409.53927715603,418045.76291072223,617986.92457060458,429533.59511627816,1149408.875283249,839607.41556832357,180923.81706448013,15004.774498865341,128540.39724091422,1064082.2924839023,493540.56375975622,308813.48320718348,62410.000829630553,817422.1973857563,633557.03711184219,2085091.9759508835,900416.1875013985,359198.56023354735,65471.3424503407,1059986.510949007,288567.45680436131,132708.95382751024,1084108.6264429251
1078247.6025341831,604944.77066396584,446464.608856968,892994.23826709157,547964.12950009981,262077.09354845303,1016734.918169255,480228.12451816129,16901.800668069198,1141638.8995011367,2016178.9101576412,725160.89474791358,2979688.1709235548,629725.62322416657,1727859.768982623,118885.85310996583,194335.87387754497,420101.46971400589,621139.22150249255,431573.31898372987,1156726.9813633782,844425.26539488579,182090.61204817879,15109.597858620886,129448.76271445374,1072494.0536400876,497566.04795967706,311107.64306317159,62175.737752615503,817581.92708788626,635608.10048560472,2094324.4349885252,904660.93037153652,360994.50629108003,65777.861271503993,1065506.5882513544,290259.26448165067,133434.71293243868,1089519.6799952462
1081224.2616345871,609710.1189176183,449303.09815658967,897026.68797369767,551685.52829980291,263960.87195012608,1023671.2889616172,483898.87636136694,17042.664507878708,1147184.6670328134,2028569.0106750668,729969.2924630983,2984643.6035671085,629337.15121527796,1735224.8925011579,119263.79156897505,195148.64001284359,421999.80601493682,624137.76829006209,433514.25242848287,1163539.3403549667,848955.10351392138,183192.50357254574,15210.241932106584,130317.6519163249,1080582.1684230885,501387.06846369727,308843.62191956391,61718.642234805055,812039.07125124859,631299.28334290569,2101882.5149044967,908515.60415527679,362693.09283788525,66067.667215360532,1070726.7248367176,291866.50341070665,134120.94235745826,1094641.6275800269
1073272.9518458967,614295.03709674696,452007.34853180143,900903.77090143343,555305.80938570178,265779.84721421538,1030404.6351650244,487423.92653775064,17178.154522488021,1152694.4709258161,2040483.8915713534,734680.56170421664,2992038.4380942588,631036.46469189727,1742269.5021543091,119691.64453841682,195959.81671920308,423819.4999749916,627041.62718667067,435390.1336360955,1170274.5259844849,853381.93771127786,184267.69947675796,15307.946122008681,131161.21953707485,1088394.0105201937,505034.48814249207,306575.14964229253,61265.32256183774,810950.35825293686,631873.62010527856,2109948.927233493,912414.99678725272,364316.06129001797,66342.636652191926,1075678.4583300112,293390.83594510495,134767.80898487451,1099492.5006031648
1065392.0389848331,618700.9152354328,454574.14652469032,904663.3008543558,558816.46100879065,267533.20298423088,1036927.3203787509,490802.77144042496,17308.32220438568,1157899.8279185973,2051905.8840351989,739250.40458071488,3000023.5746426266,632802.26953303127,1749221.1267907971,120112.93757601024,196749.94048611977,425582.6383651385,629820.46973256767,437208.0549380657,1176813.1327844516,857641.65376748564,185307.99042986531,15402.486742224824,131977.64354844022,1095927.5179678253,508507.17609697243,304324.66258016805,60815.648321535744,811734.50671159476,633085.13423624553,2118098.3601451688,916134.21565417014,365877.19269877794,66606.861415953434,1080405.3331488788,294830.33075353492,135374.07883730164,1104067.3881370374
1073895.1137991659,623341.42834192223,457502.09054936463,908983.50750038028,562497.23193659715,269409.84503538965,1043837.1738898404,494480.58213287086,17450.265354053288,1163521.7355499067,2064353.6336793546,743982.62457616266,3009968.7182585453,635298.74663348717,1757346.5891737428,120610.69096688232,197666.97064930687,427632.61170057481,632834.68500484712,439208.32955769025,1183550.2058468449,862124.04307756829,186396.39133604409,15502.667143676552,132834.93086380747,1103911.9832291428,512321.17971037864,306775.69760513748,61342.724989747694,815565.8770632667,635836.30995643872,2127272.4526383537,920268.55468943215,367662.96750423318,66919.915950477181,1085947.0811915188,296517.04247332504,136108.7366282494,1109477.081825166
1082066.3970051724,627871.51338473218,460351.97248709993,913449.75286649924,566171.072368689,271244.20224644424,1050861.5101624739,498062.37588321947,17589.123213737541,1169516.6096720241,2076678.0368383625,748800.97487429006,3033143.4099192945,644997.03128573031,1765639.3950640073,121309.46789642971,198696.30192620237,429743.57838031813,635865.67344678484,441213.35239301546,1190760.6328832253,866734.28820740967,187502.45635404132,15600.710092566953,133686.20540621341,1111726.6524892701,516005.74034030217,309094.41865221621,61553.406969462216,846426.38760477223,654419.73208683194,2140202.3777362737,925230.72447928414,369424.93458303902,67224.601904984505,1091333.8819783148,298143.461612941,136812.07322783896,1114702.4801762551
1076959.4794693985,632173.96523362724,463041.6401186313,917497.79124270554,569657.35057650029,273002.63661616907,1057384.6158469394,501478.10402818309,17721.865700734339,1174774.8002129006,2088278.13190843,753280.09590025514,3034079.4835943826,643520.95934366691,1773217.3766040818,121698.09133496997,199535.24141106731,431656.21653490805,638700.54383412434,443100.70604332502,1197075.0254568106,870955.5810279845,188530.3514554608,15694.890630980042,134496.73741339979,1119222.476751904,519498.2986385221,307293.83379820059,61101.138956188006,840591.8560076966,650524.44624578266,2146838.0055528348,928853.21275279566,371079.31713665498,67512.614007776967,1096409.167709071,299681.75290911959,137476.47705700164,1119642.9080816098
1080706.5803502991,636376.76046134299,465700.04860435543,921467.21823866235,573047.69901856768,274706.31074928073,1063746.2036315352,504787.05938029045,17850.546042998107,1179973.1451779183,2099529.1550136078,757651.15260010434,3039627.9734806325,643175.21062279167,1780568.9025912066,122106.5466713038,200361.22172055539,433506.95853835059,641452.89772195579,444929.64216253493,1203403.433352052,875082.30996885279,189531.84196052753,15786.125479708495,135281.73164194109,1126472.9938796244,522873.57336400065,308093.98393572128,61296.731834128797,837526.64703041781,648575.35187549691,2154971.5383135942,932671.39271129738,372681.51175910397,67792.713724437534,1101324.929345886,301198.27191852132,138135.3204661723,1124598.5024650483
1088773.2075135121,640579.54619001085,468261.94592913549,925358.96777634486,576342.29322623997,276368.62897979416,1069949.7700780667,508018.21847372799,17976.64855989267,1185092.3639507913,2110447.5950997411,761877.23827881145,3050161.463328687,646711.25566218595,1787721.1721860326,122617.33318820695,201223.92818337091,435316.53598748433,644118.94055370777,446698.67623519542,1209498.4990792095,879094.48922658805,190499.74224305485,15874.368352455436,136040.93141498795,1133570.1261010768,526194.20919738943,308997.33775927621,61312.246339426056,843453.0843026907,653273.50425449177,2163982.4603969194,936610.17942081834,374215.37794369546,68060.637127527036,1106004.0250887554,302649.02792001527,138760.04181898493,1129378.6552409183
1096881.02564191,644770.35832035786,470717.09066231735,929116.30904344784,579574.18478153145,277994.0779171238,1076012.7941893495,511167.8381791772,18100.314835681482,1189925.6152161364,2120973.2422566963,766028.80921305204,3056227.3558836239,646635.85745601275,1794477.9728146933,122977.58403450038,201963.32759512414,436999.2140599438,646669.67464671319,448381.63618198206,1215453.6743842666,882976.13036074396,191444.04245510342,15960.988608880763,136787.60757482992,1140574.9370391727,529455.27009574242,310869.70931451587,61663.340552337024,831736.36599446344,647323.06374800985,2171303.2752396991,940153.11723535624,375668.49588279799,68315.038697384138,1110437.465041613,304033.96055558266,139353.33568771736,1134005.0119724905
1096432.5664184697,648773.19758234557,473026.29609514039,932723.53580099833,582696.0883419977,279552.71026937879,1081832.8709588761,514165.62521377445,18218.658784661853,1193670.5205551446,2130922.5820958493,770035.16288818792,3064100.1288087219,648727.58294741472,1800924.5594210387,123404.69195397501,202716.36351059173,438609.5624943875,649076.35240447789,449978.18772034219,1221226.046506695,886648.1798323011,192350.49163201722,16044.212306409057,137506.65835036978,1147301.4818734273,532538.72673651366,308906.9673708934,61260.369834292294,832247.38692561071,649251.69233026437,2179217.5240589534,943624.10498377983,376990.28823444934,68553.394865759328,1114575.7570393533,305334.24702423811,139909.28056415514,1138452.3273794742
1089331.0392637979,647118.25832804909,475359.52311834157,936377.51777117117,585667.30666509876,281040.33200547152,1087343.4080080322,517036.13748231006,18331.873587597001,1184859.6613668792,2132447.1813027486,773808.19104613701,3071413.7873688536,650235.40997196827,1807183.1297656717,123781.1074085352,203406.07930194912,440103.97409423901,646540.96881069511,451479.75473665434,1226627.5762553921,885242.17461373273,193203.35784341057,16123.760793156824,138190.52403345375,1153731.250862912,535459.47967152158,307236.13918903877,60941.099605364143,832683.39594636695,650404.87698661746,2186592.4719553064,946839.77562765486,374420.55057309323,68333.398382973013,1117846.8333264771,306648.87519486091,140497.30600382146,1143013.4400353495
1097294.4938859385,651288.49796097726,478009.02972636913,940341.08727182692,588892.92762321606,282677.25907897064,1093473.890166014,520241.9463274451,18457.231127726598,1189859.2471830829,2143454.3390880381,777891.31447177753,3079488.6749504576,652183.62563750183,1814079.9329194468,124185.36666298771,204147.72301003613,441761.24799446511,649213.60617953434,453159.2586537535,1232455.0556115441,889192.51867801463,194136.5724511928,16209.056321862347,138921.99400272299,1160585.819537349,538732.27686567151,309592.90648827213,61457.157637189215,834612.63060349424,652087.64736724424,2194144.6837393208,950280.05982692679,375954.23643739492,68595.092127265336,1122371.1542326252,308154.89544266788,141173.39919837262,1148202.031181514
1103316.4541608787,655463.81551715382,480622.56472177518,944321.02360423352,592064.69797017786,284285.0598189446,1099543.5577277036,523403.99547904922,18581.746182596045,1194907.6843693522,2154215.5748584913,781917.76263450796,3088496.8967714822,654743.73034793686,1820866.0112131268,124625.96272833848,204902.63965805943,443393.18351970642,651853.15651302529,454813.79989188374,1238325.1692697438,893150.70075942716,195063.89276223723,16292.944974561929,139645.26416586663,1167404.6932029754,541990.55376448156,311920.1530323383,61966.704177100801,838804.1746802798,655062.45701593661,2201944.7354283114,953852.21331176453,377445.77621260379,68846.83325555695,1126708.9003141283,309636.35386875831,141847.01158522451,1153430.2120060676
1097153.4354662229,659473.06368996308,483110.10831108736,948223.27845318627,595157.07148744725,285834.72882737278,1105462.2508595965,526432.19341616228,18701.700912490691,1200266.9610689967,2164491.4964115974,785881.93200909707,3096840.7056349181,657265.67191511742,1827353.1432308233,125058.67989598952,205635.40384017047,444943.83651464176,654427.13075085508,456417.19472991925,1244596.0264559891,897254.40297768754,195984.15650436672,16374.424784613349,140347.42686879606,1173962.5409395823,545088.57524291484,311998.95941936912,61872.630465106435,846916.45946264628,659560.69176703074,2210063.8563696174,957597.44752611534,378861.71696377645,69083.037149129872,1130765.802124467,311040.36978856125,142486.8298562027,1158456.3269852207
1105124.8376831003,663484.43941721204,485656.9496857645,952128.79384141869,598101.79737134802,287352.89701059111,1111135.4402939894,529459.69015638693,18820.715380342255,1204734.0142766121,2174648.0793674355,789463.1515769721,3103830.4114421266,658618.10282794794,1833826.0406542579,125425.16562935492,206312.78783521391,446395.8053103406,656822.59991655033,457920.33891408046,1249683.6426466657,900646.78075303917,196809.48534780327,16451.446211930113,141009.72720485419,1180385.0097672537,548189.84626928275,314285.67010319291,62377.216629491741,847803.65039495309,661866.19529570593,2217854.2081605522,960948.07450788002,379269.97787374468,68878.531413225763,1134856.6278034856,312509.74898397049,143164.07908215511,1163681.5852298576
1105626.8277985805,667366.20999792719,488156.09133755864,956054.73345901107,600924.80658309627,288801.10170001315,1116641.2514990906,532354.49729148042,18935.103141884803,1200906.4661402239,2184426.1037807059,786838.74921232613,3112327.6400182978,660363.93202907417,1840127.1063287139,125757.55167441712,206904.32032645607,447722.01944685134,657074.00795791892,457352.95750981325,1254510.0087288176,899678.62444852327,196390.48610710495,16524.566742716197,141637.24617813065,1186528.7524080931,551145.33478968416,313689.15636785777,62164.875780435497,855830.22296120168,662457.59106466454,2223945.8930833428,963601.49440765544,376476.81793829642,68372.036321621083,1138744.7481555266,313952.02204703836,143830.01919084199,1168813.9539465571
1115356.2097264943,672208.51269134786,490942.64262610389,960175.59686158889,604337.8541997741,290569.57924416102,1123007.3657745929,535862.91069159564,19073.779526958686,1205653.4771823748,2195619.4983570669,791303.7122704495,3118651.2670568656,661714.40733521862,1846949.3619674365,126102.46044484676,207553.47211772355,449217.48344868037,659646.56204996281,458932.33663519419,1260849.3846463731,903912.4887328553,197419.37950929877,16618.938134788328,142441.39798175337,1194269.5654636293,555015.54793528898,316479.54103952117,62755.321464713859,850196.23502937553,661649.6687811733,2230375.2950951671,966638.12752316636,377980.81204377866,68634.691595530356,1143290.1782388168,315564.25999801507,144569.65136642547,1174389.6893303513
1125234.6234544066,677158.51839935977,493660.44709435594,964501.45041341463,607821.61993716774,292320.70689547295,1129730.411788949,539323.17339723348,19211.726417836915,1210653.268814622,2206742.4116297066,795980.98450759961,3128922.8571189246,666066.05605473102,1853822.0591131093,126579.49264521903,208264.81077893364,450700.62679101736,662208.29590200388,460462.10244219063,1267850.657440762,908394.80725396599,198484.09256489607,16711.726864829518,143248.42079443458,1201947.1373930669,558831.59681712056,319193.06037816184,63326.565574158441,857011.46530460508,669612.66394324997,2238536.0091776471,970105.7332389279,379426.64609132771,68884.229259369895,1147633.5128955459,317119.88805155817,145282.31338981958,1179831.7547189924
1134779.3352418696,681928.35670595872,496239.54274852795,968448.51019246981,611192.69783814298,294015.85794311797,1135907.1223180366,542643.34645938722,19345.322121569181,1215055.6877787055,2217199.6755794003,800565.22149465606,3132965.1984784477,665799.41464596626,1860113.4100386098,126843.43152908552,208836.73518630199,452045.30682535324,664566.54193593608,461904.88986696291,1275322.6871532155,912766.97096260497,199539.93038383641,16804.118914630701,144039.9925569187,1209426.147818963,562503.41203844536,321791.40510354744,63872.415432147784,849498.08093978046,665175.30386388896,2244084.8321409798,972893.98258673609,380789.70983381761,69122.161587123293,1151694.0941833684,318595.5467229588,145959.64675424463,1185027.0773153275
1143735.6864133929,686355.86465094204,498749.11418299429,972194.59306189534,614278.94662158121,295625.49766360235,1141593.8173893995,545808.71121368092,19471.607251643727,1219438.9042492956,2227373.1595164184,804431.26082980086,3140019.9586332878,666963.04919262906,1866400.2628027138,127191.24072792732,209481.23722263169,453478.52497237845,666954.8395750178,463447.33557414252,1279890.880259593,916380.67211098433,200443.11193417051,16889.463618902548,144779.0165547404,1216542.4247116933,565950.40094626835,324247.94620972313,64388.674388879423,852526.64112323802,666853.03168584988,2251404.7121229996,976054.10167876596,382211.50306677929,69368.540926816422,1155824.8618926378,320027.60500740149,146603.57305296155,1189979.9530280877
1152259.4037089443,690652.81988119788,501153.6260931642,976031.27383773343,617373.09957964614,297185.03282454185,1147376.6960227706,548849.35267304338,19593.616901554884,1224158.8129459945,2237245.2350303195,808524.80108084879,3167744.2545536389,675600.21009648126,1872732.6340570047,127720.39974491637,210202.03473473227,454888.21208473039,669285.1182201904,464937.82184520439,1285735.4848727924,920290.39920036308,201377.90082830706,16973.267108633238,145500.82298636506,1223425.4246559392,569253.83269246691,326576.95587429276,64876.254086896697,885637.69732821244,685417.07230069465,2261542.4069454428,979691.65067829832,383561.44479607948,69600.853804934552,1159713.0267629158,321386.74606571737,147211.75440821348,1194699.8424158257
1160501.6295212333,694800.94218613103,503413.51051254111,979577.04050881672,620329.22892267525,298672.22586976824,1152863.500119762,551735.56983335561,19710.252833751267,1223242.2775213651,2246497.7241177335,812433.16302209639,3175022.1480462495,678758.5131499673,1878479.7027898633,128139.96626693886,210834.142678857,456140.89696077438,669258.69010583358,466332.35424261453,1291542.3318926522,923993.50367372297,202277.74622832667,17054.147391436942,146197.30477123239,1230050.944805553,572384.41661939386,328773.33551474969,64540.834267458195,895715.44118657988,694553.25442701473,2276220.0557170594,983513.19541180925,382132.99539340514,69370.396096549171,1161983.5646879377,322660.39649195556,147781.7821471194,1199166.3098778969
1168395.6406843674,698792.05079068989,505525.56400474848,982883.96684381145,623163.79613778729,300093.06841424527,1158071.5979302872,554471.85771869833,19821.832584858574,1214781.5327278215,2245517.954761059,816162.35026240547,3178113.372343251,679459.93450129591,1883752.0891197035,128429.46098044397,211389.53219797765,455759.71937646403,664358.89521748794,463172.80751592666,1297007.4256889771,927484.94583696174,203133.2578488244,17131.696589273579,146863.59565854992,1236408.1137667571,575349.80402999127,327675.47534010076,64066.862896483624,903274.06572058273,701732.1321011245,2304038.6657105098,987914.5842519002,379348.2561693067,68866.682989871435,1153607.6306501336,323846.08193074178,148312.39040527906,1203365.836176109
1175869.7926245376,702572.8806466572,504147.24313793203,986034.29322588095,625826.22787674284,301433.5538926716,1162888.9491271561,557037.05855589465,19927.418238144197,1205154.9100316395,2228980.5349803902,819628.44051942823,3168393.6431124737,673875.3592656384,1888551.8828961025,128511.16818850207,211382.24235817383,452371.60420536331,659435.80017133406,459737.01822258957,1302047.172177549,930675.69401400327,203932.30619105222,17205.328454215007,147493.45664169115,1242446.0297971528,578123.61542717577,325268.19479279808,63596.268315992114,873473.22608500079,675995.23185940867,2279357.5821506637,983022.38797006744,376549.89874226559,68360.170946562663,1145193.6545180618,324614.97003471642,148802.23570610402,1207297.534341878
1171989.3984003488,706151.5916058094,500487.13181064924,988971.3729013151,628351.23419535637,302698.05382392288,1167442.5492365803,559434.86318204552,20027.154828585109,1196371.8023858361,2212629.7962403805,820682.68813294952,3175047.7790003177,675293.22577718308,1882538.6274618877,127928.3644291465,209825.12564805668,449051.80962572392,654583.04603923287,456354.89460814191,1306769.5494802336,924321.46290069981,204371.46082129731,17275.145374195039,148088.58468095475,1248165.4756682352,580705.56361131207,322878.17042012082,63129.05691331211,897551.87781724217,685382.90106501337,2279166.7615850703,975630.97560863849,373857.36201769958,68021.511434938584,1137929.8760594532,322331.28485699155,148820.90809929435,1210943.0542069944
1163410.3748514671,703060.90126792446,496827.21653102362,991752.09854857833,628554.53580184083,303897.99598112976,1168865.3072044631,560392.2633288994,20120.9673603628,1187928.9161424064,2199805.7032271167,817148.36635683838,3178840.8731309688,671711.9111258419,1868879.2180099615,126990.16990912653,208323.37338506582,445870.03529747867,649929.30227363866,453177.04909108387,1308681.4075807307,917748.7879518196,203031.76516964514,17341.561054117614,148170.42678401875,1253574.2936633544,578930.45650690119,320823.50332230818,62739.820824567811,880254.35585381626,679483.41382138361,2262868.9507990424,968775.17344356573,371114.75690293667,67522.225689776256,1129575.0817606985,319964.06376476941,147727.942380197,1214288.9117707442
1155441.6704021608,698376.14713677764,493181.84322631534,993284.46054973884,623969.00425509806,301846.73123174207,1160366.1985477353,556281.65298268723,20149.21213624948,1179460.9373669343,2183697.1604771591,811241.77643271256,3186831.2248139386,667478.00936680974,1855230.1789474054,126053.73171037453,206783.82624609143,442595.50148642773,645353.55992435163,449917.15314521565,1300394.1996086261,911297.87197060732,201556.76297526338,17221.891150348281,147085.82042228166,1258660.3154847536,574687.38073481037,318468.82970456069,62279.198657015266,868623.14343427529,677395.77139865898,2245674.3430367471,961685.2488227454,368393.35289197351,67026.377664200118,1121284.4712620056,317615.14601949876,146643.38690746771,1206946.2757290385
1146950.3104062614,693231.30098099611,489556.22308391071,985891.98169692885,619356.66520358343,299625.83231424959,1151768.5427626225,552191.44615786662,20001.015780597019,1170885.6962607407,2167611.0779103222,805192.69762577338,3186988.216265412,663199.90502693015,1841685.4947543978,125304.13147247328,205420.40196923132,439379.81530907523,640585.22115270514,446901.57738753059,1290624.331392409,904512.43605812942,200060.52761537611,17094.873147438408,146001.94047009572,1256126.0621835375,570460.36900513526,316128.20736524934,61821.635860386355,866696.16907592956,677106.61680289486,2251577.3027698379,957815.85933102213,365744.48165802058,66533.683060375624,1113101.3988536212,315281.39545787295,145566.00630407539,1198075.5303793268
1138516.4380840634,688135.85075471387,485960.41709783836,978650.16808503726,614805.86657152651,297424.7857706793,1143303.1024421847,548144.81574463565,19854.218184173445,1162261.5962960599,2151687.7382431356,799274.31715593347,3163982.6182694901,658386.33089084551,1828156.5331283933,124387.72418312675,203913.34663767266,436152.61691901134,635877.97170369572,443619.01574203407,1281118.0941102596,897860.60919084551,198590.11418518377,16969.283026415011,144929.32998532624,1247077.3495239245,566344.12579508964,313805.91285963275,61367.536229587713,874760.31174047966,676633.20975752897,2240959.6366971252,950818.22665553924,363058.07308346796,66045.039757124949,1104926.0695722464,312965.85067287873,144496.93110050299,1189276.4576223786
1130191.4961308842,683225.54496066202,482391.88350991998,971468.89232639223,610293.23345050088,295398.24920999067,1134912.7246018779,544899.81010241993,19829.849658337298,1153755.3049189372,2135890.865691877,793409.78817713633,3143464.3419878557,653877.19674621546,1814737.4600338934,123484.22884062081,202420.8520430084,432951.94475811254,631211.4681315663,440362.44815870369,1271716.6171649147,891272.49327458651,197132.44803482687,16844.701145278766,143865.26383660719,1239183.9899624935,563753.3921770351,311537.12112322944,60916.88603434679,876125.22014189861,673746.56911699509,2229643.4237281545,944079.40438750002,360392.47424253781,65560.040897486208,1096812.2228590534,310667.48907175544,143435.76101860017,1180559.1764907101
1121915.4415093039,678219.18129055272,478852.99348786689,964422.13741202676,605824.11110708513,293230.63404930651,1126626.1420219606,540900.84029070672,19684.333911809164,1145498.1026833476,2120245.5717266379,787618.51598804793,3124305.6897337222,650301.05005979654,1801471.1362008448,122615.87766672764,200951.51400176834,429786.5680119071,626596.07212584454,437137.63247573824,1262537.9476571339,884786.81719748792,195692.07546138702,16721.218193886765,142810.30664691134,1230088.2435652767,559616.44989110657,309250.81017653819,60469.7556558121,896643.18467684579,675262.96996608772,2214402.0171066956,937407.65872233093,357750.6265903638,65078.850368238956,1088764.9698984486,308386.86237780692,142382.58463636573,1171893.3962461755
1113683.0269176043,673245.51868306648,475334.54297288478,957407.7268608968,601379.24387881777,291078.63887483539,1118347.3646875836,536929.88905797526,19539.90925313651,1137044.7646113874,2104659.3022476188,781834.597688718,3103760.2794637121,645474.2988543784,1788252.2388538076,121732.12149397569,199495.36360449938,426637.89121048001,621991.96446480893,433929.61795754143,1254244.9452820974,878286.34096294816,194254.23382719158,16598.420735729498,141761.54957771709,1221057.8520495573,555509.83942576684,306979.60663527885,60025.618355830171,876989.5453463851,668183.94419270218,2205648.8631000761,932285.09566425066,355124.60908702476,64601.070936469565,1080959.5427919915,306121.70552844729,141336.86446662206,1163287.0603282573
1105508.0371390656,668307.22114634514,471843.40836520703,950354.5375354084,596961.13585825858,288940.87970493361,1110129.8481447494,532986.44940682873,19396.414549717607,1133899.9656560957,2089202.1495886871,776087.47664771031,3084567.5849072109,639980.68193800619,1775092.9169501637,120807.14021216579,198037.08234529596,423539.8126358476,617418.54562517442,431140.42284955498,1245041.4786777918,871934.62757843058,192826.08761230743,16476.492375643156,140720.30655863494,1212091.5411894291,551431.36483549397,304725.4866583097,59584.768634666681,870810.11846024869,661368.47009193501,2199272.7593147987,931319.45072109275,352517.09012480476,64126.497715822457,1073019.6196790293,303873.28747669334,140298.76167822228,1154803.3156969517
1097561.5301085059,663384.23757818912,468377.06584492052,943377.34094735305,592568.02142359596,286816.75716037705,1101950.275257393,529069.34435870568,19253.767184709966,1128356.9502731494,2073844.6319975429,770376.04372623202,3062074.2336752019,635404.66847809358,1762053.1597284884,119919.45753194099,196583.05886288465,420426.23133156408,612883.74293016992,427977.9620634056,1236349.9862025718,865519.57862937462,191408.28955274858,16355.437219806417,139686.35877515521,1203184.4165672034,547376.28675081779,302486.49443519366,59147.12052675958,870247.56540532468,659008.82094567083,2184639.3954209271,924811.16689009767,349928.16533297976,63655.502186224105,1065137.1261444029,301641.46147411357,139268.40722158193,1146322.4079849117
1089602.077068202,659642.743122463,470945.84532756492,946358.58249226736,592852.5928490652,288158.6128564984,1107199.9194145007,531748.61343118723,19349.835337249518,1121344.6821169646,2085432.954735043,765365.13640848908,3058152.6911173924,632598.36070551898,1767927.7335114584,119517.45899681594,195566.735069307,420023.96903815505,615545.96149502054,426848.63374653948,1230380.4822155945,859275.90555160469,190186.58141155538,16279.99558291428,138805.58350793016,1199254.9481132329,547945.01323935657,300789.70674012031,58723.581354591523,855923.1879891085,651530.44260953472,2178268.9400620535,927611.52474965993,350666.97512866091,63282.879136957556,1069779.7541223266,303009.41862717777,138941.19290778314,1145151.0040442839
1087334.2389570996,663566.30359540263,473415.08809751476,942623.95324279414,595679.91219243594,289552.04697429657,1112503.2769209552,534605.66684613295,19450.972910984743,1113221.0704228617,2096839.0781387049,769274.77365485684,3037357.3465698259,627860.97342183162,1770815.0840970979,118640.38031874779,194129.05282873908,416943.89170366508,615019.35349621787,423946.59792064334,1235548.0796753764,856888.19612335402,191067.76481563054,16358.930917468779,139487.76798775184,1205039.6192821416,550830.61116246425,300532.46867288143,58349.765826929899,850958.79561052797,646183.06848258222,2162543.7267755205,922208.65616611775,348093.55701556441,62817.995070408499,1074145.8808013056,304292.55631798255,138022.93673588531,1136901.2213922045
1080378.4931591679,664987.83614334068,475962.83811936906,945866.25894596451,598429.5344021545,290922.84187697322,1117813.5217659748,537491.21267300507,19553.143541877118,1106526.0206114321,2108117.6773228748,773082.09522822197,3021335.5120504624,624419.22113536205,1776667.696942098,118373.61212547708,193709.45442776816,417271.95438729424,612067.05323662166,421584.67445391847,1231142.8413992464,851962.14172982017,191121.29231511967,16434.236816332472,140143.91668880172,1210661.6589636728,553668.30972173682,299318.51026273583,58026.422626757652,848110.62828729139,643011.1563474366,2154188.172971949,917157.91970665578,347178.71532062505,62873.294489443499,1078729.7878117631,305697.36718241277,138655.93323263654,1141029.628844196
1072645.5728041618,661497.33394647553,478393.67833329207,949088.5920239304,597086.94735837984,292230.63962321694,1122900.2315508153,540249.10670382227,19652.693157078684,1098659.2552887078,2119019.2348081293,773053.42500547692,3016618.3379196776,626100.28234587261,1782390.2402039962,118420.38600364972,193888.53499088393,416974.5329860748,607814.22099158948,419590.90717685531,1225381.6187917779,845795.60041947418,190014.14088269632,16506.851644672992,140713.46190904197,1216089.0825428348,556292.97257369303,297147.80021303578,57600.210550198637,866317.19802230829,644317.05886821717,2143709.5096987211,913306.69767761114,345200.3621655493,62478.244299899794,1083065.5256242105,307035.25353732513,139268.258207351,1144934.5401303805
1080861.0220040896,664355.67352461163,480799.88146377512,952288.6895216991,599314.64595991059,293518.70651948382,1127929.8709175549,542936.72287359904,19748.762429439881,1090567.8890354487,2129629.1127402307,775990.71581632562,2997372.7131690183,622432.79778474395,1787958.668028882,117674.55869819167,192556.1440099816,414483.91830575,604324.25673486525,416513.39618111978,1230583.7182533843,843973.67826748395,190748.06107930333,16579.96132014093,141344.48455955199,1221512.5170824935,556824.68985992088,297718.33812695858,57432.510987757872,850641.60208477825,638420.63355857658,2130659.0908273002,907756.95020927256,342974.56339152524,62031.66977213433,1087308.0348262517,308378.16754428641,139887.17184603593,1148893.7869168587
1080411.9079252961,659978.70800380246,483068.80976363894,955346.94037316542,594951.49683327251,292023.14179068524,1131858.4745758416,545470.22805053927,19753.439048641714,1085588.4592073185,2139817.8026802153,770400.7371245682,2979988.243775493,617867.3206842381,1780462.0966536559,116816.03309002295,191176.31347232021,411465.7205253421,599894.54367908684,413992.77500131441,1226295.9507917557,837862.47684660787,189363.45383298965,16523.474499715794,140608.76688522662,1223027.7004737391,552809.3255740297,295653.69882888737,57015.428768942933,847654.77172038984,637853.21539407771,2137481.2853904772,911109.84166434675,340532.08291295206,61642.53463686676,1083319.4472235281,309633.02328527806,140469.02172664864,1147782.397576317
1075847.7566957048,663820.84092728293,485611.75408525154,958473.53055969335,598541.78682131635,293695.25915189035,1138125.3928907923,548445.42022852961,19847.201311057317,1092067.3562753554,2152130.5870236894,775276.16673934914,2985704.3851118698,619005.65802388056,1787451.22756794,117285.57277957679,192116.85346447115,413689.65998354246,603501.17538219329,416409.44712473365,1232930.3796088367,842796.35880949616,190497.58375138851,16622.728909542595,141460.67289840177,1229910.2327982716,555689.65800087794,294874.33812111593,56743.606639411169,830184.73789241922,635633.51381817344,2146546.52368923,915561.81264990824,342788.60824109899,62051.651321536738,1089164.8344879751,311019.21068321774,141082.0533521022,1151261.1818140098
1084150.2821301478,667864.15071246482,488298.01783983537,961970.49958220508,602254.3442064093,295404.91072261817,1144750.9979027489,551526.44648844702,19945.556413688388,1098994.6399411042,2164965.5385257471,780475.98241795832,2997641.7222024631,622397.94982979004,1795002.8229575874,117874.58135034126,193178.81932836989,416136.04633599595,607293.61871685612,419005.50082019111,1240242.9705436425,848162.74433911161,191711.65525115654,16724.900997592486,142347.77531473289,1236984.4345247129,558727.21299790649,297385.24369887053,57307.958779097906,871940.28984540817,653564.42467956594,2156900.7355372114,920509.80041165557,345166.82564909745,62492.465498674253,1095388.6458632429,312495.91020560061,141750.38124733479,1155663.6439568396
1092963.5885755017,672225.55995284859,491342.59172230447,966188.82736379211,606121.15599361889,297261.36428003444,1151835.4265751601,555021.57840449631,20063.582373361445,1106230.0401919519,2178852.4139334257,785869.84644795768,3006148.9366926076,624467.47647237196,1803939.7716140193,118506.5223728226,194378.7899479199,418913.29539266921,611350.9965497239,421708.96436645056,1247939.8173877243,853809.3439161001,192978.80087354674,16832.309591951867,143271.25680467102,1244621.262561514,562248.87149633246,300071.91300931608,57899.141336937915,860248.60812964896,646234.78754654038,2167205.7346979198,925634.02692089428,347760.06442138564,62966.798004390876,1102244.4534904053,314258.71911785647,142521.84351012082,1161129.9944814872
1103272.7902151146,677243.32720857556,494720.50432673446,970813.50092579378,610164.2052196085,299201.39455826965,1159374.0289238493,558842.82719815546,20197.379964388194,1114158.1727461859,2193261.6686756322,791428.39174540609,3023062.2375946837,632453.5294955615,1813573.6648216969,119232.61715782603,195658.42412329998,421776.41588426026,615513.38656461146,424504.43761643331,1255939.1405473808,859593.17420397885,194278.93532929619,16942.307048875435,144232.205883905,1252720.9656544072,566339.18413607019,303300.51720612636,58606.531002469026,882884.6773062353,670940.69115777581,2183454.5159996329,931866.98315540748,350388.87976188067,63444.497754828801,1109533.0794389958,316225.75738989061,143407.79537522409,1167533.0113972176
1114051.9180809795,682442.75438738684,498150.56104837422,975696.54914968368,614220.10065049259,301170.49039402796,1167012.8023659918,562743.68936412653,20336.183597783191,1121586.8130189888,2207830.6597965416,796928.74761052604,3053848.9872399364,643957.37138833152,1823338.861560371,120044.06094245303,196975.78534277171,424617.71442424582,619583.4717426179,427204.06688396854,1263703.2188941415,865276.5838101292,195566.34091665092,17052.318588344537,145193.75352730011,1261162.4133424249,570590.67046738078,306701.65809061844,59357.488764870046,887393.93011112965,677315.47275976383,2206693.2831048113,937539.65769064473,352967.25399989763,63913.089074470656,1116746.3218372294,318218.57990974595,144308.19748690841,1174337.0372051664
1124973.3081730057,687742.91316266847,501714.84180288523,980708.90583742864,618315.14641373407,303248.6389853275,1174663.7257142086,566915.17391519307,20484.183541259205,1128267.9893951644,2222661.6313085114,802428.35983854532,3047594.5409145043,638375.55236693018,1833142.6128083915,120460.85982865121,198042.61946679343,427340.49357153469,623532.16000432021,429777.46015426703,1271398.5272435723,870950.11668056576,196855.49067552271,17163.121840879608,146161.91611942544,1269962.8250889888,575020.57403861906,310131.01163429394,60108.207231430104,886351.27052160155,672999.13080866111,2199838.0693007247,940924.1496895618,355470.78751716047,64370.614570843303,1124066.9431727165,320337.1751031825,145303.97149784054,1181538.2705116717
1136542.9007457909,693379.57346959703,505472.83134739794,985815.06972491962,622433.64915762399,305379.17316780362,1182386.8627917813,571284.87114738591,20647.059065945065,1135361.4963062245,2237770.3960881699,807960.61424917018,3066226.712353887,642731.10248724779,1843034.4617978774,121106.92742348567,199240.10058007497,430080.62133976986,627478.93449788797,432354.13291963458,1279183.3933274271,876678.66148830787,198157.27944863145,17275.569505807212,147137.82759013819,1278945.8361019464,579946.30478231469,313874.94981102773,60931.135458640165,881555.16089794063,670436.30880029406,2208456.4853691296,945645.48726830108,357964.30476144084,64824.928571799523,1131480.1689942882,322550.3558232158,146315.67220773784,1188862.5185206367
1148677.1353612491,699233.40393012576,509231.89740222658,990853.525802552,626556.42229643499,307533.16806636914,1190136.732336981,575736.53649974184,20813.825303607882,1142541.6379147538,2252998.3196310168,813476.4730789403,3065914.8866228596,641951.58142137725,1852903.2626636012,121695.92119742233,200401.93771485277,432818.96116102987,631441.2979090187,434941.14298233303,1287052.4654721066,882447.82344634959,199466.46327686516,17387.951326633807,148117.62446291812,1288049.5990386915,585058.58104100917,317879.46156668058,61803.331208020492,878922.16649687092,669866.31063352246,2218505.0546167558,950516.60637847672,360481.03921876487,65283.477189577025,1138935.483847369,324747.74471026985,147305.72699731475,1196086.6981236734
1161403.5012344103,705408.73263110197,512946.76010048838,996251.69549523876,631100.19104899839,309747.33449287689,1198773.6140267679,580241.0670251071,20983.998447209669,1154179.3824420234,2268871.5120184585,820079.6867504901,3153311.8040946447,665005.98419564706,1863670.7790076453,123200.50838940142,202168.90364455085,435759.89549834514,635892.67067490821,437761.13389295258,1299665.3847947617,889277.1757978563,200969.38311746815,17508.658081133315,149152.58418181606,1297297.3343408757,590248.28601155384,321923.06529585732,62681.573013733389,896718.78812944947,688157.21502753114,2278597.4903888414,961266.23428718676,363136.82539481472,65752.838086866628,1146426.4707156441,326881.30397693143,148251.97587721955,1203203.5160538123
1173415.1197112314,711170.98968510178,516397.41521697078,1000447.0021095816,634824.30856563011,311778.16665356205,1205527.8321292032,584453.20400915015,21144.134378842493,1158859.6709260319,2282953.6951841284,824649.63231380715,3097481.0486558629,656137.77744294924,1872169.1632134086,123262.24814376511,202871.24719265828,438249.53316202626,639510.4156601344,440239.52853597136,1303309.9012660882,894325.92114421644,202129.31263008426,17612.274395006778,150086.74906809829,1306014.4165220631,595127.84773653257,325772.79511609802,63520.210875203506,897191.17603900016,686049.31906753464,2257888.3442990552,966854.18543103384,365512.70843218057,66192.705517214839,1153252.8028694857,328854.5036918812,149131.77589023049,1209757.2207254227
1185072.3150554982,716737.69235580659,519734.38703039242,1004836.4462978076,638579.53876229585,313733.59429556614,1212414.0944899039,588482.15959780931,21297.081125134493,1163711.7435725681,2297066.3907436761,829597.92975737574,3093422.2812787211,646852.42236471921,1881432.2062332253,123408.35153823491,203769.49577611461,440818.38846583111,643208.96650950308,442682.75769525772,1310425.1226306465,899363.2165515977,203318.78632429303,17715.759834303266,150991.85609381908,1314370.4596153193,599756.04608148814,329448.97036115266,64319.9961812861,875043.16813195986,667404.44686963398,2246259.3240901963,964347.65401947009,367931.48177086719,66634.63933872935,1160433.4426655807,330836.73663132044,149998.86857279041,1216060.9013251422
1195966.8656847624,721859.38776976313,523348.72049134719,1009726.4681119093,642571.67652196216,315769.69156683306,1219923.3142983397,592544.36531215499,21443.577296020601,1170956.621449504,2312153.5104310927,834905.43575863179,3108950.0304770917,653934.75350664102,1891530.057530853,124061.78916287028,204978.12158650262,443583.55755159649,647124.16690362862,445262.54474640178,1317621.6064321145,904844.24437150091,204559.71838894871,17823.170528500486,151916.39445925894,1322529.2837514144,604166.37447226001,332903.16104204278,65074.406919989116,898219.79848111933,688486.50958246214,2260181.3735593096,969375.2873018008,370431.67172592739,67086.848415665503,1168007.5909179181,333028.58300410036,150995.94768026128,1222990.376905414
1206863.663812744,726983.45161773835,527033.17487384425,1014779.3590263028,646609.0790295297,317765.52224878478,1227698.8806547571,596563.90942875645,21586.261589144837,1179831.900688844,2327503.9399339529,840531.69308486872,3142993.603951477,670815.41038977203,1901930.3701745789,124832.09940241621,206305.41459951526,446443.77684583014,651252.34823158558,447944.31920079456,1325962.1641695728,910779.12007854844,205853.11321214435,17928.043230957504,152841.50548181383,1330511.2627056038,608524.38779472292,336535.72084138781,65877.36029056547,908146.60009227623,698752.82843309245,2288530.3144090017,975968.24696723605,372972.57467235462,67542.697726879545,1175640.2839330756,335262.86655760353,152017.22439502849,1230198.8613250086
1217832.1376968636,732133.37021338067,530736.79662897368,1021478.3325748752,651047.83358850901,319762.5089296574,1236729.5304333102,600500.88478010648,21724.785634214102,1209929.8132046859,2344060.8994116094,847357.75621283927,3270788.3653137004,685201.83376966114,1916468.3714390886,127228.7265821968,209692.96963607901,449900.80115335633,656620.46696291631,451209.08252573642,1334931.2083412432,917302.02689820412,207215.95924861523,18036.300973084733,153779.1600721812,1338236.7491073874,612752.53595521231,340077.19633707078,66665.668208427858,912463.0293098879,702524.55645840021,2359418.7884960282,997633.01285384677,375724.95930726128,68010.225822633816,1183631.7209242424,337508.50936028716,153033.29961359658,1237585.8966859938
1228396.310031225,737077.22820410121,534193.83072653424,1025645.2855592115,654606.28129274701,321586.52036982967,1242918.0477633867,604146.83409568749,21857.563754845432,1196140.7616804792,2357851.2370228101,851657.53597036039,3219991.8470556247,684504.41040521488,1923640.3174826454,127351.07652447907,210079.62067713792,452248.8944181212,659197.63329911674,453169.42371276394,1341071.1508005408,922081.51476252801,208375.42958979361,18133.664414186049,154639.20736898651,1345647.6504391171,616799.5888574631,343420.05900712078,67411.173338846449,914262.30657500727,704275.60077557655,2352846.4987292681,992382.84937975009,378011.03971820668,68445.59761016944,1190871.028405769,339625.54881130636,153998.89844225068,1244602.3656617659
1238793.099638775,742021.94157264568,537476.57572506613,1030053.7698238665,658033.38621981163,323358.74209899129,1249362.5203424622,607733.39537639683,21988.602134820325,1201090.2891212211,2371748.661437307,855888.16779917944,3182276.4852719996,688334.54149869294,1932584.0795994487,127386.3744961359,211450.04479385997,454876.96124000539,662652.55300193932,455496.41352427314,1347183.2198073363,926711.89517261274,209448.31048666651,18225.369887098495,155461.34149347403,1352920.4494158737,620787.43760355702,346727.40104510298,68141.129665778048,917613.29788420699,708199.63115664024,2382549.5217451914,997153.02353013051,380329.53806037566,68866.652099757717,1197965.0740409512,341652.92531670735,154919.81379200862,1251372.6132325458
1248573.803435728,746718.22456981067,540896.61339242465,1034335.0098349422,661496.31015480682,325176.93977406324,1255824.9778097041,611533.86754327675,22126.623906647739,1204884.8968327316,2385286.4275801526,860244.07782435231,3200891.6895482396,674733.6418830906,1941081.6904889399,126973.30216357124,210588.03671006695,457003.70777846425,666006.91270108998,457790.22758247575,1353228.9823996283,931203.40881232405,210486.12925404831,18316.833202186066,156259.19137533518,1360134.2823222338,624814.03138431313,349997.34647459636,68885.361419237059,915261.88390862208,700055.52561900765,2302924.7779793772,991805.97682636045,382609.85502738168,69290.157551546537,1204961.5925928426,343744.45018590498,155908.23755299728,1258053.676476998
1258674.2520673294,751681.591737821,544367.88685468747,1039643.5723487267,665475.73691499047,327030.31837589148,1264201.2644547301,615335.87150922592,22266.5001749738,1218725.4922526476,2399651.5285411626,865688.90436636936,3273419.8806328392,698078.7029273709,1952335.5929574654,128846.56992564385,214251.57165747037,460271.18179290462,670076.78678170615,461478.60961383453,1360530.5980596389,936598.80671574629,211635.05227363238,18413.844532955667,157087.09937462438,1367505.1987214014,628960.78451381205,353273.96254192799,69613.187061714329,923118.78055884968,713805.5160992454,2419649.0517655024,1026937.7819928902,385283.46234027745,69743.446127357282,1212229.7517463162,345861.61578874721,156906.95863369878,1264819.4292632525
1268389.1576265176,756314.2927869187,547685.32748987619,1044564.3784761492,669006.24001005641,328799.34302775125,1271390.1848331329,618947.70546418242,22400.311173292972,1220314.9497313029,2413174.8734996901,870263.16009129921,3259369.0631846269,696892.62916850706,1961530.2838682847,128371.98451295317,213027.39294948502,462315.82396238501,673139.62579627475,462750.04147179832,1367753.9492159674,941261.3253131957,212749.54767513659,18506.05022049525,157898.98995108195,1374612.3465698974,632893.60699875595,356444.44904017862,70319.278856136909,924560.62909988163,714432.26828731573,2365947.3150466215,1007823.1804272679,387358.77672752959,70156.830218942676,1219092.460141059,347924.2924535466,157908.1569282212,1271499.8845892739
1277809.6797712324,760933.8131949068,550827.37751901383,1048965.2178146471,672111.51441905659,330453.61201056599,1276221.197447825,622357.03331709071,22527.548122139742,1223757.7177836658,2425861.2157621593,874431.36342242546,3271347.2773382696,698466.81043447275,1970364.4409707733,129120.65400883165,214491.10465091057,465065.6278403012,676442.13797595794,464993.09197516605,1373601.6850651489,945990.91480974981,213781.54557957154,18591.482116755604,158669.25326103717,1381471.1189770291,636695.61831035861,359521.30150935252,71006.821617865411,926017.81147259474,716290.00448198535,2364568.3195063458,1007270.3978353634,389678.35709372,70586.217866378269,1225925.0404258152,349924.3898271278,158864.95456397324,1277970.4648591189
1286915.2162463262,765262.99336974835,553904.26534887881,1054593.1553042352,675233.27433809277,332066.90520566038,1282032.0051522772,625630.67473828525,22649.324395045205,1230306.1017067132,2438552.6394362911,878581.43268867023,3349227.4806335936,706776.25554087525,1981629.2007712252,130676.58971938559,216608.59889618843,467876.28481353325,679703.67060434702,467287.93998278934,1379641.7869285876,950288.53776390024,214804.51957087097,18676.509967889306,159429.00549569385,1388047.3066784078,640302.81671438704,362498.69015440176,71673.198051460291,930168.44779269409,719887.15961263841,2413873.6606483683,1013253.1969520306,391934.19518868142,71001.038705927203,1232750.7229193153,351876.34970860567,159812.07939644367,1284486.4226186946
