c0,c1,c2,c3,c4,c5,c6,c7,c8,c9,c10,c11,c12,c13,c14,c15,c16,c17,c18,c19,c20,c21,c22,c23,c24,c25,c26,c27,c28,c29,c30,c31,c32,c33,c34,c35,c36,c37,c38
0.71662723264438988,0.66207062246622872,0.59381296180355658,0.71309154883193315,0.69477780199479566,0.65296658899346982,0.69788843745045737,0.63929094373165896,0.56276680732990858,0.69460667125336639,0.62484503646622869,0.7008763153055384,0.72123700799004076,0.75005584459305474,0.70798829154260556,0.76152442773479723,0.75646161758668506,0.73422124192189919,0.7012006415096067,0.69298094206825755,0.71539641618847383,0.71606411618763754,0.70701248956601581,0.69328536330106583,0.6835082507626542,0.64648135955122443,0.60076532983373843,0.64389645686829566,0.64674917219924211,0.63468026314256809,0.69449082139549201,0.69491061613432037,0.69930863718615199,0.68004416098330212,0.68060531001396274,0.64890968479772215,0.6355327915071648,0.65570388652596978,0.68080573939291689
0.71384059093156482,0.6596103980387904,0.59067037372561826,0.71059130525977243,0.69271821903024666,0.65063223768622724,0.69572974227371831,0.63664051139805822,0.5601237421274694,0.69498180032646073,0.62275685723767982,0.6988220547597942,0.72255497903187471,0.75110406140180275,0.70697664913416447,0.76230260516251669,0.75720805282763792,0.7345071269313429,0.69993213234981799,0.69195793137188732,0.71458834041071984,0.71546244037362994,0.70536452023557061,0.69137633597114811,0.68152102130028891,0.64441966008583951,0.59797485318753885,0.64032909681781591,0.64307898231300764,0.64012362404425771,0.69742994473864772,0.69653756657138255,0.699347155825082,0.67916895676028244,0.68039189851615334,0.64739296157039872,0.63249029669767165,0.65219952288648309,0.67675739132326684
0.7109116275686822,0.65711411490795379,0.58791869011897535,0.70854085792177401,0.69066412203329752,0.64845260169072561,0.69384191191745181,0.63438584452346425,0.55777096972362383,0.69354126591768017,0.620840919041871,0.69648734331860596,0.72163361664487757,0.74998649280576868,0.70532000681316398,0.76129215410809281,0.75611982957921409,0.73311211730353221,0.69848195363833609,0.69045823196731826,0.71276267220399958,0.71369276166406359,0.70304846149232236,0.68891770943468911,0.67901170112593967,0.64220284292272767,0.5953863124448554,0.63695524079187815,0.6395250815678164,0.63938782475705391,0.69664834802981945,0.69556168542735297,0.69796585158665414,0.67753633746034592,0.6789024544298321,0.64561302517268138,0.6300045218149406,0.6493460281704263,0.67344394819081355
0.70755040551295911,0.65439902024561014,0.58543709624010554,0.70645328015389164,0.68792701093738651,0.64568208697175999,0.69123333896325334,0.63147650008204048,0.55504819401189776,0.6916870171655084,0.61842616363399916,0.69385991384863244,0.72034781575305762,0.74864980827210892,0.70366512754820276,0.76005693141113428,0.7546913836852347,0.73141903680042952,0.69646206755034412,0.68862047443826357,0.71080904756226027,0.71152921984389939,0.70058255124874447,0.68648377747747324,0.67648426514657478,0.6398374316145341,0.59253077838148127,0.63325294128339915,0.63578775416168765,0.63825869943757063,0.6954973029311271,0.69428491740477749,0.69635705689427896,0.6755141168697657,0.67702786991342589,0.6435394853725408,0.62777705488053526,0.64661538000175667,0.67033486015921007
0.70359455612028665,0.65128661231672447,0.5819577456189241,0.70329522212410134,0.68525802256178014,0.64276019405703821,0.68860574964902377,0.62855863943972323,0.55212106541623518,0.6893466379533123,0.61549329679638054,0.69123192460908578,0.7185242377396579,0.74686538642923761,0.70106377279876941,0.7582663999039454,0.75285326933999697,0.72901373992431806,0.69396591096805482,0.68607665298527776,0.70855647016221912,0.70926384259095754,0.69798713461661233,0.68388337478502248,0.67383930115787816,0.63731889764677918,0.5893864455494322,0.62927422228600949,0.63173372207973144,0.63697231003607768,0.69414234165388389,0.69285397048372843,0.694230345597876,0.67274710454471465,0.67438400643359242,0.6404999592685896,0.62429056059763699,0.64275253316459713,0.66622116148361199
0.70028495006972524,0.64835685553121447,0.57853763577504369,0.70061871843048762,0.68265266431013982,0.63997583521998447,0.68611583071077142,0.62560815792644042,0.54916234178229739,0.68624300096579527,0.61258703754624522,0.68850955377912526,0.71645497865836871,0.74485077384212861,0.69857562961201392,0.75630637664695388,0.75084832568126814,0.72655766227985241,0.69123145924642915,0.68313619331173037,0.70591974563980942,0.70667473842593409,0.69516816175851537,0.68118761567952546,0.67106949694563633,0.6347153645843705,0.58621398440951189,0.62542960971859174,0.62771104032772662,0.63549454343985456,0.69260886192959847,0.69112574347942035,0.69156263485404768,0.66986886872445173,0.67169806881409666,0.6375459521632707,0.62113841349467847,0.63938110359321054,0.66257774055837493
0.69797167769993551,0.64638636592217658,0.57539745211426729,0.69816255493942947,0.68023399480382896,0.63777298029707352,0.68344529129604947,0.62319854524507767,0.54718002796280873,0.68364630172553897,0.60977281039007492,0.68588689940321612,0.7145159986187537,0.74291763484125672,0.69618945487967276,0.75456854489355984,0.74912894893994519,0.72449637634782771,0.68873673986747341,0.68095513134334296,0.70379458789725957,0.70421780145095414,0.69277332535536995,0.6789734729336272,0.66875590275461805,0.6327928021274144,0.58410325208136704,0.62252256003345963,0.62451505827579867,0.63421871817805675,0.69116092725316747,0.68981780560699824,0.68971729623420241,0.66764322895286099,0.6696389264246555,0.63500888410355327,0.61827852330274591,0.63651415574730175,0.65995854416031741
0.69555234797835186,0.64437423702342933,0.57244378686470299,0.695734987411607,0.67785880922582853,0.63557154500759416,0.68095499333710896,0.62087319587982082,0.54513488931411014,0.68120924526081594,0.60728359123202547,0.6833142700053878,0.7126288613764743,0.74097254044056882,0.69397764605939338,0.75270203863420371,0.74724539204261298,0.72245489831354315,0.68643457349970161,0.67888013312430917,0.70179659947750717,0.70186170086373101,0.69043751703400058,0.67678591046492576,0.66648747043028289,0.63094140542563015,0.58191911087131054,0.6195278162063822,0.62141335221408123,0.6328131257496673,0.68957378463735641,0.68810276574001439,0.68777993921088942,0.66559342640886587,0.6677139821486795,0.63278601572646109,0.61557748866235562,0.63362654725365564,0.65719434659418763
0.69342857584104334,0.64235749752166682,0.56946016940236766,0.69363796394318145,0.67546368175100824,0.6331655551067854,0.67834726217906161,0.61830325151494758,0.5428646720589887,0.67911209186635435,0.60469726133003843,0.68097596950173389,0.71094319599644473,0.73924665454352601,0.69195357098240096,0.75102945983260261,0.74558394953763552,0.72065321374832103,0.6842871013582027,0.67704071545315925,0.69997204071878916,0.69976011406579153,0.68838888282620969,0.67484969810357076,0.6644613287434582,0.62895577591536489,0.57964324778849552,0.6169676583959367,0.61868702055699698,0.63139334384854895,0.68809198658509685,0.6865566040971306,0.68611934113234929,0.66368881453818696,0.66598924964620343,0.63058857061384999,0.61292060417461747,0.63105751162788404,0.65485530284786186
0.6919362210935236,0.64083379654003225,0.56756938322502515,0.6921918066710151,0.67358693046836238,0.63122940933836502,0.67630394100357449,0.61636890030496727,0.54116486081884585,0.6774076314777735,0.60273875254836151,0.6792368286466538,0.70968790621023325,0.73797223458187577,0.69060157550434964,0.74975117533776858,0.74432010239249335,0.7193745610625929,0.6825462826776989,0.6754638241985913,0.69846712352106544,0.69808486489930321,0.68678960561499158,0.67334195714012646,0.66292215148137323,0.62736966090393331,0.57790833861343049,0.61507177369387156,0.61661460497898846,0.63027513365003629,0.68692599773414498,0.68528418137454405,0.68462973852921027,0.66220574670998644,0.66476323692996608,0.62905972345084071,0.61122583309107903,0.62942887701664052,0.65312073146766869
0.69027632108680714,0.63921336995829137,0.56592204167720184,0.6907883311793348,0.67189715341870082,0.62940103889954813,0.67441399157104165,0.61448244235994887,0.53945931523008595,0.6758129382036876,0.6009418098649868,0.67776416785965166,0.70846003819828374,0.73668604137693794,0.68925201438623229,0.74849640137756612,0.74311399834414837,0.71810438356478945,0.68091958720431101,0.67399973440828354,0.69705017196478392,0.6966437767328526,0.68540714989537566,0.67199280694995522,0.66156514020033597,0.62575239954441497,0.57617573615538042,0.61316845015726917,0.61456384252676455,0.6292851497376557,0.68584588769177612,0.6841522274481121,0.68319855247183026,0.66076395735607796,0.66359994840137082,0.62758000040412354,0.60981239501140583,0.62798923893235703,0.65152297993783881
0.68840689178580328,0.63757866410557518,0.56428443819470742,0.68935651017586475,0.67039798353323421,0.62780756510779057,0.67269667081961371,0.61261073453675641,0.53769384562171507,0.67443100523447563,0.59941638716552659,0.67625244825425868,0.70724260198875655,0.73531016625667378,0.68792094510866653,0.74716857586107932,0.74186385339038419,0.71683533778379482,0.67945614685094913,0.67268358409654117,0.69537371190052522,0.69502052569056727,0.68368343818557098,0.67031247423585139,0.65992368994520623,0.62422365238429012,0.57442720893005617,0.61131399849528489,0.61263091997238761,0.62811518890076745,0.68462467535007065,0.68293571184527657,0.68181786741386763,0.65950344982298015,0.66252233113524384,0.62628014670084486,0.60831953798016369,0.62642478452069794,0.64991466141714949
0.68663742402481431,0.63582680315351148,0.56233992566735858,0.68807466494247438,0.66878354292325437,0.62626469491388725,0.6709085432910179,0.61086777885913401,0.53590997958873232,0.67165470302421548,0.59709546908161648,0.67411733164463561,0.7056603612002359,0.73329803571960428,0.68613790694542132,0.74520325493108841,0.73970076581982214,0.71454228289950339,0.67696167496093129,0.67013992058070626,0.69294615452989505,0.69232347732277855,0.68125154014595257,0.66823486910283392,0.65785573756503113,0.62272946730980006,0.57236056273645086,0.60904782644689814,0.61034509772300749,0.62602938803198815,0.68255419274268714,0.68049522728445178,0.67931081518992753,0.65686260823261899,0.66000318999544716,0.62401090295261508,0.6067451994257449,0.62497582537785012,0.64838449815863652
0.68472555534795176,0.63366956121203089,0.55914718417756182,0.68568014909399766,0.66589918997052389,0.6235224791410956,0.6679072396726089,0.60801076570664603,0.53333604352023256,0.66900211785638086,0.59388324834005302,0.67099972373097683,0.70357683502655688,0.7310962535769775,0.68373524512244521,0.74320158180790996,0.73774072188136086,0.71229201139245368,0.67399543900720738,0.66761549745419357,0.69026631281013151,0.68934854986799987,0.67826394807152279,0.66535299892565625,0.65488703976378415,0.62030765181077574,0.56963280648283365,0.60563688376987512,0.6066621196046238,0.62438564720176237,0.68077416971439042,0.67885651628702481,0.67735335406130004,0.65424723720711142,0.65774656248674579,0.62119791776675015,0.60380493176336159,0.62200114921540683,0.64537304193681244
0.68302697738212803,0.63218332608225236,0.55751352132550658,0.68433288063148323,0.66437483302800959,0.62205183594654845,0.66626172294308572,0.60638566201700328,0.53180286633179041,0.66733095002148546,0.5923997980866208,0.66958026120007041,0.70249537725642985,0.73003554044252472,0.68254101056177097,0.74231885153625787,0.73681910707784981,0.71116798096690559,0.67252057332293735,0.66618615936345682,0.68894405946259862,0.68804938960358841,0.67691082822142534,0.6639817769745654,0.65351903540633438,0.61877864327421628,0.56798369948755967,0.60376743540641686,0.60468406325597224,0.62351058213795318,0.67988114764038088,0.67786928610498387,0.67592548887691006,0.65301796120047895,0.6567571275222297,0.61991049275719312,0.60224910222764583,0.62034276037980707,0.64354272332259255
0.681569078830361,0.6309389589020008,0.55631477528835305,0.68315049259807636,0.66316348873746189,0.62078551639266732,0.66493887014402642,0.60502831930761958,0.53051351411416614,0.66541420098258375,0.59120637305828372,0.66833957745902972,0.70104981743553541,0.72842619979134082,0.68137213487659354,0.74104176981193848,0.73559393071333778,0.70999449934275438,0.67105227077234075,0.66461449192508026,0.68782041954629081,0.68685495115827888,0.6756954106557006,0.66276487926252237,0.65230946288980207,0.61755174741020358,0.56663646344893648,0.60239797653487615,0.60318283519616678,0.62241373136187883,0.67853620463792264,0.6766116232239664,0.67434267852498508,0.65170586696517008,0.65570302044055628,0.61886583534594397,0.60120622694664227,0.61927626332280938,0.64216556337105779
0.68027594341437081,0.62979836322490501,0.55426266393768331,0.68142909202000712,0.66142824523615251,0.61913196640433565,0.66317819112497622,0.60335469238566952,0.52890639330897138,0.66349721963019614,0.58929548118516695,0.66645129620450938,0.70033991735133205,0.72723679968146504,0.67961129743782867,0.73980399374665162,0.73438067304602839,0.70860944249874458,0.66919959155330067,0.66290987780460875,0.68626101018781893,0.68506257564617845,0.67390337134007117,0.66107310563973221,0.65054815951081013,0.61610021377143454,0.56502517702914623,0.6008301510355637,0.60143604467985534,0.62307567639942896,0.67820075668642854,0.67594273379315351,0.67296506825056268,0.65011981455248291,0.65434245703264804,0.61713109244945574,0.5990181115967772,0.6172645052993051,0.64043013353155853
0.67809756212146788,0.6277653164135778,0.55161753187803897,0.6793467754823882,0.65915822724767859,0.61694563222737486,0.66071547255351493,0.60110473642588025,0.52690385536116668,0.66219191127235333,0.58667012476011782,0.66413736501030507,0.69905867397318699,0.72563311401368791,0.67744816950741671,0.73824906620785169,0.73273075679467692,0.70651920527801204,0.66796727698907965,0.66176052251919149,0.68435797231700479,0.682992302021044,0.67171940335090952,0.65892253177134363,0.64831483359470465,0.61410041666863968,0.56289004853125413,0.59813177461941602,0.59865163424954071,0.62284483973922755,0.6774431204321627,0.67515963606494411,0.67188824520658696,0.6480029088154744,0.65208104863694494,0.6145996020745278,0.59651378545406719,0.6146936545702939,0.63836248330112189
0.67399177318057302,0.62413228968276513,0.54764653761651827,0.67619818041922153,0.65563398830394548,0.61332546063872639,0.65721738467048096,0.59728831632662827,0.5233041094388351,0.65835811192852622,0.58301227201302086,0.66046261449228127,0.69787847171615558,0.72413698575307173,0.67452953892926082,0.73656134346115409,0.73080814350289358,0.70352356728676646,0.66431217132839593,0.65810098456030175,0.68057757161974852,0.6792876981015501,0.66778649953254954,0.6550526416302983,0.64447033255932551,0.61076133336189953,0.55912967521444656,0.59361141824065966,0.59412180837924944,0.62186927909677769,0.67636505724551854,0.67369974794982124,0.66887931554168267,0.64430384231249449,0.64858842708434084,0.61071635426720261,0.59246354319873984,0.61040143312898876,0.63368280245477571
0.66985759791994681,0.62064951935540003,0.54410778075960942,0.67461374578840527,0.65259492639006789,0.61020867979224513,0.65422458102698788,0.5939986460492479,0.52012825298832643,0.65497184481064541,0.57968402436086619,0.65723997095839981,0.7010893008107707,0.72588459237965952,0.6736491766196413,0.73758176077771243,0.73148502442865238,0.70289368718834744,0.66106496515856761,0.65569285061996996,0.6773194403470163,0.67602062326744294,0.66439583885725517,0.65169351003694342,0.64112175724450948,0.60781667370774817,0.55567448265947272,0.58911681350837086,0.58969301457674095,0.62508330444587934,0.67902192399585137,0.6754437808376812,0.66774435027466816,0.6417873681766737,0.64633285021071663,0.60773789092694552,0.58900941275554619,0.60668406819576426,0.62984586152290201
0.66720957346943521,0.61857336234873295,0.54153542875092342,0.67361242147376543,0.65045442317954016,0.60801643057338195,0.65212315521866271,0.59163828777762517,0.51782423421533497,0.65267172320040567,0.57737647068578279,0.65479910127894358,0.70041659972283032,0.72513312983798639,0.67268563896419908,0.73686301141870225,0.73071555379053121,0.70187171102870427,0.65907078526694374,0.6540678210787203,0.67439639661036832,0.67314515093153093,0.66156231102057395,0.6491743634758067,0.63863860912562609,0.60594969148241029,0.55329865003635037,0.58604235491415857,0.58659380878266498,0.62428741893894601,0.67827692475695278,0.67452582940053818,0.6663643360119289,0.64022176236429118,0.64508914907479709,0.60614830626019645,0.58708675235854435,0.60508635531027422,0.62817418909628497
0.66501968545835388,0.61655407452305522,0.53782683595734726,0.67147347148682324,0.64786815659223151,0.6054478528197228,0.64921115629715775,0.58882783372912706,0.51538953720685488,0.64908110755670945,0.57387561264427689,0.65197126405189121,0.69874723550979134,0.72323683321461185,0.67029617046534051,0.7349368802785764,0.72875512667620712,0.69953495345941286,0.65568513122746852,0.65083167536987574,0.67172607206604296,0.67017081513923049,0.65872883079257727,0.64659979023104264,0.6360244691268645,0.60379787554463671,0.55091749220498709,0.58327520248495979,0.58365607104620898,0.62289368397116973,0.6766949015893331,0.67274677611845968,0.66357849713088568,0.63722733068202009,0.64256880690150509,0.60297304544831398,0.58382979472689256,0.60216728647091489,0.62594342317720486
0.66370089469216453,0.61519766390713349,0.53539007665592886,0.66947317729192357,0.64604191281556211,0.60339475973381174,0.64726853330385081,0.58664486150152195,0.51339242278555786,0.64740088757811509,0.57175686641792922,0.65028566774963181,0.69848452286975649,0.72267921963392012,0.66871458979948983,0.73442904733867465,0.72826698421632974,0.6987782774944441,0.65415636478283889,0.64919918737296023,0.67023683939605605,0.66868939854118248,0.65715412711591825,0.64496362947047592,0.63437403740376286,0.60201676412492799,0.54911878299188577,0.5815105210480972,0.58167368311189149,0.62290203300767044,0.67632741373138316,0.67153742695428131,0.66167921260606422,0.63571815329708015,0.64149503549613296,0.6011568409169874,0.58143790120383188,0.5998335210806528,0.6239371592308075
0.66255353984419219,0.61397976395949494,0.53406270642820264,0.66865516148453752,0.64452697613760934,0.60190593645023693,0.64590313738352556,0.58508602872757953,0.51182882375296579,0.64829729657173329,0.57055786246761953,0.64900637006514794,0.69891209620098727,0.72236299080353572,0.66801448101999561,0.73417140985237572,0.72801003223015415,0.6982998482884345,0.6535600651415675,0.6485820461473436,0.67100694350468315,0.67035806018561539,0.65713265670783461,0.64449068176610147,0.63349055042730174,0.60056334005948941,0.54753409497505756,0.57970564986020634,0.57957650976594,0.62520855729607872,0.67724863929762813,0.67226973956662994,0.6614068833573078,0.63482880773765782,0.64073393816651658,0.60011360439295969,0.58036895710703484,0.59858206759625743,0.62257180244898913
0.66108366883500502,0.61264263115272832,0.53201140475336328,0.66713923355475246,0.64326671784674661,0.60068301539891955,0.64460253687729863,0.5837734013312833,0.51055658244927493,0.64915605847721092,0.56893977403838303,0.64769368035691888,0.69856376341807969,0.7217493712507258,0.66671666612702341,0.73350075847792251,0.72712252082781414,0.69714251047249287,0.65400242224073302,0.64972447637962882,0.67008080047782115,0.6698067001795357,0.65609648549239252,0.64343269270883985,0.63227013579114066,0.5993675368336856,0.54608051612241781,0.57756913200339388,0.57717166185098545,0.62510073923344656,0.67714127816252645,0.67235107562789076,0.66269192012675704,0.63495069856531028,0.64040324328182152,0.59890894423072849,0.57849602285061097,0.59644061311527841,0.62034112320321466
0.65794287841574406,0.61010180272935044,0.52919780602430577,0.66460709971182896,0.64089940204736062,0.59824717686583584,0.64207850595811777,0.58107804633101601,0.50805649558604882,0.64664898262316883,0.56621251292924035,0.64532350048365783,0.69729273640002443,0.72047256719739783,0.6646731996255969,0.73231418514379798,0.72578631666406412,0.69529501713224873,0.65131217911097894,0.64728344778442426,0.66824098768063889,0.66781712901249568,0.65386016647749079,0.64114129068172077,0.62994768157390291,0.59718643837223928,0.54349256066156582,0.57436455115868656,0.57382193245901036,0.62432126799049059,0.67633060113924315,0.67150010532826532,0.66091705057938399,0.63245729545098761,0.63825090414857555,0.59641312224749821,0.57584950003754987,0.59339931453796102,0.61667038807507946
0.65534250984295594,0.60763178924837835,0.52617521600830708,0.66189746724436804,0.63849836364907797,0.59589570551199889,0.63969252023411993,0.5786093109063043,0.50571403004486715,0.64401249284322115,0.56332401115932385,0.64265543223194799,0.69584962487992108,0.71892481181742007,0.66241580102609676,0.73083197687053758,0.72429833465077598,0.693207308514319,0.64845157537421005,0.64465064424033747,0.66566519360420551,0.66530471686661485,0.65104615207809802,0.63832285083593787,0.62716836672411436,0.594959600734009,0.54096414648036562,0.57119827938116607,0.5705360538106663,0.62361875422797219,0.67552203824388435,0.67056877623240063,0.65901144813908863,0.62970909823672006,0.63580462215690592,0.59370198504266314,0.57295524319611268,0.59011585107343745,0.61298330302914206
0.65267203726509604,0.6048608835922622,0.52240108888628023,0.65889513679709166,0.63580750168666511,0.59309701278617843,0.6371503672888279,0.5757306715650734,0.50287873003949035,0.64148567564397008,0.5603290522464226,0.63975417978379945,0.69408706405913756,0.71715355040266071,0.66006026424582087,0.72912672663847011,0.72261542780609911,0.6912002365796297,0.6459596924768557,0.64229135282949568,0.66291945431733157,0.66252572345066407,0.64810194891022754,0.63542069307250404,0.62423309720420395,0.59231287038677449,0.53794176683750938,0.5677165537575638,0.56696772218926916,0.6224264821151364,0.67423869370630907,0.66923351272588438,0.65698091148448634,0.62732758518206155,0.63367164441980284,0.59100958371907208,0.56942912543048319,0.58616900774989189,0.60853597858989206
0.64861143299574486,0.60123186284178975,0.51842971548994954,0.65645739691526106,0.63227521004112675,0.5895449726117441,0.63370579687812723,0.57211825016820916,0.4994644595981686,0.63790317761781878,0.55656718252163495,0.63589554044991781,0.69231266303362915,0.71518054824602817,0.65772740082218206,0.72700189291236794,0.72033064467766283,0.6885160673782047,0.64226669206393339,0.63896888207247915,0.6589390285565685,0.65855546793637254,0.64403647731597014,0.63149448407014075,0.62035026461137777,0.58903010372536146,0.53423379340469768,0.56316264138880068,0.56241453922919982,0.62066189644681369,0.67245864053406101,0.6672900967404265,0.65426672097109406,0.62393827089320564,0.63053724946729017,0.58770834105017888,0.56598216104738808,0.58246945074079759,0.60419714956838566
0.64515590497514086,0.59793593498507414,0.51490286817697062,0.65442456056809906,0.6293088506452813,0.58638211980359811,0.63083470738924685,0.5687866748491619,0.49620134529031906,0.63493607737890301,0.55351869694586109,0.6328581435515096,0.69056519769068148,0.71327652908623296,0.65550113358786155,0.72507310388929969,0.7183448188696272,0.68621910725393009,0.63944209091404536,0.63622362032479574,0.65587932699351748,0.65549528118648526,0.64096891239610232,0.62859563438177757,0.61740230863323398,0.58614243625279583,0.53071705960312143,0.55912091932298547,0.558402723230769,0.61918229459625895,0.67083839283594271,0.66556015154219572,0.65176324830195975,0.62129149318868759,0.62809681294663611,0.58491852321023663,0.56292497761469296,0.5795026051475225,0.6011952472029336
0.64279380221239257,0.59575903907018635,0.51134202292502373,0.65230469851040451,0.62623699734191307,0.58361800803998254,0.6277070424525053,0.56587408486456292,0.49369442549725856,0.63200774016127159,0.55072891215653252,0.62970584878219915,0.68904661134347656,0.71178663087481664,0.65364474188972166,0.72363587326839485,0.71697371314405778,0.68474612222825437,0.63688992447615622,0.63417542310953756,0.65347821220313496,0.65252742585296453,0.63821371478998212,0.62611064923260629,0.61479999328248891,0.58390529737960917,0.52817445669186736,0.5557038873136948,0.55467821226404479,0.61800273196163547,0.66966113905561608,0.6643566663130509,0.64995630578056873,0.61949659560307857,0.6267445660091,0.58286311743789576,0.5598613381060854,0.57639391850029398,0.59862149418242405
0.6378643157978342,0.59133518165648669,0.50650854947829294,0.6497339918346331,0.62231387652929659,0.57952125490273587,0.62362628323310565,0.56151309844064634,0.48959566051387854,0.62757466791402428,0.54620939631124577,0.62575252912425927,0.68741047683060053,0.70974951004560671,0.65096388113411474,0.72124221330717464,0.7143493276426085,0.68145318961193424,0.63238404636726919,0.62988525518078597,0.64952946137163636,0.6485988330382978,0.63424003924054706,0.62227019949719686,0.61097350274689866,0.58024900959153314,0.52374933158885173,0.55022300516537936,0.5492198314553427,0.61620623236281591,0.66778052565107793,0.6620662145568823,0.64642163666234065,0.6152176220698008,0.62280129412643181,0.57873868381315696,0.55571917095005152,0.57211264379933713,0.5940327101767392
0.63570810298179992,0.5893012737711808,0.50340221216752623,0.64758464977696206,0.61970634286976445,0.57699059041223422,0.62090148932634037,0.55880076530801914,0.48726142758830543,0.62489330021874112,0.54352144246387724,0.62301939174934151,0.68583053975408947,0.70813150169899974,0.6489526692857237,0.71966109769614761,0.71274684700102675,0.67959008251901809,0.62990540818875573,0.62755964426025257,0.64696465483838839,0.64585812714461943,0.63155739503140129,0.61975421791569585,0.6084305096965813,0.578094684872411,0.52133793920398075,0.54708183474169014,0.54582368721440899,0.61492645548110925,0.6664176854779571,0.6606392559295734,0.64435370908153144,0.61303831656001961,0.62084762179112174,0.57635407426491791,0.55286231151902809,0.56920100991180178,0.59122719344770536
0.63418501345000688,0.5879132512071864,0.50065369605133148,0.64525758655493703,0.61794128912968826,0.57512907378196987,0.61883066200093806,0.55670481104366498,0.48547587840952533,0.62310491149452329,0.54138826421168595,0.62124315191135226,0.68432728049327429,0.70658767113503607,0.64691019134107131,0.71821627540259425,0.71135181605035869,0.6780526249913793,0.62813219129641051,0.62602974830549274,0.64535510456039147,0.64409839217044695,0.62985510381419862,0.61815905852417308,0.60679923270746861,0.57651819947403526,0.51965740232855051,0.545106740838052,0.54352629825816912,0.61367638075371944,0.66519324346989372,0.65941412531708266,0.64282764598446429,0.61152734327855207,0.61950714624484948,0.57442653921396092,0.55014781882191477,0.56647459910699338,0.58889849556172069
0.63156728923456396,0.58551350178175476,0.49718974709378966,0.64298788832874276,0.61545195139518605,0.57262821391638585,0.61597831192619978,0.55391424827106728,0.48296129564126788,0.62030020686548593,0.53788797955268819,0.61868754288346839,0.6822326861866238,0.70385665221614058,0.64402224630815275,0.71524312846963445,0.70809351318310132,0.67437664272737907,0.62489730727240711,0.62298598520620752,0.6428609459128608,0.64156091717135333,0.62729415296181057,0.6157513133185526,0.60439092224381996,0.5744158701633334,0.51706206926023346,0.54188124234878621,0.54007222974022573,0.61137883584855734,0.66275269793657798,0.65666366398903742,0.63997337015356348,0.60803874365818933,0.61565211743560033,0.57083694693783671,0.54704339853993589,0.56347796522617499,0.58629059074383572
0.62549449934401569,0.58069362622027476,0.49306016471136449,0.63992277409245901,0.61105176237963554,0.56832656437392981,0.61100544531408651,0.54913554354825544,0.47877797256332938,0.61580654267634516,0.53310553983633446,0.61426059746234773,0.67944139410365689,0.70046287872214275,0.64057801098768685,0.71170288388205016,0.70427896173920634,0.67005630207659983,0.62000369571378799,0.61868200492102421,0.63849525874464286,0.63707263491978794,0.62291207702901685,0.61158441480414305,0.60027821050461339,0.57080424357654447,0.51260566557187903,0.53565468537284189,0.53377146242350415,0.60875445011412255,0.65984422527322539,0.653591811509174,0.63633510835135376,0.60347121285760541,0.61101008275849389,0.56649518096227036,0.54343596434646324,0.55958540718065364,0.5820463265758139
0.62189214888745026,0.57772454934885786,0.48999369532264164,0.63741233342274062,0.60834270129747725,0.56550986053650265,0.60794329884004206,0.54610420720956487,0.47609896035405952,0.613187663687495,0.53020933794537073,0.61172491858296496,0.67758195525199971,0.69847435225764298,0.63835019632354495,0.70983477915611159,0.70242659977597166,0.66799064814044729,0.61742857358629666,0.61635943796289305,0.63579585806526606,0.63440676572638599,0.62027451004472811,0.6091043604143358,0.59786652929468942,0.5683850660737616,0.50971389546274315,0.5320575796389676,0.5299618458223524,0.60730293543847635,0.65822793171102922,0.65188473886039267,0.63423168372691086,0.60117454594087094,0.60899546992763609,0.56399180811165028,0.54061131382554273,0.55659439719832748,0.5793771308876341
0.62033087299936984,0.57627151648657815,0.48823404756228234,0.63599225190867759,0.60640687864373732,0.56371549900536422,0.60592416560044671,0.54420446234406106,0.47451425046841744,0.61150606681103614,0.52859166980350247,0.60978156882814316,0.67620352017918739,0.69699985491022209,0.63693406636266114,0.70850101999760529,0.7010986977227347,0.66668696830438967,0.61588050147982232,0.61491552132801464,0.63386367431696455,0.63243017493329567,0.61817708378938674,0.6071214930407921,0.59594113463570531,0.56682772837668804,0.50810310955871618,0.53036259591653001,0.52807582895390726,0.60625422470824752,0.65702114515254628,0.65068779608959681,0.63274089088134922,0.59979222160055079,0.60788675959907534,0.56269176725452852,0.53913062793566346,0.5549769922540545,0.57774059915265863
0.61921161189018792,0.57523289149215906,0.48701089883530607,0.63496443359502108,0.60506105798616783,0.56250520481897914,0.60453982009827711,0.54298424987182359,0.47350680945363643,0.60971390468120246,0.52714415146266491,0.60828079902821186,0.67529531135103349,0.69607016654870124,0.63575098366924443,0.70761032043835648,0.70008336928115933,0.66546404826849204,0.61425430532064551,0.61325039662099323,0.63249818033654748,0.63098747716356973,0.6166344734915955,0.6055898241068427,0.5944457438520665,0.56561961023620955,0.50706306869962359,0.5293050884086038,0.52681356079628316,0.60517545769912917,0.65608077712468349,0.6494718596723833,0.63096768469872022,0.59820575601528181,0.60666468619565173,0.56129444156273234,0.53805546103194957,0.55400335647052179,0.57667738788241896
0.61815217012227242,0.57427237436526968,0.48572266086091498,0.63439409219120857,0.60379879799626812,0.56142351615162245,0.60328046494380516,0.54181620540160358,0.47245756384929022,0.60796529226458995,0.52591055204444026,0.60682295562902555,0.67553903148666572,0.6957224460770195,0.63514211159167255,0.70708140794868479,0.69942425232956884,0.66468078048577695,0.61279747419052255,0.6118726747529486,0.63087264357172845,0.62916430958634151,0.61507597517483459,0.60432540485292041,0.59319324463476941,0.56469983309725036,0.50605205221816552,0.52801457345135594,0.52540367329969739,0.60938055159906701,0.657871166307747,0.65068187115510845,0.62982395980447836,0.59711212741591679,0.60591245553987993,0.56040892492520633,0.53713307271118882,0.55308373505713659,0.57581328741776394
0.61674016334044657,0.57267998871245152,0.48361209106226666,0.63700227911450702,0.60158912580198709,0.55940970441409332,0.60116355823658874,0.53970178680310787,0.470612360725643,0.60633142119961658,0.52430436464125429,0.60439188040768832,0.6921248644581327,0.70601928298258432,0.63916319331820848,0.71301344444561765,0.70342426359864796,0.66675492127675728,0.61122884446629133,0.61196554641381551,0.62895404778773156,0.62693631424703133,0.612786377314812,0.60210832170365203,0.59087603254937537,0.56281651204572924,0.50402290303977726,0.52535415092191773,0.52234380024207439,0.63223835413281226,0.67309982888567033,0.6608563246340754,0.63246296268295521,0.59711852301748369,0.60586482270072506,0.56010322568292148,0.53602862682940022,0.55141880161443046,0.57548886158006307
0.6193344812175835,0.57977941757244544,0.4960916637904848,0.65347705117456201,0.6184004035159838,0.57328391675529733,0.61443620680523559,0.55059763734503742,0.48248688109222154,0.62733817243817003,0.5411422299869374,0.62449354811156943,0.71057180686016175,0.72241023233709212,0.65605564063855448,0.72950711174856087,0.72065998307809653,0.68434532727011643,0.63179059340640298,0.63508838261497669,0.6467477268463484,0.6449425202051875,0.63023306641033217,0.6187382683407493,0.6075606653424922,0.57541910990169798,0.51412691801651378,0.53114572644741631,0.5303355220754018,0.65419731515444002,0.69394652658288147,0.68378605396786296,0.65646213133890774,0.6177599629185796,0.62439064159955748,0.57876646824016731,0.55112734640692607,0.56875241123006648,0.58815773531881865
0.61997253204784453,0.58037290980124634,0.4954322281214924,0.65296602146951099,0.61784747576518739,0.57278009789891804,0.61385857154095003,0.55007718942334083,0.48202698964763824,0.62664312266499234,0.5406329626331734,0.62394939672197169,0.71013324229676655,0.72195420326377147,0.65557675015158545,0.72907709182840219,0.72030355181857353,0.68398732964436093,0.6313168160334014,0.63464067847898575,0.64625288611321297,0.64439184768711422,0.62969706792854874,0.6182270889623509,0.60706609990800187,0.57518955472303179,0.51403703467569817,0.53208291597020485,0.53154645100801445,0.65378610570962936,0.6935543192627287,0.68338459625379144,0.65602299101130901,0.61736453905588518,0.62399788345075158,0.57834149129580181,0.55055177938206967,0.56808925637120811,0.58749269053840503
0.62765674051859666,0.58348894594335876,0.4937015661531422,0.65151232141974913,0.61675587603299664,0.57173331417175277,0.61266877627540439,0.54884954146306975,0.48097042569251169,0.62550450336341068,0.53932202164523624,0.62284219603925361,0.70905086268836448,0.72087458620117695,0.6543285693019768,0.72799367241997226,0.71927770663760204,0.682895400223411,0.63023154635051781,0.63342416702662274,0.64526993401672672,0.6433726115376297,0.62859686260106606,0.61715412505300693,0.60599047974418019,0.57462981398680368,0.51376026928625929,0.53256313331554472,0.5298389137167836,0.65309658989111752,0.69271750523799336,0.68257375524943686,0.65492196763229382,0.61620938425734417,0.62295120540382654,0.57702489050167871,0.54889293204510392,0.56619454293390137,0.58548689073157356
0.62714066608017827,0.58264862716508792,0.49258735638145212,0.65110500029075047,0.61700482700213743,0.57138330240080681,0.61289508127071202,0.54826181423315279,0.47989868510887623,0.62677462103821857,0.53994464596503322,0.62384549925933741,0.70860490977786139,0.72067137747809273,0.65456900653818528,0.72817380291938372,0.71961684968541662,0.68347727101382572,0.63091201728801705,0.63375789356429424,0.64457780889234406,0.64316797015547278,0.62818277331060224,0.61686464089964488,0.60567743790572248,0.57385151367068499,0.51274845774974487,0.53169168837950365,0.52889757317313979,0.6524945580917294,0.69250492450964007,0.68224857911997472,0.65466331848525749,0.61666748039748798,0.62358580512145456,0.57795420352201221,0.5482448256636403,0.56513039693094624,0.58461899363742642
0.62528728383707299,0.58077665596307682,0.49062295735020173,0.64975385466445501,0.61539864170847891,0.5696941786761589,0.6114615024935065,0.54651911082329474,0.4781579656485358,0.62564188807072041,0.53860323428010504,0.62226710496219706,0.70743589030314113,0.71955501860802562,0.65332506236082089,0.72724730408421057,0.71874387459199118,0.68254542855438183,0.62980793646061484,0.63279510299626485,0.64305173127974002,0.64180352124770701,0.62659493862738891,0.61520865398221514,0.60401914107222521,0.57226088244961693,0.51084071335860171,0.52954022002922474,0.52678468943962597,0.65178509647863192,0.69177544953023751,0.681546040914777,0.65383632527645363,0.61580639896574796,0.62283097024695122,0.57686141818731196,0.54655104868746263,0.56333361637315194,0.58296399021600531
0.62365261278840767,0.57873854664448576,0.48835851873810515,0.64843854900571529,0.6134583574439576,0.5676159138067377,0.60966730438269134,0.54441691057757957,0.47606707910175794,0.62415302871713818,0.53669474835520048,0.62039806089128624,0.70617585733053745,0.71823679372752791,0.65185156648398468,0.72590634715571445,0.71738099779873254,0.6810751806996973,0.62816369403085159,0.63127590976146053,0.64158468418752734,0.6403431154432182,0.62491801465623631,0.61345967789752021,0.60220003695964919,0.57035332478228373,0.50864013027862354,0.52736953776702822,0.52471215497164658,0.65105134988429025,0.69091225159995395,0.68058658745773015,0.65258544944860386,0.61428700825410487,0.62139473061567985,0.57518686986991641,0.54457519108192876,0.5613975718352171,0.58134237555636215
0.62213486231763537,0.57746423436776662,0.4870745721231084,0.64713094582783071,0.61204412955712351,0.56610674283822748,0.6080989598340244,0.54281203096923991,0.47464954040412904,0.62295616973926315,0.53531125016380887,0.61916941368703804,0.70520537303389752,0.71728628686373064,0.65066676915292376,0.72499832078143867,0.71644492357816569,0.67998141696294312,0.62678564116325797,0.63001940793683675,0.64049902538285575,0.63932737525479455,0.62383305245101761,0.61231172568894576,0.60101895734762034,0.5690362354159284,0.50723568508225791,0.52579387847849535,0.52300633117930839,0.6503225152124984,0.69011831656861478,0.67975389468620617,0.65150239135392607,0.61306370256795129,0.6203296444416887,0.57398333461719242,0.54330148723050975,0.56008268045815179,0.57992623343941208
0.62031034712066513,0.57584176688179434,0.48588459093879777,0.64638155480909176,0.61061583669298847,0.56439637805616516,0.60685336240268806,0.54118247136309749,0.47286278305478302,0.62384691054448937,0.53545231576420582,0.61796158558975189,0.70746182024120419,0.71946189108589087,0.65186267405434162,0.72779128980242469,0.72017080329187899,0.68440934254450247,0.62754784397117636,0.63209275867913683,0.63950813027446307,0.63828870194397946,0.62273539057142913,0.61114660720173342,0.59977083703048906,0.56740709395232314,0.50551878445465626,0.52437601695154579,0.52148952183385633,0.65361986573131514,0.6925175596229366,0.68167191703753838,0.65284813812621423,0.61644189839958685,0.62627668147907334,0.57654808859097195,0.54218621801346756,0.55906157100808307,0.5785774676629355
0.61955110693693527,0.57494436749710398,0.48551104880966994,0.64696690934597878,0.6102029177363445,0.56434530324573529,0.60803244550154101,0.54180390039721449,0.47320109095271401,0.62696614279952145,0.53641257441504742,0.61746963927799126,0.70910969195438878,0.72007458104378974,0.65177286170820847,0.72815430136176995,0.72036440471712948,0.68451993921590726,0.63248109046711487,0.63654292618648733,0.64037513117086819,0.64044745432003836,0.62370845747571857,0.6111831966173682,0.59939002797465424,0.56633723982992079,0.50511455420178686,0.52423807488527085,0.52131454339558259,0.65599512712588837,0.69376706746277195,0.68281752537107676,0.65524456617553106,0.61870674381693302,0.62642962925029533,0.57621353037171519,0.5423007211936407,0.56129249754119026,0.5800176348577486
0.61748870805275846,0.57312976455639719,0.48413909286019347,0.64589635089290032,0.60983508724869762,0.56303407949319828,0.60833207998743966,0.5403797410315665,0.47145964875194707,0.62713974121714622,0.53717990558045847,0.61750565674446323,0.70970154117089768,0.72090023016881499,0.65177627742775679,0.7287916238931319,0.72098726939821645,0.6851958215332058,0.6336504131352898,0.63758914186650251,0.64057426213645852,0.64138021247900612,0.62371099485800696,0.61067703078573854,0.5990854095824284,0.56540345004513537,0.50327148120194254,0.52192325278798224,0.51920148571463753,0.65626859018419825,0.69440717509102079,0.68365066358130455,0.65610643575510608,0.61971809190999694,0.62732598591775124,0.57641619943927169,0.54086085673614637,0.55952020708999695,0.57824165274824846
0.61487827709148801,0.5704381696657973,0.4824540101767284,0.64449612101912579,0.60771553077127349,0.56050968528219836,0.60645492032168702,0.53779782861419934,0.46883808082028339,0.62545502941546494,0.53555028967321472,0.61561544861097339,0.70870767092415254,0.71994552383004418,0.65069288846559725,0.72799286825751197,0.72018029143633322,0.68422818018858067,0.63206954208740607,0.63625157330514126,0.63909226449508316,0.63984448653964565,0.62203510748144519,0.60893254409145514,0.59724283387018873,0.56310925429228065,0.50051810717592671,0.51908359829875139,0.51668819635539442,0.65538684039546691,0.69364992663396807,0.68293005701935205,0.65510948387182011,0.61842647637408033,0.62621680321121065,0.57513482688576012,0.53935534018797326,0.55773786960464433,0.57617097435060882
0.61221393778976962,0.56763609963582251,0.47972692394494959,0.64245247788764237,0.60503143127551362,0.55751313566336391,0.6037963543190431,0.53472462503027518,0.46594118539734608,0.62306850360028132,0.53298387608270548,0.61312527926420768,0.7070341782027656,0.71827620464462305,0.64871707742232787,0.72638168666450731,0.71857324039466808,0.68240203506616182,0.62968782031407655,0.63405489586539088,0.63713245796939,0.63774995935675882,0.61982922980585853,0.60670334314470831,0.59493021063255314,0.56047247023541047,0.49750467295310102,0.51595461503764928,0.51365828379600942,0.65408386739575874,0.69228284432039899,0.68155308088129396,0.65329260064541073,0.61629643019097269,0.62426949912326302,0.57283415239012292,0.53677859786987792,0.5551031713792498,0.57339095339468527
0.60982805516356131,0.56539802578062004,0.47764565876720483,0.64083521096276119,0.60316585809208245,0.55557545652099327,0.60217625530735619,0.5327243825915986,0.4639371224878886,0.62159273419293315,0.53138433272404428,0.6113097158708436,0.70599965584115765,0.71726187096027205,0.64736864800050664,0.72548330100390845,0.71758709608226712,0.68123596337799808,0.62838787708530841,0.63300054266335593,0.63610966887724951,0.63618043277350222,0.6183967788533572,0.60535372331844883,0.59343902407606763,0.55878319777237451,0.4952622683220741,0.51333838694988909,0.51123278102644676,0.65328753023955533,0.69147020155500527,0.6806566362758808,0.65239598273713761,0.61519970267410296,0.62314576144185985,0.57144248934622299,0.5349271095267093,0.55311833479165451,0.57128170552502333
0.60830461362849719,0.56368517757838688,0.47575782482078344,0.63899620493982201,0.60107452748847967,0.55345197724332273,0.60013461993290673,0.53063172616534471,0.46201044618992748,0.61938577608156631,0.52955116834051197,0.60925139157317698,0.70424986120100896,0.71564449723727341,0.64580162287513576,0.7240375348166056,0.71623383985504852,0.67989416352841958,0.62650882909126626,0.63124518018104869,0.63425763195835971,0.63422785185810704,0.61647837103798286,0.60351544836642479,0.59155959796703239,0.55688794815956,0.49333581909112234,0.51158828125640743,0.50936492585131254,0.65187613393802968,0.69008206730139565,0.67933912253396256,0.65069250769253018,0.61371659024030578,0.62190380128084499,0.56994315406587404,0.53315634079534069,0.5511530127387636,0.56920419660575916
0.60711269274779234,0.56247292097874346,0.47446296690948908,0.63784955508961894,0.60003317464787587,0.55211865759400591,0.59900894689898188,0.5291290636534518,0.46050911516871579,0.6182909076895361,0.52844674053806606,0.60845696816940698,0.70303859000399027,0.71442532683331028,0.64464173960262006,0.72287656867248118,0.71508270805582086,0.67893941195778074,0.62552994766298053,0.63016779127916711,0.63319309862075934,0.63336879488753783,0.61559129598734408,0.60267824298253614,0.59074067563465416,0.55573255426231527,0.49184692179424688,0.5101188778617638,0.50773903464540937,0.65066195568986052,0.68885298371020043,0.6782283920772304,0.64936283370036862,0.61282357690354883,0.6211775466685997,0.56897881131714334,0.53197381834084567,0.54996937408269053,0.567861863770733
0.60554738806784181,0.56094851872081186,0.47356000879718468,0.63687155781711935,0.59873252236034269,0.55060418443561832,0.59785187069795165,0.52753145703497462,0.45887514064780155,0.61709726648197505,0.52751179632978007,0.60725590066136903,0.70190727449812862,0.71317106646931161,0.64368169070827463,0.72162022988484076,0.71385321239559141,0.67786748699458099,0.62444054657873982,0.62903415542571439,0.632121317297199,0.63220024355134052,0.61444822060380355,0.60157741267815901,0.58964406637187394,0.55426732266665046,0.490239144834068,0.50865485323639792,0.50627133640609046,0.64937661208904507,0.68758206498165964,0.67701338880845263,0.64814512891517262,0.61175903792410324,0.62027316447066172,0.56808275213911441,0.53122020339805132,0.54909280243091341,0.56674261551372596
0.60396638160828686,0.55947245210892482,0.47268221207792699,0.6362507278603583,0.59742162492107154,0.54923202881847499,0.59670931661555382,0.52625777915101191,0.45756358995781216,0.61591727371579186,0.52643648966638468,0.6059561277242056,0.70136678488574522,0.71246897661570019,0.64295126583354634,0.72095757793036075,0.713213597925758,0.67708993016039765,0.62325587338865462,0.62802371142036162,0.63088445012161098,0.63087844822261785,0.61307709553607281,0.60023940534240172,0.58830400714972442,0.55290199587788269,0.48879320934796772,0.50718643408525355,0.50482877571949991,0.6487108263800262,0.6868945773573969,0.67623287170664959,0.64714349830320728,0.61076264371019384,0.61959452991844433,0.56724778232684114,0.53043426178127984,0.54832242346902627,0.56593631272881839
0.60227597669935906,0.55787421291103212,0.47180830795344342,0.63542144687354718,0.59618794013876475,0.54802331224330914,0.59568687728763314,0.52509941566674345,0.45626644144048994,0.61417578856029864,0.52548127922100185,0.60457805563269973,0.70031428023293751,0.71153653257154126,0.64217559636120214,0.72015961722459154,0.71245524092624357,0.67627400443488817,0.62201412286567137,0.6267778445498674,0.62964533798842037,0.62952400996871538,0.61171370821805626,0.59886642744182195,0.58694767292323002,0.55141808676063242,0.48731729366687515,0.50567536737487662,0.50333182822257538,0.64754037717300239,0.68591037785492881,0.67511302188478717,0.64585425862342749,0.60974664035230985,0.61881313656603798,0.56642980562198142,0.52966421968918387,0.54772414626324606,0.56496302191790126
0.60099011419764459,0.55659399990098568,0.47088913606821492,0.63446904982349561,0.59474416501969807,0.54665048558709084,0.5944943758392599,0.5239405300515515,0.45520737417162255,0.61209893889160605,0.52441323391096095,0.60299433630825705,0.69919803351721477,0.71048190509479392,0.64127726402509466,0.71919688840962193,0.71143369217668373,0.67509776254502141,0.62035556961411531,0.62502346248738527,0.62812295912179372,0.62800433380001264,0.61013084861718136,0.59726889348821666,0.58530842425653984,0.54993607455234628,0.48614243974988708,0.50453986536897921,0.50221718514630287,0.6464163808116361,0.68487106785542529,0.6738233140460097,0.64442981635701768,0.60824058555989513,0.61750584903716021,0.56543690820061632,0.52879836041232042,0.54669033906117648,0.56378470643215617
0.59940898495550898,0.55487979153268951,0.46972858553502017,0.63317226622734002,0.59320162290974954,0.54494051826530443,0.59289719186587453,0.52226294840285492,0.45359237078151493,0.61070651916550955,0.52298273493692027,0.60162638449913231,0.69801486116792133,0.70926159160383095,0.63987743411835241,0.71800264405555703,0.71027319664444044,0.67377380064461956,0.61876268496725007,0.62352493372819873,0.62689153515380169,0.62694913022070409,0.60893432760023236,0.59598742267318838,0.58400287354898039,0.54827007610643341,0.48443336565331507,0.50315245591496482,0.50094278908280077,0.6457231206962506,0.68401381522431548,0.67284535797434963,0.64323512368031488,0.60672931752344339,0.61617865765116597,0.56404415115292905,0.52761827865460253,0.54544084599930365,0.56254118819694732
0.59976091443431045,0.55437919394436763,0.46879946723863958,0.63192643406596527,0.59212673080256839,0.54380563923929537,0.59181004070997023,0.52118050111282077,0.45243005921718887,0.60950506219454192,0.52183534064861192,0.60060210934783986,0.6971196154052689,0.70794300757778683,0.63860317327620264,0.7166105548669881,0.70894407114185654,0.67244552578070949,0.6173725490277916,0.62210527226231838,0.62577717071651029,0.62591238009921002,0.60787058561460783,0.59497980400722128,0.58296373312019578,0.5470499119093617,0.48314004169338748,0.50229798134790549,0.5002392554382683,0.64641556589216265,0.68344378642914372,0.67161338539934268,0.64189185808808169,0.60533928616103605,0.61487305306147799,0.56284134597509383,0.52663395763537924,0.54432549282531206,0.56120837441375271
0.59941872293651333,0.55378186364453963,0.46763772010869487,0.63145671273904214,0.59119511269403879,0.54295706154947398,0.59077872886187965,0.52030013038730694,0.45162509110704468,0.60836993662348404,0.5207616413403976,0.5994432438196946,0.70468979457039116,0.71209885443454035,0.63883040678834246,0.71849956203215581,0.70970864951220936,0.67201660421135812,0.61615504023072587,0.62124883423825528,0.62433035650965762,0.62452485916287503,0.60641286255280868,0.5934764558091209,0.58152832013957279,0.54608432956113084,0.48231677426859759,0.50152039185886599,0.49946357043889694,0.66778183911539402,0.69417682711046946,0.67767629662460771,0.64337516770274905,0.60472381430711153,0.61436450918730778,0.56201752557374596,0.52528905707669193,0.54303083781896599,0.55979383793576487
0.59887951824942331,0.55279469200230658,0.47129813242770552,0.64074276836349975,0.59187701809927851,0.54304219235475615,0.59303405496322659,0.52021361210395045,0.45042509458468188,0.61466142929200718,0.52802294576474162,0.59874208762588743,0.73103556655874857,0.73559310394386057,0.65397476731208648,0.73563747261153045,0.72408192011160466,0.68476633243829499,0.62180568653840673,0.63379772454108363,0.62304921177560202,0.6238329053690661,0.60518727581596365,0.59229532842612143,0.5806036545368628,0.54538150331336632,0.48107634154938173,0.50033552484953436,0.49829555629879019,0.69653903607176348,0.72139246830341497,0.7112034177195331,0.67128604768474198,0.62035584950257205,0.63285130867800465,0.57484541487537932,0.52938523173581231,0.54483769874363752,0.56117674428526609
0.60442711981652975,0.56999140195974407,0.47423333574805232,0.64311340875839051,0.59198038247068885,0.54521613559210313,0.5930251418692668,0.5227122743867999,0.45274068174586524,0.61635471768718153,0.52870815202801569,0.5978365479793939,0.73321744036117287,0.73780364261382858,0.6555032252672508,0.73768565469032688,0.72582166449858143,0.68594822450498816,0.62242984142526614,0.63693759311005071,0.62266801878387068,0.62273649014245158,0.60420280700650142,0.59154361319511517,0.58055573007009964,0.55329090273104076,0.49048169097723648,0.50671894243065208,0.50659678455518165,0.7021756997493428,0.72576310895648988,0.71614381432581131,0.67698024770889709,0.62251751873349126,0.63428477527119609,0.57614415505134431,0.53167505327636111,0.54815323942912153,0.56430886717248696
0.60590626966447547,0.57407362166058828,0.4805977179982876,0.64505632596653217,0.59804184323234355,0.55111094521389392,0.60031931480949918,0.52841894492158903,0.45820005541814046,0.61682657772349103,0.53406003673430491,0.60385065571936258,0.73264073410027308,0.73773316794440347,0.65701222972757989,0.73832720143216179,0.72677691331748484,0.6873408078534986,0.62438020125888438,0.6373899418631529,0.62580286526269968,0.62636078713841536,0.60843408816314026,0.59655514499040452,0.58617920146769087,0.56009049355716378,0.4954767973723922,0.50892565270887191,0.50845669519425685,0.70156950343353042,0.72546718219495021,0.71600632892429561,0.67683789458228938,0.6238007446497793,0.635749859096019,0.57917720411332907,0.53602887692893531,0.55182955447389392,0.56621724624848757
0.60419989219266135,0.57220093996274446,0.47895853488752199,0.6435349586131639,0.59643723542469473,0.54917942526466745,0.59882780899537902,0.52640769117499386,0.45623260159781565,0.61515579511144336,0.53246897647416991,0.60236513007682824,0.7315335811828737,0.73656557826206059,0.65545185581833676,0.73724249747929105,0.72553724770215255,0.68580303357148598,0.62273932818564415,0.63562168893744098,0.62445932097483636,0.62513035311737997,0.60698118370800225,0.59502700809589326,0.58460748264343088,0.5583999889025888,0.49345516629896441,0.50690787930570946,0.50663598104614971,0.70111950114476296,0.72475763643160007,0.71519021799755234,0.67530939741982698,0.62204646822880871,0.63403158692559136,0.5774985010609246,0.53440516614330358,0.55007899639939195,0.56436695737316378
0.60271459137019823,0.57070112683348229,0.47752550351231554,0.64218222722832707,0.59500734659584842,0.5475416855006443,0.59754923291766582,0.52474528398419285,0.45461111216262662,0.61378160433518902,0.53105616124093147,0.60098588021860389,0.73064953057161375,0.73567303658634897,0.65420102358212395,0.73640345898237625,0.72456074737497445,0.68457435984277992,0.62138535074238033,0.63428735977874107,0.62338923688761494,0.62395729297929681,0.60563525130422158,0.59367094167324663,0.58319703667724809,0.55696415156159451,0.49177852151944956,0.50522063946538964,0.50512143615922767,0.70053080963215975,0.72409324097965622,0.71454302677045733,0.67418971839094344,0.62058261103605672,0.63257232113363804,0.5760470259221071,0.53294444667296081,0.54859659069071387,0.56245611483185642
0.60071222118703937,0.568816979485395,0.47513675763935226,0.63995216161488266,0.59341365358689557,0.54579815243960439,0.59596572105025358,0.52288101127072106,0.45288487564156332,0.61218690082765204,0.52918741877549202,0.59955714503902979,0.72946034460987663,0.73455482915181902,0.65232336573233141,0.73536750606597767,0.72342029009282793,0.68315216197562612,0.61974403412456947,0.63261512539964038,0.6222568067172739,0.62292211084588078,0.60428697626640959,0.5922556655661918,0.58173639331042304,0.55541403000633549,0.48992159698708848,0.50312539224459074,0.50325302959936913,0.69983439184425045,0.72340404351191701,0.71379278536954438,0.67292958669933067,0.61884413907318725,0.63096672257806941,0.57404382917192731,0.53050504456459624,0.54589212019877442,0.55951882485635263
0.59862573581063572,0.56647031828466432,0.47338134995144676,0.63859751138004528,0.59151277077533471,0.54361867351071325,0.59421718611196295,0.52056056381560945,0.45061896169495058,0.6105534656908157,0.52758045564325173,0.59762514725029436,0.72842885298584092,0.733541218153694,0.65113964381028921,0.73435535108803807,0.72233998931428123,0.68193336873997346,0.61822014891236698,0.63109778244209613,0.62067956343740283,0.62143198383061271,0.60246423504408209,0.59028474143590737,0.57971036492181993,0.55332691137559376,0.48747802319811462,0.50043741850379031,0.50056465005544759,0.69903393475435016,0.72258681050438867,0.71288718014263763,0.67168585366933053,0.61734492729786561,0.62954221976255231,0.57268073656517016,0.52906101629817781,0.54420074119253603,0.55738773153221211
0.59592337518398097,0.56356258170961571,0.47029749108339286,0.63613579401077069,0.58862754363352532,0.54057173925097746,0.59131445042858233,0.51739224212932611,0.44776491477071234,0.60866325176334957,0.52454008450522893,0.59492164022865046,0.72642627900885171,0.73127712585201843,0.64838190085419789,0.73195061392577598,0.71984094520898945,0.67916767784193199,0.61575417586396763,0.6288696564891687,0.61876981192959235,0.61942857280395136,0.60015781736010199,0.58789102903933077,0.5771461450978459,0.55067062385291465,0.48447828994178072,0.49718111923139363,0.49734539812649764,0.69770443827227191,0.7210609679150749,0.71126802326600647,0.66985704918149858,0.61460435660809754,0.62665059902234155,0.56974383810790508,0.52621623693795039,0.54137949338406643,0.5544752630518065
0.59265263062376117,0.56038482304136439,0.4673783434978761,0.63370079770853438,0.58579510722355466,0.53761392151724063,0.58849754236721741,0.51430249252256632,0.44489309660871895,0.60628210993579812,0.52188188810436287,0.59222318924129291,0.72478525760388246,0.72960946445580044,0.64610382164556368,0.73027326708987239,0.71808099235946898,0.67713352376797187,0.61335703840977562,0.62670878568602806,0.61675624289926689,0.61729064339198803,0.59785385528629875,0.58541580251447489,0.57460866183640769,0.54793590510740386,0.48136375348087435,0.49352992526238965,0.49376289668090961,0.69660913584216555,0.71998700744014521,0.70996102512741466,0.66798485818280129,0.61241156865096658,0.62443903254819044,0.56739727346949587,0.52349375699810363,0.53856341591611923,0.55173547046025528
0.60216363009120444,0.56670259280691038,0.46743071073233639,0.63200217219861665,0.58580084716665326,0.53820490485047179,0.58794741493945613,0.51490918413252285,0.44656106417531594,0.6039774716416566,0.52071119081722994,0.59239954467620803,0.72273524552010626,0.72749502043510561,0.64419269452945926,0.72826519678904522,0.71609377701733734,0.67516750751997023,0.61118026790526792,0.62444519745134897,0.61679858937211574,0.61703173687050639,0.5982753457168396,0.58682373254510445,0.57579827082604107,0.55023634263398513,0.48471790480746441,0.5008799469029761,0.5011901846662179,0.69472446676019561,0.71807609136581441,0.70794548988356787,0.66567095326050996,0.61035664790266164,0.62258991056877011,0.56564909566774391,0.52282497143511031,0.53695302573964554,0.55046900539060883
0.6018057059824069,0.5662370214366732,0.4664880730001128,0.63042251907580171,0.58490081971856778,0.53733559678054399,0.5869428332221085,0.5140698174059245,0.4458925189727479,0.6020911895395713,0.51951975722490107,0.59147078812186693,0.72093844828372078,0.72575089895399481,0.64256351598536443,0.72646468718420831,0.71430844510463198,0.67359108639651299,0.60953279219811929,0.62233527509183695,0.61593258891904645,0.61604412821613497,0.59729543781694805,0.58586844027266805,0.57486449358842751,0.54950127130758697,0.48408971074123763,0.50029367724563401,0.5005968757843926,0.69301405364977264,0.71621275104201321,0.70606638796592414,0.66339884021032502,0.60857859666529768,0.62088912000799978,0.56423255318298171,0.5215858109116791,0.53564382660139631,0.54922847374943695
0.60018439819431113,0.56463335271143023,0.46528878493742448,0.62869717940301806,0.58323194981547311,0.53570730123853882,0.58516622752767566,0.51244121615412308,0.4443241898037722,0.60026302553066802,0.51780747586472642,0.58998545495500154,0.71890085991731589,0.72363107209564748,0.64072876162010584,0.72429981717171166,0.71212832355346312,0.67158154282665194,0.60756058973073102,0.62014850133311128,0.61416844181979369,0.61450510580289675,0.59570026141287402,0.58425655334698634,0.57331314466926775,0.54786467890147972,0.48244622462545117,0.49870293711377006,0.49905064696630491,0.69065061159298835,0.71388072374595302,0.70366625924084802,0.66102931191406389,0.60644788969424124,0.61879315873589802,0.56249658972578043,0.52024004304752769,0.53428006044993814,0.5477049175995603
0.59784687537944192,0.5621243172319258,0.4640126393356665,0.62713093617547477,0.58135482167081154,0.53363137493965462,0.58345078163488606,0.51041324655895703,0.44229847195686411,0.5982935167796164,0.51640362845575127,0.58823151715777444,0.71743722054209258,0.72231304614901426,0.63935684712190644,0.72314436007362259,0.71103213669322152,0.67048293977233531,0.60601255797310227,0.61854044101742645,0.61249895520174336,0.61283270350686003,0.59406852667455634,0.58241056730664864,0.57147732357099601,0.54563653385067923,0.48017759001956101,0.49669433032930538,0.49736744941977079,0.68920281922636517,0.71253527072656087,0.70231234013880495,0.65934264857404601,0.60517295514331804,0.61770790066489045,0.56131113991977866,0.51898510550024191,0.53280365256808282,0.54611174564595899
0.59563522227029286,0.55925937810966053,0.46198359628939428,0.62545477704201025,0.57868241840870138,0.53084538952352522,0.58121980897249081,0.50785417462850435,0.43961579861257971,0.59544836830759229,0.51418652343994775,0.58538201485133767,0.71559718469288058,0.72018087571989953,0.63737185602750213,0.72101433262535752,0.70876031361974634,0.6680182391104148,0.60339518987438456,0.61573713818643017,0.61005171240239131,0.61024592676687395,0.59131233987993992,0.57977662771616434,0.56870535144362178,0.5428563433397291,0.47724258068529274,0.49435063152997832,0.49546067534089588,0.68769952431680448,0.71071590571304466,0.70015150027780348,0.65667042468765136,0.60249449001947519,0.61500337111459846,0.55910778169577324,0.51705983336482475,0.5309073335366693,0.54430119842034663
0.59325685196102307,0.55672006473095548,0.4598079499309683,0.62332980704677554,0.57620689274238202,0.52817333014025825,0.57879898348601733,0.50520166942696609,0.43708003254885996,0.59361555155095391,0.51196035691653208,0.58310275710585213,0.71398349336265976,0.71858570699598334,0.63552988405708921,0.71956961354576332,0.70744488181927068,0.66646084047982534,0.60130554245448764,0.61385104090710751,0.60810852140280058,0.60836969723407885,0.58917886445082035,0.57749864128254735,0.56640318477206242,0.54035813532055832,0.47452579661692645,0.49159712132346112,0.49278541596334086,0.68666360698500106,0.70935026111132138,0.69880181736171076,0.6550832835151722,0.60065927719980228,0.6134810139544481,0.55716104542132883,0.51479035584751798,0.52856468339384832,0.54190104886139201
0.59071784264314731,0.55440675197621603,0.45865561379938874,0.62195739010698736,0.5745736905638622,0.52623148574629508,0.57710712682446674,0.50331319285857323,0.43501678249095271,0.59191682878941398,0.51053581869088649,0.58166289215539269,0.71319577062256223,0.71746908553982991,0.63430922647113186,0.71852864080390522,0.70636379478292555,0.66518969460173571,0.59965943384164089,0.61218989084015785,0.606650001266129,0.60702377732533574,0.58782086894166052,0.57604305976406878,0.56495693784274847,0.53836862191620882,0.47227001133870034,0.48938844323136932,0.49069989487007609,0.68665001430069927,0.70873723172121184,0.69787697291331297,0.65350548392710384,0.5991554900244469,0.61217037613311265,0.555884858667961,0.51366872691679721,0.527257792402545,0.54014481137950698
0.58831160668548932,0.55116045067512909,0.45618266462255574,0.61972314505946213,0.57151323365543416,0.5227538982225054,0.57437064031084584,0.49991926619267063,0.43169119727111349,0.58988045006897749,0.50810161138133736,0.57872911846514752,0.71192583434712697,0.71598119164641749,0.632284666794377,0.71722126116091522,0.70495005817163681,0.66334533229109549,0.59759959887403402,0.61018159132265004,0.60480769919254207,0.60501425471497394,0.58534740225424264,0.5732365497150036,0.56198901083611219,0.53515735132396147,0.46877441990035928,0.48629083496065145,0.48800066766273109,0.68593434008345877,0.70779933877872958,0.69694807638976763,0.65179039073379708,0.5971390975577251,0.61027040660430365,0.55377021961043715,0.51128704798875335,0.5246322019827917,0.53725080905631073
0.58650022112818045,0.54887297608755115,0.45364727011305755,0.61793685684152133,0.56932634305525509,0.52026295808050516,0.57220676554593553,0.4972584820000443,0.42917026883629605,0.58787336348247954,0.50576789684084789,0.57689166478595078,0.71096155078099688,0.7149801735434862,0.63047219740742455,0.71625258577775863,0.70385058477552331,0.66177090638629699,0.59544814245820399,0.60785442204637885,0.60350335645397313,0.60374219494687165,0.58377027012695037,0.5714079325132021,0.56010627598397922,0.53294194031088982,0.46624493017658064,0.48374157993819072,0.48554863222803213,0.68673626882381011,0.70808936313413517,0.69686626680776453,0.65015967728549551,0.5948513519958466,0.60840753063041497,0.55148582454948447,0.50893029197172868,0.52219425966604782,0.53495124625221557
0.58452394842243705,0.54676701784825588,0.45209611356837959,0.61684691481983855,0.5674617147838581,0.51825591046348674,0.5703216475830214,0.49529213368915453,0.42721611159411588,0.58969685007116268,0.50407387414456706,0.57500325203389069,0.71021675436912934,0.71397441556609154,0.62914553681048657,0.71555575344600075,0.70326682408041286,0.66076365990485797,0.59648767651059331,0.6094457845269845,0.60177414464316137,0.6027236141597283,0.58182477419261758,0.5693715957163844,0.5579890127834366,0.53074429548453039,0.46415446733338173,0.48187215968692071,0.48379305114857046,0.68682970216363881,0.70803171119466601,0.69741034732657703,0.65150694610946025,0.59487990301103033,0.60757050451656303,0.55013212013424384,0.50747993474761344,0.52095023738441992,0.53344119929709155
0.58193584692397737,0.54393868702849946,0.44993389429342384,0.61516413124535751,0.56503687422896787,0.51575112566805981,0.5682076688852723,0.4929540256888626,0.42483706230062235,0.58798414463820869,0.50192406273053725,0.57268843711357353,0.70922069207311844,0.71270112851596512,0.6274562615337721,0.71439664364991218,0.70212404911066317,0.6591437818300443,0.59452786471014329,0.60775112676666521,0.59999076386048544,0.60094766721007675,0.57967706287353293,0.56703542976016108,0.55566378984229248,0.52817771611089048,0.46149371078435042,0.47927962037378491,0.48132696234948602,0.68614364675135242,0.70719364838906995,0.69644038518652795,0.65022615560067076,0.59310551934151989,0.60583927239219726,0.54817459498680754,0.50539096785883952,0.51882747615987346,0.53137392029161346
0.57928072293260302,0.54092302396778047,0.44713944647566145,0.61269245688632534,0.56178889921937714,0.51242574467757929,0.5652238536622215,0.48972235776743439,0.42170663002850328,0.58489991159101096,0.4990248954593452,0.5694262336254482,0.70718972637400068,0.71049347565460574,0.62487389126620907,0.71216684977770928,0.70002315246865277,0.65655934151257833,0.59135895212983591,0.60466302759445434,0.59718052155601298,0.59803085653612631,0.57657188572939688,0.56385833328969959,0.55241988905555472,0.5248734601832632,0.45814689358362781,0.47614428430944516,0.47835805926102587,0.68509707657110896,0.70572845044663246,0.6949457102576625,0.64770471024627962,0.59015013961443741,0.60315356844724266,0.54534940523484465,0.50255597892186543,0.51609049216288316,0.52896012833531802
0.57645068908350516,0.53827037297290015,0.44467314353605691,0.61001502409945108,0.55821781504850376,0.50907157076933163,0.56241670365215213,0.48689571929851505,0.41902701301635753,0.5821793833295138,0.49636318981237704,0.56561906625447389,0.70593461136263236,0.70906536765179851,0.62267403207095617,0.7108166518620862,0.69870322860552347,0.65535627248715389,0.59027151653533316,0.60316368822572564,0.59374065479393523,0.59463937157864544,0.57282928935810917,0.56013492341449966,0.54860542568630966,0.52173287850310968,0.45535769918056113,0.47348957117836288,0.47582442268833786,0.68724595854005366,0.70644817168987628,0.69433471566763216,0.64555355514291179,0.58926462473975594,0.60316139453955875,0.54371998782061726,0.49976799163780322,0.51310269053160373,0.52619221916250247
0.57446722674539652,0.53551281391963179,0.44266195380504536,0.6081972488069588,0.55538201919049079,0.50596201232644922,0.56024604990565641,0.48410898947366576,0.41612376052546196,0.58028885364743543,0.49443350808893799,0.56277750361099588,0.70503481876476037,0.70805862479031023,0.6213222408321859,0.7098809527035731,0.697801868659786,0.65402371336844178,0.5884121993052327,0.60152270679471986,0.59143894010116238,0.5924621631157726,0.57006346096705907,0.55699101867011591,0.54548039345773958,0.51866018653968804,0.45228092047320712,0.47092429164259547,0.47355771190937401,0.68770893032198044,0.7062636751765079,0.69412684605370345,0.64419568829837892,0.58770836265846982,0.60188345777866847,0.54209948211159309,0.49780830327366615,0.51081322108546434,0.52342618216767645
0.5721134000163014,0.53307308602083869,0.44048027156162328,0.60619958771742188,0.55307177634430615,0.50352476066268204,0.55812233649380683,0.48181757551203419,0.41387407751013688,0.57904902928131285,0.49244823783839109,0.56076384863120987,0.7041263492371086,0.70706219782075463,0.61963295101381854,0.70898283430334597,0.69677236878589632,0.65264983203316884,0.58683972878520951,0.60030981708561248,0.59016487028628639,0.59107637475315766,0.56850149464394895,0.55543649240194404,0.54357033553216461,0.5163526195824123,0.4498219140151849,0.46852850055998757,0.47120204788201747,0.68710688896535388,0.70559780682377826,0.69328733250850438,0.64322126513040767,0.58628381474267977,0.60052079771826816,0.5403007019843179,0.49541891696098894,0.50829194520753396,0.52096743558963554
0.56969829439492281,0.53038946632922401,0.43904986063493601,0.60467461660757127,0.55071499085879416,0.50115693540878126,0.55583939591366471,0.47957124872538637,0.41164933549826099,0.5768899819263944,0.49073172790806546,0.55856290586511492,0.70347368389376441,0.70574230748072908,0.61822481779984018,0.70759978588219818,0.69535657263828976,0.65104038760846605,0.58469745611712309,0.59819986514019741,0.58805306801205293,0.58890483793017012,0.56635315192529989,0.55338486393330655,0.54151808345491881,0.51411316622000025,0.44737382910027035,0.46622389818832621,0.46913240948114132,0.68641234891100911,0.70483150510647297,0.69231267207025737,0.64138812104955634,0.58438015170738589,0.59894656504322563,0.53885343919534245,0.49403729452375489,0.50678914036544542,0.51911119226328462
0.56672581694492485,0.52788062978932848,0.43731455948230191,0.60311960752599847,0.54837030194266856,0.4987893638626722,0.55376795225428699,0.47724780318045495,0.40941585573016981,0.57520632580944486,0.48915448083126128,0.55635456993468813,0.7023699679683213,0.70459727719294929,0.61689018010935737,0.70642027505583316,0.69410133269894014,0.64971212193275651,0.58307887563378502,0.59677897981966221,0.58624102922894306,0.58707226485882569,0.5643990508553649,0.55121996125516781,0.53932446396681144,0.51159298455200897,0.44499413590122738,0.46394660193602782,0.46689008807048488,0.68553963179218147,0.70372788868662783,0.69120591523199282,0.64013102474856054,0.58294429102557643,0.59768303284014546,0.53736833635465342,0.49232251651207709,0.50494859105032841,0.51715931117250469
0.56907539514090788,0.52892075517602288,0.43608196020937368,0.60111312896341396,0.54753939866639112,0.49771412958738376,0.55466950805218407,0.47670770327786632,0.4081978071408649,0.5738895836809158,0.48810912628670389,0.55488130012121639,0.70067005048570441,0.70296493667144155,0.61509959904601219,0.70481111989059664,0.69231831368657015,0.64815931336682731,0.58175757424259111,0.59542380956617313,0.58479981580324081,0.58541931161911065,0.5627139224472355,0.54949023387465235,0.53761219580115016,0.51058057561499925,0.44418581698904591,0.46367478248997168,0.46594471049589881,0.68391836689514529,0.70230960441615475,0.68960897618041794,0.63868356946014904,0.58145096239906502,0.59601117084374766,0.53588060022453032,0.49075144909311419,0.50326902229872061,0.51555000055289335
0.5691190681476721,0.52798733215125027,0.43419205577028036,0.59900806749191415,0.54611505579674968,0.49621438718643784,0.55280942682281875,0.47507751496036776,0.40670072086983,0.57143456303485896,0.48598991315528201,0.55316975385646294,0.69830601423846084,0.70026859506889672,0.61261809778619392,0.70224458576001481,0.68969583627442832,0.64542426038945433,0.5794759239421845,0.59244961209807045,0.58325018901211545,0.58338115209208807,0.56083840492103354,0.54766543748970475,0.53589154820231211,0.50933655197047112,0.44278108370049202,0.46247840808327451,0.4647146582277315,0.68085740308885812,0.69947983722124796,0.68656414971790303,0.63555061745046082,0.57850771853735439,0.59282888734603889,0.53337424799171462,0.48849955232996595,0.50127841659662375,0.51362213269097312
0.56690903690569605,0.52551471704699837,0.4328818767835837,0.59701183479986086,0.5437709270064166,0.49375741939264428,0.55067094872755884,0.47291108539979954,0.40469692919463818,0.56883021585461369,0.48392894666659342,0.5509812959155741,0.69651149279289692,0.69783110166464957,0.61033825276013554,0.69977731447948588,0.6870982641791934,0.64289724625534073,0.57747389479073941,0.58983862019851219,0.58138057792462239,0.58136950073800064,0.55879132836098733,0.54557659577866746,0.53372358238835294,0.5069307009573456,0.4405106381097324,0.46050137605419272,0.46293763017141915,0.67829794303268609,0.69689237092860845,0.68397225769547554,0.63267587373512735,0.57566706046656835,0.58992656801190024,0.53115569110694549,0.48665785887387319,0.4998758686608587,0.51177187160055904
0.56428878357576906,0.52275984181910917,0.43161990420860169,0.59545124427747453,0.54125828434390355,0.49110981886831911,0.54877173163446147,0.47071078557284635,0.40243030270418018,0.56702427670310707,0.48226275079827186,0.54872759491548073,0.69526475271098942,0.69636648888532371,0.60865409579007279,0.69842113381291249,0.68551772557027446,0.64088412653919991,0.57577538495592206,0.58773156009141403,0.57958700816824227,0.57981829374501392,0.55663504149207899,0.54311276992553215,0.53116591630659393,0.5041480083869746,0.43802589543146092,0.45817307944119068,0.46079855321953661,0.67746808497176936,0.69578223140197604,0.68277762426619604,0.63071293214233259,0.57332320159017636,0.5876196092487469,0.5292233990986871,0.48517110075886072,0.49838536532478112,0.50989989083188891
0.58933669845558889,0.58896065767017403,0.53133762334543277,0.65976446869647154,0.60948735974442803,0.58128361449956889,0.61739850518684047,0.57105007355454696,0.50731301427899522,0.58572215513983517,0.54434521406454395,0.60945652116764049,0.71657935438222642,0.71675504388485933,0.64928626721476945,0.71718014708040645,0.70477038654523627,0.66491809408527958,0.6018339161650359,0.60797429094382427,0.6249538919821771,0.61121410772801166,0.61093447013116775,0.62106980491967478,0.61228831032840891,0.6095535243804675,0.53235383594368113,0.50765450024260528,0.50584201873559198,0.68992165119533344,0.71019016121321965,0.697916074904537,0.65051649007225987,0.59768979221503082,0.61286325844594114,0.57092681667008582,0.56723358943058411,0.58392288298132622,0.59183276542523322
0.60059822521858153,0.60532648926754573,0.53542335222599846,0.66348158226829113,0.6204749013702342,0.5930799251519675,0.62536822232985334,0.58137149282216039,0.52157974976389798,0.60161753986594591,0.55176922483465807,0.62099229189459926,0.72562371538454451,0.72543109062695565,0.65613503716911048,0.72590070068957535,0.71380160423378824,0.6740342463229746,0.61457384288902817,0.62218032239519483,0.64023689371798054,0.62386173369941444,0.62386876491961496,0.63481798275358736,0.62546882923162395,0.62388492821696928,0.54772423833108064,0.52197868881279419,0.52181509801972292,0.69559196418921898,0.71784906168367812,0.70727504665471752,0.66290064050711606,0.60930138171633286,0.62187643470043608,0.57870734516778111,0.57124461165662299,0.58599660620394345,0.59651928376414654
0.59919762405202337,0.60391543409428539,0.53428255251171919,0.66259721846935304,0.61906472009445324,0.591835708013847,0.62410807943667945,0.58009374323806262,0.52028566089349948,0.60040503898254849,0.55059681368132307,0.61957897284200703,0.72522026577236964,0.72474402566531726,0.65520172147393718,0.7253258410082748,0.71313752875695458,0.67320067662797611,0.6134006188825234,0.62107011434635906,0.63906888280856611,0.62277856674324117,0.62260946021401686,0.63347560069618647,0.62408073592707991,0.62261865904775715,0.54646952060044618,0.52067124157617051,0.52064114906216175,0.6951809731012113,0.7175225840970596,0.70675884431068903,0.66198660209437399,0.60828830780260468,0.62092071752926659,0.5776897023087505,0.57010431624194069,0.58489423337396151,0.59534963524048112
0.59704426176050418,0.60161341692260073,0.53285320969111249,0.66123638901202575,0.61734148285529833,0.59004627897128148,0.62272748902503738,0.57842199252171855,0.51864232449719172,0.59906374046017374,0.54936482534279696,0.61786958621070331,0.72392999297868343,0.72330979269504803,0.65395229416375278,0.72410688519271815,0.71196241250562242,0.67185773864356468,0.61207250187558693,0.62000781668196148,0.63723641450653701,0.62103942195581485,0.620755094955461,0.63189824002419226,0.62245434179244918,0.62070524557734719,0.54442071322326269,0.51878437759776752,0.51882514895700182,0.69413194088010288,0.71646407176741,0.70568103378342018,0.66085419524651201,0.60704152326013849,0.61972235087513694,0.57653850391850303,0.56875568097405615,0.58324170146413179,0.59386169954620205
0.59422912068656786,0.59843814665043416,0.53096959701163648,0.65954629095614548,0.61444938885845468,0.58687470688734722,0.62025858400585721,0.57542880984009859,0.51542943943735131,0.59727992492759086,0.54763397059490349,0.6151491926897068,0.72353398064825791,0.72162167989461579,0.65237028473554903,0.72271192113016991,0.71039302289535222,0.67013482981601902,0.61016931761175119,0.61838160795081432,0.63466559044613269,0.61847134531729042,0.61823566132770624,0.62921686783937791,0.61972545097198706,0.6173155427004785,0.54103223923005894,0.51584761383324074,0.51604605283066696,0.69883621211073244,0.71810135304132705,0.70664141236355682,0.65946205872835961,0.60536069433574935,0.61795597113510892,0.57513098527049156,0.56718601821559744,0.58233628683585636,0.59224061632185665
0.5912839322154565,0.5948796697240416,0.52823326069101051,0.65744997803527916,0.61169059755793442,0.5838191664910195,0.61805589374296677,0.57226035444402157,0.51193408549859398,0.59871069889573869,0.5455856512757995,0.61252701404554766,0.72422054301018512,0.72161216776689074,0.65098942792987546,0.72303780663502837,0.71079812826278821,0.6699013456218158,0.60964992533702833,0.62012948558028402,0.63284586518141051,0.61728124043886945,0.61575483594536284,0.62639586153293125,0.61684864784431903,0.61415976099521952,0.53727319455130973,0.51255028206157593,0.51292997138187246,0.70448489995276065,0.72146542978308603,0.70964119264318548,0.66436889378526442,0.60574453539580742,0.61800343490086329,0.57385273265805192,0.56475221321010471,0.57957870420805768,0.58929889229561216
0.5890521878510695,0.59226399940587671,0.52607487080004278,0.65564150168853796,0.60957553035833345,0.58159320310062845,0.61632165441986286,0.57001336209161679,0.5093883906457265,0.60015196381679192,0.54396902363444233,0.61061754320657258,0.72586096041092674,0.72250546457225373,0.649829365675613,0.72381270982044443,0.71143148904557352,0.66971242440240253,0.60838788840325064,0.62069302236415713,0.63142504613952688,0.61594017975000481,0.61399537986690433,0.62441234612088758,0.61473548704010927,0.61176841480650446,0.53445546046192727,0.50979302126230197,0.51031102854108756,0.71596652257350901,0.72896347424513608,0.71738370331330259,0.67087953371307207,0.60515543202295963,0.61741656714034099,0.57251591429315896,0.5626994257291289,0.57719242658810288,0.58685984601954433
0.58804887543483331,0.5942153201779139,0.55718732227702616,0.68796801425513676,0.63953440981533505,0.60524781891692292,0.64611056099183095,0.59230476477424054,0.52965821052397699,0.6634167080624781,0.57908771988196428,0.64666338288527325,0.77090896298186717,0.76570604868972236,0.68977667368156359,0.76891584589062079,0.75943910048711205,0.71811537572224615,0.66174097759342765,0.68478443049996851,0.67305338202076004,0.66375396479725535,0.65049718749188123,0.65008954231238958,0.64018961979167699,0.62328921772436585,0.54684640952565977,0.51120004822609821,0.50875666939054875,0.75719733157691049,0.77289951366822807,0.76533494776067934,0.72984383747444215,0.65947363873331666,0.66338482401946663,0.61378166905948062,0.59331957563852333,0.61236805113332271,0.60502699256702275
0.59830915712616006,0.61763914751161308,0.5583811747057873,0.6880718218548082,0.6442860706430581,0.61793415800376983,0.64828750168366467,0.60592852258933139,0.55230678686086099,0.66255131291187819,0.57968397689185036,0.64966406463471593,0.77010435172444802,0.76481519909627016,0.68926983279226861,0.76805275897090919,0.75852497360447824,0.71717046533659645,0.66093614505196985,0.68382089825098347,0.67702210683174502,0.66434088182535522,0.65475159666290172,0.65801518149858584,0.64830387298027747,0.64215710246959756,0.56939552830695417,0.52664076638246871,0.52440254310171608,0.75635182193010186,0.77205537052271855,0.76442403193652753,0.72881617357845851,0.65860172673367612,0.66252217703005034,0.61364470274085159,0.59415635621095708,0.61238624572496347,0.60567437939405877
0.60435779687483882,0.62469964901099617,0.5850995153560461,0.72803251858226692,0.65367706213780663,0.62798108042608536,0.6626359255629839,0.62019508379897126,0.56308914607032712,0.68369339547290453,0.59930807971225897,0.6587778198171077,0.80210839629036634,0.79445458027534088,0.72043992563875081,0.79546995706646551,0.78680762886340794,0.74687170214802701,0.68170616793382699,0.71040866190907614,0.68423538799678774,0.6754298764062362,0.66302389934518235,0.6640012892985544,0.65437127010319585,0.64781605456084579,0.57944129516443899,0.53958105220250518,0.53881151031235575,0.78994474989479324,0.80282050062580967,0.79480831363982685,0.75614070208752748,0.68583355977239002,0.69208508591875806,0.64173203515975286,0.62674353648341685,0.65448129546586598,0.65470202270411804
0.66847044135739453,0.68524551059063776,0.64362962276924052,0.75934611153641696,0.70598308378018704,0.68271980482100936,0.71884277494341398,0.68087953179616789,0.62036995943836526,0.72202564270466696,0.65776999589737217,0.70964411361366453,0.82420922891363879,0.81903909887119419,0.75674623702397825,0.81840403565377462,0.80937290528080097,0.77465504647149475,0.72290234856243907,0.74424086885291574,0.73205442536098575,0.7219502386526333,0.71170198778923266,0.71301073353130007,0.70515572830226869,0.70138052324879663,0.6413533624948915,0.60926001754596293,0.6061506241622272,0.81423125923500761,0.82484363605943345,0.81679479518991882,0.78431187304502692,0.72142073701499987,0.72513113427322662,0.68831715826939921,0.67621587544700956,0.69378699105751462,0.68678874277518009
0.67716948343364414,0.69085607171403796,0.64226380340231126,0.75764431428779999,0.70562141435612669,0.68474418998946918,0.71773412313614904,0.68369104976251815,0.62718379933176849,0.72079933558040576,0.65626584307112668,0.70856301476132832,0.82326641643006815,0.81804020318056681,0.7550816400847149,0.81740581663775647,0.80817363614467252,0.77303722932774499,0.72161081701194563,0.74295815042594837,0.73117855724212755,0.72074478103517237,0.71078896229014188,0.71240726557108613,0.70471680870208675,0.70405243587166377,0.64698365125047563,0.61574125112378575,0.61221387127035998,0.81349913011732666,0.82402716342170867,0.81579793803935763,0.7832234776462822,0.7198113060960194,0.72321886620263609,0.68646741424691815,0.67458709236391334,0.6919334146812558,0.68500137839251163
0.67382799893691381,0.68750952881637373,0.63890032712677747,0.75416827525476771,0.7030387368541583,0.6815147790410736,0.71485627955446263,0.67982382910582384,0.62344644220414114,0.71769285517099446,0.65327001375605087,0.70631374396385416,0.82022889748106842,0.81534127738430351,0.75183615689434824,0.81500339043576298,0.80554030127669429,0.77045997328731286,0.71863195783266176,0.74000042822530787,0.72902310765162892,0.7186423584154632,0.70872028724673064,0.71013150226176636,0.70244665958154928,0.70128048411929289,0.64327281573834272,0.61207099017924027,0.6087748486722937,0.81135411596929008,0.82217053347907143,0.81387756379253717,0.78039915337928512,0.71691038800416051,0.72035741370070749,0.6836410991352897,0.67138525569908925,0.68841726098425715,0.68122091380136252
0.67009066532411332,0.68358289682797868,0.63546466721354089,0.75021384783578793,0.69895711424782669,0.67729251169365101,0.71081073251329585,0.67569510223214146,0.61949557032166813,0.71367358578649565,0.64958642515669784,0.70228376135819504,0.8163657689871795,0.8116472810099189,0.74805095205373129,0.81150137523974752,0.80196380211546414,0.76682060918572004,0.71474034229969996,0.73604672636240032,0.72502117747718087,0.71469113080292157,0.70473509985814531,0.70610190025985586,0.69838771937147193,0.69722089424209832,0.6392808406293452,0.60835889585425473,0.60518821304034198,0.8076383558153436,0.81851037493179568,0.81030382054981587,0.77655614765756353,0.71313652255275728,0.7166329243387165,0.68002304059570606,0.66790144862462131,0.68467318107935649,0.6772338413833161
0.66511088076642544,0.67865814748861275,0.63139430230497529,0.74572760571476149,0.69392537407484234,0.67205348639313212,0.70591518709393464,0.67049078377046623,0.61444807637059407,0.70915316198448808,0.64531321611915993,0.69765505345720702,0.81233082681318569,0.80734911361614758,0.74366109960544324,0.80729214874102517,0.79764360690341929,0.76245129448566262,0.71021615739329269,0.73140072317994187,0.72367491809736728,0.71088122610340077,0.70150440849978957,0.7026422430267435,0.69443724068066048,0.69203324495817553,0.63421170885793854,0.60340364491250675,0.60027164486109452,0.80328543965009469,0.81417854962775504,0.80582477759518067,0.77185737454796377,0.7086802930924283,0.71224507645863488,0.675811183990918,0.66381567696120969,0.68029778625989612,0.67261129069084302
0.67063898155889923,0.68648301580836679,0.63110537876347483,0.74491135467438419,0.70355903604144265,0.68046074281293356,0.71557548437815144,0.67986822020763726,0.62020393922961092,0.7095079155523808,0.65018178194119525,0.70924890173193134,0.81154839180644689,0.80648044073685143,0.74256624349086453,0.80603836825018238,0.79621932671737028,0.7611502847453927,0.71147894681452706,0.72987687711507621,0.73290484129673317,0.71852119872454223,0.71002697469835319,0.71048025407876547,0.70245754121098869,0.69820409137261097,0.64199729680066486,0.6094886056387997,0.60526493060150843,0.80146424660395377,0.81254354380708271,0.80421120260042744,0.76969895272519118,0.70778999480749294,0.71109195775549217,0.67493957724085185,0.66293120637009106,0.67895568725740318,0.67145320439097278
0.67799964378522115,0.70229990699201816,0.64132941217217576,0.74641695511289119,0.74773915449745565,0.72078505006714744,0.75760040133275774,0.72070287045323511,0.66058072530049228,0.73884819411647562,0.67800736958383345,0.75748162126192575,0.81635818208235644,0.81195477806241934,0.74819752198309608,0.81207900012746337,0.80281467996703071,0.76965837583685226,0.74000467041159923,0.74704361785190088,0.79405730783090389,0.77992065691378731,0.76364202796776093,0.75371505086588519,0.74589380436918951,0.72714218798705277,0.67355311856498878,0.62960531759663152,0.62435123486138455,0.81017604242896624,0.81962120519275972,0.81210877960896044,0.77999036082674111,0.7247052326840403,0.72491724779921074,0.68651938473007645,0.66898649212458017,0.67951456478027883,0.67120862974107875
0.68394971895943912,0.70447769883377476,0.63931029628053382,0.74364913207228533,0.74670866930220225,0.71991462968349629,0.75656401748985691,0.71971414773635045,0.65965878602507655,0.73833718781414592,0.6765327698653637,0.75668796388409998,0.81548150819054765,0.81074263740990204,0.74575623092660337,0.81077347273177036,0.80129189554193758,0.76824348010299504,0.73880716199317487,0.74593791139500232,0.79339273033623503,0.77901607355823976,0.76294403510024011,0.75353216027917291,0.74561947065081813,0.72663623007202716,0.6728753429141735,0.62990150391320832,0.6233425740320121,0.81605360186107523,0.82127456385640452,0.81227956459382866,0.77904657935878718,0.72344901368185299,0.72329154741659585,0.68461410110344045,0.66629497856813125,0.67656208885157554,0.66808504633226984
0.68185615941848843,0.7024383913033253,0.63719093107053892,0.74512422003086576,0.7464227503110189,0.71860520459266553,0.75610963061166392,0.71761704686059336,0.65753871366305217,0.75586443155436656,0.67675205914179459,0.75656028647645179,0.82434407019255185,0.8190085204319949,0.75007537324793394,0.81405207738259977,0.80267086395374099,0.76910009625501796,0.74738317904530616,0.7540764812187124,0.79808250652847423,0.78395179898125311,0.76561717619800207,0.75414532371180265,0.74581595292470693,0.724505279190375,0.67070872436170059,0.62780740745537467,0.6211986857118118,0.82369801028186773,0.82778483279368575,0.82127227638897737,0.78669778816211744,0.72843048017277556,0.72635564466275504,0.68634757634478516,0.66494067242225796,0.67470816515589116,0.6656913520346065
0.67866550680813098,0.69992524505933318,0.64262058864568872,0.74371484091065132,0.75011097798520499,0.71881142296583489,0.75555113023576204,0.71494751816640123,0.65418168914012709,0.75425272129676801,0.67582164808708234,0.76436960121952491,0.82292454992583797,0.81735151110343873,0.74880252478871012,0.81249444489558675,0.80104026783776128,0.76717575135300264,0.74575905915584861,0.75252075220453185,0.79860969373549595,0.78644324169803725,0.76913917348781569,0.75845664879609032,0.75070096663427277,0.72615353863636101,0.66764311330120174,0.6247383767295468,0.61824726394947505,0.82237549123734055,0.82625795860544016,0.81963740752949166,0.78539095172425522,0.72665310144152295,0.72456495181724179,0.68551982972561332,0.66640079689373721,0.67301737414219809,0.66356446363268207
0.67441119434603092,0.69495573472237704,0.63915116789867499,0.74038513409094575,0.74562866442787212,0.71387341662641313,0.7516457635939966,0.71034496995315022,0.64948072128732259,0.75119870305966341,0.67235032322892019,0.76052960584197116,0.81973889054645788,0.8141267085591799,0.74544934700264021,0.8092462342990937,0.79718566305770244,0.76363329788958123,0.74249044220708094,0.74894683899505499,0.79541234178045417,0.78341983342412147,0.76564876434195517,0.75465160061407255,0.74677461045341065,0.72149358218603332,0.6626469000269215,0.62045238654290358,0.61462971428699775,0.81970914687396901,0.82323326444980849,0.81644198394800671,0.78184863938642135,0.72306412159950217,0.72098162412881128,0.68208878950707408,0.66303054542052697,0.66934900503363781,0.66046979019229668
0.66970079720896536,0.68951860206741211,0.63525908736997572,0.73646027470679809,0.74092596626055807,0.70859759608861028,0.7471964581370566,0.70492787930746215,0.64390955775678282,0.74694148195545773,0.66829451699499021,0.75605376951276004,0.81726895941003563,0.81074968746815224,0.74179868508404223,0.80606135422517433,0.79390598609195473,0.75983877514240006,0.73816634508758527,0.74430984563644953,0.79116529479700382,0.7791278840893513,0.76127295688887764,0.75023876033699832,0.74226387419124462,0.71613957436471942,0.65706381376842871,0.61592077756334318,0.61063599108398303,0.81615585780655275,0.81970300826847242,0.81276521511399014,0.77723594041473087,0.71853580346239887,0.71697005420007565,0.67831976687775919,0.65915039856460722,0.66513330701930506,0.65627706676369846
0.66732130344971097,0.68564456270098928,0.63322689369828367,0.7361222380300948,0.73687763562031316,0.70458021220605771,0.74444791730252691,0.70268167118184433,0.63989651987033169,0.75712832660482732,0.6675268986836923,0.75208756712496505,0.82103515353499612,0.81345250801489044,0.74277118836085432,0.80876326429121714,0.79638656342568359,0.76215981423156109,0.74312308176626829,0.75117671742379177,0.78903442268284818,0.77823417983070797,0.75859965312937438,0.74627603492814887,0.73810422019138111,0.71102272914772702,0.65320582608014666,0.61473411626248342,0.61079645932949567,0.81781100593702594,0.82071921751678867,0.81334085441271642,0.78371717410436681,0.72215986439013424,0.71849889495581531,0.67808520510841108,0.65697295790396448,0.66341312353008564,0.65563923613864394
0.67651384311872409,0.6924798920573918,0.64216806393362325,0.74237555784766696,0.74019336106080225,0.70853073767291286,0.74834854585742705,0.70777477851197756,0.64547057165532407,0.75627457476340887,0.67120866443125826,0.75484443044220717,0.82186426163097681,0.81371976374194754,0.74467233341885619,0.81005539299548479,0.79818423419070306,0.76356065187234956,0.74318832406941526,0.75042422283321353,0.78967323447395221,0.77929899610693276,0.76040147363233834,0.74938036205375236,0.74163674129179824,0.71676428292249339,0.65971797754010131,0.6257917819640314,0.62371815361877403,0.821390457496877,0.82298786645042854,0.81482660530562956,0.783559450861817,0.72166481648520919,0.71782320332869287,0.67944796382061445,0.66498239123362601,0.67616703581170712,0.66548632961286036
0.67825644007010444,0.69258294943794951,0.64073806877397255,0.74147178856659335,0.73908406617112365,0.70685414834059945,0.74779917284786679,0.70592032946850469,0.64340854971970673,0.75473571467594758,0.67054473969630712,0.75375593179560041,0.82184993882897017,0.81382918523835046,0.74414514295471157,0.81032825234878014,0.79847543370064322,0.76398785236502742,0.74208168943563979,0.74929003807894234,0.7883850676559202,0.7780546479511804,0.75884163531192184,0.74771184781995947,0.74006694035473752,0.71560088869639227,0.65816006480585731,0.62492661410946271,0.62270342011064117,0.82092123988216958,0.82278939299690146,0.81458322243687731,0.78241275206219962,0.72135538897547657,0.71893917730815038,0.67934250615156633,0.6635442347536864,0.6748702263664158,0.66387750611352081
0.67634059713114125,0.6905790733946463,0.63909788614329266,0.74094304743017492,0.73686020943946373,0.704444957004975,0.74598962555975734,0.70365199371575504,0.64103018558696201,0.75437865560582684,0.66902317863300664,0.75196454017920089,0.8211638550300917,0.81262598165057831,0.74310106924134589,0.80908749473593389,0.79733531746097119,0.76263470389617061,0.74020078053563865,0.747796460992597,0.78778989081998008,0.77792812499459985,0.75763229958881217,0.74546933642439328,0.73822675330808163,0.71352018776771353,0.65574494773341996,0.62283876521673887,0.62058154197038151,0.81989632184938288,0.82177270786427026,0.813572989960615,0.78101768892897105,0.71963358523007803,0.71755736346954346,0.67847264085594217,0.66242396653240498,0.67342138574231958,0.66244162149619745
0.67396629334253344,0.6877208954419024,0.63804026226148858,0.74090928082290253,0.73527096340981224,0.70228256574147996,0.74480408664841624,0.7015847916023672,0.63829263796235125,0.75596267705629483,0.66879937472369089,0.75068657803415861,0.82127131088576033,0.8126629739435357,0.74331769060540953,0.80980990619303428,0.7983389793863177,0.76367916782015399,0.74097759043230116,0.74876944454646188,0.78714670292530187,0.77797364503342537,0.75686067219876585,0.74418609404766056,0.73692448431420177,0.7110469690007698,0.65282318683659457,0.62025919362698523,0.61807276221770824,0.81961128581750864,0.82171634010865591,0.81334757030590843,0.78126586837221901,0.72035366854560967,0.71834469432931669,0.67882856197631358,0.66178442936489945,0.67311252872015626,0.66234373671007019
0.67074728160054298,0.68442650406484951,0.63648832981965919,0.73906749825284268,0.73259134985477636,0.69988127612408224,0.7429234232125852,0.69942738492016154,0.63569145432448826,0.75435562229316899,0.66735512145641751,0.74875586979526187,0.81935230258677672,0.8110878502473351,0.74180970245325761,0.80858034970516046,0.79708452957163545,0.76256102630173961,0.73948545485641393,0.7475558924745791,0.78534122004020601,0.77630959867817872,0.75501983284829666,0.74213278271584826,0.73487483727977332,0.70842422874755751,0.64996254085803773,0.61778283030282666,0.61605359885557687,0.81731069734261452,0.81992676300424527,0.81150650863119145,0.77971940399001782,0.71971815674837425,0.7183910191252908,0.67798914321862369,0.66011454635512223,0.67117386260588929,0.66024592679298155
0.66822007299556474,0.68113944820160466,0.63517700333607607,0.73743095477547471,0.73011284500665607,0.69724693672863214,0.74116201124375214,0.69692216994725165,0.63237568680847844,0.75314923640901121,0.66587243385114459,0.74610208781649623,0.81835650992876441,0.8095361431146888,0.74042625393716821,0.80754031239507573,0.79619296488567026,0.76103341655703782,0.73784414657063346,0.7468827315304698,0.78166989816104804,0.77280109166115474,0.75156633203944279,0.73830017591068353,0.73144802697270972,0.70510154471226838,0.64657034080658493,0.61516032870483517,0.61388678052311152,0.81658099204533763,0.8192065862713831,0.81078524958203391,0.77882071984293777,0.71842983945988248,0.71740968659556414,0.67665698407875552,0.65896746566328279,0.67065905687325256,0.65819909698711687
0.66399138399009949,0.67568256019529715,0.63171191496522483,0.73469862784686246,0.72490936567008046,0.69212576318807939,0.73758862924660673,0.69239974427819528,0.62704716106147507,0.74944197022515813,0.66234287138673431,0.74067182602979809,0.81713650507297131,0.80797096555158254,0.73800612495764673,0.80603543616036388,0.79474280690859778,0.75856301840138551,0.73419334621091414,0.74402466211714935,0.77683850825490997,0.76814638392969925,0.74626714781865033,0.73292370897721837,0.72567632881614774,0.69929833379896356,0.64088550170371605,0.61064556040478346,0.60993561949238195,0.81532106775870139,0.81813726170298517,0.80935715488539517,0.77705438302488439,0.71556541602617429,0.71472525940612053,0.67396434428126994,0.65574491450172123,0.66754153396567451,0.65570585798249936
0.66553537472755153,0.68685484634344385,0.64390617492797386,0.74762530355187284,0.7299691226233741,0.70240826342901241,0.74060813783651003,0.70650824734953932,0.64410366725689061,0.74699178436628511,0.66754272429263473,0.7448374860388689,0.81820088341127706,0.80872124277157909,0.74366481929836403,0.80990115975254973,0.80099077253147544,0.76500297074753731,0.73357507532979582,0.74344034511479185,0.77945433508857109,0.76883865974743304,0.74940985579183428,0.73808765310290403,0.73126037638220165,0.71122167566951511,0.65553337270816425,0.61473903654733453,0.61016392971505617,0.81306723592177821,0.81769252172756457,0.80877232475159699,0.77595665738595909,0.71726536889553838,0.71826837621019402,0.67889002422714395,0.66920839082034789,0.68687708071814524,0.67302061545140501
0.66461025959990072,0.68605085338036265,0.64339716086604681,0.74849984450223384,0.73196618601395225,0.70246002897639981,0.74228826279656213,0.70614174441406219,0.64327457546287592,0.76725140330685715,0.67277517790600683,0.74831689884703623,0.82420318745867638,0.81460818772232146,0.74795472989797895,0.81796967927505571,0.80977032479663658,0.77397159833793316,0.74815839246704252,0.76148271304083859,0.79235615163508599,0.78009806489658839,0.75693653040767017,0.74291073513106431,0.73507961963024193,0.71067862825154882,0.65475264251385934,0.61385299225710765,0.60943546958351269,0.8313454688735944,0.83013051688169381,0.82108084187860908,0.79343821692350414,0.73058545344104819,0.72782122772550872,0.68635594159446012,0.66965440068112625,0.68607597894829941,0.67228684742431344
0.67676979965760475,0.69293063800133525,0.67130374237775881,0.76196128455652912,0.7404546530247107,0.70828361269913487,0.75296069969535029,0.71446638796332618,0.64716723735405612,0.78772469636580322,0.69332867450971991,0.75893094147796747,0.83730901801916646,0.82762988658068737,0.76597672215425228,0.84069195836992405,0.84127234884586011,0.80886800435731931,0.78498725123676827,0.78869347132934775,0.80987392336813768,0.80512758713892063,0.77702080373122562,0.7570007852916929,0.747836697864672,0.71385288282428527,0.66064593331895183,0.62651032959998043,0.62100985745281356,0.83539235227045938,0.83941573335084096,0.83224872189944998,0.80377439664809003,0.75347641217661021,0.74697571333227186,0.70743413179782511,0.68737459502929221,0.69475781856272778,0.68495864238248483
0.75025270488558971,0.77303685432126534,0.74340119525133574,0.80938277984506923,0.77939778119810454,0.77328001848698902,0.79305549008550724,0.78475071697619359,0.74492098402457996,0.8026101669008624,0.73109881808784882,0.78931666323532201,0.84850935947322315,0.83953871426056392,0.79212619533119177,0.85144691812434148,0.85172958413359667,0.82072608317110818,0.79755978605156264,0.79915600249488628,0.8349816552084004,0.82329055653088079,0.80299203565060573,0.79098613027284803,0.7846222875538843,0.78212565873777073,0.74873470796384123,0.70129793879207369,0.70169107236667161,0.84479910553672388,0.84949123272422089,0.84464084851604782,0.8153878749054615,0.7664115973338822,0.7585588259891185,0.73094846306666583,0.7481599558362102,0.77464625387045716,0.74383927336325384
0.7955239514850877,0.82496926126281589,0.77496167450176223,0.83158402905265805,0.80536813899221305,0.82221295273743233,0.81259384572517956,0.83683397917832958,0.82512276775329629,0.80981973681003072,0.7507942352608713,0.80795122961599197,0.85874818643679218,0.85056396282857361,0.81001039828372345,0.86295860445633044,0.86515153892228125,0.83673327308147549,0.80794428798974216,0.80959046772995624,0.84995925887388901,0.83829215775827481,0.82280215271771462,0.8168398974259854,0.81256048346953302,0.83494122269453885,0.81532517869928212,0.74602550163621217,0.73501370111119746,0.84626293994340684,0.8544737100075781,0.84916033800253066,0.82249178117380295,0.77832333605359549,0.7714265286753812,0.74819880152304519,0.77679211535040449,0.81782257113943457,0.76871458034736317
0.81464250662279603,0.85803327929721718,0.80737654100584755,0.85629297089680112,0.84441608135122126,0.86416706903014073,0.84634465703204109,0.87486724170771191,0.87033850797842616,0.8245930567142632,0.79224114357075981,0.84401253745921223,0.88671617445939466,0.88321634852485653,0.84736826200017612,0.89248389864012467,0.89619802443305197,0.87500080544799441,0.8357513602937815,0.82893080999643232,0.86686675573528849,0.85686203944386696,0.85168321299407201,0.85400525068888822,0.85321134146176125,0.88047614185654854,0.85723486953536954,0.77313081277691731,0.75511613696283708,0.85585118785717795,0.87074985873399258,0.86362392219258011,0.83413834778705009,0.81210912179382733,0.81755756964049398,0.79272838229540465,0.80589782386855147,0.83672900790103577,0.78663024182510621
0.83256693513574054,0.88992950546457339,0.85010605269710227,0.87631305894075806,0.87895913022932448,0.8990689517820134,0.88393172107690077,0.90703744178836498,0.90577098877829365,0.84248064402804579,0.83662173645834226,0.87428594704265916,0.89948961690781482,0.89688873173545514,0.87201870952869154,0.9063617888954284,0.90980289839907735,0.89383082194734742,0.86238027206246359,0.84879514028416869,0.89193596395441488,0.87976596090426451,0.87922361813572836,0.8848808873245384,0.8845548370515034,0.91430731119276565,0.89338706650641708,0.79881001782051675,0.77765138685565649,0.86221696674759962,0.88010432266928385,0.87412338977087689,0.84872400822411143,0.83997357941651596,0.84882617000522387,0.83222553723421788,0.84194183715421789,0.85956095016221201,0.80907494356533582
0.83356982627918363,0.89282106109270953,0.85686530147239126,0.87919707034085048,0.89424290387456495,0.90840178723271758,0.89721493694648147,0.91323755569831877,0.91114195948645693,0.85138204754692681,0.85317673087516166,0.8924272223947175,0.90021460852795732,0.8986006671231177,0.8790181369908352,0.90882827475835348,0.91227751136322066,0.89813695857791376,0.87226232045842267,0.85625427921388308,0.9074647471732743,0.89708552723483526,0.89757837942757623,0.90225451476859231,0.90178741429331222,0.92271652633401935,0.89860694345649728,0.80126867057249551,0.7792353945674021,0.86212254957030399,0.88111574645782509,0.87649662339560674,0.85487105612237757,0.84963837758166805,0.85789562635933092,0.84745513921437321,0.85070575720956698,0.8617571594041562,0.81048293165812157
0.83207439784797077,0.89161012285169294,0.85534924770502496,0.87756669408126087,0.89317626261919669,0.90719084003318684,0.8960272483510886,0.9118559142862448,0.90967296671304498,0.84994469881388013,0.8517722930756001,0.89132136334210643,0.89841507281526034,0.89686653348187007,0.87734147162933118,0.90705049270188776,0.91061544136261308,0.89663241204374811,0.87080523138257593,0.8545136103739619,0.90650193785465294,0.89609581219826029,0.89661974880294193,0.90126547500438459,0.90080845250710317,0.92154102248028824,0.8973088862012909,0.79984396935900637,0.77799060896026662,0.86037926569519363,0.87966617047611551,0.87500183134704901,0.85330433137575545,0.84804548759242981,0.85614187383946616,0.84595495843772239,0.84903682815640968,0.85996988941522445,0.80879273573535959
0.82658289114667005,0.88562981003632335,0.8487681419416726,0.87147745786702202,0.88676227498826565,0.90016307617262037,0.88976863828761765,0.90479722134845253,0.90224240445460646,0.84409616464084825,0.84561842108120955,0.88516864592530586,0.89299193103159058,0.8914410295789672,0.87167911811781229,0.90183139715055627,0.90543444820631791,0.89126599314236377,0.86501108465429211,0.84863444631060048,0.90064104994204863,0.8903450513093043,0.89065268955239285,0.89519226453436307,0.89468848354990316,0.91501917964309021,0.89044431684913361,0.79381819469639825,0.77219476367624862,0.85530073469313272,0.87452868840934062,0.86988381366781575,0.8473857317182123,0.84240125087955942,0.85067038134769823,0.84017512878822764,0.84272801299602729,0.85364502808370679,0.80225171276067131
0.82113326710731793,0.88010748154595153,0.84388669723699461,0.86808218535170523,0.88181400108120489,0.89475339299087697,0.88501195293756096,0.89930323486856145,0.89624276786408574,0.84039405669315959,0.84146679201043384,0.88099525304942006,0.89439833896496346,0.89106798093284989,0.86996602443402238,0.89944975808528715,0.90259224940381821,0.88775082897939628,0.86053585033927549,0.84470295158054376,0.89575434881953619,0.88590935545700977,0.88603832768240132,0.89037658174538525,0.89031308416289279,0.90989135873403948,0.88475290178732002,0.78845667382217821,0.76650007563664879,0.85272555997118882,0.8722298821427209,0.86638008589115656,0.84352220719838811,0.83836426596547398,0.8476612152671501,0.83659490230933109,0.83795452440581797,0.84862248784046335,0.79643205604536327
0.81607886432657162,0.87500073071887119,0.84851352857629114,0.88073324241984807,0.87872366113864286,0.8910554898232087,0.88590913523020787,0.89688306824946862,0.89090025965184916,0.8370766167273519,0.8461432958097288,0.87698182317642048,0.90736949837769076,0.90484407855084503,0.88206795438261398,0.90596267375616679,0.90580623064656407,0.89065607805429803,0.85976259756452245,0.84515401669714119,0.89048216745325126,0.88093791728939685,0.88093354232903787,0.8848775506781299,0.88517924744740129,0.90443664304676497,0.87975277159088583,0.78412477095988309,0.76178540250808957,0.85691245496993984,0.8786142603363557,0.87101640343148701,0.84500782814280573,0.8414574629632966,0.8523682884023196,0.84336396166092431,0.84585118615093291,0.85709870251386855,0.81126355476922396
0.81262426459748216,0.87221040957338136,0.85579180766710028,0.8883159955696891,0.87925451655199971,0.89028972963504005,0.88796387050425785,0.89599843359594888,0.88859151109431689,0.84136059424779996,0.85100879635518256,0.87810863113804105,0.91240873380296794,0.9110897432284889,0.88883544762304501,0.91318010818446649,0.91412285710830155,0.89941020895655721,0.86546335141249153,0.85266448650348725,0.89171537448976512,0.88261173092047895,0.88178290689207228,0.88477198534845802,0.88506993541231427,0.90226660452049923,0.87713253245844824,0.7815006458105479,0.75928615999376459,0.86338738361261502,0.88537126898384866,0.87766539753227035,0.8523470947956131,0.84834795639723626,0.85886355518493818,0.84953970152847846,0.85362412639356655,0.86912356400448865,0.82052734637404878
0.80926696570399703,0.86905301306718874,0.85414161810561118,0.88688362567379109,0.87773731290002677,0.88805300489683103,0.88654012380186331,0.89401883068479915,0.88577766066415475,0.84005276192240397,0.84973509583078832,0.87659619175480674,0.9111564363559761,0.90990244449883984,0.88758984563595644,0.91211440335391758,0.91301747991668791,0.89815921334612214,0.86417529444688435,0.85128610807185123,0.89030033287449095,0.88130926037941593,0.88045163777011382,0.8831191723006061,0.8832923501412675,0.89965198634811161,0.87425453912927642,0.77887323417846366,0.75663403734279666,0.86197344744087412,0.88436197513419124,0.87649854874967992,0.85113074950984302,0.84704823770994786,0.85759222332849105,0.84818561213903121,0.85200697044221396,0.86771292669780031,0.81889730633691726
0.80703789447271657,0.86692921712575022,0.85131890789460241,0.88435663747250026,0.87526263407987359,0.88545897611898927,0.88372586606979053,0.89160265765596025,0.88322177156720938,0.83710485932297907,0.84700547183557295,0.8740171052378416,0.90788259856354814,0.90714982750802309,0.88486156560722273,0.90960358803258134,0.9101856556476321,0.89564079960145571,0.86168993282943629,0.84862905248813558,0.88759118167687934,0.87868499908989983,0.87823160898190811,0.88111931001219956,0.88111840757538595,0.89739929779741945,0.8719159855385441,0.77682120163717916,0.75474256124108408,0.85768085753591494,0.8807100435497357,0.87283426777146322,0.84784143144667778,0.84415299958692847,0.854283118528261,0.84567306571129874,0.84955430559948986,0.86593484814814459,0.81647045512576177
0.80200407133262874,0.86149574368455206,0.84735834575131652,0.88003563444207089,0.87051407050176954,0.88011257850585467,0.88024074337926128,0.887317464477966,0.87718201092324621,0.83275050228957159,0.84271057343641487,0.86982652853543396,0.90309592500946601,0.90253137425014418,0.8802569408738028,0.9052187660195774,0.90571258030562118,0.89087615884225413,0.85742904300584544,0.84310350322121663,0.88393693210579827,0.87463249593414816,0.87418494847867023,0.87657733524476866,0.87655554859040918,0.89217629497674056,0.86610664845183183,0.77086935610573892,0.74962119300789665,0.85022064800974373,0.87436287996278783,0.86666207875950008,0.84266721187858451,0.83795670552122581,0.84756123095575564,0.84079862119538495,0.84543769283211501,0.86153466243863408,0.81104367822870438
0.79681215145915862,0.85535474548418522,0.84300591294613314,0.87583523528852569,0.86556619319138539,0.87452246841452386,0.87655509654576114,0.88234757045219059,0.87056562674069082,0.8304093702690819,0.83835421758653983,0.8657477144044653,0.90080430780937593,0.89849192311878601,0.87632890508325278,0.9014424197735762,0.90219720531868597,0.88743904145463137,0.85444443776568979,0.83954863171097605,0.883477665084487,0.87311103812379753,0.87226557900073887,0.87311190949793094,0.87240472109363276,0.88585910472139684,0.85996532729315878,0.76555948341272018,0.74541519466653239,0.84722942157286785,0.87154527098917134,0.86242586937762611,0.83879587675163647,0.83437221124274397,0.84437799872306885,0.83676125988449235,0.84079635230556493,0.8578651896768491,0.80582022340898496
0.79789974087186699,0.86113886011190677,0.85813740301343056,0.88426587269377965,0.87721133367084092,0.88656222738296053,0.89530347908992902,0.89620409636739773,0.88163993307398314,0.84687158050927158,0.86009832952516285,0.87682591472343219,0.91387636742498535,0.91123779954698336,0.88944071356278231,0.90855193843612336,0.90719214500722911,0.89510139254798804,0.8673911015433281,0.85171175920672504,0.89649850326959024,0.88469244369413458,0.88275395393257017,0.88271131963329208,0.88211387017130882,0.89433860744414817,0.86932030931477589,0.76831408998611428,0.74436595520732329,0.85788367486083217,0.88248293769820829,0.87180873531784897,0.84999933545711459,0.84917012902727762,0.85988617032422254,0.85419687076480777,0.85342844123893935,0.86462564863379843,0.80767787458055906
0.79717599284858776,0.86174263723004862,0.86889361206426141,0.89616837724942999,0.88335668031785275,0.8911086293823639,0.90282708532859546,0.89906901081243529,0.88423755090768807,0.84815634520396188,0.87247777831597706,0.88008430475704857,0.9250401908258381,0.92057567565839771,0.89898644879277645,0.91311146925759723,0.90987593465176531,0.89865460480944848,0.87308801063386954,0.85456196053857891,0.89592871101474092,0.88467578528182067,0.88364167175243502,0.88457292981095303,0.88431960100683948,0.89682129396714827,0.87141246080182688,0.76779593534800628,0.74241413818400004,0.85835016924228502,0.88619434796305696,0.87327683375230136,0.85133062710129692,0.85344718101867745,0.86262950185087339,0.86103364740903676,0.86520578447327112,0.87713962148587155,0.82033688763137136
0.79508446925589238,0.85951043114075099,0.86745421961911851,0.89502101471061113,0.88086075423368937,0.88840998073605992,0.9007960080343016,0.89701237993672578,0.88092386755061691,0.84701695901062035,0.87090135236192479,0.87790294694541238,0.92319067584793102,0.91894145116652126,0.8976419672683964,0.91200631612978289,0.90883454215574289,0.89708887165227424,0.87137453247760677,0.85327755769696001,0.89275701613561198,0.88208979079415484,0.88139039255281304,0.88188356403847301,0.88181978975611042,0.89409273626306296,0.86859292808281208,0.76564922666967228,0.74030770120807055,0.85593439304406449,0.88473185133997423,0.87194175131296026,0.85038395853616711,0.85211731884545594,0.86148560693014054,0.85951744575349953,0.86385000941761592,0.87653377462149029,0.8194529422140987
0.79346448642832634,0.85852545038235017,0.86613956388709057,0.89434394586900445,0.88414238352880703,0.89349021736465251,0.90605190217210918,0.90201012900541033,0.88890164907907732,0.84534522572445725,0.87132642065937738,0.87910720602501213,0.92176397123501941,0.91719186476303249,0.8962288832492834,0.91059714290178073,0.90734868564737703,0.89490525360706186,0.86979334791465057,0.85085588414636137,0.89353249465340112,0.88227587698048759,0.88235718618677972,0.88251143661203812,0.88273626086838608,0.89572539281671115,0.87271436247361744,0.76735883785945547,0.74348865962535016,0.85285221604029082,0.88249383622467181,0.86954095917020346,0.84834490891211967,0.8496654778378383,0.85887873517019697,0.85735857092489554,0.86257844653986104,0.87543644992200875,0.81927170816177664
0.79968707764503733,0.85924358015642688,0.86642809519497721,0.89876138033972774,0.88681695666696436,0.89375115810779504,0.9075744415965038,0.90183125503075878,0.88727046911326635,0.87457501509663238,0.88146873728736763,0.8834353507294439,0.93360279349860387,0.93156458284842647,0.91371543911188813,0.93193349559367966,0.93333823616490674,0.92176123338497207,0.89085111630838898,0.88001065934658695,0.89684138223134036,0.88902299529253737,0.88625668023569071,0.88467791266478524,0.88490549361852799,0.8951283644102771,0.87173138832756003,0.76747139475796333,0.74173290055982599,0.86313367830401222,0.89789006849531816,0.88818164320555026,0.87393201072174509,0.87236786396432908,0.87507527183518019,0.88118766720601616,0.87011380310668451,0.87496818651112529,0.81696645945692459
0.79555935948073964,0.85420529074397533,0.86100192903274453,0.89329721495603898,0.88438861029131899,0.88975720438322026,0.90291945551384689,0.89727752160457119,0.88152979357814787,0.86987445118029161,0.8763130089443989,0.88352928997537006,0.9295217134811663,0.92655795920407602,0.90832180096199866,0.927796658132788,0.9288637576175115,0.91702142537928322,0.88615267137455922,0.87514571665081786,0.8938353113982479,0.88553824521848279,0.88337083528139382,0.8810893395114674,0.88183429586507611,0.89106518345654417,0.86597978411237275,0.76174470357982116,0.73586382795966987,0.85833667573391226,0.89299143512263823,0.88333235341593341,0.86881095874893344,0.86800967680883101,0.87034891546756132,0.87617285141926426,0.86451955949827974,0.86926567013416001,0.81100859922808743
0.79008380631558861,0.84800355213903467,0.85436096727812016,0.88933937211637148,0.88268956928167586,0.88514056696185561,0.89960059496440259,0.89148121874419561,0.87512328384608751,0.89011135456717405,0.87217955467041741,0.88445123066645481,0.92720409374962187,0.92314687389702599,0.90392569283906632,0.9243471532972749,0.92502072957014658,0.91295370673161014,0.89059508877435312,0.87740022529061923,0.90234977827514207,0.90447656980495783,0.89302916309976188,0.88346533550461748,0.88340196579022201,0.88486231165353579,0.85997153982927754,0.75590513323559549,0.73064470256128666,0.85467788663289579,0.88846450801949395,0.87995431173299798,0.87190131678943561,0.86777064201214049,0.86815713499126723,0.87224567575940082,0.85836900151415463,0.86359115066728787,0.80479261057617335
0.80559618089730556,0.85831915392114899,0.85249929948137348,0.88564394433184124,0.89604928329050348,0.89054523144767095,0.90764612988132287,0.89507556105886266,0.87371763346217934,0.90064979580125015,0.87681926771498886,0.90096494251288195,0.92438555936918831,0.92056716803372263,0.90139771592849272,0.9229909052135985,0.92347252999784812,0.91145262990423903,0.89824938473008042,0.88352123226033941,0.91011005957644309,0.90887328140371693,0.90215110865395953,0.89474997641492948,0.89407332247144211,0.88940142629610053,0.86471096353520271,0.77418477739428282,0.75474040352272687,0.85329875488121798,0.88754498989870445,0.88114753411804159,0.8759135132140522,0.87308675356490817,0.87117384857686131,0.87304107649548268,0.85573638478974234,0.85933783999244051,0.80052009646806632
0.80279133528906277,0.85530057661599379,0.84954070286685857,0.88311836534706223,0.89461940613103219,0.8879762257149928,0.90622611272736842,0.89195886792883761,0.86974079002575633,0.89886945481981717,0.87486391596870228,0.89970157726510813,0.92298875172782946,0.91941500714373525,0.89949158051522082,0.92237178301609901,0.92276313026358825,0.91027259100823843,0.89647576474175605,0.88202957547353633,0.90974049694866277,0.90883797968614344,0.90106943148454588,0.8927373375991855,0.89235159078535231,0.88712015158330382,0.86111617740857538,0.77032533985692364,0.75122447078887777,0.85256510192309676,0.88706790596629903,0.88052406507089787,0.87501113839297795,0.87154395554549302,0.86947741442835447,0.87119877200767648,0.85280800637793974,0.85601703680513008,0.79726338599750901
0.8049874327366785,0.86032725892343631,0.85213697634085983,0.88576407538592139,0.90306335748900057,0.89382469695422828,0.91217620032324975,0.89524257890886871,0.87127942193084951,0.90060933174309576,0.88169806072439549,0.9075871061171461,0.92305100531916862,0.9200124231923732,0.90176208473144803,0.92322201843218754,0.92353989709299611,0.91177518694641824,0.9001628086501553,0.88437165421850139,0.91451289831047666,0.91260658793611349,0.90805004391874711,0.9037856466146319,0.90402089003196995,0.89866254961417291,0.86502572832744884,0.77104244431367108,0.75038446430277717,0.85262705779884973,0.88746390377565454,0.88100707276964985,0.87664156453902042,0.8745257827083377,0.87139828949177822,0.87550465311858816,0.85636304950395969,0.85913273987852845,0.79998374380276538
0.80293269438585413,0.85796028261418344,0.84988228133980404,0.88401804779810256,0.90094977306899449,0.89092017663912382,0.91030565627185156,0.89241849962306208,0.86773468093226236,0.89838010860733952,0.87975336224579104,0.90559513839484529,0.91993210123319391,0.91708774288147044,0.89955135591161961,0.92020607075689442,0.92030205562278034,0.90924519761031075,0.89806957612862337,0.88173392894636426,0.91261083337584059,0.91080763023320221,0.90626388081612952,0.90192336911446647,0.90213261293549651,0.8964619487636305,0.86185606754590138,0.76801100101746722,0.74767857985851416,0.8487674663066207,0.88420203480173032,0.87756791557685121,0.87369899147971841,0.87195687789467535,0.8682224602829548,0.87336325003033344,0.85441867799907745,0.85732444175705647,0.79821788722191001
0.8001551751832956,0.85470677837348918,0.84277818746113176,0.87778835170443548,0.89634925485933004,0.88541005437822795,0.90420183766871565,0.88646862882197619,0.86277708561032718,0.89387378904658221,0.87309885144407762,0.90154608450191687,0.91413339012921457,0.91177469857778937,0.89348539047572206,0.91508828952414822,0.91471260705126567,0.90391134562536701,0.89248029037495114,0.87586637485050556,0.90950992618115656,0.90768880874724922,0.90257590962824952,0.89815591521109517,0.89850815268374129,0.89288349041329873,0.85737856421788072,0.76389738806668361,0.74308851188549929,0.8429096884838867,0.87855003744328242,0.87232212711919033,0.86833866287120443,0.86603690796753907,0.86205212532046149,0.86716648734872337,0.8476704805304961,0.85057524401144557,0.79144575030574094
0.79385220217747854,0.8484474202101302,0.83669773688466997,0.87296065390256561,0.89045927519141621,0.87912434227848624,0.89819515347048517,0.87993469190019069,0.85597615363852586,0.88802663031010165,0.86708466510027238,0.89588374371330204,0.91136164270743136,0.90830174799105179,0.88911140894024376,0.91139039889479634,0.91085325939810813,0.89978662225013473,0.88730603538152109,0.8707056514298942,0.904038546702433,0.90229680062571527,0.89702742223765541,0.89248231778509435,0.89279349903565353,0.88679204176126902,0.85081025732852189,0.7574292815748177,0.73687919597114071,0.83850523541296462,0.87421121765287035,0.86735421663013768,0.86292174558924417,0.86118045666440513,0.8572757249688121,0.86189351508443668,0.84194715810081322,0.84478689364899373,0.78516073861581814
0.78948312242225649,0.84378328413519743,0.83566409997242352,0.87510299838672867,0.88690532414216638,0.87582992139607241,0.8981220380794811,0.87778278075805671,0.85093603605665391,0.88706305665014251,0.86918362087689827,0.89291403912845924,0.91206587540716499,0.90958414401188659,0.89237800509164167,0.91235535631995668,0.91157021741668109,0.90134112887458762,0.88800603097647246,0.8714408596082005,0.90205991632904714,0.9001788272681156,0.89449622704124154,0.88967760007975094,0.889715822081105,0.88293438251280765,0.84633248463431232,0.75302868229125752,0.73240215379422613,0.83767492121598242,0.87387953259122253,0.86721827737165291,0.86295548271266209,0.86374797120817959,0.86161204647518808,0.86731684921991503,0.84380865070301481,0.84380277755538691,0.78377510885802515
0.78413000163579849,0.83983700299318254,0.83283996202296995,0.87353170043710093,0.88469291932309757,0.87369804651000005,0.89610723732322162,0.87547201200867475,0.84793482123898212,0.88480480684986973,0.86688252413135303,0.89105094935603635,0.91058427308395073,0.90736401429789348,0.8899696372096344,0.91003567038995914,0.90954898188791244,0.89937226700276884,0.88612167115250129,0.86925939197716739,0.90024402268510439,0.89872070388955594,0.89276142935054625,0.88737053773013741,0.88746209929299114,0.88014957507879099,0.8433716410180484,0.74849720236563855,0.7278878394295617,0.8343481180179726,0.87116395807240399,0.86422827271256031,0.85983560064099995,0.86149045204102537,0.85936648902611579,0.86496675080498941,0.84067873410514693,0.84037837490516221,0.78054948125152446
0.77915354698196482,0.83515173091517991,0.82726714960315606,0.87099613434196688,0.88060589728266658,0.86856559703802438,0.89179670260716337,0.86946616989101788,0.8423489735925197,0.88338145304760285,0.86210018694461743,0.88724371876491404,0.90867410214250699,0.90475283948673979,0.88658076430184785,0.90708702217005077,0.90661030075844407,0.8960387043426451,0.88322374298481288,0.86798115786371988,0.89732055560191326,0.8951889355914866,0.88900266324784671,0.88360046832228567,0.88372638262360614,0.87597859556079993,0.83772767158611161,0.7426696502034823,0.72171973049216775,0.83327615811926126,0.86911766578557026,0.86224431906290167,0.858830709520504,0.85910014400462642,0.85600578189370558,0.86061427700837589,0.83653182115614211,0.83935920304502309,0.77651704978246738
0.77306518082502329,0.82838436073620603,0.82286034973113531,0.86879426525556203,0.87512309827194579,0.86162401202792516,0.88709986829122522,0.86268427976691975,0.83498910640471702,0.87908867677348412,0.85750712275962437,0.88221418505717109,0.90669500939393488,0.90280344515133293,0.8841437117419586,0.90497905200640838,0.90418600542981553,0.89267858551691592,0.87922050682338326,0.86380590988517214,0.89271593788026538,0.89053676682805205,0.88383066634622409,0.87777892309994554,0.87828808001670089,0.86920542599569739,0.83015216931252822,0.73611634300703888,0.7157824724792623,0.83006410166763689,0.86602945254853014,0.85889767554368035,0.85539651078875245,0.85422521231229032,0.85116048333747252,0.85646317863042642,0.83262500163773556,0.83626471806184677,0.77308390950023631
0.76812684771228534,0.8263683234042426,0.82535734704427044,0.87328890178266871,0.89456322841260738,0.87359827365308296,0.90261986223089441,0.8692712699651054,0.8385019594325781,0.87818698718585209,0.87157251394390645,0.90092394630487083,0.9093526360211498,0.90574563757030568,0.88797433568167861,0.90594595109394882,0.90418656184740942,0.89296028765824675,0.88409536119068133,0.86508686633717935,0.89602126818998462,0.89829008009106182,0.8948998519882555,0.89125971291069395,0.89414315482414042,0.88077698268387983,0.83260874433525855,0.73305903377118209,0.71199183175798664,0.82789727477512409,0.86513745871840686,0.85839374486283282,0.85725595137921173,0.85809467883439239,0.85276670242312003,0.86042590164127619,0.83602229379993687,0.83653885813986695,0.77547495868191796
0.81029767816372489,0.84745841231714603,0.8307905196682841,0.88636914126383926,0.89752880345689867,0.87909543306213933,0.90634841671042998,0.87881872921281357,0.84782212512438626,0.87607668045748954,0.87404795587687334,0.90284489601635931,0.91046396232825466,0.9059073849907695,0.89028648146085787,0.90460247434609675,0.90207662117764986,0.89025869094831833,0.88340171156468916,0.86170706851574397,0.89702763452735756,0.90419254946979799,0.89875845480088634,0.89317646664085559,0.89576873451362671,0.88419045757351378,0.84542871276474607,0.75857976800825155,0.7347166401291374,0.82905420163713472,0.86522887086455136,0.85697402088261043,0.85426531620826729,0.85566440369311314,0.84987914041505408,0.85864380807363716,0.84662465281937305,0.86785384184368886,0.79845692917291944
0.80835644144932772,0.84585586321098205,0.84690639247368926,0.89909114936811707,0.90332989211021231,0.88236614021849791,0.91514380574322773,0.88294359785470222,0.84640994941506609,0.88757114834748918,0.88235777380347669,0.90689666604879871,0.91429741395969133,0.90967164955824664,0.89714514600452111,0.90821854345084541,0.90567297172120986,0.89476205093617911,0.89187339197749294,0.86965792889573001,0.90173979512527458,0.90806007069616723,0.90176942588439168,0.89517292552201755,0.8974162985543811,0.88333955449363999,0.84520716805827023,0.75658961769572208,0.73113636381786218,0.83401367230833678,0.87034797550510956,0.861410832366035,0.86015426003590245,0.86241833372844356,0.85558736688738302,0.86572547932208765,0.86472276510222623,0.89964363551735216,0.82133040397618551
0.83436637221892651,0.87000976864019564,0.90257820296806868,0.9088237915101266,0.91404013784770555,0.89777566632431127,0.92458375545474825,0.90326085047791538,0.86905353624917547,0.89033792465572614,0.90125614875346516,0.91667166534500355,0.92042393935039701,0.91622678802656932,0.91147435991935133,0.91485018541456453,0.911997443159965,0.90338271604646991,0.89876134506517846,0.87379004559822326,0.907144135380891,0.91419218932813173,0.90947089484647681,0.9047581364568491,0.90746730297041756,0.89877723776602925,0.86988682676807005,0.79859322475368166,0.78336401597482197,0.83707540074996312,0.87383327547273415,0.8644787963942574,0.86388166686260126,0.86816371650643942,0.86146385879501453,0.88536705334942367,0.89652073041103186,0.90804281558951438,0.83281116720225001
0.83752774068334679,0.87609495389396419,0.90731140390642584,0.91049189500845795,0.92125311982425095,0.90358615688705468,0.93307325296063248,0.90690799006282652,0.87043539756211463,0.90773425225053672,0.92003982877756052,0.92367526650433762,0.92712490171417872,0.92362695541830719,0.91634750247009233,0.92344311039286797,0.9204519455629071,0.91359657292066709,0.91855441880484834,0.89741442832209484,0.91741993761716301,0.92800296436796637,0.91959068158016422,0.91123645557217847,0.91307803859126857,0.90073835046807771,0.8728636250027284,0.80184369801321276,0.78483473480861765,0.8642924836128314,0.89080119598980079,0.8811511391358301,0.88766233710452747,0.89108396006781276,0.88203200812684746,0.89732313534713837,0.89894634816933694,0.90667605161431486,0.83476037781848345
0.93943708870270071,0.92033579182900616,0.91410164694122609,0.91228023865379704,0.93141908916198946,0.91618514058014355,0.93763318658710959,0.91948473955864418,0.88888169472568124,0.90713092793091843,0.92288226096945569,0.93306657317367747,0.92517407401724339,0.92250727407923061,0.91646162018907862,0.92340738325861238,0.920684350055755,0.91490973752437177,0.920021423099184,0.89815571395307847,0.92919148599866308,0.93053542989548355,0.93080368553389936,0.93122063925217613,0.93272566725336681,0.92668300111701996,0.90293187818617937,0.89805304239295414,0.93248951459067253,0.86274185543296833,0.88929696187448315,0.88076900230443755,0.88775820016865736,0.89464844149440992,0.88974573661870149,0.90032377797258978,0.90376596268231979,0.90856404439101479,0.84834711439980259
0.93897646241248156,0.91982553039890713,0.91006515600554028,0.90847804630248175,0.92992805966012781,0.91441930613903832,0.93572021318719523,0.91733871281942436,0.8870622844843834,0.90484934209644885,0.92012623503414437,0.93180340784003024,0.92318127805352523,0.92070932788985582,0.91383663703567897,0.92205843724404402,0.91898990435337247,0.91311232576781387,0.91801203318335645,0.89562413185855705,0.92800191417607758,0.92913003493831015,0.92955576797122819,0.93019466884978586,0.93172587931190709,0.92579394317609087,0.9015711881335492,0.89720223743464655,0.93139612058284271,0.86135353764536937,0.88777312261969099,0.87916506307938469,0.88584549835689919,0.89261465434941267,0.8879921886313108,0.89785910766365085,0.90004393994302434,0.90474749214055783,0.84478880361249975
0.93571642790982856,0.91644674516367042,0.90652222089875667,0.90469466183841574,0.92684945565888677,0.91128083693975881,0.93216468706034195,0.91397370309424741,0.88406436435396596,0.89994402823485975,0.91657998728312884,0.9288341248386307,0.91925988877328169,0.91710707758148435,0.91014579540223739,0.9184231991423597,0.91521111018496426,0.90962755187326383,0.9139239062229837,0.89183604389969573,0.92474604981806829,0.92555765345946917,0.92664460641740332,0.92741019363005395,0.92915413206719677,0.92298899985654526,0.89806721011073443,0.89397910862974161,0.92792703285418265,0.85750572873323505,0.88420537680277012,0.87532278189521739,0.88156362100363628,0.88876497574371072,0.88458370211456006,0.8942796728781871,0.89636205016943515,0.90161556035230039,0.84120848838725781
0.9316160567785009,0.91284196198536838,0.90282791123264605,0.90396875631118623,0.92658550861608768,0.91143354807712162,0.93166083744477546,0.91474292105041088,0.88786678208659675,0.90551236345418473,0.91698012132638407,0.92925212164938054,0.92005795336509655,0.91919641033778809,0.91197951290115498,0.92767273558010721,0.93008413557439962,0.9226053808693826,0.91803913387663005,0.9035975071183675,0.91957242191787558,0.92195788421066882,0.92309799063026621,0.92351651682223423,0.92557412475020706,0.9200257585100714,0.89774148687238042,0.89081924907286292,0.92438788213072687,0.86367823469831739,0.89306745838498336,0.88907857302670135,0.8960083483641057,0.89497301248940442,0.88537803878687704,0.89556685395029045,0.89354652457909056,0.89762656355679382,0.84083612112998285
0.94632755794446033,0.92193885084589999,0.91176494430594468,0.91991624988867304,0.93807752043317483,0.91807078172090484,0.93776728352111249,0.91863959192354272,0.88898393143665921,0.90864079051407132,0.92274561628259943,0.94545383673974825,0.92749779130468712,0.92880436107015252,0.92339883330411821,0.93942579415468008,0.94408486560687976,0.93620404429891657,0.92575837041452058,0.91013748881349221,0.93079556196402824,0.93534773655602366,0.93644820942874585,0.93615492007573764,0.93759832529245735,0.92559806087707419,0.90340231310315455,0.91241051473986212,0.94310455113136982,0.87222088893327021,0.90146361242758721,0.89683006898436746,0.9010087301496349,0.90219333347841812,0.89254291028839006,0.90273971341382686,0.90780997518322626,0.92837888446250594,0.86060405935316975
0.9498835373601805,0.92466088120679013,0.92405765165484022,0.93649715455113813,0.93718248762090639,0.9178414581139599,0.93913131676942763,0.9204804257683572,0.88918194657537464,0.90881990079828157,0.92539978139173118,0.94448706100422031,0.92887465928805002,0.92973075492473234,0.92905318182477248,0.93896235665548322,0.94308723171748388,0.93552942688836505,0.92697798160274913,0.91054166421222793,0.92922391297758189,0.93485597393773623,0.93539698500590207,0.93505223325196662,0.93662925390969698,0.92499396378993348,0.90465711443275731,0.9170490512680044,0.94521877350682459,0.87276050638630875,0.9011213192003118,0.89580002540278747,0.89917111879207479,0.90180607818190461,0.89170469211570491,0.90657173459829798,0.92422105614298955,0.94989877107493303,0.90287536087270448
0.94795957765625993,0.9226657362545827,0.92714843713305128,0.93899019711193399,0.93675719220971021,0.9166793630788429,0.94047469977364762,0.91974749692596636,0.88718116765576638,0.90764590274914503,0.9256315569274145,0.94343549598351606,0.93398608782738413,0.93401132389066377,0.93179104173356209,0.94159965837321113,0.94482837067673964,0.93693635061425284,0.92597784494489754,0.91160434910538213,0.9265725253901731,0.93232722246528199,0.93306339247485759,0.9330772507003896,0.93476688030645694,0.92253676530850592,0.90279285515465879,0.91521614557569198,0.94345788381578699,0.87924348846672529,0.9063393345387285,0.89957502873233119,0.90176686596072908,0.90322007431946072,0.89359593690045436,0.90754844309596516,0.92690604567361279,0.95429235728617867,0.9054563950047696
0.94634643092547777,0.92020069643803604,0.93751142792962594,0.9427016469557038,0.93640956830765798,0.91589389934099741,0.9393390336019678,0.91968414997020709,0.88613478384902389,0.90688907728527168,0.9279494258462474,0.94350417814316934,0.93509863624435174,0.9353489036207957,0.93571447664526841,0.94361838928946895,0.94675241466309545,0.93815628297425047,0.92476869041342991,0.91307826452229091,0.92492369230640026,0.9316363268784057,0.93158939257316475,0.93139787758949422,0.933965016105888,0.92029389298852593,0.90141169155328993,0.91371141384820531,0.94097477221917836,0.88600589483172165,0.91162183925457263,0.90573436058385015,0.90567735963076113,0.90537899464797755,0.89701279456202654,0.91304472656681579,0.93522955291889009,0.95828024551574931,0.9097122123549144
0.94349242122437971,0.91769077927555864,0.94864310435888499,0.95093536882442631,0.93880182975039261,0.92005555257753924,0.94560332316534168,0.92676822616514987,0.89192010960107981,0.91834033035943941,0.93763887709920268,0.94467800632194032,0.94740757272978593,0.94912003357586838,0.94805384539634696,0.95683151305743352,0.95995474279773907,0.9527869909743466,0.9381650558466692,0.9320508769045559,0.92287253094492194,0.9307360674940135,0.93082012926073887,0.93000172490500288,0.93296184812957383,0.91901598931912232,0.903608319422463,0.91246387150427322,0.93845493465306173,0.91249606365604963,0.93236398778431151,0.93307196737684195,0.92648009268775,0.92778473195316424,0.92410894772441554,0.93068430744291186,0.94369866872409691,0.96024893385355659,0.91482923371202196
0.93867767900812304,0.91569144695169302,0.94862886901181243,0.94831735277202778,0.93716474393406901,0.92221699216889419,0.9433922533114204,0.93085510363152457,0.90250624774568466,0.91671052317357149,0.93529090897729716,0.94325384796810208,0.94523255272981366,0.94661055867770827,0.94547311787100641,0.95483616264536442,0.9577345468955375,0.94985017000336158,0.93573494113944855,0.92975410248055246,0.92248919816756192,0.9296139167351688,0.92989573351170718,0.92965401437496509,0.93264746462849513,0.92052916202739277,0.90740232267057319,0.91115855373861043,0.93575283317446878,0.91092491500347461,0.93017500063224623,0.93091706381880235,0.92431379015708925,0.92434847383660601,0.91985056126197162,0.92781780400117275,0.94246063791068135,0.95717518757780695,0.91262947740203693
0.93247042881847464,0.91056412384138907,0.9450761004200301,0.94464196816767376,0.93351517349208835,0.91830795603137616,0.9404095094500533,0.92701200912283921,0.89772093228264049,0.91323399046675446,0.93220051142841287,0.94039717185946503,0.94266512548355019,0.94372714339764352,0.94243797255516015,0.95273964646490439,0.95551749460688562,0.94678148272751506,0.93240153299028117,0.92599797184490462,0.91972211330700315,0.925953616638993,0.92611091771258469,0.92712806698487127,0.92981223080584108,0.91639155698888719,0.902116931108491,0.90531331534318782,0.93025502162307705,0.90737009388101242,0.92725437247859765,0.92726112525115856,0.9207824863945745,0.92060924599288929,0.91650625857771673,0.92462930395524612,0.93882370007131599,0.95316269389166963,0.907446679399731
0.92553127631936272,0.90325289753581128,0.93981732559205133,0.94141825075215524,0.92735745841007289,0.91147804966640011,0.93462888690778423,0.92026062325768043,0.88997044890265387,0.90722734806564986,0.92650070618745384,0.93383166330347978,0.93690208251679452,0.93694093294717695,0.93710960602755644,0.94738857705971924,0.95017994219364621,0.94081879231808652,0.92679819378120221,0.9200924149415749,0.91348844425616305,0.9193458756284465,0.91934430069570605,0.92078691071100027,0.92329311749708376,0.909277418003404,0.8946434565316701,0.89834237679984119,0.92329782031468333,0.90063202582378699,0.92097680329960296,0.92241447516994501,0.9164536565815119,0.91392553224466266,0.90916611206375275,0.91879896305669018,0.93437772756686632,0.95068309914310734,0.90534001403754771
0.91781904410542126,0.89537076157643469,0.94017635890346507,0.94246162523497912,0.92278514348621166,0.9046520336318995,0.92921587011606466,0.91325313752834458,0.88172495505712389,0.90507008454265248,0.92351477856424169,0.93167057149324883,0.94443185755604031,0.94097686941450065,0.9382500666854694,0.95190565389702841,0.95420194039901574,0.94520115423143025,0.92394963489794257,0.9196648778983143,0.90887862665066743,0.91778926663184668,0.91674302063026525,0.91682918171657901,0.91916760143605547,0.90157289380610928,0.88663553336753365,0.89070721414841858,0.91622515824246153,0.91730566230703625,0.92994056824330051,0.92491802552171654,0.91838113990164916,0.91589274153285105,0.91635037027256738,0.92178789249569526,0.93512718163561281,0.9493465604830289,0.91349688046793687
0.91060629553273853,0.88837360659988995,0.93717454335927797,0.93910298098969691,0.91753554582966779,0.89856880041690212,0.92553970348890791,0.90796774122490254,0.87499967350742902,0.90155933214978345,0.92312078821524191,0.92689619788388156,0.9419708407174946,0.9376900518487592,0.93480037399884319,0.9481727637025642,0.95042594566224803,0.94149772250298602,0.92183014016268816,0.91638823604599484,0.90517914784456577,0.91437381864154932,0.91294216540193596,0.91282952430015774,0.91506659503946419,0.89667383637906317,0.87961698411824985,0.88396381206581243,0.90984497033856881,0.91503086883328943,0.92702773199701127,0.92218342828981315,0.91501170870377646,0.91274835198535365,0.91219530815007943,0.91836828403865578,0.93229766025056937,0.94479901173252745,0.91012577173732168
0.90448876974262071,0.88262091378985996,0.93085630318760537,0.9339681097787812,0.9133636055552975,0.89289661759454186,0.91977322280962559,0.90092990138130669,0.86793616410375674,0.89825986931902457,0.91765483347581112,0.92352553760725575,0.93797096580896988,0.93371447942654573,0.92963236302506347,0.94403591918573249,0.94557322182400771,0.93710412846357383,0.91782381798310908,0.91340231207600042,0.90150715370563694,0.91067695778275048,0.90964712986446472,0.9090521833462839,0.91110167041130985,0.89160393431386409,0.87324400558769455,0.87737532982598931,0.90350665783180872,0.91189039956890483,0.92342241711401085,0.9189995297428869,0.91344151533256979,0.90903969308915322,0.90730534210392744,0.91329378448512788,0.92649339726214153,0.93955463731048194,0.9029208335940313
0.89846384416932457,0.87682944979028343,0.92439732720794865,0.92698452921981644,0.90677942832091407,0.88639776500354173,0.91369698557716672,0.89462784755773828,0.86174582156927504,0.89163235978317801,0.91084867437205241,0.91689141481978087,0.93321335829671159,0.92797546688837873,0.9227342274769994,0.93890595103167052,0.93958663506969975,0.93010061676240874,0.91068247694467108,0.90847980898955116,0.894732049075039,0.90340641623309237,0.90238635982103588,0.90270882326955693,0.90459141396824672,0.88534315382094164,0.8671755934212545,0.87108552511865522,0.89718668956079584,0.9127764717220388,0.9206880530524677,0.91592880250193254,0.91126029982032153,0.90213705702772773,0.89907253452454028,0.90614263127641059,0.91974407737372976,0.93262248270308123,0.89581470635256177
0.89090741288495034,0.86911993045750724,0.91883631609082139,0.92293176202669402,0.90163774474549563,0.87967488316711573,0.90942897564763392,0.8880872269468697,0.85324582996997267,0.88829156232707018,0.90675418434360233,0.91188272664647019,0.93088192691596128,0.92539772409566756,0.91910576220766116,0.93639685040854836,0.93699331931639451,0.92676028301946067,0.9069845135534883,0.90498772851373177,0.89104035504070467,0.89986499983100687,0.89779548947732435,0.89811855215450243,0.89965340019820594,0.878884008492687,0.85859691221180989,0.86277117713858287,0.88904874288733382,0.91120549847735866,0.91901903951658681,0.91399168301033873,0.90828703291671009,0.8984143717008839,0.8956796148888555,0.90221146972275823,0.91514532635579271,0.9270617170314519,0.89032972904163932
0.88201392925168864,0.85975658417325718,0.90850743228268016,0.91474695340628132,0.891391755454637,0.86833919735904086,0.89945452031323225,0.87630074252466006,0.84110396885388738,0.87862255985160531,0.89643585622655952,0.90183103380710627,0.92433343976491877,0.91879369355496066,0.91127620273291199,0.93016303415276469,0.93039039438076621,0.91857582923876024,0.89700826536274192,0.8960218732329045,0.88221176877184149,0.89038118616830342,0.88835567810361893,0.88870709896504663,0.89010644221953505,0.86892537026838801,0.84735731485791022,0.85192675156606446,0.87860985484259002,0.90537800114680578,0.91348161023996766,0.90784637893100584,0.90049651264199182,0.88906644008787639,0.88671181999727355,0.89281837805695374,0.9058871327578083,0.91752375536752795,0.87987835378737467
0.87686226989139648,0.85494673177565272,0.90000613390348105,0.90635054241591995,0.88860381966224855,0.86324525828485288,0.89623102472145488,0.86932546662963128,0.83372941044346538,0.87495982843670939,0.890192664860743,0.89837766955844045,0.91599923043022213,0.91037256538533307,0.90267866486664838,0.92160202340178277,0.92163656278109773,0.90973295537837062,0.8919732376979872,0.88844560868790612,0.88038074328544713,0.89090198282906141,0.88642976382602823,0.88567199807104047,0.88727166811016533,0.86444907183813124,0.84095118624837273,0.84437588475078162,0.87071176220828428,0.89769952972230227,0.90520361125892634,0.89975235407685483,0.89185267965283221,0.88064149333019348,0.87750756044896427,0.88374109550818147,0.89717292148874239,0.90915748097197513,0.87119029902019463
0.89181534154192854,0.87094846967010753,0.89953296637624602,0.9036942483022804,0.91198106820552471,0.88534958990131718,0.90797425670781673,0.88283740455571014,0.8542365006612529,0.88935201980524359,0.89669527427468032,0.92513782428887747,0.91227234492083076,0.90726453094862503,0.90089017647410763,0.919072534806747,0.91950668667767088,0.90863428704251292,0.90189447102104336,0.89383474113205375,0.91888871566911523,0.92285882571887401,0.92123239040358484,0.9225131907979679,0.92224474888403085,0.89637454001591088,0.85894805346874181,0.85505623209653381,0.87697556216831196,0.89320724960955855,0.90187482271776254,0.89780226120196904,0.89406614807938911,0.88442870048720901,0.87793850304583032,0.88420624658043701,0.8957407075735796,0.9069179051361449,0.86761587689977004
0.88874055064877577,0.86794968273617557,0.89610140334936106,0.89921530810687222,0.91271785316193854,0.88429539917446598,0.90740452792660287,0.88043699112408946,0.85070842488200582,0.89506866653251727,0.89713039209430678,0.9267743402766917,0.90703986759046573,0.90302997260128792,0.89700440843800855,0.91586898179000864,0.91661710264096163,0.90661949321794522,0.9038505897750243,0.8940637286635511,0.92129253467246408,0.92804572000193852,0.92423462942719237,0.92408974703897839,0.92362216571282518,0.89547279644289857,0.85616277195864998,0.85241840664574209,0.87426247182636085,0.88704984670966824,0.897400218116154,0.89434468992645755,0.89304237523882157,0.88425390236507506,0.87659174192745792,0.8820905314581895,0.89170344223792419,0.90337799198983548,0.86243185088615593
0.88215149172724072,0.86227854366965406,0.88988943594222569,0.89332230140050306,0.90854956637700779,0.87902255189855305,0.90258902042012867,0.87483577342154117,0.84511663034367357,0.89048370819815603,0.89194235205011119,0.92362301809937486,0.90098418323749874,0.89861279619439571,0.89236415128514635,0.91187508045212862,0.91238219214195937,0.90274095009207156,0.89986609577872323,0.88900436716280962,0.91869097727144122,0.92568516235893372,0.92144009350904565,0.92178685948499017,0.92085731793783354,0.8908034084532932,0.85044473692816913,0.84636678662575249,0.86851072746751934,0.88116939441742581,0.89293681884969545,0.88964132008627383,0.88810654239224374,0.87929609504198647,0.87176275477538767,0.87815827590113715,0.88664747689122869,0.89739531718203114,0.85549833002066578
0.87352158230744514,0.85394097194613117,0.88237375038498178,0.88675062026922147,0.90122812383513062,0.87184445809812283,0.89523608287762224,0.86721948632387391,0.83724071646736886,0.88266387402487279,0.88460134846234484,0.91679611538900829,0.89363802632589873,0.89119199249279335,0.885213983974941,0.9041914890494781,0.90441043297522039,0.89515796008599136,0.89217299669666705,0.88098870924618711,0.91208315137780427,0.91898914935016207,0.91497158046122173,0.91532585960004087,0.91435441703043696,0.88334872671793119,0.84229731454131862,0.83789268445227638,0.86032114018233363,0.87346150790347543,0.88534944036146901,0.88157335660858971,0.87990346703550082,0.87151183578141966,0.86397232915159283,0.87088043024495454,0.87940749102831628,0.89104974921529301,0.84880694044513105
0.90441382772672663,0.88108494365562484,0.90086691507082661,0.90674780759842089,0.90863613599519522,0.88832446095798012,0.90666624822906738,0.89028270858418779,0.86799841941640232,0.8772267998869554,0.89511034619713647,0.92014014546772782,0.89398622457719634,0.89126056675439769,0.89432891725570685,0.90295597520842752,0.90260146014558307,0.89497385719214972,0.89101012185554307,0.87672663208186963,0.91093151827489538,0.91612405255282059,0.91506903041795074,0.91647884882205655,0.91656507458757197,0.897410315619104,0.87110148181580127,0.87518481260482506,0.89430293621953139,0.87057396788993369,0.88225528061996095,0.8764128097522339,0.87378458784678437,0.86946766468099035,0.86154790946010729,0.87903709908561101,0.90150077531318662,0.92089064044016711,0.88840016946707911
0.95364517887273881,0.94470029849398984,0.92983439173050264,0.9216432061821076,0.9428335374713771,0.93361239259755002,0.9399782619333712,0.94706944391416936,0.9219323595171337,0.91451548000352678,0.92188299777395644,0.95075685979243096,0.90046365457812272,0.90601485829167683,0.91278503792360788,0.92231840407910137,0.9259638533924277,0.92238401227150413,0.92340304626792369,0.90881034588071985,0.95354752199267867,0.95823138078384196,0.95228024141789092,0.94627861413232062,0.9453608913506395,0.93477904563572789,0.93613173212736966,0.97097800800870604,0.97747430249331924,0.87447553305385695,0.89292779954671087,0.89231368039040082,0.90059520278110605,0.90489950083175597,0.90374427728988271,0.90609324623066345,0.92278033562347794,0.93333992489679585,0.9127827009744367
0.9608381241198507,0.95005924038657552,0.93201315097088866,0.9226082670312471,0.95137416310549472,0.94291997800647309,0.94843886951248113,0.95609456440619967,0.93491104764484068,0.91238246911438803,0.92440351942462728,0.96219807944459212,0.89759962390787584,0.90404439805497472,0.91106389380088937,0.91966438144979001,0.92303806589118731,0.91963911770073481,0.92224199272186025,0.90603678566696499,0.9579994067344626,0.95966459373589119,0.95712518393406887,0.95258958659737114,0.95166730586630655,0.93977868291129096,0.94420778439853137,0.97347907533619094,0.97893148833806909,0.87066578449654797,0.88929707576356776,0.88885288613537583,0.89735936340356093,0.90227974843398329,0.90025801504265057,0.90420795404209275,0.92427982823514188,0.9333796106480382,0.91750130426973975
0.95958404399049746,0.95043395059258351,0.93246899160703878,0.91985039944207647,0.95123160394671757,0.94372765162088856,0.94872212461196892,0.95704703627766707,0.93656633026201574,0.90784494012720607,0.92296448130726627,0.96099645520414767,0.89699486878060741,0.9028068810754607,0.90838420623691063,0.91737555210592436,0.91981068741456806,0.91624572487432698,0.91826281277195809,0.90115110887801919,0.95988937373042604,0.95806651156870049,0.9570627182269793,0.95436967891411051,0.95256251064814224,0.94093995787364371,0.9452465650097045,0.9722673679380236,0.97742885015252734,0.86815040922182496,0.88670696389377723,0.88548709238869372,0.89243632840713294,0.89806576924853476,0.89565156257772394,0.90126192967820973,0.9232276938000874,0.93144919202931986,0.9172582335085443
0.95654048164987249,0.94722487255112164,0.93116483698447539,0.92229010376513354,0.94840544613570454,0.94034401818663449,0.9463691969224487,0.9540006572157409,0.93296966409832915,0.90588736849921347,0.92192839567871987,0.95804779329701406,0.91093359999633405,0.9173036675257743,0.91616289547062779,0.92784988086377973,0.93037643315277574,0.92560735803430194,0.91751053820512207,0.90172422757450221,0.95783596267930871,0.95525035535244762,0.95461062766615934,0.95219062458970649,0.95026088423919408,0.9380152770222856,0.94181550156156402,0.96895617167255244,0.97470239546622439,0.8796240596441991,0.89772123247805236,0.89276276856505143,0.8937942127490367,0.90191442771401387,0.90377175853616309,0.9049064172558533,0.92267577720588179,0.93094386111294058,0.91521978265023363
0.95280402331383951,0.94945978635172812,0.96443303632227961,0.93134498998866289,0.9533390123252693,0.94877196267279029,0.9567909659001006,0.96388640336420983,0.94431585322273826,0.90797436339669724,0.94082248435489846,0.96024139779060513,0.93111366874790369,0.93305260821087788,0.93401358642384225,0.94256651225477406,0.94570062997404414,0.94123622868771528,0.92338276277956977,0.90669138859976495,0.96143002664123933,0.95812020457083846,0.95633496783876959,0.95297585193500678,0.95099431253624578,0.94173206307509372,0.94856504072301528,0.96600982320955031,0.96961635384478828,0.89825052363419533,0.91391232866426309,0.90429634669362036,0.90080472541359435,0.91105951947074382,0.91531741961516078,0.92583049120098615,0.94300199106238536,0.93442429489705769,0.91644601235668932
0.96327242701198568,0.96597092484586433,0.9733217054419383,0.95071194075177956,0.9605514180119914,0.96125791671050098,0.96451428071174983,0.97554173317002546,0.96086843000528377,0.90830893070332852,0.95102204506738597,0.96366352660354382,0.9373164626215571,0.93819490896889446,0.94301582258426819,0.94643525272631901,0.94935475258049584,0.94550762814643829,0.92820266074937663,0.91072932958931507,0.96286836754027216,0.95820062294081876,0.95960777116448248,0.96034065562645743,0.95966942725151227,0.9610942631633097,0.96536294990864457,0.97686741356078288,0.97994568673398152,0.89888392584608479,0.91647500613857757,0.90662991486302313,0.90459721314975006,0.91623886945821653,0.91964753410585709,0.93335802642919496,0.95879966150920848,0.9583458714935118,0.95154296198565036
0.98180726883453717,0.98081712208798433,0.97614349482942497,0.95478240817104776,0.96889756623490264,0.97087895766401522,0.97033433737345187,0.98110922245157572,0.97288967383359348,0.90638520647273102,0.95766225438080865,0.97023705887617495,0.9390061044821052,0.93978431779446336,0.94637718136033211,0.94637150453674712,0.94858922009339097,0.94522794839613145,0.93005619633312908,0.90957428213278824,0.96652532713856953,0.95986242477401529,0.96484065337407721,0.9678507943179776,0.96809097095201635,0.97364923097945488,0.97769142023493516,0.98829402684703926,0.99035648678064747,0.89701876831876037,0.91592735135293424,0.9061723571757575,0.90253540241636609,0.9173788933937439,0.91995114196917915,0.9377029088597546,0.9631346098651592,0.962135682721455,0.95585849591006489
0.98330647856958131,0.98283250368320518,0.97317296354505711,0.95300086983621513,0.96943848990652548,0.9712787596222987,0.96965976893466788,0.98032477739619839,0.97322755532960303,0.90681942404186677,0.95637215573400103,0.97080033291072931,0.94146058199715787,0.94066848402686531,0.94524034276779978,0.94610821358348285,0.94758795235979731,0.94405855290139429,0.93022406673645375,0.91014557497090776,0.96685181673417453,0.96068891409696489,0.96556540931561941,0.96844330912247523,0.96869401874043759,0.97478154823902063,0.97893482503805296,0.98936644471169255,0.99176446631619863,0.89716732975836266,0.91697909123006616,0.90737110798421183,0.90367508145230757,0.91767324010490525,0.91986544670548342,0.93630597066320953,0.96065307890612261,0.96001791562280447,0.9558270063819635
0.98251706822561402,0.98246390530747452,0.97325547371085708,0.95432977275166941,0.97314125678785623,0.97265825537058237,0.97313423031628754,0.98021323957035311,0.97342056538042521,0.92577750917134449,0.96190311344427881,0.97493089302133817,0.94800029022089749,0.94812468922952753,0.9512785890128701,0.95458998504002135,0.95693521466311138,0.95334323540366206,0.94345889132019989,0.92775262122500757,0.97447766463453189,0.97048333589862901,0.97230000597143373,0.97318734783442362,0.97248127592683153,0.97493654150541265,0.97898106129271778,0.98852576297252881,0.99100219001983447,0.90675575372184436,0.92723907728378951,0.92152024961826773,0.92117037711910654,0.93189247974871525,0.93090954329248465,0.94456353851077612,0.96188947428810789,0.95944939307461541,0.9548465248762894
0.9815165996753672,0.98159656926655015,0.9766698104013517,0.95880262969336305,0.97418947593944938,0.97294275658209428,0.97485298718967628,0.98030999571517363,0.97301521832170657,0.93914598563890161,0.96544933577628678,0.97583619006762579,0.95290151696587222,0.95469835907368727,0.95664154471337493,0.96059207124383383,0.96250156429061406,0.959676288364811,0.95123126884965958,0.94083796318962165,0.97621556501501106,0.9734620749696048,0.9737091647174474,0.97383081011678441,0.97299861149492295,0.97430769505728498,0.9784833529596062,0.98776368893792021,0.99008854218508302,0.92354632258086178,0.93848563711172228,0.93342314637492152,0.93804671849328425,0.94219322881426404,0.94118903587494629,0.95039678796184202,0.96578423497506138,0.96385132076117619,0.9577426006844092
0.98438877234956879,0.98428673984435555,0.98238270732555388,0.96645995833587839,0.98201704126114342,0.98100346959298623,0.98338950345185838,0.98652990094489268,0.98000294300720991,0.94825735243549114,0.97420966113982177,0.98338899087066156,0.95534038881214811,0.95755782860698069,0.96207044355762916,0.96306153685149509,0.96429246956814085,0.96224339844027806,0.95931843398890981,0.9475691163000407,0.98906794987394908,0.98245395594959395,0.98381395609627575,0.98496303535456442,0.98384355703869841,0.98308470879626642,0.98309265701274795,0.9889368913327764,0.99124759023148423,0.93002037287789641,0.94341178703396389,0.93969489955625729,0.94526682991764999,0.94945232679841851,0.94754520807803833,0.95779592889139886,0.97351481211205504,0.97545956530931122,0.96452661454778632
0.98634296766015706,0.98495868526493335,0.98199078691150854,0.97075800140935475,0.9813131718041187,0.979963966216018,0.98242828529978699,0.98587399361736083,0.97868770219541212,0.9471683029675545,0.97327059207743627,0.98285617234709166,0.95827036352594774,0.958303367617512,0.96279008331701832,0.96230056288819132,0.96286625524031721,0.96092587772271609,0.95804588083687414,0.94634662849191276,0.98808175263312648,0.98139668004938363,0.98297701308474361,0.98373928489644447,0.98290950003327382,0.98210548387209784,0.98269808359118893,0.98991414222906504,0.99317064907435881,0.93020368528858832,0.94353567106891778,0.93860896494463941,0.94423619794989089,0.94839238661502601,0.94662041705695121,0.95689159825244607,0.97443936949907395,0.97933918779572515,0.9708810343425861
0.99203286640453048,0.98708433742064827,0.9820754601272651,0.97252016457684942,0.98018371768968826,0.97923178728260452,0.98199681429429075,0.98565798599977539,0.97842210519144768,0.94815445492550032,0.972746335778922,0.98132496800029789,0.96402134402920958,0.96631258542961451,0.96746201960244471,0.96670346621554559,0.9678955287821438,0.96612137769800466,0.95860676786014498,0.94880494623948031,0.98632392006851799,0.97974881276178916,0.98143192082598718,0.98207595055262387,0.98139684525181992,0.98094438128109263,0.98295800937192324,0.99180378427151139,0.99453641633664691,0.93181476662922513,0.94660191447211905,0.94050021994073829,0.94698938615449368,0.95081305289314222,0.94931805460952334,0.95801807327457478,0.97431847653742454,0.97808613738301786,0.96958478374392543
0.99265357213948324,0.98804962635109961,0.98447290326158354,0.97508777355511811,0.98125262855019779,0.97988114402960036,0.98168082483416108,0.98601021792069998,0.97944155548357847,0.95167320766545338,0.9748289425415142,0.9829790620024067,0.96643186204581244,0.96838876971329213,0.97040036488842507,0.96785980583293574,0.9684488690663674,0.9674786230321164,0.96257305258825965,0.95288672674986574,0.9857058647420448,0.97947598585163298,0.98145799593188943,0.98205550660385643,0.98167966211598645,0.9815016080842297,0.98356635001589188,0.99086505528303692,0.99284315993722616,0.93484115908779708,0.94792523391174155,0.94119806391868011,0.94902014960031322,0.95491245610274711,0.95417014425101054,0.96232410854295625,0.97681376835168277,0.97913274981580556,0.97021217427577389
0.98953391153079795,0.98615884827917044,0.98252006553123239,0.97377389438934148,0.98179506814416384,0.98245850738033846,0.98148420225217869,0.98842126997011037,0.98396950440621267,0.9508964129225016,0.97587013978663084,0.98270969176513578,0.9676242098969543,0.97092804877622718,0.97162768698438862,0.96950361156500198,0.96919033854067227,0.96830732108026463,0.96304434161564012,0.95313322809037537,0.98396030187661632,0.97906844248801295,0.98092465806841767,0.98112667655268893,0.98112407697819437,0.98195590417224488,0.98456642093915347,0.98860943534114687,0.99001588500657778,0.94356279515070596,0.95303385773193583,0.94633009583428285,0.95069079257571387,0.95710504793214091,0.95758962745057752,0.96529750094443711,0.9755975981849655,0.9761576297084833,0.96701097434897587
0.98717243496119977,0.98421986653519888,0.97840005232267846,0.97053481432443767,0.9810226909686911,0.98132921853937649,0.98060259121701954,0.98648269893244978,0.98191190452077093,0.94952666409734376,0.97526288471411526,0.9819555898967951,0.96576697701603964,0.9692732955679404,0.96939651975357832,0.96816522089276646,0.96824016440517602,0.96720412327170269,0.96234902148174484,0.95128075888085173,0.98259386058473563,0.97769703030493849,0.97987006582526837,0.98024333669598052,0.98022915486534201,0.98072992622042343,0.98253062285933601,0.98594646651515472,0.98725057358468049,0.94169715330870496,0.95144688009471523,0.94483564089240613,0.94921063400351535,0.95561432750694653,0.95589227077516814,0.96354225152080775,0.97227968639361007,0.97174670836767996,0.96240489749264613
0.98301531432657052,0.98007669700529754,0.97729745593037709,0.97138471540860072,0.98085489053052177,0.98072354628863689,0.98155827396344697,0.98516047515611871,0.97981620740660491,0.94713031046081242,0.97335853352089086,0.98076163089275592,0.96842013368168256,0.96900771366715366,0.96804850299265044,0.96620657912389674,0.96496673935734756,0.96339520989449878,0.9601175224599795,0.94772479808868559,0.9804526867584914,0.97591667634840085,0.97815160006471291,0.97877836370913074,0.97865878674201434,0.97815414992815453,0.97979017971299232,0.98174722166532402,0.9833758698959798,0.94803176070408779,0.95334534089486067,0.94438510823725985,0.94683544554636878,0.95184590342425757,0.95130787370651582,0.96043568399277557,0.97231201160009095,0.97693523985173214,0.96294729269916213
0.98289278504370936,0.98762432861473803,0.98431589977011746,0.98208590433491216,0.98523412576679248,0.98585026853872371,0.98486962712570214,0.98921078425618536,0.9851389259463843,0.96381015702225459,0.98106662052501703,0.98441300576341273,0.97074542967250199,0.97328028657120558,0.97666519452269007,0.97507876718716013,0.97686159905340408,0.97754767397876807,0.97067161091225207,0.96108364392263113,0.98611157015504758,0.98265824823973524,0.98326630085542499,0.98347794913095476,0.98350207391048283,0.98576585714370113,0.98648358743892695,0.98306212993255448,0.9843936285638536,0.95234746236992318,0.95887771029554791,0.95246700823946095,0.95860998304914002,0.96764057135185677,0.97104923125580689,0.97436668910802704,0.98191641524524031,0.98711787381801852,0.97638812906771644
0.9917134297904957,0.99283812817007611,0.98628444852712704,0.98427362594928214,0.9851663550637616,0.98675060671847492,0.98463586398811387,0.99021531841596644,0.98773825825933836,0.96214036928865598,0.98101824757695366,0.9837025784283473,0.96959988823254806,0.97228152151444036,0.97711095411299542,0.97303438031289791,0.97469646346364591,0.97577791515608192,0.96933949638007544,0.95956611648354984,0.98475714851997342,0.98105281909573872,0.98218885842547299,0.98307315635669434,0.98369613256472732,0.98848435478787944,0.99032420911057417,0.99317880312471696,0.99662450947092962,0.94883252733312162,0.95662750729400281,0.95015383423002375,0.95618379493708106,0.96609636118840259,0.96937973815827982,0.97406911970097176,0.98422589227659607,0.98975271581956659,0.98253756841528694
0.99122013797198083,0.99181163356527235,0.98488562725627637,0.98273225661393537,0.98364852412826698,0.98507511370613421,0.98325356495203176,0.98863231158270992,0.98597152047351855,0.95971129421847567,0.97951537952908097,0.98236454471537371,0.96789622081121551,0.97059253214992358,0.97559958748373266,0.97150243654508472,0.9726310853852389,0.97395040552670231,0.96693066759126889,0.95680323996132188,0.98305372863430174,0.97913457503739487,0.98115174059974741,0.98224233397661842,0.98282201113225198,0.98717823360822265,0.98892911047315468,0.99214374111042436,0.99541220905347338,0.94670447149518866,0.95489360444310667,0.94792071642390718,0.9535402436468724,0.96321991332448009,0.96699191888184577,0.97246941047223212,0.9827371980876034,0.98811279879916192,0.9807538394070725
0.98833590323474829,0.98850731465007602,0.98039720067140934,0.97725888646398451,0.97947958219325948,0.98134494089799085,0.97849906927389751,0.98442890494081703,0.9811934376918835,0.95213651606305727,0.97386631100934506,0.97699436078093205,0.96136062474199258,0.96401329010523618,0.96955656057687711,0.96437403565777424,0.96524954259768503,0.9670666581250793,0.95982721033784468,0.94905848771826473,0.97719763305251772,0.9730721041730257,0.97540164949377595,0.97731665699733028,0.978128088868497,0.98318922383316665,0.9851429178495148,0.98818956001087577,0.99128050455734285,0.93933815329518888,0.94750031407667923,0.94021487325920505,0.94548112595826761,0.9558844501349324,0.95947867675482368,0.96609236278068267,0.97776767053067459,0.98329852448064692,0.97621150831328973
0.98632398502741025,0.98731688849445176,0.9752115156138268,0.97123393133312774,0.97561150879940051,0.97911598241172537,0.97255925509846386,0.98076616045268727,0.98051390437444863,0.94622437927937297,0.96814303950832392,0.97286410452619843,0.9549131734981281,0.95766960616802832,0.9634153007496441,0.95798155010521124,0.95872878092017066,0.96115755474317077,0.95434632085669013,0.94298598782774889,0.97320704582944839,0.96847135713887755,0.97184860307779197,0.97469337082876562,0.97554589210922205,0.98243275839292155,0.98379494963123437,0.98553440276449455,0.98735799612690056,0.93217902879226533,0.9405471662495285,0.93409109869569018,0.9389322102233143,0.94988257814020849,0.953623650121601,0.96016529894838243,0.97238407290582984,0.97798386363591705,0.9704838815491923
0.98736721282584494,0.98732163611043477,0.9752563626470343,0.96898404144394623,0.97495101508469628,0.97878734102079568,0.97125416994138347,0.98045029088175917,0.98123917515790704,0.94217597019259069,0.96594467471086343,0.97185565182225508,0.95145969965372068,0.9538394150939844,0.96095219846425828,0.95402829811225676,0.9545273728959246,0.95728281408672999,0.95036627308931021,0.93885147180201689,0.97268826306199485,0.96688551765401187,0.97136767266352253,0.97465217568485529,0.97525622917016253,0.98270644199851054,0.98397415988505488,0.98496146799003559,0.98620989830852945,0.92768893049240253,0.93619296436873456,0.93052913127223458,0.93526376406275002,0.94557357868397152,0.94813793321732276,0.95787824009138556,0.97157171635283035,0.97559293746042508,0.96870084715704208
0.98605297030187344,0.98528162824785193,0.9777429069079977,0.97287955652208391,0.97453014730914878,0.97735659780998063,0.97200815638515548,0.97970129933111116,0.97864557593607271,0.94591749548184056,0.9720704172574004,0.97115439709592366,0.95895201113492912,0.9628409306811514,0.96760422465423923,0.96088266657748,0.96002752272868297,0.96422643080112258,0.95925367639624082,0.95046187032282858,0.97053746058385781,0.96551006152836893,0.97001415164328608,0.97265610092647203,0.97373770582180741,0.98039983798544994,0.98156990083218809,0.98194749683260196,0.98264238453152841,0.93599149511388258,0.94456654559760811,0.94252880618431278,0.94615039877753726,0.96031317194813293,0.9678819055132013,0.96778470516751103,0.97469922994470348,0.97813933427436028,0.97266805333724027
0.99090175818637305,0.99201105831562886,0.97881396432155765,0.9723217462623629,0.97677060793911841,0.98323063327816296,0.97464388887545816,0.9869118338198194,0.98865491858842158,0.94661976096780687,0.97291148472856726,0.97295985851999078,0.95738570402054357,0.96103628764846072,0.96660141476444161,0.95944016523029663,0.95827246049439097,0.96260915339040054,0.95869985405269886,0.94865768722168065,0.97097017609512015,0.9659648130533327,0.97136761343304079,0.97511137553233984,0.97614566779409617,0.98603427168506175,0.99035717648869759,0.9925096584291776,0.99716675590164994,0.93448680009305696,0.94257547672322617,0.94083618727121465,0.94483060793609763,0.9585112648623092,0.96556811041585844,0.9664938550810529,0.97504782260085254,0.9780101642571013,0.9719050158560133
0.98938154017255975,0.99146602820173402,0.97735458935973007,0.9721744386921336,0.97625425988942327,0.98296610050540245,0.97415142976580238,0.98657153469635761,0.98817147383102455,0.94567105875002022,0.9728388967670778,0.97240154124446299,0.95585631592383857,0.95849363817631517,0.96509475224288921,0.95673865204877429,0.95497810263290317,0.95990483617058375,0.95726248824435234,0.94561558995650996,0.97173063802921511,0.96813483648756704,0.97289493427986806,0.97592953708184405,0.976645759434006,0.98600599340641615,0.98990837312731428,0.99136247735076954,0.9954347882211293,0.93353223815329722,0.94044345398533935,0.93899533554956727,0.94246313776383195,0.9561131630030042,0.96261158198770735,0.96536522908702671,0.9741105365735262,0.97670430550114951,0.97120579101033211
0.98549737450036545,0.98781787692906931,0.97344619305288138,0.96714357131199746,0.97162937760914159,0.97839087275222847,0.97032883820229943,0.98273998171271548,0.98430726983585981,0.94199091198365681,0.96877354061479415,0.96823801074747307,0.9512347197339327,0.95380871998105898,0.9602939362963161,0.95436611351289413,0.95278835107725324,0.95712065973487004,0.95366554190843111,0.94446441941476555,0.96818678047003337,0.96431838045791185,0.96914040907829024,0.9716261485540576,0.97249780264167129,0.98198181761242687,0.98617777700768627,0.98822788022833907,0.99217773268417264,0.92838001357605759,0.93703206788060844,0.93807615750349049,0.94402735927480952,0.95351522922078025,0.95912021882901466,0.9615253103095619,0.96936775627150829,0.97149106956668885,0.9670673530197883
0.979384616032835,0.98088875146141907,0.96878968049654535,0.96312619290392842,0.96638761816673391,0.97279065989848679,0.9656000199061785,0.97691794720345904,0.97691602224466434,0.94057115862004914,0.96438858388001558,0.96369673948625934,0.95112033755351355,0.95490598274866689,0.95865752209916211,0.95750318302760706,0.95700959526519902,0.9589434430222018,0.95016690139788629,0.94224336707903711,0.96516329085422037,0.96188744857595854,0.96530762948573579,0.96695892994867971,0.96770422944788603,0.97542661750757542,0.97908012111484355,0.98192899070073625,0.98581986006401801,0.94261594763319856,0.94755800979469107,0.94779892932777066,0.94405733024171812,0.95116543815773291,0.95702608956779667,0.95913284159990786,0.96479238185530758,0.96662655410132037,0.9621079856810294
0.97749102656572084,0.97716233327552671,0.96545088553505309,0.96058274940688082,0.96448086831458957,0.96973743009442137,0.9644160166964717,0.97405420702480205,0.97241282400797691,0.94027330548715149,0.96284602126506313,0.96114971655692871,0.9495415020314899,0.95382773444593638,0.95743129334204835,0.95962114917118968,0.96145522454386867,0.96242265884651845,0.9527587775509504,0.94473124041300405,0.96282059865293179,0.96094602155243725,0.96360389321172857,0.96452060840557097,0.96492251276148167,0.97170507890763691,0.97499231673760045,0.97990231161298069,0.98354993928873735,0.94086610459192488,0.94694519075723271,0.9479947538423793,0.94586799755804019,0.95147606263982742,0.95648041322355182,0.95771879611496247,0.961702630847596,0.96259441115097755,0.95866972331553357
0.9751932281192931,0.97381327105623361,0.96165539308399728,0.95539990375128125,0.95893668242256735,0.96388322640895308,0.95965880626696776,0.96912979052323411,0.96728837040835292,0.93440818333118492,0.95790127018728022,0.95545343118825399,0.94521226927570401,0.94906138954788677,0.95200034284701962,0.95462042635906985,0.95666852228352428,0.95666367492013937,0.9474728306442205,0.93868515389927365,0.9572466467821108,0.95568053053092494,0.95854521490949141,0.95901374924462723,0.95928284983967105,0.96664278645478163,0.97013841330881057,0.97631908199750761,0.98044002190722956,0.93584701446506902,0.94225635552035469,0.9427408732473973,0.93989382849698677,0.9457435970121093,0.95060923709414624,0.95229070044351982,0.95648371901321405,0.95769437953533376,0.95496939175257867
0.97063935424737235,0.96913452102805742,0.9588602592487927,0.9493849349279353,0.95235968804665883,0.95681040787834581,0.95285924385863174,0.96216832751259873,0.96004163694304356,0.92660546425856383,0.95115651877895435,0.94883660743487197,0.93841230057975134,0.94194069900372202,0.94502761625585874,0.94710319099484053,0.949271476267878,0.94884721044374287,0.9397991611256814,0.9310740049415791,0.95000826941459826,0.94806769356789489,0.95168121149287899,0.9529798786254523,0.95374118191295598,0.96223899869102059,0.96414869324303032,0.97054836981460635,0.97459141483910139,0.92845902725928342,0.93505404271168391,0.93548464650975727,0.93251935588525336,0.93775277816726998,0.94222279460469238,0.94500194464818921,0.95162204571505338,0.95170316667899524,0.94878509604470096
0.96443040384459555,0.96224554523924699,0.95201227593402649,0.9425267874115002,0.94529635152869063,0.94889905640317296,0.94635671637807062,0.95437026908645473,0.95240416271551276,0.91979086818875178,0.94468888588772582,0.94160049346355457,0.93082470886474555,0.93400437910413658,0.93811401395862526,0.9396544085857047,0.94193805285155663,0.94111058020704585,0.93282182835468297,0.92350797515701888,0.94259832740023552,0.94080598139555127,0.94432152063495212,0.9455875076865462,0.94629140281606372,0.95448113523869915,0.95670456797656911,0.96447786791064227,0.96850928928984181,0.9197093668646823,0.92716941571736766,0.92793513983284237,0.92623420017038405,0.92973051202202894,0.9337742998939681,0.93786305644387447,0.94452978380290642,0.94433728473309397,0.94143101938684548
0.95847707075580235,0.95557727472146092,0.94415733032403593,0.93546938584505612,0.93902498280615454,0.94129040573770262,0.93899234290120948,0.94644912667339876,0.94436195435852588,0.91254581745128149,0.93696993497634573,0.93418089158996531,0.92605917082845146,0.92815101439734471,0.9309212131429464,0.93404553416508607,0.93525047991003374,0.93346940825993951,0.92475147531104174,0.91554044758101061,0.93492208106293151,0.93338680156763487,0.93657622829655851,0.93791129900638293,0.93861598405579616,0.94739740704275455,0.94911313660474483,0.95915527583972138,0.96317509666578849,0.91882237483703144,0.92383939235522616,0.92288807459476263,0.91891170517972476,0.92121690736081974,0.92548515818266863,0.92973854744821338,0.93707882336781545,0.93638766619699498,0.93356320927923619
0.95172244071522194,0.94794113986432216,0.93663152018243057,0.92955393606841219,0.93154959671203397,0.93268922723571457,0.93228911640888312,0.93825085077004511,0.93580839566985874,0.90452309196580993,0.92930568504670208,0.92692909837103987,0.92143840684459166,0.92442110497890262,0.92580855486108671,0.92761250490303448,0.92814681103119989,0.92630847972496,0.91696962561192297,0.90733129562884451,0.92765429074539862,0.92635186615813303,0.92966172487852938,0.93052891753569345,0.93127003115272322,0.93945249421940669,0.94075530583031053,0.9518798165586807,0.95632419175784655,0.91170468899187118,0.91692038666594833,0.91591068322781544,0.91149891041824771,0.91315389469324437,0.91741428056390717,0.92240851979026994,0.92946655617940643,0.92864986991558163,0.92581408316907043
0.94760043618575474,0.94198171042188272,0.92919827162387925,0.92422326307732994,0.92402051794579776,0.92488340484549425,0.9254823426399903,0.93130006950068611,0.92823115471662265,0.89786583339464521,0.922042398257508,0.92010025232664894,0.91523834815282856,0.91843810755418098,0.91934885341177575,0.92288407292479313,0.92327269880244722,0.92046684527490041,0.90925985534106057,0.90024790630979334,0.92131700677324724,0.92011585802226004,0.92308032475274271,0.92368355146751091,0.92444727839545993,0.93177211341755828,0.93422961929517856,0.9509566093342342,0.95625077973907413,0.90740291740865464,0.91341663472924672,0.91662353701171295,0.91075349580919762,0.90615790729318113,0.91017088928214862,0.91540000377583441,0.92262918842861874,0.9219278933998849,0.9203606309180471
0.94021871099271281,0.93355509311766827,0.92051656079140776,0.91738094894247391,0.9159428798643009,0.91601478558663796,0.91817980679105371,0.92247010224159764,0.91907707355795287,0.89040142929039945,0.91381332646318059,0.91232176106568041,0.91243407810603616,0.91402531981890567,0.91281985178324543,0.91742603072123274,0.9169845254322998,0.9132954812943852,0.90203951197531806,0.89244735340499659,0.91430684288346176,0.91334868813425341,0.91555166307064673,0.91618507982245567,0.9165904437355531,0.92272260410692664,0.92560504729990445,0.94361457550570116,0.94945382909706133,0.90333101183186237,0.90996030207488732,0.91236447818668587,0.90354875408529278,0.8982700318214959,0.90213289017877929,0.90724344477901175,0.91393697658742246,0.91320168499255916,0.91236355338652697
0.93353526705840384,0.93084636485535621,0.91300147856381952,0.91028213148038972,0.91016474064087971,0.91080909965228241,0.91093512463933057,0.91724409727263434,0.91494767076245409,0.88280115761074529,0.90582441614774145,0.90720106745894968,0.90838399665110103,0.90872005678001289,0.90629294150763373,0.91157972498972473,0.91052696209891704,0.90544841239001905,0.89381153895259779,0.88416178462255313,0.91079069187982331,0.9074867278082045,0.91072834749912857,0.91205487078070613,0.91153404871196653,0.91836021577781779,0.92195883658315181,0.93732699705640199,0.94387543064048551,0.89722278995113913,0.90408181649735653,0.90598942770120816,0.89639412716548739,0.88945689873739264,0.89298937360539454,0.8995084349641308,0.90667621484298655,0.90573126194577169,0.90466880410068518
0.92973487229624308,0.92636012327274364,0.90772598868351073,0.90754824626781028,0.90537843146886843,0.90496854601650523,0.90405738563680216,0.9115760981945541,0.90792033928922788,0.87969017257399262,0.90194487729463035,0.90250281188541714,0.90358787799200047,0.9031936623880723,0.9058747657820494,0.90612940202586267,0.90380044686946914,0.90008161432802103,0.88708495943586019,0.87693813883480221,0.90560926984631707,0.90223548350064797,0.90584581529698283,0.90702121956778436,0.90680993094917939,0.91360126891685189,0.91640521835673505,0.93190317100884834,0.93884937074829611,0.88977478693630574,0.8969090303929681,0.89819357593304394,0.88893647706901646,0.88337219718211746,0.8878670721232893,0.90178415170262971,0.90575296621264667,0.90216969556338256,0.90259700447259816
0.93123813200424999,0.92663333586639174,0.90668101588801042,0.90933090088165569,0.90206498434526605,0.90067866678345898,0.89991102990369276,0.90739622402597475,0.90393674192483187,0.87358734221769374,0.89814277022904287,0.89986441322019972,0.90192754756683147,0.90261220138430676,0.90549835612218443,0.90381579087527386,0.90023847767825482,0.89646712487231106,0.88184842416193743,0.87203842902511586,0.90133560203047181,0.89761379960422616,0.90247815016839839,0.90480653527932153,0.9046465743954194,0.91163516892768515,0.91340737947912631,0.92880860359167328,0.93561697588837422,0.88336216378578591,0.89304082572512078,0.89325242407117045,0.88376371983576174,0.87865661051449584,0.88256717459126954,0.89856682490618134,0.90668927390719556,0.90708270218827947,0.90495268290403452
0.92755265544040277,0.92416659160213022,0.90322597070933885,0.90988228186219544,0.8996976125259466,0.89831300969368721,0.89671078380535896,0.90496100623803821,0.90429875249962821,0.86784748113806365,0.89514109939793651,0.89905044786188049,0.89877260090068112,0.90047053662244003,0.90433616785781445,0.90213067450269802,0.89819391547016225,0.89495532460831073,0.87721417641528387,0.86760024753215825,0.89857724675711115,0.89454194873741555,0.90074670787770073,0.90287438772652184,0.90271556009555121,0.9093461913367179,0.91172160121756318,0.92523122610183628,0.93197774636802422,0.8769538335664494,0.8889578667239183,0.88875246431295529,0.87916867013475108,0.87500782977948488,0.8791605843616459,0.89712737802633635,0.90601408983440668,0.9093430466506659,0.90751734290323705
0.92188900716639066,0.91808784209816263,0.89798203650429109,0.90740812199373633,0.89433966395934639,0.89325073747044403,0.89173119998519967,0.90036220898846331,0.89989126688515619,0.86141507374535931,0.89042903404996288,0.8933462166163546,0.89483446462578464,0.8968503798286801,0.90040174428800102,0.89905547778569306,0.89447772573979689,0.89006395680246109,0.87241335772186068,0.86354507201374575,0.89252212137330789,0.88837740322723768,0.89516883535698166,0.89785731244246603,0.89678142089247537,0.90432309420205914,0.90550449178320414,0.91904029835649337,0.92631022919585482,0.87226159120643554,0.88428643313266775,0.88369732924893896,0.87474851571848877,0.87016962923152563,0.87335647471531641,0.89170812189417736,0.90198060776807842,0.90533040119220198,0.90533268348470086
0.91433102215697148,0.9101358990270636,0.89112781694485665,0.90242873916440269,0.88755389997740175,0.88566948066213835,0.88477067751576066,0.89320882402087887,0.89268514266627474,0.85440630554784724,0.8830458046950338,0.88653763733121205,0.88945043688955538,0.89135782672872699,0.8949618575831424,0.89385085305763134,0.88866176400252639,0.88350675612206442,0.86521030518947351,0.85630095581074395,0.88579628634398355,0.88142329296532873,0.88844181687964585,0.89178528027991677,0.89056718748104702,0.89768029606631694,0.89768191234962669,0.91164795059337,0.91961942701141308,0.86569962262850686,0.87836499784168154,0.87716585198760078,0.86776032733790387,0.86290227982550305,0.86637991331543651,0.88487635045627011,0.89667574132917471,0.89924670453213651,0.90124747773295588
0.90750890073875912,0.90310525228656258,0.88505008798181894,0.89617166290552419,0.88096781040821881,0.87937074255718983,0.87735636463254763,0.88660934738769037,0.8865498448746173,0.8452469798105946,0.87540488315819276,0.87931519644829237,0.88167650821800114,0.88293785814581438,0.88749951601072463,0.88594981956848173,0.88016221519410653,0.87472297976162283,0.85643097997931827,0.84722226155214753,0.87778515905941712,0.87256992404876244,0.88042202153846005,0.88518292735396564,0.88493552272553344,0.89398647395689246,0.89082365947076092,0.90407507088840255,0.91295815002114755,0.85584023020414235,0.86946459263429665,0.86842342409535689,0.85872745759124625,0.85377665356050825,0.85710446895518433,0.87712590705120763,0.88970474948964851,0.8932556112037694,0.89507144191552468
0.90195062200777254,0.89692150922321778,0.8844303329728288,0.89582985536186155,0.87432195031700988,0.87349516207114186,0.87128688970416479,0.88120961709160339,0.8823257377692556,0.83744704424485283,0.87200914911360905,0.87262718761355829,0.87768593912901327,0.87958661741660937,0.88786460312853754,0.88474699744403551,0.87938748432872338,0.87365994409033487,0.84939059943005124,0.84004967191161628,0.87364412633428634,0.86489111789092121,0.87420568298399581,0.87985767564137951,0.87979587712153118,0.88891989054463127,0.88527061951322628,0.89719129751013238,0.9059484810991556,0.84792452959916753,0.863575966714627,0.86240447966196809,0.85192794061181432,0.84741263616175666,0.85173611695428297,0.87752664930209778,0.8912648653718408,0.89434167040408852,0.89366599989260542
0.8975022299819081,0.89118633343268161,0.8819363481376632,0.89238377875909525,0.87004553161562925,0.86779932570368423,0.86731382770341103,0.87641584798482886,0.87567120403057219,0.8311457507434441,0.86814407836210439,0.86877316888091249,0.8723941030923873,0.87527489468379294,0.8850161826292775,0.88143809010196172,0.87607191223024461,0.86964512004012351,0.84468572409904197,0.83570063738263722,0.86953571408681518,0.85991496774609855,0.86939599146875546,0.87526344498896047,0.87495407233816513,0.88237921883640702,0.87873062741513142,0.89133863617232789,0.90033569715690664,0.84136008698318376,0.85871211184804275,0.85789072143781364,0.84740114651723364,0.84286121766605004,0.84737565996475595,0.87419849088628443,0.88961278162518109,0.89318104875944093,0.89176835591341996
0.89002630261600657,0.88442013947087117,0.87686718658741014,0.88788879512239138,0.8638898294164854,0.86076811409899823,0.86216711423883252,0.87093545027663688,0.86902895536124536,0.82451755351546285,0.86242095097997673,0.86317246350880406,0.86736127474672076,0.86889053936732186,0.88002089777084114,0.87530827448126025,0.86981422890854443,0.86357286588817239,0.8392999766533189,0.8307078526155558,0.86333288126618646,0.85357963051957064,0.86283156085130586,0.87035302461815789,0.8690761176308256,0.87528048757784871,0.87143953835802368,0.88477565779066669,0.89335114868285559,0.83564984878912518,0.85309739830696418,0.85302053481057105,0.84245499267636481,0.83733676758201792,0.84018184102989424,0.86807911366474477,0.88525247564450149,0.88928216108599856,0.8878187143581896
0.88863118358056281,0.87958689376067023,0.87270540520257545,0.88209328390471675,0.86059174124533511,0.85517667170432099,0.86223123233928656,0.86642063790947965,0.86248886872124686,0.81699312970636351,0.85781012569842729,0.85852730615475592,0.86251771352659845,0.86406860323220791,0.87474638483942257,0.86941940369958248,0.86388878412691283,0.85674368256408018,0.83244466793062166,0.82332449731796209,0.85647173388075004,0.84732997340053473,0.85576838560866353,0.86262368138543877,0.8622361404798683,0.86766336738437455,0.86631499417673952,0.88311385199100845,0.89143058275268494,0.8290624812886318,0.8477248907795446,0.84743429453348462,0.83635246637213645,0.82982761735601251,0.83323802922674894,0.86146931133310134,0.8797917236439502,0.88364804378530215,0.88253284639313545
0.88264905153194961,0.87289314732347889,0.8677501630041784,0.88037335211870749,0.85416510133119394,0.84869009964133257,0.85715679912380716,0.86136003282442841,0.85593009060109781,0.81012480039185319,0.85203819523841828,0.85224111758002308,0.86314437258773846,0.86132951565653548,0.87020164698105806,0.86475813878411156,0.8576382260530917,0.84986539378983517,0.82600405422930656,0.81600279829634936,0.85133337972223666,0.84233504125779779,0.84967473862255816,0.85590549925390902,0.8555860410377063,0.86081866500842308,0.85924092368142568,0.87628850031292349,0.88559692422534886,0.82395267964986363,0.84265606105274393,0.84163029501193531,0.83216285653628641,0.82225676509904944,0.82501958704305511,0.85491661798207952,0.87445495981282251,0.88218658521499482,0.87835387512769825
0.8813931089315411,0.86801457300419727,0.87558459066472882,0.88322783375669123,0.84902189892726809,0.84451477204310532,0.857699359837371,0.85893958312264773,0.85143477562676428,0.80889278947746446,0.85564821408215397,0.8462269832063859,0.86408579610587499,0.86432927855634023,0.87196890584427689,0.86553827035964315,0.85774785578653479,0.84961811141620902,0.82521957928658718,0.81287080849719118,0.84564502069554937,0.8374509525267837,0.84452541830330208,0.85023356524643623,0.84966161696693498,0.85437638810801819,0.85448403698701236,0.87311283639385495,0.88085259402271598,0.81886955785244309,0.84035387081600865,0.84090001806674353,0.83049671543612213,0.81993036067550218,0.82282515461676009,0.85317476804150039,0.87534960902530945,0.87807125834285493,0.87582145172399883
0.887309046380797,0.86902301267799609,0.87278924993549223,0.89167579712775669,0.8434039903621442,0.84130658972020389,0.85200936928225823,0.85655048548817903,0.85349243718693824,0.81046505520023659,0.85476747309939061,0.84033854785997697,0.86597319921103033,0.86961111111469458,0.87969362790045802,0.87941025472176393,0.87603579431889489,0.86828053543381256,0.82523975693746987,0.8254369083817743,0.84318432654042619,0.83242938586166437,0.8404875342529553,0.84716208653656233,0.84529216060811052,0.85047461890092757,0.85553096216575897,0.88457373278573304,0.89801817250159499,0.82982530541179267,0.85159445390196464,0.85835894913394084,0.85233981539596138,0.83678424684094876,0.84682633013246833,0.86584372437406065,0.88009573260613883,0.89444413893002228,0.88358847781544614
0.88452117853719137,0.8655380978694176,0.86999321419588505,0.89669171342488507,0.83892568410706758,0.83743684559301323,0.84878892951637752,0.8534289416973706,0.84929506180889291,0.80489279611100839,0.85103547780914834,0.83432268215234073,0.86789812207579609,0.87016593724444546,0.88047845185452633,0.87761644277705753,0.87363641321671326,0.86512338423723778,0.82000961435554631,0.82099603551268041,0.83900467327645645,0.82590303565094703,0.83484407731851085,0.84167323962811202,0.83965082898058374,0.84579113697478681,0.85152668117776131,0.88249074291050478,0.89945015992617638,0.82636162884277742,0.84919527501186876,0.85441972944079159,0.84775493149390146,0.83263672485831997,0.84434187003932282,0.863832657646184,0.88021739477038774,0.89644505726777668,0.88672013439593733
0.87926331011052794,0.85940729400492011,0.86575269183150605,0.89248268326842017,0.83258359119021819,0.83064340119679225,0.84327309424975783,0.84791295448500847,0.84291518448337732,0.80023397228090398,0.84607783029890304,0.82849387699646249,0.86342184057381932,0.86659369122887597,0.87699897736067933,0.87963598328832504,0.87910049300337001,0.86886925407108317,0.81602807439725888,0.81736993129609992,0.83793174803569748,0.81970863032127206,0.83151342996261535,0.84066128120767225,0.83601311069719797,0.8394977097292825,0.84511587865575566,0.87725331550561225,0.89457527692050243,0.82077174894135718,0.84585508360909967,0.85156186122310296,0.84388368140333581,0.82971240468251806,0.84252387312072474,0.86011161055817376,0.876271179169262,0.89336815826483751,0.88205552772604412
0.8761946803158257,0.86569044360979541,0.86406056529961395,0.88878225261921595,0.83660122680029625,0.837207666064124,0.84309290196797781,0.85096424979159913,0.85273088697634469,0.79889340945174614,0.84348896005467056,0.83390963764167947,0.86051196155397391,0.86491661106904416,0.87436857078130292,0.87961927750870639,0.87936758218014466,0.86719418281703342,0.81389727164212933,0.81352988564317064,0.83834892538076611,0.83742649929461999,0.84037273035184112,0.84393523119855074,0.83942282223550624,0.84455304579267099,0.8528124147438364,0.87670974089550513,0.89318830443531927,0.82911554854434466,0.85159834164538462,0.85923260616448094,0.84199249219233585,0.82815798085281633,0.84022581522337214,0.85801912127509616,0.87284750334253303,0.88766917270012902,0.87636662166175816
0.87747844712996803,0.86265313505892682,0.8647960972121751,0.88472807340174453,0.84664695927509259,0.83700313290852546,0.84085698256730945,0.84565592136939283,0.84617579835576251,0.79700992170458351,0.84324371563867839,0.85732759499422673,0.85882549153938281,0.8617570597980565,0.8749708580230724,0.8780530386552281,0.87680047136976536,0.86543730549613784,0.81158948960713229,0.81004792871377362,0.8438651533167234,0.85588650046771053,0.85846105032227416,0.86130782362100167,0.85596888575606644,0.84519246523828784,0.848718326885051,0.8759334026901866,0.89138030962959991,0.82745109915662773,0.84813076275507426,0.85725753701339946,0.83861266821527458,0.82463382290578646,0.83627742704443431,0.86110767320584658,0.87408538528080515,0.88351500437059183,0.87109607333143002
0.98677578051546189,0.97471441194305986,0.92073121747223574,0.92696444948424273,0.97139948962653211,0.96428373607076279,0.96294393040736082,0.96670921015547351,0.95868532231953085,0.9265356963788981,0.9621181466102422,0.97910489887794072,0.96106043387566875,0.97317419427588714,0.97230448276368153,0.9891688100351248,0.98618663068048684,0.98151519632708362,0.95682881245909335,0.9578062978756684,0.95442693969527626,0.97781064461796641,0.97776438461569326,0.98562334992090073,0.97709389017173864,0.9668306300397701,0.9692525835248712,0.98861288345465637,0.99957527347775366,0.97030994339355392,0.97779460940475671,0.98892565674490274,0.96835416674858732,0.96750058096593217,0.96941579813418499,0.97524901168692968,0.92988502961159036,0.90542078297502471,0.90090015722520023
0.99493079316735056,0.99091654060351464,0.93909371004125886,0.95369287374539691,0.97939619271030653,0.97548278338808736,0.97670875369171251,0.97756899425646104,0.9718231110554667,0.94375781893016331,0.97452505998473538,0.98293671452581466,0.98710476813028347,0.98947936249132951,0.98473415527016972,0.99476798423403223,0.99338623214441824,0.99088555620096197,0.97005545784227243,0.97155021331894231,0.96290186470779604,0.98206403198559766,0.98164540833376346,0.98778177306251502,0.98164928629557902,0.97861230247937558,0.98272523771282394,0.99707242900162207,0.9999849830243791,0.99271896425893369,0.99344020197635297,0.995423177175913,0.9801936626506188,0.97931741872540234,0.98099635220993575,0.98418070441435446,0.94778811520216188,0.92725741770688996,0.92532176545870093
0.99285867137769424,0.99024958129227458,0.96389480530926408,0.96574270496946102,0.9833083429049404,0.98026575411893857,0.98434405938511749,0.98494419870191985,0.97570779401207153,0.9484153752954364,0.98266344123512994,0.98574890308047192,0.98727804464768654,0.98989637160482224,0.9874937005842741,0.99504625224228083,0.99452950646284877,0.99284127346866458,0.97367484439681162,0.97299887445342426,0.96832836218149254,0.98404575621072921,0.98399568330180054,0.98856427097773536,0.98383430463886112,0.98087866986608629,0.98456372189748942,0.99583165996358869,0.99852946797311148,0.99148493607196408,0.99281310541637502,0.99447493380622776,0.98051642582317489,0.9813605176162592,0.98320300252113169,0.98715683445117497,0.96553167964724396,0.95007447887696961,0.95267624332217904
0.98970991066719494,0.98746160064020683,0.9607640635977085,0.96419439471856849,0.98089148167809936,0.97828192237514811,0.98243721661791794,0.98305682655036675,0.97356862486309659,0.94681406149234926,0.98060929118859885,0.98358493802692892,0.98590976796358298,0.98835073070750123,0.98599245794697976,0.99358347237916811,0.99310439400666006,0.99133096716412683,0.97179696031980434,0.97098384014986638,0.96573246100366739,0.98212517111589581,0.98186502540163945,0.98627423497649136,0.9816738680121323,0.97826057120756216,0.98224217584437068,0.99317812668458461,0.99636979527041392,0.98968318637900754,0.99112508765776774,0.99270297936908203,0.97853297747815671,0.97974854588099269,0.98181305226401694,0.98544221694627898,0.96317030677114268,0.94752189603258208,0.94996952701093695
0.98371149504619537,0.98110558171339168,0.95463035237931182,0.95950070921025132,0.97495784453866852,0.97198409817378739,0.9764274645062242,0.97695369014925526,0.96704056962469298,0.9408532030388137,0.97461763871955209,0.97780294921866107,0.98181786354433975,0.98392121875031147,0.98064925991400909,0.98888245870873359,0.9884100892629637,0.98582728011158827,0.96675579763350383,0.96547758664453887,0.96042103358194375,0.97651505032210062,0.97710534284405914,0.97997963134207056,0.97622220622751221,0.97180532538682085,0.97597913495252386,0.9870491696270508,0.9906918018733929,0.98447528268115714,0.98644362708033728,0.98717112877169533,0.97294489753243241,0.97359034645028431,0.97587877121467126,0.98014720295518154,0.95787948800652101,0.94254187836869907,0.94442454124336173
0.9772556270490047,0.97432458980010361,0.94763904404405563,0.95284771102825283,0.96873229591717702,0.96554604204660488,0.9710451684386715,0.97131856821536411,0.96042438659885254,0.93352794841232856,0.96797865672929395,0.97139351151949582,0.97522480477926143,0.97712100832887483,0.97373173946689984,0.98289372173363032,0.98141070641851891,0.978395117330217,0.95977657135934458,0.95763840644911036,0.95384365026817108,0.97009896701369924,0.97039571031394745,0.97290435637591,0.96933853680512416,0.96467866802243407,0.96922286855764195,0.98104331192992944,0.98510519803800234,0.97706830985543935,0.97933930718191431,0.98014605718494141,0.96590022124437047,0.96565684688471021,0.96781900513959807,0.97268257407419911,0.95074882596401389,0.93502585319642217,0.93706716753045571
0.96955637324720922,0.96628926755893596,0.941235939050033,0.94593430177166471,0.96113633543041654,0.95720686096283625,0.963842702819805,0.96330473252888582,0.95199791358631503,0.92607167308285654,0.96041197998607453,0.96415131097992746,0.96742567444852079,0.9691749679103796,0.96589552180581328,0.97487393624134688,0.97340697480064242,0.97016611268019826,0.95241844201988746,0.94961287070161537,0.94635985369552356,0.96291500802606467,0.96291035833322935,0.96538210927398338,0.96196003903340177,0.95630615907486449,0.96069539444338437,0.97329538612272137,0.97771847523401489,0.96883970528018837,0.97124222297212826,0.9723278922332288,0.95804053710631176,0.95742517956187267,0.95923652387694036,0.9645887817049521,0.94416859043629631,0.92847954546133238,0.93023412115955018
0.96222163833387098,0.95856161853750244,0.93352900194835331,0.93877062302745418,0.95369702814352908,0.94924807035625736,0.95652416183501798,0.95538041089728321,0.94359230869650068,0.91806964927485601,0.95247945554788094,0.95690647156741793,0.95954816606519855,0.96106163941721567,0.95812895951035848,0.96677938989025147,0.96523377815307565,0.96182481986099366,0.94427675259324595,0.94077796039905892,0.93926716940836819,0.95580615199453411,0.95577733188729963,0.95814200256410542,0.9546801581655292,0.948311286079632,0.95244814374581577,0.96567697240939043,0.9705744288021626,0.960004199293646,0.96273422159217226,0.96384561962255555,0.9492596258783399,0.94870530644990481,0.95035751841238092,0.95628902112426117,0.93644459709182182,0.92123413349983141,0.92286706840087684
0.95481272738138578,0.95094888952161161,0.92655621474607408,0.9315650058024304,0.94619085634202427,0.94161065834318314,0.94939761862174399,0.9481542964493912,0.93597148647974127,0.90954673089793614,0.94511288243905689,0.9494019053674303,0.9516605128205905,0.95306943876316974,0.95082558436299347,0.95897583148276178,0.95746860147554802,0.95396820059297649,0.93629861617025856,0.93242632027213479,0.93175523761820112,0.94827577529086793,0.94822383671654209,0.95040070304164026,0.9469631311561767,0.94008961289321002,0.94480546477640037,0.958452359515371,0.96355723950356353,0.95161975666430043,0.95446218788434156,0.95578971029782256,0.94093280358251641,0.94058961230599014,0.94217597591621038,0.94874880160099395,0.92924725475891068,0.91389058497351783,0.91559498317273713
0.94767465764845382,0.94352903542192146,0.91959598697282852,0.92464099523601284,0.93885875613138026,0.93400569472330253,0.94241046514171767,0.94116162348031229,0.92811164970277893,0.90687296678354012,0.93779519505791864,0.94242887669103792,0.94480248978752102,0.94623026366880725,0.94370705257101484,0.95248476728565301,0.95089070294869604,0.94696254647741862,0.92935201584325888,0.92613018676954351,0.92510237342403845,0.94149624654718089,0.94142120249784123,0.94342814496374172,0.93994324965679166,0.93262773063010618,0.93711206749215137,0.95128424656569588,0.95684025700820752,0.94493227972200045,0.94778042529119266,0.94901265318486672,0.93574530355005292,0.93295649952958926,0.93496901857444259,0.94148929207112386,0.92232005823990559,0.90707225269426472,0.90826798780702322
0.94082403055700337,0.936297619736146,0.91238697402369362,0.91838069761215591,0.93103078118989546,0.925875092481104,0.93504909617450671,0.93348459277910334,0.9202739327787417,0.90115793831122748,0.93105514929347444,0.93471674616544376,0.93922196956879345,0.93999682354262659,0.93689782937693189,0.94630515077941457,0.94438218895987092,0.94024410348603127,0.92592955556932077,0.92306708224852763,0.93297712336543603,0.93711769629825969,0.93776254823149463,0.9399232727021406,0.93482930196649661,0.92512992440967234,0.92933703558238367,0.94463540660164413,0.95050249709776524,0.93790517132504059,0.94135209256081631,0.9426637898075696,0.93083380976626862,0.92765431065933113,0.92818472023190557,0.93469676205554952,0.91510218082310213,0.89983551239622561,0.90123171291349791
0.95575566340253293,0.96434708133341285,0.93108332475798694,0.92977430057868926,0.98775290911782077,0.98469532937554527,0.98191057292031947,0.97876283455983326,0.98016469533269979,0.94306646793209759,0.96208001802401133,0.98511704724386961,0.95108083970710289,0.95174491617850909,0.94528531892599255,0.95543804595928938,0.95208183072074926,0.94713932354178954,0.95892202608578769,0.94132608243649851,0.98349832805654258,0.9853252305940482,0.98676822938736031,0.9883568335876477,0.98597338686833458,0.98298463299857286,0.97431536258547091,0.9547377725004913,0.95143118597493093,0.96954269429123863,0.96460190673206403,0.96803486978711406,0.9511304475633563,0.94391602380839501,0.93617036688360677,0.94370965363882653,0.92810383610132541,0.91753575263317,0.90836656704701668
0.96389281670144988,0.96805472140036564,0.96735402366215384,0.95877490587237746,0.98905222452778296,0.98547523505650436,0.98483776218753249,0.98065561403949097,0.98022593709480665,0.96367404700144743,0.97559628484730099,0.98755952545853176,0.96422856620499098,0.96578052313613605,0.96731533577545858,0.97371053289532983,0.97460256404630097,0.97034074405897386,0.97054270613598348,0.95971046767566481,0.9856384230912586,0.98798440588765313,0.98847379964150472,0.98898836416811853,0.98707680853963387,0.98303872280587334,0.97551809201156092,0.96059060026177145,0.95609840195620088,0.97509746896918315,0.9747943648944386,0.98040073480783552,0.9662869662745539,0.95987235517954517,0.95022668152687595,0.96493607137673498,0.96568214074304526,0.95977917812858338,0.95086166993077792
0.96866385168392777,0.96979733663829371,0.9672403102335696,0.96030729833121409,0.98691815477980327,0.98331731291335156,0.98347297558688251,0.97908117941944661,0.97784858895210969,0.96267085646966744,0.97486989975516403,0.9854979886114924,0.96571974144756012,0.96822763017539937,0.96898165102775746,0.97546264532388927,0.97651942044260009,0.97254284938955371,0.96981987089073429,0.95990295738392928,0.98363641949554625,0.98574710998388138,0.9864161773225395,0.98636549259582196,0.98465656775415233,0.98080166142075997,0.97430091188509904,0.96315615001845722,0.95844777524247105,0.97374695980898263,0.97479321708161304,0.98121676287822723,0.96659135773456739,0.96189263489391807,0.95527955713265722,0.96634357684186223,0.96519752421634653,0.95882313510032224,0.95226828358079152
0.97292562293348916,0.96956106753976989,0.96401348650444774,0.96038911291253115,0.98430321410540256,0.98051186055986039,0.98194963474471775,0.97750786158353209,0.9755562282180531,0.96042363902835681,0.97302822912912312,0.98253100040805685,0.96574568798966454,0.96742736156929388,0.96739972098911919,0.97536956412931575,0.97631277085562318,0.97202572746833571,0.96869875846139175,0.95950252814642434,0.98046364139712527,0.98199816964584619,0.98295175586799466,0.98237874128804703,0.9810015454056551,0.97794813448110562,0.97262391448524399,0.96748937294156101,0.96433779730604363,0.97114996749572713,0.97283770015317206,0.97933224067141844,0.96592768108099714,0.96073126863594271,0.9543452861849584,0.9642261077700317,0.96259192664566506,0.9562484148573035,0.95321686416620244
0.97045135331774934,0.96632550065038048,0.95993076341240768,0.95738502676774351,0.98064871327622138,0.97699835413073954,0.97894434500313554,0.97408889709881508,0.97112403646060286,0.95595747752319782,0.96940970318424924,0.97861181085843374,0.96206947260978137,0.96382376059170949,0.96335151948305386,0.97177123671381194,0.97347306713545023,0.96782067666427207,0.96494944443888286,0.95610505691305203,0.97619869353291489,0.97717268626119103,0.97917218850882082,0.97899207751436801,0.97723950163507867,0.9738828095215466,0.96845252521739644,0.96467230357351819,0.96179322878471474,0.96760443587252842,0.96930666622534878,0.97576051521921137,0.96246522560086056,0.95766950362575021,0.95091290709330145,0.96001464621192456,0.95875464449257752,0.95242840356167213,0.95075619846061044
0.96389359661590879,0.95948949995074562,0.95279510489276176,0.95263319965667514,0.97401499893047361,0.97013445671385212,0.97194236299285997,0.96704944724166009,0.96432629475180709,0.94923273241688733,0.96201627436055437,0.97202044120938114,0.95901192437278904,0.95849018907793615,0.95723624702914301,0.9661160452701808,0.96700950836902688,0.9613517171560293,0.95792689293808064,0.94915678591081554,0.96982039756878347,0.97043795334463223,0.97264286170145053,0.97292285461217676,0.97084579404904159,0.96723901416375935,0.96117050114679481,0.95803908714933561,0.95520567134621892,0.9614035280089831,0.96382569703628551,0.96869677802985055,0.95530738829909678,0.95080933391536526,0.94426310526615398,0.95284013057799855,0.9517907056842857,0.94595474310883687,0.94512158792547141
0.95662557493818157,0.95219049577359527,0.9470592466244101,0.94662619865576936,0.96713742604135244,0.9627617898957801,0.96589828676445399,0.95994861170043777,0.9565269928384833,0.94206652741547758,0.95572297972219011,0.96523378002846272,0.95268852592490216,0.95206863514735596,0.9508173708929184,0.95953208148367564,0.96045045211217217,0.95452615965756504,0.95142948968718333,0.94203256408069935,0.96320408876423946,0.96358478820535343,0.96582278654589448,0.96622712557057355,0.96393616158775286,0.96017549031572524,0.95335839794435762,0.95060696216958429,0.94802266081950204,0.95419238233750714,0.95697896376610214,0.96151818853087567,0.94796853137632864,0.94377299537755643,0.93720646788290884,0.94609787230248121,0.94596828212002815,0.94050119019288636,0.93935201600159779
0.95918805725095946,0.94988990226407577,0.94097228260177135,0.94277990070458295,0.96387180213921142,0.95746146490149564,0.96330811857739673,0.95450162830828267,0.94962339260032946,0.94236673096069279,0.95321385960407123,0.96270466011422318,0.95280158664134706,0.9560169496083335,0.9514575574744758,0.96727139102844273,0.97044996668625993,0.96518414095460514,0.95175039973807007,0.94257557034408368,0.9593017580266785,0.96155784239506159,0.96295469525500088,0.96274230097550551,0.96042279042713785,0.95453742659943641,0.94748579434224567,0.94712799471936693,0.94407207119092407,0.95986813136580729,0.96203450566468596,0.9643838963942617,0.94757729622320785,0.94686126894358758,0.94507655542833102,0.94687466439890877,0.94046956049870145,0.93586952459674011,0.93407775353549005
0.97278817376276316,0.96039966681839617,0.93936530790913064,0.94346510855726251,0.96399555606573628,0.95640368873163806,0.96144718350216896,0.95379347358162692,0.94892098964413429,0.94046849849330005,0.95113010775280327,0.96447311893410492,0.95101813763531695,0.95423507591334389,0.94939145121638502,0.96536903537403451,0.9680981445910446,0.96246153783704136,0.94957342428854363,0.94065420445729875,0.95660513113990608,0.95960684194486856,0.96216266143179519,0.96291978850883897,0.96128780755066612,0.95715602453000015,0.95293113665498086,0.96623672739706457,0.97191068905869749,0.95773426539697537,0.96016582481030577,0.96304444705990455,0.94575774408252389,0.94511591349344259,0.94267737103952276,0.9443389902756435,0.93994286943794725,0.93648711382130534,0.94089305477467378
0.98643993413496656,0.96957402322011987,0.95461091587073688,0.9783266234678808,0.96408884349234969,0.95889187687562927,0.96420111342700465,0.96293589768751842,0.95464484009503781,0.93946261825904864,0.9555519650309352,0.96383819993059261,0.9707730988999651,0.97145338478734911,0.96481724882610131,0.97070873144588943,0.97068019555570295,0.96531326015230423,0.94969609763766683,0.9405788740319625,0.9537537689132739,0.95907416690718028,0.96105239182159352,0.96133067434479269,0.96000414880279616,0.95775769876503647,0.96218320697530946,0.98600743539774893,0.99348671819850731,0.96011114343163395,0.96434057189244149,0.96325971000736688,0.94537712881170344,0.94637852413450219,0.94523361828064911,0.94977353822290689,0.95887589535443185,0.96617767818182154,0.98707486966709024
0.98465621816603899,0.96699999133460424,0.95615411537019357,0.97920821117053503,0.96175753678536713,0.9563282290270545,0.96192133468131147,0.96032865940216772,0.95178872210826115,0.9378407134265061,0.95543580319764188,0.9614141918233805,0.97855464156162197,0.976346999772432,0.96883868063356182,0.97282187083189398,0.9713513108394336,0.96543285684001012,0.94813690941762763,0.93863571548992031,0.95216081902176519,0.9574199559894615,0.95891211720700298,0.95873915500665297,0.95739409421505872,0.95465437448554202,0.95918464807573167,0.98392103232216666,0.99121955188751487,0.96143160399680316,0.96686148875191147,0.96240970190146102,0.94328222337817347,0.94526378072656625,0.94441775692645835,0.9522806929444998,0.96161945995093145,0.96828615593582623,0.98559813180729972
0.98119357141114538,0.96404672729705565,0.95197332670873958,0.97568470725902523,0.9580334457844798,0.95268126066892156,0.95796342947727553,0.95629763998609052,0.94742399186167814,0.9334084564654197,0.95141253402754355,0.95801165820186829,0.97543536891342619,0.97240714721395793,0.96486796083760129,0.96920716494114656,0.96784532336650686,0.9616648460847026,0.9439602282550249,0.93412747691984666,0.94909587157687691,0.95333756971362726,0.95602621975737367,0.95633778384921053,0.95466477885368106,0.95093969346789287,0.9559972261990618,0.98050721461119961,0.98727274129546061,0.95865838372776457,0.9641670378979692,0.95890849380805998,0.93880258563548069,0.94094496564469776,0.94077174885464387,0.94777894890264192,0.95713003394568041,0.96398497643869363,0.98096435746320165
0.97692032227925929,0.96208729850017638,0.94803944399075046,0.97172296786267842,0.95351275426865867,0.94801040364543376,0.95344872033718042,0.95177442984633343,0.94289654984816984,0.92879563233595697,0.94667803369103642,0.95374758787877734,0.9714719743531387,0.96834658420642572,0.96089281713105801,0.96562644828281252,0.96370993836845531,0.9571713958088498,0.93928835400815824,0.93023979909257137,0.94435795138536338,0.94864766847365622,0.95194942234625479,0.95278921226095248,0.95076679382359774,0.94758188364709761,0.9528571669680499,0.97557417667374213,0.98282336818185945,0.95489510881379258,0.96134740161868526,0.95756964329793193,0.93715529095245342,0.93680735711767948,0.93657120510342429,0.94342912471040807,0.95318903655363518,0.96034972747135439,0.97702267537190013
0.97277295647489526,0.95771821224847131,0.94516414910331714,0.96860111764930434,0.95012210711840261,0.94492271806117389,0.95126944549960413,0.95072303687442972,0.93825318893363874,0.9230212548583222,0.94721603104593433,0.95013726928053055,0.96779419817806045,0.96448619697219229,0.96077859970310475,0.96287054838985286,0.95921541762492468,0.95510339860381732,0.93593067652029194,0.92497025160076118,0.9451233590466005,0.94475498860124818,0.95035025564509756,0.95222601051762379,0.95015591604651617,0.94652343984526777,0.94881092216565333,0.97130263441955622,0.97876813217185399,0.94978198863292218,0.95685632356530437,0.95310534423586057,0.93138736287663726,0.93779080319273034,0.944672049349357,0.95238654234350284,0.95378576376362978,0.95576433007846184,0.97148121253166775
0.96718471648784166,0.95363549169724271,0.93956175355217231,0.96322958337808029,0.94583886685364305,0.9408021779863549,0.94683885767787079,0.9466001525086134,0.93600946290934739,0.92238085960208005,0.94189482466341545,0.94580690064862249,0.96299973436463082,0.9597204385615018,0.95526860281127535,0.95884433823598059,0.95549880673770504,0.95025123693371782,0.93138786473068969,0.92160348902168021,0.94099714645755594,0.94238031074038342,0.94653321620778685,0.94740417576113656,0.94563727545471121,0.94367787248690715,0.94515921013443294,0.96529882984929827,0.97247603743346533,0.94930433429039751,0.95385544800052846,0.94891162253172856,0.92805441641748454,0.93345156987499633,0.93926599202391325,0.94711527853882405,0.94803122689826047,0.95097874711999375,0.96602718491571882
0.96316374335447019,0.94901862278314564,0.93257064135444878,0.95720315748573404,0.93985186105149154,0.93425072531319442,0.93961389565691977,0.93935006413889643,0.92878953046501,0.91536933763398587,0.93515939109055635,0.93934223929846883,0.95797436526650237,0.95502965004044282,0.94944938351623065,0.95491207485846197,0.95058217301453241,0.94463610564881806,0.92489446973773604,0.91534979227618596,0.93420006549531387,0.93584243284992819,0.94036758258213482,0.94160649700521692,0.93959397245154153,0.93798238853574201,0.93935600553502097,0.96028834402433039,0.96679746082961304,0.94387332344718644,0.94896690754253676,0.94372884712676242,0.92226510102520465,0.92737203523690448,0.93308371548928482,0.94105463894292518,0.94104091692469327,0.94391937721783969,0.95989569898190163
0.95706236575799897,0.94319921462859635,0.92560973440893379,0.95027872634848731,0.93394840418184932,0.92803911752434165,0.93327333133004919,0.93289819245590788,0.92274330671369498,0.90866484078057819,0.92783401788980135,0.93263337648514633,0.95116426788774677,0.94830659260268302,0.94216903538923225,0.94865669924763696,0.94374786197099192,0.9374898908681627,0.9176622378954209,0.90786134704794552,0.92810498088232118,0.92943589522142622,0.93381040541520521,0.93471972674643355,0.93272306036757147,0.93231751742311464,0.93332448808259505,0.95366503922886292,0.96082254100082987,0.93770974688506914,0.94258313319563114,0.93732904806521544,0.91497808254113888,0.92010911854199984,0.92574711401713317,0.93364910474284679,0.93369847134042261,0.93704797996817946,0.95435473656546033
0.9522805890031405,0.93667051587188899,0.92017766192194095,0.94457169757173265,0.92750782945045485,0.921413313837529,0.92712063358072216,0.92625021381862638,0.91533060289017509,0.90346543243913768,0.92182540623990639,0.92645677687716543,0.94533471808759373,0.94268013388586891,0.9362191401618617,0.94332248473925528,0.93823399656831519,0.93184782902212704,0.91257968055300154,0.90269574204949676,0.92286025931655302,0.92353591246116495,0.92852722901794149,0.92960852916182901,0.92721303745390393,0.92593722642091936,0.92602588799866314,0.94788179164189235,0.95560776641630607,0.93098124157394513,0.93677587165217835,0.93138647589775769,0.90965462320598456,0.91468594612873877,0.91967546492105567,0.9278580214337383,0.92845410434446585,0.93219534302556151,0.94985316532636932
0.94622294752440728,0.93015932015103409,0.91456944546068397,0.94040956193945102,0.92272617565810422,0.91445195198331908,0.92036385165410284,0.91908151314358566,0.90779725075223461,0.89710032269705231,0.91555175470942418,0.92429343465652825,0.93926549251344071,0.93623243524620381,0.93085162300704494,0.93734965016543625,0.93218754521287284,0.92582492242228864,0.90666850695595369,0.89616779593673535,0.91642845036924947,0.91757268844707041,0.9234978209798802,0.92452427779399127,0.92246136168054516,0.91934696119281711,0.9192334216342638,0.94185823513673628,0.95068069207716022,0.92438473688364142,0.93059057391182232,0.92490132923925983,0.90299403042806858,0.90847085298566466,0.91347575330773456,0.92215602919442841,0.9235305703865182,0.92743810647241676,0.94645096770537596
0.93948675964642536,0.92343755118026427,0.91023038528648215,0.93565014961358728,0.91677954668556449,0.90906495467593973,0.91479286347464905,0.91370006193661613,0.90338522573877056,0.89051926276766957,0.91029533336651092,0.91828758940315314,0.93473028592203899,0.93091207570844126,0.92546502095591132,0.9321975225102096,0.92640013011321398,0.91972233739641474,0.90079909879276876,0.8893819518450089,0.91062000458452419,0.9122991173593108,0.91803670126464199,0.91891068388566854,0.91660634709063271,0.91301105591491816,0.91342176267623099,0.93508607714190262,0.94422504653331985,0.91777254150089871,0.92439312686034725,0.91822366838182734,0.89626714723415257,0.90194409873933667,0.9070677950272531,0.9165487435095907,0.91923718500791951,0.92562874868308631,0.94100441663895762
0.93257088802652055,0.91696041575945386,0.90446216335838325,0.93008306895281978,0.91075997085063587,0.90310056525055971,0.90915505475504199,0.90849919389703959,0.89731111252120088,0.88391048148697715,0.90445032563529537,0.91241561295254192,0.92940293798940921,0.92566496476755944,0.91967147067832178,0.92661665796983528,0.92023921971216271,0.91467413567673106,0.89555268073492,0.88389120200230686,0.90770467655269527,0.90787265635191783,0.91330403318475828,0.91319944661401853,0.91083318758199971,0.90665249652079638,0.90719863060043637,0.92887781162648753,0.9379942882130875,0.91166472490560002,0.91852667876307714,0.91207347712812459,0.89011753632583013,0.89692440041581523,0.90252401873876564,0.91095275058969505,0.91347539268933942,0.9210028666309602,0.93542126697950534
0.9253083482765555,0.90977537928693264,0.89755532743708444,0.92376439327755744,0.90362305520744213,0.89555209044010142,0.90227186718967245,0.90096300679628127,0.88957087655069345,0.87703565613583756,0.89792474962629454,0.90549072179788059,0.92323814671660998,0.91956704832973912,0.91349001541336183,0.92060922792616418,0.91414099843671459,0.90871410601852132,0.8889511984813887,0.87721154236602161,0.90122603967194181,0.90106849455890115,0.90657298650276408,0.90623178168012386,0.90394037639136737,0.89908992336838944,0.89963955278890773,0.92141335541803915,0.93089295999296851,0.90473716828352868,0.91231535241808004,0.9055427208712391,0.88321312220383064,0.89065376047306677,0.89652795138184938,0.90479640485700008,0.90673858103325122,0.91438878306381299,0.92864224909866899
0.92002470326551811,0.90582823231943244,0.89128702996578912,0.91732821285855015,0.90794086996173107,0.90204486310109455,0.91560211064576136,0.90889984182110284,0.89864906448680115,0.87138486490497213,0.89761660004852317,0.90694789925067387,0.91721235012837732,0.91321452038797168,0.90721835995584121,0.91425266864822918,0.90742981537647782,0.9018996060386939,0.88450061667364732,0.87054419550956008,0.89691036987268724,0.89721155612153114,0.9035948237206517,0.90386910778229046,0.90172430699053108,0.89830698277804466,0.90184510162112785,0.91552316650864118,0.92374369495836617,0.89806353328735145,0.90597007042797006,0.89893349979241144,0.87674985343724054,0.88426719008574617,0.88940179620004123,0.89900691780897579,0.90021413764103109,0.90763828135195501,0.92174627527152919
0.91310056766880965,0.90001713568620623,0.88416122358212113,0.91231411220366365,0.90493573524670023,0.89807927957325606,0.91200466720627227,0.90336643846752784,0.89317423594168155,0.86653832543925036,0.89311481037639873,0.90299365302763601,0.91120516196189749,0.90733583504282456,0.90104644530934086,0.91017423066577829,0.90374027744376995,0.89742263032487257,0.88308802289295585,0.87215241889357042,0.89342924033741378,0.89444035523109866,0.90132728489248348,0.90226299969310009,0.89997150891739675,0.89573567366466378,0.89595891871465905,0.90801467233046351,0.91630851769682808,0.89573715499734008,0.90322119421687608,0.89619132425194659,0.87831252653190062,0.88162542868237748,0.88321429201926893,0.89285799141430733,0.89366111214900457,0.90084167834647966,0.91664973897649171
0.91686288433704755,0.9001884077212492,0.8784325571374636,0.90846310661785423,0.89890091504587011,0.89282497550848416,0.90594788927619274,0.89880977738880907,0.88930564620100194,0.85974207800428626,0.88657494942465376,0.89632448398006725,0.90608637670737013,0.90190502504259551,0.89538043740659223,0.90444689314014681,0.89773560553636034,0.89103149035743301,0.87642819546522333,0.86573223678302813,0.88732616133081788,0.88800254705558668,0.89520003305369389,0.89620774966297112,0.89399667953976847,0.89110478955043171,0.89331321479992587,0.91020950170404791,0.9199720810868447,0.88990949270852371,0.89712287029911697,0.89028479085533474,0.8726845782484498,0.87508378344445847,0.87652362382107352,0.88627401874553691,0.88764067371403033,0.89556825750548408,0.91293148762133391
0.91030810327087697,0.89338608035461564,0.87177031828336837,0.90383130118367894,0.89190965404298483,0.88514989443729941,0.89898019713154331,0.8913905008571581,0.88169352024951975,0.85300218742190614,0.87989365290095733,0.88930975335919982,0.9002004851764589,0.89598310871753462,0.89026773289911276,0.89942314622052222,0.89383424107391096,0.88605022797637178,0.86978424987148029,0.85958681049064511,0.88098878213506415,0.88129896372335814,0.8889761676590624,0.89010008536550622,0.88764805938968161,0.88394645596192845,0.88597802678705118,0.90345086112214001,0.91381496969630627,0.88493751005830279,0.89209968579224819,0.88519107192117652,0.86730144793359665,0.86930115501337946,0.8713642668509336,0.88043245621831601,0.8812255049144857,0.89018002827143394,0.9075712078746726
0.9037441888233424,0.8865105100528633,0.86377575202935575,0.89611835267748019,0.88577512910705836,0.87825452004247573,0.8923675022565285,0.88377358801153705,0.87363706725905843,0.84602580805508376,0.87281699976785931,0.88330039783329295,0.89258747521577875,0.88877754258390762,0.88318750531802392,0.8926702104601969,0.88710091446325046,0.87964969558158757,0.86341830007245246,0.85283079419344321,0.87519529741357971,0.87533121408375902,0.88319566833964269,0.88446026615785134,0.88186185570370679,0.87727398092673237,0.87828114701392002,0.89627207283917432,0.90719132809343128,0.87746883976084722,0.88468190279474701,0.87849525734791567,0.86084501542565595,0.86278330441729856,0.86460645931999403,0.87367108989018394,0.87324204794092908,0.88281342094956672,0.90052181827675581
0.8969001221865528,0.8796298464248069,0.85677313912805897,0.88923746212524468,0.87922848585793345,0.87245899583982256,0.88453362292706128,0.87781501605102386,0.86954715502865587,0.83847608617897273,0.8652387799570268,0.87611575914834794,0.88561116828756858,0.88183943701848022,0.87684119586011378,0.88698257010881687,0.88199946740955104,0.87348050810341571,0.85549114845999819,0.845680428404194,0.87040859980757734,0.86895963763057438,0.87753276546963188,0.878653149420632,0.87551988170146766,0.87096870950283667,0.87271565785168359,0.88908669934950757,0.89993622382908223,0.87030961173428067,0.87761959569423986,0.87220183083211822,0.85393523980327168,0.85589933386045314,0.85758360615295892,0.86698571679528236,0.86653525869930004,0.87656814619513479,0.89303004479100112
0.89183978599797675,0.88110960797349225,0.8513276955590996,0.88345532803708804,0.87496911825366397,0.86784231448490323,0.8812320171226492,0.87233477103489854,0.86352531928322895,0.83301273293766942,0.86170392178400657,0.87168650006594461,0.88000205250904451,0.87671876218350753,0.87119296337951635,0.88250835860763088,0.8769793464901624,0.86788160467512543,0.85135969249592691,0.83984626556622033,0.89104852740141016,0.87105670975471983,0.88238336204422951,0.88206509001186684,0.87647606089448493,0.8691508303310671,0.86987901941070989,0.88312764329529114,0.89364538484075329,0.86505550007436849,0.87339720812081634,0.86729967994801382,0.84877501307677028,0.85024349890357487,0.85151490164658961,0.86148251237677853,0.86090849265864244,0.87093989239250724,0.88668247300522907
0.89217470684618549,0.88051557783191325,0.85447683243122663,0.88245238608396526,0.87469504073186344,0.87329817336840521,0.88283961676714873,0.87603556781575864,0.87678784528344988,0.83436892221860615,0.87394358898819891,0.86883613197035625,0.8757524608431223,0.87475995513560711,0.86900026183775436,0.87946376456075204,0.87213698504310344,0.86391165615833287,0.85938125767209483,0.84350006557499868,0.89172521646931824,0.873814402737492,0.88205922108968093,0.88132390890157775,0.8746224842526773,0.86982508735207509,0.87351056688339823,0.87784753554169148,0.88668376946107341,0.85988676036216272,0.86909751518210676,0.86413990111558836,0.85126569340575697,0.85138931120367278,0.84671312020859513,0.85922350832860006,0.86010780070835247,0.86846012019385077,0.88808229599720534
0.90465915316102985,0.88543423950055666,0.85690002457618586,0.88481035292711752,0.87721910810545911,0.87292169277997089,0.88439055155532742,0.87537382579101553,0.87213697075917529,0.83822077814672058,0.87821672220781066,0.87078278053660807,0.87675657418457509,0.87684373459914788,0.87147286945823321,0.88369932370540705,0.87710306421387518,0.8677654343334289,0.86191505973770632,0.84640257115282147,0.89084331576824483,0.87213482959456301,0.88263822705746953,0.88290030055491808,0.87622411598595684,0.86937610519556441,0.87275589664626385,0.88410472915903648,0.89413935216494844,0.86422807701086402,0.87484654475938828,0.87248742275333557,0.85769011935506523,0.85442330034783809,0.84740680861685447,0.86207198512408589,0.8641746171090593,0.87447494736985876,0.89052474105438351
0.90856544183758292,0.88645410237478517,0.86430530806880779,0.89466858312937614,0.87784346883892883,0.87358952443855564,0.88920220555566709,0.88049135742505324,0.87076482644104791,0.83983267529583383,0.88060793511649016,0.8694279995414893,0.88078172974752711,0.88344330514679903,0.878720867091909,0.88772521340192545,0.88132558079978496,0.87286372794260747,0.8681895654043128,0.85128734406977458,0.89017661241596691,0.87490484853411987,0.88271146558278746,0.88099316395764837,0.87491019963390326,0.86725339567588156,0.87381261770224306,0.89194969123577139,0.90186666048164899,0.86075867507927362,0.87492783853464795,0.87202526426083571,0.85861028684312501,0.85908140914284736,0.85378008676115902,0.86580470236440887,0.87185976865690762,0.88685309895732978,0.89822866616779051
0.9111205364637488,0.88871972805280319,0.8615470379940493,0.89296762243706718,0.8759709246820887,0.87139641577437887,0.8865422563641524,0.87818283742009084,0.86784486241339354,0.83645424268894419,0.87781610444912861,0.86799880649310446,0.87827309956589406,0.88068649354330808,0.87659923480545754,0.88549415152405031,0.87919272440135354,0.86988622295988949,0.86508398251138441,0.84790814516148272,0.88714264636999096,0.87115424975950395,0.88045181006048845,0.88155336145533503,0.87579659730617976,0.86917709374158247,0.87318493738236957,0.89025386080226798,0.89867323764281215,0.85743894821488542,0.87245855367498903,0.8689408016192135,0.85555439343911521,0.85563458302945328,0.85053292904091493,0.86273378285658819,0.86925029069204796,0.88439169037113141,0.89629860004492434
0.91373802204584609,0.8888921922633265,0.86682785628605574,0.8908562142458023,0.87632729766070394,0.86989758566196562,0.88934374353501533,0.87714783584567735,0.86509930516588107,0.83122872803535364,0.87676709412748299,0.86449861245516013,0.8736193875358842,0.87644192291297585,0.87493941463484737,0.8827499622042968,0.87575204959120967,0.86616088300567695,0.86099272654848069,0.84187624366637015,0.88247189504679679,0.86594545617584207,0.87614455668636659,0.8764975696931977,0.87185278319100012,0.86583235922108936,0.8733803786715244,0.89915786108957607,0.91256757749231321,0.85122991914584578,0.86751120381993652,0.86440689836066498,0.85058837057619197,0.85212668025776861,0.84952729674125205,0.86283371045118695,0.87142339141627601,0.88363268841123588,0.8957510935751728
0.91420897291206626,0.88673391067227203,0.86260901219883013,0.88774422165100153,0.87034308098464042,0.86385168124805234,0.88392187409259537,0.87162833083273339,0.85983446687680876,0.82517304548386416,0.8713338271535267,0.85878849262761536,0.86826631184815584,0.87031368958536581,0.87029759096092563,0.87729030237272798,0.87030249773895507,0.86053695811246333,0.85495014109596112,0.83611318752558994,0.87705956469955015,0.85971673508279778,0.87059671514571202,0.87218183333064203,0.86662905028927717,0.86076490536786376,0.86860641651465331,0.89575305104043212,0.90827644695910292,0.84444186020450163,0.86139228813583346,0.858252713943781,0.84435253456789683,0.84599585722842141,0.84359829512117079,0.85789544062391865,0.86910854003518634,0.88497490433699588,0.89467696704228239
0.90898026906911444,0.88060492534730972,0.8579564885776203,0.88385925003818733,0.86488724681116458,0.85758674189648332,0.87892567235194552,0.86607830397518171,0.85273474159715623,0.82025048096779352,0.86656309005995946,0.85380032599973998,0.86386220730356988,0.86528047636082683,0.86559852451935027,0.87279468857052367,0.86565178505815632,0.85527683746229499,0.85001485573748492,0.83058340986826507,0.87227168036782843,0.85471153292024138,0.8658398201846258,0.86752654194401124,0.86173534142787878,0.85479469678257181,0.8619778900963212,0.8904132529495703,0.90356649828800539,0.83752300030107862,0.85577747250727787,0.85260772586632372,0.83864946360344239,0.84037453169132814,0.83843871800373282,0.85286755287255134,0.8641237295445936,0.88004600722255133,0.89035015741975698
0.90224709106842649,0.87418296019942321,0.85178535276895984,0.87840500492658413,0.85872838969987009,0.85130841278562208,0.87323638864832398,0.86032386918181969,0.84633588344856003,0.81378927060643003,0.86054328074694009,0.8479951549060637,0.85829679266064851,0.85951905284718777,0.85960676557421933,0.86704772675138309,0.85936496292359654,0.84919270600152763,0.84410456428656522,0.8237988881003846,0.86699234977810657,0.84927870342221012,0.86040740029927065,0.86208307844291365,0.85604521318262961,0.84837227951940142,0.85538544616530165,0.88417034298469765,0.89764079189465928,0.83032454400516553,0.8490995893109885,0.84587491225575007,0.83201156142241706,0.83365853569801884,0.83224159463544023,0.84668844592210701,0.8579154436733013,0.87356946069692287,0.88414714200925648
0.89545714509766516,0.86748015862037298,0.8456435548407425,0.87209606164865106,0.85274223172479535,0.84515079860092901,0.86761780073573347,0.85426830425085998,0.83985943465107593,0.80680443954485992,0.85489240781443099,0.84203778186044453,0.85152985169173334,0.85280690731636477,0.85335323994264112,0.8604287945490191,0.85255613862261814,0.84255919053576744,0.83761506090038029,0.81678537167286225,0.8609914175840625,0.84339107731898533,0.8544627581305444,0.85639960608595,0.84999581007122693,0.84194415807528367,0.84843498977770115,0.87754658778572636,0.8911738678536818,0.82231817888384584,0.8411744102177473,0.83840275636355865,0.82489426040667946,0.82670619984643468,0.82518957960687467,0.84034944224451891,0.85173130472452674,0.86738489152941889,0.87720649987239718
0.88953552522370294,0.86149959541924903,0.83908488406996307,0.86554692985219783,0.85257953522568974,0.84300311971178199,0.86224898805579808,0.84909369384406996,0.8368686487526753,0.80270075492050508,0.8484816043901926,0.84465715040476463,0.84532619237180961,0.84631572039849767,0.84695083652677594,0.85406053410090643,0.84602600397684358,0.83614069709052186,0.83133609267036845,0.81018108271901423,0.86933092979521587,0.8446349443509289,0.85937245231433845,0.86510706406006765,0.85902363159069339,0.84766480183034165,0.84389386301019931,0.870923317242421,0.88442266817609572,0.81490700481051348,0.83382074597154898,0.83119134675000239,0.81879955376830904,0.81986111104701054,0.81840419311190582,0.83385308820062709,0.84514280065856784,0.86069543950247374,0.86997357974657141
0.89135559331705205,0.86171001154829507,0.84376069847353852,0.86224539620565321,0.84972418737393329,0.84075860385769063,0.86325465265534318,0.84745112094792274,0.8333385122666066,0.80692714572596369,0.86341069843238893,0.84003106587080156,0.84197444815504952,0.84471147431719318,0.8449183585988761,0.85297199908561516,0.84461757211264554,0.835866150765747,0.8546833161326034,0.83137786490661592,0.86559884548958843,0.84059517610383649,0.85496094571476111,0.86023162776946094,0.85409819921790098,0.84340853609751221,0.84133772200314105,0.87005289800554397,0.88433149527645261,0.82013762350141761,0.83700023844362526,0.83579818219383883,0.82830859624639097,0.83148949129488536,0.81967784260447907,0.8349966155396279,0.84499333344660144,0.85853057951514467,0.86526792433146615
0.88874672414207301,0.85721760283071058,0.8390714288852148,0.85759256970022379,0.844307832139225,0.83506861533022769,0.85858701163228202,0.84240586012489083,0.82777883784113571,0.80313157306806593,0.85950546813504802,0.83462408969172641,0.83816180348838643,0.84127516430678217,0.84104652861885865,0.85025687790371207,0.84157424274251735,0.83299978633776328,0.85309459901847318,0.83586226562922639,0.86085510868495541,0.83607845919820489,0.85007694330400596,0.85537059584894004,0.84903181657690152,0.8377646723266674,0.8358790430952624,0.86638630860293275,0.88001428817961502,0.81553839298582398,0.83323709912006327,0.83266453105781257,0.83348726611375179,0.83159009748540846,0.81580674803729603,0.83124507934405223,0.83974730241909901,0.85294849144447749,0.85991985142634353
0.88540615250180665,0.85229688896831535,0.83636290621687182,0.85388406855195553,0.84388705862264535,0.83155575148497263,0.85686996092061385,0.83818159707254591,0.82113287272423563,0.83662543273939649,0.85721870501975883,0.8380016502397597,0.84713847566148903,0.8445206978126989,0.83930278633775102,0.85042845975701153,0.83936075176347213,0.82952316107048729,0.85492616970396873,0.8394648720469029,0.86216975452615641,0.84036510395000608,0.85212908900954676,0.85688469662653732,0.8508486692154692,0.83605103225383981,0.83015428953687798,0.8635566539538525,0.87830025231859088,0.82243864902238917,0.84014301998620422,0.83889282903074625,0.84126442073351637,0.83151308169360039,0.81227913261554741,0.82795617550359646,0.83648038706305694,0.84839781734267539,0.85580840602919706
0.89022730445875364,0.86648748775549389,0.86018931732885373,0.85582806003668499,0.8460376324334743,0.84582606648405378,0.85861081371109982,0.85862954985997841,0.8501846651689553,0.83486291440290916,0.85920379517093259,0.83534711750685331,0.84381818937511965,0.84069274908240743,0.838984837675672,0.84688818205741134,0.83568591404453296,0.82616161590909065,0.85133202662489182,0.83480530749531956,0.85933628135512841,0.83783005133457178,0.84913365094168414,0.85464104943562313,0.84875089071285525,0.84717411934511133,0.8516921077023667,0.86783460525867329,0.87590361202251377,0.81961892089049804,0.8374081889354722,0.83515157263023376,0.83722664661854507,0.82674217765237823,0.80740997285325034,0.82726566773899834,0.84730480040835443,0.85092001161596753,0.86697857302540005
0.89129984935410034,0.86553975450954601,0.8563148406589135,0.85145845196172587,0.84205262431730665,0.84144821776224277,0.85437876565187509,0.85429751806612431,0.84621255621474956,0.83221085179417231,0.8543038769485285,0.83162393272254476,0.8394232064029582,0.83595711316508492,0.83356148835386989,0.84263866716333036,0.83088829145087673,0.82129831520195995,0.84736515488027109,0.83037680929320834,0.85552443637628672,0.83488898493132058,0.84549643965464094,0.85043090630349838,0.84439811961140032,0.84370919907991848,0.84870095352563635,0.86758771035164606,0.87456169669664341,0.81556687801148842,0.83311153138522742,0.8306372733632289,0.83334134680458238,0.82146331495724612,0.80176342176279369,0.82207001526634182,0.84265204643941738,0.84641938031158881,0.86415530026325116
0.89325288161042127,0.86536672509478529,0.85200495724423631,0.84739845201080199,0.8528884515111349,0.84411380938003988,0.85765137690048121,0.85395758060828075,0.84439925822030681,0.82874007701883068,0.85147163416325167,0.85044409494640816,0.84329372794573509,0.83516500484128342,0.83029594379975258,0.84162186538837092,0.82975931468230457,0.81902216789118198,0.84471374715030989,0.82626289824529886,0.8661976402453383,0.84210593355442642,0.8553559582253899,0.85975945902785589,0.85476200145694736,0.84559040744851888,0.8488544180553701,0.87807754380683756,0.89774008884609735,0.82546610274504173,0.83805285394405071,0.83301341758331604,0.83041327084598515,0.81732388827074065,0.79754526179987151,0.81781143638479958,0.83812098221955189,0.84170584699694972,0.86030556015982329
0.91992262977798711,0.88840044764118542,0.85838278089388043,0.85402704989172984,0.87396883764633304,0.86054540218952646,0.87709575174089571,0.87137064532512243,0.85303310028166901,0.86739569127625593,0.86262266419110711,0.87586772107368993,0.8558189869786802,0.85815991663344171,0.84735625128446079,0.86065509633146076,0.85045225130787461,0.84127979440584488,0.85502456706756635,0.83476953809405308,0.88872851556016652,0.8780452397870061,0.88526434467589954,0.88667522541829258,0.88335798448157932,0.86993143209667212,0.864643218197646,0.89603838687557558,0.91024787690173525,0.84102071256200284,0.84922305113685037,0.83793671471713815,0.84036293454370048,0.83040329979269922,0.82185341431315506,0.83238424582946113,0.84503477730932641,0.84214108316608738,0.86449931611078501
0.92220342499731034,0.89143866397260407,0.85693959474017545,0.85276444001772245,0.87322694005837509,0.85835660381365642,0.87479333086643618,0.86787490157117109,0.84908307925866655,0.86702890148415312,0.86093564409093881,0.87629502150449368,0.85858595173268881,0.85996020253795269,0.84748646409652029,0.86162558142793721,0.85108594709891283,0.84112531315909311,0.85564676946122464,0.83510434324655791,0.88816758950411867,0.87812756417309656,0.88580924790520799,0.88829226214045942,0.88505700368704077,0.8722165957649719,0.8639283685965562,0.8953870422945347,0.90983916670789455,0.84238946835218209,0.85057897517348968,0.83830819969770565,0.83974464065683607,0.82982023628119339,0.82069973011548836,0.8308702795488343,0.84297248730786201,0.83824487482103383,0.86147751737520706
0.91782912044294973,0.88697977808998052,0.85335912355923826,0.8503964818385229,0.86914303015352357,0.85357928894238266,0.87133273800783884,0.86274416289606415,0.84320617436980239,0.86369352996943227,0.8575275582312728,0.87256783294438167,0.85689564667044305,0.85754028028066853,0.84498338243100346,0.85929382860721837,0.84843938435454491,0.83826542278912297,0.85254347559510524,0.83193088830337192,0.88624372302856069,0.87584585256180425,0.88276001256163616,0.88497854742926596,0.88156694675390668,0.86835678355962809,0.85852786050517982,0.88989792575115956,0.90490614611417697,0.84039188001620746,0.84869282921986933,0.83596398259599736,0.83666191118326694,0.82632240621121378,0.81719888657414952,0.82761401656191957,0.84007794447807271,0.83516110441689129,0.85843942840636456
0.92281238255203202,0.8926068004441553,0.85226167436700206,0.8488120620014824,0.88421046928578351,0.86140516624817587,0.87980606613519752,0.8638322688312543,0.84180225252687746,0.8717143305221503,0.86531729268264557,0.89398324671485463,0.85279835804281345,0.85399559063600117,0.84564828492082766,0.85859832120458213,0.84773790925132475,0.8391936631948187,0.86080177173497052,0.83415300683313087,0.9048624256652209,0.90972748872729203,0.90627373991869153,0.90233820305755108,0.89928808559419493,0.87639324256764217,0.86062997137121089,0.89259522110621292,0.90670704730107521,0.83731034093524037,0.84648258173915381,0.83442831391240069,0.83625960275961697,0.82956839853278708,0.81909214401883712,0.83258635134298309,0.84156403520552159,0.83585146257254939,0.85667440416157525
0.93202294438296673,0.89814152436949557,0.86044137385299979,0.85395682347379254,0.88529295605964731,0.86137688603784868,0.88000609233367655,0.86430039661508062,0.83962973578298972,0.87610812331824095,0.8669218749987776,0.89582468119297742,0.85226234327940853,0.85456003760894994,0.84870088735430516,0.85995926675739387,0.8496596508310077,0.84214161109412022,0.86335642383726496,0.83708675385207865,0.90450348858744067,0.91107980484301299,0.90744273344358806,0.90366900746858669,0.90094609410340687,0.87771338052308823,0.86339743956549875,0.90526211919366084,0.92120567077929494,0.8373208046068682,0.84732466046833899,0.83607441577526376,0.83865611009241625,0.83227523823142679,0.82202914831099649,0.83611493656893499,0.84987714696365013,0.84626271434656031,0.86737097148867304
0.94141577450815828,0.90344723376387404,0.86595321033894102,0.8658450617612149,0.88499525321760564,0.86216435438018513,0.8805393182782868,0.86666793276878629,0.84190200032936202,0.87643935238080151,0.87088023226221845,0.89513062936305499,0.87380311526413523,0.87928385746205406,0.86768245713207026,0.88737490115927353,0.88216136714651783,0.87237748063961029,0.86525161723648158,0.84069768192339134,0.90239112887692419,0.9100097558543454,0.90642235258608861,0.9026592005660049,0.90029803308743195,0.87819582271054264,0.86761977400895551,0.91382277044065419,0.92596893815180081,0.8617229435996786,0.86912348460940947,0.85247586452785706,0.84295496561936112,0.84270675743957868,0.8404024896114739,0.8505337051922619,0.85838081947725031,0.85223757666880962,0.87785044041745985
0.94028465685132356,0.90256033701406158,0.87828586980083534,0.86771770817752947,0.88251045108896131,0.85998961401788121,0.87893731559185129,0.86523442244932591,0.83963330963826799,0.8749609523062456,0.87178562685999128,0.89319710188005652,0.87314033846499117,0.87821626659437502,0.86852255564835157,0.88649769053206262,0.88119658031548509,0.87112252175058769,0.86356690618264464,0.83939792209239361,0.89917500246466708,0.90806984867868057,0.90415216642851026,0.90027934287470879,0.89820820957118119,0.87603028274131067,0.86584451194215961,0.91221959695663324,0.92363779641742516,0.86174002899100843,0.86881236712825405,0.8523321369803486,0.8417736125661589,0.84129776778431054,0.83940302661122124,0.85078894144944039,0.86571798338056882,0.85534627097534977,0.87881673256422266
0.93485851720502866,0.89699429403472097,0.87416471927265427,0.86468189396811923,0.87855849741870318,0.85568287151007993,0.87548606422539421,0.86082332190175836,0.83400672742316528,0.87258530214148111,0.86914122868577326,0.88942070682007945,0.87130381488645292,0.87648918245739904,0.86641197415228577,0.88472521924994318,0.87909325450949227,0.86927799227333413,0.86153427222735401,0.83737890027512907,0.89552621119925413,0.90509309630782242,0.90074158314275998,0.89639790470777836,0.89428704891810251,0.87167055439856611,0.85984312125240581,0.90620239896003407,0.91823958806191508,0.86030300607955601,0.8674429863102423,0.85070074062295453,0.83968860899086939,0.83936846785864905,0.83782750577551379,0.84846436322659735,0.86231157525737623,0.85093048516080261,0.87437752647923206
0.92759196563209767,0.88999494557960579,0.86983620846407539,0.86019258992033876,0.87335318214722379,0.84963595365653688,0.87146319549992746,0.8552854664008902,0.82657561955467085,0.87027188355774054,0.86592274439734429,0.88486391959900923,0.86739633488881029,0.87304106677712801,0.86273403593000419,0.8818936948421624,0.87618952752579504,0.86591939774110804,0.85913670041279233,0.83509930979913272,0.89098469004462688,0.90091211627998169,0.89651544977065167,0.89132316032605519,0.88931829831490172,0.86544675851692254,0.85238184496871927,0.89894472127098501,0.91222581086960397,0.85634028199330658,0.86407364593047342,0.84731238892040439,0.83681976452581808,0.83683397215419575,0.83487155696466131,0.84500205391904581,0.85818085302701341,0.8467229122061265,0.86974467853175896
0.92018716032355985,0.8823691556722133,0.86357143740215336,0.85465520052929544,0.86698596531628425,0.84222674633109662,0.86518855383709703,0.84772477359646181,0.81862561428484948,0.8646365249565876,0.85968463912351156,0.8786844315633725,0.86202062396574353,0.86761102030097592,0.85736370173888576,0.87717594446823466,0.87090799335610336,0.86039884967758173,0.85348449661947423,0.82938125774776306,0.88556465883558821,0.89531853392919569,0.89056470364333595,0.8854466074458478,0.88335103760812794,0.85847030045939521,0.84414481561928367,0.89112691767012397,0.90491114987616761,0.85122330074988617,0.85874358040135734,0.8419545795282638,0.83123815764881137,0.83095966186400883,0.82881604510141937,0.83907774914610456,0.85209263885555442,0.8405963034162387,0.86383387989306892
0.9144162706374348,0.87669924584872372,0.85698927746940501,0.84834359610394516,0.86086960310849236,0.83554895238877924,0.859148777670937,0.84106138440041511,0.8116902703272979,0.85855152474860486,0.85338788712161395,0.87272018037786048,0.85661065565100292,0.86238548867480969,0.85151721102659905,0.87169451585854063,0.86521306930683539,0.85465912983846537,0.84767201469315578,0.82362872854434444,0.87982504325093303,0.88951673845929113,0.88469407485373863,0.87958066143395019,0.87743507944968036,0.85234533030151971,0.83765638926132324,0.88476317963690276,0.89852900351628218,0.84573189903129509,0.85335261564473885,0.83635120593781431,0.82540260706756396,0.82521559144375733,0.82315342959583349,0.83303435403190018,0.84543312968329276,0.83380254210884164,0.85691250806919694
0.90923795362578552,0.87148538105491324,0.85162278066980712,0.84327040331200154,0.85601822166938935,0.82998456368354778,0.8542497770576134,0.83521591672434981,0.80569394121162585,0.85366038580412773,0.84850930381725176,0.86806160934378673,0.85227201823823595,0.85809474193700697,0.84677525912435003,0.86757997756541527,0.86099141970340431,0.84992239767855149,0.84297713889048598,0.81854980568499358,0.87562758136096497,0.88497321496950421,0.88016776256304585,0.87486912484034862,0.87264911746486418,0.84700050074012656,0.83188986601393411,0.87891746014437055,0.89276684800479744,0.84099265614352559,0.84877323503707347,0.83141383577001349,0.82014938028382689,0.82036847996962081,0.81829115511850159,0.82816251768658677,0.84020814900737872,0.82828243240009058,0.85109313151068855
0.90400209589727165,0.86622767108074361,0.84664646779869279,0.83862187929343424,0.85113417874622954,0.82444202263229993,0.84904115460300777,0.82930304870764826,0.79971612097482303,0.84911909028472388,0.84367196095712571,0.86350343935095419,0.84817959653086605,0.85375672858573715,0.84248079073974413,0.8637950707215396,0.85715747014144061,0.84569981051894294,0.8384503395971028,0.8142790894776939,0.87173728162091135,0.88062938701873583,0.87598042853985536,0.8704508494245502,0.86820364662950844,0.84200659212036055,0.82620551145703414,0.87298837115570516,0.88708963332547597,0.83644798292854927,0.84479985262704604,0.82695822100438243,0.81566827601362457,0.81611832835237852,0.81403681343866907,0.82368421119999513,0.8354126502196122,0.82337356102345194,0.84615059488418742
0.89922566899674228,0.86167118094114148,0.84118931982984313,0.83358163615948189,0.84583985158692365,0.81867558588966571,0.84362975440650345,0.82350210500112353,0.79384253214338762,0.84395099106301785,0.83828587244228325,0.85834904157067438,0.84344670489685369,0.84925338006059525,0.83766612048761591,0.85923519632733081,0.8524370750228113,0.84085624444582385,0.83349148485785107,0.80939042025640096,0.86687625589430062,0.87553210291556061,0.87103985914275273,0.86553920120099626,0.86326326368017414,0.83707379778955582,0.82097241728351056,0.86775888999625428,0.88185840726455023,0.83166263887115466,0.84018749236143875,0.82222571078529039,0.81075541411974494,0.81117867768209218,0.8090905645440819,0.81869282529794474,0.8299894922393426,0.81782824733201132,0.84049231127577761
0.89387745934580032,0.85612987267644503,0.83467827162678565,0.82784503621205863,0.84006941254119794,0.81226129268278435,0.83730153994852852,0.81674219994753283,0.78701560082366173,0.83802777975932696,0.83221440743717601,0.85244548562093647,0.83833593613970236,0.84425959366427361,0.83228930452435812,0.85411209938027055,0.84723339812159271,0.83563278626774373,0.82797396494457587,0.80396708883754431,0.86127955322917571,0.86990954290676847,0.86532669139898721,0.85977254731674546,0.85741362471110083,0.83109003397219805,0.81458608427633383,0.86178474981445619,0.8759463059701823,0.82625605768682753,0.83494545733186309,0.81689493536828828,0.80529597435482558,0.8058379484639856,0.80384353314454648,0.81303370083522564,0.82378857693991636,0.81154611497176687,0.83387338810820888
0.88831489597871915,0.84936127348123891,0.82807761788541612,0.82173942225611185,0.83381175975947674,0.80500503064710238,0.83089926734249719,0.8091175917148653,0.77899569939790581,0.8323309994220941,0.82617189944794056,0.84611450982540681,0.83308892520129818,0.83908709912815771,0.82664517484107702,0.84891109096911443,0.84193165762888089,0.83030852863630955,0.82245234877049544,0.79871259410838036,0.85565329181729399,0.86410766638543379,0.85929378440507398,0.85352170388908144,0.85105711398763162,0.82429653174539297,0.80692565902756763,0.85511506448255969,0.87023515430399012,0.82104602614149169,0.82962981675300229,0.81173444786013904,0.80016176747946055,0.80057354182358453,0.79862720453821778,0.80735095753301844,0.81749024232650458,0.80546153963293032,0.8271415954197735
0.88388398780511424,0.84363505625519997,0.82313089780240956,0.81688752929996322,0.82818248122695115,0.79889675904983637,0.82547751602473651,0.8029155720765413,0.77235064758809946,0.82660993815268513,0.82084284752241921,0.84046114201255939,0.82787082386690602,0.83406492910113639,0.82142514308418801,0.84396521700435179,0.83657874684684974,0.82485603886499437,0.81690537453566403,0.79298503321247404,0.85035332981692857,0.85886919716241628,0.85395603509913309,0.84764486948284323,0.84518383498724137,0.81810122218921422,0.80042884685502824,0.84985969069529432,0.866016347474445,0.81546341331609384,0.82420299285662624,0.80630397193044145,0.79459626403043582,0.79481941299049841,0.79290872624906106,0.80191669254188724,0.81212683360733229,0.8007341767466416,0.82209384386447926
0.8779289198661594,0.83765475702853021,0.81791903188784865,0.81166614043521934,0.82266470823049576,0.7927784889247137,0.82011518854828902,0.79658408905323819,0.76574537755967031,0.82142007443756415,0.81561745570953126,0.83530528860578812,0.82298945964772974,0.82914904274350587,0.81646903961164485,0.83948664095668901,0.83185130094609294,0.82000178003984447,0.81174450599867021,0.78764477826997525,0.84607219293409786,0.85436975145125316,0.84924156425758623,0.84265476653223725,0.84004678621509798,0.81228923116691953,0.79387074966322713,0.84369286149344758,0.86028126988236342,0.81060129412464466,0.81942447479672975,0.80135515309414651,0.78940262166416553,0.7896389293176127,0.78796174430102794,0.79698868475407714,0.8069833856993901,0.79532101767776231,0.81638178388233107
0.87266053274117505,0.83234462027895639,0.8136880194596452,0.80705830783083665,0.8176445808434728,0.7874583798246515,0.81520009238823599,0.79123342009613395,0.76006117499489889,0.81627219207637391,0.81093513594452016,0.8303779765420447,0.81859195841873911,0.82491951190626644,0.81213366359757011,0.83546130880229119,0.8275279503994829,0.81550101159203203,0.80683605545790149,0.78257405541996372,0.84133174443637004,0.84963864701255576,0.84434408620878554,0.83755510911741982,0.83491261805318862,0.80704975133255208,0.78812971600209625,0.83783461580590368,0.85474007917363404,0.80598506859598096,0.81484320852235037,0.79653879032161756,0.78429202552859056,0.78494894580599628,0.78334561723494123,0.7925370357457856,0.80288467951461528,0.79123143017046493,0.81133392730063603
0.86726797378574449,0.82639735332117437,0.80903094150444987,0.80257888165955604,0.81236495924840446,0.78172870201954447,0.8102486563578486,0.7855903196099584,0.75377873583883492,0.8111940859604283,0.80656914397118917,0.82525745871461209,0.8146100117829369,0.82112145205721632,0.80801511222229006,0.83166468897894263,0.82351853084872284,0.81151796997719128,0.80235214176139391,0.77799316271499075,0.83666123002365445,0.84509963168666935,0.83938317481835645,0.83237650281675091,0.8295929717076288,0.80118657393436266,0.78169422361300001,0.83201118144978226,0.8494862340699717,0.80200528466273746,0.81085747501664773,0.79205753901775611,0.77950144906946894,0.7808829773723428,0.77931880402041309,0.78851565020757586,0.7982482213390375,0.78654008895309868,0.80625085798200413
0.86211922317384493,0.82090975269066557,0.80464535338643384,0.79820866906016807,0.8075968667053719,0.77701373629822068,0.80570919792498297,0.78120231126411988,0.74880313452450076,0.80627938035128122,0.8023050722466698,0.82052663161352246,0.81034910943207616,0.81703856429973321,0.80396699000862681,0.82794509545456174,0.81957037580837466,0.80755988171634008,0.79761361275999865,0.77313490437397614,0.83215227741855413,0.84074643490645118,0.83486324610545615,0.82771609605109442,0.82472840664496594,0.79596378329955764,0.77624768669042943,0.82675795135589014,0.84467904990332177,0.79715998308924851,0.80626360080366788,0.78750758913154906,0.77461816581179821,0.77654003585123377,0.77524762806872149,0.78459739734961087,0.79397242303919913,0.78201593920615464,0.80153102340615245
0.85611751285479776,0.81439822114528693,0.79897268650900044,0.79318506468133132,0.80183970188757492,0.77053569693863255,0.79972846960928068,0.77448207089877064,0.74185679476442645,0.80099589766145762,0.79672119057401236,0.81489106344271189,0.80552252809601044,0.81272821726249667,0.79911117151320266,0.82386425037200017,0.81525206865435329,0.80298951158296106,0.79251302469117102,0.76854328398057969,0.82688118036316138,0.83561518544876767,0.82944636591686671,0.82207625839681919,0.81899904060745066,0.78969586549270343,0.76918200071021492,0.82032500762634231,0.83865219018220949,0.79216939087323512,0.80172723822743885,0.7834930733035339,0.77052754614893482,0.77180417748807295,0.77055169678601532,0.77970446368984347,0.78849637850366205,0.77669299991039931,0.79672904792483212
0.85129659912171718,0.80904969904443724,0.79392601070753954,0.78774455466829929,0.79671485607767045,0.76512923488083939,0.79499680086207791,0.76938272833830046,0.73630568843324062,0.79582667125954765,0.79164866488808971,0.80980390009088399,0.80093799532184651,0.80818725193119612,0.79413282797917806,0.81954473228389979,0.81072360132657439,0.79804926720671232,0.78762427638554022,0.76404943752012833,0.82278238183196672,0.83101538257098895,0.82504622565830732,0.81742622121177322,0.81409918087274791,0.7844027915157159,0.76374466711019462,0.8153930550026921,0.83417160568050219,0.78874407412921743,0.79840818165988969,0.77968786023102166,0.76639251505558981,0.766762039220794,0.76525718910625362,0.77459738415470625,0.78290304928180388,0.77085491701782693,0.79130523199394698
0.84791448995915686,0.8046713415967075,0.78939378630672041,0.78325611120188732,0.79078956411508516,0.75875496562774158,0.79064785885926192,0.76361469097770007,0.72983690815480695,0.79268333761070098,0.78713310048497342,0.80409189188095298,0.79684575866271201,0.80359610557449668,0.78931810285068493,0.81555796149979243,0.80679373342360006,0.79353986203919957,0.7840958834124756,0.76088384850206281,0.81739947280519865,0.82629858823245816,0.81920185795906042,0.81154541528004953,0.80802753964843244,0.77854405998974752,0.75781580881939614,0.8105460584311277,0.82983273308579852,0.78623508118119434,0.79544982590635493,0.77676701380741664,0.76351085321083323,0.76287043684098099,0.76113363532354417,0.76978939363665666,0.77810014795667914,0.76646928065046194,0.78664664005015605
0.84292499292909862,0.79840174520698137,0.78369871670192737,0.77859763197946164,0.78513018594473116,0.75193947397886995,0.78603398404039027,0.75702674289619687,0.72246900290380767,0.78794249419857609,0.78222090662829435,0.79833474337941457,0.79288022464484598,0.79982013318510037,0.78496062988732862,0.81216628539988611,0.80321749448039337,0.78970752436569636,0.78016794311476878,0.75691159754333803,0.81292330765701293,0.82160073626428987,0.81389935505757338,0.80607085241747833,0.80213761572539222,0.77202498637371608,0.7501471911246097,0.80403096632502147,0.82401663597051944,0.78277049426073986,0.79191423080138212,0.77356579960234917,0.76065053568437935,0.75862976231061152,0.75653289823136005,0.76506639317628944,0.77268343186400823,0.76158151564215781,0.78184844367435602
0.83818343093714243,0.79254746571421386,0.77894591682786718,0.77455601169249821,0.77981683716244776,0.74635358077344116,0.78185078578208389,0.75193630810109202,0.71660637793845927,0.78262833637545715,0.77773839371930154,0.79258423521095034,0.78882134625534239,0.79571031155811078,0.78109165433372019,0.80903795995844341,0.79988957947553097,0.78633246164623272,0.77577879885067891,0.75280493590833586,0.8086350103230191,0.8164189431404385,0.80858228989005931,0.80089223818225685,0.79660796306268944,0.76612271280825039,0.74363430517617368,0.79810372995120393,0.8185959562180084,0.77906522293077829,0.78797674757931724,0.76974291214027679,0.75705117133160571,0.7547797684028954,0.75265506219615319,0.76106375256294023,0.76823971088099885,0.75743516044212644,0.77744030879621306
0.83340059176693737,0.78703938385177508,0.77383790596174828,0.76969157562106472,0.77477105018275128,0.74108996015302397,0.77698462259595158,0.74707537625181719,0.71127644872993756,0.77762514050854392,0.77247733047701372,0.78763012459909854,0.78436878387284736,0.79142524841411965,0.77648637939389631,0.8046408443332308,0.79526175717103886,0.78172581467838453,0.77089426694832108,0.74817247553247535,0.80449563960150638,0.81204076522696655,0.80401377799389318,0.79625345667861147,0.79173980646260889,0.76075582574715239,0.73789641022593,0.79255413308425138,0.81340603656324095,0.77465732473114635,0.78361625810164148,0.76517336173359196,0.75281137518778096,0.7500296618551,0.74779896159521364,0.7561115122320351,0.76309921702793571,0.75251491270368553,0.77277299808770594
0.82804447207329268,0.78073330916640471,0.76837340235872253,0.76533067675863742,0.76932732205573595,0.7350498868643297,0.77190962080337111,0.74129493132128854,0.70511981040895921,0.77249568543230152,0.76716292852594148,0.78219324824269487,0.78070270312495449,0.78769273186651889,0.77221922386185093,0.80125756771002365,0.79151374299781962,0.77735337304479279,0.76610397247481443,0.74350798053546974,0.79957061954285125,0.80715906227115664,0.79895123752811359,0.79099672577844804,0.78629932404590042,0.75469473791124664,0.7313794112913703,0.78625081915903705,0.8076746955039934,0.77070273547136647,0.77973115608219035,0.76115023641427582,0.74843509414873477,0.74528623428396146,0.74305773193223112,0.75113675844239469,0.75771640612475166,0.7476144509741055,0.76801840538732169
0.82336197143990786,0.77557117203149206,0.76330101675005468,0.7609700976876077,0.76452359506134238,0.72963393455987524,0.76731084660186444,0.73587815212187091,0.69940102443546526,0.76801322832523222,0.76265917283682394,0.77757203447527479,0.77700606195449295,0.78409277503831143,0.7682299441619318,0.79781785506150427,0.78811596010141594,0.77382552416376071,0.76183707245111154,0.73945058050343648,0.79528859156555898,0.80285865460415218,0.79448221425697196,0.78647804450454839,0.7817052041664031,0.74950892690157644,0.72544202940714908,0.78080378783611493,0.80284885931186822,0.76659594749174598,0.77591934120449313,0.75756351289677182,0.74460924093298086,0.74141885444598976,0.73960147303388923,0.74718352050267567,0.75269940139058422,0.74255736459548471,0.76339805030220975
0.8186240283557078,0.77045742452332999,0.75941178199056392,0.75686941464895141,0.7595093439637064,0.7242982061492903,0.7630782401535221,0.73131667731659422,0.69439508076491463,0.76326213407593635,0.75866247042514023,0.77324460313223509,0.77369112055563261,0.78078964526669814,0.76469068353109404,0.79454875110636813,0.78482336826784493,0.77020141556356747,0.75742040541481725,0.73504698442002459,0.79149002389859813,0.79892543927438309,0.79052865945113082,0.78249610582713447,0.77757638522914818,0.7446341939876101,0.72001735425622182,0.7757019978574855,0.79835635498165169,0.76430496731962805,0.77330235515190071,0.75473243576501803,0.74087360881839281,0.73742521307305897,0.73593376391729481,0.74400089936282954,0.7487790861789243,0.73840658316193541,0.75908545935482974
0.81421045821472771,0.76753817901890442,0.75846547183084256,0.75684648321934667,0.75695638211822491,0.72130418415376618,0.76011497441272302,0.72818531282401078,0.69077869946134873,0.76018542675083745,0.75567129872435557,0.77142922640968548,0.77144662911944406,0.77810229195961444,0.76228879862453558,0.79215839552118783,0.78211539227918669,0.76712003901607106,0.75462592973387299,0.73204812086091942,0.79005579665518744,0.7970743512132038,0.78863230358645031,0.78092168459323541,0.77584875792518371,0.74237612586649837,0.71676223311257692,0.77203321382707013,0.79519823015570124,0.76272407694083211,0.77123955375611419,0.7524024445387677,0.73811378484301826,0.73413317911140208,0.73257105694593572,0.74088569454774378,0.74839827341240761,0.74021331815063518,0.75931425154829679
0.8125430319697492,0.76577951690904855,0.75548495124560411,0.75400763290640838,0.75462838848111624,0.71936888812205224,0.75868848623027951,0.72698954157823836,0.68943062911421671,0.75792647302367888,0.753332543053573,0.76932089460578978,0.76904676928326543,0.77602342197016771,0.7598911266518793,0.79042561018204549,0.78024505580346915,0.76519715684397482,0.75255170768379909,0.72994600241996321,0.78847847549045735,0.7949494907937148,0.78647431387790556,0.77884233818117377,0.7739065989604087,0.7405369684491826,0.71505981557637566,0.77049812255500172,0.79411177925193333,0.76058397397769351,0.7693015581034911,0.75051803976893172,0.73631068210931794,0.73210187113601133,0.73060339654780893,0.73826931376208571,0.74459807044246151,0.7361543318540017,0.75609151528877261
0.80881866508323474,0.76204240177434079,0.75158996168344705,0.75032408012507756,0.75164635639223432,0.71629663099167928,0.75562049827426048,0.72384478300560062,0.68628196373926709,0.75424152225595265,0.74970511159400244,0.76673574024538249,0.76534854250648743,0.77248327377155612,0.75635024205940782,0.78731400751214708,0.7772589784163686,0.76255911665271203,0.74919465899493187,0.72615808872465581,0.78583182045957412,0.79236200193966255,0.78377108429809816,0.77611532833290864,0.77114881950396974,0.73710991742504428,0.71143849854809404,0.7663818469439081,0.79037750195346457,0.75676378296682367,0.76540348775787093,0.74674260630144329,0.73277155806101923,0.72868831536373646,0.72742558327642315,0.73506670968473953,0.74066531035794891,0.7323015124690897,0.75238440270157769
0.80544888826881289,0.75822939165628389,0.74725772617848119,0.74641893432069295,0.7472674375831273,0.71192439319840817,0.75168238621160588,0.7201306692784164,0.68248631390899839,0.75048431528963988,0.74553904312635988,0.7625136848903783,0.76160554474224407,0.76860966599315217,0.7525674043824454,0.78407664192776183,0.77385664907807838,0.75897810946519528,0.74523820351958903,0.72246556506274251,0.78278695685266875,0.78884845593202746,0.77990700324241169,0.77210265437875514,0.76698933628530575,0.73274139244543912,0.7073132714928182,0.76257752186246508,0.78699756754965977,0.75284207248089785,0.76133191712648862,0.74293191538168357,0.7293320822246776,0.72475381413191575,0.72353545801810615,0.73114633836163623,0.73613160417856516,0.72766281000440147,0.74862848085300959
0.80124911416695321,0.75457420956967847,0.74391179998398227,0.74354422835265477,0.74404456202886193,0.70817151673121659,0.74861645937856491,0.71633680121216736,0.6788444496565651,0.74682074164865531,0.74203107072395369,0.75926059555915903,0.75887154551967773,0.76575535324456567,0.74955600705412773,0.78150702506376735,0.77111870134320948,0.755967647641965,0.74170982829610721,0.71845399955948419,0.77964818165268024,0.78559364482051652,0.77634127012835308,0.7685493929077124,0.76338449304934908,0.72899090684693812,0.70352763913795935,0.75849397471014546,0.78327326291669797,0.74978962565765306,0.75840256026985564,0.73964230791927832,0.72572995861073364,0.72076751965648145,0.71995336049085823,0.72778264318297758,0.73267987910030463,0.72435644171696845,0.74537515211933059
0.79769820861518703,0.75002909246376803,0.74091061253664181,0.74414402336487295,0.74185812593170297,0.70596462391250792,0.74917638200506875,0.71492391789905319,0.67530267555878554,0.74425179574057199,0.73977080605171575,0.75611949529270417,0.76596021332095132,0.77355774863513715,0.75305137539895317,0.78202317626563789,0.76921250480254522,0.75352331005744111,0.73867545791711642,0.71496102907099679,0.77695329927939227,0.78255629770361568,0.77337918177050469,0.76538750704513914,0.76012510915728615,0.72497468402106224,0.69935915209074995,0.754579558281402,0.77947505205498169,0.74873787249766133,0.75781222928254077,0.73756302538105467,0.72321235987618482,0.71714560838442798,0.71661799157134631,0.72575188652738887,0.73063184766570655,0.72124175442841165,0.74229121921100505
0.79648268169489933,0.74922602030362584,0.76177454611564688,0.76261762485048656,0.74122541093110961,0.70602978394452842,0.74869560088721432,0.72177827913096448,0.67458467755626039,0.74206426033141148,0.74137366576709696,0.75627612312711046,0.76918949406694292,0.7765894121355692,0.75966229724043599,0.78144342030573533,0.76738417951844096,0.75159729843626077,0.7360998481906148,0.71255712563810891,0.77552585563025278,0.7806428371697236,0.77124391556298022,0.76332251154961339,0.7579898850590705,0.72226545764737882,0.70061960447059357,0.76165279870349833,0.79151872903021048,0.74664725064469539,0.75644046758715078,0.73568128801986876,0.72127449083220907,0.71438950583483607,0.71388708569338322,0.72551777400746398,0.75256287872937844,0.74924927018035281,0.76838970648891514
0.80518307800796984,0.81443249582585997,0.84468153736129026,0.78743451726820413,0.76960411314203014,0.75602658902715547,0.78549248314726772,0.76712150199833762,0.73255046383296907,0.74211172569245809,0.77885066543318549,0.76862509372025312,0.76752522042633609,0.77510377279294096,0.77083045016863483,0.78019092607828833,0.76548386037287808,0.75183082787276756,0.74180163902934115,0.71065022547278522,0.77618696341675353,0.77934076024439636,0.77681798519379008,0.77723717178894769,0.78179914093997638,0.79817470663876089,0.76388363621042654,0.77053195122495799,0.789580126413989,0.74818519770807757,0.75773296760575315,0.73729181548992884,0.71898274736849521,0.71509530815152467,0.71180697249750491,0.73852858924763209,0.80071666979449663,0.78715471481755783,0.8092656729181078
0.8020833962983771,0.81154611419047618,0.84348179890940356,0.78604078173020009,0.76686777357210656,0.75349927985513521,0.78364890682957855,0.76521006093453903,0.72960049619701717,0.73963919827390989,0.77663691245546662,0.76542413600638048,0.77100463672345787,0.77701458617723385,0.77018318130143315,0.77980727841228881,0.76341776391118565,0.74931328058704894,0.73921228624574098,0.70752223440423589,0.7736697692890846,0.77737529083416623,0.77335476314144824,0.77377760401873685,0.77831123724062323,0.795236982043381,0.76099589911349941,0.7681233840191003,0.78755342661997663,0.76169088822577158,0.76325275470155052,0.73851196160190347,0.71649333020449557,0.71165368200635326,0.70825586578166122,0.73589524280613472,0.79895815055286579,0.785850712977053,0.8076394269320728
0.79858864777168093,0.8077622889609144,0.85234329222666383,0.79404505615197762,0.76598910563519418,0.75099324785769639,0.78211767773808982,0.76243394769350714,0.72612674102505603,0.73666965519270822,0.77737690124345282,0.76629282971825841,0.77194159296103326,0.77726214791847537,0.77337055490279549,0.77893148870441664,0.76211140056478732,0.74775329408465452,0.73720721308330528,0.70524316129197684,0.77184039720640329,0.77563839921262123,0.77150405775106201,0.77183786018041312,0.77668374267956819,0.79201717254338821,0.75704824362427592,0.76462028467398158,0.78424316535483118,0.76164975843039973,0.76282987804895841,0.73700612709445001,0.71454983996923382,0.70939648900531305,0.70627772537840217,0.73615362563715525,0.80873076283848966,0.80371806180832395,0.81349194784659007
0.79600661542498641,0.8063424712297218,0.8518495998224006,0.79515120450407872,0.76611541626249502,0.75593136178538689,0.78171686845756139,0.76700610094538868,0.73901830201631591,0.7395023340585487,0.77661831921398961,0.76528344574232976,0.77599931054292648,0.77919604250975405,0.77400889346914492,0.77900533545663864,0.76098187771861103,0.74682193521024076,0.73540953588292601,0.70326882985839478,0.77032185220515603,0.77454968223208798,0.77002399736011007,0.77005400607061081,0.77512017117652465,0.79327836464294732,0.76156542710427622,0.76277380184933863,0.7818392528100746,0.76049553677680948,0.76282463195272687,0.73733537244542213,0.72057698164296058,0.70811513817311666,0.70633311563664292,0.73588497792919083,0.80903286200306768,0.80540237683997673,0.81306134495816917
0.79266919812062742,0.80283986504409333,0.84978230107502872,0.7934574522315786,0.76373802831735693,0.75347560886945131,0.77982267078183198,0.76469914738568345,0.73600391771315365,0.7369050342120993,0.77461751803306667,0.76351722927043353,0.77487780424216579,0.77772657325348626,0.77233942697111013,0.77765864356122627,0.75958258776122911,0.74488489320434537,0.73292296096267706,0.70045888904847509,0.77834900548242836,0.7777120757950603,0.77135108429943366,0.7694922807311555,0.77394037511089597,0.7900968909975743,0.75837806554387011,0.75965373937629266,0.77886105877151135,0.75916732002835641,0.76143901372076017,0.73557656135422245,0.71901403426751043,0.70542525286020308,0.70408024586897322,0.73373421138575623,0.80702642859888707,0.80374005656284042,0.81090751135636108
0.789491756356691,0.80005436960768483,0.84736614020893031,0.79103909263709626,0.76100957530674718,0.75102216226025598,0.77788000021758652,0.76269125145839201,0.73324095876073747,0.73391735625828736,0.77227009505892263,0.76087914329743955,0.77369217197982576,0.77720792235533764,0.77071095149277224,0.77571117542046941,0.75728162437751778,0.74265984973197319,0.73062844739314281,0.6997311139228477,0.77658593050748559,0.77559136978260479,0.76931550604189525,0.76740385592237215,0.77152341101011179,0.78727600278323695,0.75571345589837424,0.75626414231662076,0.77561872948797828,0.75660901414782555,0.75889967225711541,0.73318863420554159,0.71872089981311105,0.70365560736688271,0.70133598442866907,0.73113621570078136,0.80441261999605063,0.80108148539659019,0.80778031228445402
0.78646281089338999,0.79678290685189512,0.84458029848326432,0.78962148822105926,0.75817576934375552,0.74778388138943019,0.77540330014984393,0.75952071183939851,0.72965364524682497,0.73156499369847861,0.76947013950771004,0.75825435460583313,0.77913456897851663,0.77851237479227142,0.7693701624069873,0.77516515946987663,0.75557091430880496,0.74024782650202281,0.72804969851074186,0.69695508925059024,0.77431778841843757,0.77316623836744935,0.76648260081460984,0.76450020931655405,0.76856547696218092,0.78399622558627902,0.75219362387518196,0.75333024806288429,0.77293169309380927,0.76732865963208285,0.76250789021766763,0.73184057678520842,0.71629232610216531,0.70084461420348632,0.6987895372984505,0.72842484070716418,0.8016337604232574,0.79810435756511278,0.80465869826202585
0.78865802018376863,0.79485272991280809,0.84163828793242446,0.78685300702951433,0.75471547461492916,0.74421264980700785,0.77240727242113028,0.75625060877075034,0.72585690968083827,0.72919287120391352,0.76647263137897903,0.75472996291523131,0.77699327391995854,0.77606513036006752,0.76650342591562548,0.77276664397377459,0.75326858862604273,0.73760221966356287,0.72547932561927875,0.69424737416738336,0.77149766579836931,0.76978114481775362,0.76311821535912205,0.76122624034968644,0.76517375413285982,0.78074843397531546,0.74878251712363475,0.75189157270808282,0.76966445912509074,0.76498496405812189,0.75991748647044199,0.72917958569212049,0.71387852934353258,0.6982395099475579,0.69608907518342578,0.72557285233876467,0.79862381777472269,0.79490871333625868,0.80123245068361393
0.78931378547056708,0.7932303948523346,0.83756670411396539,0.78395018594821464,0.75060110625264076,0.73933924839375598,0.7694695320108369,0.75308722336465461,0.72135082763880187,0.72624966777844024,0.76300322141979393,0.75075949052242208,0.77512161861420825,0.7741843175886125,0.76392324310316295,0.77118520274727298,0.75161326633981984,0.73528656695490346,0.72273452652964587,0.69225584779218108,0.76849045104806424,0.76660781929813127,0.75930668881415397,0.75719286364581484,0.76112753523824039,0.77623322771181746,0.74620654328673108,0.76006779738475072,0.78636251409634383,0.76347045546486469,0.75850245796666005,0.72786702309406692,0.71227429972515188,0.69564376443748266,0.69347836131987772,0.72238333114985709,0.79463879095514511,0.79256671315445315,0.79748581797491414
0.78747735956232734,0.7909781472889027,0.83397498817126958,0.78089053089880878,0.74728963266443516,0.73520589845062367,0.76629621075245258,0.74912407829860905,0.71731442684025193,0.72226240972044708,0.75928723085911454,0.74752070755077282,0.7730225982514245,0.77209394950377563,0.76127879025249356,0.76922261922863455,0.74928869487775474,0.73254926561887579,0.71919359386265613,0.68845007829099925,0.76613778336818783,0.76423075859442413,0.75635616003314843,0.75408563456334921,0.75787728674577526,0.77296171463139762,0.74278172526182129,0.75740856990644811,0.78342471911104328,0.76097667430568561,0.75605285940395128,0.72486193034569724,0.70859319398656873,0.6922114940948354,0.69031186230555908,0.71908062347168766,0.79102106159313201,0.78897042336175216,0.79423741590505514
0.78440153859417516,0.78745885696008178,0.82929486262787189,0.77672431024413224,0.74258207397818621,0.73036852514186179,0.76260804359082501,0.74517401180077603,0.71275841855965349,0.71768422865501291,0.75455837796699388,0.7427042285901797,0.77001316614888526,0.76877121876650689,0.75725886438412615,0.76621529202298266,0.74579190660128858,0.72852452900310705,0.71461915773252149,0.6843020607076109,0.76257547881078025,0.76043800891976077,0.75204077265225622,0.74956234178931991,0.7530712273232355,0.76804581084286061,0.73818070615821185,0.7534008751960698,0.77978222123172336,0.75882372980515156,0.7536975462271428,0.72214908520450749,0.70504939857147675,0.68774676410761859,0.68603124824135386,0.71440516797089582,0.78596907608780064,0.78380414008409427,0.788777928981229
0.78057343756457154,0.78221653070523167,0.82476423547247646,0.77277116206739771,0.73710942434918703,0.72428840193625066,0.75824122125360283,0.73969154701074014,0.70643458860653241,0.71270729466253391,0.74937186999174255,0.73692398756969069,0.76719697112137752,0.76522600864958723,0.75332691370791827,0.76284882659643327,0.74210547004435312,0.72432094799416813,0.7098124957738372,0.68001005518675506,0.75780418477779443,0.75541202105040228,0.74651772256031279,0.74391024348804502,0.74713232439745181,0.76211961586587862,0.73161538693164052,0.74747937767616124,0.77431685692115182,0.7568258570219053,0.75143446607246966,0.71943380112848498,0.7014223665042908,0.68291448239474106,0.68125887530398521,0.70975190304520774,0.78177866956894448,0.7795266566409903,0.78390530579918616
0.77698951936576532,0.77819400476644263,0.82042527000789611,0.76913505605695287,0.73411146609901501,0.72051634113617624,0.75532744809918129,0.73587435807952906,0.7022114853815945,0.71057304657333131,0.7461243422881535,0.73378801319814702,0.76486753153842169,0.76288850735649005,0.75037185057554967,0.7607343136514082,0.74016922937857277,0.72211864809437032,0.70760286091875524,0.67801995428400175,0.75468961573669524,0.75301203698530539,0.74336817147759704,0.74035993688121804,0.74348043383950702,0.75838450402220636,0.72692601415475466,0.74256537064384187,0.76960126037327603,0.75498447873683461,0.74970570414438187,0.71783739849579664,0.69966405315075642,0.68084676210945561,0.67933280276494723,0.70684560626357074,0.77776471999797503,0.77546850631293407,0.77954682618603366
0.77335781015935134,0.77348776639815509,0.81662733137961729,0.76633427135773524,0.72986162333129356,0.71569354297123666,0.75180124390027081,0.73136163301464296,0.69727847107636298,0.70734835468337409,0.74261287507568996,0.72946462138174206,0.76256925570696166,0.76051142459938825,0.74775446373126819,0.75838579692142416,0.73780406056921688,0.71965825893234192,0.70463864508813678,0.67540121165926981,0.75140031889461645,0.74948268086524683,0.73945263494448177,0.73626707231995214,0.73914075153057457,0.75372580211583862,0.7215539271725151,0.73765337851946333,0.76524021461092051,0.75313983518745253,0.7476629559862259,0.71565906171849358,0.69720112048725358,0.67824322228652456,0.67687801225402822,0.70402482165632196,0.77445517961971344,0.77263234092656163,0.77630738410619271
0.76983005566831475,0.76921528182080279,0.81210597151332153,0.76322031375281085,0.72549713931035797,0.7110501651155432,0.74787508800024616,0.72684382224036037,0.69267409498414967,0.70359567346047769,0.7383944983755486,0.72520923950553406,0.76002415118214384,0.75803260484683865,0.74486550496559401,0.75588540980688046,0.73513200161255043,0.71681293950187719,0.70103848228312937,0.67201683584027372,0.7481404504221506,0.74637347854673086,0.73575305428584581,0.73226525448297874,0.73489059112372768,0.74937769568021628,0.71665196954705734,0.73270506895165632,0.76047451011116507,0.75086620104636559,0.74531572904016152,0.71323593685436593,0.69412118684909396,0.67484131438575412,0.67369884359997756,0.70056067600264726,0.77048331259190439,0.76873021333223879,0.77253775133963265
0.76569122145600166,0.76354012948979333,0.80770869721532579,0.7601684538990533,0.71999687467493889,0.70478425344778661,0.74373331918979779,0.72120777529522118,0.68620589016608202,0.69990156295042372,0.73429166001234425,0.71980241349594731,0.7574054476739982,0.75531932328698237,0.74197185152814549,0.75316411304590225,0.73229341594326269,0.71384265712843831,0.69771407688525189,0.66902288715273761,0.74451767352155795,0.74206797454264484,0.73112515863631411,0.72756368499730151,0.72975600200243584,0.74358221469957408,0.70984014128701778,0.72647152825797445,0.75510904533952239,0.74803061533375281,0.74249144945713585,0.71053199112610632,0.69131977089746666,0.67171809125312609,0.67062440334805373,0.69712225886067425,0.76669157895771711,0.76495779034730105,0.76836272178854248
0.7597458477488318,0.75541913455276866,0.80194027878886076,0.75665808416234992,0.71252906973708841,0.69593086007159577,0.73751797326852353,0.71255651138335629,0.67676801593931124,0.6949502352780863,0.7283129269133698,0.7125317877200793,0.75428420213768377,0.7519734141705563,0.73846577681603165,0.74966664474852285,0.72862572397435543,0.70994944509331404,0.69300177479600122,0.66494633921839597,0.7391883866770167,0.73620458416984769,0.72456986414109736,0.72073478378822953,0.72250676305045136,0.73530803070239992,0.70030184029210907,0.71797671048733747,0.74777136663231669,0.74426663386379688,0.73898635927120826,0.70716909973635023,0.68766277003941123,0.66725021772429705,0.66634846863129582,0.69254145323486638,0.76219393344560571,0.76051191865210299,0.76353093575502184
0.75192684572785529,0.74633437670857727,0.79573120264015151,0.75260150708151874,0.70510467494843343,0.68745281160393967,0.73130608838714628,0.70424486035544109,0.66744820111937297,0.68840104282993342,0.72215408896722766,0.70519377953976137,0.75057699476838957,0.74863212436396298,0.7349482348739943,0.74624071332845776,0.72495440280109003,0.70619115046986636,0.68727737344788875,0.65987017314935126,0.73328161525205515,0.72980895474850715,0.71761583827721076,0.71365310850105534,0.71512632300933665,0.72689241385061021,0.69057306416746855,0.70877944172657248,0.74004936083788431,0.74058850893652228,0.73559012332674134,0.70391495460245768,0.6834802064204657,0.66236035587730846,0.6618145757116638,0.68791304510084794,0.75707421710829836,0.75528736654865547,0.75800855019611413
0.74806037926715407,0.74114609066428994,0.79040464896196194,0.74795308272918648,0.69964806383398681,0.68130702190945791,0.72670570895788611,0.69840571877280277,0.66130964009760629,0.68315510096323706,0.71738906887064602,0.69955140230193846,0.7471380614014228,0.74515620545855321,0.7309017097890016,0.74279793340694678,0.72144810937116877,0.70254754671359032,0.68301520098569357,0.65545021451590968,0.72908233291671742,0.72511724240842501,0.71256698504622384,0.70841422685162336,0.70951173488681751,0.72091453540549699,0.68425909336188506,0.70268411151801013,0.73399216508708742,0.73717810939958073,0.73222745523516564,0.70038331510198815,0.67902575441307422,0.65827406275568578,0.65801365645964693,0.68359991566158296,0.75189541982205077,0.75018444359513103,0.75236851432258456
0.74533490193443008,0.73778341137294023,0.786410566345776,0.74446964973727614,0.69582307553344946,0.67728789031292935,0.72245196988160731,0.69417567017823578,0.65730586718468709,0.67949117886289379,0.71325007283762731,0.69549146049637656,0.74403267240472859,0.74213044429841701,0.72786910177153175,0.73990215472681187,0.71861753606656698,0.69974137339674713,0.67958779275945536,0.65220798250643508,0.72544032633080346,0.72123511146337016,0.70865282191671697,0.70455894421292165,0.70553087716628493,0.71713069543921171,0.68019242278864145,0.69845181720299854,0.72932148526593477,0.73406423881897698,0.72920387660018049,0.69730943537504386,0.67561333598452877,0.65528395034778253,0.65541075845070507,0.68048432174915763,0.74834763721331687,0.74640485658115641,0.74819232310730943
0.74171427444222149,0.73369983476888734,0.7827056669965563,0.74136104995420748,0.69215483264598499,0.67317419272514212,0.71874706093543106,0.6900226139087694,0.65318371760038196,0.67633251156216956,0.70942247451171248,0.69203454721738267,0.74120807410585199,0.73920068344041023,0.7248235469165738,0.7370727781780424,0.71581553888753002,0.69681945894170172,0.67636507877494823,0.64909881220450683,0.72206090904356701,0.71770717367927528,0.70513749534483661,0.70110871046402179,0.70204899978745061,0.7131643723926413,0.67586786541887645,0.69413533794620175,0.7247017613691451,0.73142286663819744,0.72627709857871214,0.69468119555524577,0.67252168410878455,0.65218878410915038,0.65270014448316827,0.67716633269805815,0.74491903548288552,0.74302011335422258,0.74490164565094619
0.73857113163187504,0.73034356661224265,0.77941533942650565,0.738656225641803,0.68806079116209506,0.66915214986557903,0.71505316017050347,0.68622454997283622,0.6495107586552753,0.67270424593351164,0.70614151824618843,0.68786658728241856,0.73861628437825511,0.73654382154237297,0.7222858447017878,0.73451511292435268,0.71338387734869335,0.69443413982087432,0.67338942708197558,0.64650108515268367,0.71832967990708252,0.71358150680043653,0.70110282995022255,0.69726979362877051,0.69814688286178661,0.70927844806543527,0.67221758525979791,0.69063571762399711,0.72096462441448039,0.72874744366495714,0.72375339730175325,0.69223465945645291,0.66987913216425643,0.64965323049122514,0.65050369027157062,0.67446298984423791,0.74192748313889922,0.73997338678167979,0.7417364281112685
0.73334218355564718,0.72383947057008147,0.77294141326102073,0.73539618676956009,0.68213358155417048,0.66256354522253302,0.70982956706335087,0.67969721117473536,0.64254450750081038,0.66809073155153542,0.70046924947216427,0.68189660286800402,0.73707631329772794,0.7348027556021135,0.719261916589783,0.73237035197608324,0.7111509819209656,0.6913786676921444,0.66871677706580945,0.64260908645856629,0.71301921721015549,0.70787914191157453,0.69534791567960563,0.69177832598112976,0.69245911032408558,0.70321595926115688,0.66507956030117754,0.68363609989964802,0.71421978615668624,0.72716095034814265,0.72219115882884499,0.69021760646728092,0.66666534717136994,0.64556275029196519,0.64688909926427063,0.67001894295303766,0.73666685938243204,0.73474264976111303,0.73649025482355124
0.73007060971845972,0.72033867452283173,0.76933738801928586,0.73241677503489222,0.67842269549247192,0.65835064860890713,0.70640103567075285,0.67572014171116113,0.63850179467751689,0.6640294274176044,0.69675462859914394,0.67825753458720983,0.73453703251214897,0.7319740006514962,0.71608428573467398,0.72937901837326902,0.70793709552013739,0.68796059195644865,0.66496106106614394,0.63840097466368584,0.70966486058652922,0.70415299942189091,0.69158898476592656,0.68816270017692305,0.68880776807816912,0.69934389149267084,0.66099648490970975,0.67994911871317421,0.71031545532543028,0.72410700919210569,0.71897683569537962,0.68675716327316794,0.66249068389966859,0.64145342309703535,0.6431528992365565,0.66625342643825702,0.73325057249682224,0.73116055245093625,0.73277856178603806
0.72740575919996553,0.71746043304360829,0.76690958936272702,0.73046492880649416,0.67559685451211005,0.65525470099905625,0.70365955240783939,0.67277249649089377,0.63555028562806426,0.66150462672664023,0.69415597571415233,0.67574356282948411,0.73251220720136012,0.72977806766496156,0.71408892478917629,0.72710710261445433,0.70569078628199866,0.68569330781836513,0.66250636080025138,0.63605105489861791,0.70751230442633894,0.70160355417270381,0.68926872040812071,0.68590653225720521,0.68652139008970037,0.69644740700246188,0.65799100609823247,0.67735475121814048,0.70778290823235679,0.72151665628326334,0.71657822827844997,0.68442611206477155,0.66002076231095785,0.63898968154178593,0.64078532977283031,0.66398274248815292,0.7310326035991046,0.72890411942011912,0.73040364837300842
0.72474502467798085,0.71447064216786171,0.76479046703143272,0.72809884035940509,0.67327334579700471,0.6526180675373392,0.70139149518571986,0.67019483245555633,0.63281711457753598,0.65943886747043734,0.69203306054615055,0.67370897767012738,0.73047659372980112,0.72756299037941807,0.71192284970349773,0.72507706014484008,0.70371757414393799,0.68371365382012594,0.66049112452540326,0.63418899758082425,0.70549036403746446,0.6996902605866121,0.68718455007168722,0.68375688936045131,0.68434682682132753,0.69362609534360065,0.65498239415161241,0.67449613320759405,0.70495087369245157,0.71950872032016933,0.71442322937924585,0.68263478016753498,0.65814021570129078,0.63699341491835237,0.63897469034455312,0.66195378010920447,0.72870735059903624,0.72641609878929569,0.72786778111767581
0.72215083946517478,0.7113374158437028,0.76282909033008872,0.72658326117087024,0.67102022712981757,0.65003866615874639,0.69910262986406335,0.66759218727693592,0.6301579691235466,0.65766883521452979,0.6899499000772209,0.67169844496528619,0.72955514960494483,0.72631592652625077,0.71048565766429772,0.72367553954230379,0.70220743143932207,0.6822573126243322,0.65864623268654143,0.63223056785720366,0.70362777187347059,0.69789220021327836,0.68529199538074381,0.68176436148159247,0.68228799623644198,0.69083443334122607,0.65204727668031826,0.67180200866843387,0.70245496509660066,0.71757747028693331,0.71279683494694279,0.6808577110630688,0.65620500413170357,0.63524366803731902,0.63751342562333746,0.66041314071701174,0.72711455639542022,0.72487444144990831,0.72589843353832406
0.7150236838378341,0.70260172690044698,0.7568229442181138,0.72343258557879719,0.66436959042389609,0.64218217635209351,0.69334435952916507,0.6598058094333823,0.62162705644103611,0.65240495635218521,0.68460765813549984,0.66550567945551786,0.72720549632449394,0.72410642755030363,0.7079001043176909,0.7214004178116713,0.69994848836003121,0.67956187442070703,0.65396462872920957,0.62822340039337377,0.69829819702464835,0.69243752061113517,0.67961329488039446,0.67592200300336491,0.67615679139383267,0.68299705647964293,0.64312002305210325,0.66354977130320669,0.69489578491124349,0.71507791054415959,0.71058890941120323,0.67864482891330224,0.65286187405488039,0.63142439276146956,0.63423105717325279,0.65658258223131427,0.72243534213837168,0.72028283895455714,0.7204505944197811
0.71156967173715613,0.69880877199702884,0.75327004543109866,0.72032590466697055,0.66064394924971781,0.63804303248169847,0.6895006454501218,0.65551170304251671,0.61744105415061623,0.64940132394100603,0.6811924926045354,0.6622145087664304,0.72457398994157118,0.7213463946021037,0.70522356691282062,0.71880755330544199,0.69739448748473287,0.67710940670805431,0.65100064425733106,0.62551163970621393,0.6958316062138814,0.68984053179377725,0.6767323970120942,0.67279059832911992,0.67279985392122976,0.67891681437560747,0.63887981151012863,0.65969301942915348,0.69092194314364053,0.71233429104731105,0.70781815522953939,0.6758309628464767,0.65004662436708771,0.62880245397564316,0.63185466123456979,0.65397779036938697,0.71932219922327245,0.71704995245909964,0.71691408050421845
0.71009463151234742,0.69699558779894988,0.75088214990579538,0.71839368164879669,0.65812873535014305,0.63533537467857559,0.6870217100105197,0.65280295891771967,0.61476360570608191,0.64655424209074297,0.67901768493927539,0.65999368087663968,0.72276103578498851,0.71953090271699627,0.703445384004737,0.7169696123870567,0.69555982855064891,0.67533641016275647,0.64864522620745424,0.62338878765071282,0.69353987864263467,0.68757772468493816,0.67444382398049263,0.67051422833981811,0.6705087000623603,0.67640706093822689,0.63647044441238498,0.65790809077238099,0.68905772739868176,0.71011060106989987,0.70579247945634971,0.67384882325780815,0.64780907631367035,0.62684673194322738,0.63012890927337128,0.6522476909978856,0.71724877788215635,0.71488267504173209,0.71470799726690482
0.70833011058617579,0.69404839111685757,0.74604283782345615,0.71502231087167378,0.65476317315305854,0.63150996734696174,0.68375236432868813,0.64879576871190903,0.61070108028046444,0.64225902878525387,0.67513518283805307,0.65645984325641282,0.72029591872451693,0.71705153350250861,0.70067890484798689,0.71460744345001537,0.69327751194351261,0.6728732950081554,0.64502523142900137,0.61989316471143541,0.69029994616064305,0.6840691458762943,0.67103078502646096,0.66723732721356577,0.66710308026346077,0.67298711800857625,0.63256761035112552,0.654550212235253,0.68570885461217035,0.70787271751654446,0.70354774591856428,0.67176645655909306,0.64491685790939934,0.62370111155755115,0.62743982757401506,0.64901444917156237,0.712979204789983,0.7105311855762898,0.71028012796212903
0.71885295928529047,0.69821101354354687,0.74324202460721289,0.71489267325986383,0.65303961081438933,0.62918152998436183,0.68210107348620497,0.64632585887505756,0.60781388277658088,0.64106422815827013,0.6734604384064149,0.65480708927794318,0.72006959352537547,0.71575829077159747,0.69945203254906385,0.7129376494044023,0.69172387183244943,0.67162543054108659,0.64411399179874584,0.61928548477131784,0.68883928522486548,0.68242977139808592,0.66934394743101921,0.66532284491075311,0.66516963679040009,0.67165379727346652,0.63173390919590222,0.65765076931603927,0.68833506901578423,0.70617089485092521,0.70181866138825821,0.67001365266732971,0.6436720266711744,0.62262324988293993,0.6266426790611308,0.64762266091564191,0.71083300319566822,0.70806900104563009,0.70873036101080977
0.71783938904282707,0.69745600039520483,0.74314834210821867,0.71861279353459595,0.6521804721473986,0.62928183317595709,0.68126707807050413,0.6461773498496286,0.60989691945553004,0.6455266091341183,0.67447917049329542,0.65347791569562363,0.72709603402565792,0.72000943440182064,0.70344326965174553,0.71765755990510094,0.69669929542551301,0.67669198926296603,0.6465469029212505,0.62694589903797293,0.68766832388855526,0.68165097726668733,0.66803294684638781,0.6637172227874073,0.66355790358632238,0.67097187352217047,0.63205600057525047,0.65655268657370358,0.68698960719331836,0.72355898400930652,0.71387979070440155,0.68225641229765721,0.65482467675553979,0.62956292879482711,0.63419689811435498,0.65355460740920146,0.71366753706378194,0.71369819401397872,0.71074136692825207
0.71610051721998935,0.69561108807530059,0.74588281999257167,0.73292952270625467,0.65187188967825371,0.62781922751283903,0.68089283508444554,0.64429612607498066,0.60790562482132005,0.67035611521472782,0.67732829798636074,0.65384798970009106,0.76174340959780917,0.75030452527185976,0.71871212396905559,0.74168711863077696,0.7169572715713084,0.69388051292080544,0.6596356772184121,0.64693896499801085,0.69086734792171922,0.68967970525601563,0.67085248496119076,0.66434836373690698,0.66364209916428163,0.66933931296318294,0.63007872721170943,0.65462547494869849,0.68524017525394509,0.79202426174595686,0.76714052726631288,0.73378188964733981,0.69118642237675154,0.64989769990269364,0.65972235837337256,0.66552998141306663,0.71934780649424424,0.7282811945748584,0.72616648928544825
0.71519254064342341,0.69583311321196895,0.75012350348897616,0.74340881587716956,0.66792179256955653,0.63804467505991347,0.6898571983856272,0.65584327308098056,0.6099998207009244,0.686451037357521,0.6891580216921358,0.67707168666249329,0.78231621901875681,0.7748356748208749,0.73759405146172641,0.7696812699239084,0.75226178388516141,0.72826833858419859,0.68028179732322824,0.66510339709860578,0.72894225491557429,0.71730278969531425,0.69835348566803113,0.68698462206198085,0.6854776505669895,0.67836854643820876,0.63358432805232467,0.6566552636751507,0.68538701155854187,0.79392735728186314,0.77821219784410312,0.74520726236831447,0.702415336888222,0.6697547955416554,0.68172789861825245,0.67963636814072947,0.72529070665635387,0.73932749982159263,0.73007307092669904
0.71273863795883707,0.69350943925345276,0.76908325193774429,0.75717962149954521,0.68356582514164332,0.64696890795661788,0.70820178430999492,0.66274930883075012,0.60971242427673866,0.71460320239479436,0.70860940168910613,0.69594898453152043,0.81317550276479356,0.80155645299014611,0.75668720031576076,0.79564204547970374,0.77633845964328074,0.7488518330139734,0.70158031648403274,0.69967721515487291,0.74012960319106869,0.73113470122860147,0.71173405252649125,0.69898426022972748,0.69789291477585524,0.68288553618041314,0.63316087315115743,0.65394655844227956,0.68262022025700841,0.84454961199492162,0.82352876824615806,0.79335060713523253,0.74741788375069373,0.69824698635365878,0.70447989248239584,0.70146389240381446,0.74072948240054304,0.74961889525705083,0.73555157301355456
0.77653846631093792,0.74746165968138267,0.81920430604059791,0.81258454011791725,0.7444632296371283,0.7098225743114569,0.7657367599065481,0.72748412672444496,0.67562953235127332,0.78922693710879543,0.76857677587712936,0.75797056913238592,0.86253419219405136,0.86003204496302155,0.82203481056980277,0.86214882308044016,0.85283214827836196,0.82880893292137037,0.77301305470511839,0.77358306716080827,0.79223905420821017,0.78877395724810473,0.76872737347616071,0.75312721297135832,0.75215327033864054,0.73336942535168237,0.69585253041782424,0.72042221299967313,0.74000051535539424,0.8842038119892085,0.87142178411336646,0.84628687726868246,0.80819538483293485,0.77007441233394824,0.77483261577263629,0.77143976242456935,0.79734857226486078,0.80413039444586742,0.78667747660367782
0.79780811066781365,0.76241993886590775,0.81820385174011878,0.81198413757190235,0.74675601313125073,0.71245763293071529,0.76542594822057675,0.72844981850167478,0.6786733863249641,0.78924510070177445,0.76784637890448193,0.76071533707599193,0.86196839444435969,0.85952195752876948,0.82134007945751863,0.86163985070198779,0.85225867086186113,0.82809171942398474,0.77269429253937627,0.77309455565762419,0.79551471406489127,0.79056934739533169,0.77191487845459017,0.7580800347674197,0.75688724410683728,0.74064881492132295,0.70262853801859571,0.72993063108193479,0.74526305692400729,0.88386132849651977,0.87110870699370824,0.84600972032183874,0.8077160292986596,0.76956704659818342,0.7741454139687165,0.77064667091447037,0.79643953567814707,0.80311258483499703,0.78609553442513747
0.79690892943821534,0.76146834196027435,0.81669388165156487,0.81065706208311616,0.74571872324942867,0.71128662951891941,0.76431694015957996,0.72722807954868651,0.6774578499276328,0.78822069228292757,0.76653824674099824,0.75966373246328101,0.86097233289710939,0.85843810150688349,0.82013375076585338,0.86055313907631081,0.85113988964141407,0.82698915951930307,0.77152494705927854,0.77182873531635643,0.79458351386952297,0.78960428028552299,0.77084475037570188,0.75698676697167244,0.75581589375084901,0.73962115665713868,0.70144926507185346,0.72877497175778283,0.7442053473368766,0.8830808548931226,0.8702604072072273,0.84500594285946184,0.80649779117846765,0.76816491242506713,0.77275917445844466,0.76940465540509739,0.794947323328554,0.80147990682979686,0.78454534877069226
0.7945523902262478,0.7590600381779441,0.81577430622951774,0.80938678850534318,0.74503841499623469,0.71032839875260434,0.76308581999081615,0.72574027108124639,0.67655498585856655,0.78707036780726769,0.76519514509389164,0.75932808981169753,0.86026752631097581,0.85762056950180154,0.81912427547274069,0.8597791827699981,0.85033517082835064,0.82601522235812597,0.77049473198656504,0.77072969674163749,0.79732845229501748,0.78990324301842507,0.77144669872811689,0.75761290827727368,0.75625457063968171,0.73907284795829775,0.69969642244596619,0.72607059130639062,0.74175231783430362,0.88327884032177761,0.87014759360460148,0.84527734107376318,0.80588232662431047,0.76714477317362284,0.77162850888072354,0.76825649342534741,0.79366442245367452,0.79963032848012805,0.78284080103225218
0.79280637591207337,0.75758398282223327,0.814456852745718,0.81141648610701667,0.74454584832269344,0.70935364307020454,0.762204379919032,0.72505677014665182,0.6747437802944799,0.79226921602346623,0.76518401189164675,0.75940206927224918,0.86720990182063706,0.86737362388351225,0.82531409834294645,0.86811945455251871,0.85863161824758483,0.83409489580962226,0.77185762459583351,0.77707895227859691,0.79663832802064649,0.78933968318620984,0.77077392658477262,0.75697627291322545,0.7555622698703206,0.7377406540267939,0.69819194035748822,0.72446297274514493,0.73997858499890068,0.8929041557327092,0.879469174732465,0.85477075622273446,0.81529536942523617,0.77412569667032516,0.78090867978018841,0.77255831358273763,0.79306248950380298,0.79847631817528231,0.78142912334236136
0.79718211628681845,0.77970668047406555,0.82611761951503615,0.83363135017157275,0.76755152842907315,0.7282402845452346,0.78092618483806686,0.74138711227391751,0.68707387382930074,0.83003433133342175,0.7880527950630114,0.78373278440511407,0.8847472018401128,0.89671564490565847,0.85528901475620789,0.89921944693499278,0.8946676749369703,0.87838615032448619,0.82148278303575117,0.82525512852326732,0.82645443373098249,0.82897351124451157,0.80236388257806557,0.78277638676198946,0.77943453838130583,0.75541119001209311,0.71691536772461317,0.73071701015585322,0.7419967311920086,0.90457029975535697,0.89456524664509562,0.87004290834407882,0.84296928541013105,0.82496955782741932,0.83935097569157824,0.80861079991086304,0.80804131581488536,0.81596043010551911,0.79609265225285264
0.7955258311823391,0.77778207864565663,0.8280226136775608,0.83650534446198987,0.76828141227302371,0.72867316839061935,0.78236738231148995,0.7415805188610175,0.68726539588549806,0.83050907573718735,0.79158435172480646,0.78397324543163482,0.88415325822143953,0.89609920778836916,0.85673697269408233,0.89862774395410316,0.89389184442911895,0.87790857446111759,0.82455225161437096,0.82630561957570758,0.82601964553416662,0.82933881945228793,0.80265120597253614,0.78287603102405723,0.77953023516007902,0.75477099470208153,0.71595005702764059,0.72939225458090473,0.74111976708081528,0.90364353699456568,0.89380646486985993,0.86919002962812053,0.84219768759174041,0.82561388564779792,0.83898989059098483,0.81126024978537403,0.81115544501999171,0.81964992424311411,0.7998864903035664
0.80491456478995071,0.80261575322299517,0.84242723570056388,0.84401991139806498,0.79135850628660842,0.75981354154633141,0.79771211279213283,0.77189314440007772,0.72781271096415634,0.83404733624112282,0.80287714371220542,0.80604432521055203,0.88373060389162705,0.89605574419303091,0.86023991249923659,0.89917666205555613,0.89469935279361512,0.87968235734271849,0.83037111558107435,0.82968409018146028,0.84132087464358773,0.83848168098149278,0.82208328233876005,0.81213424583244709,0.80928429974015337,0.79365745898463869,0.75069050519445446,0.7488759962726681,0.75859458948743796,0.90275906978010145,0.89340778947331279,0.86947208553010302,0.84361363357467367,0.82979855984108852,0.84296256060895913,0.81704332004441249,0.82360865099017844,0.83240168592102892,0.81259518596612645
0.80360572985125256,0.80158915819105236,0.84400190090585414,0.8463930690151944,0.7982735722915143,0.76387880476036862,0.80455086741353998,0.7735864212013378,0.72639820666462074,0.83562939411268877,0.8083927558352475,0.8126143426951199,0.88484632244117867,0.89713576338286127,0.86284379368440323,0.90041410796871413,0.89603174476321279,0.88110882811819469,0.8334271499404855,0.83044151966715007,0.84593182656912436,0.84481451137567887,0.82865017314968392,0.81870441886937717,0.81645894233471561,0.798315043430603,0.75013803861925543,0.74673677287301776,0.7560039663443241,0.90371499146086431,0.89484182550325253,0.87167833711820197,0.84446251659738913,0.8311910750938496,0.84392908358221097,0.82059596340305674,0.82625962411887333,0.83375481763503589,0.8122193547724631
0.80177670824570357,0.80018274283750612,0.84260425598124944,0.84547836931651232,0.79770022487134817,0.76306542686696555,0.80337208366859714,0.77239867360957726,0.72487987089633987,0.83458053563799572,0.80702761999548789,0.81217880090564099,0.88417681068998411,0.89646771104795142,0.86208803367032827,0.8998889236765284,0.89552691634664872,0.88051489144063311,0.83219228355419539,0.82901735735786675,0.84511407245144388,0.84428647883774521,0.82815417918872736,0.81843431599199767,0.81629773182833243,0.79819982534397038,0.74856179986161453,0.74422377641140358,0.7535236135575395,0.90298644529888406,0.89419553489449988,0.87093961445748636,0.843093755588739,0.83000435555468588,0.84303457991276465,0.81964442659782388,0.82511875188969852,0.83246795625194492,0.81097019191566744
0.79901735700095378,0.79725515162542682,0.83963877689258071,0.84482662800452357,0.79559471832916895,0.76012167567237832,0.8015309459231803,0.76904055995318732,0.72110812193452134,0.83290597616281536,0.80531530130225493,0.81019646526181588,0.88620630882362017,0.89765682953032744,0.86234440928526623,0.90125728132474192,0.8973336076330225,0.88195436802748672,0.83102642181657116,0.82814024088320648,0.84331301696208605,0.84255981561162563,0.82623172883112794,0.81649702625756349,0.81423617093945311,0.79566753036171434,0.744986801036016,0.74063860389559111,0.75010291810968288,0.90374020403069222,0.89533666902126718,0.87160703251605542,0.84263875654629239,0.8296560960953715,0.8433878482033581,0.81903383520898476,0.82298541698523053,0.83025189109997954,0.80828729565124735
0.79527875949526694,0.79297418188154745,0.83664954188584251,0.84298326432283255,0.7923147363187617,0.75590906535329316,0.79884844135832056,0.76474758193728187,0.71591633531353305,0.83065082929813649,0.80259316286608939,0.80729546002548869,0.88509658855521722,0.89648468697057315,0.86065875260196056,0.90010940652518878,0.8961120381094394,0.88037827492374632,0.82880440150436563,0.82626585181404077,0.84138356651664381,0.84043603696671931,0.82380392429093774,0.81382197312646654,0.81132503526001598,0.79170243520094707,0.73996193165653057,0.7359569989701279,0.74593482511162368,0.90274390269581306,0.89436525970130487,0.87057695499460186,0.84126984325248144,0.82772489153178441,0.84157812887832195,0.81688736241905713,0.82049484300579878,0.82769319798839847,0.8055360937268442
0.79299705337331194,0.79027492272034972,0.83292910587489655,0.84125601497090874,0.78983979869895937,0.75303084573263257,0.79660262924074743,0.7616385737608522,0.71242728245443687,0.82831481448283439,0.7997541749113104,0.80474495010424862,0.88417957941483594,0.89536856090397288,0.85883515197038873,0.89880932590757268,0.89466937237759603,0.87852105413626069,0.82659098727078784,0.8240182629446472,0.83955373493567176,0.83834693003345795,0.82148812369049629,0.8113653113201218,0.8087439793155986,0.78897320552348627,0.73652468611395594,0.73245645188389275,0.742496483727213,0.90187488113352443,0.89345316604464997,0.86947905584413554,0.83945651195585613,0.82541035010878172,0.83934039839363228,0.81426428286631813,0.81750796640330836,0.82480579989017566,0.80256284320101856
0.7905602511292763,0.78715746549736465,0.82960722681651156,0.83953912465349667,0.78709373884483136,0.7497954048704556,0.79424021782189025,0.75820573417586956,0.70848280192647406,0.82549011426353347,0.79696224963815732,0.80198528765172761,0.88296254823801479,0.89401603819508257,0.85721165607932304,0.89738359335256312,0.89310724990711132,0.87665376197761946,0.82406086484362295,0.82169870201565565,0.83766001583622285,0.83603373506264989,0.81910706263168342,0.80894322887215397,0.80607960938114298,0.78594151255488609,0.73257100133567155,0.72841617801032366,0.73860842676424832,0.90063107234491058,0.89220385027771654,0.86814561323414718,0.83767316885135268,0.82311270062422992,0.83722033842499533,0.81190786784070623,0.81494133089501164,0.82212995569741998,0.79957813108409637
0.78864356105501265,0.7851048273871013,0.82698814737387727,0.83767100121518878,0.78517547378205466,0.74754087241252554,0.79231960750141039,0.75571412743635102,0.70578274123541607,0.82245926482062581,0.79457397520876638,0.79993350524387352,0.88153681571697562,0.89247522842631433,0.85550494583420311,0.89574745895724717,0.89143095145339557,0.87480101650441344,0.8213539931543733,0.81897458862886097,0.83578918912311617,0.83394923754299854,0.81711576594859492,0.80711152489832594,0.8041625017550208,0.78388542608324818,0.72996856933277887,0.72572482028270568,0.73585002292988499,0.89938746738957176,0.89094401576813875,0.86670630792463055,0.83546450002923045,0.82069608326152532,0.83516107791022198,0.80972116596091137,0.8126853013117632,0.81976060020869779,0.79718480074321485
0.7872600281336527,0.7835330510690397,0.82396933629243663,0.83610391273685647,0.78319162080550386,0.74535412237941412,0.79019405842774992,0.75322056149410999,0.70334563615211432,0.8204641981621611,0.79220852800806196,0.79803553008627226,0.88048914614243412,0.89140977810536892,0.85406287568498207,0.8946732801912074,0.89037606405658198,0.87355029797030814,0.81935357864846947,0.81706824687287094,0.83438484144941882,0.83231901776970874,0.81544914628886278,0.80546064751496127,0.80242062487764776,0.78193180577549792,0.7278361019925027,0.72377746287858025,0.73361231376170577,0.89806002803102447,0.889873678011734,0.86545474341384132,0.83377767831538141,0.81903193574707533,0.83390048335556544,0.80789009141463008,0.81025504503945867,0.81749242154107504,0.79541261444334643
0.78562664212466771,0.78186448106026429,0.82224391157008037,0.83535115185880005,0.78189326380997004,0.74346102886202059,0.78904720364791781,0.75116602979441882,0.70104829203501584,0.81982232397846921,0.79104180373619515,0.79717782291637118,0.88035960925411749,0.89088623069271067,0.85348277576249665,0.89377505958741699,0.88922393352535178,0.87232085470976628,0.81833330151101735,0.81664532075469165,0.83382678267301813,0.83271686827043823,0.81508344069044236,0.80459996742415296,0.80155223833309808,0.78017879466098661,0.72576417599495535,0.72196038259695328,0.73200544730643047,0.8968756951387552,0.88880297322678103,0.86424135996154683,0.8334369045107497,0.81805295690130198,0.83262571045914935,0.80705186060441558,0.80916280326862788,0.81614249609583933,0.79365040022333355
0.78428532731769751,0.78035214623782323,0.8210407062927203,0.83460257624868528,0.78088320455122784,0.74221969891075368,0.7878754401490321,0.7497194040556503,0.6994910649953493,0.8183193773844597,0.78969438645675549,0.79628376449811655,0.87965160220946659,0.89005845522120985,0.85268228694702219,0.89286846950153653,0.88822768121107942,0.87125574872271683,0.8169256023718442,0.81485640496556633,0.83303157673386541,0.83195027394976306,0.81428052195355438,0.80376621698367601,0.8006824712502153,0.77891453190801208,0.72412579177272263,0.72025131157701272,0.73026849589869147,0.89633758856959989,0.88807358408784631,0.86318007256506968,0.83165910259222975,0.81657432756815163,0.83135963558177361,0.80591577827132277,0.8081858757846786,0.81519837810471507,0.79270185328495013
0.78263224501301154,0.77767882646269226,0.81804010822783024,0.83238263158315018,0.77820995066715404,0.73905378875389249,0.78571744416313227,0.74660655314971724,0.69587156905887404,0.81604048162726095,0.78721596633387392,0.7935638920485083,0.87848734004305762,0.88873252976770345,0.85070941132100864,0.89152969739079502,0.88672737040308325,0.86928508197461873,0.81481847863835377,0.81263924514523067,0.83086432909518881,0.82976136056758198,0.81167534968616761,0.80104397631278723,0.79781838488877643,0.77596378870972771,0.72051893968926428,0.71712011928146091,0.72740717588137427,0.89592426379293799,0.8873742197556167,0.86215733660720029,0.82984133647355618,0.81421281020941372,0.8291142302513187,0.80354774280251018,0.80553437516581705,0.81232046139592817,0.78993753738186001
0.77915678525305865,0.77385969960999546,0.81501512504151397,0.83015126549321061,0.77551181474011055,0.73552707492322444,0.78334830448492199,0.7427945350774906,0.69156843646574429,0.81372987253708273,0.78461728496433603,0.7911473433212306,0.87721425853823232,0.88742628398398538,0.84870037626739514,0.89030677914938772,0.88525788946201578,0.86735194889750522,0.81250885564502373,0.81016836527283032,0.82892990386732956,0.82796549638350703,0.80938815816468468,0.79847044321054883,0.79512730186523439,0.77262590772281858,0.71613987494540332,0.71271590530417417,0.72327461393129922,0.89503451913420418,0.88640931955915814,0.86090690108036572,0.82789347832141402,0.81177897050879555,0.8268480422591199,0.80108878483044521,0.8028683889962871,0.80936985808636508,0.78683117948902992
0.77710165660586139,0.77184048902720515,0.81216954566172628,0.82842370572138146,0.77377456438474823,0.73339026071321345,0.78146705908862801,0.74026254783910916,0.68897834488997178,0.81175484858070401,0.78215227085838934,0.78946361225965433,0.87628055306509511,0.88645134177495855,0.84720704295247629,0.88928999686113164,0.8840938687976243,0.8658328595609508,0.81034282566369753,0.80785060106454865,0.8276300559492058,0.82662579742355835,0.80784415425687528,0.79685918355428154,0.79344350917224649,0.77083058295348528,0.71367427786674698,0.70987967768179094,0.72039726250701552,0.89434340954421421,0.88565203121212854,0.85987053370692423,0.82613011087651922,0.80953985636457848,0.82493155749870894,0.79893612660822266,0.80050434687374961,0.80685030564555771,0.78417781569899003
0.77531940520856713,0.76977408406839531,0.80987217823074642,0.82694651250966911,0.77206051082890559,0.73128498816133236,0.77970466503638669,0.73782293179882164,0.68636748038653417,0.80995788709807026,0.78018021733228504,0.7879487646976594,0.87520469680063351,0.88529581092287579,0.84579641992492183,0.88812603054507278,0.88281991209438515,0.86444432589786213,0.80848487152852055,0.80597338060554269,0.82648253368691638,0.8254404064417018,0.80655190074948091,0.79554487941945673,0.79205088837885285,0.7690174563923784,0.71111935409978777,0.70729011724047575,0.71783582635189069,0.89367221799177443,0.88482492703629789,0.8588569265723649,0.82462579731597008,0.80781148955515458,0.82338935554235082,0.79727642629021722,0.79867798172647808,0.80498177623866074,0.7823458653427221
0.79850958592460541,0.80213683632809407,0.82660141539362619,0.83592165205639302,0.80534424202918042,0.77565677569418601,0.80481554691102863,0.77876778876603381,0.74753397657107568,0.81928984384584946,0.79783180641862483,0.81928013332343308,0.88203939495548023,0.8903145735978486,0.85279181443922003,0.89308930890631999,0.88772541614645561,0.86995203122681253,0.81982289904877459,0.81651056943610822,0.84863501841565492,0.84245442554087424,0.83379626322728795,0.83226024367899631,0.82878971425857839,0.8155790029086819,0.7602103825991684,0.74519232718295403,0.75402464794355351,0.90123937614176641,0.89196305197951475,0.86625559538515806,0.83473966855939541,0.81709788042835974,0.8300245928285781,0.80645862144546554,0.81325996023419067,0.81853758425319734,0.7980951458711113
0.81380597164603208,0.82211413719297,0.83294647842515768,0.84327526640541217,0.81962686338741175,0.78920637693651396,0.81603045108533023,0.79019559148349194,0.75777516558468083,0.83955707884963615,0.81040837579251468,0.83453536837459652,0.88789838919720876,0.89600783384336102,0.8620498911903709,0.8994415545738853,0.89418277875951935,0.87825142483634555,0.83611645194957462,0.83260854251767724,0.86491483092164068,0.85753745503306822,0.85057790729525562,0.85105130418295905,0.84675959996659145,0.83372448711286873,0.77604425442836389,0.75911568392873507,0.76674749535367881,0.90868003856771795,0.89888286246219518,0.87392295085738847,0.84710631512192303,0.83149352560985612,0.84277223682966518,0.82220963356666921,0.82289684659946061,0.82631047377811895,0.80562163964681144
0.81771441819302326,0.82299711819651011,0.83114606427160986,0.84213518187674152,0.81876851562212272,0.78737891706320529,0.81429926585255774,0.78724691968887239,0.75470807771515647,0.83880682131458795,0.8084968487212012,0.83408891358798587,0.88683599921286538,0.89510870740912429,0.86108047672514565,0.89867655633092081,0.89338185811590543,0.87740581943279372,0.83506337714454737,0.83145368136041575,0.86414072288628674,0.85714567398197572,0.85012869100181521,0.85053079377031449,0.84624975779582001,0.83281847093261085,0.77416599194668989,0.75831740896642352,0.76507987966863189,0.9077096274381492,0.89805471601749209,0.87312239057587848,0.84610057457875343,0.83037469610297543,0.84181158275582935,0.82108475393543578,0.82156650344013793,0.82473725880024118,0.80403218918739627
0.81706184457253395,0.82174743729169752,0.82602828220837687,0.83986808174363925,0.8148932203220155,0.78272962459024997,0.81050890768385198,0.78235147442365061,0.74973228354946853,0.83604995511530644,0.80431030403325376,0.83062094659991226,0.88527443753203405,0.89349517960764302,0.85907995226612488,0.89701163747609303,0.89179075273124608,0.8755283464239223,0.83216431979591732,0.82906260236670948,0.86205803381218105,0.85430272295388432,0.84735069995638024,0.84818652520283666,0.84355348741009906,0.8303595549420566,0.77074992717045165,0.7555672522362008,0.76240746465015885,0.90645523250970728,0.89676270106475409,0.87176829571855885,0.84408537881801238,0.82800426214311473,0.83981360549074946,0.81822997605865289,0.81778806596100551,0.820795592376793,0.80013497178750659
0.81193988499707959,0.81549399433539149,0.8208835297933238,0.83755717312939848,0.81032332777963834,0.77644948690480731,0.80642184295570218,0.77571616470358262,0.74202718470309192,0.83275677198984177,0.80025342862008864,0.82669074610458471,0.88354481067179791,0.89169728337992171,0.85696048590743068,0.89517088036322645,0.89005455044815451,0.87349178774543379,0.82910047586816604,0.82634082252140284,0.85866384957221065,0.85104404440434278,0.84374526207671907,0.84450113184854025,0.83971003905530806,0.82485632655109109,0.76340499189840072,0.7490616086027192,0.75699289077847842,0.90463833196296128,0.89514519726977315,0.87013047540686694,0.8416713992079039,0.82542967072755602,0.83759315766188813,0.81513836129604966,0.8139998349591816,0.81699594563678846,0.79574770065507172
0.80745964006828608,0.81019461700762752,0.81606153052195374,0.83542640837887383,0.80553880899800312,0.77044249937215492,0.80200709328237607,0.76941387107629311,0.73505465925456948,0.82905776274753407,0.79625378157817905,0.82249427412975296,0.88187806127261636,0.88992292497259684,0.85481386959753403,0.89321138656226506,0.88819801488344952,0.87128128518957648,0.82574703249769976,0.82309817988826228,0.85537902159973767,0.84769434970649904,0.84009232189027983,0.84073325538726629,0.83573172545369367,0.81968062714919054,0.75687678136004943,0.74296555992028057,0.75115964864511431,0.90271659401504944,0.89339948661484292,0.86821020602752352,0.83857049780523374,0.82257224315688759,0.8352361268027616,0.81206795633119089,0.81043327127165354,0.81351945181658092,0.79198914315479274
0.80517169810833733,0.80771023671056552,0.81224198158951932,0.83300710417975721,0.80299284787873126,0.76732382295865809,0.79923065026303863,0.76581682042471055,0.73147522102926132,0.82696194208136442,0.79324741213156169,0.82014149506213674,0.88011318157303797,0.88811494857506168,0.85264639466725156,0.8914175870225628,0.88647370568103789,0.86941366299535028,0.8236633393406313,0.82105655938786415,0.85338344972682589,0.84557635145259646,0.83787947638024574,0.83847859368264654,0.83343601197194339,0.81700416886766614,0.75362760285079622,0.7394189007106724,0.7471674988028697,0.90101967107518577,0.89176493090807674,0.86655748122593923,0.83653184340948683,0.82059377555880908,0.83348094287110785,0.8095775633265323,0.80728390159124397,0.81034591926488442,0.78883625263785451
0.80249825888408366,0.80490413783049508,0.80813204300880892,0.83094046641297059,0.79969705493568755,0.76380853597819198,0.7959318130012274,0.76204329727478126,0.72773097398958531,0.82401789189978802,0.78999806372343628,0.81696526325873842,0.87838459371216682,0.88631297647612828,0.85073816049438111,0.88958352300530497,0.8846708212611295,0.86752900237009756,0.82094446263107546,0.81866277938871501,0.85111316627507727,0.842991776832411,0.83514316441793979,0.83579796979144028,0.8306166865921869,0.8141620059988528,0.75017695494773962,0.73570131286393059,0.7433451077624571,0.89934904760716561,0.8901147085381641,0.8648289494223369,0.83419738247176112,0.81839707802351225,0.83157793174314742,0.80719661938570086,0.80437090300798642,0.80745431836667669,0.78572825011418423
0.79937553224567859,0.80142684390031926,0.80414342386203397,0.82869782346592746,0.79558665076115787,0.75940956915744617,0.79259256373128772,0.7580025307732271,0.72325254633844238,0.8210928986193855,0.78691322003369979,0.81272572709393431,0.87676630467165306,0.88457751874455615,0.8487492727749425,0.88779491747185091,0.88293056305005235,0.86572071423518182,0.8185539568823762,0.81670138156093408,0.84796501092801191,0.83921084952225389,0.83125146836774422,0.83205693156863225,0.82674631156525724,0.81046413155020625,0.74583769508942799,0.73150946298769226,0.73953197443847019,0.89792377556591552,0.88862963442822374,0.86323207223082499,0.83220273201663564,0.81655916461417033,0.8299569265843324,0.80493854758788885,0.80140238771496131,0.80438581688299249,0.78300804688938752
0.79626022865763246,0.79780150813323414,0.80011653690204876,0.82643712821630755,0.79149133391770554,0.75494098985590719,0.78923640425309338,0.75382629525221778,0.71864641674381313,0.81816643852787441,0.7836310907343963,0.80863013566168196,0.87505855063767102,0.88264525723683485,0.84651573228139043,0.88579135453735225,0.8809314674331985,0.86359144186847903,0.8160033799866987,0.81443602058097042,0.84509513406894399,0.83580064069904192,0.82767957402789927,0.82852890299443349,0.82300542229397022,0.80657795637835183,0.74135612070130363,0.72733581338096343,0.73574670904295758,0.89632042625502861,0.88693875036056391,0.86141079907156504,0.82989333696971801,0.81438722553925158,0.82795078076576767,0.80231886067270974,0.7982488341439411,0.80137010340939152,0.78015088829142532
0.7939316055916007,0.79494273709511176,0.79599531594124473,0.82393972431549201,0.78832316835388683,0.75129671221324534,0.78603846385449516,0.74998151435155647,0.71488173185312398,0.81569851664138016,0.78032702876319848,0.80561284621205953,0.87358470784582776,0.8811048146934588,0.8444247419824884,0.88419628910073755,0.87942474087598088,0.86186500007693168,0.81378658586796448,0.81230485652392859,0.84268749320170655,0.83318043434818267,0.82494125464247292,0.82577716621305319,0.82015203463034081,0.80347860533623472,0.73776153476827766,0.72394533913182324,0.73201305076837664,0.89495737933552988,0.88564022309616175,0.85995117959099643,0.82761520628516438,0.81246050450246554,0.82631822632553342,0.79982067390589962,0.79494688348009512,0.79804729314629563,0.77715728787158445
0.79197553299189127,0.79275922774571239,0.79287643840051902,0.8217892722881095,0.7861824331064563,0.7487088360461357,0.78386788002049568,0.74707748274275909,0.71190123222410373,0.81387938178749564,0.77787911902169626,0.80355870551876596,0.87216043619483785,0.87969703117843101,0.8425820312459984,0.88279253829368498,0.87809466471497266,0.86040523182674034,0.81211030999176392,0.81053879222271918,0.84093896463215456,0.83136179937936849,0.82294843431649378,0.82364945903573483,0.81799323381236422,0.80100201691891315,0.7349622074357639,0.7212087031595289,0.72896093561828534,0.89348915458315947,0.88431303555892482,0.85850357902013541,0.82575246716817452,0.81083609174967952,0.82501259853874775,0.7977289075027223,0.79222690881494207,0.79531210338862746,0.77455535632707273
0.78984179451755132,0.79046178035900561,0.79087212049631161,0.82029093780439577,0.78404878121153454,0.74629971035631326,0.78183820078298627,0.74466812464885335,0.70937995843311341,0.81212306915217058,0.77583405134923233,0.80135821138183061,0.8706954002482562,0.87824257753209756,0.84117096270600211,0.88142028929906469,0.87667747988877598,0.85895394131840586,0.81048626908245536,0.80890898060588434,0.83944721145414536,0.82925461094088293,0.8210099030377207,0.82180221240183393,0.816034377075747,0.79879449051109519,0.73235458227204198,0.71864944693982635,0.72644075099216832,0.89198740715130587,0.88291746754645184,0.85686304028663141,0.82401120667949046,0.80920991955727939,0.82356166720287627,0.79606989059732014,0.79061521996516004,0.79360769716184054,0.77260461729502283
0.78765399098340383,0.78815410232780059,0.78844085558891364,0.81856221819259589,0.78210483232192773,0.74387253804859244,0.77976952031242197,0.74196490118946534,0.70665572755212147,0.81043165094132741,0.77368349914616608,0.7995449288327996,0.86925637530407251,0.87687603519560819,0.83969508023863171,0.88017789737226304,0.87551145517747286,0.85770270362863743,0.80895867898082896,0.80733508755966765,0.83780858291920424,0.82746041592550423,0.81926243325942216,0.82011026891884087,0.81429574838737229,0.79667934795014639,0.72966789652144459,0.71595102118854326,0.7234928611180752,0.89061997760235301,0.88162564983928393,0.85564478840200264,0.82237754859155976,0.80777547787500303,0.82243122557843074,0.79436400225115522,0.78860455498633786,0.79157871876705732,0.77065777784934408
0.78576521709330982,0.78579052354778034,0.78677305065896364,0.81761827066699355,0.77993078710678521,0.7413542413238533,0.77777235564645819,0.73957827086563377,0.70414213107506496,0.80860787168584858,0.77183832066694846,0.79748894389515901,0.86819300662212706,0.87579794014488577,0.83858122363518928,0.87908674903101647,0.87443656200990683,0.85657399113671251,0.80728760085143825,0.80564111493409063,0.83609886382362797,0.82551571940828483,0.81733631400554074,0.81818900990566112,0.81229800680860798,0.79430077427523349,0.72701462150099327,0.71359849493326832,0.72122664787926083,0.88942691793994078,0.88055215890384586,0.85440474366907415,0.82066706472086093,0.80628079058017044,0.82132230095265191,0.79297452235339194,0.78723270239502929,0.79040366641579118,0.7693940584368274
0.78381130361550111,0.78344337469195302,0.78473202191109226,0.81651146579718015,0.77744767777344115,0.73857072997092454,0.77546300889733655,0.73685195454792318,0.7014084132745716,0.80648231540719273,0.76977899386471826,0.79518545662229434,0.86719275939509932,0.87475511719344878,0.83749648346744632,0.87800551239453539,0.87328848044331231,0.85540380967939222,0.8054141952763898,0.80394495042722491,0.8343925962594424,0.82361893711037903,0.81535173995872112,0.81623118062677558,0.81023891180760588,0.79178172911254929,0.7242939734402386,0.71122244895648679,0.71876885112343103,0.88792225907133537,0.87933248697337163,0.85299013463908757,0.81895839069356058,0.80470675102517109,0.82006444492480945,0.79153526706871291,0.78568437832128502,0.78885330422194655,0.76779885851307184
0.77988432600424118,0.77859308441939457,0.7802267849819372,0.8142976852004834,0.77350679013773416,0.73354962634256615,0.77216254768547443,0.73175038820060367,0.69564521369672583,0.80322709288269822,0.76609327722126019,0.7916914138130684,0.8655701464767771,0.87310539018596778,0.83531740103168961,0.87633779861825245,0.87160214711098505,0.85327252942596343,0.80243886855635893,0.80115656128914681,0.83206645386322808,0.82101795186436688,0.81242396535497374,0.81308185631725949,0.80686590472255937,0.78743060792261876,0.71851706261762294,0.70583193073260264,0.7138686582393422,0.88686055517396167,0.87822085955803542,0.85180949511396287,0.81685209213843635,0.80185221126285733,0.81750648020260541,0.78851767692078922,0.78228891430570346,0.78534464059598186,0.76393409999561146
0.77809575608105097,0.77678129677401575,0.7775622090935862,0.81267983482409945,0.77126315611239082,0.73104490321039028,0.76979661476692696,0.72904279825611074,0.6931625501924733,0.80128375478181202,0.76378467125209637,0.78967041508406566,0.86446118674099937,0.87207241398778146,0.83384872541665145,0.87526442789348669,0.87057382800317984,0.85208954831911576,0.8006516687261358,0.79950834896812673,0.8304959233437994,0.81937420428985341,0.81062229594322255,0.81121474932142756,0.80492613731736773,0.78539846107134903,0.71615166876345304,0.70344649433303619,0.71127717091405829,0.88604616217951959,0.87741385894773627,0.85092379882657887,0.8154089136117102,0.80027085743280491,0.81625720047077333,0.78675682821245929,0.78001412876220177,0.7830751914993791,0.76175339036423584
0.77665444236166881,0.7752148946236801,0.77535076837518679,0.81136261981514191,0.76945159298325905,0.72891248709665513,0.76779305235908191,0.72662984459494973,0.69091414457744738,0.7997292874632731,0.76181500346086273,0.78798138928492889,0.86361360360355266,0.87119389662734514,0.83262658734344175,0.87424971142187724,0.86956502513854006,0.85099883503731633,0.79912386132020574,0.7981547246285654,0.82920563250931645,0.81789653381422012,0.8091077229801813,0.8096850409932691,0.80336292946137033,0.78363102076210245,0.71403985803060588,0.70127151629708961,0.7088450997275304,0.88526533374123251,0.87663001378521865,0.85004690116238191,0.81424155961220512,0.79894416489014963,0.81517864005589025,0.78526976410339877,0.77816202552151681,0.78128027433780378,0.76009010536271138
0.77483949623067072,0.77295634220468501,0.77309584263661024,0.8099756670769741,0.76740535255981179,0.72624570364331931,0.76584295758964127,0.7238475974045111,0.6880065258524839,0.79792070355338329,0.75987208174111165,0.78620267480516237,0.86236895408228142,0.87002657894772972,0.83132148901905223,0.8731213170360248,0.86844909569815687,0.84978762107586703,0.79750982749895294,0.79655097554950838,0.82780923624705793,0.81644337631026587,0.80751858792273778,0.80800080191011769,0.8016251226530815,0.78126973738327021,0.71124162400861834,0.69901407597385112,0.70662789711294549,0.88405739391416205,0.87551794948636608,0.84887296477365892,0.81272554413545262,0.79743143988346654,0.81396207310927204,0.78365720611258005,0.77637594123469134,0.77949111919655856,0.75841088727766537
0.77340074633851641,0.77101550020956766,0.77106084544882492,0.81171483388977528,0.76654828548283038,0.72469725055280176,0.76580369828195405,0.72225871331360736,0.68537234247184098,0.79699350852450246,0.75889741013123591,0.78535099763524008,0.87459706932220693,0.87719807179452414,0.83413857951530435,0.87689199383147043,0.87048906909570545,0.85079088943506642,0.79636182073459916,0.79671371227362586,0.82642112652798794,0.81483419277659519,0.80593120059318413,0.80651446349916234,0.80011025981598294,0.77921603898342406,0.70882820138052005,0.69707534079124567,0.7046258505274795,0.89238944500618234,0.88309467304678513,0.85456353656192974,0.81620336447885178,0.79757443926312965,0.81433973407944538,0.78326916213988085,0.77486707269759214,0.7776824804583724,0.75718519605818002
0.7810541058569318,0.7740022710754545,0.76897699319498392,0.81052015671597089,0.76500858052874932,0.72284133666381989,0.76453470368188403,0.72039435048415601,0.68330784566150016,0.80355020585418402,0.75800835746862361,0.78412224129294539,0.87437314905755492,0.87759229979478159,0.83407713624834745,0.87864959157329392,0.87299651932805356,0.85332782480263203,0.79983648724550338,0.80330196497833795,0.83057808873903605,0.81558403456518302,0.80637046403989232,0.80675865913354561,0.79973230195503686,0.77810851479133347,0.7079110927365474,0.6979764491522219,0.70340326817257059,0.89237477157171496,0.88394138373135678,0.85695467539683334,0.82247908254544755,0.80177544775573073,0.81737163164868076,0.7842445649834513,0.77302353067897556,0.77569700283267007,0.75518883337697429
0.77972675745523146,0.77218255201183328,0.76716107002619605,0.80930831362991917,0.76298683630198005,0.7203111542893339,0.76288473358068454,0.71788657428142599,0.68046377739070918,0.80332473495788881,0.7564354259104612,0.78235199959050439,0.87456875955437363,0.87731664207630256,0.83303017019708436,0.87824747079912469,0.8724711201698836,0.85234599949001322,0.79859246174345133,0.80300553091693239,0.82941843314055241,0.81436565122192173,0.80481395155111879,0.80510165195166417,0.79795128360739898,0.77614669429186967,0.70527048481070342,0.69565471301391335,0.70118404027962744,0.8957642128258495,0.88613371139320329,0.8596791818559496,0.82419283245436836,0.80085935526515073,0.81628145424561571,0.78292969027463921,0.77144355374332252,0.77416881735805643,0.75323950320808075
0.7773470232962757,0.7694633707651195,0.7642079799122008,0.80736544664328291,0.76091226458916761,0.71750515841327145,0.76089093678306996,0.7146977444355912,0.67697161708966958,0.80183773531988967,0.75411951967077961,0.78042140701869567,0.87367750512805009,0.87638017180833816,0.83126853641880016,0.87729329370597464,0.87131937309451479,0.85076175610709814,0.79691131386882863,0.80142429966784368,0.82783822604777357,0.81282997991687322,0.80296287460584648,0.80313061798434071,0.79593509397763129,0.77378093051651053,0.70187514293884268,0.69230469279296836,0.69804902968303384,0.89505658642662478,0.88540189251023549,0.85878882294580794,0.82305979890579617,0.79907726462129447,0.81448336223384799,0.78077558118381818,0.76881624320896624,0.77139476648580341,0.7505110076437278
0.77381167459540545,0.76561645988825811,0.76041268319937505,0.80454299148857766,0.7579112769083266,0.71366084252278783,0.75805933217473154,0.71044487904922449,0.67247661039566076,0.7999629402122892,0.75080616341467932,0.77789562756102371,0.87204293684422529,0.87466081576565202,0.82859768726024108,0.8756170199417358,0.86943223556350502,0.8483351880245662,0.79458137289909558,0.79924039987918871,0.82596215566603937,0.81093879260623769,0.80077788967202468,0.80079522741300035,0.79347353113546415,0.77054268020998828,0.69744847003544785,0.68801031994124795,0.69418090163939972,0.8941312924557604,0.88430100004558487,0.85753002857818761,0.82149539991670162,0.79631178035194161,0.81161845487076267,0.77760130905952907,0.76541751119312973,0.76778369601681229,0.7470797888164763
0.76902069722419986,0.76037181213634097,0.75610868427130606,0.80176775062667394,0.75373877104705633,0.7086135654057939,0.75429097651227717,0.70521674759407038,0.66689875292055123,0.79708063646340921,0.74664957727774095,0.77418240046016829,0.87060962053654278,0.87303090572194042,0.82619227370881121,0.87397658196446903,0.86769321449980397,0.8459874310940616,0.79118000068246519,0.79630318532803712,0.82279814792198291,0.8078570275912057,0.7972875477748983,0.79715343041597486,0.78972070768693858,0.76593855836637681,0.69178776747648407,0.68255921229606709,0.68927158676120215,0.89317395717157899,0.8831059805371364,0.85625535379997453,0.81951492719968499,0.79300462631565616,0.8086020030355745,0.77411948392850272,0.76189118809253309,0.76396746851878816,0.74327859153921549
0.76550326129830315,0.75589542145013255,0.75115561547255383,0.79956232008367167,0.74953308011383935,0.70385413533981767,0.7505464527763398,0.70052042104937073,0.66193913253954328,0.79360029989276537,0.74230766705585527,0.77003505739087108,0.86891552726918098,0.871333876465051,0.82391858296984888,0.87219540512073546,0.86579068921829427,0.84362020378095059,0.78779582638960832,0.79321215111852017,0.81914585782784521,0.80418684260185636,0.79331051962770716,0.79314240617818632,0.78554566169500561,0.76147014048737161,0.68668743938102006,0.67790081708720973,0.68490084264700901,0.89136370043862323,0.88148351730597985,0.85457744285230475,0.81712649182972952,0.78981653715615929,0.8056998474539615,0.77060999129108843,0.75811897832019925,0.76039293994347434,0.73981722851853282
0.76178527304280264,0.75156680737477766,0.74595531354489286,0.79702257844105839,0.74539763220396893,0.69921235658527015,0.74642592892727522,0.69569304588130199,0.65705703320266207,0.79003413756819729,0.73770121993699289,0.76625077782320306,0.86685230103000022,0.86921279682509078,0.82125252744897548,0.86999618202987827,0.86351579948176493,0.84101729967036265,0.78418816055123874,0.79001462184800852,0.81618721191184207,0.80097235234742348,0.7900027818246812,0.78986478976161556,0.7821025924707331,0.75741889788387107,0.68174570446291782,0.67291447483716016,0.68003916994404012,0.8893543276461805,0.87949197431853732,0.85258531262346648,0.81462496162299103,0.78652989799143302,0.80284772188555331,0.76688263431148318,0.75398864936096743,0.75658732213722057,0.73662024146091432
0.75918477360590242,0.74862019243416789,0.74209105827644317,0.79465929734264384,0.74252350286938007,0.69602682430978935,0.74340395852693442,0.69230031854859653,0.65371440066674102,0.78758628958694599,0.73444968521794907,0.76357269532620275,0.86508924695957901,0.86748083754826333,0.81920656612829912,0.86834934764384597,0.86189043331302095,0.83930604491899885,0.78181308064552024,0.78794064663314622,0.81392057177024835,0.79853745673919951,0.78758116341098483,0.78750326610718169,0.77964553375357015,0.75464128378750051,0.67837468797067713,0.66932355808699062,0.67635969854512501,0.8874671416104104,0.87782141961594329,0.85091585002220027,0.81281222362749606,0.78445001325007724,0.80109528908067784,0.76445535207833304,0.75086746956156347,0.753419902279716,0.73378995160065241
0.75782916760549213,0.74713318724990496,0.74133908756882849,0.79343933010235757,0.74225488893916303,0.69508646837910493,0.74389973773304774,0.69091554534241562,0.6512449737117818,0.78561309518514522,0.73580782804495215,0.76325649214793045,0.86356451329244566,0.86587000418234061,0.81781358402568238,0.8668684996824384,0.86042107037695403,0.83792389669944245,0.78118993877416643,0.78581255308029796,0.81370035629445836,0.79964120703953834,0.78757617353215581,0.7869478072069096,0.77895722160694914,0.75293885040410113,0.67620124199575415,0.66690910139421355,0.67347892123196562,0.88592310504905059,0.87616872841433324,0.84922717703040007,0.81061319452861569,0.7829940490159123,0.7996371903271362,0.763280219542668,0.74991088723691801,0.75219698213620101,0.7324716482880621
0.75669276705333244,0.74516914465020967,0.74467039835504634,0.79600117123752634,0.7446615079179526,0.69578885925521006,0.74709687778145539,0.69117292303172528,0.64936518798690546,0.78727387453616604,0.74002566954773807,0.76610574214364902,0.86193746881061861,0.86470725636879164,0.8192920382582648,0.86672425096874939,0.86044341112591249,0.83889460071220368,0.7837266928599611,0.78689548998782055,0.81624947367846157,0.80352879791793774,0.7900181682266646,0.78806726998606547,0.78003672732441931,0.75147102423770784,0.67405128823999672,0.66519142894244288,0.67176810162537226,0.88402849185267907,0.87487523699871306,0.84861651060031251,0.81085235839470893,0.78515380772393328,0.80227526551636252,0.7673343312924793,0.75360646971283796,0.75475552100262688,0.73555237388933692
0.75377117545537919,0.74173084099622222,0.74214084293700111,0.79443590075683368,0.74220800846259638,0.69289045263306304,0.74518841840548278,0.6883854728585922,0.64613157321496795,0.78495622451259417,0.73802133509952328,0.76384741308791593,0.86064688705240644,0.86370189012318699,0.81806723562460537,0.86590599538422897,0.85957178121348987,0.83783034817656088,0.78199616244367576,0.78548308796946964,0.81453490321522215,0.80149281799238492,0.78794731469167723,0.7860683205780844,0.77790313867439298,0.74883172075627447,0.67053574451220554,0.66193944313769248,0.66914356792370933,0.88300970436631521,0.87404421813992628,0.84777846894962716,0.809806602221396,0.7838160903650947,0.80111868699620115,0.76586316375779295,0.75149664781525194,0.75243534761307296,0.73339336902603858
0.75149535079661722,0.73891514602084829,0.7387864695958648,0.79264219480565345,0.73981937944433551,0.68996370182999656,0.74285611878291069,0.68525653523231833,0.64285894784525521,0.78303346526493456,0.73545149329599813,0.76171175391834001,0.85958315493605797,0.8626792877382331,0.8165561080730982,0.86498709222141945,0.8585523159229973,0.8364593267407926,0.78003552946917709,0.78365341260991384,0.81337611142600119,0.80006351625090155,0.78623956082426893,0.78417650283496632,0.77586180319056852,0.74626312784845228,0.66723279507532685,0.65865524099694983,0.6660175167828658,0.88231857609844722,0.87332491406079826,0.84695249546448692,0.80856627405120918,0.78192041956506797,0.79949711247057809,0.76376164471338659,0.74873967981307243,0.74963684030478772,0.73077842899675582
0.74971008489754609,0.7370888914987197,0.73672970478312139,0.79133646520411083,0.73799110372280685,0.68809249224253921,0.7410259782403551,0.68331220196953713,0.64092648218916703,0.78131075970964559,0.73350832924980447,0.75995561561502878,0.85867669788854473,0.86179694953217156,0.81535196286816969,0.86408351827213847,0.85761197307141135,0.83528800302534723,0.77823182318494399,0.7819924971667116,0.8119753454341978,0.79853976011999694,0.78463344381101419,0.78254417141343713,0.77418872608726907,0.74449860376496324,0.66524489480798399,0.6565919180153561,0.66385940619962691,0.88148379664997978,0.87257448645038183,0.84606786550379043,0.80728373019426736,0.7803038758667018,0.79817354560189813,0.7621851223002486,0.74693660212822,0.74787848693761705,0.72902824520907683
0.74825309487715075,0.73554181703143029,0.7351279361023223,0.78995985820809644,0.73632097789369855,0.68637214649452472,0.73974776858064684,0.68175989566190809,0.63919413011407844,0.77921044379715432,0.73194730290935095,0.75843214216119981,0.85721138578896494,0.86061130935165953,0.8140788248555445,0.86299191073163661,0.85645436876600078,0.8341260979606524,0.7764379094983126,0.78031081995070628,0.81103002675678382,0.79728448553581543,0.78331196797891123,0.78122168783587775,0.77279411141516241,0.74284859308260776,0.66351743846730782,0.65494161760348346,0.66210413195996243,0.88024175602991828,0.87143312542469797,0.84495340065560498,0.80589878319145414,0.77879979340612282,0.79695969452762316,0.7608449811332052,0.7454685577486343,0.74632221662758058,0.72751616164875998
0.76525817861416701,0.74465809205965205,0.73247893397947272,0.78757543993924961,0.73563224851777498,0.68566057631043753,0.73876972129816076,0.68060167362077773,0.63783287483805495,0.77648912820641203,0.7297954535700526,0.75787498647524776,0.85546225722400249,0.8588043764039508,0.81188175904043214,0.86128045043758905,0.85454413650306704,0.83198433554331541,0.77412990352561128,0.77749855354659003,0.81108359566519483,0.79734807968526045,0.78317328612675774,0.78116439840865814,0.7725585947500031,0.74357843230387188,0.66593336665132807,0.66283656431241778,0.66630738956590096,0.87926990857476506,0.87020738301518319,0.84345766913962172,0.80375515811830578,0.77609943989887398,0.79435381133140981,0.75832998402903073,0.74290229878713188,0.74357214238617408,0.72506247009714442
0.76405884120976131,0.74311465607990634,0.72910014276929491,0.78501065357956001,0.73399105370443496,0.68372735987308131,0.73697133913801771,0.67831026335244582,0.63529025307186071,0.77457470472990797,0.72739095530135989,0.75627219921081201,0.85441946147721171,0.85743517102299993,0.8095600413802011,0.85987634151277048,0.8528947584315828,0.82997112543165186,0.77229602391641616,0.77550758503485273,0.80970485383167767,0.79567585803016239,0.78161566491310486,0.77975726719253124,0.77113359206046972,0.74211164031188681,0.66361480283766106,0.66074179919541742,0.66448537377552508,0.88045584959431644,0.87030322952487571,0.84311559165733396,0.80224334267292485,0.77392067114039231,0.79212511832181265,0.7558367434380423,0.73973358920100885,0.74017217797626111,0.72205901868724742
0.76226325902470105,0.74077081069907391,0.72535906917119608,0.78363950759688816,0.73166893530628174,0.68107637456779768,0.73453117616537744,0.6753181368151816,0.63219198967367618,0.77302281825394148,0.72457777832418035,0.7540385576699048,0.85820308317737992,0.85966566235235631,0.80941975718666836,0.86118102141124964,0.8538454450843499,0.82997603744162363,0.77038201251967475,0.77471204236016733,0.80797729003947871,0.79387624333175388,0.7795746391290167,0.77766260284669675,0.76890530098356502,0.73977147187386105,0.66064242030501341,0.65779845979354901,0.66169080208740239,0.88251615233819947,0.87251153261073799,0.84507272690746593,0.80276692764329605,0.77262686043660456,0.79060074128884272,0.75376773528636465,0.73652591314714855,0.73679431802494066,0.7189475516805599
0.76200149604499334,0.74078566693398407,0.73390403843466012,0.787401048632693,0.73939756836020287,0.68747136225140837,0.74180782932919564,0.68027117272387483,0.63750787464106917,0.7844558748102558,0.73025347169944455,0.76294382660790361,0.87095932180731561,0.8689928080293553,0.81368022550420593,0.86792005348257639,0.85879208993067746,0.83286199314073273,0.77587077030777907,0.78099353276577876,0.81905558756431351,0.80657525048892298,0.78979888828659695,0.7852485993721614,0.77591421124811477,0.74247332550347434,0.66355630143827871,0.6581883368111181,0.66189807113970234,0.90640904321916127,0.89080251808380295,0.86340202931642851,0.81526619668889633,0.77731001193218885,0.79310377617792982,0.75559060094538899,0.7412695807035754,0.73977532399739943,0.7249600919840653
0.76304094118396615,0.74715917150468691,0.75413338479603664,0.80547532063821814,0.75831084388594538,0.70883926924294005,0.76083271122801954,0.70351470030041519,0.66159924604414089,0.80250503315518851,0.75197452864931424,0.7817080613212567,0.88009513143653018,0.8787787514893618,0.82799286030178654,0.87783977305330729,0.8692201348120755,0.84610656568785325,0.79569004766989182,0.79813375474741999,0.83545471299384388,0.82368373072219114,0.80666154740183527,0.80114664053984408,0.79146290835974065,0.75622341903571166,0.67996122466380571,0.66244700954189772,0.66254946152220717,0.91221988768999163,0.89831613492436069,0.87300074143513695,0.82839118143535062,0.7964714068045049,0.81329638182477026,0.77550967686031436,0.7618911782973431,0.76177281472527347,0.75154823282042538
0.76206745788118369,0.74630045808196332,0.75424280581231506,0.80520299132660333,0.75830719913394251,0.70824396421874392,0.76087270871866486,0.70292433726795889,0.66064276331968197,0.80336108437083786,0.75203644090528543,0.78212994461827068,0.88016977679262531,0.8790774025239253,0.82830443763327533,0.87893216258758089,0.87091137350908077,0.84771858611117712,0.79614674767167315,0.79935022675830114,0.83515888851089926,0.82401250411951743,0.80652905124689034,0.80083794673785536,0.79120446100479258,0.75559140279012771,0.67899828153582975,0.66132701994551124,0.66171046268918998,0.91219756382635009,0.89865365696037025,0.87360656803570846,0.82970720431262313,0.79726463562119398,0.81370806158181919,0.77595933364571479,0.76148257430069166,0.76076405726498508,0.75062679603270377
0.76079778885685978,0.74500949784963411,0.75330507782329925,0.80550017041619482,0.75837511676412583,0.70752339070810166,0.76072620512912914,0.70170759434740526,0.65904165672172488,0.80589427181576412,0.75246858528099758,0.78286952359979101,0.88268759800714458,0.88136490283497304,0.82951896207839604,0.88077611292286495,0.87282461384490639,0.8496446150868352,0.79878732292695687,0.80226995295125336,0.83725503365890508,0.82573614099667236,0.80801833258286948,0.80189648022983684,0.79189656986253709,0.7547168231240059,0.67744334410752272,0.65971760644877486,0.66023702754967417,0.91404137673119834,0.90076700369995855,0.87616566720415567,0.83218071146865813,0.79970546789368668,0.81594051252169086,0.77703059095921367,0.76071963131825227,0.76008396975571857,0.75017624546960893
0.75767857245881376,0.74162008615103669,0.75079834550443203,0.80394742490238003,0.75580106778622902,0.70432822796239736,0.75868646941660145,0.69844458908361284,0.65524471993641353,0.80446433070954115,0.75048964376804717,0.78066304443904777,0.88173953339689903,0.88045245199207478,0.82809073209818707,0.87988646959763117,0.87176967957270002,0.8483774667502717,0.79745857983347357,0.80097532982772268,0.83560805957722406,0.82395653565837801,0.80607204620717132,0.79989497694415446,0.7897571542999543,0.75189375288335591,0.67372101384109784,0.65628673692767914,0.65744158487424031,0.91309303864392866,0.89990648832004738,0.87518688639841979,0.83107854467323827,0.79817282227574304,0.81440863476134895,0.77523929392500013,0.75852815097017556,0.7578397525795133,0.74826994029858918
0.75454091813645008,0.73830913735301207,0.74738092971801229,0.8016181703634857,0.75328526209058921,0.70147350594399938,0.75646103858907854,0.69546285238179439,0.65195920018039122,0.80254399986272074,0.74803536539192994,0.778458722282932,0.8801420428144382,0.87905643565732261,0.82601012372563276,0.87836268915702043,0.87029241826811898,0.84687158334939383,0.79572009167410163,0.79935608904209532,0.83371030564164406,0.82214572478544523,0.80408562699946551,0.79774201951306045,0.78753990201330237,0.74917871863330754,0.6702525488247012,0.65269988137107504,0.65416343384531084,0.91210922173037423,0.89892507915222231,0.87426909571983613,0.8298725654595317,0.79650457949311781,0.81296136554158283,0.77307120726227507,0.75554108697520617,0.75487858704148858,0.74550312638448135
0.75208134528951565,0.73575031331806262,0.74468124479095332,0.79955089658960343,0.75120070511492187,0.69919831750150452,0.7543337014699254,0.6932304128232214,0.64971902775400792,0.80062641986828298,0.74579148921878957,0.77647791383371501,0.87864389562199163,0.87756112040372347,0.82423265551570601,0.87693554200736279,0.8689281607132231,0.84537661730858316,0.79378274735458576,0.79773652183457344,0.83210742636349377,0.8203179043081742,0.80223597217669274,0.79586722141943378,0.78563928550972428,0.74702844285972569,0.66783394979597788,0.65034270128134852,0.65207463776832419,0.91100996138128387,0.89781434668070448,0.87324517469167828,0.82866153184534785,0.79489202384487745,0.81154634091580535,0.77117770284095433,0.75309019789521825,0.75244240549083863,0.74318559821532082
0.74890648720318576,0.73249108518217276,0.74067174519610035,0.79688389196272813,0.74860474598364646,0.69619023738418873,0.75159762334679736,0.68998283074590028,0.64639498009050345,0.79837036602283362,0.74280989997262237,0.77435609949700523,0.87686805865653294,0.87590312576513851,0.82194686564027375,0.87538446342941167,0.86722354091317189,0.84369895907087866,0.79166959042668128,0.79554935657170078,0.83078875228091476,0.81883083344106833,0.8006435657715566,0.79428047811191904,0.78382042259369888,0.74444400164613933,0.66443181573880783,0.64680392024717004,0.64871354934878533,0.90974896169519781,0.89649464130545242,0.87175160240632177,0.82672611624155046,0.79280794702845458,0.80951599007848507,0.76874460571619907,0.74974458723073378,0.74910006211447844,0.74011137114795267
0.74439204092869427,0.72653042341473206,0.73601056925207065,0.79373042062150445,0.743440232393483,0.69014450806841265,0.74724653322123147,0.68422209978793136,0.64004376329475265,0.79452542614138455,0.73871285866882752,0.76965289702357786,0.87453163543444101,0.87349386380390959,0.81903158918918773,0.87295086480895501,0.8647674138669994,0.84101192038562045,0.78823379692260631,0.79226691003644811,0.82645846632821007,0.81445625973549984,0.79617358558197759,0.78992073072811264,0.77929681100947157,0.73878903923471317,0.65799548053750179,0.64154541951954136,0.64440487475961017,0.90778793023185522,0.8944445671636394,0.86950980662812116,0.82372434707179298,0.78968439019991254,0.80667174585218626,0.76538859733718978,0.74596383506716557,0.74542078569129389,0.73648017793719645
0.7391443320539417,0.72060036928448656,0.73173831999679895,0.79114690075227712,0.73908247672670357,0.6849253630290687,0.74322279129317426,0.67907470147190929,0.63446139781484645,0.79103053655163569,0.73487746148254307,0.76599862527012719,0.87238545365287457,0.87135207937810921,0.81657239765031986,0.87086136034326633,0.86262783369069262,0.83871156949218606,0.78506755881902202,0.7892346418102224,0.82330053690209737,0.81128014128107251,0.7928298812717498,0.78644196506088915,0.77571221222071651,0.73368307022774992,0.65207298692304028,0.63617975148440054,0.63959590530722599,0.90582113335860348,0.89244140302851871,0.86741300072740224,0.82105173307080737,0.7868124856652462,0.8042223781385639,0.76235105747825627,0.74249640163455266,0.74199606322796907,0.73337103265068682
0.73581098650870669,0.71695843860649655,0.72887137293909632,0.78886037718079394,0.73581119080964286,0.68134152148330951,0.74010637181399019,0.67542025006227213,0.63077806229137567,0.78812123426941005,0.73186417931948267,0.76312238055909687,0.87018506548087748,0.86914368940030318,0.81425349076806841,0.86869722690463835,0.86044026278618579,0.83638526049762263,0.78230032551004847,0.78639903860881943,0.82062699520460503,0.80872967961416031,0.79008807264613445,0.78360114593072749,0.77286063366443003,0.73010455711797773,0.64830411505667818,0.63271415577315759,0.63609238852550232,0.90382835770417336,0.8903546572372838,0.86522928556866863,0.81831248448053484,0.78401830189340094,0.80181136672188091,0.7596927755351538,0.74009089889378787,0.73957502256086849,0.73083040390620801
0.73285594160037804,0.71355180894989423,0.72604857116780142,0.78667388057423004,0.73249123327221488,0.67787320913949922,0.73663379841573517,0.67191747850381689,0.62736952175565464,0.78505812743586634,0.72859534761679778,0.76007171753490399,0.86817294186464999,0.86716544871560353,0.8121835641420303,0.86676290137392231,0.85850019470993877,0.83437048876468745,0.77943955168461565,0.78368720179451146,0.81767448620191019,0.80573843511905985,0.78710268374195302,0.78063309923362112,0.76985938212880289,0.72670549990248967,0.64481874158078245,0.62954635014746874,0.6329576755831775,0.90177617578076696,0.88838290050282842,0.86323618597003215,0.81583941847462993,0.78146223846517593,0.79967911736762542,0.75717866205705797,0.73762167680338397,0.73713272126945395,0.7282294502245511
0.72999683600588938,0.70982408670825603,0.72221808924470476,0.78444322001319078,0.72947742545915306,0.6743970277897211,0.73370261912906942,0.66837910497087172,0.62361035330587378,0.78175559427624897,0.72549327817329878,0.75729906950713477,0.86637431706670509,0.86534279263572134,0.81013748106099182,0.86496155029384192,0.85668630288904346,0.83253813076652572,0.77691056884130094,0.78132164484755284,0.81470632730220782,0.80277589033565577,0.78427545981095015,0.77794902777003483,0.76714127417984612,0.7232043592608921,0.64091091376234921,0.62626824595840735,0.62997633073464865,0.89979345477377148,0.88646628940425753,0.86134034203902299,0.81358268119993604,0.77933964793641397,0.79779775460455837,0.75477273876751372,0.73451458237475908,0.73422076418625626,0.72560000986340012
0.72406853804606619,0.7031768722995887,0.71631950564129498,0.78091739081843281,0.72408019771049648,0.66819837567610763,0.72890033791189623,0.66228050061796895,0.61709826698182524,0.77748142660521169,0.72080218236808924,0.75262025682959344,0.86351704729647105,0.86254687819986253,0.80700702139846459,0.86244234331085412,0.85421955527210525,0.82996562161945242,0.77344553413516115,0.77775507284467016,0.81116128114603725,0.79901492397316731,0.78025954187596613,0.77373317607099701,0.76268049712633468,0.71723049983297527,0.6341293928913162,0.61998402633563376,0.62441755222385242,0.89661688724392175,0.88361170592365201,0.85853852327150126,0.8101720773593335,0.77608523313373601,0.79498597521629355,0.75108170001517005,0.72968608435963911,0.72959614511288784,0.72103970951071683
