c0,c1,c2,c3,c4,c5,c6,c7,c8,c9,c10,c11,c12,c13,c14,c15,c16,c17,c18,c19,c20,c21,c22,c23,c24,c25,c26,c27,c28,c29,c30,c31,c32,c33,c34,c35,c36,c37,c38
0.66404271302226614,0.66504967355861655,0.60956332731897944,0.6707104225361652,0.63823885897354571,0.65091238286375075,0.63845666813629953,0.66020665619780639,0.64914985309762574,0.65188192842386639,0.60701044355930212,0.63039836158006224,0.67528123919162852,0.66156097504617495,0.63878036372966596,0.66865313174875551,0.67085477490847667,0.6409830276485563,0.63645704861809138,0.63635418819132594,0.67746807650202456,0.65440658969915977,0.65451608460575139,0.65919417209053699,0.65426069000833675,0.68003911116705873,0.64708496466123855,0.62891488652626604,0.63196231271318526,0.68378269106652123,0.68837084571546658,0.6881277251122343,0.65905577589371467,0.60845889725210556,0.61131115131195268,0.58986660523560841,0.63270709181005913,0.6728176334736784,0.66764913286365868
0.66084477625911331,0.66241493489154568,0.60623805873041459,0.66811372133805791,0.63618891085707263,0.64871134388509122,0.63633505083993647,0.65751531721073653,0.64638633959378411,0.64923993428360138,0.60434025436450733,0.62814964110522109,0.67373038987767342,0.66014535147664288,0.63651553896988189,0.66751233463998227,0.66974595520773972,0.63943825346021776,0.63413609459224307,0.63418870955101858,0.67535571000440531,0.65216933191742243,0.65205920368332204,0.65671293772623407,0.65176811041012528,0.67791867592020028,0.64436037426888115,0.62536792467767655,0.62835364398289539,0.683012690943131,0.68756542549106081,0.68732833127561177,0.65752857402881204,0.60647867677962208,0.60968808217289305,0.58748146224774933,0.62952471676077049,0.66928313488674041,0.6646237374338918
0.65943023418731528,0.66100151898143589,0.60414795700882307,0.66686623593174055,0.63497330181612943,0.64703924371775368,0.63509204799402796,0.65557920245746937,0.64422249201250992,0.64881125367442705,0.60294951626236581,0.62710294639040265,0.67317698773328649,0.65951591869035253,0.63544520375218172,0.66720580778923344,0.66968929542342504,0.63921296535035588,0.63331795782825184,0.6331091740361473,0.6741229930909669,0.65112715986121272,0.65087229812711433,0.65545098953798975,0.65047331659617413,0.67628475209131,0.64235912606982948,0.62364963956867092,0.62669254577159905,0.68225678203661411,0.68679270189522046,0.68638085204192356,0.65644642993743185,0.60553416500668389,0.60877142660790873,0.58623164771673109,0.62746130512008302,0.66711064223174243,0.66288535680151239
0.66986100724511533,0.67901412887834689,0.63884712055455217,0.71295123803860949,0.66607322621241327,0.67711714477379403,0.66312470078330554,0.68293131707511945,0.67725508254264,0.71929847570656436,0.64231665330914922,0.65780716309987919,0.7378929168370828,0.74732227277006658,0.70865943097039297,0.75554164986316297,0.76422987098294515,0.74011009680207118,0.70466552858276466,0.71844974836549702,0.7008728160106471,0.67895021158998725,0.67975230238314877,0.68561225267462322,0.6823342568156332,0.70710485281246815,0.66906603085359218,0.6371161479343892,0.63766108918719744,0.71078755439216501,0.7362271232811346,0.7427689515161241,0.72799859403974732,0.7032994906147183,0.72367417656455313,0.65600038909085046,0.66241287212485389,0.69589356961360549,0.68883503265502355
0.68378049402966601,0.70533873794176627,0.68906618025052935,0.74679347587780509,0.71205810854937934,0.72238139291530234,0.7123956299212314,0.72882785606685807,0.71629580917783386,0.74742254648568829,0.68547564332973965,0.7022357953783902,0.77682606630911832,0.7859204152282574,0.7463938352900763,0.79203232696273806,0.80007618857664597,0.77755551576828508,0.73515835868564727,0.7517646672985856,0.73583589231360325,0.70914198768047276,0.71791279119845997,0.73065796127423355,0.72887129417055463,0.75191477573720389,0.70566748581194039,0.65765414821089185,0.65102402168165274,0.74878206274824244,0.77410903295173317,0.77757827212227115,0.76474537855990277,0.73978403072116161,0.76069766335689559,0.69522633836477887,0.70298370264053334,0.73397685399424206,0.71521920537603467
0.68439827332213909,0.70751194460417088,0.69567130478147909,0.75103420019098854,0.72578415127457263,0.73329476856228204,0.7257062951545562,0.73759146637465078,0.72484940797573127,0.75553722741437779,0.69825333345608098,0.718886986673276,0.78476423011955454,0.79299399192571629,0.75373228732980635,0.79886715464737568,0.80662014431713447,0.78534981170113505,0.74670118982703992,0.75923443196659746,0.75748916830193302,0.74171556243086489,0.73991625483634837,0.74447508576040244,0.74204887237761674,0.7562242860845152,0.7116945428849033,0.65939139092053856,0.65128889747029206,0.75354269382455741,0.77965282515790979,0.78242301723602981,0.77003642904680669,0.74946675213310654,0.77049440333285502,0.70524105306096441,0.70886313758060493,0.73758787222363054,0.71757818807325946
0.68945436400042537,0.7202452803889976,0.70973023126687373,0.76071498178926455,0.73973164007920278,0.74690419460388602,0.73977483036134351,0.75135155535103526,0.74023725162562182,0.7795194039011919,0.71176139680265993,0.73413740204733202,0.79329511622854232,0.8040022306521093,0.76538840532253916,0.80907923049694574,0.8159222913500993,0.79666265506572209,0.76531542100407446,0.78019911016235177,0.78505969315814528,0.77408961027267931,0.76415245922294384,0.76260541730226328,0.75898399985781573,0.76893193208439303,0.72622516385343727,0.66678608221461322,0.65474259663354251,0.76070881964947379,0.7882295826800334,0.79222029836679031,0.78982271918380553,0.76835920439237315,0.78836932444107921,0.71971593509673082,0.72035407789542971,0.74486304845469298,0.72997985993818493
0.69370610428015678,0.7211458922885694,0.70826048253885632,0.75951986943747374,0.73801084378928838,0.74509168646930579,0.73834186391690926,0.74958772755813841,0.7382888497872081,0.77801119232363591,0.71034024041882016,0.73226471991789399,0.79374862318312689,0.80422434195199244,0.76462809388398612,0.80877647661170893,0.81525713482563689,0.79560962244135536,0.76435033979264333,0.77872636904309001,0.78354239884350851,0.77241111663356021,0.76209076539424769,0.76049885984565635,0.75682080658181128,0.76741021347557914,0.72492817208111993,0.66799167551440197,0.65508542024254768,0.76007703904018409,0.78779325743744066,0.7913091016731455,0.78834998455891458,0.76660834057995286,0.78666484281183624,0.7181956575365559,0.7188684250213554,0.74312880180167262,0.72828143068325935
0.69011292311283712,0.71791113632460291,0.70552963213247744,0.75760458217203652,0.73522385884577879,0.74210776315320359,0.73578890188057267,0.74632922812965963,0.73493417465277378,0.77577003592437732,0.70780780362176954,0.72946407243444134,0.79231651420102645,0.80310477810806202,0.76299199676565632,0.80794357173088605,0.81439241655161454,0.79439442578575292,0.76218919417842101,0.77690879321409767,0.78138838080605588,0.7700609380612875,0.75948048771960164,0.75777769768594516,0.75397999267595139,0.76465180300726587,0.72148707769139897,0.66390781191489057,0.65112890993499351,0.75924173892168334,0.7870787031799974,0.790582453484727,0.78706415291455079,0.76474059396949579,0.78516990266724951,0.7162437818182612,0.71652434758237515,0.74066881689307174,0.72587393939637757
0.68630697369963156,0.71456110830721931,0.70146327222959348,0.75503681094501529,0.73232140905176524,0.73902383174402042,0.73273958313399257,0.74282358578374574,0.73126023464453249,0.77252729541455967,0.70415202261724563,0.72651363305821992,0.78971567753900873,0.80056029433136544,0.7602127165276884,0.80568504224015136,0.81209899923277129,0.79167072896635993,0.7589004142712048,0.77366857295304847,0.77846598163586056,0.76701685432921507,0.75647363927424083,0.75494497730607357,0.75109487544829689,0.76190296949015657,0.71784471813195949,0.65937752495893398,0.64659916352565194,0.75715167194566912,0.78494088551106245,0.78857930902560336,0.78426324274248449,0.76138309656176961,0.78198950458802996,0.71277376786786406,0.71301672136197614,0.73718550852614395,0.72294250450172792
0.68385472530938662,0.71249338387187511,0.69746411543514808,0.75272656100710456,0.72984236050289952,0.73654389385933305,0.72970239822272454,0.73981342015500495,0.7286056022888,0.76953203631952394,0.70065954136446607,0.72416323284087281,0.78817328793264618,0.79874900779288149,0.75791372484656838,0.80372406988509726,0.81014885939884906,0.78942296024042391,0.75582886401731109,0.77080516476987571,0.77629417834130576,0.76465718424129081,0.75431385918384153,0.75296746647743107,0.74907210667510504,0.75999711636106593,0.71537325481878289,0.65587282754359222,0.64258453155246809,0.7553608446596175,0.7831226336736985,0.78675838381572438,0.78167507567995942,0.75866115603503348,0.77962433184262825,0.70980924555912173,0.70978344739661536,0.73408855430915965,0.7201707565898795
0.67899550416433885,0.7084356525016221,0.69328059923256558,0.75095751142938494,0.7278079747566546,0.73406823272777655,0.72746336448070181,0.73667686046584291,0.72507184589526474,0.76762371336360125,0.69793143028795246,0.72225824271412475,0.78710701437533404,0.79763852130627522,0.75637323398279299,0.80270396264077049,0.80914216677149309,0.78821474577349526,0.75398701648525679,0.76938220988930328,0.77438647602236621,0.76285458173930587,0.75243531843739186,0.75108469522604393,0.74714071536398874,0.7574593084230089,0.71138517632505338,0.65011346868865649,0.63680989604102911,0.75436983167147043,0.78218923743132485,0.78582810681290505,0.78041902900346971,0.7572703998792697,0.77842381641955549,0.70781090354343557,0.70655641913128586,0.73070736088030275,0.717498827157801
0.67453181686160824,0.70409956596067425,0.68952861529511966,0.74874239517068919,0.7250054377418097,0.73085195633887257,0.72467557777760039,0.73330354341492809,0.72135375743350538,0.76542430008844897,0.69479578000363451,0.71959910873855204,0.78553482437818167,0.7960130787285391,0.7541963093092432,0.80104107848965678,0.80749419487033747,0.78628012441368478,0.75160756927371897,0.76731929367450402,0.77176624336156907,0.76048609922041843,0.74980017957033607,0.74827363982048589,0.74428330812490429,0.75396712947009936,0.70729564179849647,0.64569933496031096,0.63270786001221091,0.75278420095016296,0.78062810489180312,0.78427160027531817,0.77865965234551204,0.75510391152940259,0.77648921788978009,0.70507215717224003,0.70332460086801951,0.72753809071500086,0.71474234176168172
0.67316652427939061,0.70266350504030872,0.68767967953541376,0.74701048633584233,0.72295716448621228,0.72887212468368068,0.72256675616565091,0.73146022857385096,0.71978177508940711,0.76422289984993019,0.6928699644081735,0.71767625822783898,0.78446375324797168,0.79483979945409333,0.75265729455354458,0.79975825060049333,0.80623845463882193,0.78491666041377595,0.75005540215121624,0.766023409628937,0.77007876791765073,0.75867406035495966,0.74798016511164833,0.74650999307808574,0.74247650031913515,0.75220969957407247,0.70578128246406602,0.64428206921455966,0.63123174150416406,0.75156450992598389,0.77949303506223067,0.78300732715648114,0.77740361689025972,0.75368616402016886,0.77520323353648934,0.70346141006009766,0.70154154903634136,0.725675283522213,0.71303603394459358
0.67207163714238571,0.70175519128600683,0.68852945439958424,0.74803741679242375,0.72592970779321842,0.73020785295398605,0.72515344510215596,0.73146442673584455,0.71856673967205453,0.76586986277477809,0.69623965749341721,0.72155977799463655,0.78433225947902807,0.79492933979054858,0.75402398553824723,0.80067065566416862,0.8072943354770622,0.78631242086774888,0.75238375180876282,0.76818965155664964,0.77113459194110245,0.76118696724107349,0.74992437199255513,0.74796570661835737,0.74419081003743559,0.75237824938692555,0.70491302661255562,0.6431756325395378,0.63044344224134696,0.75085685308168471,0.77936176621928577,0.78358936870105556,0.77922539365506038,0.75564747705950974,0.77644217935331594,0.70621143887516391,0.70290787874264782,0.72633465327903124,0.71287364912010953
0.67065871548946299,0.70065273776472747,0.68928788380259098,0.74831029055597598,0.72730224671887256,0.73080481784355955,0.72712467336111475,0.73131312741202881,0.71759586452780388,0.76717330279207863,0.69804122217892117,0.722787778416354,0.78687818449733993,0.79667700177234813,0.7552208702931904,0.8028555456419304,0.8096270752338901,0.78884696302364432,0.75469682893385703,0.77026878691756162,0.77151921227174425,0.76240835881691205,0.75081077362761428,0.74833240588114802,0.74461206470984864,0.75178402305921499,0.70390097695487697,0.64162971293897975,0.62871110383063378,0.75173933568510409,0.78087070976275375,0.78467298280154862,0.78062987358449698,0.75826618973543136,0.77903387102961008,0.70796544635601721,0.70328125371021366,0.72631225614372419,0.71237799276934233
0.6666800837233684,0.69717415979724495,0.6868870553282227,0.74685001820540153,0.72466915397862097,0.72787318671895185,0.72457307990168318,0.72809401407660934,0.71399079696263101,0.76369949585631525,0.69529158058652829,0.72008058363027327,0.78539462079726552,0.79535493752376829,0.75368531665179272,0.80167094192099686,0.80824366623896615,0.78706013607300318,0.75161173919610214,0.76784583638870341,0.76865088603265475,0.75955586778235473,0.74802379668292895,0.74570061005118438,0.74193882199372774,0.74908769171034084,0.70018050413798349,0.63700282835800393,0.62428114994840544,0.75050248694725885,0.77975781242145281,0.78357652154202517,0.77901681272677814,0.75606873925910456,0.77685064744895727,0.70594171811512507,0.70142449409853913,0.72439206264946243,0.71059194567096617
0.6637750761034894,0.6947790567068276,0.68408350483500169,0.74483618005892627,0.72248097916994569,0.72574883449859406,0.72225775499196809,0.72586008839569971,0.71190449762483698,0.76068563173236958,0.69267933070686249,0.7178558928231471,0.78368439612886875,0.793675112203995,0.75174663909172057,0.79999285597763248,0.80656558261711908,0.78523803120432101,0.74898955892983965,0.76534385654442416,0.76644264121105921,0.75715929838043838,0.74575469197529076,0.74358618206565097,0.73980008519781038,0.74701247051514563,0.69786677267306285,0.63389594850679942,0.62112849592863084,0.74867926237294358,0.77805059663238763,0.78182936996936947,0.77674401385565905,0.75383822006655621,0.77497796938392971,0.70369336267889437,0.6989191624195048,0.72186209119114431,0.7082157342393951
0.66241071184318367,0.69343767361960085,0.68524978307976514,0.74850571517583342,0.72221703013668859,0.72489599162122387,0.72195683025839474,0.72433476866885416,0.71023077173235361,0.7632000735217378,0.69508759412928511,0.71779876931992448,0.79674441695607023,0.80269406967163204,0.75799541557699102,0.80634977668892083,0.81194646227479261,0.790044763439401,0.7502217753468654,0.76770029650877558,0.76519274241413315,0.75751089958021844,0.74543595276618313,0.74273466500108709,0.73909114733984571,0.74567632884761481,0.69635660265413779,0.63243047930312024,0.61941771603955953,0.75570896236821394,0.786488517896196,0.78941064341988321,0.78159131613005606,0.75620454336855913,0.77706137614155524,0.7086024358025369,0.70119331907081284,0.72247447346356453,0.70831069459953122
0.66138993452656281,0.69318799412443166,0.68854240899126851,0.74983973447593011,0.72556626126178991,0.7283578494094668,0.7263810699708666,0.72927177353457073,0.71333795349156992,0.76774071479593808,0.70049054435615921,0.72079056580302237,0.79969046536019428,0.80505581315738717,0.76012840297034767,0.80874602463379019,0.81423708132892725,0.79259936596275438,0.75517645126479194,0.77121988984584466,0.76824753714196092,0.76392569237119068,0.74992319534870266,0.74541122855523301,0.7417471902129964,0.74654482043803028,0.6983687642017935,0.63293698980580637,0.61889939121395154,0.76073634020170722,0.79103486863446359,0.79426309184087363,0.78470968490370729,0.76004076259987308,0.78062582889811716,0.71224092170188658,0.70356328705396809,0.72332895003600672,0.70936047611555064
0.65974669814242193,0.6917450083614517,0.68726395558058773,0.74860759258135401,0.72422362262703777,0.72701505316405757,0.72487801621096271,0.72794912030577641,0.71210731805311456,0.76647573139453529,0.69900044026539332,0.71971867485398067,0.79861676332188314,0.80388874203831684,0.75897363375805305,0.80753314647752528,0.81307460401660991,0.79150083583582875,0.75377728972145752,0.7700021846749614,0.76704664470634165,0.76269772589924822,0.74867836223459605,0.74417967215277636,0.74053999641314483,0.74519500476026956,0.69711720698925783,0.63145719620424701,0.61732743077735319,0.75977562034098167,0.78992622650090105,0.79309116205225261,0.78340418926491884,0.75888226831127581,0.77968283435387264,0.71111360479631514,0.70233908673810319,0.72205512274594075,0.70803284263109512
0.65759751061005756,0.68925487490737614,0.70978178916653867,0.78979993904443158,0.73284774201402991,0.73136996918069441,0.73688682891412804,0.72963276460686732,0.70946169078162968,0.81030820717161312,0.72498617745736116,0.72806556342123474,0.84243829889742594,0.85510775377846615,0.81162009144063063,0.86954917054860914,0.88528061925222823,0.86309077783194088,0.79470400473638825,0.82056369218853009,0.77403846967197432,0.77900099042867588,0.75848567061944694,0.74911576252030176,0.74509315020304034,0.74352612536929319,0.69491641455881148,0.62946436275070228,0.6155782900616743,0.81108434395990536,0.84105759153210202,0.84101562978208344,0.83263775479461166,0.80739696296792518,0.82591265085268406,0.76313897550539289,0.73659998193221743,0.76681868471413783,0.72883216104790582
0.6686922430539034,0.70614826457178614,0.73862315616119489,0.80197041554212511,0.75331419756631435,0.75388686666594351,0.75865155764990966,0.75256893303461747,0.74021071592119114,0.8196512215884254,0.74933288604721937,0.74557965907497659,0.84759045125421251,0.86139825160760652,0.82178099252585923,0.87709510768938292,0.89287199860986388,0.87216492121117073,0.80941316265840135,0.83171455342047873,0.79072397835475905,0.79845916934482697,0.77557189134271765,0.76495417524400011,0.76112963836329772,0.76193812440772024,0.71857496229632933,0.64204251905766685,0.62515159294548694,0.81727929371278341,0.8479366711858719,0.84988642632717137,0.84440233541298171,0.81927500077452275,0.83504528208608797,0.77648537798781214,0.75537837511568873,0.78030675548985773,0.74398605434130105
0.67526076462226203,0.71095147665664815,0.73889254893604051,0.80166592264730796,0.75345825537895883,0.75527291097909866,0.7586553154283926,0.75441696357884158,0.74492285522078117,0.81777074736726052,0.74928541031399787,0.74493615434867466,0.84644491989950565,0.86083546180678461,0.82142151413515352,0.87672217172951072,0.89230684013307426,0.87141442471893904,0.80816510171333289,0.8300923852381491,0.79018091087088815,0.7974410122321246,0.77474875577454616,0.76451270465891119,0.76059506062551152,0.7636158974556142,0.72263443675144479,0.64769346182705456,0.62979872485385635,0.81712806853761022,0.84762343398030571,0.84945278746375374,0.84314963832611056,0.81795095310359234,0.83377384059467363,0.77607815678468273,0.75559976050609368,0.77972960616941567,0.74446402931768851
0.68219004031926078,0.71558166988603455,0.7363652374653038,0.79997044925429039,0.75247808137903416,0.75484677243942189,0.75721323564292997,0.75410648417634929,0.74418673979895988,0.81609176287517315,0.74749542686008363,0.74375273028538691,0.84480895346683271,0.85963069047067386,0.81980989053307174,0.87596561226332359,0.89155896168379245,0.87050817748468512,0.80705133488616743,0.82922377489110799,0.7896597871045915,0.79616626182989791,0.77409072808057844,0.76449500112845681,0.76044765114074375,0.76481848507231065,0.72400606349437113,0.65251815507436994,0.63494792803311295,0.81615375910126353,0.84674960514046582,0.84883216409164541,0.84226270063512487,0.81700976523346169,0.83292549228375479,0.77456127659244045,0.7532961192013069,0.77729152166192095,0.74243360473617437
0.67972580587482379,0.71306749128814162,0.73298932365437919,0.79773501042457617,0.74993277778677403,0.75217084649207488,0.75476923525246453,0.7513210718143275,0.74119456328022226,0.81414855755957993,0.74474694633400795,0.74115691316459187,0.84322290557887625,0.8581484143380036,0.81779305490913579,0.87464031067979953,0.89022140469563416,0.86884300243861556,0.8049165316236826,0.82751594111459803,0.78737093859394713,0.79385075506266534,0.7715879395406956,0.76191941719135725,0.7578119061229075,0.76234094452010803,0.72106920251364326,0.64938272313211098,0.63204212704719254,0.81510901023144433,0.8456586299265999,0.84779925070069895,0.84093515955922871,0.8151242531923335,0.83111152879933248,0.77224969391199594,0.75032368767175561,0.77421479689702077,0.7397107874389155
0.67736970649601103,0.71083929935759593,0.72911303701099051,0.79507346570604176,0.74772377062208972,0.75005107535729076,0.7523660293443637,0.7489857365417445,0.73903361464659023,0.81199232682472833,0.74169614243565507,0.73891200441938587,0.84113003905464812,0.85601669840764472,0.815189746787358,0.8726159689174755,0.88819767093408342,0.86648711059392469,0.80252829185488794,0.82537818539740981,0.78524563017334892,0.79157423182397701,0.76943971250410548,0.75986006075629753,0.75571296072479288,0.76033409606297431,0.71878757814058669,0.64658265604151688,0.62923222158454983,0.81367123576321565,0.84399162689096174,0.8462053914471197,0.83911836966926867,0.81274015720713177,0.82867559044204575,0.76932503451525702,0.74683283378095033,0.77069387699928815,0.73676717147799375
0.67452930514413412,0.70780775908433169,0.72588638878674194,0.79325346052426404,0.74536554808315203,0.74737818087794305,0.7501368157117807,0.74617638635567174,0.73596670351121363,0.81077765407150459,0.73953979803093939,0.73675913520325309,0.83970306297121478,0.85471626794374778,0.81355246184346686,0.87145906250808858,0.8870555418860786,0.86523161589264774,0.80122102736361933,0.82433964080738276,0.78357128560530265,0.78979863628276914,0.76759484986510929,0.75793043134094773,0.75368508785677302,0.75776314062212147,0.71557908713388152,0.64316946070799919,0.62626863089311069,0.81256977610290126,0.8428825536755189,0.8451285032971394,0.8380907236085624,0.81161447145274412,0.82756630945663889,0.76762421495735356,0.74426873129452009,0.76811088670885996,0.73455416033310916
0.67239890123334956,0.70582298892681694,0.72273955976449156,0.79085259564895438,0.74278581100580154,0.74486272984767155,0.74702500898654645,0.74342345017723255,0.73377087686453268,0.80867414416360572,0.73644248451037053,0.73433074581876556,0.83772845970847187,0.85276881284228789,0.81125759852092272,0.8695261419786191,0.88514618062986672,0.8632363217682979,0.79884109355756971,0.82231656103511319,0.78106709242178418,0.78732220242227102,0.76518798215836703,0.75564762338305591,0.75143568313090303,0.75572447329751291,0.71348217582617168,0.64066983214024265,0.62343407038231802,0.81071149053615643,0.84095845829990845,0.84330144706636567,0.8361979235388497,0.80955526745672646,0.82575311107207638,0.76522808810574083,0.74138418604279033,0.76536050948380141,0.73202910878145344
0.67012797126455115,0.70319550833497546,0.71987616501785745,0.78800246518879469,0.73985566249347312,0.74179556307181382,0.74412849486118626,0.74040880208203941,0.73069925927969059,0.80567389386291743,0.73345634108249746,0.73129942698642159,0.8340810735820825,0.84926808520327579,0.80826382394594209,0.86606725248921324,0.88144884474164609,0.85982730020002074,0.79597109930520127,0.81905224588719283,0.77780736096846559,0.78388590798527469,0.76202178468172066,0.75264244229831412,0.74839772174978825,0.75273109750249156,0.71058585674953567,0.63842088094006544,0.62141930709972293,0.80521833971191747,0.83650828248242537,0.83872075583233852,0.83228311415947687,0.80628327435845681,0.82222468163313867,0.76222540030282193,0.73853791683259007,0.7625369081013319,0.72946766854516143
0.66814665682671603,0.7009430464521047,0.71783445988426253,0.78610697620735681,0.737981005936023,0.73973025350240729,0.7422975507910099,0.73844408397337613,0.72840942491018035,0.80384454516936443,0.73138883899028739,0.7295098924073381,0.83182541257996034,0.84717812733706044,0.80642442835417083,0.86418072789899369,0.87949276844975,0.85802979302152904,0.79414111731813886,0.81715440669912598,0.77652455173478563,0.78236102447677525,0.76043754083196324,0.75092798657804205,0.74659604216543296,0.7504828267943594,0.70820612806087446,0.6362153675678931,0.61966109935802061,0.80214646697744396,0.83395457756761771,0.83629764934404172,0.83022776504128004,0.80436508921179239,0.82031241425524393,0.76036839505991916,0.73658064428086034,0.76069115113978469,0.7276728138434011
0.66636639751373661,0.69894608973246375,0.71563373383051354,0.78423051716369518,0.7360379536335655,0.7377944529085253,0.7405424558912348,0.73666735616074897,0.72637167629888744,0.80177589359941004,0.72907077524345676,0.72749027000855382,0.82973198707631046,0.84503195720863022,0.80425093201910269,0.86207726204657797,0.87729334338582099,0.8556174020949493,0.79186938467844692,0.81488671527513101,0.77462785031593329,0.78043294837674937,0.75840433576227329,0.74889096232688068,0.74453944195701793,0.74845220494085385,0.70610413910506276,0.63459606787833034,0.61821632960494899,0.80007822142967278,0.83183727807523511,0.83421356417402248,0.82826283762150588,0.80188328126871722,0.81778666748244466,0.75779485088893439,0.73434542891277876,0.75863212694026727,0.72588859780169257
0.66410237246817605,0.69649385435083433,0.71313005849524014,0.78204748495707987,0.73391443191711203,0.73533867054386359,0.73857850115339141,0.73425203361772329,0.72355255211413283,0.80035057857655312,0.72691409944187568,0.72563889339443244,0.82813943578597016,0.8432862272365329,0.80231427079412676,0.86036243975949211,0.87568938364773397,0.85393671471552512,0.79019966417568888,0.81332624906601714,0.77301982744761888,0.77892074576950332,0.75662599231436767,0.74691080597377513,0.7425020828498784,0.74584652316273725,0.70337680351820209,0.63225342692783137,0.616147656495593,0.79868309280844485,0.83033563498230045,0.83279624254870432,0.82670167792917515,0.80026893797686871,0.81628626511812141,0.75584701053790304,0.73199228618901213,0.75632719551392447,0.72355775790864507
0.66191714941970559,0.69426180377612556,0.71129321104242349,0.78052598906549631,0.73201948331836297,0.73325977530028608,0.73678062228909769,0.73224593195338772,0.72130111844512657,0.7986270846170006,0.72509669353699002,0.72385719396383674,0.8267612255696638,0.84189565368407482,0.80087980025387007,0.85909254834090276,0.87450732778882589,0.85271512744317757,0.78872865837893591,0.8118037833805023,0.77109443582079884,0.7770430190925447,0.75469873681838395,0.74503213081986319,0.74065393981655603,0.74375431491569,0.70107619312543445,0.63010447695553096,0.61415214705737187,0.79697736744716441,0.82883726898265242,0.83130184010302266,0.82502892931174276,0.7988461488324915,0.81502311675655548,0.75428830024626137,0.73023993096173268,0.75470457507245203,0.72201741014044052
0.66348990355719517,0.69638633927832627,0.7206076235155614,0.78861210224146949,0.73874137599750467,0.73944531171391858,0.74429815874363137,0.73817281016962444,0.72599682407383737,0.80832995404680352,0.73708596909809532,0.73024312186477924,0.83605500611219508,0.85198224580495752,0.81231031491547456,0.86814443457914059,0.88274461050462749,0.86227001550042348,0.79966295313260893,0.824305360663663,0.77766577532121839,0.78486707301943703,0.76175992128775138,0.75160784992899266,0.74739296803024968,0.74893411493242834,0.70504087275629523,0.63349376882698294,0.61860360508734369,0.8023295126168416,0.83595440785003006,0.83984402567314753,0.83765984769552548,0.81051628612543325,0.82506204820953999,0.76769739510334678,0.73977216536764057,0.76192233990108771,0.72689032028407574
0.66290770490081652,0.69573321815460876,0.71969414244919927,0.78773935637690828,0.7392982770811718,0.73966854889695244,0.74465215758028225,0.73820856393165979,0.72640953292036803,0.80689345484319752,0.73646594005315336,0.73065185682841727,0.83431343195522689,0.85054193564432579,0.81073991771167953,0.86698981450579515,0.88143914580226856,0.86066163951399999,0.79865536925864278,0.82300994383823411,0.77695965278153167,0.78408828861296598,0.76100404183709836,0.75072767303531551,0.74654224051118478,0.74828507367683694,0.70487844588181026,0.63235710052417204,0.61686867426666248,0.80112475375854009,0.83482948423095904,0.83885972826056265,0.83656566538202903,0.80911575445002204,0.82344210372876769,0.76634453322826124,0.73881574481274859,0.76146358730091768,0.72588102864315851
0.66171877500874943,0.69609003613210441,0.7250596112856349,0.79311934620968683,0.74150627649444589,0.74175599488676458,0.74783454766458024,0.74053158063369418,0.72822910889655779,0.80870345374609454,0.7404960548332673,0.7323309919018165,0.8362685068536887,0.85223076277459808,0.81406616009633048,0.86924525445799639,0.88358458216005065,0.86287125392413699,0.80140549567670372,0.82515065093826612,0.77706486807318109,0.78649003694966457,0.76252807848719673,0.75156028988113388,0.74757553375432795,0.74924492394118458,0.70626449194955077,0.63167218163997063,0.61570100661549365,0.80509359298293837,0.83788592776585991,0.84184081636861074,0.83872383693409436,0.8113213639866601,0.82519068001416074,0.77033434363234987,0.74456652937101842,0.76785442587592034,0.73190445518030633
0.6707946324073164,0.70915505717819205,0.74591327678841846,0.80878658326173292,0.76176216445969891,0.76113778689669775,0.76791533787093136,0.75935996986201248,0.74738646133022679,0.81953318811996223,0.76086733035672638,0.75258243983731432,0.84751275083883593,0.86411524043863031,0.82933455754341101,0.88232995953315119,0.89691182798663993,0.87789048528366109,0.81609242524680792,0.83785142805828694,0.79076878878633439,0.80006708119587866,0.77828934801853655,0.76821090097935418,0.76513702227137548,0.76638177700753862,0.72385717151328965,0.64463805019256182,0.62766017083340098,0.81417608968846178,0.8485685708514159,0.8523502174838915,0.84952102883163993,0.82587340550565125,0.8388933992146389,0.78833096162616878,0.76329102368996871,0.78557606069906105,0.74830527974139793
0.67435850456003499,0.71412501183103705,0.74885452843620037,0.81048193128277668,0.76291335741927435,0.76317377958010246,0.7686077757798836,0.76192404374636558,0.75084829461292402,0.81862107916098303,0.76099985799781511,0.75346167693408106,0.84715985417346085,0.86357363245243524,0.82920562281367971,0.88164021003260751,0.8961612064379928,0.87712509683927409,0.81531172342996172,0.83709106948030965,0.79052991223722935,0.79951595795243213,0.77855897498417215,0.76940187948943439,0.76645635598780582,0.76970893617901537,0.7279472996216354,0.6487373130882681,0.63125754200750706,0.81340453903570009,0.8479161022921341,0.85170911514578806,0.84891937152670416,0.82511487349920476,0.83815228477132009,0.78782993745196317,0.76494346539911562,0.78661749327087371,0.75037376070971185
0.67165212699853127,0.71137057794306136,0.74501353358085998,0.80837130912465804,0.7598904012765636,0.76012889841087439,0.76551164752414458,0.75885166853457087,0.74767846741130872,0.81582966051745442,0.75726831655885318,0.75044591065552235,0.84466944925113141,0.86130996566786377,0.82680176784664827,0.87947796313425441,0.89384713201342647,0.87436081417806444,0.81219572615390545,0.83445439928882237,0.78743112947035987,0.79625042799628853,0.77557275612632093,0.76673243981865846,0.76377836864519733,0.76724515997801612,0.72479848442045591,0.64544253131243301,0.62829492622544603,0.8108650697713552,0.84565049083325938,0.84976847322050975,0.84667400612334043,0.82201015668657351,0.83499253462332979,0.78442325922077694,0.76158682720982251,0.78334402056407926,0.7479419184773084
0.66887510505724057,0.70891599833743069,0.74158628722062592,0.80573578218646968,0.75726407722641365,0.75757976108292979,0.76254892522810014,0.75613090944745676,0.74526546659364346,0.81317993753054885,0.75397297360233784,0.7479792413037899,0.84250482625730361,0.85929272822029623,0.82435577368307367,0.87735979862647784,0.89166808110694096,0.87202491612830113,0.80947530609618712,0.83192366013092067,0.7851471591907081,0.79388069193133803,0.77326870793037705,0.76446083789777175,0.76148103843607251,0.76492267090963784,0.72235271622746422,0.64270194999047581,0.62550965105381839,0.80868620397855528,0.84351073635213281,0.84761028398548455,0.84425457231066325,0.8194953470926073,0.83275756801133838,0.78151053692769212,0.75834199473149055,0.78021156418343385,0.74488591708902407
0.66697081706630446,0.70739417560977524,0.74061559370548669,0.80496375557233157,0.75612823772944748,0.75643128792450165,0.76157504000001208,0.7550322052009687,0.74405065633182166,0.81218121567177948,0.75302625185127758,0.74675882757496492,0.84227847538903577,0.85851005164049987,0.82352799623666806,0.87648386346603491,0.89078515943083081,0.8711695510706351,0.80849393997672492,0.83094741402538741,0.7838684592610109,0.7926635849810163,0.77193831807771685,0.7630908535231411,0.76011546082528658,0.7635685580360384,0.72106279046443245,0.64137322377896977,0.62415160531033653,0.80779184358705158,0.84257290919689642,0.8467195082723461,0.84332645232276782,0.81853294016765343,0.83189935255974889,0.78062442583423775,0.75743581050758135,0.77925157509930498,0.74381639258949717
0.66498411930368995,0.7057776093059468,0.73880207069999226,0.80405069321476963,0.75462711710175379,0.75495473553012937,0.76007509472015755,0.75356116424684005,0.74260510399587643,0.81121423135135795,0.75150207492310528,0.74509862501920732,0.84152534939330459,0.85777846742111896,0.82273794142974399,0.8758019922702579,0.89001619237583141,0.87041715472065251,0.80730813094862941,0.82998212145715977,0.78183861813403821,0.79077057397503325,0.77001377578424779,0.76122344593828961,0.75827027440862405,0.76196715738566645,0.71958210778713438,0.63979098047696836,0.62276395325469303,0.80686398718009611,0.84186405442500534,0.84562493615437617,0.84233509472182588,0.81750338373418885,0.83097977956670099,0.77962165265989403,0.75611484102040638,0.7780543723617831,0.74266135707087355
0.66367346794497106,0.70448839002245867,0.73760422654692426,0.80321246743872121,0.75360815145153348,0.75388884770076514,0.75908075746574588,0.75260016702508181,0.74164967408124582,0.81045432544046137,0.75043694377371839,0.74416361900697015,0.84072890173275794,0.85702687897564445,0.82195639922143726,0.87506899792941972,0.88922490668431386,0.86961843995094334,0.80643741337932096,0.82915182126798348,0.78091960655792603,0.78986471121105173,0.76907785061078382,0.76025628897840225,0.75727894810824536,0.7607697245013938,0.71846549664041404,0.6387436235482844,0.62183151883513565,0.80550502040124039,0.84096617444654331,0.84448406504001661,0.84150828945128375,0.81651447773683317,0.82999925251536399,0.77869397804887208,0.75508223967346033,0.77709719909418629,0.74162809844156419
0.66139136985470259,0.7015899442817175,0.73499415943306479,0.80142664877841463,0.75057232944813324,0.75043159052830655,0.75625984117185874,0.74927557114636689,0.73791492943346892,0.80833688271086124,0.74761820364967979,0.74136669386360365,0.8389876211162518,0.85534331568438371,0.82017122716646174,0.87343826508886879,0.88754051899217012,0.86773889389910674,0.80416127623971534,0.82704358124578781,0.77844095971335303,0.78734459324153494,0.76637273470045042,0.75742888665924124,0.75438729344838251,0.7574021983991901,0.71497108834245948,0.63631854385756537,0.61978661880502217,0.80377893949858237,0.83922820767937478,0.8426644515798275,0.83956581920212348,0.81415691030401671,0.82777023004589168,0.77634014710144916,0.75290816658006754,0.77521787601616554,0.73975759946022668
0.65880925277572389,0.69845740058752404,0.73246873070072993,0.79937628658509918,0.74761399887311564,0.74726724503454323,0.75353036278976926,0.74640546581708755,0.73459643798124519,0.80524614340767164,0.74421535188804855,0.73844745154904246,0.83567534175456804,0.85243710690895413,0.81751849388895492,0.87092930951859482,0.88472744556231209,0.86446376415794868,0.80064404799041777,0.82331533639811383,0.7756424726529435,0.78405592883045017,0.76346081384084363,0.75462662209835296,0.75154316484328376,0.75413075851175182,0.71156139382603367,0.63369295250885926,0.61781645429741283,0.80099065479540288,0.83642816679083154,0.83972533416768569,0.83631546613722796,0.80963467768666708,0.8231267172343707,0.772657812975313,0.75053548968360517,0.77336974051319451,0.73784916138643475
0.65679179153781553,0.69602275522525048,0.73076679263205779,0.79758420786025508,0.74542690807153189,0.74488059440641652,0.75178167082198233,0.74432028915379889,0.73201867315642322,0.80349316125587023,0.74238318572964779,0.73627025731575879,0.83282163591914249,0.84993837774952552,0.81553378335470006,0.86891132146248218,0.88263123830520174,0.86225901403566563,0.79873304920948451,0.82123408327814507,0.77331312955661469,0.78129067628728011,0.76116163657855496,0.75255110971114325,0.74942252782526786,0.75165387789695659,0.70884603008859737,0.63137221614513162,0.61592832604651648,0.79862391943475108,0.83401744541103451,0.8378229358073388,0.83447598970000214,0.8069856928947029,0.82029121787863069,0.77053172426956429,0.74874192286970165,0.7716402216573599,0.73599658377341715
0.6545210030902725,0.69276804115050183,0.73546539633230301,0.79843321522828126,0.74380611077430059,0.74249743124974033,0.75208883884850519,0.74208537628086713,0.72871435686891917,0.80149063524644026,0.74243956982169379,0.73347620125829716,0.83046402282656773,0.84800810304094798,0.81485296992317591,0.8673303031917533,0.88078323540792736,0.860419421291158,0.79724921222303968,0.81961981409015894,0.77063652057126042,0.7784262844049642,0.75816444161958962,0.74923078169951762,0.74599532614580544,0.74764791939588215,0.70538418031127137,0.62889272682195141,0.6140016102325474,0.79650266529896108,0.83191004184798811,0.83604517105453113,0.83329089719970961,0.80495669374383061,0.81806388371579919,0.7698937453338518,0.75126905733878846,0.77458577709121645,0.73699253464920311
0.65226127495181629,0.69001371588949001,0.73768835123352594,0.80064781253239226,0.74259898730436458,0.74101354466098668,0.75216282418511649,0.74114102285961314,0.72680298997011039,0.80066002676528858,0.7432233186650119,0.73207046389433961,0.82907965050077259,0.84703719392797461,0.81541715375212886,0.86683629666772632,0.87996190461559998,0.85988898981356843,0.79718753896195182,0.81983489128943376,0.76977457109557246,0.77778384739050732,0.75701153618308381,0.74760232168042051,0.74410550644293005,0.74496111329587467,0.70303444654532454,0.62688859896426696,0.61232585149145469,0.79622834473614235,0.83125371268375814,0.83579558168716983,0.83373666236663047,0.80557469674620563,0.81865635173920481,0.77122029107866708,0.75400335274247554,0.77901626895836107,0.73953890968779934
0.65122545463725678,0.6892946651368812,0.74013138734939388,0.80375161955623642,0.74336463513271767,0.74169593988909854,0.75335317127555246,0.74195235817443195,0.72830812570448267,0.80985916222478582,0.74760530165227557,0.73297125737309643,0.83106466670914325,0.85139896447283303,0.82037176497560749,0.87206386569394512,0.88536003851650613,0.8667098403120449,0.80502891909025043,0.83003029345803836,0.77182873598656043,0.78202036604128478,0.75898658441079747,0.74850907382202403,0.74474625144413564,0.74487688223715742,0.70335919849092232,0.62636043158401578,0.61196739553379997,0.79662539002023403,0.83356976802690852,0.83954683058073776,0.84270185826093069,0.81545044469711536,0.82879377848004232,0.77829567949915401,0.75669706189248476,0.78042677589782505,0.74190486111666931
0.64957832831923301,0.68782068922644979,0.7398251619637819,0.80422359857960102,0.7438297694267193,0.7411751057455177,0.75379766585487495,0.7408466579148183,0.72671065532626022,0.81304654230294415,0.74985989289880206,0.73406292573435572,0.83346649549616081,0.85396188080481084,0.82297559311381607,0.87532968045927551,0.88889682235091361,0.8706974671034462,0.80963524819036425,0.83346120057887862,0.77741766464373752,0.78637845440898657,0.76167818485240757,0.74966325367959497,0.74554597033890246,0.74387435287548198,0.70173889407863876,0.62452501795352433,0.61027730745756048,0.79917368361240326,0.83617151001953438,0.841938680910159,0.84494155104593649,0.81914802044551249,0.83255060422925409,0.78248088245167025,0.75743115068438038,0.77968294590307907,0.74118903653264112
0.65042313661465656,0.68913728057541723,0.75119262238426399,0.81175740970307708,0.75849386648138239,0.75136989601578597,0.76978698333748408,0.74768614778157527,0.72925279395632503,0.8246720623906072,0.76498965369166583,0.7498534852350317,0.84124351178233236,0.86259376965460899,0.83322565349478672,0.88331184593671686,0.89644299752126411,0.87978546475793251,0.82305389945612206,0.84382419743548009,0.79621413800467522,0.80326289485763391,0.77786150466042148,0.7640585820086363,0.75896104387974128,0.74977532342323927,0.70469311790839206,0.62530751663487283,0.61048792188523116,0.80512550027828611,0.84275011899278685,0.84814292070025488,0.85269730142116673,0.8307835595591323,0.84376832641657296,0.79591383648336289,0.76724318835950667,0.78648072047774598,0.74554896546333116
0.64988620478047332,0.68912976891487021,0.7498106337032564,0.81032981430249307,0.7634202529373848,0.75412145772760952,0.77388463523623074,0.74845787252921303,0.72862110652116829,0.82563120512425159,0.76678255542939877,0.75561572342205596,0.84021857772832709,0.86179300413298554,0.83216757273904118,0.88268165691297151,0.89570427969492361,0.87899603258109393,0.82458902783564225,0.84452949930489074,0.80078150600629616,0.80811408244389638,0.78287792755717134,0.76888453740936269,0.76389434043141369,0.75252615810564893,0.70458427915832622,0.62409368419461786,0.60905519833719068,0.80610671796740396,0.8431871046886863,0.84884101756720298,0.8532762599173801,0.83129606769078257,0.84350797081561191,0.79586962240316206,0.76598960073528899,0.78474628612487618,0.74396204861639759
0.65333881790574477,0.69195696673581264,0.748279415467757,0.80824695756238474,0.76438820494255511,0.75610949435795294,0.77593380953736035,0.75151716996699469,0.73192823158397136,0.82476346318445681,0.76665443202681938,0.75627179538111111,0.83846669010853236,0.86050776550939123,0.83057396278922635,0.88179509740113082,0.89492861072982355,0.8781978230286136,0.82439717866986006,0.84406992914867096,0.8017761172420681,0.80859075362288868,0.78386189737324874,0.7707057407504686,0.76556631969494759,0.75531098274871611,0.70762831170209561,0.62656468273726407,0.61082078603240753,0.80514051349799032,0.84235152751023434,0.84819240130414675,0.85243470572516644,0.83093739024813495,0.84333305364055833,0.79485928838228725,0.76399010755718666,0.78242288188053577,0.74218550224322921
0.65011059574752017,0.68900172770946511,0.74442229136441818,0.80542019778171203,0.76218118151169401,0.75360501326564699,0.77365936352788389,0.74862903352318544,0.72879528991158771,0.82234001676784696,0.76384007214191363,0.75402917729887176,0.83654059613057352,0.85885598211013603,0.82814090616400338,0.88033412909315933,0.89352292595188387,0.87638575857767975,0.82214201506713669,0.84185234265191911,0.79958782807557305,0.80643589204950872,0.78150558701139661,0.76832232598996086,0.76316255820500156,0.75298441494164181,0.7045342324659658,0.62288230652368948,0.60736861965935152,0.80396921392189635,0.84120680783268964,0.84704700628400798,0.85049587607765675,0.8287692208281201,0.84136367601428785,0.79214073369688376,0.76035420227445738,0.77872148137269137,0.73875366817571964
0.64333865373749965,0.68266846880945231,0.73811671257721911,0.80085700719597352,0.75731618226905839,0.74828672797401463,0.76914617764786297,0.74308231183791895,0.72263054132514204,0.81823560254487249,0.75880584861595657,0.74896807352655326,0.8326349178825555,0.85503385092549278,0.82366206379334728,0.87688654738240523,0.8900779316924422,0.87253359170039546,0.81795422683738483,0.83807434293302319,0.79460158024161753,0.80151001754735496,0.77630026534280205,0.7630133478625104,0.75776383100061084,0.74744224092992739,0.69815825170881285,0.61611431845676745,0.60116500151799124,0.80064622036772481,0.83792203044447988,0.84403969981616167,0.8471142415711066,0.82482815113219943,0.83746046559176579,0.7874533777872611,0.75459487367718092,0.77287249432977245,0.73382036337299172
0.63981294368526598,0.67913849331389675,0.73381486946736574,0.79719072689291515,0.75372933387296392,0.74452580724178086,0.76553093282333418,0.739133182100149,0.71865360262248534,0.81460712459339957,0.75491034053095452,0.74535802215735092,0.8294983617930678,0.85187057544112588,0.82005477215342704,0.87383991945952244,0.88693477774488194,0.86914157265738579,0.81455131988517271,0.83476179799776262,0.79088184543117801,0.79777886378988294,0.77263525950398382,0.7593682824396939,0.75410228450663075,0.74368597627005206,0.69430433376270295,0.61233643457303166,0.59735690287628185,0.7978126934689832,0.83500673711395268,0.84116586481126276,0.84390535875874872,0.82148342890847814,0.83407928083481087,0.78370326349279695,0.75050012777878394,0.76883223324746175,0.72977664289433108
0.63741991012336596,0.67706654141236045,0.72959496167830984,0.79432959641664724,0.75208398817130573,0.74272923490296927,0.76332841273880569,0.73681360498269011,0.71657713103532783,0.81257941255954591,0.75172578794357459,0.74374030482924991,0.8264160917731207,0.84896471653462857,0.81685794299435677,0.87132167422784024,0.88443599848295351,0.86648183523723543,0.81243249596502509,0.83282613082940726,0.78923462858640248,0.79601377161923625,0.77104385697469813,0.75789779215622921,0.7526025885650891,0.742048239706109,0.69215767647255122,0.60922017265374073,0.59400246717371175,0.79527524293856555,0.83252207345797624,0.83908620825622759,0.84210391562738918,0.81929940215970498,0.83176011250965598,0.78044730601650436,0.74662408328503216,0.76542996254982265,0.72731452835262378
0.63424925180468072,0.67388323632148228,0.72786882862333224,0.79331293171467654,0.74936103136593091,0.73973571582867437,0.76049712888956045,0.7335274393471608,0.71351933582857618,0.81075830191555875,0.74933739490159323,0.74126007051901543,0.82609641337003881,0.84854580434028171,0.81603380482087529,0.87021437052103201,0.88312734170685014,0.86523058304223077,0.81074120045754539,0.83135559201198317,0.78636427886801774,0.79360318702511423,0.76849935156306759,0.75522160160993479,0.74990922347937872,0.73899680201102314,0.68895606101826623,0.60561577159554547,0.59052821827937674,0.79388136429160638,0.83122378085139936,0.83757880944241525,0.84053864652761634,0.81795723401918052,0.83069918802267273,0.77894597395370269,0.74488157227787732,0.76367621370588756,0.72566566142373679
0.64930582683225768,0.68526926127615406,0.73863536320893719,0.80236831038230094,0.75059168801587894,0.7430992323833826,0.76310019004880281,0.73918435591886256,0.71925908548384099,0.80883142514941719,0.75326468624738641,0.74121941812992864,0.82877884374552502,0.85078581091681083,0.82105898932195043,0.87118996529602899,0.88364451988328641,0.86637549914899503,0.81032390088810435,0.83062809180032504,0.7839597239982371,0.79114563606546251,0.76721153005510101,0.75534549067615586,0.75059885107841606,0.74403616487509838,0.69718606258291005,0.62441542472616829,0.61415982991298768,0.79288859751650231,0.83107593513684119,0.83710867947699785,0.83933123069994497,0.81834358892369385,0.83154513026306509,0.78318264992645237,0.75514760416736137,0.77420144267303381,0.74187276975792038
0.64930124278051771,0.68478135477292779,0.74124178218615588,0.80755896908211811,0.75206940807286626,0.74361824679224975,0.76518868370151449,0.73898955546951128,0.71806176084274242,0.81383440914985283,0.75734702080030836,0.74280422681301805,0.83983592809483454,0.8595559520936592,0.82831621922605314,0.87789188014811426,0.88954937694212788,0.87277932538192049,0.81581592115681523,0.83668305652101005,0.78556170777037881,0.79438604776825084,0.76909709376168678,0.75609150191510077,0.75126422560047412,0.74326315206810645,0.69622678197731991,0.62381313629042201,0.613359924552767,0.80281716683380444,0.83942813896290436,0.84354831099570127,0.84515288590646964,0.8249260710593822,0.83834586437002323,0.790198567590645,0.75889361914025055,0.77691184789343926,0.74301878882242478
0.65672321054130589,0.69355252926884059,0.75111693351841136,0.81330912731684202,0.75270624330932601,0.7473160790850687,0.76661181300110037,0.74562253216497509,0.72778846607889047,0.8140438057322521,0.75923252249516526,0.7423310619205602,0.83951127997204367,0.85908130717203834,0.82983569809919933,0.87757509367380571,0.88924829150799722,0.87292160927746165,0.81664708087074578,0.83747916864283611,0.78527227080694906,0.79383941137774583,0.76864120388325863,0.75624531142934948,0.75161932301323697,0.74802139278625512,0.70534135250089247,0.63324108435561921,0.62229868312827097,0.80206154774547311,0.8388973402353832,0.84323481173040615,0.84517580786875568,0.82591532221939223,0.83975247420395616,0.7916417888551649,0.76652890458027323,0.78688880082129131,0.75134035557790246
0.65542623561596891,0.69227806810136472,0.74926652408051453,0.81114942485212238,0.75098631046506192,0.74569957254574182,0.76485544563978836,0.74414711002003353,0.72641578693598663,0.81178366180631301,0.75675972959464621,0.74043414486381931,0.836502234182389,0.85622022519532004,0.82723673517530172,0.87518536143867542,0.88695010965212007,0.87050168532030525,0.81384334120895396,0.83473986140581025,0.78342192778381314,0.7916316800880876,0.76663005169927023,0.75438969351535845,0.7497469330910278,0.74645567522465328,0.70391606144994245,0.63189829507729167,0.62093705124523524,0.7992579966742358,0.83636820133244683,0.84085502418452873,0.84254123672175751,0.82290431979736367,0.83702764551790487,0.78896510700257616,0.76441415784151356,0.78500283770860479,0.7502114687419762
0.65236751045452512,0.68896526676384851,0.74449208161211511,0.80767803747528111,0.74691392173911009,0.74164948513468332,0.76035297993513229,0.7400250880944137,0.72267347314658392,0.80831430739508825,0.75167495731711165,0.73651565875395797,0.83294382155967661,0.85276013846949128,0.82330907448558999,0.87173277128492888,0.88345658765634183,0.86665366220179019,0.80992263174351653,0.83110349189795529,0.77972461927449144,0.78801283034580794,0.76285705279356741,0.75060778159857644,0.74595107427517704,0.7427629652835398,0.70035222285703924,0.62882076582769775,0.61798127908516809,0.79561624407218334,0.83291481943162404,0.83744041572900618,0.83901142153433672,0.81895074152582237,0.8331035612702018,0.78430334085489439,0.759944531298682,0.78104759618545061,0.74699819756135388
0.64896564785106692,0.68535521388848952,0.74016663756201295,0.80397845830173553,0.7432687465729958,0.73796890140005056,0.75666745303813132,0.73638398857506604,0.71910806445168352,0.80460029780222575,0.74762920550417555,0.73281339390517164,0.82980451559248924,0.8495377546248094,0.81970224397034941,0.8684552159780895,0.88021000179878284,0.86329262894303338,0.80625939494680465,0.82748914491213743,0.77567208551674438,0.78406164354329788,0.75883625244146902,0.74666892591194378,0.74207582330438038,0.73894514525502075,0.69680103637215229,0.62576918755733857,0.61506570287970141,0.79234379006175559,0.82974283428377926,0.83403570081909628,0.83527276768916237,0.81550835905728525,0.82992933420278436,0.78053686837903424,0.75581135580097847,0.77695876483307968,0.74299710724997647
0.64504118709124669,0.68107008191309393,0.73642074566376248,0.80045037322090595,0.73908146249582873,0.7336551250711788,0.75263825124623207,0.73230673246385836,0.71496522503830029,0.80094792801701375,0.74357967828193283,0.72875322477144322,0.82656656674941476,0.84624847647866974,0.81616050735165768,0.86504251856342818,0.87681044726705004,0.85981369079625825,0.80234476042635516,0.8236259082233961,0.77169166053093119,0.78032054891880009,0.75482016395261275,0.7424053656432642,0.73775617173139696,0.7342791032665128,0.69256167529137447,0.6219024449945707,0.61130252680012354,0.78911999971077285,0.82646848542222162,0.83051948826198041,0.83117482116960339,0.81185963727267663,0.82661607930693515,0.77690474990434422,0.75222101700071997,0.7734383325109917,0.73961588463322525
0.64136427377491934,0.67737677725811929,0.73183219992147119,0.7963104100376176,0.73447965092664458,0.72954933004921763,0.74797850909310737,0.72833846329417873,0.71119779751134937,0.79478526396789084,0.73841348639992088,0.72373238568545062,0.82079795729958316,0.84061207721935816,0.81154697799738573,0.86008236450330655,0.87186111689849488,0.85527474759977351,0.79681480505763647,0.81835935529232973,0.76671229332536095,0.77495140726126577,0.74989178849531635,0.73776846488783354,0.73304913677534256,0.73021511876389467,0.68881611581079494,0.61818693996440266,0.60758989529615315,0.78258518865641247,0.82040851271175508,0.82510777040054062,0.82590687088784753,0.80706949788785143,0.82238550206203809,0.77224840216634616,0.74783250686557778,0.7693371921569192,0.73572012782394891
0.63675875854471231,0.67265115327277358,0.72780302542374342,0.79352537809164037,0.72944634901141425,0.72445090470066809,0.74310615670990787,0.7236350872071079,0.7064312268261661,0.79036148397275929,0.73374510647440327,0.71902463297962738,0.81720115775515711,0.83647182789414387,0.80791774821369344,0.85565232158912552,0.86719801418207887,0.85090889610353115,0.79216178071663423,0.81378090867424524,0.76239401090689274,0.77034465232234195,0.74536493289414418,0.73327610503003859,0.72844346483711497,0.72537431104790351,0.68404819974069009,0.61407136360026671,0.60385277219443978,0.77716373348539114,0.81536619513958719,0.82030677447808076,0.82130744353940954,0.80273831870702195,0.81824607953512918,0.76805193687336692,0.74426456037420019,0.766359305710414,0.73302528000648326
0.63603199114507925,0.67010778716835395,0.72798682134550985,0.79671137645337164,0.7255214759751738,0.72095804296152721,0.74052481803750947,0.72134583017600373,0.7034009582510744,0.7911496174642797,0.73302282944249786,0.71469530839723494,0.8254012499931429,0.8424485677106045,0.81229266808019462,0.86206744548641889,0.87342149798132962,0.85693702464722132,0.79196317118069803,0.81688592761345935,0.75873624899503622,0.76580395975594884,0.74073915093634779,0.72890274660968224,0.7240101518912857,0.72147497611084466,0.68112773581957942,0.61486290683080203,0.60575345317616447,0.78501729690063071,0.82235287593620099,0.82561869129284837,0.82550458304287244,0.80551312423979304,0.82196159649070766,0.77193826849750813,0.74617412170506692,0.77111886797118523,0.73387097135076351
0.6567480095529602,0.70049131412685228,0.74801493996179125,0.80119749397781959,0.74440165109440104,0.73894727318767961,0.76046057819891355,0.73571623935590613,0.71369427733660373,0.80544365330440937,0.74951447489501877,0.72997416137421067,0.82888728558256963,0.84610635708525239,0.81712205759333112,0.86416918509215102,0.87420866693848698,0.85787252231623978,0.80185623554385321,0.82387680385859352,0.76847248170294857,0.77345859802350103,0.75271880642122846,0.7445999572532862,0.74076062596048897,0.74441183053072668,0.70139486975295218,0.64193609322165501,0.63872486967951059,0.80136318985568322,0.83215670257001118,0.83590442297462197,0.83491630797644745,0.81087601091067762,0.82372817872503079,0.77960947430626637,0.75760452562203628,0.77427248963753847,0.74042025876402617
0.66689497538307763,0.70940683873511434,0.7456138717616777,0.79914361207332907,0.7431951032358618,0.73862726667912781,0.75870195932752216,0.7349533788255691,0.71408815713422047,0.80347122471323806,0.74730453579279055,0.72841034604616972,0.82710728518635568,0.84453672939812297,0.81515156727549343,0.86279783946935762,0.87272036899861927,0.85614084008897995,0.79995132461334173,0.82198836556242549,0.76693626621616451,0.77144390464119006,0.75104210710631836,0.74408582672527124,0.74010791985310886,0.74713379791512058,0.70476057269318815,0.64821902958217592,0.64465321740791026,0.79987256892627712,0.83077989709710587,0.83454786096695344,0.83330631414164757,0.80894559559310542,0.82194756324715557,0.77749791820777769,0.75515360626573769,0.77173411024527272,0.7382162627402945
0.66938963605730384,0.71486334824751752,0.75286036837744597,0.80103092260118369,0.75562721374729369,0.74832933080795627,0.76891782667197706,0.74310996383135164,0.72009123835169397,0.80560883332830246,0.75617678253928178,0.74351268181539543,0.82769471271204698,0.84474888138085003,0.81717801916216926,0.86314960272079222,0.87321572442403983,0.85720157577097789,0.80290747089879444,0.82178445951791423,0.77864693309601196,0.77874962027318451,0.76196139189189527,0.75644431224345221,0.75221286856833447,0.75587415056364349,0.71130511577176381,0.65258224243427765,0.64990457800696033,0.79865771180043865,0.83028636871996375,0.83372565559643474,0.83225338754726164,0.8098977176557105,0.82244639261905161,0.78136646571755086,0.76007660885701744,0.77494908070048962,0.73933291995219064
0.67027950847071616,0.71815284770286703,0.7543610966173635,0.80100570600035947,0.7574187083776478,0.75252966960878287,0.76968942061271539,0.7504097507813895,0.73010311871923772,0.80513053894859798,0.75673606154651851,0.74515934540464301,0.82675460012363577,0.84359566918639195,0.81663142210354467,0.86192536722207291,0.87220277398939938,0.85658162935085613,0.80208526859484597,0.82079895136728676,0.78126355253467161,0.77851826820102898,0.76360829969337629,0.76016815699100659,0.75573876675025387,0.76118425442479609,0.71844988509357999,0.65520549150226193,0.65011075192760825,0.79786985109980635,0.82930174190934236,0.83272145366331629,0.83090339528792878,0.80924882655507258,0.82297305026261713,0.78185484283965301,0.76085558248155072,0.77516181489295077,0.73902612045349225
0.67192750607251917,0.71865729100898468,0.75741343638594183,0.80479563361086592,0.76219153384344396,0.75551820095171618,0.77413106713801805,0.75307521021835611,0.73136553461622544,0.81118251693023746,0.75977658354582633,0.75082822215996037,0.82985894086406997,0.84980932481965299,0.82253913860265837,0.86715241816602195,0.87778315239050797,0.86233262146628653,0.80460933901401077,0.82460616208057236,0.78365403519366217,0.78315249677397947,0.76650480087181139,0.76222239745397391,0.75802198091541906,0.76192173186716128,0.71975209471547619,0.65711050161851026,0.65108211644099945,0.7990314216641099,0.83229600834203876,0.83603252393746352,0.83445250484426525,0.81224748858423113,0.82508863632468077,0.78607455134133353,0.7643271584714908,0.7789385642446468,0.74050933052610501
0.74663285864783946,0.75769613362567667,0.78396304559586127,0.82101342591113791,0.78569681898631105,0.7793454775952956,0.79890796904201578,0.77820414401121252,0.75030046178203491,0.82177366109559558,0.78377068942081674,0.77486318090454531,0.84469908457208565,0.86288793621260584,0.83707479547210251,0.87460764825284354,0.88456495828608506,0.8706986089023403,0.82254527918817533,0.83446597409567025,0.81293374748524305,0.8240808025107994,0.80164545463957937,0.79200588852260201,0.78724337105054643,0.78434258733101325,0.74795651964338938,0.72208671996101825,0.71666043685522329,0.80138130925345852,0.83683406126621429,0.83993104297522803,0.83891856843697798,0.82241252557958033,0.83235935468313582,0.79945765001506275,0.7845286880036807,0.79256579521069837,0.76351845300974563
0.74582027789066085,0.757503571082073,0.78232124216795396,0.81769316158039829,0.78233405683375223,0.77723709720849843,0.7967901425571623,0.7777543028362579,0.7502311651096335,0.81855866962979151,0.78089837359376757,0.77106736727695036,0.84182947253493856,0.86029471903408317,0.83414011375020014,0.87175025964932573,0.88151896618996306,0.86779029215350889,0.8192227438787576,0.83146947311198749,0.80835203267207778,0.8199249372499986,0.79741018937537012,0.78801104035669101,0.7833498084695667,0.78248983158525598,0.74766444596096571,0.72045438525361338,0.71483557668018249,0.79803021831564813,0.83336346135613648,0.83638981978037996,0.83613810734324812,0.81921518539370464,0.82941271942240014,0.79653088732431043,0.78173117135545034,0.78893976659966158,0.76086453095923123
0.74389069787358297,0.75590499386298249,0.77987210841398269,0.81491156315011004,0.7809456529202955,0.77580965969129578,0.79528609710348674,0.77616443286051784,0.74863558423754284,0.81574755165349466,0.77893801667635587,0.76964469461622587,0.83942187990228667,0.85752500627114991,0.83155888561418823,0.86898099953933572,0.87878118941934735,0.86524948662589229,0.81687756873040807,0.82829676154721765,0.8069022584329717,0.81838022436346136,0.79593103751832039,0.78652880987341567,0.78186481165638355,0.78104114819920656,0.74610418247124,0.71845727170575535,0.71254826465203536,0.79494454978361384,0.83036406726891199,0.83359718256176307,0.83288584123146825,0.81654371536837522,0.82681913544256413,0.79435043808439398,0.77927564693411044,0.78640106481113703,0.75842301734129436
0.74615715952646477,0.76315913869024665,0.78772357819681249,0.8194465503705185,0.79756383383330998,0.78944682661469046,0.80922581091577328,0.78754852592428271,0.75815290930293666,0.8223251236776794,0.79134439756238695,0.78829865539179056,0.8429609340344324,0.86176911641894782,0.83736902388163215,0.87370261568828989,0.88300907524434347,0.87084805253975239,0.82737393913751078,0.83732677800321387,0.81610587715138982,0.82757846117342315,0.8079383695556307,0.79916479857002787,0.79495109654262552,0.79153535926931828,0.7556014133982959,0.7232446982250551,0.71635170233661483,0.79759143995332393,0.83431653776387782,0.83837257793961972,0.8399844623326721,0.82716762662552468,0.83775344712548028,0.8038206762893112,0.78616178193821329,0.79178373102189437,0.76158678247411338
0.74678400996086747,0.76551005401343897,0.79038368020542815,0.82120055306290218,0.80271757407554745,0.79462228690872183,0.81406124778694999,0.79229916348724727,0.76471449450201801,0.82763627987276489,0.7955497031231078,0.79370266738039996,0.84391957492448855,0.86301591416313383,0.83895890811469376,0.87561241305964432,0.88501790291839344,0.87320256076176028,0.83238630741750919,0.84148252337195084,0.82257093141922877,0.83375148187388848,0.81352975651465531,0.8049056897782445,0.80079538357226543,0.79722512428164916,0.76023532995626686,0.72400288473179053,0.71581766595902163,0.79791310997718401,0.83551091060403382,0.84030540129360853,0.84326513077048149,0.83102865367117151,0.84114864333369954,0.80676619235453662,0.78832845112611549,0.79470985386800375,0.76345806189977294
0.74599323473725265,0.76469761480601572,0.79206737346619027,0.82797848073116542,0.80397813395414108,0.79511466352172377,0.81605118651634256,0.79214039013091408,0.76394739382049148,0.82861090732567433,0.79821763362321718,0.79448337467761521,0.84954367874067649,0.86756410410438445,0.84302421743418821,0.87902129422369013,0.88819182589718604,0.87687320054797158,0.83543714574723671,0.84506115805751092,0.82301854737112701,0.83477209037137101,0.81409603447469181,0.80511525982283927,0.80099630521863185,0.79685614939917815,0.75936191852624946,0.72319095410966461,0.71508214134691894,0.79919433031537035,0.83798902073579085,0.84237220195450835,0.84614937089817488,0.83553313222761749,0.8463971947742851,0.80967194289574784,0.79206989046379295,0.80450124381748234,0.7686683620686442
0.74428005327638869,0.76308863287307893,0.7904403560732276,0.82642892789012112,0.80264765809875094,0.79352667656810094,0.81469526960875183,0.79038161120400618,0.76207745762898627,0.82747827821308595,0.79675856713943283,0.79310913249967629,0.848293893904152,0.86632626530883772,0.84145894985969338,0.8779596744457393,0.88734012924553429,0.87591107049200168,0.83433950578867777,0.84428583692956016,0.82159367310390141,0.83369838589086909,0.81275781230088628,0.80365536110547209,0.7994922103606682,0.79535934082502757,0.75753493357133872,0.72108816599798264,0.71322030496122146,0.79901143325601398,0.83727501425962603,0.84196699540555586,0.84547208786888506,0.83439816501896458,0.84509761413984441,0.80818879328259086,0.79032390918352602,0.80266336203179434,0.76684661216740446
0.74261134830932063,0.76510027286211391,0.81046933021697987,0.84103732532645181,0.81745121557429701,0.80535697211457491,0.82734935975206747,0.80040495841059778,0.7702385184098216,0.87468277468194544,0.81662144124270797,0.81207199205913438,0.86961797468938595,0.88595403653865601,0.86200691305647603,0.89825194630943772,0.9064987540377174,0.89641135835025365,0.86524883268113861,0.88265189555780055,0.84685835314308899,0.86250580458327397,0.83651683884234895,0.82286093582596376,0.81782059865871748,0.80452015991846981,0.76387962291310485,0.72130397074854513,0.71128616865104011,0.82062960458852297,0.86099340828993798,0.87088535585746762,0.88288867816430572,0.86543612839602524,0.86941297353286706,0.83518318912629963,0.80781964770790471,0.81363374760065221,0.77328523933578153
0.74302817886862238,0.76619490153852021,0.81866525509211174,0.84696807420747833,0.83307164485561636,0.81569102167357255,0.83928044296965454,0.80667141366271522,0.77282781830453262,0.87692505692431033,0.82709079986264034,0.83407697364535038,0.87023657140010424,0.88584276038905774,0.86430713012752003,0.89815703259791169,0.90620168617380925,0.89662499027914577,0.87000989929841588,0.88463910221729702,0.86324933398813275,0.87657977929720599,0.85313729358960899,0.83825636047441943,0.83302647243982819,0.81085008345783982,0.76667434155242686,0.72152877590120301,0.7111160804127048,0.8197201873607437,0.86050243559305917,0.87038349637290635,0.88371253070317124,0.86779026118404046,0.87019418624312872,0.83877290599922649,0.81480603451834099,0.8226123161350769,0.77923905192133869
0.74476371392382379,0.77368907695650457,0.82128035565338242,0.84800053286714316,0.83817299831189984,0.82216787739995745,0.84307607893557457,0.81197435544309826,0.78395799910727204,0.8760992837137932,0.83049008335718888,0.83787020032004522,0.87126338990127783,0.88622778090484589,0.8670824463884077,0.89933542983251791,0.90764452810234586,0.89907937615486888,0.87095670746514142,0.88508705002640387,0.86796177708063271,0.87929789846719464,0.85777886139612236,0.84560755152349076,0.84083594109648019,0.82259824019749439,0.77591874053877263,0.72506194035397109,0.71588415489145563,0.81844922508386431,0.86013072068907603,0.87015711646245764,0.88287960301906354,0.87071217077617391,0.87540901557087902,0.84481065443181735,0.81846872398637072,0.82390229260005665,0.78032544030565132
0.74298760704256861,0.77190537866205289,0.82014910154457055,0.84956742588808343,0.83643806394916731,0.82040584688070695,0.84177965696642865,0.81035158253717343,0.7822324124390333,0.88405023447968656,0.8314862498211899,0.8360465383785094,0.87521374084646753,0.88995362918979437,0.87035253149247771,0.90268415985802286,0.91095042580434427,0.90267599279774546,0.87468382514531862,0.89078777808901732,0.8656333111491421,0.87789659474393433,0.85565595065991107,0.84330506606296285,0.83861084800818408,0.82054462351986812,0.77412153600628675,0.72331322852337399,0.71417722481404022,0.82284072944798314,0.86359551198443785,0.8728648432966325,0.88850007687254051,0.87478799159334308,0.87867244053782811,0.84893920565601044,0.81894721799153392,0.82355586756738075,0.77965546773010419
0.73922961520362052,0.76861090775036833,0.82064931742643599,0.85211342860069406,0.83624674339512373,0.81911126581391325,0.84140207840225423,0.80837350251078843,0.77976534110385709,0.88771970782905585,0.83224181936248598,0.83628621145979321,0.87595685391509182,0.89053563889807141,0.87177591528361542,0.90316576651631775,0.91104725523588259,0.90341419048101124,0.87962288349452944,0.89384895321557711,0.86856328922823434,0.88040174036841512,0.85707502872657049,0.84344352261312838,0.83842567240384902,0.81824730976755,0.77126958489232689,0.71974284297581659,0.71092260304558919,0.82501937977950524,0.86529053304591208,0.87466069562013582,0.88950134033589801,0.87828281692276289,0.88253609954640089,0.85148680435408564,0.82169314841273455,0.82976453313597753,0.78178571631018645
0.75060212223228728,0.79405477652980017,0.83805445774701481,0.8601611581912002,0.85959180225305443,0.85206273848879266,0.86306834493490636,0.84803105488749408,0.84107933047519023,0.90431117572510455,0.8529200460746581,0.85653090095124595,0.88927575399020531,0.89803724656198791,0.87882369176830211,0.90724910195824693,0.91273636559311477,0.90592710322399983,0.89407591182731494,0.90443189754637576,0.88993471724651629,0.89900267811713197,0.87836380302797357,0.86416203394163449,0.85931003660587968,0.84510665489899284,0.81553249194884048,0.74042117715086853,0.72508020193775313,0.83866161100505132,0.87567668710488966,0.88291264918733248,0.90054954135175991,0.88875400893522116,0.88979205832048092,0.86141325814620595,0.83356120662852451,0.83733019697826516,0.79019409396151652
0.75222728630608093,0.79694188720391368,0.83547394269369057,0.85847215082958173,0.86177418173809839,0.85343873858913377,0.86430731875621458,0.84805883112420144,0.84190323037125991,0.90442629899824656,0.85398619157635969,0.85879230820807262,0.89287843620650664,0.9007485798861119,0.8797432010382692,0.91005329267433321,0.91533870540789775,0.90845933416741409,0.89545167082168275,0.90586396644508305,0.89042793113401009,0.89897875245884795,0.87885937784517776,0.86552643624898018,0.86100697491077183,0.84816677200320501,0.81688123579323324,0.73902551271599859,0.72195221432043655,0.84462027019630215,0.88003624331564834,0.88603539938361853,0.90217755226114682,0.8915256500490597,0.89380149077309756,0.86385642002827878,0.8319093985649485,0.83465042910117748,0.78755053122266727
0.75611417587793506,0.80259035512920018,0.84140986947390228,0.86466588689441637,0.86885595704026941,0.8608073500213691,0.87142107395107282,0.85487006978670921,0.84792145778476158,0.91339789403010252,0.86066701872887208,0.86636049870718224,0.89682456513976094,0.90551843585038549,0.88510067760885325,0.91551301825205933,0.92066057427806536,0.91401044767742368,0.90191045724911578,0.91219524166825239,0.90080779726382731,0.90844719136598073,0.8884884570124133,0.87559133197763817,0.87099536681343892,0.85723834436229507,0.82321898729389054,0.7422280596550922,0.72346551974216411,0.85636617009518035,0.88840344493635892,0.89486990282607703,0.91019958950976076,0.89859058223578037,0.90114779050493488,0.87061146137913326,0.83851085861495722,0.84414413275042655,0.79234692051297206
0.78730259386571466,0.823231608026749,0.84984086626764288,0.86963804146900348,0.8828760711683602,0.87407554864652826,0.88461977671345959,0.86676468057438338,0.85940919351922396,0.91794624442961126,0.87474570211155345,0.88090321856272169,0.90583412984401634,0.91281532040782998,0.89295796343279932,0.92286002971131353,0.92773800429845399,0.9220850639428646,0.91111103165105056,0.91898986343697964,0.90971165123158881,0.9170817235545492,0.8996502233507111,0.88883633282530561,0.88488447687612182,0.87184947671548785,0.83842856700499069,0.76601020841982592,0.74655019276667522,0.86131622161227794,0.89470731270083204,0.90023232169706324,0.91504927174757522,0.90793731703317482,0.91099265144596397,0.88217097007644518,0.84692345122869628,0.84727912697068886,0.80174137857083327
0.79431778510037621,0.82560397914944628,0.84745857526651691,0.8675627076883109,0.88155930486750544,0.8727520173539185,0.88301829669908616,0.86525599114505525,0.85801374875574388,0.9163566237213796,0.87268782245167342,0.8795316961442472,0.90372305997603108,0.91086732612961774,0.89080159285248894,0.92121374184265414,0.92609303582174785,0.92028955988066552,0.9094134072910397,0.91742391093780884,0.90835411366677343,0.91565928284161646,0.89828738363124649,0.88756380102771049,0.88362420431294308,0.87112231151463437,0.8381560817864312,0.76909379884785978,0.74870324606438032,0.85918009418177743,0.89294250718862089,0.89864530090673267,0.91346784201430065,0.90617862577699115,0.9091660334212287,0.8800288222803998,0.84453254343324768,0.84497241211989749,0.79990296460395638
0.79344192202445085,0.82463548174564394,0.84612269274497831,0.86661420935596045,0.88052532395289063,0.87172503677894442,0.88209777475422324,0.86424549908019288,0.85739920810982739,0.91423628985236916,0.87118203299412378,0.87838311688219417,0.90147766953348285,0.9090378082698759,0.88952471335093253,0.91943639482823258,0.92425572562951996,0.91874938177360677,0.9076210648922739,0.91546196912449662,0.90717589828132528,0.9142652120065401,0.89694572113615978,0.88627849515939738,0.88244185115416729,0.87024477597388317,0.83726876539719963,0.76793075670131072,0.74724843979377498,0.85522073356224371,0.8901353882952775,0.89600165910348073,0.91114706996308692,0.90458247854521978,0.90773693928631172,0.87878379721469235,0.84340440686407281,0.84433649371192299,0.79910213094648119
0.79171744302704428,0.82291211519276741,0.84887944511804436,0.86760693464816596,0.8814340254586569,0.87225239854291148,0.88403800177389735,0.86484770402784172,0.85685689480812355,0.91389405034214832,0.87268176740743975,0.87873781132171169,0.90167034894072307,0.90890121913299349,0.88984547791729174,0.9189926051374383,0.92361626027482202,0.91830536029897258,0.90798278831687362,0.91487499656796167,0.90610906169574323,0.91373177372343184,0.89630693313518361,0.88519427930371952,0.88155517703216779,0.86907420185815354,0.83635808046446258,0.76632802421999979,0.7455746398234,0.85439157798095522,0.88973735160571921,0.89543784756055134,0.91021916667297165,0.90448608184045221,0.90768091647528104,0.87945940806138145,0.84548250455344809,0.84675809583307493,0.80046327418705299
0.78892378510230188,0.82030674780429869,0.84780113523434497,0.86655064253225556,0.88467878057216875,0.87326478977931188,0.88577486844892905,0.86406435177958152,0.85498024675933093,0.91422027380596449,0.87555361369103846,0.88377220259403799,0.90024636640308919,0.90857885969932839,0.89017456570451547,0.92023325212335261,0.92553300205570821,0.92130990908120647,0.91061354750012946,0.91528948297670176,0.90670430540736502,0.91665448052071752,0.89912153241008408,0.88645883285367522,0.88284696600499291,0.86688629645768378,0.8342302702159331,0.76395448123830068,0.74340114965493664,0.85187739189736778,0.88870574591282725,0.89476630428913317,0.90903763616466671,0.90882178591453611,0.91499186650851305,0.88221096877654259,0.84471262501425315,0.84605521512543946,0.79905843374819341
0.7883506692455986,0.82015077597873964,0.84701981912285929,0.86638589732959082,0.88491644873517095,0.87297153974616548,0.88653029043956721,0.86346498212235745,0.85290450075327617,0.91458421055450967,0.87542515126779208,0.88401236233716229,0.89840621636796281,0.9074611052020789,0.88943178554378743,0.92025042618491093,0.92616468363737847,0.92207479835722017,0.91379394008123505,0.9192533995837352,0.91093064601641272,0.91658612122526473,0.90110495015976511,0.88895127717125866,0.8848098334883775,0.86687696582311613,0.83305714924562413,0.76244534993298752,0.74134892362430316,0.85034890708269228,0.8878184184124408,0.89448324456937955,0.91176258114203623,0.91035893336017071,0.91456753854188999,0.8822294869399171,0.84469354061190249,0.84940179450195286,0.79890642108320054
0.7924758934248044,0.8226699307130283,0.84360611101704819,0.86369931800604682,0.88316501410987547,0.87190704491652404,0.88482893824972497,0.86298164158919932,0.8538036639967721,0.91238736278866894,0.87314443748836501,0.88196383828605163,0.89485539610753784,0.90445329700555599,0.8867187075980032,0.91770775544612704,0.92362749130894806,0.91972523322714228,0.91167560252134172,0.91705670226194247,0.90915207858107461,0.91475024728194243,0.89908680211671554,0.88670850224890518,0.88250463593127382,0.86608895877254855,0.83400156210724508,0.76374635396315971,0.74149370187910968,0.84492838864472808,0.88408719971404737,0.89137536360772907,0.90949467676241069,0.90806333336708667,0.91223616752656411,0.87972011537070227,0.8412869991482953,0.84629050555969298,0.79608506615837171
0.79836904147882126,0.83140770709301526,0.84828483245852171,0.86572354151613318,0.88931428838958482,0.87745412021465252,0.89258892240325582,0.86837296632866623,0.85428720420486248,0.91882768280707017,0.87857642866031105,0.88985615511307248,0.89304852221103614,0.90414161424647133,0.89014699872579961,0.91885151639563334,0.92482952380024752,0.92155558586057806,0.91533878852910144,0.91952201220670138,0.91021621807041764,0.91779507795003357,0.90273857856373507,0.89106848950970141,0.88783946725836049,0.87300134760120174,0.8384549897276915,0.76543855161786578,0.74015068076824253,0.84345500402615525,0.88325755262573424,0.89167444777915472,0.91125038635082356,0.91035908971764656,0.91424589485823105,0.88618301280348855,0.84671798385052455,0.84971114162142392,0.79651755598289553
0.79905052501605145,0.8357806124930901,0.85329797134796836,0.8670226846319401,0.8955646880867334,0.88201050063396813,0.90008956879520852,0.87101587796896207,0.85501102859394995,0.93291270790443015,0.88613860409379264,0.89515660840358302,0.89515325241688104,0.90644339349664915,0.89271907832907682,0.92301754710112449,0.92935830316835011,0.92763816873617988,0.93139689426067096,0.93373078136432308,0.92357252031330261,0.92832871868583722,0.91104432000851121,0.89723763627604858,0.89327347618750852,0.87572812720563409,0.84119275863931053,0.76704016145252329,0.74212845670097483,0.84445209302401214,0.88605517826522384,0.89585335129558263,0.92100237745513169,0.92321707238497108,0.92601194595058267,0.89308624973245399,0.8498751024366461,0.85244924728908711,0.79823275177141761
0.80935633775756122,0.83916728928283335,0.85406119758803178,0.86733638764367793,0.89738607310379281,0.88280577106662328,0.90242972102578112,0.87118579745869584,0.85451754442467009,0.93126748108912039,0.8857760061740082,0.89586861773745596,0.89279854328852759,0.90442498861890985,0.89105999218974796,0.92137700788290422,0.92748982332322927,0.92554123395744603,0.93021527383570124,0.93197909092682452,0.92266428893984864,0.92737827869063194,0.91059130193811,0.89713282334907851,0.89321167355154374,0.87567346142195046,0.84250139318758044,0.78041799969841441,0.76334070996932535,0.84331944014942373,0.88499519222617451,0.89470853148558771,0.91952180022834984,0.92139993196247261,0.92379081024204512,0.89131337572679548,0.8507491411259015,0.85544930456417856,0.80311310825657645
0.81827124110995808,0.84338610978705453,0.85204384597909544,0.86521706392822473,0.89661039251935881,0.8825139136316279,0.90074039100135039,0.8715893324488001,0.85604398721748343,0.92902839004963933,0.88300184889921274,0.89524968414236739,0.89132478790596747,0.90331853742860035,0.88911523877893739,0.92111524931075217,0.92758928804381424,0.92508555395636594,0.92803862160637085,0.92980740649041482,0.92065139938835416,0.92540897357757457,0.90900118949096187,0.89587715130964396,0.89216661134253916,0.87606815411622463,0.84510769143298603,0.79148253475630492,0.77755531128252431,0.84173350861948848,0.88418040671640918,0.89356150558851577,0.91746469292114885,0.91936444764973679,0.92191011653402344,0.8889188985593639,0.84889428520368893,0.85472633386509789,0.80681298367242871
0.81685481576153529,0.84166182559931102,0.85054262766698419,0.86472312159233933,0.89796477392476204,0.88309663225664425,0.90186318472767202,0.87161470062465063,0.85568623855183412,0.93147925691177469,0.88503399213090372,0.89709110345644372,0.89833755950915406,0.90883358252993451,0.89248645904921864,0.92747801407980868,0.9339037575159872,0.93197799786800151,0.93054419522907472,0.93298260949753775,0.92245650530504075,0.92827746123499544,0.91138324332006726,0.89757551694376725,0.89363148547349869,0.87535188749318849,0.84412169880519605,0.79012734802614693,0.77600581682385739,0.84622834684911297,0.88995477453274208,0.89857693473373934,0.92111549639869916,0.92596114160510667,0.93145841785556516,0.89380684133058119,0.84772521808407242,0.85397130069954552,0.8054068175694632
0.81594712695714389,0.84128942051638733,0.85406086716581597,0.86750232609954614,0.9011464306809468,0.88688427188637819,0.91032571551491426,0.87737423922341629,0.85635659466374892,0.93268070530642411,0.89205048774979789,0.89936647664519942,0.90108731941412035,0.91119068285006255,0.897066329746258,0.92892374532005784,0.93505905196164274,0.93365224338293906,0.93187504682864497,0.93288926813215711,0.92279722019891763,0.92990072635071375,0.9128017216449773,0.89860263484505776,0.89501468697963482,0.87639329368852736,0.84511804814299407,0.78973009717691045,0.77443570865747791,0.84687062278652636,0.89078666752876678,0.89907168107759183,0.92078270040159449,0.92711299434836592,0.93278915285415598,0.89979847544723845,0.85269431686324848,0.85705233090861466,0.80606254941064259
0.82247615027453125,0.84534483986847153,0.85503865550167757,0.86961252199752104,0.90754939405162227,0.89191733781737603,0.91295534371577569,0.88135605296215691,0.86376307331165147,0.93148579819221367,0.89437469113109447,0.90813988827690661,0.90096547620160594,0.91124654044758113,0.89744561602727724,0.92778973106700369,0.93373761447568093,0.93261752487944172,0.93152570301880877,0.93189147108886794,0.92362265665669119,0.92977567075458512,0.91486376262961278,0.90214966628070736,0.89905501981976654,0.88002959482259391,0.8509346102118599,0.79788701076457236,0.78344212402197599,0.84815030780214884,0.89079119883399871,0.89886932942763309,0.91977335479533007,0.92633815280249143,0.93183017182526051,0.89966354096311896,0.85396822597395716,0.86005303285773371,0.80749291779416954
0.83542251583184701,0.87367876829476021,0.87232308019512661,0.88614153289508302,0.92459574371780118,0.91198709231917774,0.92749819045431103,0.90111643282502329,0.8877788459187832,0.9339389314782417,0.91038803587125128,0.92451681698698651,0.91510819531398779,0.92397428430366579,0.91304156102872358,0.93525413163114202,0.93928485516646609,0.93838584103705436,0.93575876556343085,0.93470471958919576,0.93312822780960292,0.93648512528325856,0.92647566182523666,0.91821981549090748,0.91645383172383266,0.90611405745154827,0.87793242984239261,0.81505622729578775,0.79898773778962895,0.85856415866505342,0.90016299851743942,0.90658548744185208,0.92443300815038865,0.93044750249211994,0.93493643674559668,0.91324319641829488,0.87309178599423332,0.87669711611886536,0.82217763028904634
0.84034244500792021,0.87537858838971361,0.88197738387897651,0.8957017355495922,0.92701028776788885,0.91429568148703011,0.93123077359114281,0.90400006640162456,0.88824530685028136,0.93429687986107279,0.91832027954736217,0.92630270900694867,0.92311782046406254,0.93022032075505101,0.92014115270106223,0.9395703995341832,0.94288402280220251,0.94215106984318109,0.93885347688878407,0.93648468548995401,0.9320478127075642,0.93603678323231498,0.9264113524319223,0.91804857168092147,0.91668038130803109,0.90633797107045677,0.87955623273635297,0.82554329453186281,0.81460990976264935,0.86167992622475287,0.90454230101907285,0.90956332223964642,0.92572854680662986,0.93358282647717494,0.93786677212124181,0.91949824757002341,0.8837118946386584,0.88814143448478466,0.83756436067206552
0.88058740525243528,0.9091423786952062,0.91126405977591829,0.91576505439885891,0.94301753262339683,0.93645967421257204,0.94730530569784055,0.93220710537389495,0.92820318374734212,0.93586067358298741,0.9351156218566915,0.94013888835396187,0.9287260693888989,0.93554999593514465,0.93249957181233967,0.94311522656969449,0.94556406956888617,0.94633297420053386,0.94374927436375922,0.93879841750245574,0.93952406741182337,0.94273647838630381,0.93633392986274488,0.92973263066729095,0.93032436297124521,0.92898285030171868,0.9168673954687816,0.88214550028291339,0.8800679364491395,0.86175364604406657,0.90626376054488922,0.91126222176059823,0.92714867383465738,0.93899738506688613,0.94394714793621259,0.93306210267126855,0.90949769411171033,0.91127328220603687,0.86905205265407115
0.88954767861244266,0.91685686155438151,0.91720781814077057,0.92251180602422267,0.94443677672737347,0.93886382998199858,0.94802420906394358,0.93499917724450488,0.93249080937917217,0.93510746171240133,0.9363975714738062,0.94155468733107506,0.92895904146600972,0.93551053118875283,0.93431814784668676,0.94261106793742833,0.94465957404146228,0.94549765256284735,0.94323691404026466,0.93797396228486352,0.94142103997323412,0.94322503489130782,0.9383501146724047,0.93346071204371128,0.93390978750027143,0.93429395015825767,0.92233545298554498,0.88938415026024054,0.88649260615068715,0.86645150117189895,0.90750709606519053,0.91121604486308516,0.9260447185959757,0.93829906583993572,0.9429505097116414,0.93409296884428594,0.91674673237101856,0.92217595027508703,0.88307583465436579
0.88806422420777364,0.91485714770306747,0.91287736719087331,0.91720907303995913,0.940557015279748,0.93490204531668342,0.94388089343054815,0.93122668824879595,0.92869775721765468,0.92986912308925729,0.93127930920810054,0.93780055214550784,0.92356440440831644,0.93018536954399522,0.9289376060267992,0.93761195318595225,0.93979587251583163,0.94062611453103795,0.9379085575155699,0.93368778738339642,0.93830473429157368,0.9392821988283695,0.93488533763982651,0.93007424564773744,0.93039638534617075,0.93104257577858285,0.9193249654402923,0.88739957377455125,0.88468861251355102,0.8613232522329779,0.90240060899781616,0.90664122945953107,0.92240420457201155,0.93326543739311363,0.93799574063313607,0.92887048935465022,0.91169853312701876,0.91718134868797652,0.87898064911796614
0.88226103154891744,0.90919588476835411,0.90686787142712078,0.91162387174284032,0.9348429073443506,0.92935765194592068,0.93767616906471529,0.92557052982129184,0.92321311890863322,0.92339850927639966,0.92478692305836629,0.93213281104587176,0.91765603962901821,0.92401439201197544,0.92294251348154177,0.93145775507152617,0.93354804753901388,0.93440299537359872,0.93130098610021939,0.92758658663700799,0.93212921731923615,0.93314177033056589,0.92920316359660926,0.92463870769446732,0.92499348766327949,0.92564890270172306,0.91387699997103566,0.88211728402710821,0.87959247167153842,0.85531023391318639,0.89624390665365561,0.90044741291254315,0.91634866090892531,0.92701740193818272,0.93181946971336649,0.92278319315008839,0.90599576967903361,0.91163781434202651,0.87354090846276589
0.87521066183326546,0.90158922793799035,0.90056247122226063,0.90492052029050118,0.92799889525257695,0.92210404312726035,0.93146359295801873,0.91853110559631468,0.91548523943033278,0.91702973139721589,0.91841245444363895,0.92549564318447997,0.91078706710487556,0.91716128981079481,0.916067623079447,0.92452001679362028,0.9265688859573572,0.92742395300824876,0.92484503393969586,0.92088236084339037,0.9255760175113118,0.92679156021770592,0.92265707089472049,0.91794445881951203,0.91823767277664592,0.91806594212559167,0.90607068984909311,0.87493255011863169,0.87294558880069539,0.84799411555477999,0.88917972722633165,0.89350346845205886,0.90931383101525864,0.92035733010306209,0.92513702871076298,0.91606813437932355,0.89936522303455257,0.90487265304463993,0.8670792552347738
0.86933848664762192,0.89508570849322022,0.89480527456420611,0.89749228843972917,0.92130543489246697,0.91509810223017463,0.92506963120479635,0.91158497022735641,0.90831665140199902,0.90912678915604617,0.91171329317984895,0.91891064200724948,0.90326884063091639,0.90976540756365154,0.90864568768142384,0.91716775205177004,0.91907221244551873,0.92006047183430451,0.91744439405279143,0.91295240674399203,0.91929486649033698,0.92036403642464937,0.91639391018160321,0.91156357195252591,0.91173327089840439,0.9109881369980255,0.8991395736453035,0.86886892756030587,0.8673667733067264,0.83921481528532715,0.8812558757146628,0.88514449237622483,0.90098391616992957,0.91302482356777936,0.91793166709166818,0.90895333166829673,0.8927931995003755,0.89805902252069536,0.86031211515431283
0.87431756630569335,0.90131712559007648,0.89162815447369015,0.89257296447389556,0.9194459927725972,0.91748087862034688,0.92528968388925814,0.91740404328927705,0.92176316986991924,0.90264939923261744,0.90860547408036274,0.91386338882460949,0.89671479461157866,0.9033197256476907,0.90245755285479345,0.91055233020758897,0.91192764602360832,0.91289805986609096,0.91149652098589795,0.90563438756793635,0.91432497257873357,0.91435176742595625,0.9110620584815512,0.90656523120391119,0.90682995209556394,0.91209951166982162,0.9087611794261885,0.87590293759783955,0.87376244829309258,0.83424588666212507,0.87565518997474767,0.87885889264074302,0.89349426032557433,0.90565842044213041,0.91000690983522114,0.9023036907160481,0.88857839011586437,0.89354972817872058,0.857488010404033
0.87609908926887325,0.90201474330713594,0.89838402604580825,0.9096889185594017,0.92425911388962034,0.92138801024848327,0.9310182469275633,0.91997034469251848,0.92122163825787395,0.91814599012416243,0.92481205166687341,0.91729740681088168,0.92592428567636886,0.93542315461400971,0.92900204111468987,0.94160500231901567,0.9467653656421664,0.94648079807553354,0.92901256093174434,0.92635139805850508,0.92330909182399523,0.92327867346531767,0.91948159728436962,0.91475658180970321,0.91389120464791995,0.91523065523921843,0.90932222341269453,0.88040803276594348,0.87991023267677426,0.8653986896115119,0.9036954470695362,0.90277227679666927,0.91450458890933384,0.93344468540058867,0.94684433509512678,0.92724890742505062,0.89905702270847554,0.89694680520897552,0.86619548660317591
0.89457727902772644,0.91267171775419753,0.89935472027627539,0.910498406817287,0.92633980797235971,0.92358820043826007,0.933070753416406,0.92206281336979368,0.92309921061700251,0.92326891079063556,0.92648260262918947,0.91872846900743732,0.92519368672238844,0.93642624601567137,0.93051739056886329,0.94494443176832654,0.95081068909128741,0.95069262331684756,0.93323013953401635,0.93293073473891597,0.92702136666722779,0.92518475288662405,0.9221968260993465,0.91831316657380513,0.91729481129185875,0.9200185155428604,0.914770556656191,0.89660288941365562,0.89990550798359648,0.86566280680765206,0.90573322577861293,0.90708282652851924,0.92188760640307588,0.93888376389520656,0.95145952066794093,0.9305615811404232,0.90058348231854279,0.8988259205852428,0.8680751355634132
0.89288351715642444,0.91093450530364628,0.89661095407584668,0.90753511420146515,0.92425242814758779,0.92152083937379314,0.93079456633267033,0.91995255474381032,0.92105261544529993,0.92085233929504384,0.92376032057364987,0.91671419628093886,0.92205623907465817,0.9333658084075277,0.927542632452653,0.94225564742502377,0.94805841342545882,0.94806624037409937,0.93056246827741707,0.93062014914333835,0.92547306241532157,0.92339760664261783,0.92043877863969958,0.91655416209277274,0.91546697420593093,0.91817557762701763,0.91283617523929172,0.89472227935486726,0.89812459575637194,0.8630804983266005,0.90302929921397634,0.904580695218409,0.91979288802518056,0.93634162934162124,0.94886973648029949,0.92789314327001737,0.89764416383660184,0.89570169943365574,0.86514893748592725
0.88869601710148682,0.90720536428259224,0.89835472180715759,0.90717935420719875,0.92753088294365005,0.92174891449149732,0.93248544495321706,0.91807463899158304,0.91764854000836715,0.9199606966727627,0.92395098517325069,0.92075760768268977,0.92004403097738729,0.92990918307127113,0.92506647744473447,0.93772394767411626,0.94298582036129996,0.94318960533306662,0.92913849002034576,0.92829402595016908,0.9238426075597348,0.9227227137372761,0.91975223544578533,0.91551334054904498,0.91483993416729081,0.91526350891280039,0.90961525376190078,0.89078863199176539,0.89363980711545732,0.85996169788747612,0.89966356571367712,0.90191078233906619,0.91852942292816342,0.93295505139793766,0.94381141157216863,0.92506706787471271,0.89824891620272918,0.89686857881021054,0.86755204435333744
0.88535558694937877,0.90335633512333324,0.89491398989716897,0.90492726739005436,0.9246238684726471,0.91867525215745305,0.93004608295810365,0.91532895022270355,0.91402445019551837,0.91616836384268141,0.92062811308988146,0.91765327536462293,0.91695928979699792,0.92863481877547449,0.92368772246060937,0.93812418892115002,0.94435552461766059,0.94396195296851038,0.9255537813545246,0.92514185366002133,0.92118296505281871,0.92007695802121803,0.91700496380361141,0.91221500642627051,0.91135919445822211,0.91117613558781796,0.90560282048173701,0.88716049466200009,0.89060576002250957,0.8556095408905785,0.89744380624439068,0.89931657988904312,0.91520195773576118,0.92956530212582866,0.94047121335514028,0.92234223425927819,0.89523158863698682,0.89441691267429857,0.86409753121263133
0.8785764814056537,0.89621681784691631,0.89026487519745956,0.90135607026584719,0.91787568241072259,0.91195215103176586,0.92419002186735899,0.90970183173238672,0.90784821102489666,0.90997030224440911,0.91471175733810484,0.9106769657420335,0.91363520984541213,0.92569826001503397,0.92011488076383008,0.93486951041278799,0.94059244420380106,0.93988455977907248,0.91993785121497262,0.92056384485421372,0.91488140135464158,0.91351417120312728,0.91022714613332822,0.90517010340201554,0.90413388706772457,0.90369703520862132,0.89889288995286787,0.88116876870344851,0.88538350195356008,0.85759064291672615,0.89601975027092151,0.8971409457460261,0.91161340760685916,0.92445303487970887,0.93541698542497287,0.91755425971508697,0.89106171371319842,0.89070591601333404,0.85987257060555244
0.87235465388425026,0.88972073247277461,0.88496597733841831,0.898434786117152,0.91085284052804183,0.90461549473571901,0.91848394122250365,0.90322783320630573,0.90111108242503313,0.90653406513393964,0.9102200528321015,0.90400940253607365,0.91055871982450609,0.92314276065069323,0.91720110431574953,0.93277261656972599,0.93827831326166167,0.93729202367343101,0.91638542946991131,0.91766975578841159,0.90976553053361509,0.90922175078376766,0.904396499659195,0.89823979370548412,0.8969319188478837,0.89600223159678694,0.89217699648038984,0.8751711937790928,0.87956966579340234,0.855603689787791,0.89400403164612086,0.89523380084259907,0.90928735247280923,0.92148736524919761,0.93259187384473907,0.91443552393873928,0.88727671205965863,0.88718104939416298,0.85573968835817693
0.86833629351251529,0.88561091601443365,0.87937247844894728,0.89370792219098849,0.9066903852776993,0.89997160882764971,0.91453486971489384,0.8985920170273054,0.89598780088036933,0.90302413365680356,0.90496764727184753,0.89994531898968444,0.90762306031115436,0.92027909254107465,0.91344101665896205,0.93002571997564754,0.93556409495553761,0.93440824530463074,0.91165640116741986,0.91442391858462047,0.90668023375448903,0.90609535476753111,0.90078542347983503,0.89430487280159476,0.89283331146163447,0.8916214477667973,0.88759599692740077,0.87116994466856612,0.87582353034386207,0.85376343189513648,0.89185936102964591,0.89313741984641892,0.90673298181536599,0.91831344436724305,0.93011162504678691,0.91074055658001163,0.88221385815706999,0.88185353488661389,0.85052414928621045
0.86451270447710038,0.88666069772371825,0.87507809096237554,0.88966677065855881,0.90287212807079342,0.89638528352400626,0.91002216701464589,0.89424966889834412,0.893782620820606,0.89955606041403968,0.90055772062121653,0.89624459534030465,0.90472400859571633,0.91706140672501213,0.90962865452688435,0.92674644620291025,0.93206648550358695,0.93096724322388835,0.90786963904557072,0.91072370668672065,0.90477014016867963,0.90355987851962516,0.89774341661556811,0.89063513776895831,0.88926663526560557,0.89025227112187955,0.88629305985751572,0.86645934050991269,0.87127020721968385,0.85189228423160035,0.88927904033259242,0.89002220742070226,0.90315927311339006,0.9148505062248532,0.92701037227279781,0.90723098652489453,0.8781527872369278,0.87760199626061941,0.84625995958536904
0.86450746855965732,0.88481382930992913,0.87628829145876241,0.88887067989324953,0.90365012640132869,0.89657813962525501,0.91355009499974305,0.89511155094126549,0.89381953879556264,0.90828392467175412,0.90247615388917879,0.89505208312976781,0.90128089721087112,0.91225319644137126,0.905670355791107,0.92193215036971365,0.92716143685376651,0.92627684053764181,0.91479974475590653,0.9161978263948809,0.90267332834284508,0.9017367248564615,0.8964566864332314,0.88906367543313636,0.88759585789429252,0.88751251203130688,0.88568202327637358,0.86835918994217876,0.87380533380940217,0.84898958285144577,0.88570079892826681,0.88837668798097325,0.90774517718487269,0.91502032563101499,0.92318559358177965,0.9046855447322244,0.87774104546145748,0.87910197692333891,0.8455611244696829
0.85981568576215661,0.88000915216393716,0.87191754236766839,0.88372656747923395,0.89925936257824224,0.89200959078268227,0.90953927219593744,0.89088593370718261,0.8889584980062446,0.90343805751471873,0.89795424839520444,0.89063383017041542,0.89564123006432883,0.9062736178695896,0.90015229856076096,0.91644291297160596,0.92165938625371124,0.92085199443639454,0.90968266960382094,0.91114588272160002,0.89791833387717424,0.89762995763150821,0.89194807188079439,0.88412983577540727,0.88270593888183535,0.88269771680029674,0.88081956578700382,0.86349585266018025,0.86898243758116278,0.84448377419524823,0.88068622612895919,0.88357189792893254,0.90294812253172274,0.90965314832754318,0.91765128347760705,0.89969483230458991,0.87298139215925674,0.87489999861142287,0.84093889250023657
0.85390681348412834,0.87464166917628239,0.87074678480909862,0.88576843492574908,0.89521843906703968,0.88792472885087825,0.90680671098616017,0.88734042115107326,0.88462854663534285,0.89916358940328567,0.8973952195451721,0.8864272224674079,0.89901526869791215,0.90967649625133318,0.90323199605720372,0.91890249781020084,0.92366107933799713,0.92305252620342826,0.90733218392123083,0.90863663312262077,0.89497651501081876,0.89537271999298851,0.88910318571936631,0.88030447497421327,0.87867954407815718,0.87792746490308438,0.87611346072430418,0.85903996643515379,0.86552569142215752,0.84385944911082134,0.88159377876589495,0.88381341910835343,0.90067861104751479,0.90887984268340893,0.91808473677618807,0.90120300616880278,0.87350442555603003,0.87587511773270299,0.84011736589512054
0.88187297637006334,0.88803166824556024,0.89123355778503877,0.90906696683694299,0.90329219628626722,0.89887324107564892,0.91888234799835788,0.90122550924411848,0.89861316948042835,0.89766329780693588,0.91119743011997023,0.89077249034867423,0.9103080978294944,0.91683449818106921,0.91529473097414749,0.92267006625098225,0.92556212662557757,0.9257334569264094,0.90991124339763785,0.90930391717265147,0.89461998166864332,0.89617549936681928,0.89090518331988999,0.8833775273194564,0.88312790887016801,0.8869174883061498,0.88960563938306392,0.8840355706269396,0.89088945498339889,0.84863491570901428,0.88625438908184773,0.88547476985602946,0.90131145462602569,0.91171731125546618,0.92064741164282027,0.91152081160693366,0.89691494651781511,0.90275975737122427,0.88022188561696857
0.88094784556808148,0.88622204660359205,0.88951106848998041,0.90702038446063349,0.90153420603337242,0.89708321412812242,0.91724419782716959,0.89942133292109638,0.89665588881095992,0.89507645365609256,0.90959857237094122,0.88886756460367111,0.90820913649945723,0.9148810606901715,0.91349033520746836,0.9208121546715291,0.92364894270258679,0.92390586931718599,0.90799809587471847,0.90720795945318422,0.89302027950464447,0.89467813870624413,0.88894078694587397,0.88129611862171531,0.8810457064365329,0.88491250087031359,0.8875884758793362,0.88223926870764291,0.88913665926802199,0.84670233774751447,0.88437212253389219,0.88349337620186208,0.89909183621462008,0.90985891152861753,0.91886053006431245,0.9099335915585034,0.89523545075590838,0.90093274545220869,0.87798880908261656
0.87881066810143538,0.88181524723376437,0.88587010006651468,0.90374951951158311,0.8982822853663085,0.89458849262400697,0.92029352192037983,0.89918075607403236,0.8912909163453302,0.88820394317690454,0.90696370559006345,0.88402339228513593,0.90248061922163381,0.90884401747695132,0.90780761303993784,0.91487103154510552,0.91772360049181889,0.91803952511448317,0.90211075391638673,0.900209788727375,0.88864755916968863,0.89047213056690766,0.8844341623665456,0.87608228081945405,0.87563373194834271,0.87929771147417812,0.88279297245055777,0.87769943641144632,0.88416417024087623,0.84060475747442309,0.8783741100054393,0.87722281892988951,0.89216154650335355,0.90352923465814294,0.91300513325749355,0.90455006520792736,0.89135869338922846,0.89691611278477301,0.88205509757338063
0.87638838239912675,0.88194808028530514,0.88580666709223699,0.90218085638626777,0.90275391537924565,0.89875131174056344,0.92657435522876452,0.90075926521805016,0.89518485156560257,0.88752687972446886,0.91060078365897568,0.88325551580497896,0.89764520912608203,0.90408788416353381,0.90485617089373949,0.90892435245177949,0.91141386963659132,0.9127172275406169,0.91002732602729841,0.90141679898391647,0.88706142598362359,0.89089954798273374,0.88306521790283798,0.87310778321391302,0.87304500441160904,0.87897321867544187,0.88462264666294776,0.87439696130754274,0.88041214717461413,0.83377540212200163,0.87224228887114597,0.87241590214734588,0.88829926193421849,0.90237960269264383,0.90775009441975452,0.90288689763115881,0.89107479301868342,0.89772721257887911,0.88161930877897365
0.87168800956476389,0.87769417459101018,0.88090293896050842,0.89684795510563387,0.90191434473890786,0.89633991219117037,0.92373392126462384,0.89769261725931504,0.8897755204065142,0.8818152124362213,0.90656677423971777,0.88532349612949912,0.89167143478258737,0.89844475109027455,0.89914290243375639,0.9030577167433177,0.90537459569737566,0.90653275672418876,0.90473238337098782,0.89540765330030181,0.88837662553707086,0.89013276072141956,0.88316298642465307,0.87331966679610185,0.87315765367348697,0.87638630882817126,0.88012930020149494,0.87126860334333067,0.87908625365763482,0.82710294585255095,0.86614071856807329,0.86638314977518427,0.88197993407258524,0.89643945519287049,0.90149685381181877,0.89729977278394402,0.88598301115502764,0.89408206469101603,0.87784256077085565
0.87356774995463904,0.88342611005325211,0.93425408077754601,0.91771636321374894,0.91230903264724927,0.91047877989681336,0.93810242812729305,0.91905370756354254,0.90054390528973982,0.88448006023057824,0.9261138152995686,0.89486338328125425,0.89789193261599887,0.90782063172535998,0.91887901885661405,0.91835662308635679,0.92318574610150228,0.92440365082130471,0.90815580873091162,0.90022341388922889,0.89756471692361617,0.89224657907951233,0.89151769913765078,0.88544453435414261,0.88645705991430901,0.89099652592898559,0.89125209706973274,0.87491558812763981,0.87683928689861101,0.85003350722297333,0.88419698645787637,0.8837681452740177,0.8891969540538498,0.9025959853875164,0.90693656591977423,0.91916482567666069,0.92545954263659502,0.92730630513911616,0.89737544451584539
0.88645427510193064,0.89673736274520299,0.93873221075295132,0.93239587055901441,0.927377034292444,0.92650127824115103,0.94342682948862955,0.93120211199006142,0.920438008357372,0.89370237168131439,0.93092177975970036,0.91206363985963912,0.90239265886257203,0.91024399410027834,0.9235053527777829,0.92135091018659343,0.92576783053007816,0.92643591315820839,0.911940083280254,0.90448718469533396,0.90891647790833452,0.89949806889894346,0.90761393027305115,0.91397688147546441,0.9184898572298007,0.93015942920545136,0.90916137890557713,0.88735846639248683,0.88729849307791142,0.85596263537294426,0.89092612896582246,0.89244008224611582,0.89536763266364927,0.90559332863680431,0.90794031365517414,0.92185479674614745,0.93543874059964827,0.95326341551171023,0.91381886189531414
0.89572104536749508,0.91346525624788089,0.94129945938053761,0.92946992744600931,0.94078288718154424,0.93844449576152489,0.95174030169766088,0.93776654396679027,0.92629729986349141,0.90174830612020329,0.94195689136211902,0.92644480140457619,0.89883426772988118,0.90618424399428477,0.9211732939294528,0.91734549321027181,0.92115142483922474,0.92306722799970953,0.9221239375861624,0.90789370916975187,0.92003956099185791,0.91173133845820453,0.92222275106939766,0.93093216360858955,0.93605850119064893,0.94709875334230109,0.91971975071300194,0.89197754549113006,0.88874377681212902,0.85379358692437268,0.88807605590315519,0.88967088654621951,0.89478286248013195,0.90980337365024311,0.90912759152410372,0.92471970784927549,0.93615784320279471,0.95093612288328311,0.91215040366659783
0.89360810984539074,0.9111469261549684,0.93615841456359172,0.92282231182990904,0.93681144169021557,0.93439596223901522,0.94625320545824843,0.93319682148188932,0.92234905336404249,0.8955493418213204,0.93566373389136626,0.92272463979450803,0.89269979727153093,0.89983568955505666,0.91431438088522998,0.91077890895034408,0.91439466813730752,0.91611675423053862,0.91533426210737556,0.90099788859567898,0.91619964580434754,0.90718845915977897,0.91826554359823243,0.92737990699499762,0.93251013518970716,0.94410587711271898,0.91655318079957826,0.88925697187331909,0.88574713994273147,0.84850560230060756,0.88230814901237309,0.88367891947155075,0.88841679690346265,0.90278727467061592,0.90223099434755427,0.91814485569627835,0.9302989777638927,0.94491911865630929,0.90608486107049924
0.88716302994886365,0.90441213429967204,0.92936448939706739,0.9158481292763514,0.93024096224164876,0.92765251405165661,0.9395957882911522,0.92634335219291686,0.91541589030751513,0.888075457476172,0.92866561676503034,0.91613307337387639,0.88591075605951919,0.89278773243763598,0.90706120071705121,0.90368369305977247,0.90732088176860992,0.90902595196017166,0.90822783757178072,0.89406430665871828,0.90932515145479098,0.90031376900946114,0.91156565392877553,0.92070991472124097,0.92586059848721936,0.93724279165684954,0.90964874003979868,0.88239749996573891,0.87883570180403925,0.84178021335083386,0.87535281457323066,0.87683601343172357,0.88141525351645211,0.89593398265594304,0.89548558355655961,0.91105591622907611,0.923161656736326,0.93775425258242251,0.89969841016580798
0.8804473463480087,0.89722451214210375,0.92336932929276738,0.91031483829857773,0.92431994507508752,0.92115321450881738,0.93379764126059894,0.91964444808059964,0.9080951998368092,0.88180626230476822,0.9223864676990412,0.91031345199335001,0.87984206005525989,0.8862329723407889,0.90062456959801018,0.89699632712823762,0.9004037718461565,0.90233587243586044,0.90247740835562007,0.8883114542226257,0.90264603063319127,0.89372104364936467,0.90520535192284868,0.91436850039022999,0.91950287236004469,0.93014338002751618,0.90224369842438079,0.87533860778785211,0.87182342982193239,0.83457641620695999,0.86825503773684798,0.86957674951852826,0.87548015610242358,0.8897130963347073,0.88894683713162226,0.90449665422895531,0.91701204813756987,0.93198613841718347,0.89419341796432661
0.87445284944667545,0.89088392901999169,0.91704717303116956,0.90626845495903008,0.91965740010080899,0.91544887752279824,0.92967073284540913,0.91327683521009817,0.90087027369384043,0.88178550476122719,0.91775943519335856,0.90584607808883921,0.88953694108355241,0.89165916785277821,0.89930026156542209,0.89927177594808516,0.90147607962028431,0.90258431489937208,0.90199487373959519,0.88814281988373323,0.90044948964034788,0.89523824552036479,0.90287556209536257,0.90981272685070524,0.9144254179834278,0.92332313407666089,0.89542422384057141,0.86899884377379166,0.86590903053443402,0.84579565831042447,0.87501064445531418,0.87176869097211618,0.87506246205510752,0.88962422908199967,0.8893240156735418,0.90096266211445963,0.9113782079751549,0.92673580446468051,0.88997378848317255
0.86787983779862754,0.88411471453050572,0.91268386633240839,0.90554401152304143,0.91609556327613684,0.91066567425542755,0.92606892547361386,0.90798147702818954,0.8948238658285107,0.88425553541136048,0.91478009390918036,0.90319833467375388,0.89608082628508556,0.89704557995642986,0.89993804516872022,0.90467863726413089,0.90713609014559626,0.90684941043255518,0.90276054456177712,0.89018951315257266,0.90043273134642299,0.89893496133908934,0.90257346255570803,0.90660686769789955,0.91074970619362172,0.916967794734172,0.88890488279748314,0.86217220729843025,0.85926388528510389,0.8559805041188242,0.8825525916271717,0.87767606798219511,0.87854555547326474,0.8918173612215553,0.89251850246524778,0.90015309309201752,0.90826233481726137,0.92588570823712812,0.88740311686083329
0.8601549302380791,0.87746906017250559,0.90868517652788705,0.90271236707105496,0.91297803213792961,0.90653367603578139,0.9227892339631949,0.90278169728412883,0.8883071966788324,0.88207190633205435,0.91149900828928188,0.90075550953725092,0.89425712203138996,0.89496461666201332,0.89734913809426919,0.90277491953656153,0.9051970245823886,0.90468535352822077,0.90048376508871741,0.88818221431059274,0.90085410819717804,0.89780934351091135,0.90135110840070876,0.90520319855388365,0.90880314965197562,0.91309102324434033,0.88224248821596329,0.85498103979636808,0.85330214341732435,0.85415618566324336,0.88078644074946288,0.87591320083208224,0.87674661458638536,0.88957458582852744,0.89023957759739047,0.89733547735538843,0.90482718855543032,0.92227875952960003,0.88391556746943456
0.85762782851061037,0.8758869799260115,0.90437102944934877,0.89704355729160712,0.90871987314186731,0.90301279967932258,0.91830208334688157,0.89946702015382085,0.88537110920821438,0.87703155222160922,0.90554758887421161,0.89600402788429623,0.88944027782640467,0.88878692818175353,0.89054678220940686,0.89612331972476855,0.89833190126822171,0.89755741299093128,0.89469886648930075,0.88231648762885229,0.89589899367965875,0.89298172458754199,0.89641892391565703,0.90043655285848379,0.90405321014240847,0.91010947028550571,0.88005800924698374,0.85310701541040235,0.85180295875445078,0.85039364787288574,0.87545894094554255,0.86996389451576339,0.87087897050891261,0.88286902201208073,0.88315489096663824,0.89013367810715871,0.89957103465780364,0.91841725759887716,0.88025445959303883
0.85310032635972755,0.87287634844243356,0.90207601153419892,0.89582536124483458,0.90860971322968287,0.90182604745106287,0.9175658171657578,0.89748909452600889,0.882790167323943,0.88001354074603155,0.9048405367205471,0.89679915017042966,0.89526695974436876,0.89370500483423743,0.89162153766298002,0.9007863641042273,0.90260272284247844,0.90096257049295148,0.89748413773368207,0.88577121443555962,0.89807744816901025,0.89575637264903007,0.89760933581684432,0.90042504189211292,0.90377594515051718,0.9078770945310386,0.87742147459465369,0.8492370769733093,0.84720299601312432,0.87151994665496246,0.88701477806956031,0.87767802915754412,0.87440087979203629,0.88617073467510832,0.88653764477167618,0.89096912931465388,0.89754025618774547,0.91585722734732433,0.87783403128312887
0.85291451943933627,0.87740092016684024,0.92120106383010403,0.94260574424291133,0.91705229127869814,0.91085199035751518,0.92784631172482057,0.90823535761040242,0.8921202023913013,0.89209367382209759,0.91813013435376367,0.90491950625486028,0.92509648113193776,0.91948208796982167,0.92027054302085187,0.91926773139131213,0.91883488987112105,0.91675048335884968,0.9073298404407697,0.8999453023969578,0.90448834601330474,0.90169697815409866,0.90491335420324392,0.90910586371837687,0.91190474470692162,0.91520167752807979,0.8856094453290051,0.85449214796512885,0.85272830737138017,0.88905916191719681,0.90519439576541971,0.89321967920475753,0.8923907578637994,0.90041634409986571,0.90116913736231485,0.90972972725276957,0.92876425252418171,0.96355676057328132,0.91404461946551585
0.85239531513389244,0.8804152834878467,0.92201734564730764,0.94574546711631446,0.91641654692830077,0.91026388722621032,0.92660808056650568,0.90700797932020616,0.89117231270776742,0.89133141119208081,0.9183898309283004,0.90439698735833118,0.93365133862545957,0.92645146884582585,0.92491863738243674,0.92443473232272311,0.92355308991482865,0.9207920374322669,0.9067437921933752,0.90046403860510182,0.90492998376977107,0.90087780404540008,0.90450035369203563,0.90868085024760503,0.9115197230650417,0.91575158887659625,0.88627746346055314,0.8548620564809013,0.85353340046537096,0.89682953668987619,0.91133119279919139,0.89637134656826645,0.89288042848804106,0.9016633984209701,0.90299988367459616,0.91196136017515061,0.93117451686232766,0.96585100574956728,0.91703961760920383
0.84891203948662031,0.87773042179936966,0.92447423170762344,0.95140468389628596,0.92424164264945952,0.91319349405386674,0.93000304558508051,0.90643109775944064,0.88949787309129569,0.93137863886366068,0.92270653094825084,0.91831057514662162,0.94955966279525739,0.94317268468522564,0.93487171924096568,0.94131265723415924,0.93938632913643738,0.93564596925926913,0.9314416652861417,0.9394478260273571,0.9161935684600605,0.92056950077598676,0.91898863198188352,0.91786237607311871,0.91989394390151247,0.91530476918295245,0.88430942520882316,0.85160809544604898,0.85007165549052799,0.93283182280141974,0.93948374423590553,0.9328568441843742,0.93768664457869133,0.92842082818985927,0.92296128980855574,0.92302416324391545,0.93531836473379215,0.9686493022550029,0.92649340320664963
0.84476643275740293,0.87491734745455307,0.93944951944321409,0.96311721577807852,0.92635560565107222,0.91479550590467595,0.93416959958780788,0.90872171395026946,0.88782238000732738,0.9375683340733475,0.93065657957196102,0.9209991740181428,0.95741911985406891,0.9515205212478034,0.94713545541567512,0.948329800342397,0.94582156577790011,0.9431684548268201,0.94083344286469384,0.94748813054613434,0.91687875319945156,0.92161547195908056,0.91983544151181074,0.91821117957173393,0.92021170078556547,0.91422855920443735,0.88270153980347665,0.84826867148978602,0.84698569167246784,0.93786385444820142,0.94562986411499006,0.94000839097118793,0.94355190679693857,0.93667484813482005,0.93135917511952848,0.93551932894748591,0.95023399213218451,0.98012665334353954,0.9374947692581771
0.89414187649262589,0.91200552866469553,0.95861787447480884,0.9743010400002895,0.94372259411439852,0.93545925493977899,0.95048553999831986,0.93118509319905751,0.91139831610642397,0.96486146718673471,0.94906656173936765,0.94057457538998512,0.97156809828975066,0.96658428864033985,0.96165038955840765,0.96294733563304635,0.95993721230402529,0.95850120193856136,0.96175788384414962,0.96590313362172353,0.9466043880971452,0.94758084810359844,0.94337250575106402,0.9405956791434581,0.94083031721445021,0.93571647652427137,0.91202660605014862,0.89463919746357445,0.89955123564748218,0.95751605338763113,0.96285369140805144,0.95952396265694639,0.96309394042115082,0.95714451407616952,0.9530742140020787,0.95283954467804299,0.96556660052269172,0.9875635322680022,0.95288528777384285
0.89469126555971246,0.91275963027111828,0.95654974432257156,0.97224714443976423,0.94212986846382396,0.93374666345036528,0.94894941080179851,0.92939791525998272,0.90952345579830296,0.96296695720700975,0.94728801201775681,0.93902693490097788,0.96945819587932791,0.96461354471744176,0.9596716929475082,0.96105524542631116,0.95802251636863534,0.95659645168859198,0.96003875094715574,0.96405689391515026,0.94588050010077329,0.94641579481717153,0.94219668713452387,0.93942336527504722,0.9394416358271015,0.93475446762109649,0.91096973890467237,0.89491188774777886,0.90123806232272063,0.95568149032551164,0.96092796251909707,0.95785138305182327,0.96126194236889162,0.95537895023595532,0.95127885354060648,0.95095098589744498,0.9635234422320168,0.98548190717782247,0.95071744555963644
0.89569403152167815,0.91906054950872906,0.9561906301079377,0.96999616361965513,0.94252471557897288,0.93644138638021257,0.94899817107434137,0.93266630017337104,0.92077172327324963,0.9603723548089399,0.94645362949245537,0.93817927464098738,0.96839780746789739,0.96416203493314467,0.9587812718015194,0.96009020405234125,0.95687676868251703,0.95533011429832493,0.95745096615182557,0.96181355733511054,0.94466265314846898,0.94508173216794167,0.94136388840721719,0.93912698730258304,0.93942105402263532,0.93863469370058339,0.91894827144635716,0.89848703885125158,0.90492583062764775,0.95439766507800683,0.95985396915989574,0.95661569333092267,0.95968709032665311,0.95330504363169855,0.94939026516119063,0.9497233374122892,0.96243296331360173,0.98261753107930816,0.95153371654855889
0.9126705889490917,0.93002884902004668,0.96428037260596189,0.97343004134840616,0.95011760276447244,0.94449517753051171,0.95564273760611429,0.94220555865187283,0.93110103619023776,0.96308721938207653,0.95209517510440844,0.94670415624373383,0.96801346535636035,0.96443318545555756,0.96157309462358065,0.96072909495236847,0.95755996392444498,0.95638040777308853,0.95998207734585672,0.96307985859948075,0.94926537491200924,0.94889773547643763,0.94642262873419358,0.94482650894861742,0.9451482175870134,0.94478657595964299,0.92951056453863534,0.91484232224519069,0.92309591908286348,0.95461515951348008,0.96029861015858442,0.95777176088824689,0.96120171134165122,0.95523368691645982,0.95130293205553884,0.95333628158205763,0.96813205135658398,0.98444605786258677,0.95894159749340691
0.91898960263634988,0.93498176353761431,0.97881968796672469,0.9803870452022414,0.95670876473330813,0.95285694306132807,0.96558186397857781,0.95304712340394837,0.94009654574253365,0.96663766079843927,0.96388117900631287,0.95215401790692356,0.96955070503327667,0.96732177256258445,0.96940898753338078,0.96365054370153569,0.96016475452504713,0.96063597376485899,0.96545915805630311,0.96669522051322332,0.95309405886096732,0.953078800527696,0.95148300053581003,0.95076068658526347,0.95130016173604526,0.95165012246367386,0.93718995467349242,0.91911873574213965,0.92419984270201683,0.95841421515626102,0.96287735692635212,0.96054884242268801,0.96372152624656804,0.96144624397688894,0.95955231731172874,0.96433639417932326,0.97892460767974965,0.98944081048064103,0.96766324672237314
0.92203786811446165,0.94166474676159162,0.97900341320010298,0.9810247544184092,0.95696720558652559,0.954071147895873,0.96590089191917283,0.9543556100449595,0.94097761501870802,0.96525709858259312,0.96594805312094267,0.95194950740759832,0.96802845928809722,0.96564073407619977,0.9695959455517128,0.96244535402243814,0.95890222783864121,0.95985513941484013,0.9652035259119699,0.96540992039611007,0.95353715805797634,0.95271562650174368,0.95143584358371569,0.95105127691383429,0.95160226215273136,0.9541591452207715,0.94079415475501471,0.9254130069062162,0.93226813815013454,0.95651916492289357,0.96125150942678916,0.95907922756075525,0.96213830261004973,0.961094977999983,0.95944555288464772,0.96565479312181457,0.97924284272293938,0.98839240833338993,0.96970480078870191
0.92506692321465755,0.94460294602942496,0.97808809191094515,0.9795054069708613,0.9552678785029789,0.95328346944990427,0.96422293597828845,0.95481096722879066,0.94116070616666936,0.96277610692330273,0.96437985029833417,0.94991783433423416,0.96546879071858627,0.96325234336813026,0.96761662860040765,0.96029046806650531,0.95677079268927101,0.95768677162515392,0.96323182511645056,0.96321408559736799,0.95142410744788763,0.95053096253875557,0.94924840717933279,0.94889191887977598,0.94948131719898288,0.95373085497619692,0.94227719850473568,0.92930932879351569,0.93604886100773466,0.95364994228403344,0.95877036922551073,0.9564132389056359,0.95953020186988336,0.95891189192523973,0.95716607883095639,0.96371293965403904,0.97811499830408921,0.98706472279099722,0.96957013947517179
0.92303920303033937,0.9422937936528637,0.97543043423828191,0.97648419691557231,0.95158087810745351,0.95022416187443737,0.96052879430463234,0.95206536563486355,0.93864334009395889,0.95661906855986856,0.95991080398563156,0.94574575962078922,0.9601796391625923,0.95742774508841921,0.96286926958567309,0.95449017309024498,0.95104539373269359,0.95222597793430142,0.95723372387295824,0.95811622174910249,0.94625253704132672,0.94477036172943318,0.94424930411676355,0.94434326773464006,0.94504302120293915,0.95061279140466415,0.93978419601906327,0.92705302190470751,0.93392094648186852,0.94752094779208951,0.95285741066390461,0.95054520799767805,0.95446654578611101,0.95362256554034186,0.95198643576281161,0.95871060835294808,0.97517397676574702,0.98481803718006833,0.96741687850444169
0.9171151219571253,0.9368273588866467,0.96915702717955832,0.97082238562044043,0.94679909234826387,0.94588360886247946,0.95501273818806942,0.94764902531974804,0.93477062124782251,0.95003284775824837,0.95331202218297872,0.94079152773082475,0.95357237420449692,0.95054233017646994,0.95652820288941509,0.94781568360179602,0.94449793875984589,0.94595485536938151,0.95051015580518128,0.95127760472613287,0.94078325939628216,0.93921801052508458,0.93899647775928508,0.93920051318809472,0.93995847772392227,0.94580571434988769,0.93518824464017392,0.92143588712766544,0.92817222652928943,0.94077706344373124,0.94610373006090687,0.94376006966194614,0.94752998159281843,0.9471606568777905,0.94596118040406008,0.95232138014302237,0.96921771666591516,0.9795988264686728,0.96201095150926819
0.91170301807558585,0.93147841768604178,0.9649788081036812,0.96796960656091902,0.94296730941924378,0.94172417701613298,0.95138981315647542,0.94353340380971595,0.92994230314047233,0.94736350723846274,0.94905489619334993,0.93640244725113952,0.9515672532258046,0.9480009181152288,0.9532000472564377,0.9463936214655132,0.94384341195027133,0.94468428075754995,0.95031292030673675,0.95049267072719124,0.93473972174933828,0.93318756025635352,0.93341985697819729,0.93390602341497253,0.93474595724351939,0.94083818045447243,0.92984221601297212,0.91593195060322985,0.92326348676893855,0.93770918709421547,0.94390929885710761,0.9418638235295409,0.9452886078542434,0.94432796689131759,0.94184815897721141,0.94847927312602187,0.96530002014378735,0.97650908911968193,0.96067044731283513
0.91480476951852008,0.92905761574267487,0.96792998938826158,0.97038153384788417,0.93853328482890552,0.9374512640604824,0.94746804010321117,0.93981611052944258,0.92609834589379514,0.94477175324072693,0.95043478837444151,0.93198703548284589,0.96646246254256696,0.96295087102618293,0.9649797341148495,0.95405096646658327,0.94979087782857063,0.95107097373907823,0.94845196334736648,0.95025696251630809,0.92990090812290971,0.92815177890574441,0.92884633628505686,0.92941607267625093,0.93020724155951207,0.93646296882098823,0.92652379759351255,0.91730018682970527,0.92399723554446644,0.93635140825639684,0.9460970795973751,0.94195297778297016,0.94551060886707294,0.94570173038751448,0.94518144949847993,0.95781754376488337,0.96862048843440107,0.9746963810974113,0.95908072893068752
0.9110539700943131,0.92608377491688632,0.96636990537105749,0.9677811768081378,0.93814841339443611,0.93710676973308682,0.94587726465864463,0.94029798886150362,0.93129689171130281,0.94134869243297747,0.94748339704426643,0.93369665096131182,0.96241668795227631,0.95915101305258332,0.9619550437787372,0.95042070100557663,0.94627175494174542,0.94780535527378829,0.94472662921325512,0.94674102436892016,0.93222220998494953,0.92896478278195804,0.92946559653971306,0.92913407735357689,0.92944380648007852,0.93401004433659696,0.92760785182882499,0.91510499802085576,0.92070291720878861,0.93228404047266566,0.94231835482444704,0.93851507572097359,0.94241027939812672,0.94208883170316537,0.94176169923577313,0.95488781356762287,0.9667949124870171,0.97359801750045616,0.95686703485982194
0.90621699319774973,0.92206637527132795,0.9618214738561176,0.96325630134921869,0.93403423942921548,0.93296194005132949,0.94084867547433637,0.93577121902451821,0.92712734507785932,0.9362192660427443,0.94226196705183418,0.92954340395108637,0.95696747112912728,0.95424771085741189,0.95769994868991581,0.94659765163239851,0.94289438292151229,0.94406988570065664,0.93939519485144274,0.9420358942990108,0.92757307593565952,0.92434374305472344,0.92531076335857743,0.92513355552062637,0.92530554011545885,0.93004327457539382,0.9234487332233019,0.91044405173103304,0.9163232322122925,0.92747852316805202,0.9382462739891243,0.93559811554853634,0.93859634865215968,0.93721169905575374,0.93657274774435684,0.95044875939831275,0.96244500429812085,0.96911143782831333,0.95322146947990438
0.90011233980597061,0.91810272982219188,0.95713973326695412,0.96382686129058692,0.9326172728530514,0.93086654594761309,0.94131576548362217,0.93492821357074907,0.92027171723326151,0.94327723473500968,0.93999252297967262,0.93053694595303427,0.95656220858224439,0.95439052210958031,0.95605251948157333,0.94685746576222507,0.94400196611283571,0.94334802553610453,0.93775389763460482,0.93995148690154684,0.92466491375967919,0.92017330072178538,0.92223072040852494,0.92272751284750709,0.92300673386481014,0.92705124296471975,0.9188689779320276,0.90505609019084465,0.91073496525967734,0.92628195692747328,0.93822021202023975,0.93626337881299804,0.937489538375604,0.93381091274519379,0.93117924736698665,0.94568508139622287,0.95998053192354749,0.97304316004332703,0.95476864824862329
0.90904245992216226,0.93692048387894789,0.95895021564932226,0.96932191632305864,0.9689124544125175,0.95137943545955495,0.96063182753815179,0.9458244702406271,0.92424581057386546,0.94598705097769398,0.94730062120438152,0.97601833198894994,0.96184744384124332,0.95859200268964806,0.95993070643930622,0.95234037281582495,0.94972028233785932,0.94753952589885371,0.94448987133542484,0.94432599160288577,0.94282723497761245,0.95415299753598226,0.9511896946107683,0.94912638445770481,0.94878310333572102,0.94054474947785915,0.93126281069683703,0.92396424086971685,0.93273458128884879,0.93384632396693579,0.94545533614372101,0.94401724687607103,0.9440713624807392,0.93759032876256643,0.93244039870909756,0.94860400139703216,0.96400667328000622,0.98016539949948711,0.95823535656810477
0.91627787547218398,0.93656428275304848,0.95622572139982298,0.9663795863918202,0.96632026024844953,0.94888509278470057,0.95797274771495045,0.94320234323302599,0.92232016624179169,0.94339781573654091,0.94463430643347635,0.97334523343399959,0.95913199686124195,0.9560618142723244,0.9572306467133096,0.94997611236759705,0.94725225026513571,0.94486898392932905,0.9418633370637326,0.94184180310638654,0.94069515737398302,0.95166240034602223,0.94882951107921187,0.94710941236858937,0.94660947628134517,0.93884338042494431,0.92970065367964561,0.9259282247558821,0.93323533493821387,0.93188994988242035,0.94332864398272409,0.94202992484711456,0.94192328470157627,0.93500615584637459,0.92964787758109868,0.94591842952637883,0.96116192476136431,0.97686640620172338,0.95473309054584121
0.91279840519281952,0.93283680078810316,0.95041932583167188,0.96052529567498013,0.96264395243482814,0.94509308868860842,0.95418789325174791,0.93909003700052418,0.91781859914893515,0.94012461764095845,0.93937680758796638,0.96953212209339545,0.95536202628471911,0.95238552617972028,0.9517644942137452,0.94640608515592906,0.94351597204263649,0.94030446957078273,0.93796220660140039,0.9380134184008827,0.93687098599131846,0.94795717153585579,0.9448167037129841,0.94302693849189856,0.94250861086358229,0.93515746262078625,0.92534282123945133,0.92154818271922823,0.92942075261759705,0.92922088182621676,0.94046457276105599,0.93852590741513064,0.93794585031407651,0.93038064733448378,0.92493887730922475,0.94021117239959207,0.95482579103288856,0.97073903287194885,0.94948365923011446
0.90701542909483768,0.92689783426019379,0.94518327915876599,0.95436954825365305,0.95825314393897143,0.94055200585716836,0.95000833841532883,0.93443669314330424,0.91295741317585011,0.93696877238979892,0.93410184322080647,0.96519851853909011,0.94861962549093881,0.94559940471309278,0.94493564154823528,0.9406020172519256,0.93802015384605364,0.93467443666107308,0.9337391515258322,0.93369700869966266,0.93275774001260903,0.94431816725571571,0.94044232808308659,0.93818512064761095,0.93765831807589284,0.93005483943863121,0.91982428532571714,0.91505258804596035,0.92330687026231639,0.9237683244111371,0.93448145403839677,0.93265104607234617,0.93352468667300548,0.92522829015568397,0.91941013107030645,0.93383523838224547,0.94856600815323255,0.96469662901356656,0.94455322247301432
0.91170724427491912,0.92849770477135229,0.9419633557109075,0.95392772890308375,0.95630921586733708,0.94069704184906089,0.94891252247275049,0.93528877986224934,0.91806922815997094,0.93283152591180696,0.93166353949225222,0.96174264774814366,0.94849154163268989,0.94609998989301547,0.94427370602617677,0.93795332358975481,0.93409605839760346,0.93081393997509199,0.92990801221886443,0.92811516685880668,0.92703073820149906,0.93986048648134024,0.93658935721006997,0.93506048186811974,0.93521632438168145,0.93098896744472714,0.92212063862771865,0.91438854945628578,0.92075105353653763,0.91818305276779655,0.93025509741274981,0.92671573867637724,0.92703326368206096,0.92036947300011818,0.91434951216937765,0.93032236925762812,0.94634618782667301,0.96406516505420536,0.94405176397532919
0.92796003108707903,0.93619770475525832,0.94044610278516305,0.95504279494627287,0.95801346568453294,0.94288570061464427,0.95173524191448056,0.93793000459071718,0.91853507547125501,0.94696229388375208,0.93668974849751607,0.96292271278625419,0.95545811842676265,0.95431256799147135,0.94986596057771677,0.95031116927344605,0.95015955551349796,0.94624563666474448,0.94016127212374001,0.94433244636642488,0.93243848182616462,0.94347068141564006,0.9402930189280696,0.93862050593297852,0.93855547703533126,0.93369173479841794,0.92484184579501116,0.91916944290857661,0.92546664245824917,0.92335850964798349,0.93880504380537244,0.93784591567866138,0.94547597675444284,0.93291615350741997,0.923940670245325,0.93690576598165298,0.94613303459388221,0.96368389669401144,0.94315838302888733
0.97140446163571115,0.96542711834159822,0.9529530390425428,0.96366965876004873,0.96798052341421503,0.95480169800361681,0.96131523471654445,0.94934390794095902,0.93171322729984862,0.95903623813320427,0.95397774703217975,0.97328524007800354,0.95854769827316932,0.96015970668675577,0.96340740961168847,0.96146871472678042,0.96264138960926249,0.96301135390103165,0.9545410028157717,0.95839205925784798,0.9744640363288869,0.97056947479927835,0.96334254320841139,0.95767616745047501,0.95686853400339833,0.94912787307660318,0.94351178232172939,0.95683074839570847,0.96993391941163887,0.92490514683219249,0.94380695777373425,0.94516736781321387,0.95714736190447625,0.95627312903209805,0.95727461144983461,0.96203359542131217,0.96054628138042086,0.97153886195736239,0.95111177319595175
0.97575873023738402,0.97033933182204635,0.95898270843487232,0.96705303083105831,0.97478130831293464,0.96649957029510625,0.97319315403348816,0.96493396973505896,0.95670719862783404,0.96364131037323864,0.96298496249458709,0.97783260520840054,0.9685931085319357,0.96960254113758326,0.96929785213116315,0.97176552074546352,0.9740617095616827,0.97355453165093198,0.96174552841135985,0.96407399276132255,0.97527875581445167,0.97273087027306404,0.96659098898939522,0.961341509603725,0.96142134445665395,0.95695768484732402,0.95779699397768059,0.96380186295099113,0.97418894644275067,0.9370249140367658,0.95458599652047238,0.95417908119392414,0.9618566986226712,0.96358208394053846,0.96518586402180995,0.96714810197994738,0.96241320101488403,0.97046685622702145,0.95096729018187831
0.97418752522471752,0.96880097398455278,0.95935180827770106,0.96835664775719843,0.97348477632357311,0.96528971385489215,0.97166199534511655,0.96339377453008668,0.95514944229988319,0.96276696965786546,0.96307711654158734,0.97631922773288693,0.96851340990238266,0.96979548782220382,0.97108731854804242,0.97195125958110384,0.97409088596071369,0.97421186093690371,0.96123250194167564,0.96422206188020976,0.97334037824004815,0.97137137647990002,0.96540373913093247,0.9603080662768354,0.96060019987021461,0.9563687943474608,0.95634978322550035,0.96229432872534382,0.97258093540737611,0.93553932634589865,0.95382873226726572,0.95367503751241967,0.96174856795038577,0.96464476704430802,0.96737677636057806,0.9698448200916221,0.96415430596159568,0.97112835639294592,0.95179556993485781
0.96973348573348928,0.96516906086405196,0.95694237652356517,0.96553415213590854,0.97041119690073485,0.96213814162637701,0.96864237643013307,0.96034311456286259,0.9521469136321512,0.96059237154825294,0.96053694574842219,0.97335757527803468,0.9659516796436608,0.9674031940715454,0.96904253529754358,0.96975441815349006,0.97181093790494344,0.97191187428298076,0.95892544965925075,0.96211006404867738,0.97051017131062323,0.96857384273810498,0.96263436358776389,0.95751162691153224,0.95770791234330022,0.95304120642944468,0.95314093086402496,0.9587140405634661,0.9692225498392284,0.93300162362701144,0.95164763360701454,0.9515774373694913,0.95977818354134525,0.96235109964982113,0.96499933894665779,0.96821044224570563,0.96223451363374279,0.96918418789912264,0.9481779796552362
0.96341916891451607,0.95954927039465709,0.95131584677032077,0.96122566632514039,0.96496280635646481,0.95671259552511057,0.96364135589448452,0.95485591099081624,0.94601163132479693,0.95685690970991788,0.95450115788792711,0.96771604198205197,0.96284589015158883,0.96452873644708226,0.96485288775903433,0.96656174015633145,0.96835584555985044,0.96750080574714192,0.95361438717117875,0.95787835816870104,0.96495574378199156,0.96315062431609699,0.95724867771924738,0.95203100300246157,0.9522405362914631,0.94785641033212142,0.94722599478905101,0.95206303915878177,0.96257018760665047,0.92899477447810219,0.94853781693608641,0.94758249906992054,0.95609048443304734,0.95699773345319994,0.95966788695051009,0.96254985805386573,0.95705291916174307,0.96440213458593893,0.94280626512828314
0.95591627873000129,0.95206237902299029,0.94411166275838554,0.9543510124377641,0.95792978314465449,0.94946156546817051,0.95716587615273652,0.9478607406695716,0.93859907237100892,0.95003476193038361,0.9473568667861233,0.96073898016832127,0.9557404677096516,0.95712676903359961,0.95778340688305297,0.95949768228179566,0.96144026105188196,0.96031718610235706,0.94604402306173874,0.95034785109023989,0.95817707161685928,0.95636075322809844,0.95062183285331558,0.94520721060489765,0.94527322214068799,0.94023935831006455,0.93974966021986406,0.94468513303579904,0.95582272716067496,0.92125111296689066,0.94117434885184459,0.94095925836371652,0.94928368959712306,0.94925225682416203,0.95212569409697334,0.95521685866737416,0.94977090752544813,0.95715065774212205,0.93569333567243429
0.94837023856170921,0.94472913551647264,0.93754448919536415,0.94737194680167003,0.95245904380176549,0.94335460216486589,0.95158109776133326,0.94162259039712093,0.93184696954074009,0.94282608417205283,0.94084819385745155,0.95594555742968279,0.94811461804603314,0.94970934709327259,0.95066494501852661,0.95210783943390986,0.95404004878021165,0.95276070745397012,0.93921879367485261,0.94310646502852324,0.95315465149851264,0.95219701042158666,0.94610480150883325,0.93981064172520357,0.93975034701605675,0.93331995307849647,0.93274466303220249,0.93732844194294485,0.94865734840167948,0.91313616024919153,0.93355090029831789,0.9341089209670711,0.94250095543150947,0.9418641813867269,0.94438623917273079,0.94798051821635121,0.94288221149075491,0.95025776943236884,0.92872544541805879
0.94111256979175439,0.9375213895635186,0.93047893575480634,0.9421220525927021,0.94595417345034072,0.93658497679777264,0.94532117055124942,0.93483901393479008,0.92467131720067985,0.93739650300518029,0.93389124106228971,0.94957565646811992,0.94608315159183665,0.94733052963238318,0.94610652313601373,0.95140923176077652,0.95436102107182663,0.95176152005746761,0.93286072984129498,0.93900723955189069,0.95065838981999728,0.94825604519351292,0.94215054817761257,0.93497348358028054,0.93413276245977039,0.92577243544091059,0.92547367308339246,0.9297617773377852,0.94112934958766115,0.9107458627837397,0.93299757358836111,0.93470500012834157,0.94155209488083424,0.93753273659727288,0.94052594452651828,0.94226405582743056,0.93643679225474297,0.94528994103838959,0.92320946178596208
0.93379092375866757,0.92964428951598554,0.94490051256884167,0.94032457480901765,0.94752883443198532,0.93398528813854664,0.94477373631490258,0.92923253558491647,0.91674913717626838,0.93231659851956172,0.93254058551097674,0.95342243574875307,0.94555332861568708,0.94716527100938142,0.94510695399622324,0.94917934652959279,0.95133425247117576,0.94839948607182933,0.9283470867482243,0.93408657104395898,0.95251518573400729,0.95025381528195274,0.94510718263130744,0.93732401104691287,0.93594671223676784,0.92036731957609286,0.91761515709795005,0.92188573975521404,0.93384182367535984,0.9099031977461095,0.93163072329052699,0.93130770368122451,0.93725694907628543,0.93267530181475466,0.93573755950406667,0.9396988992585924,0.93963758455875834,0.94247777460876758,0.92043338949488229
0.92961388722479066,0.9253171972562465,0.94616420877749174,0.93997678149359154,0.94969240157370294,0.93408697273813257,0.94709872660483529,0.92609831548093458,0.91113102833430204,0.94414361622509801,0.93593417744266649,0.95498555950118846,0.94610143523761225,0.94786846574760031,0.94727359950016166,0.94847648097662474,0.94972230948392233,0.9483508618595119,0.93798784184982276,0.94032834599813286,0.96016235108863179,0.95684839656234177,0.95071772537428068,0.94097376078546857,0.93902134756137901,0.91835547321132838,0.91258943513733193,0.91573502555277564,0.92755191813563242,0.9067302760425644,0.92961669663018265,0.92908283761920596,0.93870346607586541,0.93862421344853419,0.9416908348475751,0.94515337070558336,0.94148437037198218,0.94066602054860904,0.92145251226200764
0.93256962110294706,0.95165490992122637,0.94365078088022092,0.93675218124756332,0.9544173889286337,0.94200638675980408,0.94899994423149436,0.92925506135466285,0.91486355201546921,0.94649606748345716,0.93706003293940043,0.95678920820165236,0.94236339563169402,0.94461427526484054,0.94504046399386377,0.94704179379932285,0.94924969372001822,0.94881520450647761,0.94743170626540441,0.94494520093143275,0.95803618041588079,0.95704547527818018,0.95189037147212574,0.94426813550525102,0.94545078250468884,0.94315490058072093,0.92878762962797623,0.91840481182983869,0.9269354893738676,0.90337644121453142,0.92658295504292953,0.92708257741571609,0.93741389868981362,0.94284959135213808,0.94561468101883295,0.94575046852975841,0.93911037703234546,0.93834963226839185,0.91844468344973773
0.92644051621802748,0.94742936195195615,0.94061233567137137,0.93310244924810781,0.95245012619281588,0.94086677769229432,0.95146749200484737,0.93031979237824025,0.90974372516582613,0.94263084124572383,0.93633282677258689,0.95378141849759324,0.94540813934205581,0.94670690576925476,0.94333361061151944,0.94625648486813319,0.94733401015924235,0.94669757332763571,0.94481865715565105,0.94062631605323421,0.95474031906991008,0.95338425603084176,0.94839562143491518,0.94107241961296706,0.94228588979400485,0.94052921961643476,0.92500056380427265,0.91285856835478207,0.92064604742694978,0.91884674793416876,0.93116343467981733,0.92467606796979918,0.93238058131672141,0.93980976390008764,0.94289447127793113,0.94302266803418966,0.93501987013318388,0.93438716399578603,0.91452080980976957
0.92119453123183226,0.94232453412560591,0.93548476613890508,0.92822214103258949,0.948048624352682,0.93645373227933171,0.94765467968164308,0.92605842133391414,0.90440450654773885,0.94233128864449756,0.93186475312844508,0.94865750015718842,0.94224141048602195,0.94275118468267827,0.93862741030412833,0.94212595695149481,0.94323611162218435,0.94220318616444043,0.94090412388836042,0.93701720926177434,0.94935653651377039,0.94794277988827669,0.94287293887904344,0.9357068357793048,0.93655379961408325,0.93511775357120908,0.91962475130106713,0.90698275842193155,0.91472135834137258,0.91581688538731265,0.92802899296560537,0.92138569364095413,0.92981172881365315,0.93532040358906143,0.9382813577589515,0.93843030780453918,0.93010912045289074,0.92944102499043268,0.90975052407364143
0.9172288282700819,0.93861185060720254,0.9322337547366748,0.92310982376209627,0.94423795497073248,0.93398434171894551,0.94335342546212098,0.92548424591667944,0.91441914925998702,0.94371369878503186,0.92760006053080113,0.94517010860376449,0.9395572380311169,0.93920849195648404,0.93473659885553706,0.93857985278971323,0.93930811147170512,0.93797758070738257,0.93811813946918066,0.93545623867784788,0.94883447322640702,0.94787018603492901,0.94126265131096776,0.93403916755480365,0.9339081207236678,0.93210470304974036,0.92139675945495536,0.90754233773975779,0.91846904495045323,0.92031987570803009,0.92898519930653012,0.92360131433982406,0.93179706196325518,0.93126052598317,0.93264837244426035,0.93448051048141911,0.92645909965182072,0.92354493749563482,0.90624733532377877
0.91521457463963463,0.9366318830435304,0.9280141417922918,0.92066843380948604,0.94358165328383714,0.93351236642614199,0.94371634993239872,0.92565838450775351,0.91188023494065151,0.94336733421772467,0.9247314181485311,0.94475072345197553,0.94187796102580545,0.93963912651376191,0.9322959461051098,0.93982471550995839,0.94104938032423802,0.93790229856417584,0.93534356151372477,0.93548270268724165,0.94784235573231002,0.94917822650067052,0.94226714294668279,0.93458418081704175,0.93487479071524937,0.93251530446569242,0.91954453661725633,0.90583838254242699,0.91679755495209003,0.9348114477065611,0.93547021786305862,0.92693124443097485,0.93589720647841002,0.92863595522569675,0.9282601024614251,0.93115176624185347,0.92310589529389553,0.92326069532565591,0.9040030008736657
0.91272887042527484,0.93240463751303049,0.92533148447094482,0.91754116716579082,0.94404711699112576,0.93172120217995891,0.94354355385954947,0.92220420783344925,0.90705162554419883,0.95029103232521051,0.92391735845669898,0.94626750786051483,0.94035740104059773,0.93730691634307584,0.92876709198135188,0.93835329184315563,0.94011589972091958,0.93653233630125143,0.94877500144568794,0.946532597443829,0.94853943478639591,0.95128318742356199,0.94353243005151044,0.93519659041960235,0.93521337928593928,0.92944732485281001,0.91473565469128104,0.90162866941761155,0.91260919675142926,0.93546089063922866,0.93581558827602318,0.92995811553594387,0.9431826986644618,0.93217379732039252,0.92536475537554097,0.92865309357302295,0.91984669257733331,0.92098327750962139,0.90227770532333662
0.91141425931854403,0.93071761311247303,0.92345668506824008,0.91717536032145497,0.94608979904083002,0.93109220085285582,0.94204962327419262,0.919105120400037,0.90108617290055271,0.9481011226435202,0.92279890184108171,0.95221709119751463,0.93780543841097153,0.93664584120280003,0.93005713503752319,0.94158105572589146,0.94544504018479292,0.94113469589377252,0.9471660795396879,0.94682337894306356,0.9553067045046213,0.95604797290851906,0.9493943633128108,0.94044565235427036,0.93965020887998729,0.92801318021875634,0.9112485458847277,0.89885931897209348,0.91081262381843131,0.93311813817871425,0.93596071161915428,0.93394325612561546,0.94481342364559107,0.93204416925380873,0.92365219373765206,0.93060769411399036,0.91978627059582552,0.91847696448520433,0.9022152197254647
0.91050827354290897,0.92863908253156791,0.92000714478805279,0.91419755624872656,0.9421289531872391,0.92914260834767437,0.93805679795628882,0.91871820687608918,0.90784315523849923,0.94298642092275153,0.91807202132833476,0.94779988110520785,0.93263850429716533,0.93132243471585274,0.92539721301625699,0.93611569222982893,0.93994640978573651,0.93592040040877911,0.94326694203954065,0.94228970380397525,0.95060211385217741,0.95117500867378635,0.94518814477418145,0.93672106089268203,0.93592727309540003,0.92605308747015347,0.91285581909424662,0.89977852770331035,0.91278981514699264,0.92796202858178944,0.93061908625274492,0.92851528851609211,0.93943189786054804,0.92754143192215699,0.91907195724522417,0.92572132589964717,0.91662144948619573,0.91840647880918569,0.89914806133472536
0.91234255251055207,0.92696761712721554,0.91671590241093381,0.90894647762190151,0.93927183253455437,0.92602402562946851,0.93442457899625986,0.91541416703784539,0.90429826923608714,0.93854311151738812,0.91350707415352106,0.94491404245472388,0.92631515156035671,0.92557308467812938,0.92081036331622901,0.93121095780454322,0.93539423682737366,0.93191155312869478,0.93877684465693045,0.93837596125402578,0.94952635727668422,0.94807977291653056,0.94256558417069691,0.93413119223943464,0.93315357073746152,0.92301840366688659,0.91000647212534225,0.9012828060255873,0.9144373739505105,0.92084370714713948,0.92480252030945054,0.92373525051286942,0.93554555959271313,0.92373511661483243,0.91542537769938959,0.92188661718455611,0.91281958708625288,0.91409918200087314,0.89589407291778811
0.92546604700363466,0.93147635997934308,0.91400017213361107,0.91241386207193587,0.93741834363217891,0.92680512526318481,0.93297997955298051,0.91954959507655942,0.91228791694294065,0.9357192121563338,0.91043866349645886,0.94225065250509266,0.92223658005392894,0.92283202256663477,0.92003205931502408,0.92900777165588155,0.9332969690146431,0.9299135509523957,0.93429988264277475,0.9335180020888868,0.94675722694361986,0.94399200433252228,0.93966349629809942,0.93187993506660149,0.93091829302535634,0.9233401677191011,0.91612469106245631,0.91371916245924023,0.92526572534940121,0.91398369195928886,0.92008706167292176,0.9201462425774497,0.93086448924413456,0.91960189417545457,0.91197978207960984,0.91915727483338616,0.91327310094051117,0.91823323600185958,0.90533981409435671
0.93196277686866424,0.93249412471840776,0.92514690027337609,0.92956738917970505,0.93665289892696502,0.92702789925136231,0.9343584675721619,0.92248276176453647,0.9123669706699985,0.93266972455171682,0.91262339799880154,0.93983626663969344,0.92382459434331676,0.92411999531573685,0.92509050088986922,0.92885613346763851,0.93292842948240329,0.92966506231691826,0.93171213561889676,0.93028159366146757,0.94351753350734124,0.94081947129753152,0.93687776684367641,0.92883137133029003,0.92798941382776845,0.921594504204448,0.9176623106122952,0.92413315691065623,0.93470406963107755,0.90941704472603746,0.91804114601835318,0.91756501054542028,0.92784705756161623,0.91694973207888719,0.90950387708881841,0.92034984462689839,0.92675700835351948,0.93635003324156929,0.93958996818685903
0.93040772997675936,0.93038592469036807,0.93080771171078902,0.93616268383603429,0.934300352446778,0.92501620085432579,0.93319719627793618,0.92128513027880277,0.91001611915351777,0.92881041137297549,0.91290240806283685,0.93679058343473354,0.92334823843235914,0.92311045237507006,0.92715631611713389,0.92762892618656667,0.93126360832899191,0.92825889866237921,0.9291684834851075,0.92850691050697232,0.93972276769898244,0.93730670875403288,0.93360380333458326,0.92522391547296667,0.92439189395169041,0.91837154025291923,0.91587015354376711,0.92599492552076668,0.93740074411404684,0.9057786032499332,0.91577235370532251,0.9146298272636626,0.92640065918337455,0.91472272897985529,0.90675934797987456,0.92132726698613721,0.93361188521356531,0.9456995302737744,0.95006995674475769
0.9235924715703796,0.9232732571038319,0.92602975866565029,0.93155034848615759,0.92713342515828645,0.91777403038818062,0.92704813377852768,0.91448328988823835,0.90263069704221499,0.92282588335560845,0.90696300842246091,0.92942173134560258,0.91773249330579132,0.91756774267012964,0.92195636133153547,0.92257065503553026,0.92625744780067754,0.92310631824893197,0.92373703286619346,0.92355941149698706,0.93237261297292628,0.93039749931163263,0.92642905991022895,0.91775247204336308,0.91676676747998687,0.9105675512216127,0.90841775480302955,0.91885512635022382,0.93057637859306219,0.89860650177063006,0.91003319679381733,0.90885842923417048,0.92109608793182762,0.90932267811816447,0.90133740381639305,0.91593942840402132,0.92895279723521784,0.94134896210421337,0.94622493447088829
0.91658678128950788,0.91656763178774059,0.91952656610234795,0.92482206324291805,0.92073222921682496,0.91188482591677877,0.9205576753751098,0.90859949127079143,0.89713639289518854,0.91590839362051979,0.89968398665049087,0.92260648370069687,0.91045239769092723,0.90978617354029911,0.91447974145510869,0.91455881097174285,0.91797952779138881,0.91487626869430161,0.91585166818533192,0.91505514767922647,0.92522509995010638,0.92356210701774744,0.91964321418746653,0.91081851726977425,0.90966826707190207,0.90367709475086122,0.90251546490538259,0.91243243024396936,0.92390392123810272,0.88885957017990613,0.90116760394998652,0.89985123205009598,0.9127724516718364,0.90051334972778618,0.89251977377837344,0.90803903810225683,0.92215629790977716,0.93487646426646498,0.93970563580915989
0.91017391995678176,0.91103813868457195,0.9153666585001462,0.91913996670161158,0.91266689489087682,0.90439337078030635,0.91318096688358552,0.90197086842084639,0.88990322878927341,0.90696871062167084,0.89262195787653187,0.91434313474374784,0.90221430894227472,0.90166414131392802,0.90788264948460551,0.90668863245077436,0.90984478997925988,0.9068938259970829,0.90741211000034616,0.9060262705524742,0.91755192641477357,0.91572751463487201,0.91187366273253012,0.90302189881071093,0.90161874574611856,0.89659675005378392,0.89625242630080337,0.90701441519799342,0.92003722159454537,0.87819983928787526,0.89193337600469114,0.89072862802983832,0.90379038582031945,0.8913289254525083,0.88339545493054095,0.90090603598499774,0.91715523756084494,0.92889178959735064,0.93381154479074946
0.91188767849738506,0.9078383458813023,0.91066985047846527,0.91452656455637482,0.90571198578101719,0.89817142304599362,0.90790689624974763,0.89728002482644376,0.88397341818065467,0.89690881763106467,0.8858983032314599,0.90711237710784565,0.89240917152577859,0.89237575546851999,0.90094682884781452,0.89792571681341338,0.90071336174329686,0.89836383258116481,0.89880604784030882,0.89668165410120604,0.91166234335384866,0.90904386956610805,0.90610695765883598,0.89751463027952583,0.89549433361480968,0.89015895574767356,0.89206897693198217,0.90987199480179637,0.92195286864315551,0.865963082436498,0.88108886094643857,0.88065588109933346,0.89411299791420207,0.88202280414074463,0.87401217250384,0.89334247258863997,0.91157380665330767,0.92298461766697704,0.92897851240576201
0.90700045201526525,0.90234904723920473,0.90594870985536413,0.90800710011002095,0.89875619347982005,0.89160128950224282,0.9026176296381182,0.8918129184111151,0.87751570038683835,0.88825695889968292,0.87968465689159314,0.90029664423295386,0.88322684679624808,0.88375129942249764,0.8938098871480894,0.88985837825852498,0.89247400058561188,0.8905558870272281,0.89124583088492881,0.88827079410007104,0.9055576373753601,0.90342729110791475,0.90032736658348034,0.89127094661588691,0.88898743300583527,0.88354394029767214,0.88600931197441635,0.90448751382605241,0.91637239431201345,0.85410847328743278,0.87099001928019437,0.87155483516184185,0.88549940347428335,0.87374205540783356,0.86589985141509151,0.88629513333973453,0.90535778785120635,0.9167569326688807,0.9232082226178262
0.89990045458433199,0.89578279040270792,0.89906488524535233,0.9007669154590221,0.8921909577963415,0.88534917590772444,0.89626102578304057,0.88578493584800599,0.87161423790497783,0.87885937361746846,0.87240254816983487,0.89364684559087493,0.87540395760439038,0.87572691716555362,0.88621113083111458,0.8820536720336577,0.88450700673531113,0.88278418440531625,0.88330570312301593,0.87946800608509845,0.8984394267871455,0.89676459888903737,0.89374403714059403,0.88451716564394045,0.88216317298302038,0.87697254502203759,0.8798598950060581,0.89755433494877346,0.90933019300309093,0.84366230038592693,0.8618391156103955,0.8622382997744702,0.87625086841417998,0.86539735257388684,0.85769349489302493,0.87863519854456151,0.89816145682150084,0.90981683079457709,0.91630474512056725
0.8920425634470811,0.88834484415902792,0.89175194534516256,0.8934489077782598,0.88552286966560512,0.8785192162999591,0.88934372765530523,0.87885104508400946,0.86447863717822471,0.86984347735047174,0.86464430717273255,0.88712248368856617,0.86726140792362016,0.86756608551635017,0.87835378705212408,0.87380439694335055,0.87613577389190633,0.8743463249437845,0.87468679214600964,0.87053123737837346,0.8914833642011315,0.88991612691987199,0.88713656622389181,0.87786880716266968,0.8753977536762334,0.86989277790000208,0.87257435734327815,0.88995608514623603,0.90187442389046624,0.83441890276156405,0.85316136403778164,0.85368094482158441,0.86742438008024136,0.85663412879396073,0.84894235552679187,0.87043157854171227,0.89075084374191504,0.90266438463911347,0.90912077125037427
0.88436365450034804,0.88059689769914085,0.88441462561014461,0.88638029239881266,0.87898769916471042,0.87175164273591699,0.88298387668503209,0.87190957736500352,0.85701590008278039,0.86163838776850254,0.8570648896077091,0.88013627039148323,0.85919742327094573,0.85963044265187072,0.87091120238001862,0.8659238198422623,0.86808654908341809,0.86619577980086238,0.86677741215487336,0.86221064960023974,0.88412833095498378,0.88280574747894858,0.87996842102470729,0.87049360528089803,0.86797302700770362,0.86217133665392043,0.86485240045442757,0.88201655311059191,0.89399819970849459,0.8259197129636503,0.84494600734326042,0.84604380316824912,0.85933327170039708,0.8482625493394147,0.84051910516354356,0.86246723834588668,0.88350248634316786,0.89565769519061456,0.90198684316004851
0.87700422355488938,0.87280357740020575,0.87713923752291789,0.879449109821137,0.87113598079850707,0.86386875652229278,0.87559241096541951,0.86440706557353175,0.84911714321056442,0.85215317313766337,0.84887886186454931,0.87231113589721854,0.85142447434286539,0.85216567858167913,0.86360549545842125,0.85838506317946184,0.86050560680135635,0.85839584437096927,0.85805637011419977,0.85330382860345688,0.87661688132031301,0.87526941739531039,0.87244515014312329,0.86270917490042098,0.86005044381865914,0.85400135821551248,0.85695245537277465,0.87458778049038477,0.8868779716439994,0.81768713469977838,0.83731301382477263,0.83819916178811815,0.85063883747003322,0.83963632000256649,0.83218431561790662,0.85441334506739064,0.87637193621077691,0.88894396397170683,0.8950753781560179
0.86991161167568887,0.8647250118470492,0.86941190896895892,0.87295825240770664,0.86309691926266052,0.85563238066802594,0.86831834483912396,0.85661011976997303,0.84082501089858153,0.84317230760669315,0.84106394846693155,0.86401042851210097,0.84519455509393249,0.84464102112738049,0.85618756764881543,0.85016509901472637,0.85167782188301955,0.84974043743482675,0.84993909387621969,0.84418318833662032,0.86877750551291999,0.86736797603782301,0.86434405145134607,0.85424505940159545,0.85135106401596083,0.8448396708184166,0.84861335710077357,0.86736076486295,0.88013299522378508,0.80717751033394625,0.82815618358653798,0.82834675164171134,0.84107875236986052,0.83060320827046785,0.82290104630230743,0.84617183466261181,0.8691459453951994,0.88233778005498398,0.88825799849207721
0.86224696320167693,0.85632799114995539,0.86202589964265608,0.86582543802891676,0.85527624263154656,0.84720719775458664,0.86104065659316409,0.84857743645908412,0.83196557170150975,0.83371598847756645,0.83322963877861189,0.85652896757596186,0.83832358376415894,0.83770211433506858,0.84903100475171722,0.84271176306724804,0.84377393435435699,0.84162715299168966,0.84114274453552562,0.83454983784963133,0.86181377495664102,0.86044402890415128,0.85737221682057341,0.84685307754375916,0.84378266768652566,0.83607175293706082,0.83974254579464735,0.85965023084931846,0.87285171467229772,0.79790747038397425,0.82002112905109736,0.81948923321149081,0.83159772058063575,0.82118966208110533,0.81366799023518033,0.83821733850284508,0.86183601368489249,0.87506427756145466,0.8808979852857195
0.85422076463118957,0.84810472014518579,0.85454176209736143,0.85849031062018832,0.84797618448665046,0.83987789273932789,0.85402889831014184,0.84131514017865816,0.82428196281744504,0.82421987331486379,0.82529499556081387,0.84895784883092607,0.83073259730956073,0.83043919025269486,0.84169520425266342,0.83537644346994766,0.83623061577984248,0.83381963146296201,0.83256572668062223,0.8254134025524128,0.85451954710662126,0.85297357614899605,0.84992197473829811,0.83918186775993842,0.83603406474028241,0.82801816578335274,0.83173301605333361,0.85194411525105118,0.8654661399681417,0.78981755915313234,0.8124069400173598,0.81165199681065059,0.82287614026580969,0.81228302208790126,0.80500764316253814,0.83022850230202871,0.85436149903904124,0.86772901031052474,0.8734273695213508
0.84654865174384597,0.84025484963920005,0.84681317393178746,0.85112553550657422,0.84094123358810469,0.83224503502406322,0.84686748700582315,0.83379022584885631,0.81649210647313153,0.81620929847957946,0.81749805859713864,0.84211107995397616,0.82264859520041378,0.8224647135226193,0.83402012501741829,0.82745143178638658,0.82810896836161185,0.82565560367854918,0.82464655432356504,0.81722593731602944,0.84749296852936895,0.84699147442330203,0.84372800678491022,0.83232979820029629,0.82901375839448055,0.81990653242555078,0.82385682539076499,0.84443714363953259,0.85811332260448003,0.78141657851086466,0.80410883127005117,0.80337466114497691,0.81461763590423308,0.80378211742949712,0.79643009573438561,0.82214082748221362,0.84676726445869011,0.86032869546720414,0.86598379569179318
0.83910189324526996,0.8321428345066989,0.83901802310091356,0.84343292846339324,0.83292010471093469,0.82391561927657631,0.83950213394975315,0.8259519793333675,0.80803032238545225,0.80624410072026975,0.80946890144221206,0.83417927261133362,0.81505780828606822,0.81489908071069062,0.82612445128879408,0.81966560356019424,0.82019918070118047,0.81752376571963825,0.81596634708680016,0.80773712876329373,0.84047928144341577,0.83955527818193798,0.83627472838858574,0.8246927231595147,0.82103447058948342,0.8112738888210298,0.81533183810064891,0.8367247645981799,0.85078778681383216,0.77252429599842687,0.79621422474716597,0.79562725148756919,0.80566169698092205,0.79473142585468415,0.78772889686815006,0.81369750406002206,0.8387034041747351,0.85267683869557431,0.85859980734797592
0.83165236346318494,0.82423503637999718,0.83110514755419262,0.83681497567668117,0.82502612493898642,0.81597064666803731,0.83177786062158543,0.81826432114643677,0.80011557100021313,0.79635162675851845,0.80093081094001195,0.82637318472014454,0.8074217739338474,0.80744173692997423,0.81873894750717036,0.81211567519665206,0.81231016405105927,0.80923467963924456,0.8068360544338411,0.79808057861197967,0.83343857226038509,0.83219028245900906,0.82910024735599697,0.81730639074173494,0.81339312013694687,0.80302382242647852,0.80750238019602827,0.82968104754578109,0.84501534503849929,0.76307791053320728,0.78791864616522422,0.78704626144189649,0.79643631685566196,0.78509834396387224,0.77862099190106349,0.8051347705353854,0.83123207069598293,0.84599730097663417,0.85168190083955453
0.82398734645770966,0.81620940528312513,0.82325325168244701,0.82840338301845318,0.81725980943553522,0.80852597868583964,0.82426576533872664,0.81097344501212854,0.79274251364658654,0.7855830575410897,0.79252264712255549,0.81824700814616291,0.79844933077795199,0.79882585286529662,0.81042147730713232,0.80381253213999782,0.80376198034383217,0.80063019848185535,0.79731947558869742,0.78819543644894197,0.82582624015166062,0.8242549775741731,0.82124018661493159,0.80916789426193925,0.80509150645660221,0.79474141226278083,0.79979123487985826,0.82227663895092395,0.83777513089674038,0.75269993238894539,0.77851508003241043,0.77768419419051027,0.78670114222568532,0.77560240029774519,0.76936184304484179,0.79651483022715019,0.82305613287891266,0.83790904039160918,0.8434791087013257
0.81622357435024107,0.8084417504690381,0.81562299481776501,0.82140065193326539,0.8097966352799989,0.80105409828877749,0.81703959223496203,0.80352523407049259,0.78537755645381757,0.77633319085804764,0.78548614654232218,0.81091583003634538,0.79046814700797308,0.79093029160263228,0.80265958912238899,0.79597867174649961,0.79575862477163251,0.79233707732264069,0.78937948646393885,0.77913659488010101,0.8187860375125745,0.81726030329806065,0.81419350551405478,0.80180086230232162,0.79764622138280528,0.78706700988849954,0.79216611656138169,0.81455465015941109,0.83028201235500998,0.74431152230140396,0.77027377197734315,0.76958348660403386,0.77805279599097277,0.76693763156850137,0.76048904163623843,0.78830921074147808,0.81548353109689242,0.83080686479704391,0.83636640264809514
0.81359984724890444,0.82013007301750929,0.81929196933695603,0.81750878021779239,0.80943493272620348,0.80519708300253889,0.8158063388894824,0.80695830647006828,0.79503853094266042,0.77390847129545648,0.7853568252979195,0.80794704334011813,0.79340803034625473,0.79638658071504242,0.80157557508149568,0.80137437774373821,0.79805512685811275,0.79216384403790452,0.78892665876562273,0.8037112236645364,0.81467238392530983,0.81552151087560487,0.81144544151995868,0.80042943757456964,0.79844618200376183,0.8002341337944211,0.80253373962501295,0.81545882444790585,0.83544097105033766,0.78001760337072956,0.79384304671702377,0.79211166847532533,0.81170109528985823,0.77423940353482867,0.75565234441461338,0.78653334843863187,0.81435324231346651,0.82533973415193584,0.83053777618063429
0.80780375327775877,0.81481258154171232,0.82354411430322927,0.82011275375629189,0.80832129253535501,0.80474533178027241,0.81839976011441207,0.8092802079176179,0.79019522716988921,0.76780992619658439,0.78346202891504679,0.80221913795832578,0.79568113238918303,0.79699051088084993,0.80005200006442656,0.79914557582500889,0.79394298469992475,0.78684610492802121,0.78381244724789623,0.79748997882054662,0.81126428340587542,0.81135366879168147,0.80648333796294369,0.79458213475926187,0.79236733094778455,0.79498990714951179,0.79888391962835026,0.81097825159505499,0.82970658142606224,0.80741371348025437,0.80252910289027468,0.78872538071625631,0.80597458951254908,0.76802983511248368,0.74939581561407376,0.7819556187780663,0.81687543392165129,0.82496709501961762,0.84006491872469269
0.8056851325565898,0.81278649511439183,0.81790554470507337,0.81482962745144283,0.80545127606902234,0.80109198647076307,0.81427006423783199,0.80399544677679446,0.78447559177153392,0.78125900074342702,0.77781162284816363,0.79991615866107679,0.79130829915272505,0.79203263124860757,0.79426543010979178,0.79404985353067625,0.78789288203503449,0.78017096413824816,0.7815678722396826,0.79395990491933432,0.81265227645428195,0.8129179441014931,0.806158789936538,0.79208966027918193,0.78985049771749127,0.79113898017417494,0.79507086295180696,0.80659746389133369,0.82355572970702595,0.81106776765116451,0.80396868608213778,0.78908489192281495,0.80194437132302288,0.76283285297803394,0.74246275840367948,0.77527921097443586,0.8112968450680188,0.8201775388611775,0.83405083799458002
0.80060331448251143,0.80688331451535822,0.81107078950256528,0.80806852412683938,0.80093874954647371,0.79598171323282241,0.80784684624634673,0.79759481636166574,0.77800421821305465,0.77706471185156734,0.77033591064977736,0.7956936350406284,0.78712979083782253,0.78650119864148138,0.78757925226166492,0.78808271695209053,0.78137358360927467,0.77315955432641537,0.77549263696595827,0.78691127924856452,0.8085375484842251,0.80785701320751391,0.80205088424811277,0.78958767521866535,0.78782144365018347,0.78900304372891905,0.78877821580396656,0.80096774311840446,0.81850265073701911,0.80997655900642695,0.80152930239811215,0.78661171658425133,0.79494666293374283,0.75547274028411027,0.7349557889507351,0.76797351366958599,0.80444313961553993,0.81326575707551074,0.82850134027070221
0.79483504031422603,0.80054911472822821,0.80556246660789366,0.80547796748879041,0.79435065455651266,0.78977864987078561,0.80113559168268877,0.79141464050143739,0.77410339297204045,0.78047738234459518,0.76323115492729166,0.78919937523832839,0.78345550027824495,0.78059794845301256,0.78186265626814733,0.78101235959606841,0.7737901648799802,0.76521880247891871,0.77086648181626749,0.78075789097946668,0.801769951221178,0.80105678655070511,0.79551042761582158,0.78314191762675589,0.78138843283122694,0.78314035257393877,0.78320965101204432,0.7946536640692633,0.81250518072046296,0.80741573674782718,0.79679577788653655,0.78067564933432876,0.78839102614527068,0.74807794375080883,0.72611210347307698,0.76044870123238972,0.80078427584991452,0.81286514975872459,0.82689460984744056
0.78824007354579173,0.79751525396401246,0.79952829626552069,0.80400982174538915,0.79329815260790371,0.78899601441669109,0.80008890517938747,0.78753980553111469,0.76809358441776299,0.7898701785753065,0.77188086453050309,0.78906132893494463,0.78124368961208146,0.77700507315028067,0.77802874627962948,0.77751838487093161,0.77043466530855498,0.76404322898910371,0.78180100394452212,0.78396423279774197,0.80609492181865228,0.8131032812316199,0.80153132836727659,0.7844405709502158,0.78185297718822588,0.78049358153523429,0.77886018906215448,0.78782748899766641,0.80588364679527558,0.80492562582465865,0.79379546181202698,0.77666477661516753,0.7869511168781248,0.75412990305513927,0.734182123642662,0.76040713011122374,0.79706047954317905,0.81442120457591527,0.82689588875253273
0.78124605564698102,0.79070866542166762,0.79257454510159508,0.79857879783172192,0.79221881160839591,0.78694632281723154,0.8032108603539192,0.78495359479298321,0.76066695067229928,0.78788115470989462,0.77316449452935931,0.78792010222105435,0.7828238678617655,0.78591497151488299,0.78310484345003761,0.81062778658473045,0.81704490847956368,0.8088182087752751,0.78914851353730175,0.80555532363020144,0.81881314912018488,0.8112562753330691,0.8104891337171416,0.79866139289560067,0.79176392372467841,0.77992368570852522,0.77261647208708251,0.78050127258795399,0.79838569447975927,0.82278349656999472,0.81203683899723889,0.79591275531551864,0.80868196259339742,0.77438461180436702,0.75650685561375985,0.77032212100704567,0.79066698248822842,0.80758446321681499,0.82065260439209553
0.77864575518402279,0.79589792018481487,0.81430011041062034,0.8329406879707234,0.80210185585760563,0.79260242590443231,0.80974244262013606,0.78641824218948697,0.75584500100342222,0.79062985672288177,0.78190925419081825,0.8005313670767723,0.79435262587251576,0.79487930392873896,0.79780567660055168,0.81069206401155125,0.81404133250315736,0.80575990669530029,0.78877589233764311,0.80146047775512819,0.81690919816678742,0.81042488162126713,0.81240524193412922,0.80352947682645248,0.79827491101785886,0.78818097028324285,0.77368301087425972,0.77977031547892239,0.7976667986348942,0.82395024058020561,0.81332991687529288,0.79501185595359036,0.80537750080961701,0.77071501793905894,0.75070580893947936,0.77405811660443469,0.82177241789969979,0.86722854362382829,0.84872033786835777
0.77353516631307673,0.79048382238653836,0.81516995456686159,0.83056585617340206,0.79780128257336069,0.78781872655819374,0.80601800231180176,0.78161587803747967,0.75007869081600831,0.7843093994104412,0.77757183650374606,0.79583713807567835,0.79922274615049416,0.7971989001064711,0.79700285396857673,0.80929709564817998,0.81164047464425326,0.80332998802312205,0.78281733857928637,0.7957424512170469,0.81250128227229845,0.80545218043186662,0.80782680513873939,0.79907152258697589,0.79340887070212129,0.78282455338580248,0.76791778011496725,0.77459639759405896,0.79290904743715296,0.82337434806965359,0.81172739094192881,0.79044561680978509,0.80000210773819191,0.76613403721941886,0.74807101350278404,0.7697856199924733,0.8194711609939993,0.8636018552525927,0.84480734179923855
0.7701996650717311,0.78616567555942496,0.81402499381956084,0.82555781740336887,0.79685463242738874,0.78588447606650058,0.80368316314658417,0.77969693194051881,0.74360694584449927,0.78057007820229851,0.77633959563124566,0.79597752428894242,0.79341751627025792,0.79218507581922826,0.7925651207484381,0.80612045972588309,0.80859895450666563,0.80056558505548359,0.78443988293755362,0.80105577893047075,0.80715891593385114,0.80074039623602222,0.80370019063083387,0.79492326631959309,0.79012031745918143,0.77979165855859545,0.76264788455315702,0.76977242430258641,0.7876841211178397,0.81706261656656864,0.80684482976424465,0.78694554728362776,0.80459901594004268,0.76710214146022815,0.74416339090345474,0.76693181739186467,0.81602051081789784,0.8579562332049373,0.84193577691211541
0.78461226138791729,0.79517594062249064,0.80848910503626181,0.82396074399273822,0.79793291104869135,0.78571749461558682,0.80092008181727459,0.77743031285173403,0.7413610220608563,0.77408459836525256,0.77007421034331669,0.79897541170624597,0.78840996236039551,0.78725460624117527,0.78743007044516422,0.80085102929026852,0.80300616843502692,0.79447799165719624,0.77794202381360722,0.79433636184914092,0.80777168212484118,0.79750101154072028,0.80494856574604257,0.79882740097713167,0.79357721823429095,0.78374208621644426,0.76437043439993324,0.77472039302504447,0.79213683898307174,0.81392518229821309,0.80360446148959763,0.78375416263731912,0.80033473352120221,0.76070107487638039,0.73779970435586162,0.76031509196227665,0.81285963034822106,0.8612181792951743,0.84283333279131478
0.84069350029672107,0.8300732225553582,0.8041028401669984,0.81831607524285199,0.80679942062508803,0.79570020399341057,0.80224918490322095,0.78576174754793171,0.75763836798580964,0.76865115249482008,0.76727153432406869,0.80909651322515375,0.78180326321547899,0.78109373095660195,0.78125328017773898,0.7951702623492406,0.79718776567741823,0.78831084900906701,0.77381951396451609,0.78837686341621749,0.8097058318392033,0.79857085676654993,0.80736875687486498,0.80159197116548442,0.79750142363035459,0.79590153427810606,0.7882734330207829,0.82147055599353902,0.83579445972218902,0.80737429527769433,0.79751540070450111,0.77764239247814826,0.79382651098419543,0.75448214591858931,0.73205833180006208,0.75421500848430401,0.80826923214155788,0.85590894308327592,0.84221457784250398
0.86373685337278028,0.8389730658989013,0.80195176417091774,0.81624913936458199,0.80564302399074106,0.79469364787796559,0.79965219717323321,0.7869375353270518,0.75660743197544367,0.76226415968259931,0.76262997602308757,0.80836802659159102,0.77584880792070976,0.77604265979268461,0.77681842578656979,0.79047451035993088,0.79198377861644353,0.78347442868175055,0.76839475115209133,0.7819112189746118,0.80708278777383669,0.79468624712637992,0.80495630752874436,0.79999781249352264,0.79594221702910983,0.79472306445802576,0.79128302679166684,0.83818043240204898,0.8547233826457431,0.80086367967733785,0.79144150388449797,0.77130332748548636,0.7868347464774077,0.74865258014687419,0.72691717898330632,0.74942994397449891,0.80653705865986325,0.85538807010941176,0.8445731839419337
0.91388538255278018,0.86607854118011163,0.80401519820791445,0.81183255330736215,0.81079447490773293,0.80282455972805822,0.80238728471941079,0.79786829451743624,0.7743274789275939,0.75452445855674999,0.76196012457901841,0.81190939618261093,0.77027572116682075,0.76984691205408062,0.77215176072058789,0.78375734411696607,0.78432736664752145,0.7759522859788256,0.76265138076942451,0.77399433219211033,0.80152385531693149,0.78970550762572422,0.80222689214791332,0.79898573289748875,0.79623986524008261,0.8037524566988391,0.81135268017678452,0.87495447861138964,0.88391449294664415,0.79233893057783888,0.78358839607360231,0.76337889377173684,0.77870192129584037,0.74098944405122347,0.718416020023674,0.744536807148656,0.80604883789835513,0.85227731846435872,0.84481045574670777
0.95208565149946711,0.90245816922808497,0.81340946353980692,0.80935190213617114,0.84070605635690321,0.8402596628757304,0.83356721528403421,0.84287275012336649,0.82986141879872044,0.75096573574305348,0.77840145273809391,0.83339771939167429,0.7629223251176197,0.76393544817920922,0.76935246767202292,0.77888563753156814,0.7791198980577323,0.7714146790667622,0.76606512403611204,0.77077556622968268,0.80946691361779999,0.79751586042230871,0.81463666004013369,0.81518367367586586,0.81871121179831285,0.84332263847151789,0.86076777561374573,0.94166631345723706,0.9550344227422225,0.78557887303215757,0.77757905591872301,0.75850635283909729,0.77574642602246802,0.73942726475095555,0.71347540776045382,0.74428764574361295,0.80893558068033244,0.85179384092579546,0.84476789264719698
0.95315555649034278,0.90733261162920642,0.81732951458649572,0.81119026562113861,0.89407777161723345,0.88277100691042232,0.87792225502488475,0.87602470280594624,0.87338885599625815,0.75796386459838005,0.80635468952771194,0.90892192830491136,0.76081622229021983,0.76325708793672697,0.77078475628545706,0.77763445662973207,0.77646246419623766,0.7700374536566601,0.7827243190015416,0.77142262289083852,0.89455563246098779,0.92000073572382191,0.91237129012780627,0.8881447150799443,0.87999562339046367,0.86148391628077703,0.88341464554083626,0.94529363256578314,0.95602712012694757,0.78912552880489573,0.77982289018415607,0.76187917371190839,0.77661533267943139,0.74436735812170618,0.71417675298263739,0.75101803890550323,0.81179075391371214,0.85121649262878463,0.8488928704725911
0.94982883417967912,0.90558584303287903,0.81938713832228061,0.81621972184858782,0.89275166406510442,0.88271532494639227,0.87734317085150704,0.87878424685652246,0.87173899780066788,0.75434957902715594,0.80666288881314085,0.90722111311374976,0.76280411004448512,0.76216071041000644,0.77131595324455426,0.77559550071546401,0.7740848590022239,0.76790561261067014,0.7803054455204459,0.76851458627090374,0.89536621631102897,0.91922450428169467,0.91186291595292623,0.88761806827042056,0.87916992962749219,0.86060379952100807,0.88264098010968939,0.94289389845085425,0.95333832260002238,0.78712818440824717,0.77765791541505636,0.75911455814261497,0.7736483369892172,0.74187172568630311,0.71192598452532929,0.75041964534444749,0.81477101905172189,0.85592805010873163,0.85271708307600835
0.94885921368488391,0.91036871485635906,0.83570586136128711,0.8171663135549796,0.8948832066808724,0.88426395257304591,0.88175320813887481,0.87848305238113678,0.86836967326737602,0.75051844746307761,0.81143048013860453,0.90663964393577201,0.75986430868429911,0.76176524677081692,0.77540619352930551,0.77394113836347112,0.77064054277237348,0.76564024132590236,0.7805153484771572,0.76527163417694055,0.89990597463832323,0.91915885285306542,0.91274171797188597,0.88911861895872357,0.88012085822254149,0.86346133875065245,0.88425649715588173,0.942420368253303,0.95300980347324515,0.7819118348975278,0.77354060942772307,0.75388924713869254,0.76855327189122957,0.73820876372538402,0.70649225112688507,0.75520490338178947,0.82320923654658196,0.85456383762567789,0.85821393689361802
0.94706760697336034,0.91097495722928423,0.92536550188445321,0.84954927423455628,0.89652334074133555,0.8892269786200524,0.8890041705646119,0.88714128883180188,0.8767561219703619,0.75181242946992544,0.84896023906430951,0.90557044977538392,0.76525552129839858,0.76398149067270937,0.80908882687818307,0.77518304514948311,0.76807297929515717,0.76943097163044638,0.79703537332728103,0.77095658093137365,0.89958009901723446,0.91710638917241105,0.91248945384656477,0.89059177483897689,0.88167462925289664,0.86781146844749002,0.88885983640352417,0.9404990836693996,0.94971874851913485,0.7760609834209431,0.7701908785314866,0.74859190962061306,0.76534491707711749,0.7426451466619679,0.70272435754053553,0.80026821167841111,0.88289098326999016,0.89695961642014232,0.87247707088406468
0.94829797813728722,0.91112951284134958,0.92474053003488965,0.85752574697710005,0.89676079491803007,0.89119197390798444,0.89370848518791957,0.89357496747677045,0.87427565338065627,0.75248543176855809,0.84960857572669612,0.90482235255336907,0.77650250193296333,0.78247465145719308,0.81787114111867609,0.77801570514982654,0.76603775620854198,0.76640718521193563,0.79543759995818042,0.76849713881844417,0.89710189814958508,0.91383437468315654,0.91008514160189913,0.88871191507573211,0.87989439009111103,0.86670793427512893,0.88948785957077126,0.94154637344577563,0.94925056592003065,0.7709349765848611,0.76843413005368089,0.74422501016001352,0.76350836290729818,0.73771981535858488,0.6964772475846519,0.79690700160419403,0.88421474245756848,0.9002201717738374,0.8773024191222587
0.96262819406030076,0.91943540413367719,0.92481031404312497,0.85762191676902877,0.89534652766201039,0.89214360596512898,0.89066931383327164,0.89545621898231786,0.88620606469977847,0.74905747329457284,0.8467558456678479,0.9036132326051044,0.77507586197508982,0.78164754340937781,0.81744763935635922,0.77701903729543198,0.76526772128473419,0.76522072678796826,0.79234962480207394,0.76331918142339006,0.91491243790046006,0.91717448780623367,0.91483091696582652,0.89469807605635043,0.8836964427889713,0.86866942639408595,0.89698773538725407,0.94600675909244925,0.9489762535074493,0.77205368213153702,0.76654883724429712,0.74171387767605534,0.75904316774812586,0.73255431276309679,0.69093493911413228,0.79373199005265105,0.88494310658120612,0.90094917128985386,0.87980019939145326
0.95937282015969105,0.91801349363588791,0.92861752745552917,0.86706489272067688,0.89592580507570763,0.89750326918403034,0.89087938954350487,0.90231607976843531,0.90902944903814431,0.75321886271268867,0.84979692427692721,0.90197622485224649,0.77877889265993905,0.78470921933145854,0.82452456676475394,0.78478120049632205,0.77716248412981737,0.7761940218738147,0.7928708430767899,0.76176366783738969,0.91310273988049595,0.91474335433678666,0.9130760748330603,0.89399099048227004,0.88395886478551633,0.87455662676639501,0.9057547895853687,0.94299958121382765,0.9446212470182731,0.76765384634414102,0.76638322832071359,0.7412691138673112,0.75703785904193488,0.73157600443722659,0.68890478045770021,0.79945236907630657,0.89206649766996293,0.9090899618113174,0.88852104436296597
0.95713078512887695,0.91552104987438698,0.93234033830721086,0.86866608598176476,0.89252498475963715,0.89405569995356193,0.88687837444898032,0.89878881344151706,0.90500768518007002,0.75284827404950572,0.85376349295075893,0.89836880926669449,0.77919227834875759,0.7904985136459094,0.83588444640441184,0.80356808859009909,0.80293580034004475,0.8033702296044215,0.79966919457457508,0.76840118091407406,0.90794716195267366,0.9097375066073593,0.90825655549711026,0.88938409093895265,0.87968430242317386,0.87122092016017649,0.90250714538893839,0.94073801443520744,0.94228664167698961,0.76433930888635926,0.77153257616946602,0.7514008912053618,0.75933301969934874,0.74832548460022408,0.71763076348016908,0.81963081938509419,0.89789116453731654,0.90902516289189628,0.88891431849749547
0.9590447234059486,0.91534347073289768,0.92899307173946,0.86483597990684491,0.88956518884181002,0.89105582764188307,0.88368580445773415,0.8957994169171718,0.90116621321133616,0.74703145759401013,0.85002593027015205,0.89442968370848619,0.79061695299716761,0.79805402290208172,0.83479232977565287,0.80613705767097965,0.80258929999086759,0.80179910464716786,0.79543006541467443,0.76476582633302659,0.90323968690838541,0.9043543046778465,0.90325156006597984,0.88482634731909615,0.8755686136823797,0.86839006035449662,0.90005471236560641,0.94037304354422169,0.94017053432082187,0.77425642202141509,0.77983912481452411,0.75458577435823526,0.75690216440468661,0.74715913262519718,0.71866516873555675,0.81690731226029067,0.89438890363379075,0.90507888372592238,0.88421134462421247
0.95624252324281633,0.91647390453809818,0.92992283489602923,0.86969499776863357,0.88892876923183106,0.89254493008449365,0.88178417408294951,0.89720270460036244,0.90800468276643187,0.75452807951044165,0.84876949991469841,0.89307445831871879,0.80412894239808497,0.80495024388790459,0.83952558341915307,0.80616477727039504,0.79917692531366813,0.79801601855806237,0.79282664012551363,0.76110530967252421,0.90155466985498034,0.90430491088511133,0.90221003613301576,0.88331053323241138,0.87417311372699646,0.87007685252065015,0.9038153808587388,0.93822749684767504,0.93638677595364539,0.77625732387530311,0.78207746701286585,0.75141055325798478,0.75273682625532601,0.74260091662501093,0.71305434575625692,0.81795218617984033,0.89902074815988342,0.91115830356443961,0.8880173936008241
0.95905590275717201,0.91899816457831429,0.92703928162600124,0.87058531960129815,0.88777622011398039,0.89093960205856004,0.87907809212800203,0.89424942046184408,0.90528944895054664,0.75737084603102933,0.84630685911963799,0.89082173479331095,0.8125594393347334,0.81708014544199403,0.84582054725014399,0.82521359997333865,0.82232420995189781,0.81985942018303137,0.79576483733850467,0.76983127259061057,0.89712417462494098,0.90081263648247534,0.89910417826568589,0.8805467723966236,0.87200350608531829,0.86980738789268408,0.90316004240160197,0.93906294050867456,0.93619112604377519,0.77454052531133666,0.7916451185353276,0.77090904290196105,0.7630395280550919,0.76308840744426698,0.74838461299813708,0.8250148007547331,0.89758297609567095,0.91076791474215579,0.8874617383927661
0.95880432291789597,0.91882112126536708,0.92463383025631607,0.87002101084789529,0.88532471714176275,0.88916236915563285,0.87611795741685816,0.89143722138438053,0.90305349925071032,0.75414048765620323,0.84318903804308765,0.88772389691932041,0.81004003660698831,0.81518497896087627,0.84429632513786201,0.82257990065511011,0.81913183385486443,0.81649536105812259,0.79167854271892235,0.76551583020532432,0.89340502545892209,0.89715382803013444,0.89541239716867183,0.8767071395461582,0.86838613804757558,0.86791833081250047,0.90165361082787943,0.93716358505421771,0.93388813738489984,0.77281674969585279,0.78968685077634138,0.76849177615240116,0.75892232354373279,0.75830430063034981,0.74388862973313341,0.82290580405379199,0.89658395272597469,0.90874178758177671,0.89063243209682708
0.95531168584680681,0.91381014985298059,0.91968146846657384,0.86476088094449877,0.87927681116022816,0.88325042656752228,0.87064568654062413,0.88594732245853547,0.89723625763815462,0.75464887633309952,0.83828306845647493,0.88126698600223008,0.80596434805426898,0.81201470938081322,0.84024415592620816,0.81930338117755042,0.81499839642290195,0.81233669526148577,0.79542475315962724,0.76779596269421213,0.88754256590886249,0.89121267355311029,0.88914767993907229,0.87067004770585932,0.86200143969724963,0.86184779643665388,0.8960016711495421,0.93211856168727691,0.92843344692732299,0.76753686764449591,0.78546490713031691,0.76421779472676576,0.75767389693380993,0.75591322544426021,0.73824981518835464,0.8187328054322599,0.8913479136630521,0.90291955028376958,0.88513799442846386
0.94979079989812576,0.90814960173952997,0.91451916048529669,0.86383591353055933,0.87355864656562865,0.87739866486683515,0.86450583222746868,0.87934289627216033,0.89060198195405282,0.749834670717342,0.83257991485761551,0.87579937136641928,0.80080530577526432,0.80691894276478571,0.83587016705423156,0.81492875939558362,0.81037727028445006,0.80733362619626003,0.79153236692251083,0.77367727431653954,0.88193787676071211,0.88608807389876254,0.8842198758075378,0.86565449693173402,0.85695515337034656,0.85669907168912074,0.8900556509044466,0.92646804743844613,0.92257169173936771,0.76565901213765064,0.78325510359731998,0.76638494543230273,0.76841595648257033,0.75585082094457401,0.73312955057949403,0.81362731655530918,0.88835754206613449,0.90441782535926563,0.88344318710376102
0.94440424687606395,0.90407545496615616,0.90997900893461159,0.86112811947341061,0.8726374289401122,0.87760700403693237,0.86500852194905908,0.87997735978359071,0.89393094590963862,0.75696933743782002,0.83350631493693139,0.87282307336690024,0.80606434225838763,0.81638515570168879,0.83974850055074024,0.83571913749512849,0.83705095292226384,0.8289059593581245,0.79623503445330279,0.78284468801819573,0.87899293674879597,0.88378720599982918,0.881271750237137,0.86221392945694997,0.85360666424867937,0.85436735606663339,0.88983107497245606,0.9221954924750827,0.91801650779839739,0.80254513450283427,0.81173593572694136,0.79678265721164843,0.78174674169931613,0.763682758485147,0.73898879661824302,0.81968853024633492,0.88554661999274975,0.9016189365519699,0.88046669362636476
0.93983206852855916,0.89870266172528201,0.90614153796762609,0.85780930375254183,0.86693815361841287,0.87202470955350464,0.85974950675363482,0.87524441895608895,0.89035023199836583,0.75283982753950163,0.82912849821157275,0.86743088879056507,0.8082177229046571,0.81717578117051048,0.83726537089780462,0.8345051142155987,0.83495604874385809,0.82630313568969149,0.7926438012567677,0.77942976739791892,0.87296357724215523,0.87893656080615135,0.87623507680137236,0.85673570063075555,0.84801426260848956,0.84821757857471103,0.88491736942059496,0.91691433494560448,0.91238898273068614,0.80056631093895148,0.81117928532270589,0.7947229380922497,0.77861452213630555,0.76036641318451337,0.73619080178723073,0.81643242741961841,0.88171738542319456,0.89676769244323373,0.87758504600043952
0.93414640067990518,0.89454274982271964,0.90108782532390952,0.85230273961005165,0.86312359816079198,0.86752711749040556,0.85517787295980163,0.87007797134907172,0.88523525672386161,0.74702783630469571,0.82499684285387143,0.86512484254572608,0.80273513081332359,0.81341394908324494,0.83412803976444716,0.83618029134679706,0.8408125509292832,0.83258369852610259,0.78849908376088995,0.77542308207388255,0.86785291444115265,0.87468498441367215,0.87211024255111347,0.85253656060927985,0.84389996949116597,0.84401032993756686,0.88025342569628884,0.91072612751878557,0.90592663942635021,0.79505092182592563,0.80704850912670878,0.7914183371910205,0.7736305369466957,0.75999765143608722,0.74032634844675427,0.81427596166071692,0.87638973923448371,0.89044109375370439,0.87152363404202826
0.9283447701248343,0.88939521885356221,0.89641188670377581,0.85067849595796485,0.8596310377272679,0.86521163863344308,0.85102812710260534,0.86831287480407415,0.88843676309379893,0.74207474636495607,0.82032707066113209,0.86144628460290973,0.79984498612024235,0.81083388975255877,0.83076309266169157,0.83171647837322416,0.83551987539489547,0.82691008242357511,0.7837280597019628,0.76975052476626682,0.86177010307690405,0.86950785840011935,0.86703164658886589,0.84739149517500634,0.8390569035429335,0.84046711218305603,0.87912368322312828,0.90532628479837884,0.90073587149741452,0.79297898644321263,0.80391304652164697,0.78773674549957207,0.76787913137426633,0.75427695611905765,0.73452678518929049,0.80877430328259559,0.87180853036115857,0.88539183811367195,0.86809616895002306
0.92136826842487862,0.88298893655629307,0.91232046452445592,0.85081805884758488,0.85898501938221694,0.86425720331673284,0.85817736150351098,0.86839638413402354,0.88313059838870034,0.75076840376740694,0.83136518765102263,0.85885689541733745,0.80022450220911556,0.81427526391029004,0.83896083292326662,0.83963479759697279,0.84662000951488603,0.83965245674782019,0.79273886157175366,0.77556577098973845,0.85803957651378371,0.86875173306720732,0.86517179390714394,0.84457925986126148,0.83606833161473615,0.83546951067724073,0.87380882032322915,0.89906418934176568,0.89454116980515808,0.79273532169717664,0.80554548183814734,0.78991081264037744,0.76863293217526707,0.763251316521254,0.7468465108703608,0.82182006573830191,0.88128793255975202,0.88312207368453388,0.86541421531683294
0.92550953468239305,0.88512816962814167,0.91974254944645772,0.85715123331594734,0.86570562436924481,0.86990005942833726,0.86500136141643369,0.87724456977638243,0.88047402757445248,0.74881534849740983,0.83838509208347045,0.86674637072369143,0.79634233469584415,0.81246848641512559,0.84067216540473966,0.83903171035682411,0.8462337025409713,0.838121691895648,0.79175400298871901,0.77351212461953633,0.86120651900777956,0.88465267360053901,0.87775060581583897,0.85685104855200833,0.84909145840614442,0.84206645998094232,0.8762060597180974,0.90873563854319506,0.9053470843799345,0.78915711388104171,0.80605635419314814,0.80030732929757487,0.77642573837741391,0.76270169403425758,0.74402260836914991,0.82440060640966695,0.88945646452380522,0.89187858141947052,0.88023247757932854
0.92393113706480912,0.89107946386644921,0.9188796014008922,0.85368283584659377,0.87276909884309362,0.87288789604357542,0.8658083280964658,0.87631269535090894,0.87870545069634576,0.74785205481580963,0.83650442588964424,0.87890958721173962,0.7900632961333286,0.80670849132492828,0.83668209013521444,0.8342054849919589,0.84136093327354511,0.83310979373023752,0.78917243262557046,0.76934823314740597,0.87403401104246592,0.89300863390202356,0.88602102362465007,0.86334931683197547,0.85640283650684945,0.84741262578349053,0.87829576750477001,0.90643762971498709,0.90262334566854752,0.78295098266438123,0.80151367191307277,0.79902720892859203,0.77381518400861438,0.75912365563984507,0.74012492888773895,0.82119013314786615,0.88812606918751491,0.88867254248432737,0.87756162720454534
0.9256288579559605,0.9086908190264662,0.92294724906922387,0.85627785190785577,0.87883637899239242,0.88209523189453132,0.87141922448041587,0.88427312894584109,0.88797729781997048,0.7568214128298032,0.84257339125964903,0.88489344813570758,0.80418735942877118,0.82034213149380886,0.84429395468903834,0.84692045631478197,0.85589829318083921,0.84852663931713057,0.80193892161684288,0.77868563175212357,0.88524007263526394,0.90005969651782469,0.89446755519719401,0.87491806601080591,0.86859650516097786,0.86951009805506907,0.89140590695613842,0.90698238088851124,0.90089515702746126,0.78166465351554493,0.80660327961070566,0.80119589176323036,0.77530458109930744,0.7709591104918242,0.75694010341216966,0.82794696631106857,0.88938226275344834,0.88423859755943002,0.87827117450152614
0.92564896933416985,0.91317806886684494,0.93143830710074349,0.87804857771440203,0.88459779007401229,0.88898966469223895,0.88158970026045058,0.89176340145020061,0.89496767572153335,0.77002861925465316,0.85894329040680206,0.88791742272937901,0.82776132983268513,0.84693729663837092,0.8724766272001091,0.86661808719489852,0.87226811474226629,0.86437192135350183,0.81626485446065611,0.79258567913609912,0.89731642095500341,0.90451570769869438,0.89989952324687383,0.88182144078240454,0.87494031440742293,0.87639718639407838,0.89741713784262045,0.90705492698488055,0.89970130106110413,0.8046685787154475,0.82945689565917646,0.82004313301615328,0.78829446049312646,0.78162859752767533,0.76110132550464982,0.8566864386427806,0.90794440980555757,0.90069651924263361,0.89508515045619674
0.92443975306291437,0.91239606561664888,0.93088897345298782,0.8830859810309839,0.88339143039923496,0.89029714947623573,0.88106335344093767,0.89620329501818774,0.89762839080470969,0.76968861577244563,0.86113100099082318,0.88539060503764799,0.84363453362997221,0.86037215937524181,0.87900933240868118,0.86967253777087117,0.87201048391557867,0.86366755438384468,0.81546412959569592,0.79094545269316241,0.89525973059261987,0.9020876223650478,0.89777247209790501,0.87971512241650196,0.87277820639782411,0.87583486203645688,0.89893790714219435,0.90678066226790965,0.8978119569709353,0.81464812713363477,0.836544165713349,0.82253543253276939,0.78709265150900654,0.78039097928635204,0.75902773093526399,0.8576088825064383,0.90915307407145929,0.90191217310290372,0.89656985327108796
0.92397269013350347,0.90978181048700524,0.92745241494874919,0.87867678217615197,0.87911378648906369,0.88709923739243512,0.87772603165242047,0.89462170938899543,0.89415263888596175,0.76527391041467663,0.85757463508187848,0.88062809124489594,0.83986960525249543,0.85706880302779986,0.87486016680886103,0.86728008018350333,0.86992299405831675,0.86081186906276796,0.81124315115148138,0.78697847583744029,0.89046335388779163,0.89750073570190247,0.89327593885693091,0.87490526517330924,0.86788251405926098,0.87163320938161704,0.89591443398418635,0.90373441089680429,0.89423741321907324,0.81179402824351576,0.83513686823637689,0.82452405144354646,0.78500200077083937,0.77687422406744544,0.75503564027167425,0.8538363449277816,0.90496309401960429,0.8976107170805907,0.89331332220411042
0.91771997290594554,0.90373638384528965,0.92164607671265619,0.87245544357171201,0.87316494426832147,0.88122485515986904,0.87181282693918005,0.8888348643731443,0.88828268238897812,0.75915381759638578,0.85160474268332476,0.87432121962636289,0.83375914841308341,0.85081348599305417,0.86873594501690721,0.86114414820972496,0.8640377017872668,0.85500156011385908,0.80545125621668312,0.78183435275205526,0.88379099232080705,0.89080525227025842,0.88669844109214635,0.86843374296076026,0.8615625434604689,0.86571748716291264,0.88994741170318092,0.89699005695547729,0.88767061208638631,0.80622608999405443,0.82947617610892577,0.81958423162745309,0.77989010337064024,0.77184878518478672,0.75002992779157573,0.84820180368396436,0.89888364942429044,0.89132593934300752,0.88733519758275536
0.91059093623940757,0.8965783393980914,0.91350221205364013,0.86558319874572864,0.86556953762927036,0.87376237935335255,0.86403773513152582,0.88143977964242304,0.88104527920053488,0.75111056479026217,0.84349357244058898,0.86683645220920158,0.82729208000162202,0.84423327594744579,0.86165137791600233,0.85451995992181828,0.85725557796016605,0.84789100815798668,0.79786538198266121,0.77421962331050664,0.87606707627965619,0.88352769873816839,0.87914083301076584,0.86084216832993554,0.85404196432341739,0.85837273912258516,0.8827530067774344,0.88935151881580998,0.88000278742534921,0.799838040349799,0.8230995821308944,0.81301254040933701,0.77258937242735737,0.76447016560760084,0.74264367201272852,0.84048744389770391,0.89088531732758902,0.88381060622052754,0.88055368833646064
0.92887346612786026,0.90676470877063187,0.90614765055229496,0.86047315741549413,0.86038035299792603,0.86941320127302146,0.85764616523249348,0.87769073099114692,0.87626206325139588,0.74466592832326561,0.83528170350023323,0.86140616269790038,0.82048720648676776,0.83711256804175449,0.85365100896569612,0.84669956919911349,0.84949037735623079,0.83988264494846021,0.79245407546576108,0.76785204736238788,0.86996295775975352,0.87844506441386339,0.87403729606521596,0.85587507969547705,0.84994892253262688,0.85924785208351495,0.88531007160193875,0.91215703977612772,0.91210281710117669,0.79339723714396748,0.81582892629555614,0.80586904379295354,0.76541178743695049,0.75675683367610003,0.73413745634961602,0.83157319858888801,0.88376651986555077,0.87691507685405523,0.88353326825168799
0.92807317342636497,0.90819295158910207,0.90344534141255595,0.86225219071842496,0.85873437430950128,0.87028343384806539,0.85604638863660121,0.87915511660512025,0.88216153955093224,0.74006316110891945,0.83193495764838055,0.85855747613130207,0.81846873226930072,0.83449924025848954,0.85105606504256659,0.84430940228388662,0.84687481143227361,0.83697165080521374,0.78868574908996303,0.76405566575151074,0.86784547107076937,0.87492416039754206,0.87094444566387663,0.85309244132757667,0.84742544346209359,0.86095944252895684,0.88872857034902519,0.91193332888836187,0.91138252818891874,0.78966587633228857,0.81288071836788756,0.80280513110184992,0.76172845318301607,0.75340122609356419,0.73100469125767686,0.82797056947710501,0.88134861243815765,0.87463130682274715,0.89250715663260749
0.93071025790611384,0.93323962076998035,0.91138896241499978,0.8688894850754364,0.87787059287765801,0.89575928103053426,0.90039720793213984,0.90635640021297526,0.89841830479979601,0.74774230075853487,0.87627481665360796,0.86539477987103264,0.8278370818315729,0.84485728671895022,0.86386762668551897,0.86440290328559743,0.87085819692445199,0.86394200957609635,0.81012963186251974,0.78557998631045201,0.8763136580674592,0.88086150328833845,0.87777988476034419,0.86295264369518032,0.85851181047972014,0.88937340328327785,0.91128111414281121,0.91825327284526814,0.91617439541932599,0.81126086501268868,0.83291287318549434,0.82524948419734323,0.78867147904510748,0.78908217607293707,0.77375747696636876,0.85424312696587568,0.89151345943007154,0.88214678389302303,0.89713858143263192
0.92895960992587578,0.9317867855620906,0.92398405682761597,0.90351305378313629,0.87687688725929247,0.89576267484988492,0.90200897552749015,0.90851530959483495,0.89773777225018336,0.74454895344922345,0.87951068869730686,0.86356046797753783,0.83422739147965375,0.84866810829402484,0.875139784190759,0.86530757017806759,0.871125349886677,0.86543655171186196,0.8082052560907288,0.78324330641553841,0.87482615049541967,0.87902342870920724,0.87640114829311633,0.86181252476190051,0.85726931489199931,0.8883543051880467,0.91077891679642031,0.91789191178669194,0.91563133038812639,0.80903761269523466,0.83217526247301132,0.82427716623013159,0.78601020351514783,0.79083752200927848,0.77983990447600793,0.85772085416878419,0.911548584137573,0.92707354315300994,0.92229853671520645
0.92280017789998769,0.92598450606589855,0.91899546438145552,0.8980454762832708,0.87175828112817155,0.89029182563013842,0.89664057614072479,0.90280250918517657,0.89199373501078771,0.73956365209291908,0.87408854580434869,0.8585169401198004,0.82964437704558747,0.84379840257339689,0.86983391627043005,0.86027315967120155,0.86599577246004822,0.86024386029639899,0.80339461988886651,0.77763465239831631,0.87034848521791008,0.87422018368590515,0.87160494750543949,0.85678037262757845,0.85215051474391312,0.88271673780459192,0.90510777187317726,0.91195210623461165,0.90957361573779583,0.80351293169255977,0.82710392196100346,0.81866550731665289,0.78031469535046227,0.7854165488155842,0.77463251005921741,0.85250887546289456,0.90636991830434976,0.92158333488152677,0.91705418638302483
0.91651061391221322,0.91979609094177817,0.9140197886636221,0.89288265239811826,0.86714152904777086,0.88516493686988373,0.89245027445838976,0.89711701689763612,0.88578424345531226,0.73376043884786879,0.86917409833094572,0.85374476450952341,0.82406221013695302,0.83791018979693943,0.86434467103829249,0.8543802418140839,0.86014011759275055,0.85442949101778154,0.79843545584439379,0.77186884283010326,0.86603361609459484,0.87016835615247734,0.86742381030540971,0.85218649073657582,0.84747062555535968,0.87700445486296219,0.89885658742077379,0.90543042506597637,0.90314466457753695,0.79792635122786937,0.821357647759139,0.81305835451637454,0.77448042572441522,0.77976129682723005,0.76892404565275085,0.84696466858760133,0.90130253461501308,0.91650258055948219,0.91175398074036695
0.91055914987015618,0.91378587661128308,0.90844062157809236,0.88757804135592255,0.86195846083010608,0.87958795773199794,0.88753366386167221,0.89143561755759781,0.87960094976762881,0.72774788933509504,0.86352233071219842,0.84851816976000061,0.81821484980478798,0.83182133830942173,0.85851121681032605,0.84835697143814404,0.85420077505707181,0.84846800866361949,0.79261358156443873,0.76576355723167866,0.86081263673919595,0.86507559484787921,0.86209065893357861,0.84661042641596052,0.84183653755444787,0.87092712046634857,0.89267684937756375,0.89933551212237395,0.89732885165543108,0.79206227201854951,0.81547380577442341,0.80754504323539966,0.76877686556036195,0.77378205760368557,0.76318073362228289,0.84108784391170577,0.89575729646143709,0.91119001607233607,0.90617630339798916
0.9054834409858592,0.90838876952085434,0.90260780879543678,0.88246570790523038,0.85658419395870078,0.87399682429955761,0.88241247631486874,0.88598725422899316,0.8739327610058848,0.7215461088742442,0.85772523385558908,0.84304993308622156,0.81242989467637194,0.82609263771762809,0.85282029031117113,0.84257055359819,0.84834807839551962,0.84253228412600112,0.78678722744797835,0.75964581740547599,0.85529641615134366,0.85968146236877874,0.85646117686593204,0.84082801448540201,0.83605017059795506,0.86508138291497605,0.88713992264053876,0.89454864011492496,0.89300651757162786,0.78580199884726365,0.80963405464962723,0.8015283462778503,0.76259193646444345,0.76771045226210666,0.75713734529830701,0.83505376630067518,0.89002774269723739,0.90572109661494848,0.90269862065099105
0.8996924530515491,0.90247999752078956,0.89846133679617457,0.87924581956136993,0.85094614425604742,0.86831359926735419,0.87697121024604807,0.88051327847652261,0.86830847679549905,0.71565205330198922,0.85229105268448235,0.8374045225038681,0.81137902303703158,0.82316813374077125,0.84858091255541923,0.83796590897795487,0.84314682217420067,0.83702161449524604,0.7811861289226596,0.75395912180569069,0.84986347117674221,0.85423882900886372,0.85097255229609148,0.83517625585106525,0.83034215984207982,0.85906604245324036,0.88143832140830647,0.88925387719324345,0.8882260870835893,0.78619813818143547,0.80663433576818988,0.7962093657320346,0.75705006663442198,0.76202946160893581,0.75154540264980763,0.82966265010422091,0.88576411447997083,0.90191897454593373,0.90110983338110306
0.89435425063162677,0.89763556305069681,0.89495459491452833,0.87612372097461177,0.84626716527989787,0.86430227119971859,0.87271186790468624,0.87698617681854285,0.86699319569459465,0.72162802857865949,0.84939262777790159,0.83324286600547359,0.8083272552588352,0.81989887077900314,0.84575095579208981,0.83468640815827766,0.83947463113319776,0.83473232125940677,0.79468763179503255,0.76574112307491093,0.85117550659155361,0.85558770251779448,0.85005903154175155,0.8324897435666514,0.82704918621866075,0.8541169602437686,0.87818991499114207,0.88502176416794609,0.88417851404941694,0.78224580817478595,0.8027447971247641,0.79336223269458972,0.7583479834147453,0.76714818590431,0.75281175960362845,0.8283861320458159,0.88248547567925018,0.89872548215180847,0.89822689502380315
0.88961581952746627,0.89248819801232315,0.89160122912099171,0.87181938458332764,0.84741869074883103,0.86301520402083043,0.87407298694657876,0.87344396444392836,0.86209137426617988,0.72537218677608739,0.8504961281167569,0.83499152814559974,0.80430389419594905,0.81557198840390543,0.8455339846611476,0.83098913253894757,0.83486711035517958,0.83173521283840091,0.79332493026761453,0.76337698436695989,0.86303235709139137,0.87187074282746158,0.86166009057796655,0.83938747718535855,0.83225567922423416,0.84982032536094199,0.87357999249837381,0.88109159377821256,0.88085168115611356,0.77741594771737044,0.79791691050171754,0.78887345720885205,0.75626031578076791,0.76663871684157114,0.75286487871371555,0.83254712929784835,0.88071558175466291,0.89327765483855537,0.89305937846975025
0.88500666038890674,0.88817733306906899,0.89016076288433232,0.86736310096125768,0.84812645462357883,0.860945709817453,0.86994067620874282,0.87029955309021623,0.86217662661545569,0.729576397098887,0.84663331007316778,0.84158321100322009,0.79974367175130234,0.81055432066048627,0.84088781184316852,0.82596313954391487,0.82993328571690472,0.82685974995189837,0.79038468392844774,0.76219312613814805,0.86453891237442304,0.87062672990582501,0.86212346995465572,0.84057924621819224,0.8331339933230637,0.84673271904146197,0.87119539941587631,0.87661086024832513,0.87597506418037907,0.77297792282714517,0.79324724410422276,0.78472283255189601,0.75561338277023571,0.76325272658062282,0.74844310446716267,0.82829142154031865,0.87751855137903423,0.8885253237143067,0.88843983648543723
0.88295618539304122,0.88504960756075657,0.88873480736930865,0.86515732141574186,0.84423618084630436,0.8577696601799486,0.86672661536025952,0.86955200501403973,0.85777984672383689,0.72627704707884722,0.84336506296317926,0.83758422426143886,0.79618086803198707,0.8069255889526552,0.83761571456546402,0.82202680156020547,0.82576159436012797,0.82260100046065354,0.78691412535071548,0.75838104461428624,0.86097264573891619,0.86719733209566718,0.85809510443632031,0.83625267595710095,0.82882297645015113,0.8426296982871303,0.86792969541629583,0.87668481596354564,0.87605708660559889,0.76879501015441254,0.7894309529290654,0.78114744572281902,0.7518097251075595,0.75931385055645551,0.74429742783847952,0.8245165537184459,0.87565102544418316,0.88623675021311987,0.88727403178782183
0.87958806647257515,0.88135419037851315,0.88543126635482672,0.86283535479497808,0.84034228277809175,0.8540104208015975,0.86275985591615234,0.86579127166755365,0.8556040533282202,0.74978383163617346,0.83977807123440884,0.83408609758187613,0.79387437444931119,0.80315466605301011,0.8344829101501291,0.81745409519227774,0.82065423018891492,0.81748868291717514,0.78717596322258998,0.75814387578157605,0.86113240711725458,0.86985961331610329,0.85726129018203157,0.83498656556761608,0.82612596458846255,0.83856475183761436,0.86458234297639869,0.8730533953363625,0.87274404030120711,0.76472553400096843,0.78501398518415799,0.77666506461055818,0.75116120979493395,0.75628566983616652,0.73908809745684756,0.82063930297151144,0.87263853748372699,0.88285562065466738,0.8834273299990888
0.88165478856606105,0.89155131461774562,0.87979741167839332,0.85752258036029416,0.84362890422309234,0.85792525778244255,0.86554778077420125,0.86603386471945909,0.85815895599658543,0.74597039384022701,0.83762267242617106,0.83265526362609166,0.78940688073036724,0.79753810709141226,0.82850772688190866,0.81150360995241277,0.81383723120319973,0.80996785071574362,0.78479342317848277,0.75242741504769306,0.86215060968833712,0.86689307316977027,0.85719524813463988,0.83707968667850563,0.82848743236949329,0.84750594805163992,0.87097639018864059,0.87424070034653467,0.87310723954410263,0.7616017161411941,0.78010506336468222,0.77114730970205625,0.74487503120097476,0.74997701108924808,0.73039351814712439,0.81414062172783563,0.86701363682115762,0.87714245900118459,0.87789553698844658
0.87483868091642747,0.88576035932619579,0.87414707299456895,0.85228760852757735,0.83967032844792422,0.85387915727760555,0.86176450604700039,0.86174866721156207,0.85341556754813641,0.74248318758881737,0.83281161070935217,0.82842917424048046,0.78555039212693334,0.79389385512605559,0.82379840383457792,0.80826949574068108,0.81044731000126102,0.8059269217832784,0.7807868631554532,0.74860158713898184,0.85792406348814332,0.8630370330488778,0.85268616011100506,0.83227918776262266,0.82367353057364057,0.84310875263866036,0.86567051806638218,0.86699168094848511,0.86587914506791963,0.75963479649449783,0.77777578656026558,0.76881513008104052,0.74166910216263648,0.74556580076472234,0.72615231224856647,0.80941708533741974,0.86148148288276982,0.87130446800763128,0.87341062925281154
0.86804591213576421,0.87942411589338543,0.86609658548606461,0.84620950566883435,0.83522232688129683,0.84878351045196099,0.85732313750323863,0.8560052480328284,0.84715189125974633,0.73958570239522436,0.82699631612449254,0.82409723340154017,0.77921517517049699,0.78811788639277236,0.81744148929864502,0.80283027431190324,0.80486332395755034,0.79991194207643057,0.77698738904543585,0.74479226713721314,0.85425291563709516,0.85924432252259375,0.84861822831584655,0.82815263270457828,0.81934651304589889,0.83805401073789321,0.85926037868767235,0.85933928372493418,0.85809466057758466,0.75410807455272288,0.77215532515037888,0.76400696392231626,0.73830497751208635,0.74062344430371085,0.72033960313325807,0.80259473519538205,0.85386837665663284,0.86419681114146518,0.86716856532528774
0.86157531563658885,0.87301871717130497,0.8592328894679595,0.8404470646297616,0.82994941447202875,0.84329490406587926,0.85232554806640137,0.85023156260911559,0.84090395201172974,0.73580892165070366,0.82092299978634542,0.81852638481691475,0.77393197728027063,0.78345681227900577,0.81200445265084642,0.79851543933567071,0.80048420695353373,0.79479921102630668,0.77212111714319098,0.74007601121632893,0.84941882627640275,0.85431180125401252,0.84304547536675678,0.82239415792519988,0.81343967118666216,0.83217624990103933,0.8527915275970338,0.85214675424740927,0.85078482340124573,0.74951940619752444,0.7680276328923068,0.76018130679744156,0.73436252623396381,0.73513684337711926,0.71471912434871621,0.79649171256634144,0.84733830797534604,0.85777461299492674,0.86099071035197317
0.85580170843229197,0.8674069152301711,0.85171713619772982,0.83466739579348204,0.82420555007540497,0.83753424024698664,0.84649307392208994,0.84421445566937481,0.83491915035297437,0.73005342430865039,0.81426308388785473,0.81250211225582047,0.76859336493736108,0.77810435154893942,0.80615999198101929,0.79313528309559977,0.79495610478532497,0.78890848679272396,0.76641274102318901,0.73449346967971185,0.84331417481647342,0.84843893314872676,0.83700035914847437,0.81640492602043901,0.80742764189038363,0.82652117859150365,0.84686358400790473,0.84582952746010109,0.8444028251543666,0.74458046006560319,0.76288207588426937,0.75494383427940026,0.72896061360107212,0.7292423459191113,0.70898960454241888,0.79002250322978496,0.84043935960107752,0.85112769266849742,0.85499848797024747
0.85027995696503977,0.8620017995028848,0.84495521661975648,0.82979025492338265,0.81856476730479188,0.83185850172184672,0.84069872846602434,0.83863451490739571,0.82952822038315499,0.72341158321872079,0.80754688956479614,0.80694017842379795,0.76361271776807804,0.77321925774697231,0.80086106599909523,0.787954918074527,0.78942824893962238,0.78304909463535322,0.76001263584114653,0.72819397795499607,0.83821323877980458,0.84315600108602895,0.83178936321594366,0.81116440042614901,0.80212502607435543,0.82104713596973655,0.84135580231075779,0.84002722772774319,0.83828415496485731,0.73924730842485897,0.75761178021518605,0.74944339177468866,0.72308797396648805,0.7229729024619751,0.70324521885772351,0.78370099826725947,0.83415135685072372,0.84521186700312656,0.84944725527350839
0.84551704784973569,0.857021219455674,0.8395244350957457,0.82465107112355929,0.81270125036496921,0.82596878322850897,0.83488911537540311,0.8326699420748982,0.82365084477698802,0.71777714502557355,0.80147636344843287,0.80108316871484997,0.7586015218531994,0.76831979665349992,0.79565326823676841,0.78301994755620075,0.78423671724923716,0.77747616809777587,0.75512645894806829,0.72302358923613308,0.83392261335447071,0.83780000120947273,0.82629739638092714,0.80552271565252043,0.79634453585037746,0.81544284777354303,0.83586658534742175,0.83491241238686997,0.83301638332390937,0.73423554740685815,0.75271584377860157,0.7442668454430349,0.71771358286402698,0.71714810160116182,0.69745964280970929,0.7777969421060823,0.82885759588140584,0.83967563046988947,0.84433950376862854
0.83952136725208282,0.85126792805297979,0.83436471257400924,0.81961530603299648,0.80746000447495592,0.82060688503671375,0.82975619816334667,0.82719159035087453,0.81806848013915889,0.71340111539570061,0.79638794544466318,0.79597847709805358,0.7534057073197854,0.7633748375825995,0.79073193577494583,0.7781376428172837,0.77920247586932656,0.77244188696771543,0.750542689912849,0.71842775712781937,0.82885653193364384,0.83301822522554403,0.82131177357572371,0.80039284523689491,0.79105357681299504,0.8097251187658483,0.83026701277657977,0.82935154662452526,0.82737393758621203,0.72904912396987509,0.74762352677882826,0.73913352446290836,0.71300700320667521,0.71234330272904811,0.69263547814759219,0.77285652729039978,0.82386176051249826,0.83457905911664187,0.83906386108539843
0.83533890546179457,0.84655805291699249,0.82909872089060999,0.81451100152839462,0.80442160109941985,0.81587219032580083,0.8247119495437385,0.82207418866964788,0.81268585142393024,0.71297345717992755,0.79143800488673666,0.79590491019931819,0.74862071679888964,0.75857397027159867,0.78573205155536163,0.77336723909913763,0.77433492499167544,0.76755345525574814,0.75121118472259096,0.71820655444726234,0.82579392726886902,0.82914480264253243,0.81808729585059303,0.79700133985357857,0.78768408719406813,0.80442037593658966,0.82536590467893489,0.82724767286438294,0.82719673258881776,0.72418045641394801,0.74275996645430609,0.73417899891853289,0.71069832594126336,0.70892541123042241,0.68795783940838984,0.76797088084114062,0.81869407155832996,0.82926457678807097,0.83379442337364384
0.83943858315243369,0.86806462259239281,0.82725835880125009,0.81219266853666172,0.80366540485130422,0.81985394959074231,0.82327791799937633,0.82519846130793229,0.81750289065926718,0.70762823193509305,0.78700479412654745,0.79276708843393362,0.74230828482760225,0.75223220505866317,0.77954019885809878,0.76704953616416671,0.76730990084622352,0.75972050496541543,0.74706793367109903,0.7132645898432185,0.8240047816100371,0.82710862513837147,0.8152477581223524,0.79463887777128239,0.78596981809087763,0.81700291841313011,0.83837039602235841,0.83278833474635283,0.83120209307165083,0.71949642815807624,0.73707130681059418,0.72847042253154193,0.70539930511165327,0.70252977994059529,0.68033033454615888,0.76069543435605647,0.81743894271464823,0.83155122417357041,0.83775246283945137
0.83884429809340133,0.86833301179766065,0.82109047839488181,0.80627100070681446,0.8007528171339674,0.81812000501942195,0.82062482228811295,0.82344839661312397,0.81862225168755887,0.70353993099117262,0.78227402325640016,0.78875787064881087,0.73672420785032133,0.74745534038036154,0.77423450358614088,0.76307226422783181,0.76312482261199455,0.75478934178993551,0.74330082899219629,0.7094204894260685,0.82000164795302755,0.8233376662369265,0.81154306028122369,0.79105146606025367,0.78233705370184292,0.81641457424643549,0.83845229401303534,0.83212217902802044,0.83140609975106794,0.71586554343772435,0.73333692558503516,0.72508029392273088,0.70229413283493536,0.69794229286544462,0.67520543499312513,0.75504492959818603,0.81145259799849423,0.82469351618607711,0.83315996940753456
0.84032925104377698,0.86704165294559399,0.81782176254467287,0.80537255418490106,0.80052882576465501,0.81629865313763494,0.81660555227349407,0.82007489899666819,0.81372909993555675,0.69863058233077502,0.77731545676179126,0.79043886352725801,0.73245802006497629,0.74304311434066384,0.77052447787680434,0.75878861505963424,0.75878724564494671,0.75005942513663748,0.73867914975905069,0.7046444812933107,0.82151623868338164,0.81969525738629079,0.81626406996852052,0.80372013160314282,0.794173391027577,0.82190745607469817,0.83630996206995423,0.83590666427173432,0.8416481481864605,0.71140019605239424,0.72897231165762166,0.72099047979458264,0.69804239859913708,0.69310107332420556,0.67078797667449108,0.74986562438149984,0.80890976763376155,0.82431698350318783,0.83199912340881343
0.83645593316102251,0.86313857340538858,0.81224069015563716,0.80174224041628572,0.79652548737189088,0.81264651771554497,0.81271183633588562,0.81621370915692537,0.80989166280156377,0.69391214965435954,0.77212815902050347,0.78603242195603229,0.72816229580363645,0.73887078642853421,0.76623679078644991,0.75454186940503543,0.75410514340164247,0.74483820082593977,0.73403551182247906,0.7001116630514036,0.81615855994917652,0.8149795810354461,0.81136178993537533,0.79903365071610899,0.78950130973414401,0.81814580825317362,0.83246803127618829,0.83127289484635181,0.83704373313761404,0.70679408766210206,0.72414673212488345,0.71670798172852268,0.69420955587417621,0.68772358982095749,0.66500098239249716,0.74393572353022697,0.80337987555286672,0.81895909638105235,0.8277795051107798
0.83051149301643024,0.85673497257387332,0.80553464197175506,0.79677625795680174,0.79170848648409375,0.80753746261837822,0.80778288988984348,0.81092325971944001,0.80397906636062955,0.68892413431240351,0.76606455928021522,0.7806733893291411,0.72292004010962796,0.73355682379608145,0.76065833392199933,0.74959022846259449,0.74899821244917619,0.7390729739527121,0.72908568534282892,0.69528212088185959,0.81019152358112834,0.80952391594534123,0.80555979622516727,0.79327564310411747,0.78379111467700857,0.81262927585414402,0.826224844430272,0.82413774411350371,0.83004391825349211,0.70182302053236423,0.71904461292617305,0.71250910470637496,0.68977214335885595,0.68239216700866256,0.65932977972987405,0.73741175789649993,0.79701182821298633,0.81295255508206199,0.82248632613131967
0.8244257232201877,0.84920927754068432,0.7974646988557349,0.79139995784403527,0.78517875761195866,0.80051619337818558,0.80164412684621211,0.80374431474402486,0.79617050006457313,0.68887746487461443,0.76001632766394422,0.77498530650127262,0.72155306542897113,0.73430691534446046,0.75752567193935605,0.75255477768264201,0.75198899873938896,0.74020497810464703,0.7288353382265943,0.70947537118422999,0.81184907647337501,0.8063107653931838,0.80138494713187958,0.78804317192904483,0.77789241510789964,0.80574319669954941,0.81841147522217883,0.81623671145307575,0.82387011600098226,0.70137477565308348,0.72154559301425214,0.72015593499370734,0.70851474761168198,0.68829303442531498,0.65989153784051513,0.73411564563291631,0.78971385605827937,0.80570914417012962,0.81831335212555478
0.82227005452722579,0.84624190808910982,0.82002160399199731,0.80139581796114179,0.78520326679764252,0.80074753713565094,0.80190554213985865,0.80555952706582512,0.79431721982042458,0.69424567854722874,0.76633738851627775,0.77439482537457327,0.73501869450178203,0.74931623245789958,0.77148276160222984,0.76669084883257665,0.76629908545933634,0.75424314814021809,0.73455961478685627,0.71801318018378457,0.81220557794723802,0.80650995503556377,0.80127555989916732,0.78697155984670519,0.7768061150141965,0.80365071072913763,0.81634953427338242,0.81334907758674291,0.82139466270234218,0.71086257120204421,0.73389005129543394,0.73257260981149708,0.71842263604680168,0.69849403822357858,0.67216852970221608,0.74592641912507773,0.80399051557003787,0.81666345824601727,0.82217578147669557
0.83612126691275213,0.85146661885533859,0.81711960232551983,0.80167100592954055,0.78678229220436124,0.8020229233762961,0.80605472215752338,0.80848375613939116,0.79169160732763255,0.69746212563456111,0.76908744629399217,0.77637237378262636,0.73529746146066266,0.75063215969299479,0.77211348536596958,0.76942545714347699,0.7696496434386777,0.7575296915182248,0.73758409710515926,0.72169488413308946,0.81944685037313136,0.81367258941136256,0.80695218145238234,0.79157411868841576,0.7809382769418195,0.80506887566714136,0.81897374797561096,0.83819483424477625,0.85780224048415321,0.71101073313870933,0.73623163853771667,0.73929038655019119,0.72319241335251117,0.70357352962707975,0.67856930477993405,0.74819189793400032,0.80217105798651267,0.81413788605369752,0.82606270306137997
0.84024763505995126,0.8506917185604741,0.81436921597626244,0.79987592798592189,0.78374704373757031,0.7984479801688722,0.80321805255554435,0.80480637566646918,0.78722688333058577,0.69573698485961799,0.76636820001104022,0.7736071301986911,0.73390048419316822,0.74907233815633101,0.77028983813829421,0.76780500898711512,0.76802289333218998,0.75572869941080523,0.73563371849986725,0.71990956461659461,0.81685583630363923,0.81154331157977855,0.80420764295139846,0.78850458337481,0.77774734819737967,0.80147141991975024,0.8160896276004842,0.84017584405473822,0.86054088167637632,0.70969030072941364,0.73482333047583315,0.73777933882757296,0.72160625567563297,0.70166781204779727,0.67675245754981017,0.74591064223795611,0.79978586040629807,0.81165423447468943,0.82385207348834355
0.84206427035957465,0.84696820373703186,0.8100541853807528,0.79686478579155329,0.77875935493056703,0.79313891765631561,0.79925020650674072,0.79969593796062211,0.78136622861123561,0.6922935863335169,0.76240183887122037,0.76839449267735216,0.73154104408427612,0.7468679310315145,0.76735908256040541,0.76557259674626499,0.76564123221386504,0.75294509264602016,0.7324664534717511,0.71703598478433694,0.81220792670371822,0.80736448085724843,0.79924270647903461,0.78318715558382668,0.77229770317098922,0.79580172797491644,0.8107934444011603,0.83780382763551042,0.8562895888869676,0.70746604418645243,0.73263766362522009,0.73552258229938683,0.71906032914928153,0.69879407101145896,0.67434383833105671,0.74238116577188817,0.7957950691500475,0.80757228433913186,0.8199440549204543
0.84026323304389217,0.84114878475666988,0.80126401901338928,0.79136894279311665,0.77200685242656109,0.78593290061043919,0.79254018319680197,0.79208141787792163,0.77308424727323344,0.6852120790739521,0.75457149814636038,0.76163930956328663,0.72654911219507756,0.74198885430012429,0.76163427954685881,0.7607149039860972,0.76069352535879375,0.7474155491183152,0.72571706264157188,0.71075184774632427,0.80567423024684071,0.80087770220119325,0.7926624148062642,0.77660361957691937,0.76562343513583886,0.78903365795727154,0.8033101983239701,0.83290797801504879,0.85125183355168732,0.70271201835768671,0.72784587433759429,0.73086195584019176,0.71362204321263478,0.69266180170541691,0.66875854967278625,0.73528722055625284,0.7879232587472601,0.80009540856650474,0.81346854611048491
0.84588126045817436,0.84314416844362428,0.79395420517162085,0.78662760295676737,0.77168809550839834,0.78676801452305578,0.79047154879451975,0.79347310554358985,0.78004502044780633,0.67894498301059403,0.748830478093928,0.76078896914909344,0.72156751422414211,0.73728803142900756,0.75659046420852083,0.75583340214998873,0.75551175655186975,0.7416698719753495,0.71972683510954039,0.70446003317472972,0.80182331406699892,0.79657945992418144,0.78938289491483704,0.77422844584772876,0.76393089193330943,0.78975519889105295,0.80653855880207348,0.83454880745660853,0.8510897612563082,0.69768008030445794,0.72282311671962229,0.72575367770081989,0.70764049451183231,0.68662680738626791,0.66313779704141562,0.72868131854539675,0.78115994691235391,0.79363185021065707,0.80814813486138637
0.89286473108349107,0.86587061448110891,0.80217322033834437,0.78916103921063108,0.78012928918684676,0.79822914526819633,0.79971110538235257,0.80749856030101363,0.79902468608855115,0.68851605357250889,0.758954158645187,0.76732818842814066,0.73528213483247262,0.75115940099980205,0.76562899822233332,0.76842967096573811,0.76789121569876106,0.75393526998282323,0.72894712841900966,0.71580210096944341,0.80623246173883889,0.80076959621738653,0.79471944018289786,0.78070026523737646,0.77099994478605993,0.80101097083772332,0.82501705152742122,0.86243037457189464,0.868229935620355,0.71675072391457506,0.73952860645972818,0.74142841604089371,0.7207064991036658,0.70022695215770625,0.67963475526634731,0.73921804371054833,0.78631794259280219,0.79339856861340718,0.80911460188690376
0.90781934215221649,0.87279800791029538,0.80402482867834102,0.79139645230050371,0.77949728276762387,0.79888621669224058,0.79877103726043297,0.81061270077741265,0.80103247745489448,0.68725219548734884,0.75797004411519042,0.7664494828816063,0.73685569017689878,0.75146145881334403,0.76591873098987762,0.76866105740933488,0.76794843036675764,0.75372129072443017,0.727301651088613,0.71445807937465255,0.80557905287665377,0.80035177064063689,0.79425102916391599,0.78018136099889124,0.7705681694835641,0.80176516839704104,0.82935060102024449,0.87617336031695459,0.88017977984865259,0.71723394501944915,0.7396803174995934,0.74079527553791646,0.71968543587164657,0.69924195498688124,0.67933427653191447,0.73868914301689537,0.78807490725743989,0.79431314598532565,0.81590774943304523
0.90691955402607927,0.87160401419384159,0.81018120555783291,0.7932551849219972,0.77831660943256886,0.7979249424424254,0.79783204559472065,0.81031111304753256,0.79995514433754467,0.68549372900573868,0.75867382721628251,0.76503132352345504,0.74039659402347591,0.7543413150031526,0.76854254250725007,0.77042918056821807,0.76942940340464605,0.75502701748172907,0.72568027276125491,0.71274970414696504,0.80373851785307915,0.79898575407526851,0.79263046865771114,0.77847567736624357,0.76896482647726716,0.80035597189615659,0.82823105202149905,0.87531509821736531,0.87888705323469674,0.71617644402611369,0.73990202659338777,0.73968626160422979,0.71809437172573198,0.69771750009385491,0.67801689027574685,0.73991732398433763,0.79183388726546833,0.79459336562733029,0.81857745681343375
0.90359275922490423,0.8683713475098398,0.81116665027379209,0.79250370539383586,0.77568454681223287,0.79492214629724545,0.79568032299427471,0.80755974502125238,0.79657870074110593,0.68252209759544769,0.75711561463639798,0.76216818789962415,0.73855998928875166,0.7523833882522869,0.76717441098460526,0.76844678701435987,0.76743621033413223,0.75314420841983876,0.72299064066996921,0.70986985684523229,0.80040398083243547,0.79584801549779305,0.78937995458714216,0.77509173355834082,0.76558413979309514,0.79674975242225587,0.82487725268407908,0.87291176170869178,0.8771491889205042,0.71398306141094825,0.73788500902025467,0.73750258177017491,0.7152786755876317,0.69542721583193501,0.67623767504054666,0.73835797928863445,0.79221977967287704,0.7946325233456446,0.81776893313359655
0.90177453617071823,0.86821347391155179,0.80877711894345339,0.78956392616370763,0.77165294696338327,0.79127941608672425,0.79196484504617548,0.80444980120413856,0.79298238225201823,0.67750323419165515,0.75295019472040003,0.75778626496608303,0.7353414340347364,0.74901663748306835,0.76296252118390218,0.76485760003794767,0.76354929987896136,0.74844217088512943,0.71879711689083536,0.70600713481010446,0.79647551178357701,0.79103081504503936,0.78520130714283909,0.77137228742331565,0.76152502824654078,0.79424458639361761,0.82322002075405309,0.87326310713354527,0.87988026449681667,0.71221930203125983,0.73558981707503401,0.73487831792883274,0.71166268383414999,0.69116297325761156,0.67179218935071205,0.73371557197691195,0.78937885673589092,0.79156217493259062,0.81795942312664782
0.89659857566617152,0.86256588072591456,0.80422122024163145,0.78613258562852661,0.76653449514265171,0.78568573860231239,0.78740015786665629,0.79876540495114745,0.78648428476324506,0.67409345901748496,0.7487254749999358,0.75276647565531651,0.73224676014688039,0.74657877850127374,0.75989415718677522,0.76265699101436757,0.76127956786118278,0.74591971726901463,0.71541594485111137,0.7032531444938267,0.7923694163825068,0.78673699920840168,0.78058340509789192,0.76686631507240222,0.7566921037940102,0.78895292768283865,0.81693343277844555,0.86671457641729144,0.87380074901786531,0.71007470137796891,0.73331154539777443,0.73273351763189343,0.70945649651075993,0.68830692877796185,0.66931629054266784,0.73028512661343858,0.78519503986619321,0.78726197810848209,0.81388189822560197
0.89287784065280018,0.85871187271559091,0.79997186965628364,0.78208194497019257,0.76417091595925835,0.78304238805464421,0.78520415584068826,0.79596276255548848,0.7830579187627853,0.67118490370762018,0.74502791112764855,0.75004743250245942,0.72841646846692543,0.74273251902206816,0.75578370618579116,0.75878856848017939,0.75752373694954134,0.74218241001798468,0.71226474400771134,0.70001458542043471,0.78875012158589497,0.78364597951050752,0.7773788055645916,0.76359886931389676,0.75346870650349107,0.78574821968980968,0.81314400186553359,0.86269335220129539,0.87011120064104897,0.70653203730577607,0.72948633083304137,0.72932051503097317,0.70634400445505274,0.68505232710245967,0.66617420949492878,0.72604129064479628,0.78064696460083638,0.78316886729311463,0.81042325088565559
0.88912865473553926,0.85481251370520961,0.79507516017600399,0.7779219335721711,0.75951232973988758,0.77830766525334449,0.78041756318404543,0.7913235940781006,0.77847373829069455,0.66723612229594931,0.73946244110746451,0.74552738805824281,0.72428582157552979,0.73856883045813004,0.75134963350467943,0.75472357585575622,0.75339308510722947,0.73775107550843033,0.70758634657102193,0.69615142294095456,0.78416969574902984,0.77924783679340448,0.77306841521917935,0.75930640530691162,0.7491639768160564,0.78150705641222074,0.80877422948130251,0.85839892360343661,0.86570191275334296,0.70255775127059761,0.72521504493240596,0.72526040112406431,0.70324085835497296,0.68058304163754824,0.66183129735026935,0.72078625097470994,0.77575950424443751,0.77859050215899239,0.80645773641677354
0.88394793762330226,0.84892994274059386,0.79030932359638473,0.77378369375911937,0.75391409878528304,0.77241438125435591,0.77545100666747513,0.7855444272362283,0.7721268461200832,0.66388058646496917,0.73433211143915222,0.7398084155721667,0.72070743213629573,0.73470392519787298,0.74688626729492757,0.75090619677286596,0.74925249364668922,0.73298742069275691,0.70348309694687405,0.69233361653804415,0.7785098317744058,0.7737388125603113,0.76735561148549736,0.75362442084416204,0.74336791168159777,0.77564988136528135,0.80247171083209257,0.85254088963945684,0.8602823734914431,0.70029996652057203,0.72221953492979585,0.7219626916381684,0.69976811206569989,0.67593242178828006,0.65695162734708357,0.71596435773652722,0.77131236111638868,0.77404217282525367,0.80216750045009899
0.87697456292885445,0.84168636146103382,0.78273790820400924,0.76851296105778311,0.74657019313097839,0.76521032539190248,0.76880752717437661,0.77857400573845315,0.76480206929543348,0.65641294624238788,0.72678993619435228,0.73157932425336991,0.71584015032022918,0.72989968142134964,0.74107596351074601,0.7460296393437672,0.74414970091727795,0.72706036189459788,0.69659796314791222,0.685782715637824,0.76962619266141807,0.76505109740041188,0.7585638360823671,0.74510194851620415,0.73479212928745896,0.76826118554106948,0.79488156181685454,0.84389307225928223,0.85194804290730897,0.69644003089828155,0.71793543290115946,0.71772817323682614,0.69412882037333368,0.66968110428126781,0.65111723176107461,0.70904602463031086,0.76439287124918609,0.76749897999412275,0.79639513706049792
0.86911465542562671,0.83255133269737502,0.77353911844673229,0.76266026973440482,0.73761865259355863,0.75572198099179355,0.76090864586610707,0.76920942309460216,0.75441937226721001,0.64811390811980929,0.71802849607778085,0.72198295542746849,0.7102222442793148,0.72457117357000989,0.73473653680233975,0.74079205817443872,0.73869253850609962,0.72087184775439184,0.68916517323048221,0.67883064234812329,0.75981099712204636,0.7551586106106204,0.74862893443021261,0.73544113938332589,0.72494041165749457,0.7589202309857449,0.78467757391188542,0.83369443061309889,0.84293645317687993,0.69129969750244735,0.71279973950934994,0.71276888616906264,0.68789590327140171,0.66301254459153824,0.64502660589877348,0.70133278527505494,0.75614075725465868,0.75977802316456444,0.79008817012755028
0.86271487151194759,0.82516504571729454,0.76531287659057357,0.75721289940896108,0.72787476349162827,0.74627395002593755,0.75176893765288977,0.76030846788070061,0.74550381387557851,0.64012387132639403,0.70848025624998368,0.71205186645765017,0.70473384781326476,0.71937119275641315,0.72871233835415172,0.73562713555080916,0.73338581556859062,0.7147716355447773,0.68083528382240921,0.67186908232599452,0.75122238461969226,0.74584401279238899,0.73921048615665608,0.72630830383364087,0.71565625788505549,0.75066345408597379,0.77612311209145934,0.82470767146774637,0.83465791435088588,0.686269381619519,0.70785670776202225,0.70796034548023679,0.68213994686507518,0.65586413020120637,0.63873254946918956,0.69352194497679542,0.74862537747633884,0.75287535517904502,0.78436198045781291
0.85149228904361152,0.81379344781501384,0.75464885334852239,0.7501520637996274,0.71730392342700444,0.73513784071233446,0.74140948703595,0.74887497217519328,0.73336285896712428,0.63122191129301863,0.69748186259625633,0.7016600799744247,0.69777139632702512,0.71300077700665065,0.72102109636458656,0.72931540388730942,0.7267807646434864,0.70715703680825659,0.67153110968391605,0.66351852763125263,0.74155609478825968,0.73606567842816739,0.7289273543878394,0.7159313203810137,0.7052409305866949,0.74032572623049286,0.7640038978279039,0.81070694783889041,0.82169892278958323,0.67998683545153404,0.70182166306834948,0.70207632695248201,0.67507964643759055,0.6473187461241432,0.63100605030688395,0.68397741061655559,0.73885056400330096,0.7435730259140706,0.7766488473768498
0.84108708790665365,0.80263433360303182,0.74522064487450224,0.74391143490270772,0.70750472220817073,0.7247560745293129,0.73171054865202945,0.73817193237190637,0.72186642432102655,0.62228182363418927,0.68738306560427409,0.69170926154286771,0.69152215250806559,0.70705962941059486,0.71414973087205613,0.72337283734860613,0.72049448694759755,0.69998897799739301,0.66244508958392168,0.65510492110438012,0.73165855562536863,0.7259353046658622,0.71876131459057746,0.70613472540694833,0.69534747504414995,0.73018232234310854,0.75233798684135267,0.7978920420217156,0.80973504347629099,0.67420060553989558,0.6960727282857222,0.69628458319729314,0.6680961246339796,0.63886948797063314,0.62340750036102743,0.67519716008870101,0.7305516753575596,0.73588628977407733,0.77007731312366445
0.84267304401696741,0.8135318525829035,0.75235047067836791,0.74698163364411763,0.71656571141302483,0.73632601887426385,0.736937277862735,0.74849137104657959,0.74087506258615576,0.61576838935473055,0.6895894328910348,0.69908563895735976,0.68702764223679269,0.70306227698974622,0.71249707173701582,0.71917627253487504,0.7158851506695918,0.69533172894688988,0.65958913870190072,0.64982819249526436,0.73738800746696553,0.7242929325927896,0.72533022065373942,0.72106734243889858,0.71005475520578698,0.7502443145947002,0.76702443650313301,0.80205626894412296,0.8154689888429838,0.66908865973869491,0.69137017919606902,0.69173120039419589,0.66278378433708629,0.63450003446961489,0.61811317136918298,0.67217568250083348,0.73372796681213248,0.73894722662613799,0.77811870207557687
0.84391853359300462,0.81792910311546652,0.8213866178969208,0.8199698227772062,0.7539139762152135,0.76631044148882277,0.7807176736792576,0.77919411923351256,0.75303038097501795,0.65419721581614887,0.74961088601101089,0.7388310369071639,0.70067622252862438,0.72130226583557167,0.75750612426416941,0.7425600002514714,0.74191133234128404,0.72845494026176538,0.70557301224267777,0.6843570960932388,0.7643090166917389,0.75747181517184448,0.75657230831640243,0.74951113786868395,0.74000327934606502,0.76746231180317825,0.77858318587208264,0.80851680923770863,0.81893328978525082,0.67227957435307206,0.70225229106589282,0.70737849976025646,0.68673788908789113,0.67595022941283978,0.66035410387498761,0.72217925295799845,0.81187193539478453,0.83727802298254439,0.87491046308320419
0.85192515323264739,0.83266818577322144,0.88665277954928856,0.870783237289941,0.84537497520504301,0.83731694320529271,0.86156369703766933,0.83563220352242196,0.80111446901589523,0.70795112127999948,0.82386285072635146,0.84341994497560002,0.7237472820110783,0.74897947053248026,0.80631751296782206,0.77979900248598921,0.78293967726358182,0.77639323908790925,0.77324042324576636,0.74020142386389687,0.82050430997164425,0.82435532128787314,0.83242824619594558,0.82822087683836798,0.82251118904259457,0.82779589317360613,0.81466241352792246,0.82288000903709646,0.82860912541047882,0.69391811469110098,0.73030755522402291,0.74176149746699316,0.73287192556055714,0.73657374351249094,0.71956006488158675,0.7855793699283018,0.87441205632197661,0.90578386046804282,0.91371167585059565
0.85843927993993585,0.83865211856541144,0.8877745962625716,0.87289440592497169,0.85603592823932007,0.84592263359858988,0.86765394075426661,0.84299405322632381,0.80972659638792155,0.72003984145496724,0.82823752210780577,0.85810823170174122,0.72597690079227295,0.75230527232205124,0.80997873564492606,0.7847868668876592,0.78860189978628803,0.7826592249939156,0.78223112601332301,0.74850567912620047,0.84192354300260785,0.84385487028289641,0.84948248878698784,0.8437012131324706,0.83712973002719537,0.83570761577757902,0.82237167552141277,0.83152543310763127,0.83675626207887499,0.697985368277104,0.73444630362231567,0.74681100147935287,0.73946032230740311,0.74474834128562928,0.72833213931517005,0.79119044250103787,0.87635972617372082,0.90715846675468448,0.91481496841058507
0.87094790913441489,0.85643619585178554,0.88880120288436948,0.87279996413346816,0.86600377488077107,0.8607838113149815,0.87216964404872621,0.85848322824540035,0.83709407116273349,0.72010709830409791,0.83033162178349518,0.86613788716924212,0.72924928345180617,0.75372855281009143,0.81022626344304016,0.78513665409903677,0.78828358122195175,0.78228028940209182,0.78296150792875718,0.75045680672991877,0.8554950314237324,0.85056443111349689,0.86081882381990016,0.85932788154853379,0.85538168531445924,0.86172050198018502,0.84600956211528555,0.85607119611364546,0.86799465987097457,0.69836882201739814,0.73531782803723078,0.74746235306762265,0.74281058024831992,0.74533092011664626,0.72751127585291886,0.7911882056331575,0.87658357034744683,0.90661070460768312,0.91457277976477735
0.86941193357456714,0.85539641254727783,0.89258678297447691,0.88158054764779692,0.86532228355601948,0.86022673792582105,0.87184626831204681,0.85784662406657752,0.83606398774333135,0.72072448236485076,0.83211153191225573,0.86518120275896426,0.72795777686721375,0.75239043519130844,0.81416406544692765,0.78482397460334719,0.78828498432344252,0.78284828346490332,0.78398547210804159,0.7506783206245462,0.85544972451486845,0.849868829326345,0.86022289328921087,0.85908360383530846,0.85474801182633176,0.86092718876272156,0.84509935738669206,0.85470203923638977,0.86649493718509363,0.69684709891133634,0.73397290951204364,0.74670364872159967,0.74271827039314597,0.74530862226381056,0.72663246930689729,0.79425183824200163,0.8837912346322786,0.91880218434295891,0.92124976294633476
0.86944286383972147,0.85462981790100168,0.89057935111818376,0.88371223457731485,0.86259603350948655,0.85779268851681201,0.86949162372770339,0.85659881520633763,0.83364555773855153,0.71879391067239184,0.83018392271822439,0.8624188818122378,0.75783942561511897,0.7759749020824227,0.82155023656470649,0.80115711384289479,0.80330801874604119,0.79356904058778666,0.78243296148124508,0.752816568104689,0.85307716947960199,0.84763529845459029,0.8578895634550272,0.85699096760758031,0.85243290023117346,0.85866958171628271,0.84393942533654742,0.85938609153992962,0.87498304027695117,0.7289970830760254,0.76144215105992596,0.76954391239408693,0.75010728073505117,0.74660406531326551,0.72711922021022313,0.79481831799028035,0.88245377947224268,0.91753187350550469,0.92025083254097151
0.8663884399433005,0.85256127736324128,0.88895401061668344,0.88272733191343467,0.86110739934922054,0.85630643422765618,0.86804484349614863,0.85506788979700177,0.83201331389737609,0.72608476932834998,0.82881535518004823,0.86093844393443664,0.75714106110894763,0.77545629992541831,0.82079345424530525,0.80126910021680497,0.80326331162731712,0.79310313389369702,0.78277925587055919,0.75903974767116666,0.85128009980991515,0.8462070062762117,0.85623371029085493,0.85524378715857463,0.85075377622905357,0.85706014903522965,0.84215493194211521,0.85698034341209739,0.87248484306590457,0.72847001822881807,0.76175098895983406,0.77185042952693639,0.76038492595637364,0.74807772907433567,0.72597869217384314,0.79396301690722393,0.88114292814467843,0.91610870241080489,0.91872942239732036
0.86317696823526724,0.84980513982919603,0.88572838330279979,0.88040870644671543,0.85821851677147143,0.85334190501585527,0.8650410254765809,0.85223723391572492,0.82936599778808262,0.72455797197716121,0.82570510767882654,0.85836527496372972,0.75526050877547102,0.77355186825707434,0.81846034886364116,0.79926275476131348,0.80120048636153807,0.79082908304442534,0.78075906045395338,0.75687639901388959,0.84873476319526353,0.84404634248236243,0.85384185859847295,0.85271809141262866,0.84824534513616068,0.85436362048127823,0.83948667983109393,0.85432666343968766,0.86990979828885429,0.72663518459809451,0.75983697609852552,0.76981669898512928,0.75824505967376687,0.74566325334926242,0.72359093866827484,0.79113350284634232,0.87815095477448113,0.91333578340571764,0.91632343715303533
0.86070969548041543,0.84749605896226021,0.88249367378968335,0.8778306424470671,0.85559127351021536,0.85068284288703977,0.86254126190714731,0.84971809799209641,0.82710269192945507,0.72210069730339621,0.82219429034983682,0.85547385483531091,0.75336816616818292,0.7715150182046181,0.81569669427635294,0.79702993943767864,0.79896876232387948,0.78824007862475531,0.77794098255222177,0.75451450854380864,0.84562110093653353,0.84113420207591971,0.85084724981643312,0.84977788048933067,0.84533913335765032,0.85169605524751335,0.83718715176827141,0.85206302586936777,0.86768890969434298,0.72473301394987322,0.75791669755983193,0.76787879953746097,0.75603393795172913,0.74293303554825507,0.72104044108607901,0.78782867414644731,0.87503431459522019,0.91082476517261002,0.91389639857422666
0.85702122862140284,0.84411614542891256,0.87934803764251657,0.87473675929189176,0.85244151295857895,0.8474336649784302,0.85947007721026358,0.84649938552688431,0.8238852313302415,0.7194618317404794,0.81884698715968929,0.85236045878355959,0.75072291595447427,0.76856021006214925,0.81232544771612614,0.79391690733778653,0.79583984386752649,0.78497252574376797,0.77503095983516435,0.75159975027241088,0.84234561113346962,0.83807665514946794,0.84769913158857313,0.84660709166282633,0.84216734902405377,0.8483879561309341,0.83389481329189807,0.84879258636876809,0.86453801422761789,0.7226435433689401,0.75516633335517502,0.76545263968759569,0.75338261763792969,0.73995286064862886,0.71808921688601535,0.78439869466608747,0.87179361534565747,0.90774359984665975,0.91099329262122375
0.85331305500271504,0.84076496613192708,0.87667993589962967,0.87220995347746,0.84942198320050022,0.84435494208017547,0.85637885370758371,0.84334332238020604,0.82085697745346875,0.71682405604933253,0.81575340299599552,0.84952035718459584,0.74876377605029365,0.7665906943013403,0.80981085932783525,0.79166859372354526,0.79359430952703192,0.78249612642149735,0.77203277051941455,0.74895891783965263,0.83966097641821325,0.83542190438402109,0.84495318410452469,0.84381628829850119,0.83936147495987712,0.8452953801469969,0.83072881722394576,0.8453322561787564,0.86106680509108457,0.72101256281926995,0.75341611244922835,0.76364399948591277,0.75113011519972273,0.73733680941013169,0.71583505778153045,0.78163748078278894,0.86916317838118728,0.90512884032582486,0.90837269464211667
0.85029108250398533,0.83787287320688075,0.87426726995695669,0.87013077131079763,0.84706445216139192,0.84185732635632626,0.85395503146994134,0.84070304345782076,0.81822987355329846,0.71540836096570526,0.81317612821151175,0.84712900086710474,0.74688666762346057,0.76433025987276437,0.80757700501706464,0.78925912349244109,0.79114599186511669,0.78003533530225988,0.76975999392629446,0.74660522411222485,0.83697451684508983,0.83305062904408689,0.84230671423732251,0.84116365546478922,0.83674816241265915,0.84259017012868442,0.82798154936534185,0.84255720013952684,0.85842374322643367,0.71889538351487192,0.75093772142458137,0.76116341799477294,0.74869861400360604,0.73488870942499707,0.71349629614328713,0.77922637691575947,0.86687426738260798,0.90289126293487321,0.90675274068948397
0.84428427963924679,0.83167136563952959,0.86812937812367341,0.86477563586534956,0.84044332892310181,0.83462780364543476,0.84736004739626269,0.83312029350054295,0.81076162192871115,0.71217394901170439,0.80695232768657477,0.84100077948364382,0.74319397473815374,0.76063191259259078,0.8022614394140809,0.78572590062354342,0.78730904837239968,0.77510542273151328,0.76551517531960023,0.74276939435672518,0.83201143894786367,0.82840854396663,0.83657293232983865,0.83494569495067972,0.83032732842957857,0.83628522928255644,0.8209368308788908,0.83527089140855537,0.85152315874725204,0.71610968983152867,0.74816486581791553,0.7584141649641406,0.74556329100856644,0.72995193106828515,0.70834157160619315,0.77344710875946576,0.86107062602972828,0.89679553095167219,0.90098695103642024
0.8338393642997548,0.82252460595264976,0.85803049224454864,0.85582466028025783,0.83240461471473681,0.82623778692508043,0.83915512155600602,0.82394944338117859,0.80131597046070924,0.70507903243635128,0.79788151770483062,0.83294323057544206,0.73462089929681884,0.7526846882455217,0.79363504733153278,0.77896075843317181,0.78066818143031635,0.76796068395572625,0.75803275450494401,0.73580747169360283,0.82535643631244304,0.82124255714362837,0.82902502696538416,0.82723464754486398,0.82244075402121264,0.82865072337978329,0.81128229657222972,0.82292491703460191,0.83922566677503596,0.70937411549070239,0.74139672533955858,0.75289115857049993,0.73949985971198462,0.72287348628747394,0.70180345764578989,0.76486452813431527,0.8513084679324614,0.88684291820700478,0.89199962776003583
0.82640602551430897,0.81532080950767949,0.85049239120936504,0.85131731064397531,0.82631579896618368,0.81977940205942978,0.83295171776242938,0.81707113916938912,0.79414346760326004,0.69967939280855962,0.79102020611548141,0.82711502041803808,0.73040125080326168,0.7487473351540358,0.78911662783247161,0.77517713958675383,0.77686760122186005,0.76369535464496641,0.75236539259728996,0.73060425806240836,0.82048064081261729,0.81608472227226392,0.82375185188418842,0.8219290500592461,0.8169557860383857,0.82270455252471508,0.80389619248984756,0.81398594092954446,0.83068577006765298,0.70545586142448824,0.73759182411211865,0.74927799912941162,0.73493725671147825,0.71777056661366967,0.69744673684807712,0.75910375881877235,0.8448999162289399,0.88063044635185783,0.88640731131220785
0.82244107723965543,0.81163537893325988,0.84473954791650896,0.84780568745723117,0.82216977962354221,0.81545377627008164,0.82801131001402661,0.81222744810890224,0.78970178139286062,0.69563706818217352,0.78539464068137443,0.82328749974161852,0.72725654273444673,0.7456691138009921,0.78550690853417082,0.77205221953850667,0.77377420881426762,0.76021547212298046,0.74803659658220401,0.72677255952199904,0.81693772972139167,0.81227913208545921,0.82020485676434252,0.81856854314300687,0.81356093421583953,0.81916928886482265,0.79970814445637362,0.8090614585353787,0.82547274943161053,0.70241574582400812,0.73459429706995649,0.74634766582866763,0.73130302453790286,0.71400870018299101,0.69411679492484957,0.75448681116451155,0.84012503637468083,0.87627389819631496,0.88255842637864701
0.81867306569833032,0.80789869524256019,0.83962839156181213,0.84450680156368441,0.81817273945761271,0.81117561055165144,0.82351508205514057,0.80748475901483696,0.78518072335898881,0.69234073978643151,0.78061615929907324,0.81961814868403526,0.72423359162017253,0.74262741358129891,0.78218183488097504,0.76899272875711022,0.77077681586077651,0.75702870357756813,0.74435566216002547,0.72364204353435246,0.81354659695264597,0.80870707409937836,0.81681729690615756,0.81541387354386985,0.81035746026976951,0.81567472621733816,0.79550151563836702,0.80493187352688589,0.821282179273083,0.69949942351200911,0.73166007080261874,0.74366455408737286,0.7282853289834289,0.71086301796284346,0.69130253881249626,0.7505946795114824,0.83589107178148336,0.87225919906726568,0.87891210827757726
0.81491594828910474,0.80407834455084326,0.83386985731870378,0.84100900410063717,0.81323283085608367,0.80632000011121385,0.81839354177347101,0.80254587617276041,0.78066413509035826,0.68823113539154723,0.77524071410052042,0.81481476960046306,0.72046589154776597,0.73907882694896498,0.77852897304372892,0.76563478844850319,0.76751544559371421,0.75367592948166318,0.7400490019190169,0.72008364314822992,0.80949368954097933,0.80434287273414873,0.81248317424522665,0.81128603690415513,0.80610089465196133,0.81163276165032305,0.79115881072164373,0.80023565975480304,0.81651303270399667,0.69597531675583024,0.72822163139293927,0.74063415692159895,0.72497521937569775,0.70744153107246843,0.68844450066891849,0.74638894640238951,0.83123789103076207,0.86789863888322261,0.87509036575073174
0.81190448862551978,0.80090951143021327,0.82856489865728278,0.83750674667033642,0.80863120221514828,0.80209394386400434,0.81356930888050127,0.79831927498462885,0.77700464024975746,0.6842226896813387,0.76985325962831486,0.81003669688955782,0.71714097303529212,0.73577108699117144,0.77487816745663274,0.76233304215900144,0.7641911537403705,0.75009351373653532,0.73563258149967015,0.71635851718373478,0.80540419863789048,0.79988254466712627,0.80802766614006216,0.80702188926012264,0.8017414603930153,0.80788855308134511,0.78763625052016961,0.79647777266374553,0.81244419233154486,0.69274771943645042,0.72498119084486345,0.73751063745979384,0.7215845085689071,0.70361677077258611,0.68503954707839099,0.74191661907013995,0.8267282900412406,0.86377546466199095,0.87167825824585199
0.80877938227107615,0.79780050254093304,0.82344711608974763,0.83449126263211137,0.8043386969528753,0.79786521933255339,0.80877769930324561,0.79402216593429731,0.77319509212943105,0.68049998425577507,0.76429824588909701,0.80587494302280482,0.71455861379865093,0.73310651318845155,0.77169695640071834,0.7594996140123802,0.7613486111429022,0.74683536784954641,0.73125456405222655,0.71248233296182495,0.80181285421829818,0.79623369472949324,0.80426419996476239,0.80326150717871769,0.79793322657729648,0.80429748284868752,0.78412978773828801,0.79299041077417454,0.80899584985847617,0.69012408377247092,0.7222996385582281,0.73474799903136889,0.71808957895372416,0.69971356721738276,0.6817024258005081,0.73746241301985982,0.82242486493211642,0.85996132321357266,0.86843000530339498
0.80555103633623282,0.79480195673034104,0.82029180266325474,0.83176973086927808,0.80156919183472974,0.79505138853704505,0.80586232482976572,0.79121975847180814,0.77044553696328699,0.67785175962528355,0.76114830660760036,0.80322883112911347,0.71225211506405051,0.73078323563634939,0.76904864827950259,0.75711521972029228,0.75900270888037713,0.74441029373409662,0.72833628042532073,0.70966624753474494,0.79931124078308669,0.79391495701032422,0.80169907461023604,0.80049321547842045,0.79510982518375961,0.80117055332461995,0.78130285782047049,0.79032501372023023,0.80634214495334,0.68795906027721498,0.72014660816115472,0.73249353675743134,0.71546291763318226,0.6971779602808803,0.67988831889862911,0.73489408620508045,0.81942978159357704,0.85700491412248847,0.86579524683195652
0.80340438766276112,0.79298511125947901,0.81860406914046868,0.82986940983735014,0.79994914124023597,0.79341047082610838,0.80413851094817201,0.78954635770318182,0.76879887805301039,0.67621841127436089,0.75926345956828101,0.80171903077165863,0.70997402113221475,0.72854919235328375,0.76692184109600769,0.75480320342576301,0.75672788579646477,0.74224796365419965,0.72654892949246253,0.70778012367805299,0.79787174174389297,0.79249290552428575,0.80030624226611125,0.79907487434275282,0.79367803961909911,0.79954966202269606,0.77958614301762874,0.78844031338157006,0.80450345256971367,0.68522067762200101,0.71773565484286672,0.72988199487948979,0.71319653275579509,0.69535591790083895,0.67818590760402642,0.73288322210310064,0.81766396587748302,0.8554193468536847,0.86427649648091442
0.80342610511857615,0.7920571766962653,0.81669258853126425,0.82861920978247694,0.80037581819573189,0.79408581214799467,0.80459109132928919,0.7908293012033919,0.77012657372102811,0.67544050777192466,0.7583468469039456,0.80175169756505227,0.71260072995745594,0.73026341190199862,0.76646681486795032,0.75563661114081015,0.75752466327827295,0.74257567577863193,0.72584009759410151,0.70685063080635102,0.80027697159740929,0.79449593677606634,0.80167822280744649,0.79991922713663233,0.79459294229643718,0.79975545417959359,0.77983703331023069,0.7879458320817927,0.80267031614225326,0.68494257301634853,0.7181909187600487,0.73020611856038076,0.71228255698452714,0.69487672778365772,0.6780818162421427,0.73132166418183309,0.81535396691006312,0.85323277527933095,0.8620811714652622
0.80439149118667319,0.79947338812054469,0.81815706702226398,0.83050898373099225,0.80349003788751505,0.79843116037673645,0.80859173337167067,0.79468730751428074,0.77465845067587358,0.67447543183926206,0.76018022793323248,0.8027883788671214,0.71111883827467925,0.72867067233773242,0.76659620242895621,0.75422791072868223,0.75602631299562606,0.74124831709976191,0.72579946124520889,0.70565986627646349,0.80099724537321004,0.79400550482437049,0.80287874582329899,0.80265946536919197,0.79763924791974261,0.80624463014612369,0.78567393139476793,0.78921013736866741,0.80248353266729133,0.68318036546271543,0.71652879995002983,0.72867779779550124,0.71083934741088106,0.69392799910750913,0.67677539687066934,0.73148573812375706,0.81755672240730282,0.85671251642145507,0.8648712755577842
0.80206694298974091,0.7977670031502242,0.81680691577215903,0.82939539051649458,0.80259434882309555,0.79734423826831213,0.80751879570766072,0.79332289613191509,0.77308858242260214,0.67406984800651248,0.75902376540956817,0.80192885873881592,0.71210470148657989,0.72916439484555651,0.7657767729470536,0.75528478362673246,0.7575434006794598,0.74238978314217441,0.7261917519005191,0.70638265866924943,0.799835661787201,0.7934036979142266,0.80196785819540084,0.80171120076406799,0.79670158100621291,0.80493815174635097,0.78402901810088643,0.78711559255119257,0.80018050632935867,0.68790062405715446,0.71972884208928845,0.73097000806715307,0.71112757261282178,0.69443165548052677,0.67752496573999232,0.730796047759253,0.81621584841523642,0.85542836370605413,0.86359358325991431
0.79873908391362747,0.79480328510862563,0.81658350254788536,0.83392775243141826,0.80140540169490382,0.79574245363843799,0.80654848734133089,0.79144157940172533,0.7707121795362345,0.67366139997373631,0.75776852365319103,0.80057444284208046,0.7124939241543764,0.7278479019932651,0.76566164505162382,0.75372998253271717,0.75601680219905898,0.74085998309558432,0.72484053430292295,0.70473333691215967,0.79809731676287876,0.79344022314905416,0.80102108395106963,0.80004820535371179,0.79508090834439182,0.80235921201013471,0.78150049567711077,0.78480413318072717,0.79780732696760814,0.68984541805373267,0.72004167069247904,0.73087500629228819,0.70933918463796042,0.6928131187608696,0.67605608309960807,0.72926063062459534,0.81681821586297676,0.85485010545923468,0.86737266648962175
0.86103951087667374,0.84182633314429756,0.84438819402429255,0.85495522868331331,0.8407159831302653,0.83588361851360338,0.86496591012531798,0.84016267150450985,0.79632203887075059,0.73433540807758524,0.80317226134993513,0.83608385450175815,0.72320452617635411,0.74597095818972936,0.79062213880382426,0.77917434907443972,0.78564607557348198,0.77355946764675865,0.76829567100844587,0.74741671228450746,0.83957721313497502,0.83642335796538692,0.8419061197233062,0.839904925964431,0.83304678423679868,0.83336544558012715,0.81872343685997084,0.83987092249116535,0.84898037792042802,0.6951525639543007,0.73354194842371112,0.75142473873665261,0.74885314172261797,0.73362287035547902,0.71534247840537557,0.76416426120742076,0.84251543830794928,0.87544595596851071,0.88885369648773793
0.86006048679101166,0.84086367130002215,0.84304346870621083,0.85380755525561736,0.8395892291648247,0.83474737255523312,0.86386993626952324,0.83891937425680496,0.79504727281193643,0.73344240823450224,0.80188584550684827,0.83498044643523539,0.72178174769791359,0.74458755915208463,0.78926987033899987,0.77784275322754959,0.78419237755470683,0.77188555075887477,0.76759313021570652,0.7464882234740754,0.83866880528489796,0.83549980125606582,0.84094905685232113,0.83890043275112181,0.83201309335728169,0.83241533547583868,0.81753081349695356,0.83844180657880718,0.84751341588861795,0.69414484575138335,0.73239437394868678,0.75027434239732627,0.74771265703152967,0.73209171814181984,0.71353276742655958,0.76265571492832507,0.84126781895380209,0.87408587490371326,0.88770489648949036
0.85666831670184174,0.83757825543340869,0.83894461332040215,0.85107928238264874,0.83642826501455925,0.83126446464297477,0.86075842051283913,0.83518003371123517,0.79102228184068091,0.7303464915869079,0.79835149932982286,0.83187291881021153,0.71917188574951318,0.74226582234663574,0.7865165241613068,0.77577722132371119,0.78212459164644854,0.76965315765639186,0.76485425595081846,0.74409832042755863,0.83614368222772584,0.83282364352752125,0.8379304577375698,0.83582089540560955,0.82886610534972149,0.82938574246703289,0.81362497091405306,0.83382889252667458,0.84284928494480771,0.69266480408136455,0.73074223381664605,0.74865434129733421,0.74568066931482702,0.72974477751051969,0.71144520144476653,0.75974336873949067,0.83775869870471464,0.87072701700334765,0.88474031378370666
0.85348511897818735,0.83464424372455681,0.83536795561236343,0.84895275937318093,0.83411183708511549,0.82855253093270842,0.85815679544956136,0.83188827699911305,0.78770012239079623,0.7289340416337462,0.79549441224683992,0.82987644555978701,0.7176865480143928,0.74094778509984283,0.78469924498096189,0.77460859322835718,0.78096884046420256,0.7683029844037228,0.76314609607014861,0.74274979551431675,0.8346438875320995,0.83133551813285611,0.83621395791367159,0.83396573400448926,0.82690839629994717,0.8269670745430393,0.81034545152885318,0.82962320632525055,0.83851579045051305,0.69160924889787823,0.72965437697949553,0.74771006489268022,0.74456729116909726,0.72822734296049418,0.71021966840657236,0.75757541886272917,0.83499898173449472,0.86795845016589868,0.88202878111378147
0.85625040459095603,0.83480343833502491,0.83250125666882069,0.84706640171658942,0.83188484841844479,0.826181168085655,0.85564298833642805,0.82933504162947735,0.78521172323044741,0.72710434111352595,0.79288030140354215,0.82796180959730181,0.71596536596642546,0.73918436249674258,0.78280051901824521,0.77288304158519117,0.77924790199379224,0.76657866554638077,0.76118904955013655,0.7409931162493858,0.83433970509317079,0.82957276853529915,0.83524211974259921,0.83363041542460581,0.82586143573637116,0.82534636719647714,0.8082707947138239,0.82815184689154153,0.8360945629262011,0.68979491220173728,0.72792872836875777,0.74605115180556714,0.74285164586488928,0.72646488279757204,0.70868558416788641,0.75549563093972538,0.83254079202490472,0.8656915945807182,0.88006352551622979
0.85674511671609033,0.83477976296602707,0.8290860114808839,0.84487741218621626,0.82987930683606992,0.82434561496233028,0.85315508360003345,0.82771090872566122,0.78337937479446096,0.72532019305138173,0.78985899672874749,0.82600132467175746,0.71459736974673038,0.73763917533860335,0.78068001393419395,0.77129147241678031,0.77770589673736001,0.76475353850858918,0.75892997069274748,0.739043933565799,0.83271461036032235,0.82766220629895992,0.83349954561269057,0.8320005091161069,0.82419458064014173,0.82392648869011631,0.80753756735761995,0.83061553574598135,0.84103012191375937,0.68846929411214741,0.72656836161474858,0.74451563847074054,0.74105823774081026,0.72435200447577675,0.70689412745957658,0.75290286601714473,0.82958810589613696,0.86296209724355477,0.87772865746244821
0.85524539480062844,0.83335477580266315,0.82678947050940133,0.84307291937225182,0.82800183547594619,0.82249733270293035,0.85108439716462614,0.82576624122994502,0.78146191797918008,0.72295797847090382,0.78723361979713879,0.82405582987059589,0.7133142346392275,0.73609894239311813,0.77881685226071795,0.76954574900726114,0.77590785868325607,0.76273939614517028,0.75644503432863375,0.73672515477366862,0.83063672596619564,0.82550452928657492,0.83148388767696357,0.83024845638484013,0.82244621710424404,0.8223812525368559,0.80580030927384505,0.8289928210724915,0.83949710196688976,0.68742249136853695,0.72522423220539189,0.74296743874267634,0.73905425626478094,0.72197695313130394,0.70478028753192623,0.75061772722086817,0.82742819290166902,0.86091289328630627,0.87595238661653807
0.8529792947597522,0.83078917017054699,0.82399048517365903,0.84132522323063774,0.82561238160740225,0.81994993846499042,0.84862980608852301,0.82323470533292797,0.77878382084298126,0.720950221096608,0.78435269142551789,0.82175056062539586,0.71491872859904571,0.73593961935294028,0.77716014299787384,0.76847229920027915,0.77450830538414739,0.76099247773158551,0.75429521781867082,0.73477689160726078,0.82866900247065423,0.82338735520171458,0.82928082533937497,0.82807157822752298,0.82019745213814343,0.819953736946334,0.8030629966490056,0.82654016901785876,0.83732699329242632,0.69077806996583702,0.72631403699697294,0.74244850118659589,0.7373998805396782,0.71990923144840713,0.70291740965264782,0.74815872676691486,0.82495153996067305,0.85879412978030056,0.8742096162755415
0.85053789659838441,0.82804644089478507,0.82081511842562938,0.83976108081040135,0.82297882015443313,0.81733426697460021,0.84603555674469577,0.82059015763253784,0.77601695678024452,0.71867835237922817,0.78122339015553999,0.8190307360538196,0.71458033407979216,0.73577951569416233,0.77592804265466453,0.76864726073701595,0.7750952614668033,0.76101304396558966,0.75198204009112357,0.73294150955395443,0.82634776131629617,0.82092390904216661,0.8266756334170956,0.82544662123143486,0.81747757593498027,0.81737519335280817,0.80019786719164077,0.82338001190468624,0.83415341634464268,0.69074019395815722,0.72646235363516587,0.74261451549033586,0.73623118702329127,0.71817770308777651,0.70179235370380166,0.74600540748732458,0.82244027910947448,0.8565879858768326,0.87245593018440271
0.8469797948133807,0.82482580551247431,0.8166342368382572,0.8371968761483356,0.82011961109588649,0.81430228035262053,0.84312735694695706,0.81729211164353288,0.77251161019725512,0.71565991311238131,0.77763971310290625,0.81611944330295272,0.71267069681198336,0.7340481292789135,0.77352404353905546,0.7672793462070937,0.77374214054574031,0.75917128738838313,0.74911339094740415,0.73026620674096843,0.82378676949443685,0.81817988998129454,0.82386696619207545,0.82270331893713688,0.81464024894369613,0.81469604537690576,0.79669051437447336,0.81894582798362836,0.82964990255423943,0.68964433882326137,0.72531637310167296,0.74147558713235795,0.73426011945265446,0.71550544997068544,0.6997244498389007,0.74294682290627556,0.81882948234454356,0.85291912062627473,0.86912130143365351
0.8439828420352139,0.82209119900973959,0.81259791108922697,0.83463977347230767,0.81789354085589083,0.8120479636719089,0.84077679619009671,0.81479465707050158,0.76986721592856888,0.71321349078759744,0.77421536243006062,0.81374933263252092,0.71078172118415328,0.73226921428942415,0.77110088796826415,0.76565797540515512,0.77210192302408343,0.75716992131335281,0.74657041937769009,0.72791045220910977,0.82182864699954283,0.81604368233510294,0.82162580713545263,0.82044298397341009,0.81227107516554997,0.81248475754796134,0.79387011889520698,0.81525231923149177,0.82603559116630565,0.68810378146290019,0.72371353884670842,0.73979940696141888,0.73235642278518576,0.71309173692834771,0.69764647482217423,0.73976609961665185,0.81516733744093717,0.8493822470269794,0.86602094843019084
0.8417780447493276,0.81974616312926796,0.80974888708115911,0.83251836031104232,0.81560862847560844,0.80974347478089259,0.83849065172134329,0.81248489496411846,0.76750240132775049,0.71138693713277212,0.77141272466398081,0.81142279395427563,0.70862459066248795,0.7302195011427941,0.7689161247299795,0.76365936289625458,0.77002123482231899,0.75488023639562751,0.74427283875041639,0.72580011259700605,0.81977883557012832,0.81403147059249936,0.81941807447396009,0.81818257681801787,0.80992404786654204,0.81017699436129442,0.79144654050803731,0.81268314968778943,0.82336121051744093,0.68653209863747666,0.72195671367006997,0.73798021667001479,0.73049355551190243,0.71076734184205126,0.69543774085302068,0.73715519490860715,0.81259016147474883,0.8468465094962957,0.86373622985555409
0.83843353042084223,0.81610477899301115,0.80599265019459376,0.82972723225669665,0.8118538695476355,0.80589732057028385,0.83514693027752063,0.80870538122082813,0.76330347152084366,0.70846756570189362,0.76765950858119625,0.8075044733423633,0.70622045122695487,0.72790331414665788,0.76619011803806247,0.76171959189003435,0.76797776783324778,0.75225341289303793,0.74112259967442362,0.72311771953861992,0.81639638438198603,0.81047387882322075,0.81563416144033229,0.81441162335945139,0.80602826371787861,0.80652264870649393,0.78720943257610254,0.8078123604598012,0.8185831717876999,0.68523885293813747,0.72046184288213355,0.73640254763804447,0.72840419810929813,0.70777881589229763,0.69252414509527216,0.73398273506163214,0.80934148082242341,0.84339447501736486,0.86029518120222859
0.83496425563850207,0.81303543995631822,0.80194931619834819,0.82730847766135285,0.8087195363215377,0.80279644502652925,0.83191335285937629,0.80545974040277135,0.76014910827428472,0.70603810036331427,0.76399846060294507,0.80437158253256891,0.70418748056588942,0.72600936298308738,0.7638417147008072,0.76006595154451495,0.76636793199308961,0.75027429535206291,0.73841588400567182,0.7208490441797174,0.81399661627647402,0.80775082359895034,0.81276024784531831,0.81156746893852472,0.80308972691968694,0.80380655761259034,0.78400341684202501,0.80362292555973136,0.81424303280724364,0.68403631333593362,0.7190408866369854,0.73511439689617963,0.72671077323783695,0.7053269757058086,0.69044897321140308,0.73100234907333661,0.80593545637587405,0.8400526643659133,0.85731519955849356
0.83313801457970083,0.81137005798160211,0.79961081016678703,0.8255431130014016,0.80722868774326617,0.8012561844271352,0.83015913422402421,0.80375662903765654,0.75862807646270003,0.70447456623512728,0.76166940824791318,0.80298491783103343,0.70231033327584946,0.72409303412694548,0.76190576465733029,0.75818520367296804,0.76444543492030037,0.74830727937650021,0.73656115100238861,0.71899972787426591,0.8126591229591118,0.80651375657030211,0.81141952096570513,0.81014557031624468,0.80165687660340457,0.80219314964485855,0.7824063136034286,0.80170923164456087,0.81216063569149322,0.68216374848543027,0.7169843086079738,0.73313757608276775,0.72489617330899647,0.7033505632123539,0.68858335656889136,0.72878775587557221,0.80385985874276389,0.83815494732715401,0.85551611434119024
0.83123340429146308,0.80947665307071515,0.79650021038911323,0.82480952986230038,0.80500420193142719,0.79916673074393052,0.82770288187318619,0.80154139894699261,0.75651480291115458,0.70205943715710817,0.75848539585227603,0.80063180447805782,0.70330146648593517,0.72378334953804147,0.7605038310379082,0.75716546666973827,0.76308519343632653,0.74633483607919548,0.7339330093391685,0.71673107386976109,0.81053174229771774,0.80417552243022361,0.80904344124841931,0.80791793132630441,0.79938046182877798,0.80031019885977162,0.78031508363666358,0.79937500051686927,0.80980769316142109,0.68379775086032768,0.7176662442300521,0.73324877792225351,0.72359374287849976,0.70092047182199591,0.68640089397312176,0.72608171868845373,0.80119262452281337,0.83577794622999024,0.85383285967911926
0.82759072956780855,0.80620594867483519,0.79373552481538845,0.82352705587709152,0.80231751169329912,0.79627620675616928,0.82489140130140426,0.79836676999430323,0.75324045715232935,0.70017916980936012,0.75553900161833976,0.79802145453277029,0.70259676765889545,0.72299613126013995,0.75901307874638979,0.75613432275738401,0.76181673636365066,0.7445701132663366,0.73161161993016699,0.71506683227090162,0.80835467762562063,0.8018936280596104,0.80661583342724696,0.80550595962666316,0.79686833014667702,0.79772060155055402,0.77694645038332577,0.7951436032799456,0.80556713853913597,0.68302735111299562,0.7169743621653103,0.73237145877557819,0.72264741221791695,0.69903814530756603,0.68467087964844875,0.7239939107517972,0.7990535244754251,0.8336664987279101,0.85195574206141833
0.82315497388254288,0.80218138184996934,0.79062438478231289,0.82205240127624624,0.7994958638686176,0.79309437257093496,0.8221658387544033,0.79472338951839472,0.74914979320896469,0.69740512871536076,0.7525881257626057,0.79515667795388434,0.70126200489345381,0.72177427788106741,0.75742816353937781,0.75505977361207821,0.76075654224887557,0.7431566995803518,0.72895209149547469,0.7127047294050799,0.80570134579981567,0.79922270147733765,0.80379689450142,0.80263252062240364,0.79393538495081739,0.79453450540378767,0.77277479258449966,0.79002009730423917,0.80063234076170375,0.68203199896865652,0.71603774538154419,0.73145788986698024,0.72086692790464268,0.69691126233001754,0.68323543735688419,0.72185145090458047,0.79666844998934316,0.83136072792333293,0.84994660702723979
0.81817811143834429,0.79697184834022161,0.78415287803301614,0.81872932330789039,0.79483832310800784,0.78792736633039195,0.81737248876186364,0.7891014666518178,0.74320056752285424,0.69278010847232507,0.74673884129474066,0.7905866908507333,0.69895209140342762,0.7194224416817756,0.75393860403363633,0.75287812327064119,0.75844304042287802,0.73997387141230886,0.72414784293375978,0.70828870300724578,0.80155062135598054,0.79497173645040942,0.7993967905492082,0.79817219571969666,0.78938086545408381,0.78984661500807529,0.76691824995734259,0.783462459835089,0.79425073993619821,0.68022505980153025,0.71417464428645605,0.72939638960116382,0.71733022653649015,0.69249320768640366,0.67945188871371698,0.71682596964412237,0.79123874623683965,0.82622571933550049,0.84551757234593439
0.81553408323669097,0.79466982192006608,0.77938131219999085,0.81610987741261865,0.79204273057394903,0.78529100311786071,0.81403673423564282,0.78625097626227136,0.74076727367879025,0.69020509928267115,0.74209302185359627,0.78772217832905822,0.69640205431035473,0.71692213461154708,0.75094274758461588,0.75046700088309493,0.75593814448325924,0.73695062729275962,0.72075048167734146,0.70548061525839245,0.79895976664870738,0.79208964952255356,0.796624518887452,0.79556511027516807,0.78673847008943465,0.78769042394473276,0.76444151109858272,0.78009789963184895,0.79073814540527554,0.67809767900941187,0.71185297163975592,0.72722550184520418,0.71514730896090772,0.68914567401220328,0.6762522031547441,0.71260846677336542,0.78701434358578337,0.8223786963690346,0.84249433246915484
0.81373417263769998,0.79294495822629585,0.77710722210681338,0.81450122047214457,0.79011975230407749,0.78314777652554513,0.81192951564825944,0.78402035520563529,0.7387042118434366,0.68859265713194773,0.73980335010059939,0.78599390566967897,0.69517561354372881,0.71576047535081244,0.74942253797864555,0.74935218415862681,0.75487354630195191,0.73571558301565809,0.718915886414498,0.70377958522785955,0.79728415027243249,0.7905532914936646,0.7948448848343741,0.79369341260665505,0.78485733359841381,0.78567671714297549,0.7625195364452555,0.77814116162389502,0.7885464288733196,0.67704060792702569,0.71082909833291863,0.72608159942939243,0.71360182950835827,0.68758769073789205,0.67510703331124344,0.71093387729890678,0.78503467812354699,0.82056797223176936,0.84076986366431461
0.81004135294692325,0.78907894621138885,0.77385651892157015,0.81305215615830084,0.7865369824343339,0.77955385755074669,0.80885446459415866,0.78064060665038904,0.73505110688548092,0.68563839079521305,0.73647873681339637,0.78220158535279827,0.69354047092316295,0.71407552940076247,0.74775520513882665,0.74783105018328444,0.75328336177749566,0.73397184385037062,0.71608978559899406,0.70140924082952116,0.79380911045317248,0.78699410729700769,0.79115104467091868,0.78997378291181919,0.7810163296568956,0.78197385422520005,0.7585054747403398,0.77346884443554176,0.78364235586443265,0.67535556790235041,0.70918501084335028,0.72442925092501886,0.711555015745439,0.68541503240964541,0.67326862450838365,0.70872787741571763,0.78272054057626372,0.81833912946925391,0.83885809719905635
0.80781894313552183,0.78711187184998455,0.77061929300789633,0.8110070709461431,0.7844412734607048,0.77733182605212647,0.80642892382489384,0.77815677251580784,0.73270544096915591,0.68375979853803415,0.73337147722199347,0.78019928932841476,0.69173568833470456,0.71230506755201872,0.74563898584289767,0.74603150790392514,0.75148952360118559,0.73192291870431114,0.71383067055569038,0.69940132333611826,0.79192983052536736,0.78507029960904529,0.78922307692452998,0.78811083744398047,0.77911760252400286,0.78000661284299,0.7562202154215576,0.77082655153269386,0.780784282687917,0.67382626623608644,0.70756046657793548,0.72288904737078075,0.70976918055760374,0.6833025479929371,0.67132422356509058,0.70608910996996566,0.77992154959156901,0.815820465871128,0.83682971395123218
0.80587837357442582,0.78496610776222853,0.76868693170890212,0.80941547603640662,0.78232149075470581,0.77497890047503282,0.80440097603423188,0.77580325291373697,0.73026721423132068,0.68231546470960636,0.73136941683082946,0.77826788784278578,0.69047607661155519,0.71095281401310817,0.74406900193598025,0.74458064797421597,0.75005181835366608,0.73042106964631737,0.71217433342142322,0.69793638240145073,0.79036808228184763,0.78355215145588131,0.78749582803335016,0.7861971290559524,0.7771445071470845,0.77756128763663912,0.75389095595596889,0.76875214921747548,0.77864185876266956,0.67238493781648656,0.70615523117250423,0.72138771985070504,0.70823633945759368,0.6818379989309149,0.67001981534445854,0.70446498447038219,0.77810110082694273,0.81407590459598944,0.83518905223354234
0.80296795724242187,0.78133193481138263,0.76423378845688172,0.80660547110152614,0.77912587408913736,0.77124114172476954,0.80124914441523054,0.77191326746811828,0.72587032867411216,0.67970657728891593,0.72742429406575826,0.77521100326132875,0.68821579518481457,0.70848446396606801,0.74096255706278202,0.74194991386153486,0.74718615880162653,0.72703004259892545,0.7092650538989832,0.6950391931820743,0.78741590950424767,0.78069213901571533,0.78455236324986433,0.78329601259121207,0.77414221423748519,0.77415528448594229,0.74952739754769815,0.76485367462275589,0.77492603929534887,0.67053679002662037,0.70397999600497541,0.71890492592091215,0.70544613887100061,0.67849826638089816,0.66667105225538903,0.70089818768605872,0.77438632081466741,0.81040751119200771,0.8323338528124391
0.80059310061062539,0.77912782141370651,0.76159908514496855,0.80490802713594156,0.77672047630255736,0.76892850999813744,0.79867710537341885,0.76960494527757828,0.72381681401823827,0.67767769947814716,0.72456798186049609,0.77269809049068106,0.68661680713945517,0.70689923049905312,0.73928312056595014,0.74042398646008545,0.74568092537145814,0.72544405916282806,0.70711060518525992,0.69337940709227497,0.78514351728097231,0.77819218460540218,0.78212740968648686,0.78101824689824384,0.77180289593921059,0.77204355533788871,0.74727541533744501,0.76183861290944466,0.77150106948594543,0.66910643552307714,0.70254562208432714,0.71753381456049703,0.70401558530923369,0.67678662572666415,0.66522577643042535,0.69893697974322777,0.77230643073153271,0.80845001281158968,0.83051114355543187
0.79891772515741544,0.77741311417055647,0.75969275024424077,0.80336861075616184,0.77492985586394514,0.76704495450590193,0.79681547093886662,0.76770059009746883,0.72195737853533914,0.67613088352490058,0.72252637241586959,0.77103788863168343,0.68527103420273505,0.70567702791544995,0.73789022146465855,0.73920718421575859,0.74456392572374586,0.72429309692917232,0.70546629250744386,0.69199103224559377,0.78367086701616162,0.77670336697926667,0.7805764267637767,0.77949027209495791,0.77022792060063738,0.77021409059100621,0.74542781516642231,0.76012566107975532,0.76977833085802339,0.66791005473942577,0.70145614738959139,0.71647703185375211,0.70277214787197262,0.67551701702035483,0.66444192624762044,0.69745998310713586,0.77056743138561012,0.80683957966010977,0.82901164183728127
0.79689316468877058,0.77546168747184863,0.7579869183286756,0.80206587179246602,0.77333753020923135,0.76527264274308882,0.79519359682473589,0.76579660884811951,0.71996647592785112,0.67522022431730655,0.72099006772879581,0.76954554150377752,0.68377481162949838,0.7041834599715302,0.7364390919068462,0.73766540001369396,0.74301466358899471,0.72281624462113181,0.70426283497621145,0.69068238393122083,0.78211992555236221,0.7752841004222486,0.77894184284065715,0.77780675955535272,0.76853738157913698,0.76835125750681499,0.74340710058849313,0.75834812535985741,0.76803373704087752,0.66583837210720631,0.69970023613459043,0.71462339779853989,0.70129487751032626,0.67419881929950121,0.66317386240157705,0.69607727120765328,0.76904907850239013,0.80539633661944854,0.82769209568490509
0.79584282584487087,0.77443529225074259,0.75720339086647881,0.80134952360712863,0.77225972587527603,0.76425059825814379,0.79408521709731739,0.76476771450619008,0.71899751251731225,0.67397150105599402,0.71976642477128794,0.76837652322256533,0.68228411647077691,0.70273067493053609,0.73546748505286119,0.73623095582899656,0.7415924803810946,0.72151146152926926,0.70291288455553991,0.68932183035134753,0.78094865002367031,0.77401608798016819,0.77760303112663909,0.77647973884867449,0.76723696113909767,0.76729278977984838,0.74237081112082115,0.75738340145127447,0.7669808404842331,0.66403223026811375,0.69814286198730735,0.71358442010758316,0.70004257621158206,0.67277703663447519,0.66184556597342237,0.69499740616675221,0.76834175341357114,0.80476156692642209,0.82707091736754235
0.79440411773197039,0.7732944438109467,0.7559294698641601,0.80044368026967316,0.77186455559400347,0.76368581457993179,0.792768729459707,0.76363722682254931,0.71795951457667784,0.68090281199336322,0.7181404239628818,0.7681514498851848,0.68516416242984346,0.70292311058598067,0.73423935167213383,0.73541699047815745,0.74059565969389596,0.72006766649989695,0.70340331709409087,0.68991428464877735,0.78131160950329781,0.77402547142929723,0.77771249407007337,0.77721211659653344,0.76824695137723376,0.76844438728029241,0.74146621334927376,0.75620846678576115,0.76580293393898458,0.66938672388695242,0.70026149837131291,0.71422560877782015,0.70093188979455157,0.67151160490385509,0.66005582970047794,0.69319675441512019,0.76686840303363946,0.80333665659491937,0.8259045676052712
0.78834347960883744,0.76822607352464978,0.75154380202249382,0.79643849683817525,0.76852838040556204,0.75997167754759598,0.78969129358174617,0.75949739492746127,0.71341285134509713,0.67903617588205978,0.71484062387081271,0.76486136173869523,0.68266096089272499,0.70078830705916029,0.73114129926150151,0.73355115042303221,0.73882484837030915,0.71792593464373944,0.70125364591693029,0.68809555100375919,0.778541313958515,0.77130823965367723,0.7744654613712687,0.77379847897755294,0.76475873652475856,0.76484130748489787,0.73645734548989905,0.74938525335191442,0.75910099190782976,0.66766390103725559,0.69871582516916531,0.71295432697681871,0.6995608062471157,0.66945200976681696,0.6581276509684294,0.69025261815770211,0.76270719188376657,0.79856291393153978,0.82142212318491858
0.78492596114042679,0.76492720288116856,0.74718280141418825,0.79410628459321497,0.76527805758346412,0.75649026324629831,0.78619613744060701,0.75589035095002033,0.70994247107126607,0.67668755070195896,0.71086306267422539,0.7618150976354322,0.68078557069330969,0.69892713898422598,0.72865211645082317,0.7316852267471039,0.73703725735080927,0.71583107487273423,0.69868349209209279,0.68592654184954427,0.77598908513348364,0.76852808978735743,0.77166317255383143,0.7710788850967496,0.76195551180292542,0.76188372356898815,0.73281504659108998,0.74523641564165899,0.75503429643298425,0.66576046048364168,0.69689160520513438,0.71127153084926509,0.69763008885589006,0.66722218050533122,0.65628503276307237,0.68703548453407992,0.75892553451500822,0.79521249844298203,0.81871520057481262
0.7834580091670309,0.76345255913878318,0.74524811160602134,0.79259749331631313,0.76349923394305819,0.75467886832054076,0.78434657572546373,0.75400105460155564,0.70827500596873549,0.67521142661258904,0.70897561184053037,0.76009915124365646,0.67966784926037382,0.69775588526282761,0.72722948480828709,0.73045466056378094,0.73585626688403605,0.71460386570202639,0.69707095952814691,0.68444000712646635,0.77439900436374698,0.76697075724185459,0.76989405084348606,0.76932171894803614,0.76019385624925906,0.76024542064607126,0.73117474112989644,0.74352088037269093,0.75300964989151298,0.66476265926603251,0.69578971421850866,0.71012403189189344,0.69616879221594463,0.66583128300334748,0.65523798634134733,0.68555551434252604,0.75720469540828705,0.79361267795841184,0.81717393474674216
0.78191126140922607,0.7618414060008688,0.742701012980305,0.79089849177595528,0.76193227407798081,0.75289150030026197,0.78242432545084095,0.75195740478103235,0.70636023401592152,0.6742838694749187,0.70671055698260887,0.75877665052772225,0.67855400652674636,0.69658345153336887,0.72563671813632435,0.72915055283265573,0.73460389808880222,0.71326029333407237,0.69579729659186251,0.68340243866287564,0.77302990613298617,0.76569531973107019,0.76858568219044676,0.76813887683990667,0.75900061055688517,0.75871292835270543,0.72932103588402797,0.74176019388500425,0.75120159066664827,0.6636861806238219,0.69469755666574884,0.70902276677876486,0.69519145185185494,0.66459920794851957,0.6541270971788129,0.68378283627162473,0.75515277887677779,0.79178631048697234,0.81559898678336751
0.77519133887504688,0.75570385591623213,0.73701333659311652,0.78783193599836743,0.75723888367863579,0.74767000787882509,0.77763112018123093,0.74617434457607523,0.70037047604337022,0.67156328942189536,0.70175268508071553,0.7542615481433157,0.67618553863476949,0.69430055676539526,0.72261056482204666,0.72683247195288092,0.73226164980160269,0.71059064318596132,0.69257808254205444,0.68101781569071018,0.76869660079539259,0.76146491115189296,0.7642057059423667,0.76392325776145631,0.75466382070950611,0.75402255408926533,0.72291794731411174,0.73378132921612693,0.74360198979896153,0.66169799927619666,0.69273678306860298,0.70717447939407163,0.69318214901634401,0.66200488573666305,0.65168737161628798,0.68033764993751444,0.75087668672967067,0.78773330294139676,0.81244109314607493
0.77226973587502235,0.75258621782761681,0.73392134334882231,0.78607373319060325,0.75475199273942295,0.74470188692062889,0.77509020252536809,0.74298251242647773,0.69706989961343135,0.6701466696644881,0.69899708296622487,0.75191012328408857,0.67482267903606785,0.69285581870640056,0.72086571666074228,0.72529623064317772,0.73076502000739207,0.70900540522177291,0.69081981434074669,0.67950997976327898,0.76628810667074831,0.75919949011036514,0.76167914630586175,0.76138836001735555,0.75213537169688949,0.75119167295094424,0.71944194569173103,0.73022859592673683,0.74006841585208161,0.66027774726528654,0.69133316964936598,0.7058269161229781,0.69182053054167858,0.66041089349394855,0.65033028527499193,0.67824231581110861,0.74839168452804561,0.78543319453854865,0.81049659357145787
0.77051562261078799,0.75043211995258408,0.73239074131911275,0.78454104481631892,0.75325490494624958,0.74268010324544942,0.77352809478961637,0.74068091284806248,0.69464219281117268,0.66892367287898491,0.69743885739575695,0.75066331325572033,0.67365377740394961,0.69175655200612718,0.71954616881054234,0.72409892054182701,0.72963399061831513,0.70786622929570941,0.68942449646702242,0.67804835363562377,0.76501641452852698,0.75806368621426012,0.7604381733937442,0.7601057148220941,0.7508418908177914,0.74927156471316847,0.71701980879515781,0.7282477127200998,0.73814681164630913,0.65917237606321044,0.69031041759184375,0.70470703049239636,0.69037759199651827,0.65910970865715435,0.64942114985178767,0.67698741409706586,0.74693338932550013,0.78385548412228012,0.80885322186159803
0.76911304648472567,0.74870281924839999,0.73051806631331784,0.78306299390007972,0.75161682652598383,0.74076325260044973,0.77193441612383429,0.73865333616726114,0.69252371231776544,0.66775988430732158,0.69576819650929755,0.74924136185332479,0.67257549314006015,0.69074286514502203,0.71823402434057859,0.72290890730842383,0.72846284476822543,0.70668768144631322,0.68815410004220945,0.67678306430971691,0.76364591683897309,0.75672091428394017,0.75905692638225075,0.75878699995665655,0.74950469066631431,0.74746077362483865,0.71497653783654325,0.72644228866338167,0.73635723622725324,0.65806620494138379,0.68930064108048905,0.7035047421135312,0.68901945165544032,0.65789983076232494,0.64841774999604262,0.67558026552910977,0.74519478496936109,0.78219858200881598,0.8073910259925472
0.76793564404325976,0.74730910656586058,0.72793346799995073,0.78132447718127196,0.74958443235578842,0.73863067240863745,0.76969765713734561,0.73646728368648529,0.69054572270319481,0.66569834794155303,0.69321187887252056,0.74734858652397207,0.6710144450655986,0.68923159942255252,0.71646090421143693,0.72133840074789246,0.7268238324262899,0.70498418240187388,0.6861334361303667,0.6749862560889518,0.76231795064044094,0.75496777400783988,0.75748708275617871,0.75735550150702824,0.74798796265342371,0.74584062361231052,0.71324094947778793,0.72528598226965846,0.73522080343581231,0.65653081232104515,0.68781721036567334,0.70192416299461369,0.68728151684862249,0.65614163797249681,0.6468873368343796,0.67353423180011351,0.74297519743569029,0.78023045327150264,0.80576408051337611
0.7651843334872368,0.74463610206184694,0.72352464622260693,0.7794669450283952,0.74637137195950309,0.73564867505144071,0.76623633337235564,0.73324536200342483,0.6877390116682256,0.6633022905243855,0.68920139494621768,0.74395228477821973,0.66934281472015678,0.687604103523489,0.71425168152485463,0.71966255097543375,0.72505281432510871,0.70274111430498531,0.68326330219588916,0.67293661362230695,0.75954618409527186,0.75176474646400349,0.7542235636026261,0.75423603786327043,0.7447687653227929,0.74339371680446287,0.71021675339784029,0.72097363043974438,0.73079931555102995,0.65553862839430177,0.68669028650574193,0.70077789138077207,0.68582820870944849,0.6536133966709663,0.64452726613965605,0.67050503294063468,0.73969068939855009,0.77723295604066678,0.8032623061916474
0.7627072602801177,0.7416635301657416,0.72010702970883045,0.77737946488822995,0.74339906359400976,0.73252852021126325,0.76364565252727235,0.7300775112433352,0.68446779060210206,0.66090754218285519,0.68636287430012899,0.74071802545644649,0.66811270585506466,0.68634729201732425,0.71229664470972853,0.71821786151152178,0.72352325475843005,0.70076153687890486,0.6809299228774065,0.67064284651330464,0.75669068354810254,0.74886610370802309,0.75094191862697246,0.7507996893550436,0.74122922524158563,0.74021460274507533,0.70675157373373643,0.7170312758652061,0.72694339753679338,0.65445790621247635,0.68561337795016253,0.69962226094359015,0.68392403288120573,0.65126561076747469,0.64235488070232116,0.66791868409182309,0.73661443793442971,0.77407419522919119,0.80049763870128354
0.76061516962331144,0.73920034589973127,0.71633588231093437,0.77497284676365585,0.74092500234750558,0.72982690873073464,0.7611915577660604,0.72721135477876409,0.68174603640347786,0.65990950480176169,0.6835100620824015,0.73836030321702051,0.66627034529784213,0.68435363504639413,0.70966684811715808,0.71631104902444664,0.72156534555356622,0.69844451054833445,0.67941452609810804,0.6694439991360468,0.75468357368618089,0.74699990157083773,0.7487438349782003,0.74847857353781533,0.73880718796825628,0.73775561561889691,0.70396411502215694,0.71374019467763139,0.7235966440192545,0.65323972056090729,0.68415073534890747,0.69827612675642858,0.68293054276072018,0.64956805116225336,0.64072116844951366,0.66518227468815305,0.73317657218387811,0.77096206138634926,0.79810418793211746
0.75700804528537036,0.73612200984572529,0.71251614585231038,0.77316551718781068,0.73814806601901473,0.72715680473861377,0.75829378034242101,0.72437558567718741,0.6791845336487432,0.65802401348548356,0.68032481227401198,0.73552352982754043,0.66460895223396854,0.68272427829815374,0.70768224458519968,0.71466266554759139,0.71982805124515215,0.69653442029845503,0.67725917991359674,0.66763608558374576,0.7520597907444676,0.74421289943335267,0.74594506728970078,0.74584326724177896,0.73610664584938112,0.73526664152615684,0.7010752618493028,0.7096017813984854,0.71919093419127944,0.65186568952816337,0.68266192479232257,0.69668536617096288,0.68124247694207396,0.64766448463338178,0.63893390640294778,0.66275555636086669,0.73024717575906017,0.7683712558770075,0.7961162561896401
0.76436696256340764,0.73987450148487777,0.70800231872621522,0.77079570535827091,0.73504749877819897,0.72447860676263687,0.75457568153144761,0.72145640351464102,0.67660993786073709,0.65558501320051543,0.67633345897011654,0.73244216070340162,0.66336815458785214,0.68141843226861831,0.70539234791137162,0.71314143391260754,0.7183040238340872,0.69456067688632139,0.67445685698516022,0.66530814661086968,0.74940000798371476,0.74114406389580423,0.7430901208034868,0.74343730696085286,0.73369824834389397,0.73467535932160988,0.70143265685641176,0.71427055980795395,0.72189510255102152,0.65070496023011781,0.68143745828114977,0.69528276877914053,0.67923795510574447,0.64531471425566989,0.63707626047512467,0.65970054103554487,0.72653173813682892,0.76509608226624137,0.79343897405455432
0.79127728001958564,0.76359335937278328,0.71198185466064678,0.76951872850595759,0.75558644400754038,0.74484071369355254,0.76903354235532861,0.7415988966407524,0.70177407233142897,0.65703409933189549,0.68493336664329485,0.75686205815137264,0.66204014999153804,0.68002873364255678,0.70438376423257176,0.71182552683329958,0.71701312959160679,0.69351285249061179,0.67793615347956215,0.66486187945667519,0.77231447450757296,0.7624273467681959,0.76607252917365709,0.76731148965990759,0.75771911189494745,0.75694373139490234,0.72573295683563965,0.74172622718076309,0.74805648981188155,0.64967670148730605,0.68015905950741606,0.6938867798795032,0.67780777585428198,0.64565406050134644,0.6362415717588138,0.65994089075086038,0.7279116972099513,0.76416644576662018,0.79381046469670424
0.79335641488748465,0.76743532487973698,0.71096755009388379,0.76809975517387175,0.75626435307691209,0.74578166368477505,0.7685719254135116,0.74193995550260161,0.70274003990489597,0.65604852995615592,0.6840433924847189,0.75764683756025175,0.66097180617168505,0.67886259587563413,0.70291563076775232,0.71062701607849466,0.71586056722189939,0.69229088984734843,0.67709353622138269,0.66369574745506421,0.77301902679280587,0.76264244133004511,0.76704931856423553,0.76943298490782841,0.7599545536468939,0.76052397309031983,0.72801119693160654,0.74329713493659622,0.74909327190417008,0.64864810783484017,0.67907280247784663,0.69266185887143272,0.67643406465816924,0.64462973169756999,0.63531538386079101,0.65861734159805863,0.72657943391306445,0.76297084342602106,0.79281292638526779
0.7927449908875438,0.76681520771659761,0.71000364940425598,0.76745989111202839,0.75568612691172254,0.74514770256188934,0.76796810156566053,0.74129612703651537,0.70209133319861072,0.65546053826898043,0.68322098146099275,0.75708918049911955,0.66024082981605703,0.67802754147948507,0.70206982232563409,0.7098100854423578,0.71510058281028399,0.69153406017376129,0.67639129712832435,0.66290412501608598,0.7724972230512942,0.76211612595713762,0.76652545781003545,0.76891269649524829,0.75945876272543933,0.75989210035709298,0.72733772774501237,0.74259384682356588,0.74834224549867034,0.64763506102812607,0.67821244522286306,0.69169121203833894,0.67555596815645258,0.64389183179573795,0.634678905948586,0.65784429445801407,0.72567327962353012,0.76214601144465699,0.79215776839229524
0.79054771791961076,0.76439487118779681,0.70752005357791703,0.76537289651059859,0.7537650327649974,0.74305393243571205,0.76642666906720647,0.73926822588724028,0.6997572862082726,0.6540816548489834,0.68144038087523173,0.7549683591216455,0.65802163277333836,0.67586111039527597,0.69974705279335392,0.70786074693506584,0.7131771481131276,0.68953586473227113,0.67513386123969266,0.66173945685927416,0.7705795700284046,0.76015815833524158,0.76437531117196478,0.7666707685679448,0.75714478311426647,0.75765345051251942,0.72470960584909327,0.73970643067023834,0.74569336780744178,0.64624462728000964,0.67671151493388526,0.69040803753979074,0.67441933956642541,0.6423935888247696,0.63321726186051597,0.6560900836552469,0.72341627536382913,0.75985071540491889,0.79031565099160372
0.78849544433744367,0.76222988447063778,0.70431859142588427,0.76360036738243908,0.75189887900212016,0.74095233074896072,0.76431128614207178,0.73692865699789967,0.69743040256873678,0.65203903059370139,0.67881534053051085,0.7533331400990656,0.66111306858963459,0.67694341995053398,0.69854670953954601,0.70787440279220604,0.71293108432849206,0.68888373128333968,0.67310839945067846,0.66003327010375945,0.76927544113085977,0.7587913564173957,0.76301268120741994,0.76528515464073232,0.75570306801977338,0.75578964877360555,0.72231484317584227,0.73709739821484421,0.74310890855193912,0.64734769548896298,0.67728499906667883,0.68951509670706057,0.67305933323731715,0.64085524743388222,0.63201712761485862,0.65392157062894574,0.7204540507290057,0.75719073047914764,0.78830648352186039
0.78674205631626537,0.76076594876082659,0.70088290639373574,0.76206600572392924,0.74989088253389224,0.73918859598772257,0.76224741591254175,0.73530068331145371,0.69609453228476692,0.65023169685567739,0.67645481290890208,0.75121787627663017,0.66078466010219172,0.67651154607162789,0.69748467881669485,0.70718641823046913,0.71223519016733206,0.6879907398965408,0.67151367339280299,0.65871177705096662,0.76735764602970757,0.75658444084048027,0.76092948194791998,0.76335962574323479,0.75370064908443812,0.75418474677746539,0.72080535262959333,0.73495939305451907,0.7405550018233662,0.64660197500132588,0.67664932175095871,0.68869099941219547,0.67182811315731561,0.63965757856071614,0.63109971375109308,0.65229801791501463,0.71756090236635861,0.7542669061614129,0.78586525696055132
0.78448826052613407,0.75895148445840499,0.70237066628624212,0.76355143724228602,0.74977500136221065,0.73874699530530452,0.76281377784706828,0.73436661078323173,0.69456423126761402,0.65494497915907846,0.67869422941438629,0.75079434664746014,0.66863893408494701,0.68178447987502799,0.69999594560569567,0.7113494250231992,0.71567276523582657,0.69128198095891003,0.67532760227783661,0.66311417635305825,0.76712732274923157,0.75744368808165463,0.76075504668343918,0.76253272247853676,0.75301061104923084,0.75302024557219205,0.71913097932207326,0.73292057141523725,0.73859271709884489,0.6622801040055396,0.68690488716523324,0.69683613097361585,0.67761395709319139,0.64397885212209527,0.63596641478122828,0.65539248882925871,0.7184992098148778,0.75492641025278728,0.78669170133948785
0.78258125969458758,0.75711673754357911,0.70098002432169704,0.76206136765507637,0.74830170794544792,0.73727175385416577,0.76147145299128882,0.73289436223244975,0.69306181231798392,0.65393852762854465,0.67735880860491893,0.74924242621938186,0.66747900314256114,0.68077364523556472,0.69863476006880265,0.71047777681950863,0.71464924768654403,0.69002937987930146,0.67423554144863673,0.66211722434527265,0.76580556465538341,0.75610206224254772,0.75922334282321458,0.76095188017159099,0.75137028024799291,0.75152160778901855,0.7173574267889048,0.73053778693701477,0.73616302225411823,0.66156994792171508,0.68615976701962755,0.69600303498687432,0.6767612794321296,0.64281593359564415,0.63474981637946937,0.6540974336309392,0.71703838365972483,0.75333898238411912,0.78518072690067531
0.78047537819872226,0.7553094815683199,0.69776540374274099,0.76066099994587932,0.74654669653655559,0.73550873677047346,0.75972866719344501,0.7309583372975641,0.69135862768786527,0.65537740567794445,0.67565192032524535,0.74731937660484116,0.67490098577193891,0.68628752792159275,0.6994011589528204,0.71369976263343837,0.716836907981376,0.69100153393923502,0.67421020788898556,0.66355999038952684,0.76362508317196909,0.75433486864525545,0.75700918813513063,0.75869266364776022,0.74911346725711514,0.74977210887211032,0.71551948996750514,0.72788428397424354,0.73322812353944455,0.67264133225918143,0.69451221841626909,0.70343224237967727,0.6806802203219855,0.64367929951136083,0.63570684762877516,0.65324870161132098,0.71401795789727107,0.75007522126855275,0.78248129065902106
0.77964634088971219,0.75655121895230049,0.70704583044302338,0.77128333194321119,0.75056233023635033,0.74070205582575899,0.76675581554474725,0.73719300447628122,0.69950516705713062,0.65888319456602051,0.68550761964507323,0.74980134874079096,0.68391573883677625,0.69477326584650856,0.71119086106302254,0.72072652038166729,0.72326530148647017,0.69817891641379159,0.67902472925277269,0.66739959915958502,0.76475026163554971,0.75642781768999345,0.75841615135538831,0.7597151290024976,0.750434036913323,0.75231185100365294,0.72016774605901868,0.72766237340453332,0.73200887486279376,0.67647882205561338,0.69960055167589674,0.70763381204855968,0.68433877946586141,0.64878159579296568,0.6407081044475319,0.66618927207727163,0.72558165907897798,0.7599075468796388,0.7905103055660504
0.77849839930003961,0.75557515506942152,0.70610138588918281,0.77058301783401661,0.74948334957171925,0.739685154322134,0.76586859550464448,0.73631369468036378,0.69855504945584046,0.6579142403989976,0.68471311567396487,0.74849431924510468,0.68329156455993534,0.69422423292894975,0.71057380144660465,0.72020666649890053,0.72274131622835402,0.69765988536010726,0.67827825244787243,0.66673308975064061,0.76353540612439474,0.75513715169149398,0.75701545353161481,0.75831235824900178,0.74900917210923157,0.75118079097238188,0.71917225711763999,0.72654457633499658,0.73072029300328467,0.67587358639626116,0.6990578449668029,0.70702635101003941,0.68361937106807524,0.64818846454320167,0.64022746517253537,0.66559830387013641,0.72474172860612296,0.75912629200815107,0.78978014716567757
0.77673995850339961,0.75404635673967113,0.70426104526444233,0.76950815627024005,0.74806404164010143,0.73818984830398693,0.7643698229517395,0.73472726870807059,0.69706102019951066,0.65687627492306855,0.68307036522603914,0.74703536100939405,0.68229322729812458,0.69327229769944598,0.70934505418021121,0.71927246412991919,0.7218074053683956,0.69657588621415611,0.67706708972294305,0.6657042074716305,0.76215669199528091,0.75375227797207689,0.75556076773552039,0.75688198013779817,0.7475562169697485,0.74969638347041723,0.71757168600042398,0.72483684157359085,0.72884179003459926,0.67511540400367265,0.69825696324251729,0.7061864924961504,0.68270584303371462,0.64707073856253772,0.63923590335114644,0.6641333452119581,0.72310101325950016,0.75766479504534168,0.78859351587714566
0.77511298604509915,0.75258225014726554,0.70196334795880044,0.76892608210274782,0.74668801990066935,0.73674134105339772,0.76270189577698377,0.73301799750776053,0.69557492074819482,0.65594224518893562,0.68161900457124425,0.74570920973895594,0.68521192793798358,0.69618687218663666,0.71045298474666552,0.7214743329026323,0.7239156152687517,0.69831349847224566,0.67627703668751604,0.66545005734801921,0.760797134847644,0.75249562276132409,0.75425141986333144,0.75554936465675715,0.74623051254180839,0.74839276968101531,0.71606218449723491,0.72281391850307508,0.72644873217136585,0.67920453377883461,0.70115284721015447,0.70809760666053945,0.68297035782519511,0.64748324650936995,0.64028427734393978,0.66438708486772036,0.72154878991059468,0.75594301827897192,0.78725017271898934
0.77361299729188349,0.75049577117395727,0.69993662740139828,0.76771520210879829,0.74522872589604305,0.73497075186413297,0.76132923986021095,0.73114230985704776,0.69350327604970641,0.65531924487609761,0.68045262696542097,0.74441691360363449,0.68460496215013344,0.69554829326251433,0.7095895445953333,0.72080775988523882,0.72327001267916624,0.69765243180869851,0.67553266874941209,0.66483562643495164,0.75975667458105878,0.7514860981582967,0.75311784284088834,0.75438892472175023,0.74499763969489885,0.74663555641503954,0.71381091613857994,0.72076485309518079,0.72460466345039065,0.67870092580495678,0.70059987506219756,0.70746083291094664,0.68233790093252322,0.64683938011188125,0.6397224665642125,0.6635563042881174,0.7199780783887767,0.75414324705060609,0.785533848912219
0.77210501130918474,0.74971952187518842,0.69836140133956259,0.76627950799517264,0.74333488321896635,0.73315902853171278,0.75943607853945261,0.72930076240888464,0.69180433588122348,0.6539926876348594,0.67885880834354506,0.74253911820103791,0.68333891022317794,0.69428399251167505,0.70836388502167025,0.71952547465931171,0.72204768039507694,0.69654234747104815,0.67407321472204307,0.66358235724019443,0.75797877233517752,0.74972405580321244,0.75121046873167885,0.75249973942286585,0.74310443982014707,0.74527685632020957,0.71246932683455122,0.71957471882880741,0.72348170260121902,0.67767163700728217,0.69944945688542981,0.7063153170423363,0.68100294119298088,0.64569932082189274,0.63881569487394374,0.66243229689122796,0.71855863324733138,0.752534427767381,0.78402217373105476
0.77072335391289293,0.7484848080564106,0.6967435344713645,0.76475348864750803,0.74200496279864225,0.7318487965667323,0.75788376886533715,0.72781729806618678,0.69050191077438638,0.65291530758505112,0.67717578521813304,0.74119452626333648,0.68213161340611517,0.69287951127510405,0.70683782294179687,0.71798146151773912,0.7205525596087079,0.69504930953238164,0.67260697636901889,0.66231111267292464,0.75673336041912675,0.74837925827829976,0.74982448835943372,0.75116564203228209,0.74177665461706022,0.74402356261804048,0.71117567406846893,0.7181122112835282,0.72179732161965793,0.67778664346743633,0.69851299154458102,0.70511610918752132,0.6797340000083073,0.64432668378824054,0.63755717369749065,0.66095422240482504,0.71701617554903718,0.75090544262555126,0.78324064120375636
0.76970383210920668,0.74743216587091355,0.69852762857218065,0.76578835783452492,0.74118118862863158,0.7311658740642264,0.75837876462755316,0.72751302282968588,0.68950132419083565,0.65201939772681639,0.67932234418664583,0.74021074457236347,0.68312441022513171,0.69314135188331283,0.70876894662500467,0.71743347656319623,0.71976716632301374,0.69479655457288192,0.67215974866060324,0.66149565127560961,0.75555114235717091,0.74737992935522235,0.74865470166052417,0.74997816412239449,0.74063163528234388,0.74296803192272254,0.71011315147069454,0.71711577217697331,0.72073567799353977,0.67709349504235761,0.69779944532827554,0.70441068606362134,0.6788947626288766,0.64413933496050646,0.63773430837500522,0.66406776126096556,0.71894926767498291,0.75098405806108792,0.78263152188284968
0.7682580059298072,0.74605911859351548,0.69768665760520399,0.7649344568978369,0.74013569909348176,0.73009673721077095,0.75755097396881166,0.72640479524683044,0.68830421251475782,0.65053063964567825,0.67885250454850854,0.73905349696418421,0.68344059541393487,0.69293316786656034,0.70808375218593278,0.71687509905098035,0.71902974152833243,0.69403428826306091,0.67129629776501887,0.66056222324326064,0.7541697617585843,0.74604346647739705,0.74725478599731388,0.74866483649744675,0.73937984437188931,0.74176455574969757,0.70880408329152977,0.71579005482358382,0.71946208853074589,0.67809462546341748,0.69801862864591913,0.7040016854062211,0.67801311768301731,0.64338010150815972,0.63708006765691294,0.66333993640880473,0.71812080022082736,0.75007134706448841,0.78167076193333718
0.76886365812341084,0.74645028987296169,0.70606953844410703,0.77281773883235561,0.74677255953387944,0.73563319606686395,0.76543480412394649,0.73222745920196808,0.69173110628583112,0.66074557450988902,0.69527045426414824,0.74663952479930429,0.70587596790720897,0.71655922407509687,0.72708075661248217,0.74063721560900164,0.74445098600753445,0.72322937424417422,0.6881438879903804,0.67965167707354368,0.76062907971946392,0.75344647956963562,0.7530987427321244,0.75370391650848301,0.74421142184404498,0.74381274757950455,0.71124000694710665,0.71872918481535686,0.72264306130727729,0.68336238971101937,0.70984278303631576,0.71468968711855263,0.69196859825000157,0.67330707776372578,0.67938928336668614,0.68707804098171765,0.72668770961606499,0.75401480217314387,0.78571990379515944
0.76699580036306003,0.74447208078552307,0.70350792886540758,0.76944509986678455,0.74434958989085853,0.73318268095875594,0.76330164529490174,0.72986568715899802,0.68944162852129631,0.65925021765471481,0.69320560408037335,0.74424725755905541,0.70340932027194791,0.71413414881627291,0.72413338103758274,0.73836431448275741,0.74207403828494023,0.72066646683165136,0.68665539925861485,0.67825615191659072,0.75879436183997784,0.75150111153969057,0.75089572779245184,0.75136450819666045,0.74178285887057094,0.7416281880278992,0.70899141277087696,0.71635492688857771,0.72044459078096068,0.68192013063015522,0.70811572850593774,0.71302054066270626,0.69043702327758916,0.6716197930784199,0.67733167660386906,0.68479406896286843,0.72374482136723872,0.75048277572646094,0.7822224569276528
0.76526381950600098,0.74282372162202448,0.70299041865812539,0.77190155938000127,0.74387848490057118,0.73221579787754998,0.76277511176981805,0.72840046710104178,0.68784798436580097,0.670567033198744,0.69623102962750549,0.74411380802662963,0.71846168218585849,0.72921175921876935,0.73280477294014734,0.75151964678509864,0.75478583738405913,0.73329086293080525,0.69506680065291848,0.69319427177610138,0.75977112239318312,0.75434860771890444,0.75176129089329757,0.75127729884281602,0.74153280152463996,0.74040442703905784,0.70741307444353019,0.71450442494570487,0.71852773154583904,0.69757408853197334,0.72257912778986133,0.72570486451512017,0.70626127777947145,0.68473466404986427,0.69081947354727813,0.69318920221756786,0.72450190230517642,0.74942887449407647,0.78112477358692978
0.77113155018962931,0.75326652838684527,0.70434656902310311,0.77271179649524502,0.74901747452450551,0.74119055156048319,0.76531872164655557,0.73905682100063241,0.70873978048032782,0.67890953928348285,0.69875587539978123,0.74791032424752468,0.72853128017266799,0.73788086312158108,0.73684234896467904,0.75997357058352977,0.76359571821695249,0.74149738829395917,0.70035615224185765,0.70281181380980284,0.76300622416000474,0.75727324135741325,0.75585337626427918,0.7572201916710164,0.74815858374264788,0.75255619149964725,0.72320104043537659,0.72722319034574912,0.73439752226770627,0.70458493070338157,0.73162661999498169,0.73628542491226834,0.71853654721536198,0.69285089190510896,0.69864402090044064,0.69721324622762504,0.72522819316915688,0.74877786056378692,0.78102510254152013
0.77236112418138936,0.75496897178098687,0.70167424792487232,0.77056689888459906,0.74831367549065153,0.74104630698867646,0.76401700973534037,0.7389584742598192,0.70960497211291773,0.67712921332498044,0.69661255502548747,0.74702238498565721,0.72746266615441191,0.73698857946166541,0.73501162767725214,0.75922863042935529,0.76282008448098049,0.74030585733558951,0.69849519535669136,0.70138561307195113,0.7630210345750521,0.75594924352238124,0.75545756374928763,0.75787126996206533,0.74856192945714339,0.75401738690088926,0.72426168730295415,0.72764159824129515,0.73486374608916338,0.70425378330685362,0.73113617532569353,0.73576781392622248,0.71771862447857881,0.69137712053106093,0.69737349306884933,0.69522785197123749,0.72233641856687947,0.74580993841821985,0.77837994368317964
0.77125284977253372,0.75393679562072047,0.70067070112112273,0.77070608990153566,0.74815466750529569,0.74054033557114474,0.76434181046639582,0.73823883997013784,0.7084852561497037,0.67769429117116553,0.69652742168738757,0.7466732177766402,0.72868783336827037,0.73910927625501799,0.73636049771863654,0.76055980537780044,0.76392925584547022,0.74136140072342571,0.69867471958214111,0.70195559177992362,0.76379360933897777,0.75603429411136003,0.75553766071525486,0.75793806286430165,0.74849390503141333,0.75348012882400384,0.72316268141615891,0.7265033699959369,0.73377773441739969,0.7050101669184049,0.73198991110019596,0.73654871256265042,0.71861803460739471,0.69196513798208914,0.69799773068239934,0.69604615610040155,0.7218279030633532,0.74517948674298851,0.77745217499147323
0.77037689523971642,0.75311600881211449,0.70034859510263126,0.77087045984481595,0.74761363851698226,0.73992532852149029,0.76402167743335792,0.73766883924722382,0.707586310528312,0.67950872444094967,0.69750263858448269,0.74602640880447768,0.72859827558886159,0.73894321514212591,0.73704094643041174,0.76087771824349226,0.76426947455335137,0.7419387653252294,0.7002477412704039,0.70401052345372384,0.76323429436052881,0.75543785213065351,0.75490147352452197,0.75728975279670474,0.74784005256264041,0.75277595740605086,0.72226971091527437,0.72558293410664754,0.73280278326964143,0.70565934469910752,0.73219744479074478,0.73693839724996124,0.72008387830291998,0.69332134746322971,0.69884637598237909,0.69811518762229419,0.72247473419653674,0.74509040426839368,0.77719041295098967
0.76745978565579442,0.75048201158462058,0.69745745623555355,0.76856363101199154,0.74487969701433632,0.73718855123956073,0.76137188875365447,0.7348794688558562,0.70490582751196329,0.67697970720338319,0.694851729804287,0.7431598534814976,0.72628890914100919,0.73711682718608973,0.73490051800143052,0.75950839711718654,0.76282027100079275,0.74024368743894153,0.69786282910133091,0.70211183548585332,0.76122769868728835,0.75289328148880508,0.75215892731278311,0.7545869230916491,0.7450849636685587,0.75045961530723648,0.71954033315755117,0.722415100961731,0.72984980029109647,0.70410257990621339,0.73077239607233768,0.73574573442502222,0.71862688492947313,0.69149218827358672,0.69712358402873154,0.69603235879143288,0.71972332446132226,0.74221885574696878,0.77465122501802375
0.76554745058533447,0.74901977754433779,0.69655443211198587,0.76929916163982759,0.7440860813059943,0.73615193172056992,0.76043397613860741,0.73349412728287056,0.70347264572163248,0.67616892002732176,0.69404197315520522,0.74252753105700231,0.72760990628829048,0.73826854988785806,0.73544802964189504,0.76008003582867822,0.76324881730072269,0.74052189364838716,0.696931748251014,0.70158591475948751,0.76064048024149178,0.7522126664425367,0.75150289783914193,0.75389295577050763,0.74443346062986682,0.74961076270792781,0.71806335976143809,0.72030607629103582,0.72762766773316923,0.70346562128588463,0.73080978229040605,0.73558768769729543,0.71833780802056546,0.69108266236792282,0.69704065479351107,0.69548022740734139,0.71922883987405295,0.74244001143948779,0.77430990290366586
0.76392675867941828,0.74734619011308712,0.69629367962871924,0.76904362986357033,0.74316768604817407,0.73491458238695029,0.75971534975055421,0.73220873630353789,0.70202070686523033,0.67585813091225311,0.69355822026016711,0.74173559880681794,0.7279408293213887,0.73863643005972213,0.73547602806589985,0.76134965000779975,0.76503988598670358,0.74212853024752667,0.69654290645140704,0.70206150665678602,0.75972484122529105,0.75154981026154344,0.75062025777858377,0.75284607815621019,0.74336670456924125,0.74819436940598216,0.71640190606030363,0.71839626188932082,0.72570855994672956,0.70349274592032218,0.7314906415738176,0.73655452490967421,0.71935402894700584,0.69129606239782149,0.69716517623736218,0.69554139250631519,0.71866579656206953,0.74189457714293539,0.77352160896407307
0.76139700805883803,0.74502784978953829,0.69408085091491367,0.76767186617179961,0.7413404304920076,0.73299970389122227,0.75803131277973812,0.73029412056330822,0.7000953069398923,0.67419091774644857,0.69160541959801081,0.73984899713283581,0.72720733725208453,0.73781505156179084,0.734210737501233,0.7605693992197301,0.764170644773847,0.74091523968117701,0.69469272028855744,0.70037910033988993,0.75791769500534201,0.74958494909974205,0.74858065764608106,0.75084463587216954,0.74129206469672793,0.74623526150588049,0.71419338020038281,0.71558455214461392,0.72290469998588458,0.70327317542007506,0.73113442065608902,0.7361901031966871,0.71817899857329248,0.68960535676054735,0.69569614909319721,0.69375833926631258,0.71651292678621215,0.73965479673700485,0.77159361161069462
0.76000153881362376,0.74394785542377495,0.69242441275592281,0.76684314983490309,0.74035974964253914,0.7319131324103666,0.75691631984766627,0.72901112011576163,0.69886922827806097,0.67361639037823773,0.69038263083126616,0.73889174920091871,0.72666257174793558,0.73714921408647938,0.73345233683335787,0.75993444601055704,0.76349123191418855,0.74015997398280187,0.69366868454386565,0.69945217103276569,0.75714128527402869,0.74880675827966292,0.74770184638720116,0.74992389080588462,0.74033752498572514,0.74526266729696233,0.71295993150580161,0.71384397388380305,0.72095334227593155,0.70359151460466496,0.73085366996371204,0.73596244439621994,0.7175297098443737,0.68869118745215963,0.69505638594641883,0.69278229452295514,0.71518555153868191,0.7382557844163703,0.77034509102576643
0.75836937928195147,0.74217560650862513,0.6906601420351216,0.76583743838502683,0.73871278058353007,0.73016538747874205,0.7552844594354049,0.72719671984481615,0.69712262268464109,0.67259820164768291,0.68887187756510881,0.7372210923521868,0.7259844753693101,0.73643255315253475,0.73254504313600266,0.7592169493214409,0.76274553269248069,0.73932229652479875,0.69233709789565445,0.69828065329346245,0.75558699921290307,0.74736427151299878,0.74604937722711417,0.74835807964973877,0.73871909696653404,0.74356829761402732,0.71117155361369522,0.71216543239540542,0.71936192236966434,0.70321347113012123,0.73031746145748533,0.73532550566449484,0.71660811285675896,0.68760492418952024,0.69418111689315576,0.69165799486006352,0.71376082893963777,0.73680829744946519,0.7690492732750841
0.75645594406773442,0.74024341069159971,0.68885472514184198,0.76419563403181257,0.73695887663810122,0.72837505208893227,0.75361778229202225,0.72548028353714566,0.69532807385202888,0.6707960989816304,0.68699571448692842,0.73534292910812282,0.72499915301036943,0.73538065111594408,0.73104195570556574,0.75810099293310962,0.76146444996879847,0.73774277469418015,0.69043673259752447,0.69671854442378978,0.7540542010007647,0.74563116037722865,0.74425619909183871,0.74665230939662508,0.73695244461547338,0.74175882392857528,0.70925236796655189,0.71033468796067167,0.71749293332624475,0.70276509526272535,0.72953131651054637,0.73436601205616747,0.71538552471091077,0.68584753888080296,0.69247151592155054,0.68986477632922516,0.7119733905140917,0.73496467267866372,0.76713600165950513
0.75469307654944795,0.7382702030567817,0.68703077357635578,0.76276253586813814,0.73516793481053788,0.72639972931124219,0.75189523535024783,0.72352991791048205,0.69321103910350801,0.66919364143786397,0.68508166213449584,0.73350135661740246,0.72351303204728235,0.73386728544656876,0.72948481704347379,0.75656260340965753,0.75985500619129343,0.73596976609938247,0.68854283367418667,0.69501093340034859,0.7520474112177733,0.74374787371273932,0.74225512366317148,0.74469657950699331,0.73499194764906117,0.73979019911849853,0.70709981061283611,0.70843490112819807,0.71558242546558692,0.70151444787327266,0.72813207880087549,0.73287016099522584,0.71389312681579586,0.68393393535868752,0.69062810236311256,0.68800134986737194,0.71030961703651641,0.73334746118398264,0.76556964586044396
0.7524483987000119,0.73582333795633525,0.6849025316338575,0.76107678625671449,0.73262425072875226,0.72369681746840275,0.74959431317990854,0.72100428505945924,0.69057031443889327,0.67047014266070382,0.68331112652543291,0.73115516811678483,0.72396774324059654,0.73468434209672429,0.72930446486079248,0.75856147553380204,0.76290799785580954,0.73874639722560353,0.6874797206051666,0.69494552526513864,0.74988756535625478,0.74170142485527302,0.73997191645156735,0.7424071952476331,0.7326477307078314,0.73713607554826033,0.70451004664721772,0.70638318300956737,0.71367283966759809,0.70291000785140045,0.72950715367120877,0.734365831627111,0.71446418239463838,0.6842100144756974,0.69172459798032426,0.68776568294600959,0.70838925667474928,0.73116315762905015,0.76362881940983551
0.74978971979004716,0.73300384604096158,0.68237383942630891,0.75837470100045346,0.73000898598249042,0.7207853360227372,0.74705294555000457,0.7182075699751711,0.68766774007110132,0.66823414296156647,0.68079548958557645,0.72877878882512137,0.72210419510076351,0.73264108830818864,0.72697701376463064,0.75638844111561976,0.76074999289011924,0.73636366088389438,0.68517039274576053,0.69249571795054177,0.74772743244103779,0.73939454666608373,0.73765558694568756,0.74017243446393188,0.73038940708328848,0.73442821485472409,0.70155116343912316,0.70381205490055032,0.71130152035148086,0.70046813013329468,0.7272173618770843,0.73178358529624499,0.71201293897603302,0.68164437185647753,0.68910393792469793,0.68535876100896509,0.70583662490667176,0.72852427749325999,0.76104663020198304
0.76296300687892149,0.73746926716367933,0.69234788374485545,0.76428207221709654,0.73694008610081529,0.72804296744286001,0.75952762765162207,0.72769120460329961,0.6933885395182835,0.67326856023029968,0.70439287167769837,0.73379476292818613,0.73666075288765731,0.744232636129596,0.74357745842922696,0.76988999264584357,0.77410671533547248,0.75184874205889096,0.69952799032001267,0.70104061756751446,0.74874282142699156,0.74308874251620316,0.7396958727513373,0.74088542854794193,0.7314559399010292,0.73483741080450149,0.70732694402871632,0.71913130550083204,0.72748826607416417,0.70897145768332459,0.73720558400823799,0.73878690410716485,0.71704050593667479,0.69318305836561322,0.69989964644499336,0.71092834606707467,0.71978746670201699,0.73299785050726396,0.76318261584598712
0.79726402195174828,0.75907898484544567,0.70764296035781116,0.77613454726692932,0.7562438832211934,0.74488626928703239,0.77818783417875725,0.74247815682544571,0.70538490835623813,0.68879298763946184,0.72385255380249891,0.75317948211630137,0.74778025207076626,0.75846427527664606,0.75815129834778161,0.78379796588465345,0.78822826712582361,0.76759888880597482,0.71906427064405543,0.71813892119185818,0.76974219322499737,0.76211951789314147,0.75803875801719711,0.75759794843115291,0.74859435197379698,0.74940609472648001,0.72305444293804322,0.74166539445459223,0.7445877097461806,0.71868395276629782,0.74868895574662864,0.75175336003602833,0.73229635875795263,0.71236820861014916,0.71992625532018728,0.72810893263351018,0.7337047163071716,0.74551716056918926,0.77362099144118268
0.81086292556092854,0.77699837236192038,0.71973751436312317,0.78274191758076173,0.77553325668727646,0.76541924613793866,0.79424044035580099,0.7618151420578203,0.73317310429576632,0.70745637237189363,0.74010772275479997,0.77257277751860465,0.75624931697830755,0.7675516238543123,0.76824053980965168,0.79308695665323459,0.79750054511253154,0.77800411926272506,0.73741279688891082,0.73246272185151451,0.79581590811275194,0.7883134968079194,0.78155880017625734,0.7792589898165807,0.7704669052085561,0.77084657047672556,0.74550364817511872,0.75618399891454557,0.75605807851140239,0.72721374959778307,0.75737124455273785,0.76029148998766716,0.74333905675654721,0.7259911146270176,0.73147421718416628,0.74148159005745462,0.74427781739577636,0.75300268928305147,0.77786487085405687
0.80696058576749496,0.77335787325399696,0.71603361131378418,0.77976523746936011,0.7728930430715869,0.76230703969254476,0.79149274697068328,0.75819286171307576,0.72936502684690807,0.70579086430314353,0.73710372818428083,0.7701048039152526,0.75373167746378011,0.76522987423137601,0.76560421101004295,0.79098247921629961,0.79535028498920668,0.77576563683999733,0.73543172193422135,0.73055973060066004,0.79373439392070233,0.78638425459742178,0.77922477014523828,0.77664721612899157,0.7677848827165864,0.76779616157587827,0.74165437273488966,0.75141674421555937,0.75126201982689067,0.72558228460605989,0.75552879319834221,0.75866058450862595,0.74148744536343791,0.72399766612447636,0.72946559149857115,0.73899914520444887,0.74096668038626223,0.74927592327104608,0.77407204903938576
0.80346042065442902,0.77011208999983538,0.71174012410008691,0.77684300082817781,0.76962487820210468,0.75890973068674572,0.78808624897368662,0.75462791669638773,0.72600742283744457,0.70343300728358604,0.73345421782093034,0.76691013856158985,0.7517880601382243,0.76333962724102356,0.7630058541051028,0.78905178587648173,0.79338296278407983,0.77345693748962818,0.73271582326757578,0.72841568616231755,0.7910365940127505,0.78361833855741048,0.77623176810310213,0.77361631950757659,0.76467533025659884,0.76467422587272205,0.73826563376855681,0.74735540222564278,0.74688069172082538,0.72395411386060826,0.75388498420744099,0.75694991344877893,0.73947167632055599,0.72158721659299019,0.72719116065332778,0.73591173880584193,0.73716361374222561,0.74542940700598292,0.77038078571840984
0.80148400571055545,0.77105289968662083,0.720545772838867,0.78483323194685817,0.77489260380162139,0.76468034340566682,0.79439814069951831,0.76088818543677272,0.73240255945407595,0.71154710311999758,0.74092677293924969,0.77107394174289745,0.75921342744759168,0.77055106243758043,0.77065644266896172,0.79620044885127439,0.80102479431269136,0.78182105689643089,0.7401857188103057,0.7352849221507568,0.79563711669779014,0.7888700594172402,0.78026506261273088,0.77680097524737368,0.76824077313316208,0.76828008921135293,0.74256658232415451,0.74759347255226227,0.74611300138558523,0.72851742441304324,0.75952188704102952,0.76239143274175958,0.74550832482341078,0.72911315323364134,0.73523506211078593,0.74360888459828667,0.74519347747785036,0.75354674804723432,0.77802710778826345
0.80301412378098502,0.77433043928656697,0.72374817413067927,0.78763805193946301,0.7826725576120126,0.77137357358791292,0.80008401225814485,0.76617853487882892,0.73857392272090161,0.71560700664741461,0.74675933517233262,0.78028319812559921,0.7648665860194972,0.77660760106274718,0.77609150703748053,0.8006614704402637,0.80511943480715831,0.78684055866346425,0.74755148423901996,0.74158176238555662,0.80345402143315958,0.79548428890254552,0.78809735027560068,0.78513625213690386,0.77678157658016556,0.77516642217327192,0.74768452494934468,0.74973773845286407,0.74770286977472677,0.73087634207421648,0.76283929848649423,0.76548407922076811,0.74947565552552642,0.73570986317455023,0.74222311813809938,0.74992553153536912,0.74824727460106943,0.75451223830161318,0.77828689945702179
0.80203402259023415,0.77377902581242963,0.72705418013358636,0.79025602970415754,0.78933877108959627,0.77531849180070223,0.80603790950604348,0.7680114069495152,0.73802589426174059,0.7263225374864285,0.75397689979968852,0.78882438902519347,0.76880800139184757,0.78250173595340222,0.78147234323832326,0.80771223966129146,0.81310833964656293,0.79616751717594847,0.75936796477242008,0.75104792680702348,0.81455216738172653,0.80876586275515328,0.79877731612125147,0.7924522619584391,0.78375510734864229,0.77630399869178546,0.74744782813093325,0.74858833195144825,0.74637647191375001,0.73509717699661581,0.76818789365886275,0.77158916903203401,0.75579974293694685,0.7477796943490207,0.75661178729545553,0.75753067636454752,0.75083133993667805,0.75552052593658625,0.77878075535610303
0.79877980271728799,0.77084885013388615,0.72430000367869873,0.78862276365518069,0.7868938462684697,0.77282420467140212,0.80374044443751291,0.76548008018124314,0.73529590415724999,0.72475085929337824,0.75167403644552722,0.7862134419175415,0.76705985862560611,0.78066580391003093,0.77947690811789982,0.80589416082079512,0.81120926026225348,0.79412504418303775,0.75781617982816807,0.74981559789139196,0.81185336640986494,0.80603363001974671,0.79601810596542411,0.78986705554758907,0.78119408408577817,0.77404743022249167,0.74452536307671036,0.7449471611089522,0.74282399319500225,0.73440430435545923,0.76705151296298368,0.77049584178595554,0.7547485113282143,0.74622496629772217,0.75476972702794143,0.75544274622390262,0.74851245901537866,0.75329609737282144,0.77705237392931414
0.79654297992169543,0.76915866441920777,0.72170413534896316,0.78669129756099931,0.7863062190803668,0.77161732103421143,0.80225901520584553,0.76377454199017136,0.7337057274213451,0.72445440277154083,0.74950691549051163,0.78641026989632012,0.76643416674929332,0.77959615290370055,0.77753008339938523,0.80457080353053079,0.80970991169054596,0.79224071601943302,0.75776025331308894,0.75004701456630074,0.81204689864719726,0.80614873678510945,0.79597865918114741,0.78950222630140809,0.78076711203386762,0.7726426039690526,0.74289781637230656,0.74278072964836461,0.7404559625793542,0.73304128542154179,0.76597753030578997,0.76971798344219533,0.75487446030806704,0.74481212555674825,0.75222396942374969,0.75281402735922331,0.74595281267163438,0.75089311009715254,0.77485429572894704
0.79456049529322426,0.76721994301736285,0.72003597307268374,0.78596255465203557,0.78499761769148468,0.76989258348990808,0.80106783133602999,0.76182437665019209,0.7315324244725161,0.72468656206425752,0.74815086569569833,0.78520863964927656,0.76808923197191736,0.78025027331045216,0.77699776301785228,0.80481653288941601,0.80980113417223609,0.79191833670760559,0.75695606434331719,0.74934303235083233,0.81119418471853044,0.80533792292516104,0.79499338581978141,0.788415266623683,0.77959521211838911,0.7708732797044644,0.74079811092671732,0.74079312159158084,0.73858569473415836,0.73669419733138963,0.76787619478639568,0.77052464587137259,0.75454965590827106,0.74389839228834198,0.75124001684597441,0.75163847438789588,0.74458739341694502,0.74966961174796842,0.77361156407723175
0.79190849580777678,0.76463785610788326,0.71877162439963105,0.78507232817991612,0.7832842794643774,0.7678342808551738,0.79975510529250249,0.75982173200764347,0.72904882470769372,0.72385824173216418,0.74704260719559101,0.78363438255146556,0.7674161950849967,0.77945447905928111,0.77613506548322952,0.80403584056724919,0.80901136936342743,0.79108462788543621,0.75603553178516492,0.74839596903657246,0.80964835965716286,0.80419353146606654,0.79342785527176252,0.78653555695008603,0.77767479286649865,0.76837480448602624,0.73814564403522875,0.73836852719693735,0.73632449944862699,0.73656101000868157,0.7673907116864106,0.76986444138857213,0.75374446182991472,0.74291012518156785,0.75032784792643059,0.75066833213597794,0.74352888742586387,0.74866268619060505,0.77256488030031978
0.78926656852521915,0.76211596415826144,0.71820317887635376,0.78996403327854725,0.78392846547323081,0.76716667679253348,0.80030537047777828,0.75843640755144326,0.72691954146969739,0.73988949665656734,0.75197373099124498,0.78523299826688087,0.78983717625339578,0.79906898000430582,0.78789117445121071,0.81862137003925173,0.82221617987946116,0.8042221316887268,0.76536200588658021,0.76244627482655758,0.81401762650990728,0.81207195130597631,0.79769195350313304,0.7882345966132065,0.77899636602364641,0.76628885208996977,0.73578233193438947,0.73592988149848804,0.73389953921203421,0.75593439091533898,0.78465462720812706,0.78365974229299062,0.76960394670533339,0.75608652603189919,0.7641083259613749,0.76058328264345232,0.74560323651474236,0.74892550706456995,0.77229049207041178
0.78743103088512079,0.76072765871472059,0.71995886348409388,0.79004829136427923,0.7841862491508842,0.7675417871309349,0.80191730308061893,0.75907610250876789,0.72705452597321696,0.73961745118346756,0.75298539339122328,0.78479451741634154,0.78985366103058452,0.79878047930676011,0.78809081328004515,0.81825640295164725,0.8216306894012847,0.80356233886262096,0.7649622028389691,0.76225358086710293,0.81321521512020845,0.81122976914057598,0.79694154253252791,0.78754176872932047,0.77838912022390538,0.76577605652029923,0.73525118704309633,0.73448152143056844,0.73226615934326544,0.75815251934434746,0.78540074513324998,0.78432895435236971,0.77032075325991434,0.75553778436604035,0.7630641440521776,0.7611487057839651,0.74634137449076554,0.74808446967698539,0.7716526216896139
0.78639225862165274,0.76327034192261101,0.73891040944868858,0.80337970429597638,0.79213616230136419,0.77761866403874746,0.81141490852436904,0.77345134597591525,0.73697948161903448,0.73963097173374104,0.76141267840914373,0.79132984380440619,0.7925285481094626,0.80063915638832239,0.79358288087123052,0.81900386551540627,0.82176195697531074,0.80398225303431547,0.76582230723963607,0.76182042131614836,0.81548156990611453,0.81355522633185107,0.80113550775384335,0.79305973672227059,0.78520092733813995,0.77455586071901372,0.74322153122144741,0.73698653510894796,0.73245456326351632,0.76488237911089463,0.78933480651735366,0.78704266647232957,0.77051396216161683,0.75613732250907417,0.76384005378791631,0.76565221172961639,0.762837632637693,0.76726304702134041,0.79588407204429756
0.78898361436049103,0.77234919457094797,0.76819731130071001,0.82896932271907453,0.80364271636709683,0.79151438221744774,0.82377911823928718,0.78932019763126271,0.75690941152445423,0.76516005995228753,0.78459201512374499,0.80188891350055069,0.82121913007078196,0.82721907343698586,0.82232353888508636,0.84333009551134352,0.84598314666183938,0.83090593558389714,0.79082450193241827,0.78749149262064977,0.82399898248751735,0.82298294367815905,0.81083547462554173,0.80315010601258274,0.79596685366585451,0.78744456778340421,0.75848913350541169,0.74518166985816547,0.73845000234973057,0.78789864097813689,0.81212419359692867,0.80701538237482018,0.79149111423701835,0.78382959592222901,0.79415086957031766,0.79731808810730787,0.79176956189601344,0.79305831381680614,0.81860914673329066
0.79691377395633245,0.7848472336548159,0.77450127848510608,0.83268718922187135,0.81020606858457223,0.7998415981658189,0.82792718817728805,0.79793098218162939,0.77013454396214587,0.76596673898806278,0.78867178029100926,0.80842062942185822,0.82251218256769376,0.82863985970347076,0.82489211887582703,0.84337122381369611,0.84555826480643614,0.83082671534521457,0.79203290827665362,0.78749457191181105,0.82924859699354503,0.82650439712368473,0.81643966108268484,0.81099166763542574,0.80426266965228677,0.7992670713636425,0.77133365180022717,0.75772764882314714,0.7544075342045844,0.78740064090817963,0.81193369522711101,0.80649749886362798,0.79100899125714619,0.78419726512495058,0.79406841428858677,0.7996690775121118,0.79692556595855601,0.79706555382969879,0.82549901107170565
0.79457001668097793,0.78246589689650536,0.77208214470887382,0.83016962170548647,0.80828129020976702,0.79775110859981968,0.82563616042733023,0.79565501053962873,0.76785571140499997,0.76394660291227812,0.78632222655807349,0.80647701939693717,0.82020984703178379,0.82643307945770084,0.82266240786381795,0.84130872936959233,0.84351095121552799,0.82879454594048851,0.78970026289624262,0.78518306731512488,0.82698990583704146,0.82438798171279859,0.81408646251833827,0.80869130681419277,0.80203971426036647,0.79718011464601091,0.76895903089195916,0.75497408303164326,0.75175281095736379,0.78566008958337186,0.8100021691864191,0.80443111190431249,0.78874573524060154,0.7818476393567757,0.79188426073761764,0.79751166897081005,0.79445784853383217,0.79449190407594472,0.82299864865839467
0.7899933225534902,0.77786005112772938,0.76768612957032523,0.82629821445799367,0.80517489679370047,0.79410722799500977,0.82267080005280768,0.79176658873232708,0.76332763236019019,0.76084134129784953,0.78243049869208692,0.80345898080578282,0.81720247338129759,0.82327738103610693,0.81882396697452797,0.83805524035303425,0.83997174535379271,0.82474370086722182,0.78659635436565822,0.78162754668003631,0.8243960611061627,0.82182086686942057,0.8112271921093388,0.80563729896586289,0.79891521622480555,0.79339203744871001,0.76414593418982857,0.7498051429733481,0.74688436015432214,0.78330472520610073,0.80719935192756986,0.80136171845749016,0.78507514848510873,0.77772175035781832,0.78742441503676774,0.7931611667287477,0.79027767450968811,0.79039020187441578,0.81918744243947017
0.78647334915490885,0.77459049321006368,0.7644998949606997,0.82343644613413014,0.80230402797850464,0.79117580361404471,0.81966108837507445,0.78871979303732631,0.76036330415699971,0.75789307001437589,0.77927657031597508,0.800648114330195,0.81457162795261229,0.82065739645029157,0.81606259221766464,0.83541261513308396,0.83732191386779131,0.82202048532053529,0.78351558429117674,0.77859390305209752,0.82141087345282882,0.81901725981346485,0.80832825185699742,0.80274669513384733,0.79603334022313132,0.79048402690352659,0.76106461376914625,0.74594100418954379,0.74289037171818495,0.78083947299836765,0.80470654378822248,0.79872488554924737,0.78217020322375741,0.77474017365647785,0.78467248553187818,0.79032452706896072,0.78734227837639403,0.78743085997479534,0.81620629840674708
0.78304180673666623,0.77167944357942042,0.76161459775326212,0.82054947256132782,0.79951641119500771,0.78822777314508852,0.81669984671057894,0.78568755216777575,0.75731299288359955,0.75479290452754511,0.77631561221860834,0.79794833702899726,0.81200379963001901,0.81808735569643565,0.81331800054207748,0.83295035957922448,0.83480956506606885,0.81944647527682146,0.78043896834741933,0.77542815964614353,0.818172204951777,0.81609662787953441,0.80531182218460362,0.79973092117153544,0.79308752789192616,0.78745140631146782,0.75804889191804592,0.7428051557098263,0.73950686264257104,0.77805044585490402,0.80199740253290785,0.79577047578443683,0.77886026430104671,0.77178720651085042,0.78212317780868634,0.7876363407343302,0.78449482865378251,0.78440839584937017,0.81320089421084685
0.77991915354733354,0.76843330426557843,0.75795872784108287,0.816945787471415,0.79584278905954897,0.78453456804506405,0.81272115704288794,0.78187710712862135,0.75371807091521625,0.75135079317710729,0.77241984201763092,0.79445938899271884,0.8081981457136721,0.81432243361806067,0.80961889743203264,0.82939829215605043,0.831237470633167,0.81586194015044922,0.77669433064563287,0.77193768704631782,0.81483308538930088,0.81268484371462646,0.80186575399434867,0.79628890793595997,0.78961303040790065,0.78393187887418503,0.75448151235755601,0.73909745218723122,0.7356067740198996,0.77518369326661318,0.79870026443524911,0.79265656548313779,0.77572267894848479,0.76846978017797851,0.77887285769061221,0.78418000954371847,0.78097816141813692,0.78092435068116184,0.80965560693986693
0.77756296003541481,0.76614456039984224,0.75641597627657975,0.81554418514039562,0.79425538387801475,0.7827092308532988,0.81088542091679094,0.77973833049788877,0.75148918395917264,0.74917547517878769,0.77032175988414731,0.79276097879345819,0.8054209694655452,0.81175656925724848,0.80789799589827072,0.82706969003610564,0.8287089356277898,0.81357568721931151,0.77428590375316519,0.76966145683575282,0.8130720618393219,0.81074922179647957,0.79982513907112163,0.79431708466835216,0.78766415430086967,0.78191275198873178,0.75213310125152855,0.73655341467642077,0.73310893263719457,0.77160937174863764,0.79567824969568601,0.79004050971228135,0.77381056954219418,0.76596027283344748,0.77640113805292799,0.78226835454139754,0.7796317580674349,0.7796525352170659,0.80831306329755914
0.7746014708793445,0.76286498855027018,0.75362816088804396,0.81312035088616053,0.79130605031780077,0.77948132892839461,0.8080851182241402,0.77678000140200298,0.74833694885408664,0.74606662943880075,0.76688660147387744,0.78975348349884267,0.80092719658979616,0.80757607589286085,0.80474464726944128,0.82341345946739319,0.82484175133961535,0.80997218595491327,0.77076635492516132,0.76613932573672205,0.81020736252015402,0.80727303218195234,0.79650208119186983,0.79105319391212647,0.78421519397969341,0.77821435691149254,0.74868860913873747,0.73372954993576622,0.73086169665434364,0.76487272604140788,0.79031594572319031,0.7853058225652314,0.77051664045040402,0.76183336226327636,0.77220332459803698,0.77870795697391226,0.77691669461172408,0.77754904841944561,0.80632501129326151
0.77150408961013517,0.75890132883530081,0.7504214265044401,0.8105257467825594,0.78856159117875702,0.77609173747647864,0.80579370252038351,0.77372247304298658,0.74496518429712966,0.74328002662725712,0.76363850548889223,0.78697814029611257,0.79540369709521475,0.80292833642522876,0.80147205717785952,0.81977145337208013,0.82104453081692996,0.80643027230019593,0.76799483921951495,0.76312467831857633,0.80739254352199952,0.804368536532165,0.79338622524213931,0.78764100434267925,0.78065506132382756,0.77389562872048501,0.7444770681733599,0.73000038688893509,0.72762881418906333,0.75659525607957723,0.78419845213399519,0.78024878451770374,0.76748139905255996,0.7578224005306865,0.76770876294233981,0.77498688839350949,0.77376273989314459,0.7751662571475979,0.80386160984876964
0.76868474974039691,0.75579169565358617,0.74790239811849801,0.80733233282820449,0.78618281222910158,0.77347708251106728,0.80371200946972687,0.7712776682774608,0.74212571822056583,0.73933118278024523,0.7607520407330024,0.78446948801767979,0.78927537857525021,0.7976692827309263,0.79796133906672095,0.81543317754810407,0.81663836301216119,0.80251735523236645,0.76441604491702009,0.75860526954858232,0.80519592515094507,0.8017485678765558,0.79085843377418674,0.78503401351830693,0.77788547005154418,0.7707188636088943,0.74134308425365647,0.72704900775519321,0.72493603595008671,0.74904695205122007,0.77785922600235458,0.77480448039376604,0.7629114644354934,0.75307404815779777,0.76284237825059642,0.77134951987993539,0.77103546642810039,0.77262803712073524,0.80098258981857695
0.76670202892308159,0.75266528289685686,0.74473024189089609,0.80466533632281978,0.78205310463553013,0.76884467938201972,0.80002151677739863,0.76748381657074238,0.73793913315819359,0.73672404585571616,0.75689830776610489,0.78083037386947363,0.78647731599792725,0.79484671138392193,0.79508275491378189,0.81278166762231996,0.81375212787498641,0.79929471716602163,0.76138373474166821,0.75594429142366593,0.80257129608438937,0.79910893188040288,0.78766498504465754,0.78135002132455122,0.77394326490540877,0.76611378806848218,0.73755273978076652,0.72452294802380035,0.72293983799808781,0.74753129017635778,0.77577707766213966,0.77285881455499961,0.76088872806797481,0.74979572445501996,0.75939663506768662,0.7680314857498568,0.76802071618966905,0.7698227093368768,0.7985212760614826
0.76819273351311346,0.75123404185978104,0.74185654139853929,0.80176063064569736,0.77809818975167899,0.76507069634490987,0.79633651492274016,0.76429552420990543,0.73478259206075136,0.73314161175054982,0.75276419719243215,0.77665910172638319,0.7835685376737157,0.79187669740125977,0.79190443548288847,0.80981472014334877,0.81042833486447108,0.79535123012990072,0.75692493441744158,0.75211229541820157,0.79827393727538865,0.7952409652039738,0.78317585413854873,0.77651364327523487,0.76905738864666218,0.76185466830469928,0.73476481132704863,0.72306877199447406,0.72157513208235802,0.74630563226837865,0.77378987336351812,0.77068905473565619,0.75813564243587706,0.74532179637254425,0.75490923242590713,0.764161633242742,0.76540512780284109,0.76729306436373446,0.79594333072727697
0.76601394112466281,0.74849241248153431,0.73844945595020672,0.79854943617533292,0.77474976813763552,0.7615945282737161,0.79347635217304924,0.76088967610468472,0.73124277566532914,0.73047875130085038,0.74969015951851303,0.77286376009276181,0.78061202888047954,0.78940333210605629,0.78877885527352998,0.80793742019185621,0.80839844697242869,0.7928016113279186,0.75421972431832796,0.74962665137507833,0.79492803161473347,0.79179075027575208,0.77900222285998399,0.77216832006705205,0.76463479450469307,0.75858843840022272,0.73138382419873804,0.71959436006790234,0.71836482869034768,0.74466123973613529,0.77219485974340096,0.76916778690471133,0.75628641935268337,0.74257058739508042,0.75213774839919145,0.7611048931633202,0.76200424322217863,0.76357009967776279,0.79241129560577184
0.76291594091725878,0.74503585801142125,0.732637055834926,0.79356733155139658,0.77112059014402023,0.75737760387024022,0.78935655759056933,0.75636367088465728,0.7266567350986044,0.72595251736354804,0.7442766174099309,0.76949056316271391,0.77622959636009181,0.78523307928576913,0.78354903651879504,0.80421793437315647,0.80492655140230529,0.78885996679548598,0.74933866004798177,0.74527988976736359,0.79023528279734701,0.78814797292394778,0.77472074478757746,0.76777090177178053,0.76033005279054799,0.75469384479304968,0.72716255680043651,0.71560708442645327,0.7144830499245699,0.74159184762839603,0.76881589419250151,0.76606483934838043,0.75241463078431303,0.73803023277398894,0.74806140656296971,0.755690483925471,0.755976789629904,0.75807563380081988,0.7887276919758065
0.76623520014027136,0.74667216135060888,0.7315163697162802,0.79424383320852443,0.77039032262495477,0.75687919573609674,0.78901183519979579,0.75597076673430319,0.72672950003639714,0.72488936315666053,0.74373067558518913,0.76846405653773131,0.77484961587135737,0.78354675717485456,0.78211869568846915,0.80252705851820694,0.80318189155482389,0.7869934177850969,0.74889635673499044,0.7440596299336204,0.78908088159974132,0.78731344820197469,0.77379776346835949,0.76672250493425143,0.75928301058431613,0.75423780632939386,0.72749565124320836,0.71816988417719907,0.71742959903499492,0.7400673955938919,0.76737675693176033,0.7650227085214758,0.75090618138518883,0.7372785290263435,0.74757378091222326,0.7541560087629493,0.75511993496111329,0.7581715462937878,0.79045088752808657
0.77034121036891645,0.74925629545444061,0.73286563905184721,0.7970198696508225,0.7711203153679056,0.75807020938829761,0.78990715421180602,0.75704710691263699,0.72771861162636475,0.71981705390947914,0.74326722786745325,0.76765102670416474,0.77418583190616186,0.78306961754714277,0.78225111677929471,0.80127214004707858,0.80165296137870301,0.78539157076504051,0.74605212857472647,0.74039724628435544,0.78539919866680674,0.7841105306895978,0.77181465030980112,0.76627980573623988,0.75939472270881059,0.75671658067786784,0.72915639846975278,0.72194102980421981,0.72175641448500982,0.73812780107054821,0.76595616142025791,0.76338283934558371,0.74732298640918216,0.7347292539468312,0.74539763201796805,0.75260763846120216,0.75689931098060426,0.76201704339221188,0.79682739369215216
0.76980356994368382,0.75091897405428987,0.73369378605366375,0.79924834727277261,0.77684201915992557,0.76273089967987584,0.79325341691136253,0.75996367689669975,0.73065344517604847,0.72860548987200158,0.74590976679425181,0.77421919149505092,0.78009205446780205,0.78798972092387942,0.78523500007597713,0.8057862069897348,0.80627107703395073,0.7896045389574794,0.75004977713615195,0.74576938641800394,0.79276390598716284,0.79058194599144027,0.77863426062364816,0.77342902451127715,0.76698195128039737,0.76284013257604133,0.73185402326558002,0.72123646367187488,0.71984876234896011,0.74739781693540319,0.7734063022890787,0.77135033920176621,0.75515951314996799,0.73899888315602014,0.74891526698884292,0.75505716407314827,0.75792611376906138,0.76366355168340461,0.79756959635320224
0.77080809192135302,0.75320731679381359,0.73472174638549725,0.79849655751637272,0.78197785872147374,0.76661106194279727,0.79727839184038207,0.76229789967732509,0.7326713504496235,0.73189389024958751,0.74954166103820141,0.78001442955561673,0.78060229913129264,0.78873700686723003,0.78603558727161593,0.80702589448422535,0.80793312680107376,0.79185293109356336,0.75431058310847321,0.74943926434212071,0.79842381582367905,0.79557471230282384,0.78423636425495735,0.77970459694118976,0.77322514645140406,0.76763021133434428,0.73424854700878184,0.72217878018644066,0.72054131277147282,0.74678698087771522,0.77376835452795067,0.7722322079744407,0.75719362188033501,0.7428362994563158,0.75309349380762947,0.75800125203781377,0.75795331577216773,0.76266941382746167,0.79634552037192852
0.7666889715869275,0.74974585076318201,0.73078657680599479,0.79493762261625645,0.77890877170779782,0.76343033496426982,0.79428849190323758,0.75915892954693465,0.72948599423024496,0.72979379167822378,0.74655129593494984,0.77709774346289662,0.7774408848135298,0.78577645887507774,0.78281371906414488,0.80440260943973219,0.80531844052485024,0.78909978225964184,0.75224471330091913,0.74738838694609755,0.79550936087899471,0.79283607702286718,0.78133248021797896,0.77666592217776409,0.77024348128960374,0.76477986427516997,0.73101837514001766,0.71796782263169934,0.71608748853493265,0.74364957056669867,0.77086618378673732,0.76943249833809735,0.75499770246726039,0.74044238809338969,0.75036194336698525,0.75485757078730586,0.75415712678183056,0.75864619193955107,0.7923440782510931
0.76176746978978827,0.74604846975074657,0.7342949973599523,0.80047804158994773,0.77897497210040612,0.7631949200602075,0.79518675373098802,0.75871815330828518,0.72839124764726959,0.73479594009148563,0.74921979972347774,0.77695265523890211,0.78569634057710591,0.79237501110220043,0.78813781315627363,0.80899570623691275,0.80939035155065719,0.79318563162361455,0.75522126134389744,0.75202124283011618,0.7962517037832717,0.79526382900107495,0.78222326556767441,0.7762928073020392,0.7697282522406268,0.76270806722710893,0.7288103681829875,0.71363406187203449,0.71150199565940198,0.75371370008677552,0.77853824495067836,0.77620406170760403,0.76184119237601067,0.74414729996564188,0.7542551289626297,0.75928358779629501,0.75903729206207771,0.76608502321093752,0.79433202232430866
0.75876549696482265,0.74373692226495858,0.73627537255510667,0.8051348469312567,0.77797665838604091,0.76188538598549527,0.79469809930123836,0.75763230034888074,0.72675691539663112,0.74266747817831535,0.75141491926771264,0.77599896316880534,0.80668824044458565,0.80908816462508504,0.79650352789490075,0.82392040031876157,0.82358857872019997,0.80592563698620334,0.76142008858112109,0.76643890970424799,0.79573535818119501,0.79608684378627004,0.7818902093730431,0.77517804276821911,0.76848948582372278,0.76080788572279157,0.72683500159063552,0.71113264114316654,0.70899721957373107,0.78628175927972155,0.80409396508119924,0.79860989738510768,0.77941525687509938,0.75754301662102164,0.76798045859952002,0.76700801903235438,0.7619185646402149,0.76993510714330782,0.79603971613323365
0.75507752983706433,0.74104421752487037,0.7392809464629001,0.81031330574202154,0.77719388321783167,0.76073726644288475,0.79599900865320061,0.75721250459382905,0.72458908457925608,0.75363600225946259,0.75412866231958275,0.77544671026831502,0.81000049160181298,0.8134052005828426,0.80109143946560368,0.82999349321706695,0.83093044830209239,0.81507206588403069,0.77011481415166627,0.779505250064361,0.79599386875533962,0.79642767310378992,0.78135192607932913,0.77440345127852717,0.76777571478738671,0.75944031284097113,0.72461635406100833,0.70836428485200409,0.70628659435990893,0.78947313308987266,0.80834791213989088,0.8048959170292348,0.79055121344520662,0.77133573098731079,0.7857285122854516,0.77453606123251317,0.76632927663368622,0.77914878622601558,0.79946476979230674
0.7563340914550043,0.748308533039443,0.75547891828201552,0.82785777614758427,0.7836508956364866,0.76846230116623049,0.80293137824931038,0.76577969813145363,0.73385092680469965,0.76856166300760742,0.76586740551804933,0.78166105514340967,0.82225876288473487,0.83358690137017266,0.82016873417452607,0.84997579079931862,0.85376901441659059,0.83955926101680334,0.78254693857681312,0.79862843549548412,0.79718003770915236,0.80042402350952124,0.78522562774141702,0.77787139693870455,0.77214511278247877,0.76641128098970535,0.73294617952425734,0.71011973637374082,0.70524054076649234,0.79672933553185199,0.81955386635084848,0.81682966707638582,0.81049661372618331,0.79050577129233313,0.80672106645926478,0.78956701137706231,0.782947504780105,0.80344935707934306,0.81379557931006363
0.75467055757445467,0.7470307840407362,0.75541990602626496,0.82718198359197137,0.78351432163490775,0.76821130152841333,0.80391348678229146,0.76610211558074814,0.73463363773524093,0.76821792209249773,0.76583402453499139,0.78097013903088919,0.82131556927064275,0.83252675188620517,0.81936767412007805,0.84953429823685356,0.85388846027585863,0.83978668496130804,0.78143308679818491,0.79902768757764042,0.79574443622898816,0.79908045957874019,0.78379400363646323,0.77638080935570331,0.77071060128153757,0.76530220318523245,0.73261183143611674,0.70861773670890615,0.70329063482305831,0.7970709064530862,0.81939792691554225,0.81730917095037525,0.81134048529389835,0.79049712867272293,0.80700078902971917,0.78951553895518667,0.78255045814298951,0.80244568417020967,0.81316337875522626
0.75186117713228606,0.74417925254153994,0.7522347484807308,0.82474468674419821,0.78104313171975992,0.76567231451445894,0.80172137384849063,0.76398110102041195,0.73253993924083471,0.76653015293265703,0.76333121298220108,0.77876419116866169,0.81904820367528497,0.83050693468291792,0.81730993932205054,0.84801206905066806,0.85245126467440913,0.8382380711415911,0.77957480402852919,0.797416534495197,0.79391387161971605,0.79708228628240196,0.78167582270116431,0.77387189838947679,0.76804823200430083,0.7621264025643576,0.73008752617073347,0.70558979616790107,0.70023227779439678,0.79489451649127985,0.81754148368547586,0.81569052253844532,0.80993526497352475,0.78848620019036164,0.80510595849063238,0.78733314758225625,0.77964576284840759,0.7998049361322046,0.81073186079951998
0.74806880669150266,0.74031100451549792,0.7493054020884673,0.82212854241534139,0.77779849077742991,0.76237159684781441,0.79897647170614361,0.76110869442194362,0.72929316549979439,0.76322420147132608,0.75995080492899003,0.775318753679199,0.81538167189059663,0.82754598892723874,0.81463799941640613,0.84542341406463706,0.84967684205056682,0.83559151523645991,0.77612154738527206,0.79402141456165931,0.79100146699350937,0.7938054714073397,0.77821194712453934,0.77023280589568233,0.76445270290588963,0.7586413511232849,0.72648034462042821,0.7017344287142715,0.69629999147496291,0.79234453501156799,0.81432587264986989,0.81258006339137212,0.80659040583006214,0.78514682325378393,0.80227837070083086,0.78421404108325365,0.77684925612936295,0.7971946250192482,0.80775212282746356
0.7486927218013758,0.74229329728119997,0.75691322248012882,0.82200413580484877,0.78015879599387838,0.7688742461849245,0.8008353403158317,0.76898411266452149,0.75166652181203697,0.76102104213631783,0.76271229446389699,0.77508472346283386,0.8133162732164656,0.82603538702185164,0.81498128644396806,0.84378920477683417,0.84765464222499942,0.83364819222268471,0.77525190585821435,0.79268540694991418,0.7897045153565152,0.79176172653769095,0.77717560774783345,0.77033536265119951,0.7660531381731811,0.76650034487594876,0.73835141445568175,0.70315062188966437,0.69463738362186378,0.79097980792501976,0.81270471142827194,0.81111614763291451,0.80553696903934058,0.78358101867639895,0.79968808114634427,0.78551434250376062,0.78063888708568119,0.79849297272348752,0.80640315747785762
