c0,c1,c2,c3,c4,c5,c6,c7,c8,c9,c10,c11,c12,c13,c14,c15,c16,c17,c18,c19,c20,c21,c22,c23,c24,c25,c26,c27,c28,c29,c30,c31,c32,c33,c34,c35,c36,c37,c38
1.4729272538264623e-18,1.1349738197386732e-16,2.4542270994028585e-15,0.26261202849587312,8.2458516764151192e-16,7.2136616973294576e-16,9.0958117472937857e-16,6.7783654687828572e-16,6.9922761419308676e-16,1.5057751253013481e-15,1.5840734026948338e-15,7.9904661636811393e-16,0.97415718734466261,0.73944301147573077,0.4152237299467364,0.46537453184250577,0.33264155871255729,0.21308507383460762,1.5562462840468252e-15,4.352834547975544e-15,1.6293297981821091e-15,1.2381823390969502e-15,9.5680882775830528e-16,9.2585888562708548e-16,6.9267515555951146e-16,3.7780444116172749e-16,4.0779788989556337e-16,6.3177251884137216e-17,1.4422268717035569e-30,0.92517480090073634,0.56302632894268423,0.087265704300725083,0.21372010719405043,3.5743412885985762e-15,0.030496149575435307,0.078343199111978332,0.00014213306055566114,0.12293708794728631,2.0434980846002658e-15
4.2239720549667169e-16,2.8389061894303989e-16,8.6577937787305011e-16,1.8258686456329821e-15,1.9980781723598582e-16,2.8020482222226881e-16,3.6443277574018279e-16,4.2321904144856066e-16,4.4749710524464431e-16,1.5813681217264452e-16,4.1945375439497027e-16,1.4025452072879721e-17,0.27253586686935255,0.10080729916540349,2.517304130618531e-15,1.2943240367353563e-15,1.4337200845948775e-15,1.2650586140551061e-15,1.596641776238538e-16,2.9489422966312259e-16,5.7446446211166957e-30,2.1359412367560461e-17,4.0521045059494017e-30,5.2904870190932734e-30,3.4563421326061077e-30,8.8836669631246847e-17,3.2193086267961784e-16,6.2152875342131962e-16,8.8037954542963249e-16,0.21314922172920828,1.33454366898245e-15,4.684482258563145e-16,9.8813559483503313e-16,1.3792716473531453e-16,2.0764071676850873e-16,1.0206296519266835e-15,9.0791153952817747e-16,1.2211115058865489e-15,7.5553683030735246e-16
5.9031390381797716e-18,7.4700684876273821e-17,2.0036710858015267e-15,3.0398306535401216e-15,1.7464980469684188e-15,1.1857108273904522e-15,1.5616440527650799e-15,5.96867119562848e-16,1.2868286024965303e-17,2.6855039759935889e-15,2.5705241117894567e-15,1.88666312028741e-15,0.93496298717860726,0.7475259090221511,0.2884727994888614,0.85498357257742541,0.94017745633400973,0.77130781721068931,0.0096733260977447232,0.40747206725656437,1.8833262226268e-15,1.9573704255990263e-15,1.6366208074576774e-15,1.7126185328990302e-15,1.4543720645087521e-15,8.179418993645889e-16,7.8113623938358859e-17,3.4742093430517501e-30,4.8771671519350137e-30,1.5036225728914545,1.007322133295558,0.94831252549931133,0.63414407380695781,0.35948448138759032,0.6021686875870812,0.16556222185241332,2.2367037745426369e-15,1.5311239190061686e-15,1.4521250971210936e-15
1.5762303620467641,2.1862445179513781,3.8388748345214299,4.1179981939349046,1.9128211494611775,2.3872025348891208,2.2228627521183117,2.9111480928550035,2.7867034013569163,1.59671942092908,2.3437359724442111,1.5484003543760541,4.1257661156399346,4.1809404780458808,4.572332479711279,5.2558827537124788,5.9174390344407719,5.531286078314281,2.2978144348164147,2.853165968529161,1.7991303532787508,1.6316546220302892,1.6820269590271066,1.9094257554160863,1.8322354238655867,2.649635609560093,2.4345268044950878,1.5550515515595897,1.4563180050789737,3.1485408668414738,3.464893763456995,3.7540501547947409,3.1912118058617991,3.2002370392612662,4.3847436960868915,3.8711069010537296,3.8809176955346345,3.1501968891394161,3.4886362138663718
1.1462959040834326,1.4841123624527732,2.8854963226842298,3.1385192868996081,1.1081207596034996,1.5466294810035055,1.3930000318543934,2.0301094378497218,1.9151248510006746,0.81503960617656301,1.504977558420991,0.77152008747331746,3.1424943767740605,3.1919157630421533,3.5590926431906187,4.1820701334454427,4.7949054853849491,4.4416618999776016,1.4619033040164562,1.9744494464729372,1.0016480949926225,0.84780864376584908,0.89471244333671018,1.105866214122551,1.0340436727835511,1.7902743474151395,1.614991260933087,0.90896050149259511,0.75798360054212366,2.2441204991168338,2.5339739895265345,2.8012239151555614,2.2816113798797786,2.2948180123394466,3.3896512657806159,2.915401651899034,2.9253441833305058,2.2511386612166655,2.5628293191189213
0.42450816244489292,0.75353607499321607,2.0063084815949841,2.2383773995710303,0.3667113689971519,0.77124824761918787,0.62876467830715188,1.2178209001899767,1.1111711646577216,0.098495760391341808,0.7322402032432217,0.056919765508090636,2.2466759485195857,2.2816151610815134,2.6257187654270533,3.1936652354673671,3.7612757829092613,3.4385997562309427,0.69209019122595894,1.1784552020352714,0.26822720456498544,0.12695605515830818,0.17013902482902213,0.36491529093176905,0.29854388483329142,1.0092744138632854,0.84564434602631389,0.19067432170457554,0.044565108650511762,1.4113272985617893,1.6770395886506295,1.9238085100852773,1.4517025475554233,1.4632169912645749,2.5144126311924397,2.0463133758488112,2.0435289415012781,1.4214096880204734,1.7087246042349811
1.815853691927996e-15,0.040441158756704225,1.2616379675817908,1.4872411708538578,1.9287493360559619e-15,0.089512911594865852,2.8791640260689386e-15,0.47898868638998271,0.36987106686230536,6.9716154905905775e-16,0.095154521768553851,3.4279945999725882e-16,1.6444859879453366,1.7596592473681147,1.9718377071461768,2.7700214606315199,3.4147734177203133,3.001814779747729,0.13705259348663346,0.69869373910217203,7.9474046227819784e-16,6.4995455700896259e-16,7.7017402801981655e-16,1.9151455257680377e-15,1.425168194506035e-15,0.27839031502227579,0.12633216274953796,1.0201274001638367e-15,4.1533346877937112e-16,0.93624764330315857,1.2530130531851857,1.5108191175037251,1.0756999591568164,0.87614833344213505,1.7843864066447128,1.3602308513986909,1.2772814551018341,0.65602974909430134,0.93102944054940151
8.5024727318924789e-30,3.7982699746807495e-16,0.62181970153838895,0.85298340869335088,3.2636742782257389e-16,7.5921762415234349e-16,1.7844775236333084e-16,2.6720810489137733e-15,2.0684818985344961e-15,2.3799824257985776e-16,7.50155404179581e-16,3.0970724824608705e-16,1.0059390765147926,1.1421518531051715,1.304217752157417,2.1844882524557145,2.8670177885080417,2.4314964609033152,1.2081835226965739e-15,0.13024832184280907,4.6049603447656704e-16,5.1425382630037944e-16,3.7387122230741743e-16,3.8524677677014445e-16,3.0606601561537199e-16,1.7586233059385015e-15,8.0706092072005456e-16,5.7500525734564765e-30,2.3169471717167186e-30,0.44879340138469737,0.74260343890879765,0.98203489364947005,0.56374793834685666,0.28188445232288772,1.1629085691303662,0.70981118504888008,0.62334452050281719,0.029336641049069967,0.2663251857563978
4.2233669985424574e-44,2.0927157084808613e-30,3.2873372801615453e-15,0.13187648145065958,1.7497429915024775e-30,4.4541887371217675e-30,8.6500756973124193e-31,1.4920154975558163e-29,1.1655458501005971e-29,7.9852057526897371e-31,3.7772419997725543e-30,1.4660893509376491e-30,0.27200153056550808,0.39699923519108937,0.54738903902937253,1.3555058260535731,1.9858755337290002,1.5858640837923212,5.5406664726067413e-30,6.2454145506215989e-16,2.227999409841944e-16,6.3945921297295654e-17,4.9167840979499078e-17,2.333829278597765e-30,1.6131816427791845e-30,9.6817083999697526e-30,4.6234925593251684e-30,3.2864783522243508e-44,1.2998598249619133e-44,1.2659081422152863e-15,0.030319318829629887,0.25026522937768808,1.5071534524699632e-15,1.3817662315774659e-15,0.41756671869741113,0.00024078003289721797,3.4058218032524111e-15,1.6520777671774384e-16,1.4475944893642415e-15
1.1751053442121396e-46,1.1358352925263116e-44,1.7532937018479667e-29,1.0713066907789389e-15,9.2673964616385337e-45,2.5987651993539646e-44,4.8315837970300371e-45,8.2967383709638627e-44,6.5208191838222622e-44,3.1362202229541705e-16,7.6219650764856127e-21,6.813957803459485e-45,1.6986229524069117e-15,1.3367324969843633e-15,3.1329973959680936e-15,0.75836148522221325,1.3727961724092814,0.96334412113964707,1.9705327058594477e-16,4.0629619782413709e-16,6.7483924835241493e-18,4.8040073953348514e-17,2.2366884931986241e-31,1.4080312144305519e-44,8.4008522499315418e-45,5.2981338351577874e-44,2.6332078327580161e-44,1.0238549144503183e-46,4.0468228399996372e-47,7.554333012429552e-16,6.2179858049301472e-16,1.5104916647620039e-15,2.8865891315234457e-16,1.3926821058065369e-16,2.3533512827540361e-15,6.9909213218123605e-17,1.8701647657936007e-29,9.3215742013306739e-31,1.0630707310137689e-16
8.9878868151509007e-20,3.4348310532074193e-47,9.2070387584061779e-44,4.7822207850862336e-18,2.7430172435250802e-47,8.2292566023396931e-47,1.3303461327490252e-47,2.4628451657626693e-46,1.9605404588092739e-46,1.0343244189244367e-30,3.8043738532645283e-35,1.803134397355121e-47,4.6979078474877792e-16,3.0119390844275801e-16,4.4969510740685086e-17,0.21893087886819312,0.82322832916461131,0.32955984225674512,8.9654989046196002e-31,7.8200441728705216e-17,2.4716396156872432e-32,1.9082887084118099e-31,4.3258924989417115e-45,4.5664410658553223e-47,2.45258934944153e-47,1.5794871569193027e-46,8.1877783455810393e-47,3.238270425646026e-49,1.2676172253164592e-49,2.175380598473012e-15,1.2026425579543887e-15,1.414411985409805e-15,1.0926107712474814e-16,3.7903271929596194e-17,5.1351554096887734e-18,3.7405666597296011e-31,1.0202959775998642e-43,5.6204875207025034e-45,5.7051743484196694e-31
1.3132577954418698e-16,1.6386231671415426e-16,1.0106201315228337e-15,2.8241637603587576e-16,7.5484440258654115e-17,1.3406137374029447e-17,1.2802880816472748e-18,2.2440812512958204e-17,6.1351910942629105e-49,1.6212613863828247e-17,6.9387203578072255e-17,1.1076147671238033e-16,1.0044780989921679e-15,5.592912598707362e-16,2.5222364354174025e-16,7.7787810212022498e-16,0.16212083805732452,1.4328792626769796e-15,4.7411893387489101e-45,3.6594909595269778e-16,1.1642806018452626e-16,7.8156765840226449e-17,2.4593470308331731e-16,5.5411592307946484e-16,3.9849546073012592e-16,3.4841476814379821e-16,2.3042232783594946e-17,1.0238485512815533e-51,3.9697560212086208e-52,0.012557442911586305,1.1532559062269387e-15,1.2887216306007283e-15,4.3390407754439903e-16,6.4607189105760483e-17,2.8551777464071051e-32,4.5733088757031503e-17,4.3170809116084182e-16,1.5373636006288495e-17,7.4226311817199014e-17
9.6978847219683425e-16,4.7979334111146078e-16,5.4111480614653276e-16,8.6540137839243072e-16,5.0536213153806755e-17,7.0152627212179314e-21,2.3977520828280595e-16,4.5052810598522911e-19,1.9171472368665828e-51,4.1634521198764192e-16,2.6849587177543079e-16,3.0899696490957654e-21,0.35280692528888991,0.17272585696780823,2.3249038828788063e-15,0.17891499720279891,0.36722366474299328,0.023440014895952654,5.5932801178753251e-16,1.8719055796249867e-15,4.6253004164457284e-31,3.2723901937156873e-31,1.1061942366420786e-30,3.2762011480476575e-30,2.0493891135522856e-30,2.7005010167622871e-17,1.4086707789267442e-16,9.9739942539195333e-16,1.3830770939894513e-15,0.16332064419839121,0.14589688263486525,2.7676498254229611e-15,1.9726166026768653e-15,1.3807727449753931e-15,1.4727274171555678e-15,1.1412748536601689e-15,3.2899571301136075e-16,8.6815178039395411e-32,5.6683167168525763e-17
5.7910997106684953e-16,5.3897037533889138e-16,6.3323284068662223e-17,4.1435146831135661e-16,2.6798131468075213e-31,4.1000797338606256e-35,1.6170455281533214e-18,2.6561120481520193e-17,8.3197364180955734e-19,1.7858313246805443e-15,2.7235200153064803e-16,1.4139334114592766e-35,0.46226333438275191,0.1775867224407226,1.3126136031700141e-15,0.26337445690139644,0.41817492655990146,2.874030105404874e-15,9.7642591489859599e-16,3.135176604723634e-15,9.2729808848028052e-18,6.9663191181968561e-17,4.8886438148376166e-45,1.9350236556334801e-44,1.0481569796141199e-44,1.3894014264448569e-16,2.1113542957306685e-16,8.3300132037912496e-16,1.0921506721895918e-15,0.99103031293672805,0.71459375507374967,0.50565178876752503,0.28894813903069849,2.2967506567667277e-15,2.7418276625380206e-15,1.2676253289844016e-15,2.551201533894576e-16,3.1079493629664571e-16,7.0236413755038305e-16
9.9319440842764862e-17,8.8953033297230712e-17,1.7957884247297833e-17,3.8425343572283863e-16,5.8433380000824005e-17,5.91057749487088e-45,1.2502904431254333e-19,1.488496595097723e-31,4.7000330112332323e-33,8.5300211761657862e-16,1.2458182291119124e-16,2.2797718705610281e-16,0.019066186502118491,7.9742698301509114e-16,3.9776663393329629e-16,1.1347165248656778e-15,2.4051081103659653e-15,1.1285645589782028e-15,7.1753648065718539e-16,1.1771612799334008e-15,2.1139892445743963e-16,8.4325715580855308e-17,5.9818800118794352e-17,6.2888924665324863e-47,5.4470593969570205e-17,5.9706415267446351e-18,2.3919569090795555e-19,1.3048179195441204e-16,2.2186212605278328e-16,0.60757907009869438,0.36058666923904642,0.22333827943837767,2.1367580827038732e-15,7.9023624609712554e-16,1.0503697018443164e-15,6.6797461219054924e-16,2.3314827408526506e-16,6.1978217533820557e-19,1.5766866447628071e-17
2.0064090149496136e-16,5.3128736978067634e-16,0.31316601825728474,0.47286438202962933,4.6074166029890248e-15,3.221179343037679e-15,0.14869371109976778,2.2083772852027636e-15,7.4906356627295687e-16,0.55108764245644382,0.23743393157335327,4.1243540418097212e-15,0.24132875302953272,0.23452057327703191,0.46298977402806046,0.82691900037755151,1.2800076264421005,1.0647188982730946,0.46246043027818845,0.71995949112354074,0.21024862864771662,0.32412332990983145,0.033872143882418444,4.1661152735853941e-15,3.2257585210200741e-15,1.5242551372130575e-15,7.9931002987253463e-16,3.6381163403110126e-16,1.6810794844528284e-16,0.63125222586293095,0.66370865025783377,0.83603726585626004,0.93599497632351647,0.44029540088926422,0.30833217927016038,0.41303081431496075,0.35220795350110773,0.26771456096982482,0.2154433688824606
1.2735567696819551e-16,1.9603036339903449e-16,0.093555235208137383,0.12334265006870067,2.7761277866915186e-15,2.2015252100652019e-15,3.6010621945453508e-15,1.5960293643949472e-15,7.6253440473060034e-16,0.14315629982913872,3.5425187667542035e-15,2.5255275391931975e-15,9.9092669250867936e-16,1.0909146117142685e-15,0.15036697897465887,0.71920111898660766,1.4160598851140294,1.1770498854565912,0.22030209888439553,0.39931229512717892,0.16728113445314122,0.24907616862513737,3.1354170107245046e-15,3.5658926411406254e-15,2.7957878739758704e-15,1.833522225037365e-15,6.7896546185728839e-16,3.0032727050917011e-16,2.0416133904047518e-16,0.17378322410694502,0.2748421921764731,0.47368701790822837,0.55006060229971754,0.19617881062237957,0.195978104802079,0.19402852547004026,0.064504046851806968,3.0792901566337147e-15,3.4349854518136128e-15
4.1461918839471173e-17,5.8226575180089647e-18,5.1537415735076918e-16,2.818433499245993e-15,1.1554630820397323e-17,1.513664857735014e-17,9.9812133595040246e-18,2.9155077412338172e-17,1.836705222541916e-16,2.6984661032510951e-15,5.3113317331551655e-16,2.4331142098489425e-17,0.33822641139020004,0.5491076531958089,0.28855588665404613,1.6278959593262341,2.7072746581900526,2.2477246936799515,3.6725448095173822e-15,0.50048631813790589,8.8621104524700622e-16,1.1919424455155509e-15,8.5862595542418865e-17,2.1207510422539912e-16,1.4391043571391463e-16,2.5394430569485443e-16,7.8573974045199565e-17,1.7097697945751806e-30,1.1486532295010432e-30,0.095873431678283855,0.48806428853297912,0.7413145303369012,0.70847277647327056,0.31043632129941434,0.66428904584617754,0.078487163714480709,7.5689874835332254e-16,4.2630788431574792e-16,3.1338358378495923e-16
1.6147420030735469e-17,1.2960813089147067e-17,2.4927793878949748e-16,1.8271850372435197e-15,2.7880179918382566e-16,1.7651126409363725e-16,3.162046327999289e-16,3.4576619627468133e-17,7.541404303522961e-19,0.035506277520193162,9.3451652404439646e-16,2.8064670604095712e-16,0.79104628599442717,1.0443094299483258,0.26668593108425542,2.5249002976585322,3.8667948160429648,3.0671832475779848,0.03080953842878548,0.87032677392184121,2.5916069047413477e-16,9.3446245118455724e-16,4.728446557567491e-16,3.0489772168142862e-16,2.4924213056868435e-16,4.7936943926911282e-17,1.5044466523536262e-17,9.7137130761542732e-45,6.4541837693036305e-45,0.69520195390817874,1.2080408630004429,1.3833052296287707,1.2938689173882849,0.40178651289584966,0.69786882431110608,2.8944885806751834e-15,2.3001409076418289e-16,1.1209440369282907e-16,9.4959711610980405e-16
1.2777361649697839e-18,6.8549112033054679e-32,1.2883198629247332e-30,5.0489984046433449e-18,1.3866591973839023e-30,9.9822976168517783e-31,1.4070590229431722e-30,9.6071779222199851e-20,4.1121947707309039e-33,1.3279302333516382e-16,4.463227179425502e-30,1.1704336958459189e-30,0.084803945284106147,0.30710642619864903,1.0841064836266409e-15,1.6683144418324669,2.9063750167677731,2.1711791457258482,1.6780323844796103e-16,0.18809934678695003,8.4770231561146355e-31,3.3105429742996035e-30,1.9060177497839215e-30,1.7294835276824308e-30,1.2220373374574232e-30,2.5695985849321163e-31,8.3928050296725367e-32,3.0425897095926952e-47,2.0103413865598673e-47,1.9618597715221043e-15,0.46383231614552278,0.64750235481014629,0.56349441125746313,1.8086515305532724e-15,3.6325607608295889e-15,1.4881277224554376e-29,1.2451712126991286e-30,6.2606694031271193e-31,6.0289236951880522e-18
5.7106306940031704e-33,5.1488145027242059e-45,6.5919175085227414e-45,1.8545127553359074e-32,7.1728165295953776e-45,5.8167049138133194e-45,6.499914420588302e-45,5.283987876869101e-34,5.4798207389486771e-45,3.5431125882816445e-31,2.1201706333452433e-44,4.9985197729581832e-45,1.6576150445112728e-16,5.9892467736482111e-16,4.2510652661202646e-30,0.880156389813739,2.0203924980286199,1.3445803137895955,6.5567799412911917e-31,7.7919483691854449e-16,3.2402606629496327e-45,1.1496530022355198e-44,7.7694593110009172e-45,1.0249105344010638e-44,6.0881011158964876e-45,5.3746159669236412e-45,5.5905864231093203e-45,9.5660923331378521e-50,6.2665510884306451e-50,6.6079186383434478e-30,1.1913017861119027e-15,1.5547103448599479e-15,1.2213785322217623e-15,7.8363375125429133e-30,1.8340056328613629e-29,7.510422492340505e-44,6.7159162789324446e-45,5.6029710257113485e-45,3.1684586108550603e-32
1.1513109420342264e-18,3.2443005480158901e-18,1.9619562248273068e-47,1.4005083398793957e-17,1.1392455736156223e-17,4.7812071841084696e-18,1.8123802347886832e-47,5.5813499929694761e-45,1.7213288004492674e-47,3.0076579347158806e-45,6.0325881610613858e-47,4.5063352868804391e-19,3.2682462265983964e-18,1.2132628013538162e-30,1.8607097658684926e-44,0.15649623817795569,1.2055671087667061,0.58405092927882796,4.3603342293384715e-45,3.6256678115457418e-30,1.0448629361033966e-17,2.7667283417482054e-47,5.6149124897944172e-19,9.6731912750387628e-18,7.4090581735159995e-18,8.1096532144310932e-18,1.7780488087246409e-47,3.0480021453934533e-52,3.2537860087640799e-17,1.9939784175067843e-44,2.7803789452239475e-30,4.315289080991073e-30,3.1210973189353653e-30,3.786758411199926e-44,1.0012880146741249e-43,2.1782453933845656e-46,2.0565257620263377e-47,1.7606017434132342e-47,5.350975697490023e-45
5.8760728688157784e-33,2.6676816822843429e-17,1.3268464488274123e-17,4.514378134006633e-16,6.3038716218853779e-32,2.8631844729730064e-32,5.2765514773848315e-50,1.7495270588802006e-47,5.4445289935358401e-50,4.5417712981439192e-16,1.7526443609162885e-16,2.1965673611197484e-33,7.3760234549531478e-16,4.4582123951979876e-16,9.3216140142016527e-16,9.1722980029185048e-16,0.63157452944762682,0.041813578787878281,6.4368978227965582e-16,1.1355012709254555e-15,2.6991067246197702e-21,9.9263381298726646e-18,2.6634701577571435e-33,6.0009307777631503e-32,3.9615457319474815e-32,4.4957911820565335e-32,5.7077139592385243e-50,9.794702190411004e-55,1.8514818945185978e-31,7.9979646679390524e-16,6.6862202430095558e-16,1.0993336552917505e-15,9.7620106644401124e-16,7.6695344589811581e-16,6.981577774955592e-16,9.7737365241678807e-16,2.8231321810583739e-16,4.8108911111691319e-19,1.8769261388096439e-17
0.30397971632783971,0.32210897274241013,0.70148412031148988,0.45886908284456707,0.94307461872095155,0.78050602960855375,1.0140773130150467,0.73323992784761649,0.54082112816760031,0.43682444889790517,0.65317435527959544,0.86286662036999351,0.43853092418131584,0.61094723965758624,0.77432657901845214,1.1894272743207432,2.2643593783522347,1.5275000927502773,0.53995507702750145,0.56829349087304093,0.84833881167358693,0.58539029619271765,0.66336334932255381,0.84008250399550666,0.78388824389062006,0.83655219131306646,0.40325423795134407,0.010063097887434171,3.7586780867490515e-15,2.4936094710894311e-15,0.3109596094554834,0.44172286553989043,0.67731581291931409,0.51351495826326532,0.50456295393263584,0.65647565869845537,0.49150154509663935,0.067812055480203345,0.079694618841721021
1.6865197684836682e-15,2.3043362677795492e-15,3.7286817339187203e-15,2.4548563123001864e-15,0.21886702681223671,0.099002123986041218,0.28663796535088809,0.085831004363021116,2.965773264516238e-15,1.288789491552802e-15,3.1582769333155042e-15,0.1529487652091896,1.0463492668428237e-15,1.2748276136253425e-15,0.068210853740483635,0.44052392441797328,1.4305514636608716,0.75262183887697698,2.2825756703332252e-15,2.6120756112369166e-15,0.23216166230131069,2.7171219407380282e-15,0.021516354825351039,0.17435011160436881,0.11228020909411676,0.17073759966097624,2.588798803366172e-15,3.8690980542271949e-16,2.1897884526062083e-16,1.8422561665242033e-17,7.1014723894899067e-16,1.3630719526826583e-15,1.6669418792634886e-15,2.4776449309471917e-15,2.7563608516213761e-15,3.4695823812775171e-15,2.7725566517061354e-15,7.3272150995759461e-16,9.2928102111102756e-16
7.6891386100352808e-30,1.1580962448807587e-29,8.2634770336281901e-16,1.2232505252396161e-15,9.8950018329270362e-16,5.4292293112580708e-16,1.1445322073391421e-15,4.6046523997696175e-16,7.0204737155608615e-19,3.7257881138082934e-30,4.8427654961414775e-17,5.7210821771097184e-16,1.2493842022863332e-16,2.631062860685771e-30,6.3139514873847745e-16,9.4553954935118109e-16,0.67280183645572855,0.069998667870360812,9.2625559567020208e-30,1.2736454199685009e-17,7.7496330556635152e-16,2.6805282095404582e-17,8.2201425562191449e-17,9.4797391576570013e-16,5.3700078588769217e-16,9.0116917042229732e-16,6.046094548765839e-18,2.1463509801494328e-30,1.2132243510091593e-30,1.6941900781089635e-16,1.137448644961686e-16,2.0005470459338784e-16,7.6325125616341887e-18,1.2588872226611535e-17,2.1959794042411843e-16,1.4059876213508035e-16,8.9600099906263226e-16,1.3734524935357657e-15,1.201603225484761e-15
7.2637304482333648e-17,1.7290151215955072e-16,2.059424234751132e-15,0.23656729397955653,1.6099034630201329e-17,6.9332794553726548e-18,1.1717755851364362e-16,1.9133467013883966e-16,3.7719781479444401e-33,2.2483813830116971e-16,5.9896137274995859e-16,1.6119033779751607e-17,8.4566596505940924e-16,9.1928857970863171e-16,3.1383367617324689e-15,1.4875342411524745e-15,0.68725544465211619,0.11260901039293354,3.6498665237535919e-16,1.3764639064853438e-15,7.8772164103986876e-16,3.720299393740806e-16,1.6099965344409038e-16,3.0822734810387905e-16,1.6838523578376529e-16,1.6351113703278112e-16,4.268712420742535e-17,1.4570130290358601e-16,2.8278193819855586e-17,2.3286340265062562e-16,4.6160126423058433e-16,1.2588389700872026e-15,7.1976304076393007e-16,2.0106392075717461e-15,3.9763117519083498e-15,2.4353955715468258e-15,3.4998641033526171e-15,0.32375810100261787,3.8161889112737623e-15
1.0351905522624914e-16,5.2855574929382243e-17,8.4189039554093779e-16,0.20304553107225354,3.5529171688450315e-16,1.6300112130477545e-16,7.0585546131737328e-16,1.2072608714449917e-16,1.2539187309544726e-18,2.2355477756693873e-15,1.3658377315820463e-15,2.1014013801326643e-16,0.5043036534074643,0.45644506427785747,0.12079677424975459,0.6499282634504574,1.4150244905073257,0.72706967909372155,3.0905026699114992e-15,0.21527137045025938,2.8793438900492126e-16,8.0472397349429494e-16,2.3951285502285419e-16,1.8777125128481264e-30,4.9715877101466854e-17,4.4101450326455315e-17,2.4600929784331062e-17,8.3085621476322264e-31,1.5933075347208087e-31,0.33856164777830611,0.40775466377856284,0.21902272217805605,0.37000208253165101,0.15617793063897686,0.38564355659844241,3.8781093878460992e-15,1.6933665722022529e-15,0.014289980608158172,2.1598479330833719e-15
9.0204735124416814e-17,2.0450485848497508e-18,4.474969888630525e-30,7.650690304201278e-16,2.0039438225494199e-30,9.9368286652347938e-31,3.5850206584759629e-30,6.8473917670474291e-31,7.2173280966231111e-33,7.7389954004330229e-30,7.0667905170118358e-30,1.0390257816464397e-30,1.0829047287074016e-15,9.0357131127736851e-16,5.222207371348138e-16,1.2216835935517158e-15,0.64811141377925929,0.016089299224934649,1.4732637789919787e-29,1.0253106782379364e-15,1.1219238191224472e-30,3.3529440875599216e-30,1.1260346145185751e-30,1.1822971015965505e-44,2.6717513981700282e-31,2.4563814768189686e-31,1.4450729627523928e-31,5.8338280053311422e-45,5.7167359489542143e-45,9.6021509972973482e-16,9.4886755861591082e-16,6.6169533033360596e-16,9.4170211571106553e-16,7.5037708281623384e-16,2.0580630175776993e-15,2.0702435251338983e-29,9.1706088702806773e-30,7.8853803599669891e-17,6.0402724733262482e-17
4.4902581979658434e-31,1.1450107836234908e-32,2.2755090918791924e-15,0.22365744905786214,1.9278336049325385e-16,9.6863660776205411e-17,6.6477007591870952e-16,2.4100363747129952e-16,6.5996283026839288e-19,5.4844015896579089e-16,9.5395624387051794e-16,1.6218938289012178e-16,0.14360651691037471,1.435174425439109e-15,3.6649501093783024e-15,1.0561649347105175e-15,0.32059890382671691,1.7780032318585625e-15,5.3794043251637453e-16,8.0532667408247472e-16,1.3915813258153274e-16,1.2972742915965148e-16,1.3036419514594397e-16,3.9900334899159655e-47,2.3203974624497558e-17,1.5850826818683436e-17,1.3713725996454147e-17,1.876019747560875e-47,1.8149955948334225e-47,2.9976869691293211e-16,6.0002671469164168e-16,5.9443128619773239e-16,4.2650887506050663e-16,7.7200396373551247e-16,1.1196925482744017e-15,2.3028569735721644e-15,3.1992955119058747e-15,0.11041916997528139,2.8591721030723256e-15
1.0019798572849267e-15,1.8476925728032722e-15,2.7272053809160218e-15,0.030163289537342639,1.972988494166628e-15,2.9363015681530606e-15,1.9988490773803013e-15,3.5887165543160263e-15,0.073499348313322346,0.035992573045577257,2.8389189509213235e-15,1.6557693220806968e-15,0.54948570250622586,0.050294977588707303,3.1653591814803341e-15,0.11443630155578134,0.44180016759334512,0.15437200342885554,0.077829483938146066,0.18783869330925479,2.5980621093667741e-15,2.4050073318774603e-15,1.7367563832150688e-15,1.8292299989906217e-15,1.3896194334284043e-15,2.0811112880298698e-15,3.51444795212291e-15,1.8716851306562596e-15,1.7182719567118783e-15,0.27834964068447648,0.26532766115406475,0.27018086530762342,0.21735902252369638,0.13384043698984893,0.25987740119679342,4.0357526460185453e-15,2.6381095364494947e-15,2.6638583506862137e-15,1.9229412854509916e-15
3.7954196588175051e-17,3.167921648276522e-16,1.4125488770601031e-29,3.8272688591791986e-16,2.5178504582065304e-18,1.0968069256542274e-18,9.0981549950784013e-30,1.9736061414994776e-29,4.0199820636791962e-16,1.1809366380589826e-16,1.3748588702124018e-29,7.1958949944210614e-30,1.1952738429534366e-15,1.000665784375081e-16,9.6985582786428686e-18,2.119336143083973e-16,1.1241657912756157e-15,5.4471973689992766e-16,3.2336139379058565e-16,8.6320786755983655e-16,1.5939999696108138e-18,8.7775660903905126e-30,7.4928649603192211e-30,1.1168587853157521e-29,2.1207806141200995e-19,1.4566411964463969e-16,1.2606483552577556e-16,1.8594555525897463e-16,8.7729548966702512e-17,8.5304853124870695e-16,6.2858753568671562e-16,7.6340319344528054e-16,5.0650136301749581e-16,6.3697989009626161e-16,1.6669237721937192e-15,9.5220640378896221e-17,4.1102236329920949e-17,3.7720588174667205e-17,1.0259389062876598e-16
1.1849430932197949e-16,1.2190035830015308e-16,5.9303545643240721e-18,2.0502993854928956e-15,2.0946388800909202e-16,7.5662352467599228e-17,4.5438478261019216e-16,3.788650317327115e-17,2.2139644752522661e-30,4.0016699483090347e-31,3.9482861736771286e-16,4.5778542545694172e-18,0.6856862997908062,0.40283934988326042,3.3141896726287669e-15,0.16154687839090315,0.079915248526130273,2.9870082429574517e-15,1.2674646444111045e-16,1.4047541298941269e-16,6.2025620253221695e-33,3.6478877815556367e-44,3.4757535374169341e-44,6.9249471976800552e-44,1.1312205861842846e-33,1.1731668984558087e-17,9.6404141592975461e-18,1.0673304815727329e-30,4.955613795851989e-31,2.0802720303318097e-15,1.7366903922660642e-15,7.713690166354137e-16,1.6209105100788421e-16,7.6886631666464095e-16,1.6513004088925889e-15,1.2733692296393369e-15,3.6111240084356824e-16,4.733237649565544e-17,2.9453780489275214e-16
4.7142564873609329e-17,9.637875483689612e-17,9.7439119142878509e-16,2.7140602565114537e-15,3.3753761782383114e-17,2.0936418634854559e-16,4.7359434554040214e-16,6.2405810833990038e-16,7.3277441406619484e-16,3.8795592127763123e-16,6.0095309204310445e-16,2.1942423339089176e-32,0.88180992009038262,0.45369874813189132,3.5432708088690519e-15,0.30772091441835131,0.28983580839662237,0.12404965872120126,5.1865876904101508e-16,1.7460150301113694e-15,5.5959502866864911e-22,4.8601227851050157e-19,9.3698900369670628e-47,2.2311318532985331e-46,5.2864923391427653e-45,8.2391064416357906e-17,3.7456670867452454e-16,1.4448377441762762e-16,5.5939407705845707e-45,9.4070832150996552e-16,1.435337719845285e-15,1.9402524315398098e-15,1.3401328338511251e-15,1.8499010541352946e-15,2.9561112647291134e-15,2.532621510584302e-15,1.385771823520806e-15,1.3552561428208733e-15,9.8468455927802072e-16
1.2573397059727894e-18,2.1898723563567877e-17,4.9407207717165487e-16,3.6081768324967771e-15,1.8626245172939742e-31,1.2583893544179766e-30,2.3544708775004315e-30,3.5045469004049898e-30,4.1203434398345447e-30,1.2879887931381148e-15,5.3130994762565416e-16,4.7407170929523655e-45,1.6997029112654554,2.0628365861871587,0.67297248427591672,2.5751344206856528,3.1552664204929144,2.3548306827025991,1.7580831422024091e-15,0.28078071372021002,2.1791708423570596e-36,1.9813922286291326e-33,2.5213906996985183e-49,7.4973923988852738e-49,1.5797712015080434e-47,4.534199538891772e-31,2.1610708312741904e-30,8.37008080185128e-31,1.7708761643369766e-47,1.9954372918449921,1.5327897454275587,0.87234173354308819,0.59592908821894897,0.35416181659838814,0.79343142442396963,0.11476632013682511,1.3337154680709694e-15,2.1611504254061615e-15,2.0385361007627162e-15
2.5738588229862958e-16,6.5672442469545585e-16,1.2364088389636317e-16,1.6862285799830689e-16,1.0001202073746598e-16,1.5157271515301137e-17,2.9278712305979527e-16,5.353399464586087e-18,2.3024822088332961e-44,2.6709683926080673e-16,9.5802839588025779e-17,1.0109925261920619e-16,1.4438877300618582,1.8426394839431885,0.18056009832201073,2.5984754847320457,3.3374091540731814,2.3380194190099783,2.9403811139358174e-16,0.038777436665486546,4.7233539311334028e-16,1.6214526783460982e-16,1.0002700966592579e-16,2.5268196683694142e-51,1.8758034121310343e-19,1.8719075267959139e-16,1.9643035326504034e-16,4.4225349050290546e-17,5.6272075723386973e-50,2.7429924992151093,2.0058167921960544,1.3352294090701402,0.59211508297403947,0.080684100793949817,0.62035483318207851,2.0371216828007772e-15,1.6729737905177179e-17,7.7684164874998956e-16,8.0753591871341953e-17
9.4662860483709782e-17,1.8351184615373413e-16,2.8364460969572981e-16,3.5331322387579484e-16,1.3947225733357442e-16,1.6268749054990983e-16,4.0946447110920424e-16,2.684434060304858e-16,4.1285688208006877e-16,2.4046363680847255e-16,7.9074321720626243e-16,8.7649824655313574e-17,0.78070820603676028,1.1101766224132521,1.1760212989452617e-15,1.7718162146565617,2.4409015083084862,1.5031204913340117,7.0834043328997913e-16,7.2258482250790894e-16,1.2630626555333248e-15,1.1203995439893261e-15,5.319281055157752e-16,3.3355976866411191e-16,1.3433903731783573e-16,2.2631804349269175e-17,1.8532964925576107e-16,1.1781977553609609e-16,1.5533569140330706e-18,2.1880017458987768,1.4588973104065488,0.80965287988014678,0.035793922631420838,7.7461243221747137e-16,3.2603727509153272e-15,7.9041659027484166e-16,5.2583251975306203e-16,4.5689435155132547e-17,5.2927205909096689e-17
4.7149015217720632e-31,1.0120209373888634e-30,1.5179631456604182e-30,2.591224556820633e-17,7.7497454552961177e-31,9.8735540595758199e-31,2.0205802221354616e-30,2.7768247188380132e-18,6.9964470890267927e-19,8.281293471756058e-20,4.0215561334827576e-30,4.1608314533062282e-31,0.096784279814852506,0.43544252628555552,5.7111487329030271e-17,1.0694829021474808,1.7278761706430656,0.81203750894531379,3.2181390267849163e-30,1.5180207022039432e-16,6.1059459971402027e-22,4.7773900483851056e-18,2.4164496568481741e-30,2.092352020623657e-30,7.1373424236510773e-31,1.5690525208577483e-17,1.2992255466870534e-17,6.8848214602979078e-31,8.8825605562806529e-33,1.3947780162751358,0.77592198036728688,0.19121241836238781,1.4754144788266749e-16,2.7029534362024726e-17,3.5500686626584167e-17,2.1148785081604141e-17,2.8937307297374566e-30,2.5844066876505554e-31,2.6698068960561861e-18
6.7592182624518409e-17,3.181527720649191e-16,1.3201229643719925e-15,1.4162235909058728e-15,4.1804103353386734e-16,8.0063888669347298e-16,5.2382142529626888e-16,1.0371618209535523e-15,1.461130421023314e-15,3.5538256317206581e-16,5.6101938439122194e-16,2.3773220156232316e-16,8.4945227952923652e-16,1.3620270078012732e-15,1.2562713296551906e-15,0.63930501411377205,1.3722791596357959,0.51243080223873727,5.4620893071680748e-16,2.404503230330717e-15,8.8937071076369502e-17,1.0668739741992115e-16,2.8742204631390096e-16,5.7927695909618823e-16,6.3603571369624057e-16,1.2792318815268558e-15,8.1065672671793823e-16,4.3865178937065419e-17,5.6603537717472071e-45,0.8737842015979761,0.32513907052744651,1.7194479747651523e-15,1.8019134817590086e-15,1.5896850948313533e-15,1.998692584479228e-15,1.4222027971532225e-15,1.5117129499872024e-15,1.7242178856840677e-15,1.2853192176415328e-15
4.8431531781996541e-19,1.8079815026050685e-17,1.4195517930036104e-16,4.021735874962697e-16,3.1580088433162823e-19,4.6328236975561312e-30,1.2202876138154832e-17,7.5703217052731662e-18,7.5962181138956144e-30,1.9575108772495516e-17,2.1886011780277468e-17,5.4323985295921948e-19,6.6531883948742337e-17,2.7869115950416935e-30,6.8401546427600636e-17,1.1830495995905793e-15,0.60870054194218581,1.6202409599950494e-15,8.6399743984165289e-18,1.0510559168876309e-29,2.4541557309788753e-31,3.311510001863765e-31,1.0934010243976178e-30,3.4634845971202957e-30,3.0781208621766699e-30,3.1455324484361027e-17,5.7123442705533219e-19,2.4269770666237722e-31,1.743992162650594e-47,0.15090919697545249,8.4958199642068527e-16,4.8825920757519767e-18,5.9443797619008741e-19,7.4585826326586905e-30,1.0930590230251712e-29,1.0906509686815497e-18,2.6901775819549561e-16,5.4721964463135992e-17,9.4880419474868766e-17
1.3882867766781507e-16,7.8493902671770944e-17,7.4173911439094024e-31,3.7190438350931764e-16,1.7427039380513011e-33,2.7843426979461597e-44,5.8810804380012942e-32,4.3233862650448915e-18,1.5422275931236846e-18,5.5514946033957782e-18,1.1084817398901096e-31,2.5920811399784483e-33,2.3722005382275401e-16,2.5868196006739681e-17,4.3879683723813244e-17,2.4037226776351804e-30,1.6379358974949822e-15,1.3245521053954708e-18,4.0075447696830198e-32,2.4570511439946041e-17,4.0432282068402656e-17,6.1856942379822234e-17,5.1008230145357007e-45,2.177311933530741e-44,1.6299951145176529e-44,3.5757850969687318e-17,2.5179974167808292e-17,2.9461782796389064e-17,5.5035159958180164e-50,6.3711219770272129e-16,9.2251809131140857e-19,4.4415118424709378e-17,1.4539137449511727e-17,1.321240922698081e-17,2.3638447444445525e-16,6.2285328246244939e-17,1.4900792553998037e-18,3.0918695942556324e-31,1.6454137770832061e-17
5.7121006612876229e-16,2.5984155253937423e-15,0.069635147329418237,0.46724488537776943,0.24428005939889591,0.14454936363642967,0.12232679733703561,0.070761090975258498,0.022644852271773184,0.84933790203521942,0.16586731058389115,0.3413150141265468,1.5439743913533375,1.443239130912036,0.9067321271955785,1.663290043968511,1.9160482532103094,1.7192748100720261,0.94001380629566222,1.2497936614360632,0.83043844426094415,0.82756564355997453,0.51414664417135081,0.41229814172834878,0.35553764559543044,0.22786969339383589,3.928195188052522e-15,1.0017359308867813e-15,6.3203092481189076e-16,1.9470568443845557,1.6858045592309949,1.4197495474318629,1.3211188745222315,1.0371986760866014,1.3362448507847395,0.76513391210905801,0.12953423171828871,4.3063942388709383e-15,3.4075572014554371e-15
6.8717398351263565e-16,1.2527556856166132e-15,9.1680955050147009e-16,2.4789205399490632e-15,1.9489291872431201e-15,1.7821330334333048e-15,1.2666189459571558e-15,1.1670220183094157e-15,9.9300016795240338e-16,0.13192475590722025,1.3712835266762275e-15,1.5985133299257106e-15,0.89780872150528035,0.80394574388139717,0.37856987372361584,0.96568362068754054,1.1794481916606787,1.0234146268983666,0.2696431767734449,0.50597259277493722,0.15194230515542828,0.13387801096298327,2.0193781687234373e-15,2.9649602032385757e-15,2.3608758667197027e-15,2.8027109575668693e-15,9.5597970705328489e-16,6.0149418754564899e-16,7.9294837552409078e-16,1.1389075848908583,0.91040762403635644,0.658318173479153,0.56127472835014336,0.33263073250515696,0.58681503084386544,0.17797904082025451,1.3127851670297398e-15,4.061554966250725e-16,4.9473807910658661e-16
1.7091458033507006e-16,7.7066561888691426e-16,1.9627675496075537e-15,3.3547771660680326e-15,2.176558543518217e-15,1.9481435393051266e-15,2.2220440706296666e-15,1.6254494801835312e-15,1.2424553275268875e-15,8.8532359621415643e-16,2.5347726160088694e-15,1.7078762327909484e-15,2.4043314077495315,2.0795322772026115,0.83984466528622514,2.3351891079051668,2.8125400599829193,2.247275347633511,0.11431922708347153,0.35755840133359196,1.0003144351253933e-15,1.4855198076123876e-15,1.2044292758503393e-15,1.5427736674476442e-15,1.3793500853202385e-15,1.2109541273840163e-15,9.8122391958437865e-16,4.012447428691076e-16,2.3278532396454437e-16,1.4164274301642457,1.6144155698104601,0.95651613784954737,0.27641775457601492,0.34887200182508388,0.80597352881774043,0.15580067117744856,1.8828086187830505e-15,1.8611435796309857e-15,1.0594029454290603e-15
1.0021955662773979e-17,4.750262493355412e-17,9.468880534516229e-30,4.7295157021247787e-18,7.988816177082261e-30,9.6976158362240703e-30,6.3847212868173361e-30,7.9914392896451014e-30,6.0205679742461146e-30,1.8605918173192613e-30,9.6613055668513927e-30,4.5348368286285792e-30,1.5676611083373542,1.2584826108331735,0.11967654873965534,1.4928899404586993,1.9328092084951789,1.4143712511537396,3.1759034174246337e-16,1.3464249759750417e-15,9.7589632803892675e-19,3.1816709329937203e-30,3.3330050540452667e-30,7.8600226465891804e-30,1.766857540924373e-19,1.0690276826676399e-18,4.9672527903887609e-30,3.9598932565337041e-18,1.0073649533776026e-18,0.68282448221004277,0.84031287751384465,0.22696964321745453,5.382756619237403e-16,1.3404020748994138e-15,0.14180573194651705,8.559708419371033e-16,9.9039688779682814e-30,1.0237449325977836e-29,5.4992508913920356e-30
4.5161674710967773e-32,2.3280825018725628e-31,4.4569186216876676e-44,5.3826818447963071e-18,3.346384322694618e-44,5.2114982395786091e-44,2.0000120050124053e-44,9.6561436627587112e-18,2.4708906914625453e-18,4.9761626585542338e-18,3.7806051941751019e-44,1.5063249622843093e-44,0.79658801177131922,0.50376531165337768,4.3910771035627771e-16,0.71895856959957816,1.1242218566181879,0.64784995701288606,1.2185983912454527e-30,6.4230333618760535e-30,3.2171965311383776e-33,1.1201629332674106e-44,1.2901804525586226e-44,4.5967053849275829e-44,8.0541743777523786e-34,7.7622415573078286e-17,4.6899260033559732e-17,2.2603383967426726e-32,5.6546052183659686e-33,2.2643397880239189e-15,0.11999488199334495,6.369828404150873e-16,5.8403910326746263e-19,6.2982155495201512e-30,7.5650983506209417e-16,1.0660227003288173e-17,5.1848481718277265e-44,5.7025415993247468e-44,2.8961382925317479e-44
4.6413967118172313e-45,5.2528577581835071e-45,1.2745349976197245e-46,4.5376963266667168e-17,9.3348770160013914e-47,1.6232351754178978e-46,4.9333066343519797e-47,3.6121654569403124e-18,1.1169843681276497e-18,2.3230872915330303e-17,1.03748597313817e-46,3.5315400094294939e-47,0.097747068356829614,9.9899790460710846e-16,6.2258976164232968e-19,0.0086252699995177807,0.38063307239715338,2.0766569629036201e-15,5.2130098396581699e-45,3.0828091957967644e-44,3.2899689154027391e-45,2.555587160370007e-47,3.1340377351514746e-47,1.4682342914548581e-46,4.7646651905218382e-45,3.0088119418496939e-17,1.9820884165092734e-17,5.8388704670637951e-45,5.7227719597561048e-45,7.4190479973796362e-30,3.0850953440265396e-16,4.989512451867219e-22,1.508920121053488e-33,1.8494469974729219e-17,3.103631932299818e-16,8.0890490331954572e-17,1.5438416178720996e-46,1.7434797935435352e-46,8.6684745124968548e-47
1.3351277633516296e-47,1.6519815567951487e-47,3.8396866159938326e-49,3.1272171200226277e-17,1.3032528864558391e-17,5.4639841341996335e-49,4.3883684855768363e-17,2.0684365998953912e-32,6.4979939414456399e-33,7.491579819962121e-17,7.3041121377864536e-17,1.362173200937032e-16,3.5012968221585998e-16,1.8158204328973567e-18,6.2258334455584533e-20,1.8995251668269871e-17,1.2221050010304556e-15,3.4129739826416714e-17,2.8130196549076739e-17,2.9567717015358843e-16,1.4051914351394296e-15,1.0673157123543113e-15,5.6747250929559363e-16,3.3793051107742244e-16,1.9479902068659861e-16,2.6891299066959722e-22,1.1830896083683752e-31,1.8956455587929445e-47,1.8245884126802923e-47,3.1418066895069582e-16,1.4117286726415503e-16,2.7833043216567853e-16,1.51643148062979e-16,4.7729011630518065e-17,2.2722012312800339e-16,1.0417325594973346e-16,4.787159625718656e-49,5.5902165446570432e-49,4.3103268669030869e-18
6.8353839524029731e-17,1.0429894524607853e-16,1.5463049630279177e-15,3.8536803051016572e-15,7.463385606652236e-16,3.2179361917326794e-16,1.395522612374352e-15,3.5395403633903471e-16,1.4206990397245266e-16,1.6379139469197308,2.6066217983094117e-15,8.421007477280931e-16,2.0936227060275487,1.8155735561323227,0.62843008189836247,1.6974417596947451,1.7801683139322262,1.3844974480256169,0.6205731801078197,1.7138430553050474,3.641673660212333e-15,0.087255966008885383,1.7840264480234397e-15,1.0056569756048321e-15,6.7232577616909915e-16,1.7884962616464297e-17,8.9426034112248408e-17,1.590389600102779e-16,4.2350419876870459e-17,3.4143734394189109,2.871172760005976,2.9892406410516714,2.777379392296186,0.99524515959592974,1.2096390878510028,0.48092456190404248,2.0226722897842909e-15,6.7374300668145182e-16,4.1935395954101161e-16
8.3902252565977842e-16,3.933430192321301e-15,1.2426488104901687,3.9359894143737915,1.2799781300818427,0.91376710466866551,1.5104016159986888,0.57796894632472018,0.1619759839539292,4.8461988125723652,1.8107079791356111,1.1554637480462184,10.116479167492685,9.921674336146264,6.0984824293482491,9.1488009061097966,9.3688475397097424,7.9186355151735892,3.1533749625191296,5.8691710828873394,1.4434365156327666,2.0931000230663961,1.3604414856556633,1.0814072026998351,1.0915802641855548,0.78877028567289109,0.052697236961337178,1.1904276229651155e-15,3.6436111483047203e-16,9.4092385260278864,9.2869046530359807,8.7006326726829393,8.2036738623720318,4.8467214041012578,5.731714868224139,3.8535944435378822,1.8790078791528115,1.8097379005965153,1.1289210931128959
7.4107730279395541e-16,1.4834151861077998e-15,1.4548710376223581,4.4192379709797711,1.929909882652338,1.2115060679334042,2.4540044444023437,0.77804002535751238,0.027905495185787398,5.1480156398769257,2.7307242161065246,1.7420344008899666,12.340776789831203,13.069182439551334,8.1474510718471969,13.94367718516912,15.754004633787874,14.022490310852788,4.5594699919890909,7.4315119525224702,1.6667839613373605,2.6603443900384254,1.6629533924458701,1.2869846614164433,1.2806457665931976,0.66001596367138993,3.1583477029860832e-15,9.3940995399529672e-16,3.2312198834418495e-16,9.6801447528347779,10.818470837636436,10.147065887324239,8.9481297532851638,7.9012781081021215,11.416002619553831,5.7764057090875029,1.8477163763588231,1.3069549757857264,0.63159803158823846
0.7302526035437823,0.18636612151182325,1.8186837466046764,6.257323689082277,3.6405442640889021,2.107913560367054,4.4371020352559114,1.0962805860570772,2.8575492618657679e-15,8.3631877330496263,4.5930233865323098,3.2524414341971903,17.07002960028975,18.310069828021838,11.806632710450977,19.851062351266531,21.965867550936988,20.0957799353931,8.3677527848719517,11.796534610911996,3.1588975052919563,4.8731552271788061,3.1244247257246278,2.396249652617596,2.2362775605937824,0.87333953660450114,0.015967228383078434,0.51793432562868635,0.76100363453225639,11.653573116398363,13.98397175968439,13.190071124952551,12.450607960786632,12.32077462554413,16.619436442928539,8.794576170112558,2.7606499836107652,2.0468875895916678,1.5112784813377929
0.2596737252093832,0.027343011990982907,2.222848397077263,6.395243492620093,3.6894547181566049,2.3917352435431654,4.7669188400752081,1.4645961618735943,0.6371129971545364,7.6067498503749311,5.0506044567878465,3.0409379993424777,15.594976136317847,17.28210791475281,12.207043528360259,19.393066578901998,21.579976203497136,20.21039063007553,8.1894890880217215,11.154185065800361,2.837915912290121,4.5147312559511352,2.9244376332122091,2.3579678330320819,2.2436340208130896,1.2382573981384639,0.23083625596935145,0.10751535258741601,0.25890994605186834,10.094644636737561,12.646315400832242,11.988142677088593,11.374924091444697,11.89748563048733,16.053454738485893,9.5877168107947117,3.2881104187805446,1.9752270815775652,1.5091544341894751
0.36657251174619654,1.1926718954406195,4.1520338162299346,9.0208377801949471,4.786674114191646,3.9979095374302038,5.803486971637124,3.3840841860021671,2.8053771844901201,7.4862388486601343,5.7804458018612541,3.9487151887749565,14.448339770137864,16.074749836336828,12.860879786017353,18.237483188369012,20.234147474076206,18.923037572361,8.0939882089369792,10.578917911935218,3.8051199461184164,5.1150927405238837,3.8818622090807482,3.6065470372892716,3.5141992137055964,3.3221157574172691,1.8647489160580539,0.31449301616704523,0.23662138570533087,10.638551160067882,12.74834161456922,12.490342218086385,11.019740501453409,11.102986907396607,14.552649358270873,9.91363215502804,5.5491647686694652,4.6698616354966953,3.8533682831658953
2.4702523641484888e-15,0.7593027692374682,4.2734085036772491,9.0241628992362877,4.2672722809200687,3.5572692574732061,5.2320265706902624,3.1281004727859654,2.6762725333862019,6.8984960177167389,5.1923897984637071,3.5566296329155689,13.141455342799825,15.011152220108483,12.362288357071476,17.022697362152542,19.006483137076827,17.884576483552149,7.5724561937486037,10.211151196933871,3.9966542254921196,4.9893032149185856,3.5990107536878218,3.2191275908866106,3.0853140783818893,2.8632711771656121,1.5581369681490653,2.8493954048743701e-15,1.8592146022154429e-15,9.1440085819163635,11.356178059135109,11.404824279951741,10.418222893320666,10.544832188416699,13.894770995973875,9.4111805354088087,5.6042941956429715,5.1013925077199369,3.7883878259658155
2.0701400177150574e-16,0.11551936645717786,3.4778616604580832,8.3616762330747942,3.6140086010106334,2.901111050640834,4.5307971812002545,2.5180334399657793,2.2906512234367997,5.7166529103147239,4.2617844422684419,2.8882742073067513,11.656170027534131,13.407457147596396,11.170883250630407,15.111288010575933,16.965356271989712,16.033181636944228,6.3660753759485589,8.8030208408985899,3.0644221170007166,4.042241611132825,2.73187910974216,2.3663834589184418,2.2710191762050136,2.1112819764975783,1.0074740581329416,1.4645556894423723e-16,1.0128154570494683e-29,7.7658626408495932,9.8094039900392396,9.8689415170661068,8.9727866465613335,9.1498363037115045,12.378171475114847,8.3083689160563274,4.9339069895074612,4.8700561050222797,3.2408861828822659
4.4072990213424605e-16,7.5662591700898337e-16,2.5524474600437239,7.0509646338419314,2.6773288168104221,2.032068708680892,3.521987514342749,1.6937323139084912,1.5255800608453625,4.6253826484125513,3.2754976517382595,2.0059569391133976,10.093502138372045,11.689112932661827,9.6504962337838389,13.265165237446555,14.990842528280892,14.139870156804301,5.2165408494638719,7.5006778458575205,2.1659608439938891,3.079762585675887,1.8810602013398172,1.527840311947203,1.4474155422209649,1.3195374365042745,0.31103074299740535,8.1316698457011079e-31,5.6319815426096925e-44,6.5019193811245435,8.3775949739772457,8.4388969308819597,7.6268749647450695,7.7899396042620817,10.773292272435672,7.0137412115244286,3.897690299943485,3.8390196530979188,2.3368384377333093
1.2634962690775986e-16,2.9690828260715337e-19,1.6991633003604059,5.8456370575987773,1.8142006039637313,1.2196157838565198,2.5921849131329817,0.90700716460769581,0.75179011797998008,3.6370129356433689,2.3657981864839406,1.195663938120231,8.6419222984814823,10.108083260936633,8.2491155444620059,11.56439309493391,13.166962156968758,12.388509007177205,4.1629629785354272,6.283121231970779,1.3388958185089608,2.1816057863596683,1.0779181314132111,0.75441764672265976,0.67941175842900958,0.56189129531686122,1.7328699587598676e-15,5.9671671091505552e-45,1.7646567672758677e-46,5.3374220395635987,7.0613775497426943,7.1245485878725505,6.3801139114011818,6.5326643518892107,9.2897252122529732,5.8183566661508195,2.9412738361021322,2.887344499655963,1.5001566721338122
4.1052145091423998e-17,1.5872740337097678e-33,0.91934114049913562,4.7355761559068021,1.017906156904939,0.47008038339566327,1.7343141980466563,0.18177420479120288,0.038866539079444158,2.6979748997780049,1.5266108700904319,0.44699921804438364,7.3184069650916843,8.738640692244271,6.9797969401586029,10.082168721708141,11.515101825544704,10.778037063856035,3.1849032290219403,5.1468895216075339,0.57863900368673626,1.3550006891556379,0.33874459968474113,0.041337809073149899,3.384446198663139e-15,3.0395819663394393e-15,1.0035915797392431e-29,1.9695834901713959e-47,4.5195636967795923e-17,4.2666366073187056,5.8892360844386831,5.9160984614314964,5.2287771854369582,5.3744368868607042,7.9219892949100545,4.7153325714254022,2.0584635630731487,2.0089354233923862,0.72845513645105919
7.9501191286170409e-16,1.5064658710939978e-15,1.7255409006793305,4.3046889552582597,0.94084006056159497,0.52545108898646553,1.9308858152741037,0.5054790926650452,0.70683357904224509,1.8366571021056775,1.4439468336486563,0.41189502983940157,6.1408102808764378,7.3906245190553639,6.1221386095682702,8.6289796529371277,9.9614795203891227,9.2898809845810675,2.3662020795777252,4.2119946725672444,0.091605955373677259,0.71917571984461892,2.9403828791951904e-15,1.9029144856930186e-15,1.7213237821274354e-15,2.8959741312611228e-15,0.042781757481880733,1.7190041321094543e-15,6.8894433492410055e-16,3.2764582977311432,4.7690895321893949,4.7972300164472053,4.2174339392746978,4.313839381645586,6.6584878889436192,4.048766456160231,2.3724738052163943,2.2267565352571159,0.66202827056903424
2.0481953780933895e-15,2.4191350596842803e-15,2.0527746413530306,5.3204370435515349,1.3868537308160105,0.66261414821234665,2.189319933708366,1.1649819522664033,0.17635242167136739,1.0411971203012882,1.2531524365668267,1.238677821425159,5.0998554499528481,6.1857014103633086,5.6365574637174136,7.3684247489130605,8.690801302142674,8.1995287406439186,1.5958232744364196,3.3796614361759012,2.4514956031433986e-15,0.43177242374454317,3.231369181124849e-15,4.1856565607916756e-15,4.0461489397917359e-15,2.2332727224409605e-15,3.0779168909168085e-15,1.9638197228716076e-15,4.7512873683521392e-16,2.378918574268218,3.869268869247187,3.9727138894737504,3.5262167423565844,3.5341567237617939,5.9598450217898478,3.5987251984350141,3.0306531991204464,4.3002165882762018,1.5189287229655151
1.1000914918903124,3.759426161233828,9.346134987324735,8.3683705794905716,2.9183112649163689,4.8872447970906441,3.712782022811457,7.884114560229464,10.035254909330391,0.83496474146678157,2.5905551348853808,1.9762220370708772,5.2452297050031449,5.6300501132235681,6.8721062656915262,6.3337911620160785,7.4674197928981156,7.3105845686916782,1.3396656275382102,2.7533945384953813,3.7018827769006517,1.9229982131290735,1.1110298206533635,0.82971605528621328,0.77432599830378057,3.8151887818272003,6.3136718486003609,1.0105168246636724,4.6112595832662399e-15,2.5140274871438644,3.6539483834046318,3.1905647949450082,2.717289602673397,2.7403684964176303,4.8452575593945788,4.1888950799870539,7.418243174615843,7.753395985309127,3.3218102640715363
3.388827828262245,6.3920662614498607,10.085601003275519,8.5707666040322703,3.2214945732320492,6.074170140313818,5.3179402186036446,10.119648702818022,11.838708603566072,1.8911303252237726,2.8900381177562462,1.882633258686053,4.9259572510458254,5.3070297464164957,6.3228539246416977,6.1737454183572575,7.1577745781847764,6.5554039381276787,1.1700919060150305,3.0738478434411456,4.2075741927054526,2.1200840189030155,1.4125251328978294,1.4374296577562964,1.3860163779057537,5.8037274327597927,8.4862051800389668,2.6478581460187507,1.7719717063011513,4.4175973669889901,4.9788742799391121,4.8606761728401482,4.0138582709855521,2.6058358080074213,4.27846652912178,3.8715843710724172,7.8992221049719138,8.1362303525455406,5.1251891172651654
2.7465778060640966,5.4932589377118006,9.738666428520558,7.3358436572407859,2.324445244997245,4.9612691059624048,4.2473866459913676,8.7323057726144757,10.551004639934993,1.6528740236870842,2.0843151330583014,1.100108296189896,4.0862865278221108,4.2783108430646664,5.1981323625867661,5.0325426342278536,5.9632884309687322,5.4858313706321127,0.50823956756536715,2.7377310844123213,3.3664373662937392,1.614839981297264,0.72235907003801236,0.73455050846355152,0.69234342010601391,4.8939737240605217,7.3504800070196614,1.9883707180152459,1.1497524274869624,4.9360700042520707,4.6614198638039186,4.2318972733872871,3.7533856517643454,1.9810906080601987,3.6071515813506547,3.0862631073673201,7.0568202916406078,7.0550959465986463,4.1765235078768939
2.3553900440498432,5.9409797752337301,11.671895637881628,9.7389997527764613,4.0958228911703616,6.7863604761007519,6.6784389720272825,10.880750023477992,12.39622280437197,4.3954964409623614,4.0685780248895007,2.6362366638224928,4.8871693688525975,5.0544314932600205,7.1567589462375452,6.406163150947628,7.5838126491297677,7.1300844287576224,2.2224187070189867,4.8699712465572293,6.4529059473997936,4.346793222441236,2.76899684672127,2.4800284250354641,2.414244984745058,6.6574485965390098,8.5729233982330566,1.8569746248746584,0.80503793814251778,6.606306512683048,6.1820894053671758,6.1532149151111462,6.8722911347226061,3.4218345444704035,4.5809026794062975,5.2189246480456735,9.1673935698235649,9.1500517498939224,5.3847623033527894
1.6777731916646688,5.2365269970790154,10.898408842052577,9.4629697456755082,4.560185332382475,6.7283729917055899,7.1924693387069238,10.368690861627147,11.423848250145683,5.2199841107378697,4.3050139082922554,3.3356569933126363,4.5707442187013516,4.7941267348597698,7.0783274073686266,6.4557447869422004,7.9914995970135649,7.6173430472546837,2.7933096433371074,6.2817448206055593,7.4142246606766715,5.2267286117536642,3.4384196372331637,3.1155724582529829,2.9088407078245693,6.5160047601571423,7.8486255157439979,1.2050734593005124,0.13972648913643496,5.7141878420173731,5.8150568054137191,6.617587360347863,8.523297973166617,4.1816940505870468,5.1805274589711834,5.6893477138293287,8.7724605551952308,8.5362903627079572,5.1160140841084703
1.1866436709178516,4.6006952370629417,13.695294027832061,12.940847079247852,6.7784259169562233,8.0995215707127883,10.383541883369205,11.116778621885464,10.712681708828407,11.803368567635843,8.5451407289654959,5.7122633062801729,8.9481402850070939,10.912506662811758,13.869618351785595,15.905341061857749,19.868131617313537,19.066982995356554,9.0196860886601939,13.246660788599154,13.877171660041025,10.627751083214143,7.0403922520435396,5.6578087428646864,5.0974642600674018,7.0276425268431923,7.3565427121987748,0.61743056144538455,9.9494826542088199e-16,7.156649567985526,9.4648495097643828,10.760749150162342,14.618417278547343,11.146463715938141,13.631154991761013,12.843023772081592,12.23558337919966,10.547423165295697,6.0271894242206576
0.56867528175794935,3.6635729102211307,13.130292609576005,12.792884077765486,5.6777943577983176,6.8237914033276494,9.0897659416963634,9.6173771678112008,9.2330042204331839,11.907435857591848,7.8970794467965666,4.7356611445292014,10.070546182726854,12.133378142846764,14.105825949843922,17.084387888207413,20.852611323528102,19.886640345399975,10.168560551650247,14.233258110476333,12.790512886888695,9.639237786645463,6.1261048711179775,4.7700393407268695,4.1972594909024794,5.8545259487488277,6.1372612855008519,3.7087786559713305e-15,5.7547983922995646e-30,9.7676374670354829,11.347665489610995,11.93670240452596,14.686216602142796,11.925509533525858,14.577715772668405,12.950149775333118,11.876230782879988,10.490904731262352,5.6991701809368926
2.0498187547310261e-15,2.736462285505489,11.54025517639627,11.500836122933949,4.7071448810446199,5.6691168721119327,7.7775811856356167,8.2344847847528211,7.8673110555566232,10.80548533820784,6.8214931879924485,3.9531242482729945,9.8066459968992241,11.655727112293773,13.088819242628791,16.18508836667236,19.718273026766475,18.719028777562524,9.1043467614823559,13.350361815724133,11.638038074851972,8.7337534131699819,5.3059689707236251,3.9663725080347882,3.4177210525971136,4.8593087931613939,5.0433749284294827,2.1869627940299761e-29,3.4002449701224085e-44,9.9670589426154557,11.176864562292938,11.540388524109009,13.962802682843583,11.030726634795197,13.563722328936121,12.015451920808186,10.585515170318375,9.3696775862285211,4.7142265271182424
4.8336959498095496e-18,1.8675539994651364,9.9975653266772024,10.139806897072951,3.6825222917446383,4.5743478423440189,6.521788842426278,6.9442322371995466,6.6062493559322117,10.168515397568353,5.6506465591263266,2.9960671851033629,10.95898666823901,11.895319455392427,11.786465552823186,15.446214706534432,18.391156693932761,17.066434812947691,8.0743018690521815,12.031277552260068,10.257257253695148,7.5551093933742166,4.3049888071484181,3.0319364443399528,2.5219825066041062,3.839248849677273,4.010478656155299,4.0044289133580753e-17,1.6621515866289243e-17,14.448356088021852,13.57962146610131,12.289591085949349,12.862434949283799,9.6540474455555163,11.978704654009478,10.524811170307222,9.1436419262281952,8.0989225249134318,3.7209433350510523
4.1887742641226335e-16,1.1148821598652943,8.5783575139316834,8.6943123773393243,2.7599144811965801,3.5682632708128295,5.3653421653928453,5.7656183004212034,5.4430806274904411,8.7611664865058749,4.5588352441680495,2.1238433996674728,9.448642815226501,10.296072211284933,10.216322741965826,13.564688768175643,16.287889456750968,15.082036752745777,6.8049999618594805,10.471631601286242,8.8500701957797538,6.3608102050004618,3.3806565935995403,2.1927431782753595,1.6971447340941535,2.8872705107983361,3.0777787372937246,1.0016591306316032e-15,1.2471713290291906e-15,12.733049776633111,11.868305954335138,10.673671506463029,11.198809275005621,8.2519746948593422,10.402342855265704,9.0681269982198778,7.785320103313178,6.8512604575745755,2.8452044606661255
1.4645247905586706e-17,0.37364959368239858,7.542436892811776,7.6096809496727706,1.8915808418404867,2.6389110133910387,4.2957139359976839,4.6682773501559689,4.3699675082489913,7.4323796001886215,3.7838641353514531,1.302851804409997,8.1581323727366186,8.9828430638034931,9.3449869719129435,12.025299453692302,14.498507205585364,13.447053449955988,5.6982712527990254,9.1190569465201801,7.5049626658938839,5.2095080297726737,2.4614611066661114,1.3686814890743071,0.91003397717093015,2.0144828234888452,2.1905636156179171,6.3377897895756588e-30,7.3776304139244143e-30,11.453737868508643,10.662936335101751,9.6927517998679971,9.7914194908407488,7.093116956417914,9.0745968213903581,8.5683979280315796,7.0950007092827034,6.0331008424450694,2.0222518006868002
1.5227004942236257e-16,2.0287552108898737e-15,6.3119168525918363,6.5701461294117722,1.0895219422222286,1.7803377468828137,3.3069549902786255,3.6534472780806939,3.3781336694206585,6.2577866215344145,2.8425815757298301,0.54831728474468522,7.0500261214063373,7.7620917509168299,8.0317530904304153,10.440553743129206,12.798556537687613,11.863899711026381,4.6020344370010458,7.7875083758577617,6.4447850717622934,4.2396499188058971,1.6665230607257142,0.69489483442662381,0.2167634308093328,1.2087024702970797,1.367398179728891,1.7762030094921247e-16,6.9152465756481776e-17,9.8916203596249073,9.163414536309725,8.3135878391445921,8.395230356957299,6.0220315746951476,8.1060155423723543,7.3167026082562172,5.9108533956026506,5.0013213662846354,1.3510904502387937
8.8525256827921863e-17,1.1497055960633348e-16,5.1990613306608884,6.1732184479080319,0.35006402974079909,0.98786216021698503,2.3950120669663502,2.716565281021746,2.4621735689962465,5.1152096693154432,1.9674537149576343,2.283818326635438e-15,8.2906591112858479,8.5074016868980085,7.7621114797098718,9.7795311618524963,11.768878111936123,10.795457390227401,3.5903375749451913,6.5363867259601864,5.2840991151156986,3.2515867701833612,0.88050111706962042,4.8232278809419769e-15,1.0788019047759347e-15,0.46359885687984259,0.60640011645736658,3.3940952843991109e-17,4.0360019314044717e-31,8.8571911389250886,8.2857690830021049,7.6672552531275571,7.0962175551786943,4.9131493184617847,6.8947023198727972,6.1693168039316202,4.9011758088896036,4.1873882697898788,0.64691069244323474
0.95159927495078289,2.8969205901625585,9.4830783256127145,16.162310576560103,3.7258525324526883,4.8996489255048168,7.389218014625305,7.51135963388821,6.7981418907232536,9.9477959913437228,9.9813636467502072,2.3520112706341769,30.637074451032724,28.345429279809743,23.27666764750591,22.665054779177296,20.774245404278528,19.263701156898165,8.588506665650435,10.944675306628064,6.7780699110081626,4.3545776504845328,2.4314553645744437,1.9925481791057844,2.0442226478811074,4.0480636229830473,4.2174699316503537,1.0105630489096007,0.71771959444186895,17.426314694352584,19.05517394335228,13.58657149059567,12.967826152906881,10.163102717195418,12.562077969073258,17.22985119682512,12.150105072907889,9.1662397856321594,4.1828007831700216
0.87353155440304853,3.0260880097691549,10.773857194024862,16.153114996350293,3.9947814438126903,5.1792924080413902,7.189595855057247,8.2115529702272134,7.859306188328425,9.8841419672807014,9.8849368793359496,2.8168400966434941,28.004727442976328,27.25224633218696,23.576927540065153,25.134903874887033,25.057741059028455,23.833469619256601,8.780970578708466,12.105152025342957,5.9333636100943918,3.855831118903672,2.1938132648902982,1.7596172168332851,1.9038770302985311,4.1366763462261469,4.8229396389193919,1.2937816362802994,1.04653590348494,15.632657610308593,18.673011243985059,13.977801152239801,13.619414940776066,12.617865883320668,17.365443766200478,18.87607496685261,12.792963868314329,10.511147723955533,4.4040438119485366
0.19765412232182869,2.1675511907157059,9.5995136615864833,15.412118142947691,3.9892499292266255,5.0378921196694062,7.7233784626265223,8.0934644929251327,7.8397460488086885,17.12403770532902,10.319724538883985,2.4905185391272999,27.476373024903459,27.344909668358593,23.467762078599652,26.887824657679666,27.12319751978718,27.233631936057897,14.514262907659862,19.831194993142361,5.0315432269773321,3.3611322449842169,1.6098376184497838,1.1172889825483332,1.290159869939252,3.4013879448725084,4.3583260564760709,0.61999303842099784,0.3367453000664607,23.569758321542704,23.786306386260993,19.89406994853492,20.49920892178427,21.042154753333719,28.611077001387283,21.904238431262577,11.976607905421357,10.891107126260511,4.3139305742546119
5.7959865331639169e-16,1.3949623054568749,8.2049842583876007,13.882615217248857,6.5539288951486965,6.1190934227051885,10.60230053434818,7.935389899187709,6.6092926551606723,21.914766202706598,12.751025512724601,5.1383696727615575,26.13925667957874,27.076012375769118,21.978365194370557,25.6165783267294,25.320098729902504,24.676091701334606,15.706594330281243,20.23079182138563,7.3551154979947126,6.8715406823510934,4.0186199583304694,2.5280922331546458,2.5943703173639516,2.944281366271035,3.4972851722156197,3.0994486173853037e-15,1.8634711409290885e-15,26.849898030068136,26.16365804847338,24.706579937421594,25.267129602091806,20.735530874716698,25.555222601654208,20.529391023614757,10.39964647759809,9.4778698133530348,3.3433147799974807
1.6832745326026715,6.3277007400362466,17.975676327294128,18.94659151632473,17.238936486595637,15.625413989746614,21.7036318180321,17.17718333457179,15.081654060919092,43.010460615539124,24.817959345481853,15.946512151833941,49.754211358030311,49.050675523493823,36.942611047118589,49.438691971892446,50.297904281916779,48.404068372191894,37.279450548087063,42.399004170762197,25.652018840892278,27.752182355316894,19.626024457196202,14.66389917890905,13.494470586035497,10.979512554021419,10.332915158306232,1.4236536077994282,0.54150976465069023,42.603537510280795,43.635023490274556,37.496677696509153,42.553246234957044,41.880733372941876,48.880612401750867,36.740143971822405,17.631592827186967,9.9889959393971477,3.3284011206598714
1.3879237687785524,5.9566196570485861,17.768525558235893,19.485287935811744,16.809316908476507,14.732699918887217,20.65618522745249,15.579695269341034,13.683349839821,43.417906276467932,23.788685708630702,15.937422250346312,46.397527421970814,46.879940302529114,35.981623574027445,48.967943866119114,51.170220842591711,49.380306390815996,36.769006038274888,41.986474233658413,26.832373651260813,29.018164171699659,20.986671667885744,15.40280040871802,13.884746299635601,10.55126414170803,9.3921319061023603,0.75496652981046164,2.9110038663184274e-15,40.085860716068886,42.337070848686331,38.09156203179429,41.897739812615058,41.805393785547103,49.185666656890049,35.830783577462654,17.553250260146566,10.073440536230596,3.1522292485633558
0.99068579353716912,5.3941019547126974,17.644204052158475,20.311136883729976,16.015374954429259,14.235995394095916,19.545210646068323,15.279604235470609,14.197905105634181,40.449521648896443,22.486928946564287,15.161471774102314,43.423328776898721,44.011138840733992,33.45333560165367,45.532716116363851,47.217453229726573,44.960095555676318,33.255244702994226,38.559448151259659,25.691198071011332,26.968558188022129,20.37424381589852,14.806761596277923,13.246409168399492,9.9759605179552562,9.2600872855489733,0.35586237849784197,1.2942031985717626e-15,39.324906776670659,41.28426818747581,38.077391029427012,41.551194284891061,37.457578271465572,42.804312582839472,32.066766883117879,17.406250877489462,10.099190519894773,5.5889403103403046
0.46636598012172609,4.56560711220662,18.521932154794179,23.212304509883086,15.438012082893549,13.411345436098921,19.121087242582654,14.501202973808001,12.777225745437793,48.066557545419478,23.42528316737398,14.916187143952733,53.067052338842288,51.205029263334517,37.340442722159267,54.056959968037873,56.082212354432222,53.034652884799094,37.896673793527967,48.442647177447995,26.993334075151072,27.197701882795808,20.638592954114653,14.792711618317968,12.923770020885835,8.9270336793404219,8.2592001658311993,2.7951021064630372e-15,5.9795749453393557e-16,44.916446396145126,48.481126061749258,45.134114308002665,51.061539234327327,45.840215379382855,52.326296479826411,35.984472638598135,19.194510432875155,13.339238248898972,6.7878169566135069
1.9427194567212557e-15,3.7439341230154786,17.366757777961215,21.915302280757423,13.68383815843797,11.816776679816938,17.282996814622095,12.959206302207235,11.272209927113364,43.905231592714614,22.080244403932586,13.201771689247323,45.587547213353893,45.246654238710214,34.233097643652428,48.617990144929514,50.527230476880668,48.997092159302412,35.335584548814971,44.879663672435171,24.050730604235827,24.131508960335946,18.568029555642642,13.096314865362709,11.363482326968116,7.688204401918437,7.1222685654518116,7.6085262435448828e-16,4.0427196880404782e-16,40.549081603357806,43.399667883991555,41.857922725843842,46.970294142014545,45.06901212655535,54.22905813118193,34.435479094166098,18.196034058360549,12.602122539734042,6.2860221270162677
2.0264270302469803e-15,3.4513169164792981,16.328705068718037,19.895554216524125,17.764760614420059,13.920778015522369,22.102946112748214,14.055114365647055,10.496803841355963,43.556164265558138,25.175276983647937,17.387683810076528,37.701078148824003,37.528909697024368,29.877765354364293,40.637058818837374,42.553629806287731,42.085562116400915,40.695785510831314,44.483874563241322,32.814987264516489,32.420739045450212,24.118670388677483,17.43323636860422,14.888350699074243,8.2899866559174278,6.809352793517137,2.8152550919723412e-15,2.1226708182065658e-15,33.929723249988662,36.264853512780718,35.721261769648038,41.689517361809088,41.852948082060699,45.721585587636824,31.779906373025518,16.99275005992757,11.238528443060249,5.3160799883223362
9.4659029362511465e-16,2.5579078659928958,14.507719593848087,18.194149310922146,17.164040257782101,13.105415027150807,20.555780847044101,12.672189326450829,9.1729272458344919,35.921819245363046,22.655430221131731,16.989470448002702,31.729361119170132,31.570896460467068,25.948521095468074,33.779931130245075,35.197951519752586,34.875721762767476,34.11715364789994,36.756760499567179,28.72769434520141,28.103491902333818,22.556826669730004,17.272056560271043,14.834365278783565,8.1484113820294652,5.8178411296490173,5.565729123487771e-16,1.2528177086003905e-15,28.656803939799449,30.413754650668942,30.03797696629173,34.526250169209099,34.813542597206784,37.587547900710298,27.290276925292304,15.259242129564196,9.9278528680495892,4.4820816506956298
4.4007175014532859e-16,2.1299845224147336,15.030855323186325,18.773369575356842,15.738505759315801,12.191946133182267,19.132065649546018,12.030012287197843,9.020717404214361,30.795925536107806,21.21790033090398,15.353594488736178,29.043380005750304,28.415128492256251,24.613503137765854,29.251829077479204,29.935951725462608,29.879242185242241,29.182631042663452,31.075030427332237,25.610876746291627,24.920792137863199,20.592135136349444,15.710309189808671,13.427917706622658,7.5136217536481009,5.4457819760405073,6.6104920919058809e-16,6.1360162785546512e-16,25.451785726925557,26.776343484729924,26.336382293101028,29.232727816754299,29.687275824206946,31.778339034412333,24.962373949002767,15.597514092761187,11.194693634244077,4.7796257502032446
2.8491592712559266e-17,1.3332386748340987,13.339421659360728,16.676351443586931,13.846019749755659,10.5911865753709,16.965630620285435,10.444411344823772,7.6680541823220745,26.317724242589566,18.908701977920725,13.483441141105024,25.416923865008663,24.913882877298459,21.875795027523896,25.384863247314268,25.76499121057121,25.733315044066064,25.131184194937958,26.569119341076238,22.450971605638465,21.940613335923189,18.315963460785891,13.840273911296611,11.725265592367073,6.2783872395998639,4.3730703945145999,2.4450867911534796e-16,3.7036936176494228e-17,22.363200125838045,23.500354909015869,23.018293432433268,25.156254253609557,25.562429065346421,27.162431424926897,22.03367286306829,13.753146367284481,9.6812986797533487,3.8436345892327024
2.3287533866293151,7.4146404818549483,16.089298394762494,24.764552603876773,21.541532132517762,20.375162699243901,25.261104030012,20.648014018778536,22.304446211509031,29.433972308609317,28.932910985505345,18.376211113418449,40.874353511278791,42.196674011988222,34.003892679738442,37.473000209374412,36.990001764927186,36.962244589646261,33.177001125153623,32.241274465844178,23.964271657614272,25.084713588230827,21.928581444791689,18.077656651972251,16.497523663100605,14.504121313105601,14.302060239970951,2.5607482131389587,1.7005566737007178,25.171250883863905,29.612082927841264,26.993463958527073,28.876238047360772,33.453280011318341,35.498451143342699,30.110261373913588,18.607079188894229,14.854958119389385,7.0882754782469952
2.4133780970655301,6.7672542021671012,14.267586129811605,22.115082873489126,19.30519097422852,18.19695294873242,22.25919915868316,18.465714641591049,19.927691351128768,25.368292902400125,25.030626240405311,16.360894030497608,33.836939522273212,34.817574036353719,28.803558768535677,31.294654794426094,30.936291189938576,30.936837769922175,28.136145884079713,27.516217296556984,21.258675110872712,22.115872523840522,19.653327782928898,16.124950841264958,14.662322689317696,12.804394407915865,12.656376778445194,1.876641576550109,0.97455344733059046,22.123271528163709,25.432007995970785,23.528278799028165,25.184489730437921,28.349299253806759,29.918249014893927,25.906249812128397,16.690676618387254,13.18644795564342,6.0816748005522747
1.5672860792779484,5.5878074766722907,13.131927266231951,21.268297835583272,17.147554189367213,16.136593766049415,19.85937075968214,16.383968402293725,17.727772817183123,22.866269949859625,22.178625772095984,14.42184197648843,33.545228984644204,34.483772783383955,27.443255264390661,31.632506789339001,31.669691389063498,30.637095920848228,24.497872639135196,24.80812211248309,18.927751198894303,19.720351043359091,17.462008965488799,14.230082676691465,12.870218917269602,11.159019633119284,11.01880232678054,1.0763283082937982,0.24422723718485195,26.351264084141928,27.912574516658452,25.547839424699717,24.371041184156503,25.585463438749777,27.257806501406186,23.811488561271336,15.45281648631344,12.656570939842895,6.2861374036427495
4.4229172218707991,7.9642732872179351,21.677473678287296,37.986290180591709,19.578924146071273,19.036168899780105,23.814631097564998,21.109710518540766,19.5826735120622,38.409154610543553,28.868460546575026,16.009000594738602,54.88125157159844,60.55129756011651,47.572591236302046,52.498333008276965,51.12212514412964,49.007600938498825,35.768396463074552,40.740745348160004,21.683032903034654,22.630619614934716,19.351202734130247,15.942811783571422,14.613545187421789,13.250504215138129,13.404475293894789,3.5022193130150714,2.5542697080722578,40.616115223350647,45.196754754360306,43.548519134791867,41.966024636852694,40.05780422448435,43.134439412456942,37.15272251708604,26.817632438673879,27.766929055255968,17.685731252583697
4.0662604411174446,7.7351847064260228,28.20905757774694,55.255045829512582,28.36911029906911,25.52789794836864,37.668618355694157,26.636231815689651,20.053729510874778,44.574779746948167,43.784133847334672,22.854094661197959,97.580373652476794,103.71205860180197,74.131342039640344,79.269215658019718,74.619622055165607,72.281351313198016,48.547020397758189,49.73455108271304,28.131377613457875,32.432604157921723,25.32872631867836,19.730661512481827,18.474113116315753,14.111454771553875,14.261132279026363,3.4833764039950013,2.092321057179451,49.022451371388186,60.806140832979608,51.356196596357272,48.086067771171464,56.399746037064659,65.081230648026875,53.202436724175314,36.535009664102375,37.973132113688173,27.786983648609802
4.5361533895888213,10.588022311567576,24.482199025877787,44.878888278609693,28.122632658991495,27.079310511100726,32.738495709790513,27.922729092467613,26.564433316140949,37.57772974318511,36.82871767889084,23.707526729158076,76.365315132502744,80.746401825111775,58.79298624270227,62.871393197800359,59.867382436571326,58.274709254058294,40.806968039274679,42.541189657917101,30.526411479526281,30.567779057011137,27.046668470764278,24.20903788251761,22.805971759200496,20.326607686792045,19.217650366739878,4.2841363010723423,2.9169408940384178,40.018693965007557,48.903594191580325,42.252009391254269,41.006536367719953,46.810069835932815,53.050130086777614,43.687397241444451,30.74979891212655,31.821189625575393,24.198429626098353
5.096825093774787,12.576532855711632,30.580800554127944,46.190836269748573,48.316184525943136,42.79575034263577,62.578034320391929,43.040042478030621,28.023464475625161,50.250416697286752,63.858090080736538,43.163864087664692,90.874298544538121,87.006801855750339,67.406053978919658,72.598043437947908,68.143680645976502,67.18538837318107,58.961459647134774,56.56754714077853,40.844271515879598,50.274620558775425,42.253240807844293,36.271099825566473,36.04802842896099,28.380047810522601,23.281141096598997,5.503863787761877,3.1830450310902769,54.335540146952631,62.190751566648139,50.916965546925283,54.000950975061151,60.347751151410769,61.618534539065706,60.535952189606014,37.70317711556212,34.909695307623977,24.637216536739999
18.3291000048991,22.89469658603786,40.744729783925507,47.17157765146392,56.431498507502916,53.884185769810969,71.089002122773351,56.694572970823671,45.403328954185206,42.411207389593656,67.64760388670706,49.777303660247256,73.836544322709017,70.061756498506341,62.15597972530248,58.721203315395783,54.641797056850741,55.337567471589338,53.694959302311766,47.351985163302402,44.002219778905214,49.609738020671074,48.425629289861803,48.689574757271771,48.35607345372479,43.19751711690634,36.956302739551766,18.701953542490791,15.059584936186882,44.146544115438168,50.178520302480898,41.530541416981769,43.870615552055142,50.960843180668519,49.711925625909643,58.776466292942914,44.156983155249478,39.096167594274654,28.970965118642148
17.276938689136152,20.61214101167344,33.981676345933039,38.542435586444483,45.452408925774826,43.59574134817629,56.386748205614857,45.732596268521633,37.295933710091248,35.006359941064211,53.847179341833332,40.481051480644133,58.428846926155465,55.611488257102572,49.722238710590801,47.148289198481493,44.105697837010254,44.632176883066009,43.406381168266591,38.707509754322643,36.169627719386156,40.360791150431204,39.480297239066296,39.704762243184099,39.45927171338802,35.682489812614328,30.990595080198322,16.680213969546898,13.236882200659045,36.273558272817091,40.773795652595368,34.324584187936594,36.077173572621476,41.381507418973456,40.530705151411382,47.269198458385695,36.429373627954746,32.744330228235754,25.05106909066194
15.252076073151603,18.331817123000803,28.781702112343257,32.5940280781819,37.266051747140992,35.933964375606777,45.417158440958687,37.552626957578212,31.24351083289914,29.468235615067865,43.636483873657355,33.546845454971802,48.524164421358726,45.944409961354289,41.239768288260912,39.14502139755961,36.580956989246566,36.948092516156045,35.779311352998889,32.285669879510046,30.324989457602967,33.467912218869948,32.813101793833383,33.007685038045949,32.823462102008705,30.055102122745531,26.530488115766005,14.721846505196444,11.549258058505313,31.041803560409161,34.433169533384451,29.179315739076483,30.308792839764539,34.366010857426964,33.772818373875005,39.169148742878988,30.727455836096567,27.92023760227282,22.117584643451934
13.48074822447159,16.439339765044284,30.156415831571231,30.704543909407334,33.815113628629049,32.193630557162798,42.170172320163722,33.675682949817023,27.298130422318859,27.230330251510228,40.92274758873004,30.449269522980149,40.558925835015849,38.650218049724913,37.098235883677646,33.854312196505695,32.091068608120082,32.608703292425027,32.698940723206668,29.928213493552519,27.308421764246216,30.919033133303024,30.006073139170752,29.878333690274154,29.57588093732496,26.569620501329091,23.696733092467788,13.006807177652551,10.023650031286847,27.65403657635763,30.472822761358557,27.805020010770722,28.444775281092998,31.262080385769885,30.141929753000479,36.6056507337277,30.827354563457927,28.413101447094824,21.991853684543482
13.962798822994818,18.995327364703101,30.188943878562629,31.382965076772521,31.115241119488491,30.60995935459097,37.581003934926592,32.256781918125725,27.818039764106576,24.154490745951318,36.686792193184424,28.379450718906238,33.708644575304319,32.357367066122478,33.616499020279939,29.296184067443487,28.02905748292503,28.705366290003962,29.314412202381757,26.881581348487284,27.213341760528614,29.395568430992835,28.521495851577026,28.493582936920781,28.190753027921868,27.377429545200393,24.913042034391029,13.541221488568375,10.869214390517522,23.986903055261475,26.271859212673608,24.400602248453033,25.285173165544126,27.959552777287158,26.725395877322562,32.948106115295325,31.54454968445226,32.684879850460412,24.668301462708879
21.253150215355589,43.374464884451022,45.456410620189629,45.311207325532273,61.604774533817164,61.607939428848191,69.422022214381158,60.040426327074549,57.148231589081128,48.029338824344599,65.654460118729432,53.822329885796172,45.09061739562987,45.261011140372545,52.705162833171677,45.039452370956916,43.725156092896235,46.97561947936083,57.386315444503275,51.816863519565658,40.938022825895608,47.622961346180261,47.894904041407941,48.47716434811079,51.237666261872683,59.664203017679064,52.452043824535885,19.775264757458288,12.704342244573137,34.213034239541386,39.59431857882597,41.760679088846651,47.699439172370958,52.35903953407216,49.980601836055932,58.704880808793177,46.876388844292592,42.970504271539809,28.659457787138461
30.31062751732269,61.076508537367957,106.53942687376632,104.98448685385331,90.208576080730609,95.151511545074541,115.58145935355668,102.37954728927599,93.239825271020763,61.87010080053328,106.34878592697054,80.350337366919277,63.16522934603271,60.076440152721482,87.812877586577784,59.88545101163875,57.040024533945378,62.457617712125732,76.027937881944169,65.679107633116217,74.143964875425084,74.301236501953554,72.443595317803172,72.126908242304481,73.431140037448003,83.391662945746432,81.633967188712631,36.320696142453144,29.138176112040743,53.881029686563132,57.16753984854261,56.12758010494629,59.395991807317145,69.820688166532307,68.873134777688975,91.125493559627316,110.7800669079451,104.6285474041497,74.809577094634804
36.127966347234043,56.793933982197657,84.748483769486768,82.263521476989922,73.952769660415015,77.977974389150901,90.73035930636938,83.063890471147872,76.114167065323272,51.166002037239458,83.459830962640794,66.839664028713386,50.657773366743626,48.403030375771813,69.190109592592833,48.262794007649816,46.043790554000147,50.185389641496492,62.309615994756463,54.565146429834577,62.421671407702995,60.768332342604261,61.650786036972185,63.780977487546373,64.655718875474008,73.467177300684256,69.662885878455526,38.120625252382489,31.282407090276688,43.623750880087286,46.243085120616577,45.557027869409474,48.857319965883462,56.563818654600361,55.274158728760192,71.896380665112019,87.461157798907834,82.373280647298472,61.3812625469712
34.943876033121335,50.580933427737463,67.053356791343035,64.831424765313912,59.700783344812976,63.002546696331407,71.280692806985883,66.301355719012903,60.938347943750962,42.353707667956577,65.871550352500194,54.296525201291573,41.456889034818488,39.452392542120833,54.991313695087079,39.356918669111948,37.829679975226902,41.134362060747215,50.44454100062817,44.667224227507944,52.344473628632244,50.003745865222612,51.193001768125896,53.259925020471101,53.83666639612774,61.553974935406117,57.944974771355191,34.822222219753918,29.327029707806155,36.296792936719264,38.020678709608212,37.87013416754818,40.10267610415908,46.314292967607102,45.764124147170286,57.340508805719999,69.15836234832706,65.512882973043546,50.605034629272879
30.130474124688661,41.463769788573934,53.54121010508095,51.742454888468352,47.911628777801731,50.43180391403417,56.542926452672134,52.964416282763374,49.279355321101271,35.222477358780786,52.552941737067066,43.866181155442177,34.443750640561447,32.77063482754852,44.379343004751235,32.699883904596,31.588050076937954,34.242498392139986,41.037059288140917,36.950961075463191,42.540094137716295,40.743955707463357,41.572439813503244,43.216577547592458,43.609422832620353,49.567320105369973,46.886404439066531,30.113232508473448,26.134994006922899,30.514820583643711,31.784519357895061,31.72545972731103,33.434480972502847,38.286759342282501,38.632916299970169,46.496278862542127,55.163501026955387,52.479468231838332,41.314483317621416
26.028176613358966,34.580330525744344,43.718871120313182,42.135612144724071,39.995884365158624,41.754522784181447,46.306035756229946,43.239677760034652,40.31413663908053,30.412340262004104,42.983763414994151,36.757557699415287,29.119031837039071,27.795724386711743,36.633422491323373,27.748736601388362,26.966279464996681,28.999651485955873,34.717219897576278,31.884894782464894,36.027601370805165,35.108117954686278,35.539131173850855,36.659642847951268,36.82372405571094,41.074146737987846,38.705717208708975,26.085419036640399,23.004655909371849,26.404730125740439,27.068832740167764,27.198351985786275,28.71523971765501,32.41974336014016,32.465599183949678,38.33963794946235,44.762545788071378,43.126677146009285,34.386363593246131
23.136376806777104,30.27459631467898,36.149277512349698,34.933173352865559,33.394207612533293,34.672220487251806,38.084356778556128,35.786478664862109,33.585946807346453,26.130577633491058,35.582349992994054,31.37013132075273,25.907227915665548,24.185968310852953,30.806985388223843,24.050123904194219,23.562558423007623,25.269473799589168,29.345892549247573,27.353181769124149,30.491261711425924,30.409499410836332,30.065472005318746,30.956705397129824,31.017600811533971,34.494348507872637,32.636109556884477,22.921702641579198,20.565837517907905,26.42219222531623,24.938344187917316,23.88330015027881,24.84731821102692,27.682228548345414,27.830377991254569,32.103206008829062,36.935141677996405,36.683808407555404,29.238505384262265
20.780613736223795,26.112885067637372,30.512279179020116,38.043560555281047,28.557816626372482,29.34965733169004,31.88733593202927,30.186533377759915,28.529910326072976,24.317141213780211,30.202232301821066,27.536522379310764,66.742888050512107,56.82015379042673,41.789119761052945,37.083434881950119,28.531520417045328,26.762638162157579,26.457746172588593,30.662528260286638,26.503371956400983,26.605656140135597,26.32117699440612,26.935446897991124,27.036236864725034,29.590670538130819,27.818256952797171,20.511157540873452,18.335631515586801,44.582120148347016,44.361363202041112,35.980197772927454,32.514864952539348,27.621956105332671,25.108725205379486,29.284034845223502,31.716833081443369,32.042809350087573,25.533062852434334
35.917459381197318,49.06561825812895,50.720753838741402,58.79898404503512,61.528955077597892,63.868892709388469,59.808965634303739,65.436054245946153,75.256100128973557,46.750082332391052,57.152805307674768,58.040680483552528,66.963949437245873,64.84909074205973,62.425766995479577,57.439544909879665,55.111400487089256,55.391817478694286,49.702864352049616,56.351181692579516,42.127077942505075,45.891098768055116,48.792463305551024,52.454314766542495,55.55239107277729,64.181553567764283,63.431536228813854,41.878593970423033,39.605893320867729,42.62057758714127,49.637003953121123,47.619928194415749,56.377402812919286,53.161899443018108,51.017621991889676,57.414804419741429,56.385858090548908,52.271959766098313,54.988119910741318
30.151247493143643,39.971903908003263,41.30921073785111,47.315296940626517,49.268554413977142,51.077930207925398,47.981040513560487,52.270068847308252,59.596566663060706,38.713204402728657,46.021176813038082,46.648943653917684,53.548595677669205,51.720940640521967,49.926129256770835,46.191244119603184,44.455094384328206,44.66889013930129,41.050998608793122,45.960609138234851,34.816655684137423,37.624216162390866,39.756681496637825,42.534023205045926,44.833154949227286,51.390927947676978,50.771585068697021,34.735574320601529,33.107976716518841,35.189741787817823,40.382311504329344,38.879085347638053,45.556913749664083,43.189491755044543,41.5567644533403,46.258723008120121,45.582981312223062,42.666151949669874,44.462940586514655
25.959091637670081,33.211908776168123,34.263585408140564,38.757074050174687,40.109524671279388,41.503031168106382,39.151336179169874,42.408939260568715,47.884494094439972,32.219872121867489,37.702118792990468,38.155600135411682,43.5477007417213,41.924099712155481,40.594467139520575,37.797592220271532,36.503087034703299,36.665922945222142,33.970183560457833,37.682097768908939,29.321004623073328,31.459674640094285,33.138444155907465,35.231514593817394,36.880746185094978,41.772746490544151,41.278397073646985,29.31239788513281,28.110540303423178,29.591677402685079,33.464564610909498,32.343803796622694,37.344627508620846,35.573712470410101,34.401755159102073,37.899496090224496,37.481451757674527,35.29903742798745,36.591651643261734
22.818578505271908,28.226550784289351,28.979871889470775,32.269162359122809,33.272239319948646,34.350144502210071,32.551914901827679,35.03544241361319,39.121314875287368,27.380175540222481,31.482304688919712,31.807045708601844,35.909410244728619,34.614761999653361,33.627984514823716,31.535616644599646,30.570703820645207,30.694080957661029,28.727526636841361,31.579422492075274,25.215837341662517,26.811369040300093,28.065954142980033,29.656691045838635,30.88045935721264,34.57685250920612,34.184119417509898,25.253849724552058,24.363531344476616,25.418672381254851,28.305084190789138,27.469916725489909,31.240699179657458,29.88918550027077,29.049570168795061,31.651910812506642,31.40640669513456,29.855940520032284,30.706922239371931
20.488140163417317,24.485745840828358,25.051942597457042,27.469516233924779,28.273054615340744,29.103433486170069,27.704747052486859,29.615420502029128,32.686402657364361,23.787568659370795,26.92566999170948,27.141693470537732,30.16219953773237,29.213430753327351,28.511926442042665,26.883873140221283,26.165047922640042,26.288919814495699,24.82871272216078,26.987894441735026,22.183292434640201,23.387085139163464,24.341619147318916,25.57664644310351,26.480468610943348,29.267171478593635,28.977373675725026,22.281850597451619,21.593504279310121,22.337341358138286,24.596597582102106,23.851478724996142,26.66223898569902,25.729008031388442,25.11165638726796,27.067954278344537,26.882704181396591,25.725072074581806,26.36811021379124
18.245515931751086,21.685898287368577,22.101237479912299,23.878092247906654,24.51888580893316,25.158774530946925,24.07033830456124,25.540815360653767,27.849760393374911,21.109441249650221,23.50253663891155,23.644812250022738,25.850724557245996,25.138096402230907,24.677323218645661,23.400882202620789,22.876988772054688,22.990430212019426,21.912672876177826,23.544686151331351,19.786715428045671,20.818806717623307,21.547290263233798,22.508977587240366,23.17539577010767,25.27700282105009,25.063651314080897,19.921412394805394,19.284645679420482,19.914779930264238,21.698019588483014,21.15195321638501,23.24224256711658,22.604900842066424,22.151805996888974,23.622229009661158,23.483032651374344,22.694814726659928,23.096890642713358
16.589445016592212,19.736661096191952,19.744996059942533,21.247355613840675,21.711182366045321,22.242070324999499,21.349898751642424,22.539928337101085,24.216935376938633,18.792714304396846,20.933126647174724,21.034511239087323,22.805177894931234,22.100446301498671,21.80991857471415,20.805250877485623,20.417388324199909,20.521222050298189,19.564511080333133,20.959641294073123,17.600156465698266,18.545062971354362,19.303643003266181,20.446728141389379,20.766221894825865,22.553670287429824,22.404904817503105,19.456191415515747,20.662388333069554,17.683958360273035,19.324632252568577,18.827958333534198,20.691487069933395,20.204950415649705,19.795164083025323,21.032439484697537,20.927432549012355,20.302738061375823,20.6615353426977
15.847612163906934,20.95628219877511,17.991596935715581,19.061955905122627,21.970793365747127,22.94806603342851,24.424539447932698,25.048414514607781,22.266078870948718,17.084920724011788,20.522212492550132,19.842398409940181,20.667974446993163,19.694481625520432,19.472304025789921,18.500671056533363,18.152385236369927,18.260878906811207,17.915466521838841,18.704314432196391,15.889974357651663,17.561180896509526,18.209580902647708,19.182918350310558,19.604118571114913,22.087494950953229,22.83214296337291,21.591931475247282,25.648142531538152,15.62996021076245,17.139551143799572,16.688128382430801,18.417250161761427,18.013197582296716,17.620602365991477,18.79365324072894,18.853204800855288,21.186245401411206,19.858369059622259
13.982254834112826,18.873072695914519,16.265643593462599,18.858307384447915,19.608817215273795,20.542050520501927,21.691700284007769,22.271016782085855,19.926927411781218,15.083564403257881,18.6503242960497,17.634242034423387,18.476435269086291,17.487510222451551,17.729281084129763,16.378852783637392,16.066079257254678,16.181619217577879,15.91222647487999,16.602560373017397,13.986583166523904,15.523291469335041,16.130697255712317,17.058058850929427,17.432893272930688,19.771689673959692,20.517118125467892,19.281694952138377,22.535044561285122,13.738938261234662,15.128209668126944,14.717506970011394,16.306327038627661,15.964849663423033,15.610174637056412,16.768546341005884,17.882354228426824,22.208018579195805,18.889048595432417
14.28884917261756,18.251607936995256,16.369979982581725,19.95733791803076,19.456806447473991,19.357648032034557,21.279244784532104,20.307775003349139,17.960529125199344,15.485948294569805,18.61840528046195,17.255091101100273,23.449232711300564,21.618886771614704,19.925499569588997,21.620368636822519,21.590013162801071,20.881194044686772,17.375210350104201,19.390051426757818,18.488404060368786,16.574243210381631,17.014391823685514,16.778309084389306,16.865443509368053,17.961938111120656,18.937453135156982,19.358566228762879,22.166690910752571,19.02750567172907,20.982036450158841,20.829287740648418,20.265754326813138,19.302993167665377,19.266866412112812,18.529847576206478,17.204604640484003,20.200533739706476,17.521401102825148
20.338445636832461,26.22554455798311,67.657130453470373,42.717262740866161,25.813495489730084,31.212030395568654,33.857683236465029,42.43972388415478,29.791176614613253,19.324014844690744,38.914589505493005,20.148477520038149,31.142924917794765,31.419259993569796,41.361451572288516,37.99384396441512,41.817290037964959,40.505544096157237,22.365562226799938,24.173047652558733,17.500689080080285,17.071921909138773,18.059449850888448,18.287197841817274,19.443548177556135,25.647692640925509,31.048862711676392,27.802726143163092,28.996774264918539,22.610589457389604,28.800292814624783,29.091882038150647,24.653720073828516,25.627305431830589,25.269402459034588,39.392061507576763,53.263593164060069,54.434193949724822,33.014134076088354
20.926014605522475,29.559475710800552,70.339412860632294,46.339042628880293,36.185033278774206,42.879188787803265,43.007867230121448,62.541280937041364,38.99181247520022,41.7118985826257,48.217587937370531,31.585658112454368,44.804634440733423,46.246497811355383,50.473094563634554,51.496307001997685,54.993007014884483,53.03222182269171,41.065083233708592,47.938331496719115,26.857727072912567,30.365306774269659,29.911755842239462,29.067430655509913,30.120721095279123,33.601822006995938,39.124242025728904,29.257111442857948,26.644585580304238,34.652343405068109,43.181059878786655,45.835794796059588,48.122219429080346,42.550757300743157,38.998888089389325,48.901700184912038,55.250078026736169,53.217149032975804,32.194752128262401
40.521289035926458,47.495168848513565,83.027816998958514,54.323030934816295,57.637636827895847,65.362616563107665,65.029324718118204,87.957371892124144,64.198118720838181,44.71793595091038,64.0931983929285,54.539048046531697,43.787667871075435,46.414686005145974,57.610590356791242,49.852292863900153,51.948067677837187,52.66947434039983,48.061315683608058,48.138306187292926,48.716274866052679,49.620369649576091,51.914087578490694,52.30659701764192,53.5314169347185,56.107753064622308,61.890548701763777,51.869905081928017,48.175048516779611,29.651378976369582,38.641290128399376,42.062741899989661,45.493150252234329,46.51944459030932,43.420615755639659,59.42367928554232,68.147179092953834,57.341258905427146,48.729759560482677
57.179886166079775,77.701015937860603,70.035365662738883,47.07879631447922,64.796710627475449,92.243451991666888,64.391016805236248,129.18483490541735,143.9229976965986,47.030509238766413,60.076242771142105,55.526884609053774,44.524987934059347,46.86684580890568,51.703148712815782,47.899185264268077,48.742434753858937,49.366034406344077,48.499641122038348,50.893566565188664,55.204664224436272,49.068305113983769,56.861620924434078,63.738166340317569,66.074264153458373,93.722092558493273,126.66874426760278,81.780010927156496,79.647623535121298,38.253237162550192,43.333380639952445,46.108467583107206,49.263539540474945,47.926083224015571,45.40034097820481,53.29383809441606,57.346778069204284,49.126975058805016,42.808614848100518
72.158836455489734,125.45760301917689,112.46596423776872,78.786771657726135,120.87736993497489,155.8134563045619,119.07207969757854,207.50048342612092,238.73696564801335,57.707599896471699,95.689475272715754,105.2582858318104,61.971820306594545,72.577180615009667,80.360797458438782,69.907508455187397,71.32464330333633,73.834851847098349,69.191016445587479,62.753924935801336,80.485858457559303,78.976263761754538,95.960862421573623,102.69117537765388,107.97723404887513,158.11791681975799,210.35013074476936,110.66149721517388,103.03585078129841,40.928331389316078,52.635815120171465,55.229672262453271,56.427548113218947,66.035199497182361,67.008674291542235,74.875968661394992,94.299751356560762,100.51321448671874,65.789853922046689
69.737571978788495,114.75336250800538,105.42130173302928,77.499859188501205,103.53311708353741,137.27698128434091,102.9822752591085,182.53798944306419,212.99718591379724,49.043158185743174,81.702823717922641,89.993079225109284,52.22501810848,59.145079973215076,69.880881914986858,57.40314899665001,58.240589800035465,60.387110008666113,56.744941213397631,52.133504450565653,76.105467648919884,70.112998140233174,86.283162255347307,95.267778284489651,98.608764140407359,143.60673574240033,185.13731196518964,96.38169006454801,84.466188857006742,34.514960125697151,43.890364698182466,45.62168342085301,47.650019358465485,54.140214240586715,54.146987944949892,63.695480898405457,89.355061088479303,102.12262510971352,65.999169232539955
69.661342325523549,107.16699948022845,101.51337865137738,72.83242614557318,97.586350225497142,127.49611194428191,101.86288254823343,164.8240809784084,191.70443338295843,46.730817819577894,80.346604104755087,84.676151342518068,50.212769900497349,55.612464259585856,66.030399587125217,54.527180243169425,55.485637629241829,57.006951103928436,53.691656164902483,50.229954046436141,74.162149876866323,67.592390783322784,81.501925829691089,90.273016344932074,92.812528716196468,131.78317301539789,165.59811630407182,86.789901500734402,73.112531181171505,32.953173780692843,42.189660744828736,44.432455857014851,47.245139862225052,50.958838287558187,49.047016504396524,61.091360863452195,85.7292922316541,96.572834682389129,64.048050315038665
55.370202998215973,83.473239835152455,83.626304417268258,60.172946457758336,80.092999624327462,101.38322762882014,83.950812661317542,128.24301249166109,146.67435467333732,39.113930922349873,66.551535984982451,70.331687868680987,41.930246076043346,45.639086873735145,53.971976029489191,45.315634022891814,46.173168836400706,47.153728018603168,44.814686598379076,42.061352790588423,60.708273482723349,55.13982383995917,66.680770452587154,74.436736836578532,76.224359287770824,104.51185862329098,127.39066846861897,68.195028036514785,58.021330239937143,28.898808494658685,36.319175853217949,38.408406271719336,40.148709036027348,42.511887801486644,40.427998109820017,50.378694767240404,70.428904059692769,78.700266261279182,53.420683253680579
44.6662267880019,65.663269500158989,65.897838058170137,48.261606912151805,63.123593192090944,79.098414857276111,66.012268721222839,99.155826819552374,112.90652098123788,32.520239595852054,53.096892553509086,55.821864499914334,34.763221797042952,37.391441589440241,43.618490517316921,37.227255451112924,37.891695158498734,38.636058067138414,36.84251819213128,34.73962829306172,48.633310760759116,44.480377682612094,53.097028840776652,58.946849979811965,60.255613291862929,81.46587955055341,98.521921308790695,54.358830597547957,46.816314527478994,25.131587034789071,30.751706302753743,32.279740985542404,33.325023057611645,35.361441853470097,34.310115822439798,41.387497575296322,56.083961763623421,62.400125901720983,43.283399377445804
36.896837981012368,52.398983116728722,52.667655931817173,39.351926515239185,50.461111869875417,62.47936413294142,52.618448590070543,77.46681087205414,87.735174066940672,27.663333769034733,43.003367333500933,44.995359401879092,29.27760391607211,31.233738328065471,35.892136652672058,31.110688580843735,31.608120592306154,32.169564200730413,31.013564762127974,29.403796619937626,39.623692916640223,36.528245594927149,42.963132223826712,47.404339889371784,48.345934559391502,64.273399751397847,77.009317044782264,44.058626156778594,38.436343839887762,22.094569298724089,26.291839976878983,27.452234943423722,28.21469623011965,29.823353060259212,29.113821789995264,34.303707225875293,45.364611803676674,50.111313987346158,35.750435260952941
30.985381262377125,42.627431239705729,42.80999137254927,32.744103050541675,41.094417364728507,50.210783540332052,42.642642864381379,61.472245923359871,69.213627100041137,23.992994465391508,35.514016930857188,37.044019493832117,25.345951628419183,26.643435336869107,30.171595294712148,26.55067695284977,26.927984687794183,27.369339091202608,26.564525332897269,25.451603386378366,33.465833836750846,30.775824610619061,35.864797841043675,39.350765855013925,39.873534808078162,51.593316870485069,61.158794886513007,36.403379999132973,32.174633931973155,20.235247671515172,23.093616507104297,23.98905978690361,24.464730537725885,25.664018786268734,25.153607770245738,29.046485758673256,37.355339566735168,40.939572567757558,30.129572339603811
26.90213559739853,35.6069444442644,38.327569024642024,35.517220627860247,35.636451146533929,42.310901333932271,37.861534323556178,50.765590207230915,55.341716571227217,22.088683554943202,33.648105398412596,32.29644975622498,24.019556001682083,25.351727945155464,29.169432829739357,23.784889600534651,23.75643306002835,24.26427241221387,24.959078949575101,24.473032638223774,30.615963570857531,29.445242180083486,32.405979259441359,34.414423514745401,34.559838930343716,42.306365398043091,49.384647844256584,30.811116879325414,27.500634037066408,18.488934787002879,21.031369321335522,22.149538027711323,24.01570299949358,23.844095153422476,22.351835653936863,26.848860794878739,36.962655521599011,46.352766772755622,34.241571575958481
24.422799980267058,30.656442923799879,35.583649271343219,38.396337727395277,32.501360110949399,36.66972336625706,33.427031453313923,42.002956473802726,45.264302192761988,24.369335743595389,31.826751903898998,30.938796077033867,34.153168370543263,34.792296266033624,34.023993035543917,31.173862916481252,29.794310862606363,29.454095280375235,26.346783190593747,27.251707151760083,39.094062420013792,34.335621183249302,34.902424176560608,34.653752880026062,33.668939959429807,36.246456810980362,40.860271491992407,26.518321554454737,24.111212806097946,30.330410124703686,31.388716124802865,30.592348179185809,28.573054349726242,28.501039843800609,29.285552444702866,29.797438261900421,36.727489246898685,48.694461963466338,34.280322034396519
27.219657424500511,29.636731674965645,31.914725769644782,37.625409894408854,28.113867047064115,31.075804484115231,28.362335046028235,34.940960128648562,37.506721801300472,24.485974148328253,27.438562763504539,27.365176771802268,31.09581768432238,31.499507663618903,30.961113080785502,30.221168825151704,29.755828896585772,29.24932418097066,24.382377444034464,28.475784380715996,36.512738882219026,30.452005820610864,31.494603596932365,31.432342316387174,30.23100767136188,31.926314512775235,34.991198545943192,26.403861488945754,25.439496290835631,31.468113595612941,31.54506561803159,31.109442784278176,31.804545435010571,28.574336730494711,29.605591530077263,27.291401391214809,35.082670168704119,53.222413646988812,34.582816265191141
24.282229139633692,28.926898274923701,27.545568861978413,31.412781323975803,27.782482115113357,34.943656361082787,29.211756751829455,43.549586690710065,51.072537971036724,21.720999219622172,25.314175673567089,26.128130077550701,26.542203446419236,26.84467385262808,26.443841410779999,25.885341296945512,25.539556404458693,25.16442339375384,22.080561707930475,24.75873449757453,36.437539151493453,27.37770763157144,31.012146369308642,31.814237928061154,29.882867554460603,32.986880204761569,41.861764862365895,26.479376020095827,23.174483879030848,26.816225241405011,26.873299935245957,26.550688339911027,27.137207538205342,24.742834909944733,25.480793419589642,23.762802153762092,29.645015159389015,43.626631835206204,30.27783322646756
29.248487161878028,39.02751160385683,45.061458357771237,54.182232660211277,31.142371969818196,39.699716299024459,31.391904352190899,48.873077690049954,56.346961422637023,22.000499475179712,32.28387074676337,30.215594047070471,31.41837684390234,30.050156110104997,36.436396977632974,27.688149834567465,26.887791924152932,27.139770023587065,23.838793785938293,23.854722798734301,33.744646793348778,27.381792202386418,30.411407005670892,30.846477078733027,30.001505579211738,37.96378993814762,48.714546806817175,29.06628666896799,23.350168718353611,25.98821434214047,26.461988055338082,24.732309509323976,24.734876990002714,24.503579576351076,24.350678548408474,30.307406828874903,46.015276324194495,58.385136142030959,54.072909510020793
39.954249837757992,50.183851526906835,59.333498936955721,53.294463384672703,47.592145418429865,50.404536745741915,37.904195234021621,54.570563432241343,65.484904865497739,22.049678635329546,37.508334152988944,55.07937795425984,29.538625444925309,28.21797362528099,36.735039035189089,28.79291652698361,29.271427927720396,29.239211605207256,25.214798047226974,22.927030317686874,39.455588844030345,37.600305632929576,41.498824627482541,42.934038546513527,42.50151060609317,46.981051651483895,57.398936971107752,35.097088045603449,28.821247533470984,30.557187699677403,28.476308256757552,25.606552335188827,23.23104225907403,23.757617836081348,22.306886002462424,31.792583490527207,52.65197575518787,65.205067910658158,52.869612961479987
44.47072679618811,48.77445818879503,57.3928752759792,57.404458489366057,52.28344880677448,54.86323876374292,48.632979732080045,61.175755540791663,68.952059804899008,35.520614931675105,47.546863024068436,56.45292414076971,37.07597555757048,41.593601282568017,49.431459550981693,39.995598803018979,40.099139690060071,40.930441943189329,39.457627600438585,36.313667939339133,43.34600878451171,40.090283828635258,42.929205492476207,42.698813775966656,42.66961360109557,45.795317791245182,58.237842662432882,34.998085636600152,26.474506920885734,32.721873002313551,33.932995951494796,31.433576758272455,33.485028647001968,35.566375572691257,33.076293627757757,44.214570504720101,56.240201263114727,68.224590952045077,50.741888338302651
39.572546879421722,50.698278453130371,107.40910821778249,80.674969641469971,78.165579049645245,81.480289961642924,76.973785688811901,88.261493294099822,100.26718113615445,59.91266056481777,85.170831644904695,76.429216129915289,61.822441293105456,67.025567199635645,76.646978932062424,63.893108625778346,60.963993777949888,63.59640264730438,73.716424469984617,57.804285497774018,57.025739755732452,71.809822299388557,67.662399856262269,59.799146388237538,62.169934089359884,61.334904751607198,77.154570784715602,37.525075459381362,25.759445924233653,84.587058865030812,70.507817572397315,59.051594990287605,48.611978484556289,62.043175193724778,61.995711061416273,75.930552720433226,91.933315721028421,97.150332429517547,62.553866569365155
46.063608404721165,53.839130056328372,83.779443637651525,64.45394220441878,62.962753410249114,66.229504887989691,61.13479803958586,70.188360573941324,79.574219197181293,49.506358586640935,67.235306530135546,61.882947386261698,49.548266101741639,53.383127825856711,60.987863097675252,51.349597940164159,49.190501064008771,51.504166777209264,59.264710265904633,47.016852366763807,50.532175951159225,63.301257405413111,57.675167263541539,51.828054909724266,52.744544442960496,54.836242128484564,66.85694825781286,37.904227100837346,26.062007729427378,66.579195372882438,56.104454749224303,47.620903249140888,39.800539832209317,50.830669142267382,51.548803710144298,61.069927665167228,72.498045984138415,76.323586861763445,51.154884343611727
44.775178082905001,51.885259386538635,66.645964227351499,51.677044519849915,51.55112359801398,56.375753202602873,49.431864304084648,59.958614636658979,72.657205216080726,40.479439629152374,53.731474024691899,50.117497670172789,40.556972212250663,43.232523369174267,49.082901588197565,41.733267763305875,40.162796571681575,42.143178903627131,48.009092459374116,38.700331187930978,41.351577456445646,50.979366437061984,46.961646228130057,42.753433635586752,43.488828610577258,49.12205686793834,61.209482906782071,37.725981545256182,31.13401651524898,53.016713165019759,45.218230541846211,38.95079816983916,33.0902083695063,41.816318893657709,42.671874894151479,49.358724556427028,58.0980166396361,60.906990790531147,42.093985655756768
79.423985324479574,74.952985611070886,79.308121113238087,67.113475670126448,50.093520193705125,59.817039399206578,52.934008086170905,70.199267299714009,73.465415103055463,34.518755657951964,53.153806425577542,45.693139164827421,38.605780937474258,38.446872339243676,49.839309516600146,35.573060530733748,33.599439982389441,35.805690633977676,40.36142254033436,32.255713774276003,35.489488480342125,42.3597371180823,41.43747574502288,40.701065887792431,42.723196759651543,57.801150378174917,72.600883567607994,66.43165856479493,58.575697926775021,42.942115736132742,37.351039167686437,32.410676852563235,28.053052070886192,34.842402775020084,35.213103847892206,45.764641457653873,71.423162541981469,94.497929630570894,56.414854649743624
64.601349248113152,61.406495463330586,73.684124557185612,57.989357702668869,46.207281357700296,53.400835870892791,54.75023679946883,61.840306696838667,58.574979926433741,29.600094693870627,51.184392148560462,40.55379548276116,32.219542723711534,32.124873713465981,44.653131898820305,30.013311848856173,28.424089096167585,30.665709803077711,35.582646060848802,27.576951618579077,32.503308416724394,36.884538471998852,38.012207119089972,38.511567921296482,39.78710006892338,50.275871300924983,59.813924173806164,56.435241937215082,52.127976742954303,35.382855757389194,31.208056491277631,27.530418046950537,24.280952314258908,30.019121034106156,29.724439164663096,43.110283308715751,65.804822563800201,82.787860019500968,50.47199421356958
51.617970735410928,49.477901712689835,61.946816042871951,53.57764248385751,39.216428630473061,44.5250176929136,45.213177048913266,51.764888766074648,47.777403148643522,26.333704234419478,43.145035719150513,35.132794393607469,29.268514506874517,29.328952797131983,39.917025265408796,27.090319714851915,25.865681069482211,28.080500065181333,30.984929568319114,24.115791198660414,29.016642041921532,32.795711119602799,34.412175694476971,35.415193542190408,35.766493339746305,42.392991950391846,48.720962497550104,45.601860566527655,42.720878801151443,29.829652762195522,27.163332315460615,24.145903156251123,21.499280274543789,26.762456298430699,27.305787708537167,37.396951744543138,58.288916645157144,74.732448372716959,50.736138956524847
42.868917220320363,42.041562934863933,49.735525784841428,45.193698032959261,34.403699658313791,39.334327126507532,44.93824867198628,47.022826889917702,39.210945541696951,23.464573719083635,39.885073786022559,30.253251751578411,25.262349654458269,25.221418331531858,33.184208848074064,23.552367750173612,22.643978904228554,24.345071602153887,27.973675523685699,21.770456594012973,25.477304982965645,28.687195430984065,30.098979050843859,31.148350518940713,31.136707088941829,36.253068089161388,41.597123137484417,42.502701255529246,47.149853860863836,25.600316009071253,23.615720253669455,21.592142804839003,20.60345042997497,23.895110478706627,24.139582836281765,31.778864394278198,47.208751267280093,60.693330095970005,45.222081453067368
35.569999070279408,37.084696819629322,40.553469029791408,37.101241286401532,29.507349910997505,33.45449909885685,36.924490917982027,38.630611098006902,32.739599134434165,20.855402363345405,33.14011491563182,26.150486423472501,22.386110438436045,22.160773301778708,28.105259293034877,20.916904377864267,20.247841146917946,21.670879070793518,24.226773577687904,19.618930092425902,22.38906900051596,24.759563492445853,25.934141881079729,26.974827223869845,26.9668265872121,31.965913458187078,35.501938847843995,35.170615153616225,38.618084016024603,22.449488457630007,20.966723231716863,19.302244707624329,18.382213333819639,21.19737396500085,21.401472835822307,27.096944891506524,38.697835005867312,48.794512150361832,37.143416819775027
31.008049291986197,31.178448530122335,33.712349672490888,31.032426728520207,25.422647601994107,28.390095398143821,30.896459465871892,32.243070363663023,27.873223827989232,18.911466959017414,28.091591474799053,22.922072747816031,22.233789405158419,21.186382756673758,24.576157242394345,19.712365323462596,18.52049169604831,19.378675230285616,21.45577852732556,18.114009269868532,20.002751066089093,21.820164405070408,22.729334845969881,23.777763089945388,23.751236697922046,27.672219063811177,29.929711698517632,29.681227490473972,32.24178379297998,25.022149296464701,22.737924787630426,20.880187107453406,20.594119412702504,19.062690767723733,19.090547828952193,23.621559944829524,32.332761283885219,39.909905468339382,31.14946370574037
28.966995579978427,30.191350235783304,31.592542833458399,38.948881671476201,36.386360104985116,33.974977316246061,33.489837500998988,32.574115164079799,32.47051156088164,20.972852202926074,34.033969043356407,39.283143978331388,25.25359893874354,28.618298050270646,35.823074805799834,34.110930987800501,36.547661743170579,39.71913506552194,29.181829155259837,25.526396255242236,31.705015598877353,32.882807022478218,33.472072421945931,33.025836182771442,33.694068577367858,32.467870878357836,31.798076666734751,28.195400242437259,31.48404754729609,22.59464534031919,25.506852803659264,26.820524590920495,28.109555937779437,35.808762764461335,45.92103365915257,38.608920536139173,38.360869497761733,54.039033517284949,35.024591075616144
27.427912733142854,30.414786958983431,31.85721407835409,37.085284071854836,37.570558816232356,33.590502479619204,30.565854254100358,29.723456438484618,27.727420991208444,28.420431693989613,31.977734174801295,41.469865353352695,28.180307031640506,29.073542004605859,34.434258345273832,32.344965441188947,33.261662849302922,35.482512508834752,32.370657644337236,32.574051812933646,39.913318807676639,39.475790230165885,39.264223769665563,39.228750948052955,40.350983910482476,38.697716066487203,29.955563703121211,27.021084896497431,29.642298878505752,22.773204126009997,25.837380122834404,27.673323558656158,34.392495486286826,35.944538465368417,39.991149656366005,36.333623975964549,36.6720312834411,47.693320793375605,35.068476819019935
41.8204345367391,38.124461455497432,32.6062278153329,39.493341842378896,42.035229209243994,44.621867814691051,35.521755760159522,45.779746357022503,64.57886666294533,26.029886047596555,31.800668865449428,42.462492175833923,25.03241220264691,25.997331898273391,32.262710151849419,28.757311395025123,29.387465442337206,31.034359373667684,30.239187714774932,30.751564842669215,35.707139697575087,36.192297885322944,36.919756474685357,37.247152442994057,38.686997941759742,43.130274572329313,49.925910454750905,36.076499327579256,34.811508268340383,20.918217083048209,23.540149081232258,25.782536669298928,32.317019308328703,32.59688144449246,34.367748564249538,32.750805005611113,38.176591109987818,54.525945349813497,39.766575014984987
35.423642490079239,32.528251975363958,28.481842323734735,35.491754830128471,35.587784701895629,37.393237861042728,30.872544300632352,37.958239603396677,51.740474416155301,22.82673869872389,27.464795715648886,35.571500789171168,22.240344770944564,22.739031346464674,28.012443417474948,24.793951103733956,25.264313024689908,26.505443620015292,26.179051264556126,26.364233321897,30.709839569733184,30.904054738841243,31.445654683673702,31.567191770965877,32.61054543384769,35.983928034949066,40.91823140553678,30.327331961856917,29.380285353984256,18.609465294012256,20.936705020389997,22.588929866207,27.469694011834616,27.721363154006202,28.999592643804274,27.864363582784652,33.929370981675397,50.006528243547827,35.53917111976768
30.173510030234148,28.418012994722876,24.905169402805985,29.842244745632946,30.504045764382781,32.046598205123637,26.401326467776212,32.35208759658358,43.997955404824204,20.392084821027368,23.85831312058464,30.415630191584434,19.909239688166469,20.346137313167105,24.247303069487085,21.851289762489124,22.193240065575019,23.120343954506339,22.910272548448354,23.022210549638046,26.458536936151042,26.541821778433174,27.344861552746501,27.894919082033834,28.924267677377241,32.151589909991316,35.212117471919647,26.789988096839409,25.543157356925175,16.480361008286422,18.637899962144484,20.143733435634733,23.855977632051584,24.033549430207881,25.039350531042711,24.184299692528018,28.752232126270965,40.95637638438626,30.208658093560267
26.240082827660206,25.965451849615867,69.567033197149243,47.728625922839598,32.839804810395428,33.569114301045857,32.75253729584928,33.739606013843677,36.805419844635757,24.74664869411745,41.054266176693332,29.98997685849837,38.032719903758561,34.699830661188038,41.567217839580209,32.772518740394688,31.863433191522095,32.900417567686034,26.553452708739361,25.504997413610813,25.892551013969879,26.729675183486368,27.470266878247031,28.456385294148621,29.666896951067177,32.071589389409993,31.585240327043362,24.14553792490333,22.604792313810812,22.642499989560342,27.274372122119996,25.424547759724245,26.966373482102121,27.297559732941377,27.331427170652475,38.710969673956178,56.45625989838441,64.807515844279493,40.548652057540558
39.353398525712464,31.580487620149007,63.800403394970068,44.136633393402469,32.204455818072944,34.960996584363208,34.294186008025875,37.758218702493622,42.59654014014459,22.602266401674484,37.817779124399159,28.131868753956816,32.59387458828617,30.598176693363964,36.920941235689007,28.257000045216973,27.29452660260495,28.268546495950339,25.087566857335332,23.297840955001245,27.026393120097062,25.260288717707816,27.22560609340437,28.372226225857034,28.878745142515381,32.399585382998502,36.582302763668274,36.441347088698159,36.413111633126327,20.193020879506051,23.788828953805382,22.362312227056538,23.926939075419153,24.658413347420879,24.447304036300689,33.733220524776371,53.136514561079032,61.310173073457598,43.684544368179957
35.063282829745951,31.142246734602018,51.043320739089367,36.268176841179518,27.975401648007068,30.333040328043495,28.950069237787094,31.628342939178154,35.190150669894365,20.2541514008464,31.576946206268687,24.891542243071864,27.686143862594982,26.166955509138848,30.891460829660094,24.4422975081518,23.708536760060785,24.443958497361301,22.325532941062491,20.863297211070591,25.412443875145623,22.996785438761087,24.945964758904044,26.099392921363027,26.413207189162019,30.749577347149202,32.498501380318238,30.809765119889477,30.608264927518231,17.93726034718367,21.09324816768881,19.960175655855121,21.285987799476068,21.831721151718419,21.621584854981915,28.53771202854643,43.107444080682249,49.343619436515986,35.992079624423397
31.606335791283389,30.239289933857478,53.152592270842604,31.779645559347454,29.589209047002548,31.050846937672812,33.734167246886948,31.887333356263792,29.863940878179051,21.477923524950306,37.34372415039104,24.986390494735105,25.811603267324312,23.265852025765589,27.768447821103315,21.638619209470615,21.033064937220036,21.90495915465592,23.694717075541533,19.491717630205816,24.262239484128237,23.561082672919152,25.021282756894934,25.636839241732201,25.999676264878502,29.262990777396713,30.129316938777809,29.862663130778476,31.750369530142478,15.903175709914704,18.840047729288774,17.746994747312044,19.308977557411492,21.009957846921324,19.280440046610288,26.956685269560843,40.428929904186894,41.498746828261673,31.718605309518118
29.974543488326962,28.668187871580422,60.900409695520409,49.382584764687948,29.920673895992962,31.015144149189698,35.334230945786459,33.001363873484053,29.874735919654327,25.260045771986245,39.856696925716584,24.984531756436343,29.049845181194506,28.708914080977486,35.745379030295453,27.565105829469516,27.595940557674872,28.135110114331898,29.51901148696605,24.19512963531356,21.917486973172263,22.834910744293833,23.572889125390496,23.822394378255247,24.250716416521794,27.235191271569789,29.215556448513006,27.949486057533221,28.549297585073756,23.001523975113457,23.49564175340214,20.265167094962241,21.732937281758051,25.267898141728793,23.538055169880479,30.498180566672985,55.025739392060579,67.530526547969799,55.987698258608731
31.157691888460867,31.277708122223782,51.902057832178933,45.180648730883902,27.191227080283895,28.609963997438086,31.057231893572869,29.781665377431288,28.57760911623933,23.597186125510131,35.264279252050251,22.936908923222923,28.902309857941102,31.980775807564019,37.525780823328439,34.988013778531879,38.662280193193062,37.926716441368086,27.444967743487457,23.505031200998012,20.702142745248953,20.793281049063118,21.623508296993045,21.97308258795082,22.453121233465918,27.249379760897821,29.244028268699655,27.40602711156707,26.486933291769141,21.448581435686311,24.465512025435689,21.90326725901123,21.260384353254768,25.091179869375711,24.606945960621513,31.751424698499573,48.842117328669502,59.611487890505018,50.955158038947232
41.905293857785068,34.152541873511936,54.835476077778317,46.771905998063424,26.406812552915582,29.005361063886497,29.441771422206894,31.252493769684495,35.090375528219283,23.196066209372869,35.516328333592568,22.275064385514732,29.761732262300598,33.114834353277651,41.359827865880121,34.351341827747184,36.911938883356072,36.466702999416846,25.527844310064395,21.836304302222949,21.911170723209224,19.944908509571583,21.601655772951322,21.867186707524887,21.950271082474377,26.724907512211363,32.951585892145694,33.024133192834782,30.061705271622301,19.790570748999261,23.765246630052062,21.560986679220363,20.207197347868252,23.135633941750903,22.045272932448398,35.537950973962815,52.671206941111336,59.894863250624852,50.438364825134144
36.177515971244723,30.70726834140741,50.428906864484382,41.86828885086004,23.198883251631436,25.355173176520765,25.388630719678449,26.873902439160439,29.578862691020376,20.663437799424145,30.70625265092232,19.921227743406437,26.638205426583976,28.545909009022225,35.47982970206872,29.012705296117058,30.87561340642182,30.614080536141863,22.449491093696963,19.451766301436361,19.567121977432972,17.710922638583281,19.368332560615368,19.824392627916431,19.825300325348113,24.355658139224079,28.94455744892214,29.835331501312538,27.624431028531312,19.486463183483036,21.7934384131608,19.256408000520221,18.123097138438528,20.620154606952692,19.662986385094513,30.534609552857074,47.057136391609667,53.236255780926903,46.956395797421258
30.34124652276201,26.301007961151416,41.065149754533749,34.576129073251415,20.818270043967846,22.383729660865527,22.294193113266378,23.438671167903383,25.449855981542218,18.379720471697553,26.265642266976744,17.991271815821484,23.228561519205254,24.63702904853735,29.810980275530689,24.984323045774666,26.37382952351545,26.17944702726831,20.024687492530589,17.262205140967414,18.286088582921,15.69518966275928,18.359318240214435,20.050066889325567,19.374306223309407,22.267128021187268,25.039897753642109,25.648692630473128,24.009992275911895,17.287454416297507,19.41005782678501,17.075404602748044,16.033378909909061,18.337569425001099,17.475725381229246,26.14734859722898,38.571625840535383,43.194254525938518,38.438966729506539
27.425246806974769,23.650311831846338,34.132967537177962,30.420220022606049,18.751604056417886,20.201623829539066,19.883452110373614,21.07461911286682,22.371775283351202,16.288797074389691,22.948877544661052,16.163318456627866,20.689521775696413,21.724674830168645,25.615125579247447,21.982698737480192,23.019330329130618,22.875314742250456,17.80717263355384,15.253897363255394,16.531188864634554,13.826636489563098,16.799905459635831,18.935296709550801,17.952529392173709,20.457331108304491,22.202355273457641,22.912178313639462,21.315891775498667,15.283449079821731,17.261352417858284,15.251739963639766,14.137309759478246,16.246553075284424,15.470937322250027,22.874081060770923,32.602082131620129,38.800975823715198,34.346349180570819
37.618567909903213,27.705250009165692,28.977846015798718,27.565038082498919,17.138750022237868,19.212987856701833,18.658670778885831,20.864426351641352,22.693704722181906,15.242109000590117,20.575118008963443,14.554192373657031,23.925349587855425,23.970110734655524,24.504303651859843,24.907105407350546,26.543434486856604,25.055015810114266,16.241908507292862,14.533887991367642,15.834925292728625,12.811298728961322,15.749691411639526,17.941545514128375,16.86307208073092,20.441326021864651,23.733357912252707,30.612767222358912,29.780208111833716,20.995571306244752,21.780614701868355,18.8316317435612,14.381054638383238,15.291328409945237,14.083440972416398,20.927792015115294,27.830329421970912,32.744353204971361,31.512571704581667
40.477661093879462,29.939901676231582,27.702451090931568,28.419399378672178,21.109954058127126,21.841863822754391,21.96439837950691,23.373228822446666,23.836473498206924,18.664218623953232,22.862388005866716,20.754617631516645,23.992851088438513,23.897989346625589,26.330793691703679,26.451810086433348,28.697918043528269,28.475313238873458,20.573168294533257,18.122407807877391,18.90653512047308,17.399092806191703,19.683867367287071,21.169653115182452,19.795089340378464,21.704533741023436,25.693664956649567,34.042376846665334,33.251751504287697,19.930355455915628,21.3667100472694,19.016931756191905,15.663803069561633,20.443616703403393,21.413231233371611,25.65990088025103,28.673917672052792,31.211780232374402,40.132473858410101
42.016117293091703,30.762409647470836,30.764008355209736,30.578632578696201,20.565528944483681,21.624611281669115,23.331205453171798,23.842945670506221,22.424514559220423,18.085422596744998,23.604045737603734,20.213484757229672,23.301999873367777,22.323763802133843,25.129848390141913,23.709354086313635,25.254548308816297,25.352925497892816,21.902489556696818,18.461356474564159,17.531597282842281,16.609025403727951,18.792768947390279,20.496932369682128,18.901684421111401,21.121594065499028,24.751169389105165,31.559356586125542,30.83748716352013,17.950933164308964,19.481575342199719,17.154604623218095,14.642411135686102,19.540930200601057,19.505064097098909,23.904634573511583,30.177277291250135,35.33437882121288,41.591045894511836
37.510723356426361,31.303830794682547,30.93994982043461,26.284405444826959,20.622563126325424,23.876916668225313,24.667097299639835,26.923798025640277,30.861871220650993,16.15526715161521,22.7611386397083,18.550060247991933,20.792073965812829,19.964397988522194,22.791869914098346,21.240638126847688,22.323391194060072,22.40258393681313,19.9251917996793,16.47075567741766,16.789399002511843,14.996166867553198,17.281426912064468,18.923880779900699,17.450594375164417,22.710990968225758,29.075033703585735,29.350049747612395,27.973119705384974,16.017734308710384,17.38269059722214,15.16704349518842,12.907429570485791,17.405841382933328,17.318415067554042,22.359352894431755,28.229958876723817,31.086743614494772,35.173129909549388
38.062831734564,31.982450398493896,30.787770974535796,23.292280912381969,23.559733451115125,27.642293696107402,30.214490659238095,30.815318303111912,35.997961796454156,16.278514262760943,23.607977481685026,18.373560457659796,18.538300178197094,17.726085012616707,20.985400873618456,18.900054744559679,19.897715721557887,20.032194106805107,20.207162887363129,15.681662870392673,18.27125191073538,14.124107362897217,18.022758527131263,20.573307745462721,18.91292659000154,24.803222190264407,32.599578508594398,32.716924717790015,32.476495981633846,14.331856558372056,15.46132235632148,13.543879294540167,11.896815106871733,16.108020401356157,15.3074650888646,21.256052076156717,27.000838065663032,29.264356710428906,31.479737119560145
37.734639173837579,34.67866582303936,28.127900673253155,23.611458236555173,25.65130778108535,29.52069431937116,28.583510523321554,30.356455496672524,35.963343402715793,14.484386827942652,22.335449116009126,20.019291828782293,17.203378852265498,17.62587065394052,21.452739366645346,22.257973086762817,25.626632980399133,25.030906242292225,18.791012339508633,14.145630414928187,19.787885444708952,13.158137175497229,20.065383473932997,24.539107270528536,24.16840950772545,32.360268326922601,34.340634725961834,32.640610489991978,31.700839939762332,12.767129035725818,15.1144674618315,13.510137857277403,10.767567006757716,15.212251530578275,14.832448564580003,21.008594671758956,25.426700181189698,26.324834484016492,31.146633834375816
38.773015085576873,32.355119454038892,28.730046545337551,31.236967026351902,24.414424065974533,27.864954708285197,30.550871755319818,30.604539455401955,30.424787006273075,13.348906218285162,22.917392289254021,19.818428016582114,16.831199028792771,17.86897768630481,23.384885377610392,22.339011164321587,25.592172502046832,24.938426011319976,18.068650294283543,13.124800617705617,18.92248714620742,11.976437438767446,18.999095405090941,22.796243049711087,22.346270214200175,28.283125002669642,30.682820541908381,32.65644642866598,31.459526144108732,11.811404667626496,14.710907897159622,12.979281838923759,9.8067264034570965,13.917666309030384,13.270510883392536,20.950585488785212,30.118279394625986,43.90542359184186,34.607983798449347
37.770092473870854,30.664307691160477,29.562143327015818,27.002283413964825,22.970199831741404,26.423156098804508,28.431331630669241,28.672495283385093,28.815242579365016,12.056566517748369,22.141737372283821,18.528879307402093,15.399856822399769,15.816969797911847,21.325398214130146,20.182359405605148,22.877193572055312,22.553418525305496,16.772679676133965,11.520401088334168,16.923744163778849,10.815667932667585,17.462749266007155,21.389707644671191,21.466197345282144,27.740447164271099,29.141105371874414,30.672153896439031,28.670478820805293,10.229742408749292,12.890198663129159,11.366683157850133,8.3814571969478635,12.491144302916211,11.997141798260294,19.864486521609624,27.827903263334139,36.905194908241612,30.593084412179756
31.895058298662786,26.741125363830275,25.625029356841594,23.814622496213531,22.861092447947957,25.106462343003503,25.408641534136905,27.74150799401767,25.730795268759877,10.448110377649327,20.454678997670836,20.731750927453525,14.21522742536313,13.925266053300392,19.41034249999699,17.925763107766638,20.406941738305612,20.10900907756271,14.803084098544856,9.9599031099846478,15.629672748397391,9.9656354617058849,16.844752070841615,20.817901587654884,20.87515522395649,24.986338261577682,26.381647837968792,27.416382314092836,25.518639761380101,8.8647622086064963,11.248070545658313,9.8434296241313213,7.0625963239567895,10.853495440969017,10.407996426100265,18.571294049928465,24.464552734887107,30.995942041460228,27.258627034774335
27.84847985910087,24.056252202223785,26.877399829379723,25.595700179225897,23.188568647979945,25.288167665514369,29.224317746970815,28.091848425183102,22.75858792062504,20.149762558609591,22.755826394884178,21.638432688795632,15.191102111389377,17.199798723093718,22.277266838358116,26.426503897375941,32.143126838143658,31.332256052304665,20.598188138079266,18.597108160163035,17.713389444479571,17.864622130944078,21.17681013439886,22.525187775251126,22.565696231505033,24.37284804395339,24.206009847631989,25.709357077675538,23.566376090164585,11.058238085098878,16.029981132988862,16.545539264338689,15.213283560625761,18.740693259786219,19.661383448666122,22.591955273069477,24.744851717187366,28.644412496328009,30.487825227332365
31.603989591425169,30.921565842191178,35.571342653507671,29.884106318747993,29.428608592557978,33.890508627872947,34.261088449146293,37.70281467023468,36.129305784172132,22.985669945552168,30.711917467831899,26.144850344396851,18.959787110920864,22.604619324648183,29.804450221844728,27.721014129443503,31.387167615268098,31.93936266616025,23.682670584100212,22.197212496808671,21.512252157829735,21.067294926510478,24.756929411882656,27.215232595917207,28.305197578106529,34.306774407131257,34.560984651043512,30.278597930972055,28.890767081125563,9.8551081904018805,15.93250565876224,16.651980215824263,18.913512260601504,22.076535397978788,22.04844042670323,30.226755637835652,32.601575227033422,32.636175116549573,31.890436296263694
27.446306701018937,26.685699462041317,30.113765643192917,27.388840774536384,25.404829297766494,28.77559994834089,28.911528001624493,31.543733114706747,30.335388683774692,20.700107873024507,26.266065207489302,22.99593528472921,17.040770895126244,20.328446695992174,25.863791923916857,24.107975605010662,26.759608360932091,27.173526088133045,21.017420218305279,19.794819535316055,19.158439184356411,18.76184547263226,21.813988646761885,23.666163111515836,24.488948787710051,29.111711885796275,29.353457663130762,27.272224335200725,26.891101773305376,8.5117642499324564,14.127313092490292,14.678547422494864,16.864493698089287,19.669427372534251,19.654131427071242,25.906458484490955,28.428440515674552,30.302437284452832,31.781818199073069
24.629302454672121,23.507940660457361,25.879388101457224,23.775745903184237,22.363373614037432,24.834553185004705,24.911372606794956,26.907460315550779,26.002976446403128,18.405298328351851,22.940468920190398,20.65573429901649,15.041925892210243,18.06780286267049,22.639693540505164,21.335242569388061,23.305495022007797,23.613921398528447,18.69975086142108,17.569744149783475,16.998710092702588,16.643580462531052,19.519807915115823,21.01704572811088,21.679552117075122,25.103334149360471,25.36832721414503,25.318875042135499,25.782413330419441,7.1927455382149823,12.391958213000771,12.863006451238322,14.872941661034613,17.453048077604112,17.448027051410151,22.680937300653621,24.611832123602806,26.06138192171127,27.085296397374513
24.994744127084793,22.946530892604525,26.285136025983096,23.779132188496458,21.847859601612686,24.049304727677679,25.290460291840535,26.391143156681068,23.966274482824186,16.357608109289842,21.966002574012716,20.446921912187388,14.778562180589249,18.456167929100967,22.185118774407133,19.672218855712597,20.859976737841958,21.214475381672745,16.850108471392609,15.54261689929216,16.614726735236072,16.386942594315272,19.514080838064235,21.172703933953851,21.762495865785525,24.607974068256336,23.866872500106094,24.230213646359584,24.356173201591904,6.181149243385808,11.158661146701377,11.228603555802426,13.042179081441081,15.554506598690221,15.560270198182375,21.056866620978724,24.400248576286064,25.41110072205727,27.75992014281346
37.917809317050114,31.611415308953081,34.526314179432148,26.879125556429148,24.973695284865872,27.13866041014829,26.266862084043478,29.302695113408976,28.630178089820213,16.36064231494451,24.47891612928597,24.108524422914108,13.774624267706201,18.550766065606457,25.088144452749301,22.108952926284815,24.087591577192988,24.801077067530123,16.930049734217551,15.812133965740166,19.013252088410731,19.737316547862068,22.833953650378323,24.571840250948206,25.374221506253061,29.24516600750043,30.436028456872315,39.015538965125366,40.804592527009838,5.8144548336803652,11.829867293756145,13.158243073836285,13.602386661438793,18.468546737637688,20.922129922247091,25.546790347140146,31.317293606189917,32.952701068559968,30.89551857063374
36.036002706363746,29.092494807027684,31.370818319799671,40.939305258545467,23.130955642241602,24.389414926617711,23.754001908925495,25.720992572973056,24.772957529358944,14.68385969521646,22.768360820452571,22.686994543062898,24.263482637069231,26.07766262697066,30.366777163137726,24.02283773953932,23.690148922824164,24.367157732454224,15.782688729094703,16.114195031339218,17.637006170378964,18.822681541117586,21.655542230440673,23.053982377839976,23.528366304571609,25.79145083803779,26.719038711050221,33.989723744521598,34.686375560386544,5.9895434070526647,13.22044700701562,12.690317995369201,13.895012798546491,19.346380821381192,22.654022851458237,24.928844951763612,33.764389985007604,42.306781457534065,45.510792801506234
30.789878929292456,25.158293296435783,31.241302130520896,36.356312067779037,21.869338514983568,22.709486707725997,23.411681014392595,23.365553016050711,21.879118542053639,12.989529205479212,23.951431842500376,20.571054669975478,22.718810808794544,24.6443720865696,28.74650296654842,24.806187295025108,25.962266032565065,26.081248008273953,15.621764923540271,14.70013289597086,15.6695598641838,16.773635469538057,19.443451119392961,20.684602264403402,21.059651476941252,22.74447451675459,23.494640595668677,30.304415182726068,31.463739274333172,5.3447173686861147,13.050755552389262,12.266047767184018,12.543245682681464,18.272385079460161,20.776243093752687,24.57418457540372,31.854544190275487,36.59507630743218,41.641641524422731
26.38429819776022,22.118658768711143,26.692712793019552,30.472315799198245,19.488737964622146,20.338919675489613,20.853643182870147,20.867746503797914,19.523301835840261,11.312500516799966,21.28952978864406,18.283903592994907,20.374779366261489,21.731035502868437,24.79546331377901,21.849747719662819,22.711471885499527,22.806314122806924,13.821610671002633,12.936428998749385,13.835999723155739,14.793418050528491,17.244726031433231,18.406193586079397,18.739070579427757,20.308806254771312,20.904003615645252,26.050974501280763,26.996868637330092,4.340159366000397,11.437303591899862,10.646058409585169,10.923949428678359,16.256382596423904,18.619581020991774,21.767437393219247,27.169102115944874,30.707400794510647,34.431281952168483
23.032281149405154,19.734762127078834,23.299473614996817,26.077081786586632,17.309108394037636,18.214539833100861,18.571589377066001,18.634784552262218,17.364076294195751,9.774551736863879,18.953112109798539,16.180924472469002,18.130060836338131,19.351939444632542,21.843968774941256,19.46068453738199,20.254579272393379,20.341373602836597,12.169582897231182,11.270386566153602,12.086009298102619,12.9637120060453,15.223482954476919,16.328162465002205,16.615923774593515,18.162412721696249,18.649641283011242,22.838470779987571,23.550039078771157,3.3433833666493968,9.8765496447852321,9.1486488838239595,9.4033165710383368,14.351228831848939,16.505152338905852,19.399531556951334,23.666306740994166,26.3099018792505,29.056377145405349
21.855305767153226,19.352564997967949,22.120291940681447,22.87147812529836,15.29902992767599,16.256057152620574,16.557154259249433,17.408017152097841,15.423313620981967,8.3468068904203108,17.007151644174517,14.25092197995321,16.370305813258181,17.268143431199441,19.536079692758548,17.364316736606277,18.043325267265363,18.078445650301315,10.571090210791185,9.7314096607405443,10.473316244079536,11.282762892075453,13.370226237888531,14.420564378261899,14.669009089422465,16.51060539693805,17.521189399812755,23.077091485191744,24.385054979043769,2.4305357065320998,8.4620694538046219,7.7722612082722158,8.0041475126457247,12.572447514638833,14.571088699515997,17.288665309737119,21.749466906308644,23.342869249229476,25.881382730610323
19.493851459479924,17.185808563464892,19.879705135585159,20.420621088983928,13.456269321972886,14.352046967865515,14.603515608051946,15.410107844931975,13.581685790772264,7.0323190775231597,15.025657034175479,12.523020234504935,14.41837836491203,15.244590357960115,17.347292100329408,15.332343755794406,15.959728915564861,15.99298398457562,9.0805674818591218,8.3485616844741575,9.0230532339234202,9.9416298873417315,11.868556184196155,12.848635033573988,12.972539394666358,14.579531264812035,15.516485066569956,20.614517137151552,21.606925159128842,1.5854464647295101,7.1381566817956648,6.5042386057852433,6.7303330746633367,10.93216806319791,12.788176906181576,15.294893448459755,19.437068434049927,20.82323212212571,22.720745580637143
17.381003015454343,15.184335475497187,17.680425566895419,18.159166029406446,11.756104028085939,12.593006611117776,12.801345157841556,13.563279148823785,11.878452518644876,5.8229566340466787,13.225379292291787,10.88221754694777,12.639633363265544,13.50430443454426,15.424855802201186,14.049575128257155,15.023255741543354,14.898738124719484,7.7378204229961058,7.036872822670813,7.6546497045018427,8.4984114722406474,10.277249938175697,11.206742868887668,11.307907875844478,12.795745395123822,13.662918834084252,18.386144059517608,19.308385768880335,0.8187238783445403,6.0258254597219816,5.4327423844529577,5.5440533183418408,9.4264150672968618,11.198123521546201,13.564585791935386,17.279032603745275,18.568321870213072,20.359054415151238
15.367596049499291,13.346940433969079,15.64990462859819,16.135516211357483,10.32875165212395,11.04309095828256,11.149230369262716,11.870293600213525,10.305693771968476,4.7450039384294831,11.534086553903668,9.5000925988497666,11.118411101667755,11.779552243542142,13.563201069371528,12.28061611685642,13.178151437700958,13.062451458610321,6.5009222168566811,5.8278244659135696,6.4029022440173771,7.3740421708746053,9.0069291553458477,9.8351136224421332,9.9272868211114265,11.205228884967294,11.971904531938749,16.306677675461749,17.158327701643785,0.1201540465821139,4.9169492323662638,4.3498545499506029,4.4505461243976789,8.0314664313387159,9.6744531875084387,11.856233706293619,15.2863037521519,16.485475113351441,18.126488613203129
13.548926992072655,11.659699738611586,13.781483782022875,14.209969474830817,8.9041678703225653,9.551743555998268,9.6200841607749776,10.299774504892707,8.8546670621592014,3.7753416992178979,9.9769088656755667,8.1317330184662371,9.5836031421294923,10.19186863481708,11.842857046582855,10.652026396035883,11.479684194293581,11.371327410589972,5.3312039941038467,4.7146390641652705,5.3885582900348936,6.1401226404525877,7.7702807342998987,8.6793547192440474,8.6559769173178029,9.7729642064716522,10.399754369705001,14.400866944752959,15.1856488860117,1.0992069698343606e-15,3.8744404672356327,3.3528988108979485,3.452065706249956,6.7448719556125543,8.2663555649213745,10.280521881667731,13.44951963009798,14.564218991090852,16.074057153729068
11.896416631156093,10.099224296805076,12.383993843539585,13.164681176698238,7.5549991111069721,8.1608144072582451,8.211858423675757,8.8493754808637224,7.5134713550087309,2.8307273954049768,8.548177501026073,6.8347819332808548,8.3398865546184258,8.7302783997655027,10.377979852497615,9.1528548377871886,9.9160135935872873,9.8139446569987232,4.2877516972379786,3.68793402002802,4.3043440412136889,4.9970710490944477,6.5006766755915875,7.3566205626409129,7.3253145326807685,8.3666928126033593,8.9468400890224427,12.652573080628068,13.363716288485914,1.0049967892372847e-29,2.9146805697129525,2.4362320794775685,2.5228861511289749,5.5603033071141299,6.9669579995433804,8.8418225994036792,11.765440191769819,12.790267358347899,14.34322322876791
10.317933872499966,8.6651600131620938,10.765974592641237,11.487750931042031,6.8867624886648402,7.5819395676013928,7.0411348647843832,7.9262003714161073,7.5346246351486794,1.9799011565292679,7.2746284046854024,6.2621613482566607,7.1180949055867844,7.8018981355695001,9.1223981808302668,8.6330343883453953,9.4201392600822675,8.8561493167071035,3.318412365025452,2.9128486229814881,3.3526166129494146,4.0032485921747041,5.5902879168561972,6.5912535564912877,6.4796366572815565,7.5677157505178458,8.1791223918257572,11.025727462198514,11.696239924332033,1.868366298461561e-15,2.861035602301234,3.9997884361321683,2.6854044848350553,4.9163703074073783,6.3472701953146826,7.9969165291933679,10.200013896498799,11.15456051404556,12.580400416965462
13.135082205447127,9.4030904175711356,9.8272547755571953,9.9271201827176636,6.4314123725776708,8.2413317343285346,6.4007247898641513,9.2608342827400971,12.136917728250982,1.1721451464352821,6.2381810419350874,5.2672313161123219,5.9323952395795647,6.5302111168327022,7.7644350640414466,7.2936342595085719,8.0195964436774361,7.4970273447013991,2.4043366696079813,2.1317329904867339,2.4423437946707995,3.0288732360956945,4.5472473532520494,5.6217429795603131,5.4723412105298852,7.3869628220354748,10.873849734270594,14.854250883020143,15.460928487673431,1.6868322834598215e-29,1.9815995314081887,3.0895000704063622,2.3251610285612405,3.8806030838472849,5.1945576044356665,6.7409489798116242,9.0675577218290311,10.080693636513343,11.726922049430302
11.443430055690859,8.2845431932382976,8.491347910925036,8.4855568288073613,11.260559806829322,10.983813169903007,8.2085992122117535,10.27044374801242,14.253514851478197,0.60979624240853947,5.9052911408022251,12.368749168146753,4.8234063775225167,5.3593145630041219,6.5051365921611577,6.060389634211778,6.7300593631478245,6.2451508629884209,2.0205505996791997,1.3227528093449434,2.9148637001876048,7.8930476288673868,8.5142754624155721,8.642415346136719,8.7403826168605416,8.0505438893344312,11.59825373099368,13.339845596220762,13.623489705326108,5.8446398114519865e-16,1.1732821115422991,2.2204108184728542,1.7018061149373638,2.9977525727996754,4.1330785035701698,5.5961245104149304,7.7323540048213735,8.6473530686640707,10.17052978314641
10.246536352905427,6.9961634725534196,7.172690805056738,7.4153284724128579,11.474660339028345,10.64403160019404,8.7687420786270103,9.0672232197158227,12.475989399541323,0.063773288251602056,5.0449586593429308,12.436053710891576,4.2191039362455784,4.2814201142346571,5.3560042228161118,4.925478432930678,5.5428571343835777,5.0922612862601566,1.3825636066749356,0.58044574852124209,2.9776252503180731,11.862996826772873,10.532904015823847,9.1868370162254305,9.2279618884711692,7.1101466623770513,10.099400376113243,11.772051068783218,11.908394920162126,2.5838850233989823e-16,0.43470872844726699,1.3931486543257816,0.92037031755183829,2.1167087449875894,3.1530378958946796,4.5031499435531019,6.475747763738025,7.4055350395779929,8.7807375311805806
8.7906652453325478,5.8278490355849888,5.95608738041284,6.1722751662782391,9.9158949838355781,9.2774160134937596,7.4194900893243254,7.717323360863567,10.840308812932333,2.9974428412549906e-16,4.0103458118659496,10.793430023132768,3.2321885262718855,3.2891817325721711,4.280978994959054,3.8804135823595942,4.4500122408957692,4.0310130938668278,0.63317761466544864,1.3145454214044555e-15,2.0988094686715733,10.265889414144823,9.0399857655255467,7.8078997613060581,7.8386028710923501,5.9945778504679383,8.7408095998775721,10.204089967498986,10.324069876608968,1.0061839923838932e-16,4.0708558955209708e-15,0.63649723448564488,0.19580881595213268,1.3004380954143122,2.2502026557809049,3.4951547818001414,5.3152817247426967,6.1777467841980318,7.4414384324060663
7.4422366654358241,4.7145829412315443,4.8343381767628228,5.0270554674561998,8.4734541894744986,7.8918630518902821,6.1749114916308221,6.456381602238972,9.334295783133518,1.5922179085874034e-30,3.0354341515502199,9.2818013942966306,2.3836038541964872,2.5296233819977032,3.3279851212457441,3.0548698489617041,3.4618934809002839,3.0635867349147636,1.2948553998694811e-15,3.0568478681557045e-30,1.2768557500165052,8.7949899255945709,7.6659926168877082,6.5371364954239546,6.5586734657555077,4.8667030576955659,7.4025240351118136,8.7622086410326716,8.8737720021379562,3.981236527762081e-17,2.5239462828444062e-16,5.6584963862641731e-15,8.6448728028604182e-16,0.54236055048427778,1.4173667650099964,2.5653748990214003,4.2449560645541542,5.0453449112976623,6.2121408951323254
6.3029190413134737,3.688357124510135,3.7991536274874176,3.9722004063315008,7.186039704394271,6.6279367289665059,5.0388252286070045,5.2980215358991867,7.9554659041386522,7.9655837390056626e-18,2.1405812246739799,7.8908358052921717,1.5438761799194061,1.6764180676717577,2.4091429726957432,2.158566311168916,2.5339062817063356,2.1749207197521616,2.5174847336056118e-30,1.5454438332975022e-16,0.53188976118681797,7.4454455899121967,6.4453045956749282,5.6148892425200145,5.4439160796013581,3.8828089525078595,6.1736881871299714,7.4576494345755782,7.5338622732906444,8.8414229061868523e-17,1.063315509116782e-17,7.9367590364198971e-21,1.1416872561050458e-16,1.2982294362415305e-15,0.97272049470089417,1.8565348156009065,3.2573136794367401,4.050915444529628,5.0761953437314746
5.1501006498184783,2.7420877336461107,2.8448181332870188,3.0007875097403671,5.9684605479550816,5.4597505679627947,3.9840887188837675,4.2298466928103897,6.6830339162146641,2.1925208542145625e-17,1.3150418250510363,6.6111694896223723,0.79179307502879948,0.89083070224542782,1.5625281368792714,1.3329393033476906,1.6793153507255238,1.3458778844964985,4.796422292252921e-45,3.5067589424981775e-31,1.1380088666700763e-15,6.1980785883041811,5.2782806180511441,4.5250949101772981,4.3590842344167884,2.9224793329897656,5.0390845583372768,6.2270069104537908,6.2965737526140071,1.860809654352983e-18,9.4438591900112508e-32,4.3634492809401297e-18,3.8952460027491098e-31,2.6679248540606203e-30,0.2416622425874963,1.0547349456283555,2.3466247145951566,3.0820585664336342,4.0244128731423778
4.3727331149347908,1.8698117257718303,1.9694401927895238,2.1065417941722191,4.8443892257253429,4.3813371405179415,3.0170332669933821,3.2441094936295092,5.5078718895921464,8.9313544388426605e-32,0.55576618105321363,5.4319435135452077,0.11362973781658348,0.1882451633152154,0.78372211518561707,0.57356972996587474,0.89212421080087978,0.5840078789495976,1.7523739908631906e-17,2.204408581709635e-45,4.9173810622199424e-17,5.049060897981791,4.2214381167752952,3.661297183821457,3.3765690957879668,2.0369575769394497,3.9920334621781159,5.1716700883029043,5.1536657286872867,9.7585516426039703e-17,2.0802541520855373e-16,3.7516603150382999e-32,4.3546902526857162e-45,5.4141315669246291e-45,6.143799491445296e-16,0.31692942363725002,1.5069957335367756,2.2588834998160503,3.0537913479037417
3.3730628424119078,1.0666003325608235,1.1582866072092133,1.2834359511778366,3.8079112206772607,3.3860084590278738,2.1215443051765979,2.334754154252292,4.4236164480070403,4.7896697547624749e-17,1.1600375006043657e-15,4.34729165209394,1.1605567321615079e-15,1.6440101438042989e-15,0.071522335205479168,2.7735557595952848e-15,0.16990388435306392,1.1473663455400619e-15,3.3226536523740634e-32,2.8153038905010109e-48,2.0408350679352178e-16,4.0399760944191803,3.3233772312530006,2.8105829775020466,2.4951344252058245,1.2211185998646277,3.0257685943708115,4.1162292485948431,4.11509779228063,6.6608132926462221e-16,6.3368381251947469e-16,2.4547596381380636e-16,3.9752309894291717e-48,7.3607799384007814e-48,1.590326257342413e-30,8.8606083478676024e-16,0.7333762360545566,1.4272218018329343,2.1690288269199005
2.633531514306263,0.8418027060339105,0.64850847565817016,0.58104032616433066,2.8692895921387351,2.4680422943873364,1.4671102459361103,1.4976540666592435,3.4246509994118814,3.5737674987605286,0.043962069272277984,3.3768331973674077,6.1288264045146125e-20,1.4170686421670083e-17,0.10374738678277839,2.7000916401053219e-16,8.6029799612643111e-16,4.0871924369247557e-16,0.5021104660098803,0.88548079983111483,1.6709761761720596e-15,3.4158191802323374,2.4462772322312016,1.9379516617028165,1.6429249408949591,0.59373657577981331,2.3708338862535507,3.2729784331543548,3.1408814669930583,3.9471746484524309e-16,1.089454135741498e-16,9.872793624922846e-16,1.107821464712021,0.083093163214122551,8.7037767184098154e-16,0.75009236081486264,0.76999141537989324,0.74984611171517868,1.3588868836866199
3.727721417288818,5.2618346903672784,0.3235518451030841,1.5523699999983702,7.9369928543242914,5.1341003372671734,1.4505052787634469,1.4327609370497851,2.5316509965754026,6.4023919933380222,0.71380113344538554,11.4984417763743,2.6372294392978928,3.1065925159509375,3.4265407960601402,1.368510114517719,0.4162270544569811,0.71036953074866793,1.4009346633254254,2.9911961959538607,2.9396863651920282,4.8394010578698259,6.2130852650443158,7.462978491093228,7.4907889232941427,6.6706820151517494,4.0967191772270626,3.1106809625402376,2.3109232507551987,1.0024471002042963e-15,0.08698120607603356,0.0094890737800002543,3.5816185247026913,1.6186442313979068,1.6325412925228657,3.4457952392358835,1.7081530105959926,0.17011820530882735,0.62982615355763993
18.509422081735796,14.475456062565287,4.3951737944528748,4.969482471858746,16.854718449862887,16.915330519009178,13.156862818088157,16.232635178111387,21.439074645684901,11.081418383364619,8.9857018153994339,16.796566081456717,6.4577434412379828,5.9897420711709968,6.2500990591602008,4.4964433951679483,2.823229873522092,3.3315164220675282,8.5163807172665376,7.3683055802748632,4.1057174557741689,9.3866888627879135,8.9403510626041243,9.0757544470829661,9.3679992314335561,11.845400489744319,19.055382836399179,20.598239052819224,19.202575666778888,4.4793454709013991,4.0964739809341006,3.654509984676567,5.9454446683038924,7.031718985669035,7.9741862715437239,7.7405495048737967,4.9280958069644516,1.6332082815296827,5.1281639306781841
17.005727550842721,12.84984484086103,3.5464507094225826,3.9176086222229936,15.795038527894153,15.954300061384505,12.813251903463891,14.763876090820396,19.096253382958729,9.6550552507046277,10.393158448782444,15.170018927888046,5.3366027603477919,4.964895019012479,5.1937845928452333,3.5994362472227412,2.0111830024179693,2.4850851357597152,8.1716159890930928,6.2064814657872658,3.1920639360053848,8.1164575980769023,7.8610301488137759,8.0725959984178228,8.355594826275734,10.637255476354074,17.070076678100147,18.323739025161739,17.043915153761375,3.5540484022281822,3.2240314048432657,2.7475380539412519,4.8855715783588858,6.1614149071663862,6.6858640797883551,6.8054550502036211,4.0148426459405435,0.94995808891565015,4.1654030552559238
15.655362603668124,14.35424431840609,2.8694752424956409,3.9443219133566734,18.27438996461483,17.344623815064079,13.40068766056927,14.185754308844338,16.991730433734411,11.788913333199222,11.835126424657988,18.259308300313176,6.0074317277806015,4.6884281324608263,4.5745960993054151,3.5307516752101424,1.9441474825185563,2.1958620098992276,10.513581826168407,9.5925643836136061,5.8780618527171455,11.793742114155034,11.97840595044347,13.044847023278928,12.857470853210538,14.489361236540496,16.97473586600427,16.585754005212419,15.097735397472894,4.8815980791910443,3.8677077642912154,3.2394997518898418,8.4909021736154884,7.2296841376525354,5.6361126408433151,6.2902610662105785,3.1394009838216492,0.40729364878161112,3.8106469372691532
27.662414049372753,19.915051321203421,3.1506521969999306,7.4885766169143899,18.864236382968546,17.52719539340092,14.216346265575275,14.887956662070504,15.224153984135947,13.2296284690636,13.388477755154328,19.612328798726416,12.536993661359677,9.2140212333785723,6.7181273466997622,7.6542955069449636,5.2711312936924219,3.8321865978224898,12.406707814979772,12.392061832493479,6.4338503655344557,11.591950174728391,12.458772840959961,13.78049668094169,13.370432032244192,14.256968675919163,17.135510618382646,19.809837653747234,16.089774484230009,15.528417385040235,11.410672751170626,8.6982930082100314,12.51726790495325,8.5136161477411338,5.5045368636338088,7.0159090781190274,4.4392104123981824,3.3004313356336303,8.5740501316106297
32.060983702019946,21.360278870237369,4.6139737027691767,7.9503197362452482,18.62011473870157,17.433118866428323,14.762943934894505,15.402320274521264,14.506125989059917,11.592327742768351,12.936588326732776,18.725979782242085,13.397811363445435,9.97022012496938,7.3444039742313469,8.8949144339868553,7.0577030626158193,5.1340200764569426,11.136728890300118,10.92212379995666,5.5705659871458986,10.262813061092993,11.336708461637986,12.563559115889539,12.283514321074113,13.444486020883852,17.093882285122895,21.414161051002512,15.931526346101592,14.934380470767483,11.351666677955956,8.276943446016011,11.156125713229201,7.6832934081085593,5.0704248794429523,6.977845996506117,5.2152413632150481,3.9437440627720473,10.538993954876466
30.969227788336241,20.945947017547311,4.7268319828899736,10.316654709926755,18.384629710902566,16.885531214229562,15.849478234190256,14.960910599001448,12.78526622219688,10.597286572556573,11.991953258377039,17.080984565516268,11.920386288004813,8.768824649336139,6.9254152309675856,7.7828871042588839,6.0527244365634063,4.1593429808708731,10.144666197330952,9.7421303734620341,5.5060805699430784,10.577904612106623,10.561739216831871,11.469796394535646,11.097384421893247,12.270399076120418,15.996400655951268,21.973153463608032,18.128586675773693,13.166621282988775,10.181867664277664,7.8185224520655519,10.345431596970277,6.7399101674533348,4.0811203330316816,5.8962017399719358,6.4623725487051225,8.9573547447994208,13.072272919680206
26.472645033027369,18.774997735144296,3.728066145274191,8.857193238797306,16.300789325006381,15.105401013754998,14.127480679242352,14.111132307338204,11.189066702758231,9.1535707183664403,10.49442644576,15.123545819576771,10.894590019382361,7.5523199267205126,5.7735331411433757,6.5458586019193783,4.9428162957263213,3.1714936504731117,8.693111730072717,8.3301604312139279,6.687332141398012,9.652524728795095,9.8239890623334443,10.447727011281913,9.8675154657280508,10.685415186772406,14.283445283929405,19.687517355657938,16.061708681983326,11.472577277524641,8.7647538109668588,6.7995751937891109,8.9927237923117218,5.5549804117849746,3.1037469175535479,4.7772924366895753,5.3136001241897377,7.6018677500927803,11.389211343033137
23.129588583853117,16.961394092429373,3.6678711740716579,11.962571010616893,19.292052693488955,17.279870956735049,19.433561968896033,14.933232106397925,13.205837232508465,10.193187023987157,10.528589675351332,14.624660555176959,10.903031755161692,8.219335483277904,6.7791258060375066,6.0543847341448336,4.0804826412989588,2.3936129909699484,8.9135794439165306,7.6751409467689626,7.6832011452558406,8.86020766600328,9.7150532629517379,10.611484132366197,9.8661403086428123,10.630588716527408,14.656350669288191,17.551970285872464,14.157633389545905,10.673188592168398,8.2585595982821047,6.3507722189190501,8.2528047501447652,4.8198025756504421,2.2034002179264154,4.0736339411561886,6.9292649922630298,14.910616879504074,12.59767427480689
20.615107828888885,14.998909438527372,4.0788707486756461,15.233512690859028,18.605569193671702,16.699747916307302,20.672826857987062,14.657863805701782,11.54803540303711,11.607767116366034,10.630895808181712,13.862760326740792,9.6046890073062876,6.9211500694190704,6.5543444094330168,4.9238234157416274,3.1055475546815354,1.6257489429992855,12.513697140854596,9.2204405588178435,8.3307361297698499,11.885410360850738,10.295493149581281,10.316387727915282,9.2231963336286924,9.3363136973765499,13.022205642068196,15.610640699805472,12.43620158493999,9.1891076977908135,6.9539872060195975,5.3010732812929735,7.6491505813183736,5.0143735384978552,1.3893634327244175,3.4904930817657429,8.5747633746670111,20.971053506499306,17.212962668301021
27.809102113795916,21.375085015811575,6.0997516474194029,23.397427124585331,22.336221578957723,19.145553838394104,20.627217868640539,14.946049998108267,10.74335123834957,14.956113769587608,12.192861084735775,19.717347497816004,12.256270092027037,10.249951392791946,12.516691805278221,7.6593854265690471,5.700259200893691,3.9021474946414347,15.393548542279284,13.007157788981397,10.383510133860904,14.112943742635215,13.983403195692086,15.130742274569467,14.459053084500539,15.045850889493508,15.604793649843341,22.470389771923248,21.707481571245111,9.8021711539260998,7.6430039032792383,6.1082572150158629,10.981090031572617,6.3574798534664989,1.0718606923294152,7.4972979270855316,13.763140955711116,26.471457391350889,22.451898563412676
74.689404320581687,40.593731936653683,14.396468591253905,27.667025891069667,23.010869736907857,22.983727879045286,25.193410528933327,23.934487319172352,16.596140819501258,13.603962661902674,16.909038587709894,19.149080614265035,13.91237735046956,13.041254806254921,17.019112279150466,12.451770871654444,11.635290443240308,8.8106740042875717,15.899968824288532,13.128129605678618,12.020892568310547,13.711397265204109,14.601956574592663,17.219106824536144,16.213450617710947,19.935371779638178,26.845368248744368,63.228576598373451,67.795352633025871,10.10145759683828,8.9271419688677494,7.1721769599538368,11.095611120848375,7.5912581801178494,2.7579215421892194,10.62089978434523,21.204113073552154,33.527990064450059,28.307648571424966
59.896037368404293,33.892334788513843,14.484335985274207,30.261658233466889,20.895830608730073,21.392823494407818,23.013227878722113,22.370735536871543,15.834453994384829,14.858428559887262,16.420214786812064,17.169778985259732,16.00519487739453,14.457062614413049,18.562759556935539,13.570029723275338,12.571570581306201,9.6402548609465413,15.473855543156416,12.940998311995605,10.445997907112387,12.051853493438689,12.971461115792986,15.443691623228672,14.485861786292274,18.37668845742548,24.346526700768607,52.503976886032035,56.109133622249267,12.357670533514947,10.526378314080661,8.8746571605535696,11.207570418815759,8.8459447732191681,5.1822627030263639,11.214672268064879,22.552857941395693,37.105844567821308,29.258780853696223
49.082479631431987,32.537198116154443,12.697465405283564,25.916442501819798,19.492821453963536,21.007900837678605,20.842378938755143,21.940546548440242,16.968452146600868,13.052061689562331,14.59410597599954,15.44540766353467,14.139008919610143,12.723513123647034,16.441742771024309,11.838698982500311,10.919828940231131,8.2176956800786005,13.67680216559137,11.25833936128287,8.985135446260502,10.470287592797398,11.448413433133386,13.790607847369548,13.028525138683149,18.666108843739082,24.551449416871783,43.72413265379916,45.453398961151258,10.723720110955599,9.0378537607551657,7.5336198129812786,9.664298030843641,7.490503156379444,4.114617110109311,9.6726400454476682,20.146131576305773,31.178808537376124,25.216218775494312
40.636040434383283,27.946762988960689,11.263235968414728,22.690577387884005,18.387485991579453,19.529158781642234,18.591822630278745,19.883536210743685,15.013168959113351,11.408942245027696,12.781326519246566,14.514980252433961,12.656375783919085,11.403956116853635,14.498568967367955,10.439398469586331,9.4483371462134009,6.9088978365848108,11.935625225148829,9.7100385496220198,8.6438214599507681,9.2138834982968802,11.160159457424751,14.118533056322978,13.593980774260379,19.118556716105854,22.064702645612353,38.340517377551151,41.028029110333549,10.42971174081188,8.6154447900324769,7.0325601636486397,8.2782946481835893,6.2430827121998975,3.1867973190791878,8.2679041306848795,18.044902230938828,26.914963208316873,22.932803301312251
42.407503897487445,32.082026366049384,13.418324303622605,22.692574391639432,19.773771127980734,24.566994310930735,19.875883438133854,27.025334955125274,33.121745293034024,10.8400303510996,13.141628965852879,14.37862692385513,11.449567870284078,10.327030434093238,14.13760028522209,10.602139260795189,10.535230618770358,7.8755964104071285,11.612542155636355,10.194370218435962,7.7252979993093902,9.4174830124262758,10.915899938081255,13.65267775341051,13.538825265611578,23.295721512618609,32.915830535831311,45.03303996892366,47.415442340108612,9.1512879062916941,7.7878841336518336,6.7229266756306671,9.1266648312701228,6.3727545924594606,3.1947071139823131,8.1195422785700853,18.782779022233278,25.91195616783606,24.947728025219245
35.098907902950614,27.465632204806404,11.838977359891066,21.198542010748621,17.617065589846071,21.740693111720052,17.654884485688314,23.534859308041014,28.070601034856107,11.558472685939071,11.551168964926182,12.642890969533173,9.8991576757095139,8.9582185785554511,12.662638749673972,9.4950183669189325,9.4519938290600081,6.8552598276833434,11.647021103091667,9.9751951962691958,6.47847575555733,8.1422589289962417,9.4625502953556317,12.115100684253612,12.023700420206405,21.019309545361548,28.014324545470707,37.256906497284191,39.682409438147303,7.7738794645158142,6.6527929445439771,5.964878660906952,8.3636401826188873,5.7514307744873028,2.3317607777059193,6.9414282556363176,17.174534890430976,23.619248885308494,25.016227520644062
29.53983892251463,23.843453393597514,10.256670089786095,18.898391030703678,15.703796917033038,19.408914561649784,15.627445944927643,20.924782046395933,24.302596892452062,9.9896432860122477,9.9832691516303864,11.066665479617386,8.5177076534399809,7.599981723941271,11.015548652990091,8.1415786595747957,8.0897441334227214,5.6564442863358941,10.073755793361356,8.5286156983977168,5.317858928598822,6.8505097226286971,8.1060904238257923,10.637570412644484,10.519228374352913,18.741971284476985,24.264538524979642,31.182573195480618,33.075875183180571,6.5043618283779772,5.4754308541182688,4.8415992715729841,7.0462449767481479,4.6375245230690005,1.4914498528961788,5.7396348914853572,15.186074043415728,21.016081200332859,22.0390741054469
27.460337419253314,22.066809254272361,8.8007469784001771,16.744472174228815,13.973200075859127,17.345174021373634,13.748435226021858,18.649226269211823,21.503015786195068,8.5529533093244474,8.5444766396731779,9.6962508129602565,7.2153240230120774,6.3440272347145772,9.4882672034471511,6.8411124880842848,6.7936336191644457,4.5491507790117751,8.6409252282247948,7.1959771303409221,4.422866972954334,5.651206772037809,7.1042082650357337,9.9616701808708559,9.6548624687730094,17.227825308662855,21.718387523364076,27.905518991966176,30.204219993934231,5.3362095615204144,4.3899503932119703,3.8071474364100504,5.832973858676362,3.6122429192923553,0.71839626239006504,4.6328320226561566,13.355373562440018,18.938966963310484,19.701136741722408
25.915391658709968,21.158822441931026,7.6577683506141003,14.889482086086851,12.56429813880332,16.516686199052767,12.104870534260579,18.279728263390503,22.5979043245461,7.2208818484839332,7.257921606784369,8.4333760443334373,5.9915917327192805,5.1879193728197235,8.1025703040156962,5.6437277222985935,5.6000789170718557,3.557544799664464,7.2987350464672813,5.9700322082967698,3.7087326306357813,4.576149997285782,6.3153865923474468,9.3322387102118913,8.8600812640794206,16.352741681244026,21.928426286007269,28.985648490565541,31.945003630762702,4.261057124558854,3.4025914402689947,2.898532307217311,4.8071742955994576,2.6723003681654256,0.057494184676239755,3.6931239273271341,11.900124288261054,16.883367873238068,18.303649485389666
23.449624047019938,19.838057361112448,6.403864292353215,13.056954107168901,11.154535635117554,15.883942558423982,10.546324698854564,17.969873098067264,24.795410029195537,5.9975776176439055,6.0294644335636143,7.139203074217785,4.8635976156531777,4.1236525961749368,6.8074831719342805,4.5413913536433972,4.5016300636229145,2.6175320686614629,6.0645677300273153,4.8436595700162659,2.8668777433322825,3.5568199793760416,5.2857985960492817,8.2736830519000453,7.6909314795398629,15.457137598610997,22.227590732489329,25.551072414496598,27.410548624504209,3.2709774708518093,2.4802342759234568,2.0166745841641398,3.7718122750981293,1.8043464413623354,1.6088730855058893e-16,2.7468607747812062,10.322505236699469,14.928238145541178,16.23047206987744
39.647742220794498,30.516254835838399,16.718875011530624,14.481818674495447,18.397832158774666,28.990027354395668,31.080877634405301,38.758290567854935,39.123069251552501,10.131076582121386,26.598332130797306,7.9315091243917326,3.8692221485742437,3.8152194190802446,9.609888669355227,5.8182590357633845,6.3963692399464449,5.4108916048432496,20.25992501919125,14.211294310406833,2.5410620861119027,3.1882158571378003,5.2159539209008638,8.4406132755118506,8.2373534883913671,21.496244583849148,35.648987835113111,49.241958251519577,58.446594690708359,2.4231699439678867,2.406211915422297,3.3055681136300294,9.2214408859117682,8.1707889777119558,2.334128608604261,9.4722299352161397,17.082776272252961,17.263225969065271,19.457609079966655
34.226744675780367,29.831211469122977,15.213182240698828,13.356566492144621,32.125459300687986,36.38763723715919,44.324109795734223,38.946505489205329,36.141191721298391,40.309760088563579,36.988616126032092,21.07757321134055,3.2386301550806231,5.4061558072831897,11.607001465049281,12.229661554593328,15.116994807056876,14.410544813001575,55.166834395747763,45.042179035137067,4.6601258293096626,11.524505703494237,12.122785068826827,13.377831696538873,14.306815461742604,23.968925154510845,34.076581925091077,41.099797157380522,47.113704914355694,2.0162156473069284,4.8455640301842937,11.235995567244638,31.748277558306221,27.730639895337024,14.458701327792827,17.445458860435238,15.80416374206658,15.807260301597982,17.480362767129883
28.898461566539069,25.602440136023997,13.367453989930556,11.703920683657431,27.308542654035449,30.50627473349401,36.410026718104653,32.426878917538417,30.334019676995201,33.471535001739376,30.947035958750444,18.749612615404857,2.8963621718994834,4.9718667506418708,10.498051324234218,12.450159495545163,15.955026479553363,14.724343139582595,44.548722762694283,37.063454522104031,3.8045665039208814,9.9866571020384942,10.657763040910112,11.762230556723317,12.542693677597793,21.253144352607286,28.787747734002348,34.045997009677777,38.558575288784041,2.9965334501139389,5.1454990631475397,10.499892691442021,27.387797280461768,24.189046708502129,12.842767820916295,15.645052046768861,13.920145348389688,13.931291166530851,15.469422419186097
25.504144697863421,22.513557982244574,14.268494401187032,10.62170945815379,23.847760367761616,26.14971008304359,30.611890394472596,27.615486193723594,26.01195634063853,30.647265177461975,26.989286243701844,16.712827764964064,2.7634124162944071,4.6466901927708495,9.6339086106063085,11.338049942687244,14.419133111524253,13.02386679185549,36.936258274239634,32.286492151565483,2.8975172208492541,8.5592786829316569,9.2423687019473952,10.282411828779864,10.983614605434308,18.940489562480035,24.852912934520937,28.778641135091441,32.362538862334979,3.5297655174861071,5.2541829380665011,11.192201379841052,28.528504235261096,21.603401022114227,11.185815571700761,14.043063745356667,13.577631074396159,12.721309260567224,14.05834318994844
26.43666758967623,26.251373627943689,12.541129545745489,9.221041357298672,25.871339978703169,34.450406319527076,28.350961628938016,38.978746333245937,59.464933410089735,38.348035616802896,24.142560955258091,19.321548759315476,2.2460844130382154,4.0283100462730088,8.4778462338610243,10.333907483139487,13.06135106053595,11.654300184115728,34.476034514627869,32.539536124677127,5.8995787890954263,16.498985638009508,14.131418030868755,13.220690101966822,13.56967262138075,24.428169839989504,43.936008508507101,34.474126572064769,35.252191556441481,3.211537519147615,4.7296484487325205,10.19071074698801,29.649221033941838,21.144761727635487,9.8129554679728983,12.677063889765147,11.975726806878336,11.555940878695917,12.402195907086044
27.019722103891862,32.564352589438442,11.436066519740313,14.039499458736678,34.127048713667463,43.075669019428119,29.909214145304883,45.611111901334276,74.556546272862732,43.615017626388131,24.210163004834538,27.603235848904898,11.964648380495611,12.403398869175076,12.686773937664475,13.932064835873035,14.177265071619615,11.803404184191068,36.228774612365754,31.600057844803089,8.5852545705368541,20.239036286837468,21.278280845832533,23.718073523222671,24.77442920676117,39.097849266039589,53.893181976392448,33.944124352799619,31.455229558616519,8.0111227702404495,9.7526268104424609,13.290477094427807,29.960024499743081,21.364729254553271,9.2989351891241014,11.962122236969915,11.453501974120066,11.422103841671188,12.714533247732547
26.112741363472196,30.456196116249977,23.582280419757783,20.437841148791712,34.624082044682474,41.913796657323466,33.16792255688825,44.661545040471808,67.32973699320128,37.925912171541903,28.669493241694802,28.019962385294125,12.347304946746737,11.68784067319085,14.638830406108218,12.73202744634335,12.738384054837324,10.832873366886769,34.344615878184932,29.089140335832262,9.3406082711252658,20.548063910545949,21.52219454281073,23.126700701482545,24.069272425147293,35.47897123837388,49.278891824884269,31.476436591564571,29.047472038542146,7.4877552460093266,9.0490399126823533,13.561197636032695,31.207658139880643,20.634207793178323,8.154886908204249,13.02763243420331,19.175353245172069,20.708694091621759,17.202888974609078
24.707020469777117,28.372578573447917,21.039637885099733,18.244081046781314,32.308929045220573,38.700344515669293,30.033009634671401,40.943399995047045,63.922423914372658,31.989397846273043,28.326154166144875,27.571684359053449,11.712519166595325,10.754860548015454,13.122072521124178,11.694280162268866,11.701752560466881,9.9235854383681428,30.843109811960041,25.320652286388981,8.5009617850211487,19.597898183698202,20.66760028071743,21.957011732901091,22.774602464441653,32.196684234822811,45.70467837777489,29.606363773234683,27.893090882837299,7.5675621230841381,8.4078734696788384,12.248522191943255,26.800422101297965,19.164330240363828,7.0592656718238613,11.884304649258038,17.122898049630304,18.506340468320865,15.301358323429696
21.806605625844323,24.521341794686677,18.737937045418338,16.141125555983212,27.501742533396513,32.235230995297428,25.749257209432766,33.920744864786222,51.072108457077285,27.232240067444096,24.477442193944494,23.99340467422142,10.129511930319014,9.2479901782351632,11.426612701837151,10.112194104099634,10.1194218110517,8.4788522268039372,26.350828406283927,22.236857475697807,7.2649842357936585,17.432856985399965,18.572819199997575,19.830878977839681,20.488630261151997,27.415294400130563,37.469472641258406,25.536205163448948,24.273801583520175,6.3221149730686266,7.0876891380808811,10.6405139276663,23.335780880307457,16.989874781213967,5.847704663021954,10.292903554471646,15.134585372959453,16.411914615795897,13.445554365591439
19.45602994171659,22.015697762680706,16.620832776602963,17.305208219846548,24.592554860199392,27.923128435020175,23.013046217643272,28.762621834455629,41.486302494989879,30.377891838709619,22.29905102878779,22.051294787313772,13.450638144796333,15.178020183921047,14.367176657109503,12.428697331575616,11.053664013488355,8.7519954887508593,27.349127411282076,23.859232330659502,6.849158350839132,17.629335588307175,17.930536327716659,18.624396222984142,19.143845380571452,24.26222876575638,31.572058312403676,22.471179784429257,21.578934706733776,10.821953637123364,10.642877012668736,14.247678120258712,24.69011428540658,17.136325096951282,5.4938407266389602,9.7872014978466808,13.659277763537069,14.568536709981686,12.142749266639171
49.570507986226986,47.687914432049965,20.170200181579581,23.853473207606019,41.58708705607124,44.289894213108113,31.658455840792577,41.494649272338791,60.144037750259393,42.701738535044669,26.840574179893089,41.33913844420983,18.264754872697146,20.385902865608841,18.770209161677329,15.81673558655398,13.754576538221432,10.836081503546581,36.671797388621144,30.134374751113153,27.788882021089961,34.146903828489279,35.427022366521506,37.119692632326021,37.768172063245615,46.446415801170851,52.425720609337418,42.807377599468786,37.680767760090674,17.51527281817377,16.256686193492872,19.621421011267454,28.627800772387456,20.210663747411598,5.9880577856133721,12.012603933146549,19.217720510266322,23.572896549858573,22.642092664272607
74.392392208363816,76.208395938586293,24.072360656799876,22.501352023232133,76.549470304125464,80.291998390503593,60.411495495166932,85.150188371162869,116.23599611855754,52.418328741946922,37.142199789917136,87.337785692304479,16.461728026013912,18.321147736286648,18.685267996071151,14.327717565122377,12.283976673409294,9.9915334112006633,40.722888182959309,30.187413614962932,47.933722260827174,77.084940082555292,69.444387778805108,66.208628687310281,64.533873267886264,74.057543932860085,94.7592286471412,64.130323654437092,47.781993431933785,17.042056681327033,15.321639013171705,19.304707073702254,29.177496753236714,21.344721946204238,5.9474397935694281,14.127680966254365,21.078473744525038,22.484756290418233,21.949450290089505
75.41744592744331,73.213286938061529,28.30036068744619,21.697409414055532,91.406758181747691,91.10707344049932,73.671293325137995,94.794061949779376,126.78075745408799,58.424563184250204,44.065941012462325,106.0419583021515,14.526566749386078,16.266793464185486,18.646430380594222,12.81819778362917,10.836979148329799,9.4062382101385023,48.93623839097296,32.570716028291685,60.539395265397197,94.328120081579257,82.498876353477868,75.619872959252859,73.218429983325379,72.746183798978748,98.795802985358023,70.210717205733062,57.487922653592804,15.068877522566817,13.544818885423144,17.493989644896917,28.059434110131754,23.248863177837563,6.1459107500135275,16.159954969678921,23.50573992958779,22.462650902233751,21.850352098363047
59.738030013634351,58.172598132616088,24.932930731031643,19.673923215624626,71.55042340848604,71.379443658077776,58.334851143619453,74.13821722481822,98.007958798231357,46.96211180045394,36.318897022375957,82.483248229817008,12.721849118661929,14.336040452702468,16.669622353191436,11.146632325830733,9.3232513743226448,8.0047851961672372,39.945394245905064,27.640923993386643,48.506236760640235,73.736284623367766,64.903095533628019,59.78314196072678,57.991665363891464,57.787491736757289,77.221480474174527,55.8749003434014,46.31015489671077,13.219459885307618,11.816409253034626,15.451879600663368,24.281134424114455,20.698117750541588,5.0040367046470235,14.247690338950447,21.315376450703774,20.320721038045306,20.239358835185886
48.078031428212149,47.554895895502881,21.988059163876162,17.461831210591452,57.145829788190724,58.513083501165127,46.987300348081639,61.361905284762756,84.045038833587256,38.374435016654729,30.452398646144662,64.919846562730328,11.076115729394918,12.550816265374875,14.699400808943894,9.6174832835822546,7.9311316688743121,6.7166504595776004,33.140642114950097,23.965925115376788,39.587339012981225,58.355094493091784,51.794871462316877,48.188290820498445,46.716357203657381,47.719984468535202,64.905497912292546,46.31106495200703,39.481802352573247,11.5192509413825,10.28695354142555,13.578920742561563,21.459055013326346,18.402723647913234,3.9536619653940597,12.473436038787035,19.009922596081019,18.098584028980945,18.042729838142758
40.98069171541345,39.972926914392843,23.010820947741092,21.759397952224678,47.856714003558807,49.137864700572187,41.022075704495272,52.207521480714341,66.681739184811519,40.030816508621072,30.29734862268306,53.304677786797846,14.145685030806456,16.970605002058662,18.896550430784796,14.366354745877164,12.947830054727312,11.690872892034681,36.413180998943709,28.915024443693973,37.059624662672071,49.844221000538397,45.089877199087532,42.330117833491691,40.704955276544403,40.295927647349949,53.164757936537733,40.962487125300264,36.669005325490183,12.101688900201161,12.473071996359286,17.232944938423707,25.889366270128843,24.666138003705921,11.75214195680201,16.325375710224041,21.415027079166062,23.096023321868635,22.083820105444513
44.333837383458714,36.434133161995483,25.911059720227232,29.188774806736202,40.075507813547489,40.775476547045791,34.743754827114792,43.463367894816578,53.784603565850851,33.657666099388159,28.598863738736906,44.848890148675132,21.415970068418392,23.452853110216527,24.046085589564928,17.325685163357505,14.636641633817204,13.180308337354894,31.964405256527741,27.145181325823568,31.896117484667485,41.238522356148636,38.393077254253967,36.739927006607083,35.238846843323081,34.097473518593048,45.211273645775513,42.517232801339375,38.413475030785797,11.908756037219808,13.634903103155866,17.068508223616476,24.367122955157221,23.662794115245077,12.256749447741388,17.627142248403441,25.214582409173637,27.993058821081544,29.899835382587405
36.488331784727585,30.570723254231126,22.944770308755196,25.453644660196218,33.273586000730127,33.853746668726828,29.274556641780372,35.865663555980781,43.566141089326869,28.451215213438903,24.766601685561888,36.812674535014942,19.197327429728368,20.877415798682062,21.407481135092922,15.413234597190895,12.862062384552203,11.515286305918725,27.285396887678168,23.608863240922961,27.136801412904497,34.111850887810704,31.993223184716783,30.813991349453715,29.678588356415702,28.872560518838444,37.166784811494608,35.314999862381761,32.309146422927896,10.315616035835388,11.909538972845976,15.061538856996124,21.523068177691322,21.070342882970017,10.683274779199824,15.689825385358345,22.480064868994088,24.662686216736343,26.708962673598428
30.573441956535294,26.179199832205633,20.499508365218293,22.376227145847423,28.194364768960924,28.688068336744063,25.191161353366493,30.192186905908549,35.993275391775519,24.566963576098463,21.833177755758388,30.812824398211941,17.057563295365767,18.565939955146412,19.054295013484051,13.535477257046731,11.187407703757534,9.944805986422061,23.699194865716631,20.960454161511212,23.587702216660436,28.792568738831733,27.215162763686607,26.379502744791818,25.517148389146389,24.956269813048372,31.172567236372029,29.75713397537271,27.519066767251719,8.8439729604315094,10.311081881631184,13.212804378013105,19.160189756478228,18.743020796948784,9.1809991423301902,13.799417011744525,20.081662360863042,21.795464985408351,23.35044604748763
26.165553765330543,22.900762526377644,18.249975498800968,19.94479604506116,24.42335254608896,24.832971498439957,22.158990268864873,25.955589776061647,30.312032199763888,21.679091632854298,19.463752628913277,26.343979298357898,15.056961444761479,16.438258378764061,16.888127800162088,11.806848424062093,9.6458217989336852,8.4978059560795636,21.038094460769095,18.651352084823522,20.946503218264002,24.835305321171042,23.663741520661002,23.091724267409166,22.42376549665212,22.023586822502448,26.682386810629662,25.598783640524257,23.932187327852478,7.489366597183146,8.8397242313062918,11.511484752361014,16.985600906241832,16.610444592061629,7.8044392046820557,12.064563715138677,17.870200736370318,19.454221636743249,20.794427348505234
22.918363842393433,20.471872028234205,16.183990876431171,17.719870201220516,21.614685780984008,21.942015509130137,19.768324949761368,22.781231317886974,26.052039550592443,19.309075788362431,17.295007186614537,23.023206986240965,13.233642520330399,14.480332147074931,14.908757974171206,10.214952469170075,8.2268063670016769,7.1679014185226091,18.728826001230981,16.560090798502284,18.635361564535835,21.886177831474892,21.023036579709135,20.63669079783255,20.031349330706743,19.671415086409652,23.329572884503989,22.516873554207486,21.2623877944011,6.242636825230468,7.4855743112656938,9.9469737552914363,15.002884396714773,14.660938787156397,6.5419602670623229,10.475577858490736,15.83886823791037,17.30581722043409,18.534412620184462
20.478899802713496,18.230685720393833,14.278517034629248,15.672747327608034,20.058234854936487,19.838848241642371,17.623276385833304,20.376581121280637,22.850234710108904,17.766695661750408,15.293954554035944,22.76115788209334,11.530662316424591,12.677926732643126,13.084638459385324,8.7491672101250799,6.9197131920525408,5.9426716243892317,16.612115549705361,14.621377528503174,20.655459242014473,25.505589802140591,22.834519926802145,20.889439068250997,20.163412208359251,17.614114819130968,20.809542544356962,20.133698996665604,18.974229861542391,5.0950611766466656,6.2389934916892402,8.5068861330028813,13.226530476191927,12.861567259462518,5.3763079054914558,9.0090014370669653,13.964947239604891,15.323191948706055,16.452747669324634
23.311113631757163,26.255090304637704,14.70275478780421,17.790686122958384,35.716061879904949,31.734338127499957,26.418085995103858,28.763102301694705,35.998348314466405,22.351257155572146,21.11814218692577,43.734924381607513,14.184156063993303,14.087671987631063,14.054528744741008,9.8601517250589126,7.4088534166738746,6.7164396344345452,20.666071134604859,17.293493832956077,25.690888373138932,28.839076894537168,29.450498223360363,28.685355089650564,28.74004415809716,26.172893406025267,31.138983461876791,22.811574541291446,19.332944538339934,6.979439884235922,8.3378418268029471,11.033298285061525,17.316045448790316,16.568716762346387,9.4802438431111131,10.942160641280681,15.539234648544054,17.986189265055536,22.824938152018142
24.905212031886208,25.066309552546269,13.098784430511415,15.831935549556558,30.007175807782588,27.091933256092219,23.117938535429975,25.347344601280085,30.285394370185902,20.618670867057595,18.993464618385275,35.985487580876303,12.423140004717821,12.315980750728063,12.355350535860966,8.4202557143202963,6.1645657390562834,5.5503510895253578,18.887456187065688,15.866574761399841,22.551874245403042,25.084148311528445,25.3694313620354,24.770347237566135,24.807132943707238,23.03858648793258,27.736385642840645,27.213615552875542,28.021555459281867,5.7856231309767407,7.0384847654363076,9.5352689230940744,15.717189286952268,14.863132919180915,8.1908729116648864,9.5561781289669305,13.771243364867075,15.960311889294717,20.529973849034047
22.907397215803684,22.552153674638717,11.425260609656984,13.928439922924651,25.817432426151715,23.597687840522362,20.594423184624187,22.297314145168315,25.973848364516112,18.330082450950481,16.838314577072634,30.296010860566778,10.783721445549148,10.685102923003614,10.720693276490872,7.0973968256639237,5.0208484786131962,4.4513618600541358,16.733746415847143,13.954789842136108,20.12166809696242,22.075940035071206,22.350753138628232,21.934700677548314,21.962521839216805,20.609650319083773,24.129537598671561,23.867487589011475,24.309056412768282,4.6738686603877282,5.8271077704414926,8.1256618529132769,13.815518100940142,13.036981316536655,6.8983179345247425,8.1712668108143749,12.049282791231988,14.073444327794352,18.276564712772146
22.933838485483971,21.065416603034802,9.9030223439306209,12.256301157673974,22.609568897928501,20.974461140397761,18.337180684656452,19.921436351847088,22.752343926976913,16.221431621794203,14.926863980922967,25.944069219752205,9.2906063590690273,9.2194846885584489,9.3234505622377437,5.9362796812480658,3.9881140790076914,3.4629467201379658,14.750515112049435,12.193843861612665,17.887650996393536,19.668908360086881,19.923432166105563,19.561154136437654,19.580785383706591,18.439556833282456,21.620174828066389,21.620864852365674,21.574449840585977,3.6504269147126305,4.7164068511663482,6.8293061674758313,12.064944330302396,11.348553880974055,5.6975630517151323,6.8887785192523694,10.50189555398773,12.332985426278707,16.207578081153894
22.589730454664576,22.544984586411001,8.4824690251317509,10.639947824484253,22.070457936634359,20.325896469437115,16.388568100151147,18.063691929248645,20.453680929042836,14.289020156864741,13.112096394815593,25.863194668856224,7.9052603005669777,7.8349973562179152,7.9363203477990316,4.8086996080292819,3.0152681169847431,2.5311981808962152,12.935160751771376,10.584665019190817,22.869301537563743,21.2995546023065,22.680364162190703,23.071103052833642,22.285259608026415,20.817990270694175,21.171126194852679,20.346944330752709,19.38879770420878,2.7084912843865836,3.6897161598838317,5.6361910545548621,10.453569608814536,9.8087738730609075,4.6000877093272639,5.6994041468662751,9.0384571872153945,10.732285194807513,14.309155043650517
20.274699790570406,20.195723770827108,7.1716175302731502,9.1515434884577598,19.69400568436992,18.106893274626053,14.46665563861186,16.018006451792438,18.223821500974879,12.612292850960705,11.439000773939723,22.655534271478615,6.7065672354887624,6.6537833400586486,6.6740711530310817,3.7772447152898949,2.1193178564939954,1.6741428552388886,11.278014731767879,9.1072194405101925,20.404423081502184,18.982804010188534,20.234845042695756,20.596840480609817,19.88970227280446,18.550482795675702,18.880629168543365,18.169433529900701,17.245898901630525,1.9436553975326527,2.8146018821962531,4.5830004021265376,8.9706841446544612,8.3921877182531244,3.5880574668397474,4.6027369314543281,7.6870954367546034,9.2710342612688166,12.554505357423679
20.964305025551557,19.798832270966052,29.160853800885199,14.625888936872105,23.209465687508111,20.70034664653576,18.430758512203354,17.310978605914496,16.397199275331875,24.72390972944115,23.360023913042401,26.735228384189121,10.235422032402839,10.697099651465901,13.492577546976328,7.1841057537042099,4.9293413970514885,4.378994638719127,19.600426535089046,17.265866553499453,30.620925856808203,27.72188262281507,27.936437407972964,28.486081539877855,26.370331082299508,21.185519731706229,18.078553594290117,19.406437050773025,19.604256955683347,9.8660203516581291,8.9281810644296709,11.666695471803328,19.943630526553829,12.363502553668052,4.6416693282255421,11.775806998317695,20.898373779575969,14.898961342454085,17.599360605503826
22.990900878963455,19.994249054369551,25.357698051646334,12.914837929943923,22.065211629789005,19.888845197288234,17.451580850228556,15.811219437075607,14.478942160327389,21.84817240124125,22.292486342271641,25.065826092445533,8.7697586005527857,9.2023838489127456,11.86575354750711,6.0251686798826469,3.9702615730089748,3.4677225281604334,18.204550029961858,15.461963703347459,31.15753181771618,25.420735449985312,27.633008067191504,28.743921178714839,26.297914647808735,21.222063382293442,16.807956368071473,18.187298169212358,17.435058254809505,8.4693265632291617,7.6103753800824059,10.167678263170879,17.836860687202869,10.989920365760746,3.640818794636123,10.352859106357952,18.777363544940236,13.136083028536815,15.691782798373595
20.614399860238674,17.956229621311657,22.307081302490907,11.250010895814734,19.723939586861309,17.767983062495546,15.418187967734445,13.937060492181576,12.70810856428256,19.459753558674947,19.905509122801014,22.170441868245259,7.4540192665634395,7.8188597228714798,10.268885429855654,4.8920717935450222,2.9994737985060023,2.5347773698689511,16.104256425547728,13.581037379228347,26.913235659344878,22.761059144670302,24.529154220130408,25.6796183059163,23.580831899714941,19.322902012866983,14.951694956900877,16.477615137345534,15.93894028823423,7.14423348159987,6.3534855232160998,8.7076011217306739,15.76634984900365,9.4768857075175283,2.7771450790882763,8.9115661159446145,16.666436216007661,11.465867321953246,13.818337640217282
23.502069582930329,18.826130723267948,20.841008004062431,11.200424574733818,17.511712137296428,15.784839238592189,13.577874977329021,12.896409019816696,11.137837664603527,17.260981578027643,17.771609519811904,19.758021829997237,6.833788612972433,6.848559956495925,9.2672633752160554,3.9354462693671199,2.1065148736722201,1.6761372482089667,14.169818416759925,11.847761182035745,23.420082368284174,20.298151150379894,21.644878042598581,22.522029117595668,20.952884701433589,17.424470347625661,15.285542740447735,26.992559209800401,31.063336762330952,6.0223630905282564,5.2282883939245819,7.3635964910871303,13.860458009121533,8.0699451934431696,1.9021803897791041,7.5852771064343765,15.948990395465907,10.797324339206273,14.456309459358531
21.877377367525259,18.015968654154754,19.643885223217492,10.795744656543608,16.53854621997553,15.970609963627805,12.394526937160022,13.740159106753085,14.545203523419513,15.243401003853258,16.517374386989452,18.131064258759736,6.801683747362695,6.3807910255460216,8.2712923390347495,3.4901847833702062,1.5925673872646477,0.90469555398234092,12.648091582883385,10.29188434096797,21.132819850986188,18.172151090826013,19.999981480396478,21.149509546482946,19.850980817028876,17.266695606321438,16.674447233765552,25.692774865296364,29.52689757597652,8.1446960321204713,5.8698498164078625,7.620717902681605,12.448350315480903,6.8934138386032959,1.1001539739797954,6.394699106058285,15.422678808484186,10.943946584141122,14.908458362487266
22.934723030592686,23.936261421980038,20.895226238236919,13.480151383118253,16.656311961997833,18.763114161654006,11.47381856189155,16.756836450982615,23.991099925737785,13.38560293368505,15.733660602553911,18.454819810594977,6.1353393817788202,5.9073403533341473,8.3481209535944139,2.646581570437379,0.81061760356725487,0.21645660356847435,11.090598660949981,8.84741303686706,19.920903447837194,16.929628915999235,19.156315105989883,20.39225627937882,19.208127019184232,21.017136593685997,23.704319019646622,26.840724516887189,29.347386994458596,6.8525039945575967,4.8063392556334259,6.3742045267265537,10.817771058953383,5.7066778305841428,0.35917905598472416,5.5251724220913916,17.181083878152929,15.369181159537376,19.62938773558237
20.501232621256261,21.21732744560137,19.175286554130114,11.895123209047675,16.607874476200042,17.852378714342596,11.128622224528627,15.08201741324563,21.283700148292045,12.664509815322045,14.486376530250515,18.771123416077089,5.2338089888414459,4.9927872349680404,7.16867526978724,1.8788541839305484,0.10219220500521785,4.4600837054555335e-16,10.806082698808442,7.6421954618789636,21.753361255224025,21.890974833051391,21.063728998518354,20.308884419690358,19.039790097038882,18.814765729811885,21.080132890665023,23.417212681975318,25.561784179242462,5.6691898448612532,3.8533285461196605,5.2464444887593418,9.3992264085702715,4.790642519304364,1.5507555882208632e-15,4.4749722189210273,15.296285961594126,13.530055633339609,17.585350348898313
20.226199705963097,21.772476759974044,26.447711578806551,17.669863311216453,18.809329348525235,20.065817529979707,17.387260343351109,18.993734915925405,19.338624169741482,13.38008073711174,24.065721313621175,19.974109973071396,5.3168746955063426,6.2342454728823071,16.158937693950687,4.6352402886260089,2.4336048037804123,4.1016334133766437,13.949046228001368,9.4677991098051031,19.621590259627897,20.759863849564422,20.064121577531015,18.939067436062988,18.068730081234438,18.338179538970881,21.400214556717309,26.311960841948142,32.888262295457217,4.573813613813277,3.6157671597061642,5.9141501636145311,10.160765443565301,11.960360705053859,9.4509262290283313,18.190252838490363,25.403916459252464,19.64353377763824,20.513188983529538
18.652732519513467,20.179471787197365,25.177805842055346,19.873711477600139,17.418729559050846,19.213486694167965,16.689964836747759,19.528293341608045,17.796114818091059,11.808043218656177,22.992599919768676,18.020829152877504,4.4549841277219242,5.135575865305654,15.840670297037571,3.7053389007787594,1.6286417014615537,3.2838415490722586,12.609835938474138,8.0851045289150498,17.506531509599721,19.133439969912239,18.273929724280002,17.052143123763727,16.230746366798641,16.706185805623516,20.359174898501362,25.179422931527547,30.021938785284807,3.5589354019661879,2.6876881586160355,4.8079823329737472,8.7121916170526656,10.51563450052787,8.0705342355818921,17.543903405354662,25.421266839064032,23.341574359913167,24.218060163153165
16.757472211035264,18.076458137526021,23.912177658966574,22.222957355729395,22.511771770726746,20.06583653928482,16.834565347001686,18.289406027486024,15.817567922988697,14.25257173434068,24.096338240747773,28.054224910446791,6.3686705984607013,9.331435406924772,21.230248274548675,8.2489953069396709,6.3893917358038301,7.5467055912876528,18.696943554343001,12.585594504519957,16.850488392143326,22.284562992251335,21.403824993350142,19.670880274543631,19.35155828210598,15.765753125848761,18.374195687500116,22.658757862661961,26.213361458279039,3.8979297843838512,4.6587051246798676,8.6760082999233052,10.958171210741622,14.26140233362363,11.230817411542436,22.841945904773556,26.426494181792517,22.139529827389055,24.640142817846211
15.956147544995295,16.458113808632309,21.324564088276379,21.340575639670124,25.040826148149257,20.710057398211394,16.550012066950394,16.874069700585423,13.960433127275731,13.700286335461964,22.455776892949956,33.442897668008641,8.2707262113647158,14.330075627593006,24.006543354656515,18.348847316784596,19.641091950015877,18.742806635219893,18.010588013129112,12.912293532490516,18.52655703011051,30.174445207860035,26.515585000212802,22.63237280875936,22.56217255179337,15.037558348976001,16.84834310596754,21.251983688960568,24.256098572916411,5.000619817106732,7.8608088471457069,12.588223770005984,11.481752284992373,17.067989991312491,16.06968455161158,24.192126842537981,23.582501207733873,19.842418300789362,21.916445823758458
14.057878076567338,14.522498063656684,19.057173933551908,20.360601528653856,24.807109621571758,20.344309207638148,17.008793013299449,15.437654922538565,12.238891639479727,15.955953889579357,22.711623555999246,32.169521213924234,7.3214478182486467,13.581467126769976,22.631660717838145,19.052491222052851,20.822315054141065,20.760878326825857,23.77885867231765,16.787422020927547,18.507606357477904,36.124091089199226,29.293143415246142,22.962954312655491,22.984527660348419,13.33105700926707,14.903734438031075,19.050982338792259,21.519085632294534,4.0106670140412337,7.5067458792606327,13.227885202823712,12.492298273570857,22.255549430544292,22.914862956538091,24.527322003983059,21.151225537596993,17.693107506760157,20.030369000777384
12.314912134059957,12.755971369210791,16.934557640453701,18.188401000269941,24.241521391629252,20.080748151797589,19.192068732035391,14.453802714445025,10.660939843116273,14.062871971806729,21.253504976937034,27.770724726608933,6.0899738226350211,11.849735369972228,20.188733442468962,16.884892613927526,18.514424048455457,18.455721250936403,21.602006525339952,14.826658541606859,16.382658030770973,30.355391228630545,25.254989351358695,20.49958061352935,20.626587332497923,11.887273376706924,13.309662806116696,17.006255180438639,19.208125786618879,3.0398605033981121,6.2580272768387806,11.524434564376939,10.849428409136587,19.956357218964254,20.465622912447479,21.694186431512851,18.866556121551493,15.680399601922339,17.852162393698588
10.696021558251637,11.110973828176597,14.974614058986448,16.097750437902096,21.455543986992062,17.869329051477845,17.018195839415199,12.682427359306637,9.1834911708652101,12.290859653533854,18.93827520625641,24.074579624330894,4.9533683219097018,10.255662831128046,17.934342800614601,14.889405325826063,16.389879312101904,16.333352283408484,19.238482457582272,13.001746107895727,14.429030318529934,25.992672569873733,22.228484846679997,18.246897880437423,18.373075972159665,10.313943021091616,11.628792458788867,15.042859490927052,17.075354656634879,2.1461525565800339,5.1085576114564626,9.9564103853706012,9.3317481323455542,17.726633983535354,18.207762756779431,19.351384107628387,16.761783353988992,13.822820374854983,15.823961813838928
9.2162951958400559,9.5960871818121003,13.170486911808805,14.203395965915519,19.13508721494426,15.855896133235232,15.068990170782318,11.082749931793503,7.8273982520544267,10.6591624761333,16.921444277653059,21.317100511273487,3.9067260338931078,8.7884592774796868,15.919503623319624,13.051321305049891,14.433475299152065,14.384913454622525,17.094768011053699,11.321911706636262,12.630692434421995,22.738190045366292,19.818131588962419,16.183530665638745,16.289244193398687,8.8638516813972483,10.078945588830724,13.23269729249394,15.127806796718549,1.3234486166946589,4.0505300054421776,8.5133453870205411,7.9341496966499934,15.678036735366078,16.131406222771119,17.22324263196926,14.840219621792913,12.112458660234003,13.957431654195023
7.8601762219004581,8.2136848206263924,11.499065808056008,12.441110457158592,16.991692597515996,13.981111067858526,13.229586327666871,9.5742725194053371,6.568859060628724,9.1596657325885769,14.951423892478104,18.9983797748908,2.9431642839008272,7.4380219821230291,14.026427387225914,11.35881749035719,12.635713373169251,12.600975616472486,15.111465890501369,9.784484452867348,10.979472916478837,20.307289477557518,17.620183944953666,14.287425504430534,14.376203716472414,7.525661454243866,8.6484322485322256,11.561462695453292,13.311099101434742,0.56581345954813589,3.0766718305481127,7.2012196218694333,6.677756541964591,13.807825622810116,14.230147934183453,15.244811931546243,13.044720633158393,10.532636485906888,12.228366763978892
8.2462108346009266,7.7166994810155281,9.954727635984689,10.816226551773925,15.038230866126623,12.256139873868431,11.547930728573762,8.1818107509844751,5.4061967677351506,7.7895045428194782,13.140393009839004,16.900371886888141,2.0778562873215072,6.2155735243789696,12.291846315586684,9.8016975590012567,10.987107213819211,10.96110406611227,13.29952787775912,8.3721491408267728,9.4815209773185298,18.069607539434237,15.640203448242438,12.643094868492708,12.687856039104874,6.3990097339405017,7.3391862119120601,10.102059983656433,11.630740970462153,4.8439649540809248e-15,2.2169685568024904,6.0134898197272557,5.5331636109375006,12.086238634822973,12.480824516527536,13.417130983813154,11.385936118577117,9.0676888020227153,10.634178436771371
10.251169841189403,8.0920413694487987,8.5307562810054929,9.3381192728264555,13.387696820474595,10.852345875125737,10.08815030546018,7.0424302574864583,4.3440292656831074,6.5210124365306843,11.556422310492881,15.02437106752107,1.4210085938211727,5.1451802935354696,10.691781971977239,8.369160449151174,9.4692838862322759,9.4495818781517045,11.682817547799244,7.0682568514477087,8.1381164653141234,16.07613018552459,13.932451609306801,11.180482078732316,11.204385716624911,5.4147693185375738,6.2339202290692608,9.01381618180638,10.118020800237268,2.8747860049460027e-15,1.5825346591562155,5.091034714785124,4.4965600142834594,10.502220703207989,10.865499208155383,11.729311734632761,9.8552130166922485,7.7495394532507271,9.1854766671525958
8.8057411767769462,6.8038452648687464,7.2162845158774163,7.9756262568160272,11.735365282163183,9.3635238872876787,8.6640180843032759,5.8493264287536322,3.353904044340716,5.856481539835916,10.024466748308981,13.336788904349977,0.8834380162339035,4.2503605249599605,9.2674871181066365,7.2753649470834691,8.298846053448333,8.1976997103408795,10.391106220553446,6.1385223008456311,7.1594064682464342,14.719183239560124,12.497131887688873,9.8199564583102248,9.8345125438030099,4.3901263238928152,5.1279797162353047,7.6633221507173657,8.6832836600261114,3.6294794324089809e-15,1.1976719411679337,4.5327984315050305,3.9978464665773128,9.1304965286026754,9.3867765546495914,10.183827714567387,8.4422811241600417,6.5417203377783899,7.8265520891206943
7.4581498654638105,5.6171970485400493,6.0014372645028775,6.6963007954601608,10.174239407320675,7.9884255958302894,7.3328611040233751,4.7423322132588757,2.4384412663098805,4.7379617196410058,8.5930093636065674,11.644863505763761,0.29023102483048407,3.4108045492132741,7.9303972244903971,6.2991470128096365,7.3193700230292116,7.1341881130056128,8.9276889647107929,5.046185972528427,5.9625203014763155,12.915094282441423,10.87035216776375,8.4111158748240609,8.4202106227514264,3.3950406457534705,4.0765858965894761,6.4172815575243813,7.3740267765822027,2.154338351153809e-15,0.69177354567952987,3.7711401010930001,3.1569891071682084,7.7823621446871414,8.0258508570855014,8.7661968540391353,7.1363920522369471,5.3826681012207356,6.5674381074935715
6.218289089647544,4.5243761774887084,4.8814354231462511,5.5165699684145793,8.7327464303566096,6.7189703064210518,6.1061485440628456,3.7208685259190641,1.5940111220441335,4.1445264017722252,7.2716813859903651,10.081956903593097,1.196477651795683e-15,2.6596145155510715,6.6798009337312614,5.2703717294173478,6.1699942443168103,5.9247258507005238,7.5770102225060505,4.078675798525393,4.9216303886094668,11.34710209226415,9.3679155756664159,7.1094591040893507,7.1130577199067151,2.4766223684870496,3.1062829466638617,5.2674571197868927,6.1510242572672738,0.031310006402726617,0.44609357338770916,3.3415058047920376,2.5722396291971599,6.5343523434089219,6.7527857447334858,7.4356799941185745,5.9312106899564991,4.3471796129979081,5.4052865201039344
5.0796146032835843,3.5214325090485561,3.8480998086913991,4.6941109399170484,7.5610442664875199,5.5767215561408587,4.9973532840251549,2.7779354710966322,0.81478232598121947,4.2119955775344868,6.2472138419076026,8.9292639986652276,1.0169589367214131,3.2664312160621969,6.2012631520902683,5.7128415251784421,6.454701594199741,5.9113710679377469,7.0523376998303187,4.3260160327905117,4.0599657660327697,10.168042720703172,8.2278583976051394,6.0946424126315248,6.0852426651835785,1.6463824771012883,2.2105859026375305,4.2063588191725048,5.0221874107827791,2.5253529020884393,2.2566170312760931,5.5817016236760457,3.7196982657384399,6.6169989474176081,7.0380780325829564,6.836934099599886,4.8430848550657783,3.3566607623913782,4.3438054839208178
4.0265299119520535,2.5908136096570442,2.8928169432177286,3.7069025202837409,6.3214832407907924,4.4920608497870163,3.9525731396974355,1.9072652012695017,0.096791123379535951,3.2310829741251226,5.1926923864996581,7.578722091030806,0.46306275117760864,2.5431008505199886,5.2184268186169769,5.1667503377071302,6.1016441998729354,5.5533384788266602,6.0081285031813589,3.4678952486276828,3.1040903606279193,8.8430221518985803,6.9326190987737677,4.9708915711872494,4.9587441271675008,0.86302943690142397,1.383416276035049,3.225683690826274,3.978611152940549,1.9224317329949796,1.7107006306477703,4.814881096853556,2.8483640586610175,5.9256540110006624,6.6413287324450376,5.9714326308447196,3.8276732592859415,2.441832539191521,3.3555354759491673
3.0916098775586267,1.7608717215740117,2.0126571355709872,2.7598678284235785,5.1776053273812135,3.4907003486477213,2.9886246919248487,1.1040033571065708,5.1111949973213558e-16,2.3833383154122751,4.1336921929985397,6.3326138804644874,1.1187820896167387e-15,1.6866721149727051,4.1543248801527879,4.0982962349270915,4.9601451842833812,4.4572156825044535,4.9067255350085555,2.5441233888382491,2.203571990386445,7.4964618592065522,5.7369296655327,3.9330706672614322,3.9191489646888678,0.1412235708036671,0.62082142717475974,2.3211007373282193,3.016011128461606,1.1172703997194522,0.92218637638651646,3.7786507141827905,1.9649925752713797,4.8057960473240033,5.4688437017048912,4.8535378799526976,2.8764027343220961,1.5975539081579659,2.4404813948055764
2.1969858956090493,0.96802319611649423,1.1996652076938581,2.0130411292391583,4.1200732547348897,2.5872043158998781,2.0983562947270729,0.37917952215757506,1.328441609633435e-17,1.5484300494521546,3.1656519426343435,5.1796221064628263,5.0247395868196759e-16,1.1192391165590228,3.3154877914712002,3.2539662021397464,4.0619668455912192,3.5641624546492601,3.9314328578180491,1.7273043471623049,1.3726501080474929,6.2495766285224281,4.6307860594696075,2.974433070680857,2.9586805672807182,1.1296609196813242e-15,3.5338925532099952e-15,1.485866224303116,2.1271977885426572,0.55345801209320056,0.34084796495302055,2.9925613781515437,1.3653876473092945,3.7835474403551417,4.3858346901135992,3.8264556974085058,2.0032882843018829,0.82095353047977804,1.6196588155484362
1.5029061470463962,0.27570354549263448,0.45062911149361301,1.2078596650511804,3.2389210636394132,1.8687280187514916,1.3631836819995109,2.7662121559202899e-15,8.7748290052103137e-17,0.78814121227899014,2.2888381292646338,4.1698791680335541,8.9542673521031343e-17,0.37673522628119305,2.3981078788940198,2.3380801691687823,3.0823593674452745,2.6328576206229908,2.9954054712679326,0.94171603741016896,0.72851281263854983,5.157262863927115,3.786824243352763,2.2832869089354824,2.2381606938846197,5.481914148138433e-16,4.3997566127328263e-16,0.84451128560788558,1.4204583866172946,4.4142802325641241e-15,2.3181390953263009e-15,2.1883016235654535,0.77481264487405088,2.8321500630173095,3.3901283757727327,2.8734115573925143,1.1919521830887585,0.10251027529890767,0.84035410105690522
0.77816198663305514,1.5095580516003785e-15,1.9583994738419783e-15,0.48055273376758795,2.3500974626893192,1.1343991152229771,0.63305493353826825,3.4976475840391116e-16,3.8488143160046427e-17,0.072105869055679311,1.4784150429554046,3.1874004574357766,4.7742500784160139e-17,1.9019524837337741e-15,1.6437724112232481,1.6102736121502934,2.204174234945147,1.8029313280202659,2.1591767705704386,0.27756530461820378,0.035121810111491056,4.1251115925554469,2.8338070755637803,1.4512246258815931,1.4079860804558109,6.2498775268058045e-17,9.2736800473889454e-17,0.14942022953251241,0.65486609810393404,3.6181186839608803e-29,2.934351758950383e-16,1.3880821028465877,0.080119210936580518,1.9942008900500443,2.4719766876151583,2.0138491523331843,0.44413705428731076,5.7903386492681013e-16,0.12502531842083925
0.073484282122767836,1.3332003330346376e-16,9.0282163857456547e-30,1.3844314934097253e-15,1.5114157421286012,0.39127403771102243,2.1895523156792698e-15,5.0707849728499557e-18,1.9979036320453231e-31,1.5547786444717444e-16,0.70752725976717834,2.2814607212076976,1.3438436705004313e-17,1.7941793535153194e-16,0.9045626675077949,0.88210021279758932,1.3827114988727571,1.0072851615021348,1.333988032236255,1.0040003253806089e-15,1.1487547621659796e-16,3.1442054601196743,1.9619208835978446,0.68816672394500078,0.64281939803614618,3.0874782301862148e-31,2.6792913648681355e-17,8.0697469760122882e-16,3.48952334066701e-15,2.8794885135371248e-43,4.2786221554036611e-17,0.62751108879060358,1.4614271847742262e-16,1.1826386968541056,1.6244904870129446,1.2018431819203035,2.2947964573998671e-15,3.1904123240195213e-30,6.3123843242573808e-16
5.6797831356837446e-16,4.1858896516005608e-16,3.9979565633427516e-44,4.9546284792323066e-18,0.73788705693941414,2.0696187396556292e-15,6.7553758100353836e-30,2.5817043454135474e-32,5.0790037855276625e-45,3.1829948184879819e-17,2.5399841410797494e-15,1.4455661954897887,7.2575669430503167e-16,1.0827382276238129e-15,0.24010934658405858,0.32777094809651885,0.69179561555997926,0.27986709549079902,0.57375994551342779,3.4300845267308598e-30,5.9703402148443642e-19,2.2384985108454409,1.1510791990987559,3.6606501683430837e-15,2.3888387019500628e-15,4.9181742177721842e-45,3.5059955847654639e-17,3.1120938608289322e-16,1.8186998390339572e-29,0.22454514800185238,3.9010271816644089e-15,0.24606536168254245,6.5612225803371387e-17,0.4348543004136543,0.84232140418308954,0.45302052556873657,1.1635439112136158e-29,1.7416314889072716e-44,3.0657892288467693e-30
2.9206237507354622e-16,1.6444164549374801e-16,2.3424992447741724e-16,0.15863185914456807,0.33470370302371238,1.3620054185508499e-15,8.7465675415637715e-16,4.7635198734800088e-16,1.4745780329455553e-47,1.7831962162406796,0.090021898772316131,1.0710751254236366,2.7799034728448415,2.4459817310000878,1.4264650377450161,3.1216501955827725,3.6505987712489159,2.841268290626271,2.6072570248480726,2.4173277246061402,1.1809872091406001e-15,2.5955762062268661,1.0179419688895717,1.7250198735600589e-15,1.6126400527961349e-15,1.6045577650245671e-16,2.8731190527083471e-16,9.8180341797525781e-16,4.9075674289658158e-16,3.8795727477798478,2.8869876604895355,3.1239147472400681,2.6627829291282454,2.9582774328792421,4.1148978811445538,1.5182544268726235,8.8489461950540761e-16,1.2521610767643057e-16,3.4510078875630707e-16
6.2088066723305442e-16,1.7287582472170597e-16,1.3737838622627125e-15,0.12140164801155562,0.30419802802679102,2.898956160853103e-15,2.2314030156302338e-15,1.0340345685913726e-15,3.2012519960999781e-17,3.3774389703108691,0.62859158497460421,1.2034697228790845,3.8972331522486985,3.735516916785159,2.3852058085190526,5.0342014381058515,5.9435517448164061,4.7740324783010815,3.6955649491985376,3.5606053321985547,1.0898142180127428,4.3437349938582805,1.7837701617034278,0.14106379742117686,0.099977018946194554,5.1586461636561311e-16,1.1925563733743841e-16,3.1304860995303737e-16,8.7465891886067698e-16,5.1616105342227367,4.2153823306229254,4.761433630234567,4.3252859981963656,3.9905133396358696,5.2066663678122254,2.4482969466440552,2.9350586797548566e-15,9.8077700184136631e-16,4.624588998639373e-16
9.485859825039878e-17,4.5920503031954805e-18,5.3535881933620177e-30,2.336093054906239e-16,1.0918006134532487e-15,3.5448316941618679e-16,7.7248786701614198e-17,1.7666303266118079e-16,1.5961935757660653e-31,2.4518419557526072,1.6392159749754755e-15,0.45837361586787556,2.9337017315945957,2.7857419315350151,1.5393232539319244,3.9780153762983179,4.8146201841576062,3.7366611451635769,2.753188181347709,2.6220216424100502,0.3646169359049542,3.3468222616006136,1.0066061568188847,7.3032492981225771e-16,4.6624205643366544e-16,8.5187955125950366e-17,8.0695170363793062e-20,2.4861967351127599e-16,9.6355879637449553e-17,4.0992205528811976,3.228056670562887,3.729516752150952,3.3280802148041144,3.0182654625586576,4.1420290046047121,1.599947171589603,1.3334091166825999e-29,5.1377243226069044e-30,3.1097084061035465e-17
4.0970497883071355e-18,3.5883013085300389e-18,4.8845409518873184e-19,1.0832029113662629e-17,3.1106858055516407e-16,6.3729816747578597e-16,1.8084725771642219e-16,2.9250532645164941e-16,2.4189503947512416e-17,1.6019751267488962,1.8544000022418701e-16,9.4240490749085394e-16,2.0785882358192698,1.9116183177103465,0.76146277054323341,3.0065680157729107,3.7764148201853183,2.7815728331459137,1.892752987238645,1.7713888701911558,6.9355054231883188e-16,2.4858082646984485,0.37713720726329075,5.0991922893847411e-16,1.8726671572161092e-16,5.4300335902985662e-17,3.4670223027177028e-34,9.8603682299083834e-31,3.7180142258810773e-31,3.1212647410422671,2.3192064803333263,2.7799558414954046,2.4140206926543932,2.1216373118125729,3.1583058560297221,0.82581383572604872,5.9342961037409457e-19,1.3856513309174519e-16,1.3555657809263203e-17
1.3235426561788021e-32,1.420379674243663e-32,6.1266886081671707e-18,7.4784036235978914e-17,4.7434699874509794e-17,2.9373436769158136e-30,1.024458627220191e-19,2.1295166616365346e-17,1.1506474163011871e-31,0.81911544496541799,3.2129570578729285e-17,1.900090239595855e-30,1.2774284022129252,1.1075437112296747,0.061391859512368051,2.1219628476889438,2.8190990032565759,1.9035511738231685,1.0911571392121402,0.97611245399676305,1.2269768570887737e-30,1.6315900291965768,7.7437263057322757e-16,2.4089889252803752e-30,6.2888159630478882e-31,2.5821419286096182e-31,4.8948652296329326e-45,5.0395942792265718e-45,4.8667555398577038e-45,2.2210144464596469,1.4837696142061549,1.9044694790377761,1.5654343480177828,1.2986631473063288,2.2558902171748194,0.10678661906646535,6.875787377841784e-19,7.1901121272844178e-31,1.3735718494349185e-17
3.5658208584981302e-45,4.4141976247024566e-45,1.868570678113117e-18,1.1965412609182883e-16,1.8248432140961295e-31,1.5290269643063066e-44,3.054854016082305e-34,2.9171680309606123e-18,5.0518876980908377e-45,0.10147585131743084,1.9533381225840255e-17,5.0707133790630304e-45,0.52176646268555082,0.36842094067072212,2.0933180025619046e-16,1.2969094433073911,1.9388505673744514,1.0973199875311639,0.37018116670253864,0.24498923666351113,6.3745909644823325e-17,0.84696125986118376,1.8215068205737307e-17,3.2465815646375723e-17,4.0577223347103763e-45,3.1474286257306234e-17,1.2815453472036978e-17,1.5065218712116569e-47,1.434186701241939e-47,1.392298885134023,0.71291218182777094,1.0989327895296612,0.79811518392711711,0.54185128022544526,1.4250780292653584,4.8806052112576968e-16,2.2915545514072708e-17,5.4132133106267987e-45,2.6397103458618335e-17
3.3477921347442517e-17,1.1059247286517801e-16,2.7328629648402267e-18,9.943009236934562e-19,4.0047505369708806e-45,4.5893043095663219e-47,3.103839679440585e-45,3.1929389584383931e-17,2.8293790641208905e-17,2.3708270286855695e-16,7.3325139042448825e-32,9.5438842410340689e-48,1.1510307560450428e-15,1.1626398254057839e-15,6.6293450265167163e-31,0.53886801309061105,1.1290420457301649,0.35597238668601222,1.1694241712762154e-15,1.3401303259723761e-15,2.3699629054102244e-17,0.12607894129963643,3.6225136566229771e-17,4.3518877373546415e-16,4.1458138318563074e-17,1.6026478046136135e-31,6.86306793274765e-32,6.8777741241543352e-18,4.3295741881289323e-50,0.62893585325020229,0.0030955593746638016,0.35750196579921251,0.11379105880583976,2.1592282752485331e-15,0.65887478805268274,2.2834592111972369e-30,2.9955102398042744e-18,7.1463711402835257e-16,3.9967392869446883e-17
4.3856793366654723e-17,6.478194572677888e-17,1.6107084238216712e-18,2.5851338397612761e-33,9.2908496999784565e-48,1.3606558014560721e-49,5.9954124025184801e-48,1.6044365473091931e-31,1.4380333070467412e-31,1.4779233588000436e-17,3.6581601132665766e-45,1.6181765068549823e-50,2.6179459689633793e-30,3.8639763291458703e-30,3.0269438499723372e-45,9.3356464442687607e-16,0.38485433961798693,8.1569824274068427e-16,3.5265348562315341e-30,4.9877834975073387e-30,5.4319380718961993e-32,2.6703396722214608e-16,9.9154431334094872e-32,2.3152179826698105e-30,1.6637671500951409e-31,4.9593154068347183e-45,2.1150018673585676e-19,3.6984105693556663e-32,1.3148543233927943e-52,4.8345775093695371e-15,2.0068743917065043e-17,9.239197133039592e-16,2.1630044703042042e-16,8.2909479639258743e-30,3.0829416395086683e-15,1.0471331737461907e-44,1.5319334275881693e-32,3.8758374570330496e-30,1.9773797540673032e-31
1.3677966536830862e-16,1.1344568175250056e-17,2.2120577133070796e-18,7.8165899516318719e-17,2.169337085796308e-50,4.0624716983248463e-52,1.2829994352762968e-17,4.9943780128315841e-45,5.1155290326351784e-45,3.208154561295877e-32,1.070776546597187e-17,2.7592318827394854e-53,5.9852242443447441e-45,1.3320967743996636e-44,1.2833229509435332e-17,1.6388151429478894e-30,7.0372710771188678e-16,1.7288895293516014e-30,1.0019630251947775e-44,9.732224108149222e-18,6.0299526356285636e-19,5.8479083998780939e-31,2.8346221065476669e-45,1.2450369335871391e-44,4.1238507239773202e-45,1.4520655099959433e-47,1.1027622057498135e-33,5.8906785609517869e-17,3.8902918753011748e-55,3.5842909240098179e-29,1.2648483970200348e-31,2.3606188227257164e-30,5.3019246077967995e-18,2.9907717475984616e-44,1.3735706513478883e-29,2.6887499959899731e-47,4.3069447941131003e-17,2.0377598274005041e-44,4.1233502384809302e-17
1.8304042127037213e-17,6.1711802107793498e-17,7.4281589176464321e-19,1.9414905882880293e-31,4.1492905542166804e-53,1.1117656236794751e-54,3.0555144719526117e-32,1.3540095132368606e-47,1.3869704953436246e-47,1.8126002842034905e-45,3.6711314657178512e-18,3.6034192434992853e-56,3.0342472165971961e-21,1.2113588377851165e-47,3.589452482718499e-32,2.9023832049109555e-45,1.2729524349388453e-30,1.2698759531334714e-19,1.5062050028374062e-47,2.8690948651622067e-32,1.1656184283840371e-33,1.7550811399994931e-45,4.0854039504726054e-48,3.4784774218368544e-47,8.8743783109235279e-48,4.0129403032452752e-50,4.638137398214297e-45,2.7773218881831854e-31,1.1071524944736553e-57,2.7923989949496227e-43,6.6438037277372465e-45,6.0686530984740155e-45,9.4345973771644596e-33,5.463576163939978e-18,1.444954184873262e-20,6.9306355594082521e-17,2.1467650944544236e-31,6.0849500610293943e-47,3.2716041878391083e-18
6.1728795939096624e-16,4.9347308143969802e-16,3.1247597631888112e-33,8.5217940952750514e-17,8.5226777828955244e-56,3.1177772226640019e-57,2.4658115244277422e-45,3.7317022288303248e-50,3.7816957092468661e-50,1.8226626121284365e-48,1.260365866471538e-17,5.2282515895400419e-59,1.1575114590656893e-17,1.4501813803933434e-16,4.2453988643410287e-17,8.6768309329216275e-17,1.7087128403663956e-17,5.2181398450078061e-18,2.9016732031107541e-17,2.7602303224481697e-45,2.1634509143511782e-45,2.1439187778919249e-48,6.6681570896931848e-51,1.0374380448991651e-49,2.114293129379651e-50,1.0356009507931761e-16,2.5205767310843831e-17,3.1165738403942387e-17,3.1811355963385591e-60,1.5002792943599644e-19,2.717822180436781e-16,4.2326606925287722e-17,5.6697216118379677e-17,1.6147445576112927e-32,5.9574237054754327e-35,1.564955432161927e-17,2.0639328433278792e-17,4.665545802468686e-19,3.5169470139633474e-17
0.12939674353359332,1.509901324793601e-15,1.3541396042642974e-18,2.3158723068011468e-31,1.9525890243836306e-58,9.1316689618974607e-60,4.8798039737386376e-48,6.2534868898399024e-19,1.0787514193278687e-52,2.2882725428955508e-19,4.4457460097867542e-32,8.4378532078178621e-62,2.7671891731409821e-32,4.8705072220209508e-31,1.2422022242103329e-31,1.5107808512869544e-31,3.0767501807034831e-32,1.0901241637608514e-32,8.0423324286571488e-32,5.932784565615768e-48,2.9196101430911143e-48,2.7939656618444647e-51,1.089378470413972e-53,3.0235603380517434e-52,4.8860980199046673e-53,4.9633327808103786e-17,2.761462929368076e-16,1.3032497082816541e-15,1.6016802125509953e-16,1.1524841461241127e-33,1.7625548242502599e-30,1.0331362326307074e-31,1.0529655962846751e-31,3.402097461999892e-45,4.2830478221184178e-45,6.8979443731062383e-32,1.5774039891520867e-18,3.1470626434834155e-16,2.8605063756433567e-17
4.5555906009910511e-16,6.6195596663598784e-30,7.839513594973864e-22,4.5787633898378082e-17,4.8276725307112067e-61,2.7581948843783908e-62,1.0366716922289634e-50,3.2301680478726826e-33,3.193942494727776e-55,5.1732886045557342e-34,3.3880291869519145e-18,1.6107743165019964e-64,2.080238305393159e-45,2.3772505469726885e-45,1.0756088107747717e-17,1.7030961428348738e-45,2.0453448242394967e-45,2.637744192507256e-45,3.2048229150763519e-45,1.4168874183320847e-50,4.6286490508402389e-51,4.3465502827766622e-54,2.099299521731358e-56,9.1330749522670015e-55,1.240464998387883e-55,2.5071031827779797e-31,1.4373096279642252e-30,1.8390967388507296e-17,8.5263218343699055e-31,6.7704192178409034e-45,8.503052375303597e-45,2.377749729252411e-45,1.9963577338632321e-45,8.2921705933749576e-48,1.2154948094707579e-47,4.7764517825148407e-45,1.0263340264367358e-18,1.7194483287834887e-30,2.3275734431582142e-17
1.4811736236295538e-30,2.8338499009209724e-44,3.7113817538601501e-36,2.9044214264631749e-18,1.1634133892628281e-63,8.2101575917653418e-65,2.0604980436312154e-53,5.018445128667816e-45,9.3109530058943334e-58,2.2620403906363312e-45,1.2946226802783395e-32,3.094716385074194e-67,2.0237264315176724e-48,2.1389288330903788e-48,3.6931960975375232e-32,1.6330983846813874e-48,2.7692518402103803e-48,4.8856387945137136e-48,6.7249348124382267e-48,3.3942954513087908e-53,7.9595471948905852e-54,5.0377362664705269e-18,4.2645355614569731e-59,2.7584143858940626e-57,3.1678267382261839e-58,4.9990065367462779e-45,7.3911130372694404e-45,9.5183728994571707e-32,5.2283443935523258e-45,7.0344913063505426e-48,8.3734877451297567e-48,3.2431457258819934e-48,2.5407686346312329e-48,2.07506716717503e-50,3.5650035701783616e-50,1.3504032276722833e-47,5.3645769470432354e-33,9.3623575579663147e-45,2.2842576505475689e-18
4.9894826466097547e-45,7.6162920984218504e-47,4.9038578170066017e-45,9.3671478160230918e-33,3.0483795758078316e-66,2.5119919515326954e-67,4.6750073966580186e-56,1.4959227719321299e-47,2.7861510256467615e-60,3.9606050138047869e-48,4.1456844330444012e-45,6.7396214367575558e-70,2.2157845590488628e-51,2.0349278495630767e-51,3.6568173603511529e-45,1.7196515463319398e-51,4.126868934095627e-51,9.6944162160141485e-51,1.5673463286943446e-50,8.757972820244858e-56,1.4651330881625565e-56,1.4732664669675245e-32,9.3544058253724898e-62,8.478209576397919e-60,8.4745925216510681e-61,1.476385001198851e-47,2.224085574789404e-47,5.2126676434875935e-45,1.5609721788151177e-47,7.649643620620559e-51,8.5056755043812432e-51,4.9363710211549137e-51,3.7830351222371589e-51,5.4456719261809071e-53,1.0644170846316753e-52,3.8950904626905142e-50,5.2892978509878184e-45,2.8807270382730324e-47,1.1600141940400508e-32
1.101948435185933e-47,2.0367133822584081e-49,1.3612594627051973e-47,3.1180013725440817e-45,7.8679221921266453e-69,7.6791035646668594e-70,1.0435559491087107e-58,4.4710095688786186e-50,8.3121444933931356e-63,5.7906000014987615e-51,1.0006071034465972e-47,1.3881069676680019e-72,2.4367525347094736e-54,1.9236703184840647e-54,8.1231695629049861e-48,1.7615767465407784e-54,5.7726159040205357e-54,1.2920179723189973e-19,3.279657247865684e-53,4.6229319447316316e-17,2.5538338293130815e-59,2.7264754199748403e-45,1.9632623102949029e-64,2.582681949343253e-62,2.2189097675011761e-63,4.3605945771495148e-50,6.6676829723525579e-50,1.5377151527228184e-47,4.6066817575962193e-50,8.4044890062230536e-54,8.6191929014929373e-54,7.1133620273740593e-54,1.0034545923353912e-17,1.3315192427347873e-55,1.2458671883696642e-20,1.30546272024003e-17,1.5765268822928021e-47,8.8703471263211118e-50,4.9885237401330109e-45
8.2713484658090174e-17,1.8656506897313633e-18,3.8362918341189812e-50,6.2932864221365802e-48,1.9955875787594864e-71,2.3304340715048392e-72,2.3177191965724334e-61,1.3332346084386949e-52,2.4777184536562144e-65,9.3145459420716429e-54,2.4922820753337629e-50,2.8149292395814218e-75,2.636032886597751e-57,1.8214510192698906e-57,1.8262648572462051e-50,1.8316973079433634e-57,8.2631709057421278e-57,3.6686591560840589e-34,7.2872745221389727e-56,1.8568502987671142e-31,4.602700076254144e-62,5.0411870425368827e-48,4.1302055751875359e-67,7.8338895402778425e-65,5.7491059688977989e-66,1.2788002954700048e-52,2.0080479485414524e-52,4.6779755629509923e-50,1.3962752228162846e-52,9.3878150355109444e-57,8.8022965805736349e-57,1.0765308625724777e-56,2.1936191882472275e-32,3.3660902063257231e-58,6.232902211408022e-35,6.3362480873515372e-32,4.736217704705882e-50,2.7345017388647891e-52,1.4431243044691456e-47
2.8816042123322356e-31,7.9429689740526089e-33,1.1016839480362887e-52,1.3017923329048684e-17,5.2188044727376413e-74,7.0745064426462913e-75,5.3974779229522528e-64,4.2849207873806906e-18,1.3841492452583696e-18,1.6014798993277018e-56,6.4511154889592852e-53,6.156079645094876e-78,1.455080030581989e-17,1.7698536720203772e-60,4.2746056608175606e-53,2.0624865920547945e-60,1.3309142818820248e-59,3.2199189971191237e-45,1.733841624345606e-58,4.2961721724022542e-45,8.6261213658234453e-65,9.8067002394463062e-51,9.1952700369981784e-70,2.4130543710397921e-67,1.5465829216423302e-68,3.9758362456726545e-17,2.4470799919982141e-17,1.3925487002806674e-52,4.1807455446980359e-55,1.0520171443222532e-59,9.1320359206361299e-60,5.9425677149369171e-20,2.3750084960894326e-45,8.9965698267981312e-61,5.2769073483605833e-45,4.9848497918312483e-45,1.4300136691550449e-52,8.4594036950138202e-55,4.244389032284312e-50
4.2007075055700477e-45,4.9706861362403482e-45,3.2555973920207955e-55,4.6370657415478947e-32,1.4108720060703179e-76,2.1853115777026011e-77,1.294239807766063e-66,2.2756661656271895e-32,7.3627088194028442e-33,2.884258243962621e-59,9.0001064173812703e-18,1.4237130025548047e-80,3.0748769235451566e-32,1.8112683755884712e-63,1.0430602014480928e-55,2.4144549227566198e-63,2.1806982145261219e-62,3.5069368962710265e-17,1.1762522783364121e-17,1.1095317389454302e-47,1.7040020763389709e-67,2.0185097396882028e-53,2.1272363337012336e-72,7.4863891797481355e-70,4.252622538210999e-71,2.0768617480218332e-31,1.3232519005044823e-31,4.2916261118785118e-55,1.281364357811256e-57,1.199507797365559e-62,9.5686544918242327e-63,2.6706159065616835e-19,3.634859452169829e-48,1.4336013808389251e-16,5.904918687927052e-16,2.6770635715635186e-16,4.3658476810821604e-55,2.6318462488698711e-57,1.2662195757889415e-52
1.0766628361803807e-47,1.4262007120699622e-47,9.7266446266641445e-58,3.6201766537864166e-45,3.8494309661437893e-79,6.7614733417713029e-80,3.2122691720956411e-69,5.3341344191734053e-45,5.3174547014589431e-45,5.3198171973512907e-62,4.1120469034311261e-32,3.3404633839426982e-83,2.1618316181004743e-45,1.9179862021892739e-66,2.6082815201992623e-58,2.9846582604938892e-66,3.7646423956817316e-65,1.2123025850107772e-31,4.6392980435242443e-32,2.9126375859569873e-50,3.4111782017124449e-70,4.2177751495067656e-56,4.9583710976082289e-75,2.325673854713774e-72,1.1752141459590048e-73,5.2202807004073307e-45,5.3958613613647462e-45,1.3223016924200688e-57,3.931544463786598e-60,1.4022701968739134e-65,1.0206977343956847e-65,7.2449392576987683e-34,5.7588585347536261e-51,6.448976934857301e-31,3.1394130566112457e-30,1.3750623413019975e-30,1.3382307137712572e-57,8.1967174879981426e-60,3.7886379627270643e-55
1.1086347902382919e-17,4.1392676446704613e-50,2.9058680701535518e-60,8.246042240879922e-48,1.0715350998067449e-81,2.0998084223139144e-82,8.208290648843475e-72,1.6196396225703489e-47,1.6096424928232394e-47,1.0335901742608162e-64,4.6183099712898923e-45,8.1717933667785876e-86,2.6936937577114342e-48,2.0264438163619023e-69,6.475345064947785e-61,3.6761142469227685e-69,6.4393838055798272e-68,3.4200289488112976e-45,4.0559647337935516e-45,1.7765627169294636e-17,7.1711873664292341e-73,9.2981067897281106e-59,1.1961031368581792e-77,7.2691985640250991e-75,3.3017861600386886e-76,1.5624463814389976e-47,1.6508197239650644e-47,4.0976536442856491e-60,1.2136984006823069e-62,1.6578308952464576e-68,1.1004926635504027e-68,2.7612717070797728e-45,1.0504635259569929e-17,4.5211780199029359e-45,1.6657595844079348e-44,7.0652969079186645e-45,4.1002253695405273e-60,2.5533117248228083e-62,1.135385544225669e-57
4.8583491264633292e-32,1.2037535954687077e-52,8.7060558588287663e-63,1.4597251526751564e-17,2.9490726408367928e-84,6.5149514253444432e-85,2.0720168379189525e-74,4.9416523387430895e-50,4.9042622275405018e-50,1.9713126611680514e-67,1.263740827115465e-47,1.950535568533135e-88,2.3203274967690512e-17,2.2477826491733953e-72,2.7433895814363755e-18,4.7588344979236456e-72,1.1543848223286351e-70,7.7309403749727247e-48,1.0003881395128861e-47,7.8481474522101333e-32,3.9509013262210607e-19,2.0036370306356031e-61,1.5906157997039841e-17,2.7874566375414836e-16,3.0790684670461107e-17,4.6866348892353283e-50,5.0749975854025262e-50,1.2726699508652695e-62,3.7565215666037662e-65,2.0086773345524392e-71,1.2159236432161813e-71,4.966031520296097e-48,2.6391173763862574e-32,1.2290347468317463e-47,5.0238593703823159e-47,2.0938184571531194e-47,1.2584648542438727e-62,7.9605800999746585e-65,3.4143228857683697e-60
6.6379960977434013e-17,3.3281880632191357e-16,2.6145686834554575e-65,5.4695360226129992e-32,8.1336101380964911e-87,2.0187954580412426e-87,5.2466029512812314e-77,6.6929462401912005e-18,1.4902532090369325e-52,7.062067447265462e-18,3.4852143568667165e-50,4.6781857219327928e-91,5.0480927705195082e-32,2.440181805170792e-75,1.1427370079801851e-32,6.0274303485459917e-75,2.0386220561616723e-73,1.7372218114879072e-50,2.5253186258166417e-50,4.485415999234139e-45,1.2929718819216496e-33,1.4499068311586592e-17,6.0804086687489775e-32,1.5420981167595171e-30,1.4515216084722419e-31,4.8730661675728148e-17,9.274009062994442e-17,5.6572968419279478e-17,1.1623367013502081e-67,2.4702740872584478e-74,1.3511056307332867e-74,8.9922190394651794e-51,2.5560564143537993e-45,3.3760642586183305e-50,1.5314934766408328e-49,6.2375839118157856e-50,3.8653117117546622e-65,2.4825763841672641e-67,1.0274231296801444e-62
3.8492302877411893e-18,4.3257585479170288e-17,7.8436221853466924e-68,3.7499105747026919e-45,2.2611311505882009e-89,6.2597505950044035e-90,1.334665893302948e-79,3.5798639622631575e-32,4.5225239708979123e-55,2.1494293106908354e-32,9.6267450336687949e-53,1.1500980189349756e-93,2.1250227154009926e-45,2.6124091212772631e-78,4.1468242061458207e-45,7.4599367608112758e-78,3.4317166577290084e-76,3.8110292487195773e-53,6.4052806203557663e-53,1.1898058096389561e-47,3.3328170909440998e-45,5.0947548300045403e-32,3.9522170215219077e-45,8.5779986818295714e-45,4.7892212888956037e-45,2.5559398440458055e-31,3.4599312484807332e-17,1.3695548249473762e-16,3.6404443324928062e-17,2.7018272007747019e-77,1.406608295668728e-77,1.4080189415263765e-53,4.0785558294997054e-48,9.1927150829226123e-53,4.6353490826687611e-52,1.8558201940152992e-52,1.1870770653038549e-67,7.7413274108648747e-70,3.0893912215882019e-65
1.7649498251444532e-17,9.5608127546504084e-17,2.3621799874889741e-70,8.9481479101167392e-48,3.5082212476765461e-18,1.9351763594673256e-92,3.4202142300087622e-82,5.3593021154127787e-45,1.37064422649522e-57,3.8886978338130018e-17,2.6693022428365381e-55,2.7302226891224464e-96,9.5659585471864831e-18,6.7020337371834006e-17,2.3830013471272751e-17,3.0422015017399958e-17,6.1365949741011932e-79,8.6654598958813306e-56,1.5933238929148409e-55,1.6606116142102705e-17,6.8694094146615093e-48,3.2806313855112129e-45,9.2760318523611251e-48,2.6428481640735975e-47,1.3220964008036423e-47,5.6657844296006771e-17,3.3074943717113573e-18,8.923360179801164e-17,1.9986009396437474e-31,4.1244602698616163e-19,4.1832713215844696e-17,2.3500727382572423e-56,9.7835768057709956e-18,2.5001120065236475e-55,1.4087367388363351e-54,5.5339456004552501e-55,3.6500317094051001e-70,2.4151188754060207e-72,9.3102686465265646e-68
7.839112109078808e-32,4.8758815388936679e-31,7.1051028705618281e-73,2.1598102959318234e-50,1.6977872029805736e-32,6.0519697265946453e-95,9.0519654888051659e-85,1.640992895144756e-47,4.2052077955729187e-60,1.2088248279692601e-31,7.4247456621141924e-58,6.8866953136608768e-99,3.1903577960093708e-16,9.1007355331371655e-17,9.6901611622205096e-32,5.6983136053920926e-32,9.7120538389607532e-82,1.8035335834447799e-58,4.0745140128047323e-58,7.3387179318902497e-32,1.5272242400477971e-50,7.489587974402314e-48,2.3168057586058194e-50,8.2900396487908891e-50,3.7670647024796813e-50,3.0065866843762208e-31,1.8125344400557782e-32,4.9334925293595016e-31,5.5011391062692486e-45,6.3760654212383538e-16,2.1314023690982365e-16,1.0091519547437578e-17,2.4339427917107457e-32,6.6874403972996732e-58,4.1902723839040936e-57,1.637805695615136e-57,1.1218860152949931e-72,7.5362594551408915e-75,2.8147499832085801e-70
2.7520314383687761,1.1065722765380974,2.1231019381826185e-75,2.7234552826327152e-18,4.5968111700944182e-45,1.8723760576176744e-97,2.2718687684777394e-87,1.2549930150623156e-17,1.2784907493352166e-62,2.7612057568092479e-45,2.0099770674813645e-60,4.8790005160517829e-19,1.8838300592194411e-15,6.1261752618697172e-16,7.0409083517858474e-17,2.8758965845165992e-16,2.0740100768758993e-16,9.2483169961069973e-18,9.9441245507560707e-61,4.2892954262873903e-45,1.8835114086739621e-16,1.0379009511938468e-16,1.999558395123439e-16,1.6696975832273876e-17,3.4829535847855474e-17,1.1199796385836111e-15,1.0760665153182724e-15,2.8059085713380995e-15,1.6979117322182507e-47,1.6334913781211844,0.52778686825315024,0.23865157347373744,2.6229820633199146e-16,1.7693847043449695e-60,1.2529965287071696e-59,4.8192346760694556e-60,3.4398987820104635e-75,2.3476550327592388e-77,8.4650122767237527e-73
2.8927726529370235,1.3665046692086535,3.9305038584570156,1.5754268155798365,2.2086205355759838,1.8580126861410013,1.4644283335078578,1.88886238497656,1.2780749918214178,8.4826599785947781e-16,1.0911249412766497,3.030201603642166,1.8089854608602012e-17,7.1403419841867741e-17,0.36558501438217017,1.9855217087131743e-16,3.6714780731098687e-16,5.8310199327899076e-16,0.13385858027852654,1.1412944142770907e-15,3.3575384426253199,0.99238623559976391,2.7695077615489003,3.2491924815481199,2.9180238382340193,1.9446104111934894,0.98756626919757495,0.078052538475024247,1.5955913812088082e-15,0.85106894563509972,1.5035011037283303e-15,7.9261302122249057e-16,2.3520467683131219e-16,1.1083069815489805e-15,5.6204943326478653e-17,3.4543719057898003e-15,3.3481366547926115,1.6274217147293675,4.0430252121517167
3.6167649752391462,4.5959907401281539,14.586296232592872,9.7922704731390802,16.400915478250496,12.900808866905683,10.376648917889698,9.9445446107830229,9.575426465158472,7.4383182034143402,11.087333719065212,20.443159291089305,4.4730504740127346,4.1373719671994813,6.666087815384798,3.9094876700830947,3.31013022524861,3.7813818536950605,11.39761704145063,7.2658102511183769,14.602647684788424,12.249745653342144,14.456216140842434,15.320920314782015,15.884309861651172,13.123095649131786,7.3151838297964922,1.7141540766961427,0.91554900499668701,5.7969449050084041,4.3775030086304563,5.1091342349004556,4.9380046972631018,7.0395313401892485,6.6353039313963027,6.7705973723113386,12.610536918487785,11.067476665536987,12.571989687357046
4.8639174224205037,7.6729833825999751,14.096100362375109,8.6638893503538963,21.836256644606777,18.816571436971273,12.769557590865283,15.869763771190499,18.692396839094837,7.4296975854537743,11.643708696094292,26.655262823570467,3.4918372056199054,3.1534163481132396,5.6552319810159268,2.9409582388819682,2.3905848923551094,2.8407049243106655,11.144100328775263,6.3218839162941887,19.260792501154466,16.873485889679007,19.311086848107099,20.116098580227746,20.978354765215506,18.705405553146488,13.459021862984704,5.0438466895044423,3.8839666455951671,4.6838431839628045,3.3766204843113439,4.0469171691068366,3.9746414392759637,6.135087946911213,5.4727098185464271,5.9612663961193402,11.776000315878305,9.9321197860791628,11.67793568789549
3.8359842136461322,6.4389750177442968,12.35088864235529,7.3261454165713147,19.482951353210822,16.71216815062369,11.114663286328536,13.992687739397601,16.59763325683917,6.1865499414505587,10.081950214912334,23.260625694458415,2.5579311544095198,2.2468092749311435,4.5551175103075092,2.0499907004894755,1.5447511926224593,1.9604787376599482,9.6164130689345502,5.172728028922009,17.089385788771892,14.897437305989092,17.149468325238743,17.911540206451324,18.699554026389574,16.610421398280472,11.767064083340086,3.9988297163412638,2.9282674770348049,3.6589489912437614,2.4546371042895569,3.06917170253233,3.0024482525912815,5.0015046192016461,4.3939500866115102,4.8480682891482889,10.214089464217627,8.5130944367978501,10.122192641262457
2.8814335496011707,5.2830132970964483,10.741106337189121,6.0942053560533687,17.309155219771313,14.768003176498663,9.5860920409172934,12.258503107757356,14.662019428822635,5.0406880858357344,8.6399937065805155,20.718563584585848,1.6981358537346336,1.4123872097748242,3.5415990491933598,1.2307423998331375,0.76697248136042451,1.1500926193781074,8.206822303550334,4.1130863698101434,15.088304206320842,13.072776712062819,15.155108445670473,15.87694439898854,16.596831424185449,14.676178854114269,10.204190220190577,3.0340640060285531,2.0554658735480182,2.7150946738492219,1.6054332187842133,2.1692391803416307,2.1077967360310086,3.9558611506497607,3.3983374910624415,3.8166724440721103,8.7726192540337866,7.2029258824894384,8.6869407141377977
1.9973897735656858,4.2130089239938409,9.2576914921400135,4.9649297246285036,15.309700298104573,12.974992748789695,8.180934450130394,10.65741588808455,12.873687461619024,3.9874023699932786,7.314305864606121,18.438200922557691,0.90798513026748795,0.64522979192550367,2.6103510012179241,0.47834705157126173,0.0527001962591113,0.40503247525141445,6.9141195833408702,3.1386433817473174,13.24274885907267,11.390243866480127,13.314668432779127,13.998478648920191,14.656141073288037,12.890561043600631,8.7590046771340564,2.1414799847965837,1.2394406728917506,1.8459094441804382,0.82321611492849767,1.3428180830836223,1.2858000600599611,2.9938875384286732,2.4804376416317471,2.8661192854256918,7.4428670461995061,5.993874024641868,7.363551769515964
1.184959768965675,3.2306107351880913,7.8889089575915552,3.9218494989340322,13.475444615663498,11.324107168252937,6.8899444802977277,9.1831516804620232,11.229748519763993,3.0167488605032085,6.0924373478893052,16.353979173055389,0.18203548382114096,1.3390499785627831e-15,1.75084574775433,9.752357409520159e-16,1.44186860876534e-16,1.3513063794903228e-15,5.7208912661435836,2.2384832134953085,11.553570836614517,9.8464615304845911,11.626237796771514,12.269408097272375,12.872067188557471,11.245552865266671,7.4301014923904676,1.319908235037214,0.48795904790143285,1.0460792230488998,0.11049270342864245,0.61057293069078267,0.52969838629582833,2.1052270250785967,1.6327675842441018,1.9884221439338807,6.2147829464496747,4.8771817172615863,6.1411921616710181
0.4372008444158747,2.3245188889883059,6.6256013073675639,2.9598976568326836,11.78379727525207,9.7999674667087913,5.7001117322810932,7.8220789606171452,9.7120584093045217,2.1227051537117823,4.9651734225049049,14.435534432067286,3.7677692598829662e-16,2.7824355315963258e-30,0.95838941139255185,1.9316354237187408e-30,3.8263590053283764e-31,4.4184389536685391e-30,4.6205568190824131,1.4082876553625399,9.9999725866479814,8.4257688612187227,10.071833077452439,10.673388883254145,11.226837550110677,9.7268282098647969,6.2032469700113877,0.56222208180142141,2.5706233434865945e-15,0.31422418135443808,3.0792093596831371e-16,1.8950578464068526e-15,1.2638899102990818e-15,1.2855218094586716,0.8506153100587357,1.178518590375131,5.0808490643303603,3.8460534727923323,5.0126738962179083
1.8912011233527332e-15,1.4887100430488887,5.4597571349695047,2.0731857041296777,10.222594895731904,8.3925803231456495,4.602886643659339,6.5653840201676452,8.3108118190664992,1.2999007896112846,3.9255728867956443,12.667409226502702,8.1204832317467462e-31,5.7847482921829066e-45,0.22879943001581182,3.9906529732450772e-45,2.7377695672090556e-45,1.5447448358434606e-44,3.6064369211130725,0.64322323810345505,8.569668784554441,7.1171092502566431,8.6390114030041349,9.1997077498863629,9.7085642562565155,8.3244899191839767,5.0705356902135517,3.0630127171566964e-15,1.3915627166116286e-29,1.1394706647502843e-15,8.1740770163888043e-31,5.7536785304006395e-18,3.2370289583851297e-30,0.530149580050153,0.12981901701669449,0.43182502570890652,4.0339364609963262,2.8939828039308604,3.9707452981084503
8.2452361226323875e-30,0.7177559190783781,4.3831141575398718,1.2553838450706556,8.781142493474821,7.0929059040588047,3.5901018559905657,5.404926225081006,7.0169505836722639,0.54472956947060347,2.9657158262797889,11.035151031586674,2.1646838942459426e-45,6.3876945258840045e-48,9.3148413493584465e-16,5.3200952035499816e-48,4.9468760285034656e-48,3.4051106478660883e-47,2.6703741494340529,2.8651918736883049e-15,7.2486587816287296,5.9087550010212118,7.315840879474246,7.8385994638006231,8.3064512398896859,7.0294638579793078,4.0246357648283295,1.6714534841959508e-29,7.5220077158816866e-44,3.8847491115846309e-30,2.5936184848501493e-45,1.6468064030748556e-32,8.4197808910232949e-45,2.4010131495873032e-15,6.8548709590010819e-16,2.202806472234844e-15,3.0671814650958749,2.0149354460763913,3.0086837641108017
3.5006026464966374e-44,0.0075469814715749721,3.3890976324077338,0.50202831582028196,7.4498820805222365,5.8925489413320538,2.6554976850219676,4.3332729110736068,5.8219886100735607,1.6018694816376609e-15,2.0799720036886606,9.5276174821322037,2.9658017531558015e-48,7.3492816566762996e-51,3.9553628857786862e-30,7.37913117559911e-51,9.2534994320800903e-51,7.8622158108534693e-50,1.8067869767174209,1.2999986679232588e-29,6.0288138944528136,4.7931933044317558,6.0938704308462075,6.5814220500635452,7.0114134045328766,5.8333771030469999,3.0587698969858459,9.103668850356085e-44,2.2120317515495107e-46,1.3071987664526532e-44,2.961340342442166e-48,2.917401201040511e-45,1.4794639165868335e-47,1.1154973718919257e-29,3.6672063519966151e-30,1.144123875755186e-29,2.1746402207627105,1.2035390604435614,2.1204944402999057
8.4031536203815197e-47,3.5682710880647503e-17,2.4711457439803635,1.8300568105527874e-15,6.2201812588069849,4.7837926805593245,1.7928220295610484,3.3434890941236861,4.7180854819743692,4.3259180352802087e-30,1.2625012685933408,8.1352899895895998,4.2170658669400831e-51,8.6561774418349317e-54,1.6507351994950675e-44,1.0420887350702403e-53,1.7441355188101088e-53,1.7938898382113917e-52,1.0101149159003284,5.7030279138307876e-44,4.9027824198744057,3.7633335974428324,4.9656285105649918,5.4203366912493243,5.8154943352409774,4.7286698937193492,2.1667944357718603,2.643859538465455e-46,6.7521913301004279e-49,1.6889620370430352e-47,3.5301409597979768e-51,1.1429414894876694e-19,2.4922254066012593e-50,5.0484796996063194e-44,1.9417857564253358e-44,5.8601148929710234e-44,1.3507180971462358,0.45503952375240886,1.3006171044477093
3.76275921764804e-18,8.6857427199177418e-18,1.6238636164862943,6.8207291609961734e-30,5.0845447855453187,3.7598670513967241,0.99717256597432447,2.4307982778141262,3.6992362580784253,1.2250177966000351e-19,0.50889114540801006,6.84965276934643,5.6573422924088526e-54,9.8598009622646872e-57,4.175383255861202e-47,1.4396423884435142e-56,3.277696993148451e-56,4.1556502437842474e-55,0.27638474666263146,1.4969919061867126e-46,3.8638771401478205,2.8133284328784813,3.9241966782468563,4.3480213577170712,4.7111155023274147,3.7215800935717689,1.3518300853449554,8.0933004630355715e-49,2.0599080204618015e-51,2.0175333337232827e-50,3.9580508802686387e-54,3.3425201502712123e-34,4.3721129537897617e-53,1.3535376360637387e-46,5.8595852756787572e-47,1.6821036815654895e-46,0.59064428904548982,2.5169801425150614e-15,0.54441034030669888
1.7831655834321341e-17,4.3262799933976759e-32,0.84232321894429441,2.5905305872772082e-44,4.0359300250848475,2.8143941764224936,0.2644189579024715,1.5871058392544999,2.7580686500146028,6.5751738842103121e-18,2.2724055517745546e-15,5.6624277371796685,7.2274893034718321e-57,1.0824409655709173e-59,1.0754216970746812e-49,1.9408596466341608e-59,6.0162450297614073e-59,1.7518370990361849e-19,1.0951680407874297e-15,4.0010279988444401e-49,2.9051497111136784,1.9368016399874588,2.9627913036758744,3.3577306328842242,3.6913606938847763,2.7787020655918444,0.59170656321364734,2.4810472001179488e-51,6.2788862554341524e-54,2.4067779774650437e-53,4.3986281847201914e-57,2.8890059638215956e-45,7.4390905059148335e-56,1.2177218626844459e-17,2.6210346196328509e-17,4.2463051156935962e-17,3.1726878848058016e-15,1.3973386423892983e-29,2.8634269405367503e-15
1.0685125257440753e-16,7.0246348334735077e-17,0.12298684963033756,5.1241971768198486e-17,3.091796749668235,1.9784272299044279,1.0409986174885166e-15,0.81444589433149017,1.8892044149887393,1.7247678277673443e-32,1.1258987536158758e-16,4.5708092942114416,9.973722717351263e-60,1.2897875976387371e-62,3.497964153664795e-17,2.8796968860080751e-62,1.1795326213482804e-61,1.5176811016903665e-17,3.6966391287220648e-17,9.1957813197073768e-18,2.0200446425874907,1.1427336369889165,2.0937593360694096,2.4430751874832386,2.758574392595857,1.9154834424228617,3.1910748491983019e-15,7.4955959360103434e-54,1.8983465821027801e-56,3.1218499829216775e-56,5.3523790674117369e-60,6.1518087154641614e-22,5.6114177068157567e-18,1.024998803034554e-16,3.6599933210048998e-16,3.2310637266996501e-16,6.7773808740042499e-17,3.9806963984460053e-17,2.8285574360449195e-18
2.554105835107902e-17,3.6031687946333958e-31,6.1351264089536236e-16,1.9609946806684446e-31,2.1965117239432272,1.1698881127080585,4.2102562219060292e-30,0.096534964552283595,1.0874106993021679,3.001535306930853e-45,5.1134342014418147e-31,3.5597379993937932,1.4743947975602648e-21,1.5987535229803978e-65,1.5077186085123429e-31,4.2846846869681356e-65,2.3248136137568087e-64,5.8130321892083116e-32,1.5299634497405886e-31,4.2507022764797972e-32,1.2058281362029268,0.39815353270962373,1.2745673721791704,1.5988966996036811,1.8890370404059118,1.111583250639868,1.7557747787807423e-29,2.3224365902846811e-56,5.8500780796249203e-59,2.0900279727417687e-19,6.6394501275651468e-63,4.6236015052940237e-20,1.5795718377963485e-32,4.8428081214166052e-31,1.9776837888949556e-30,1.6795135997880018e-30,3.6287880000430218e-31,2.2074182582950676e-31,1.4848776834373555e-32
1.1560205909772533e-31,5.1451226351558307e-45,3.0775254320757893e-30,3.9114943750605459e-45,1.3704447335271612,0.42405358686069311,1.7240304870116666e-44,5.1505530375696366e-16,0.34794724714614683,6.0538624371289072e-48,4.5433862048178649e-45,2.6272403527906478,3.44384036412148e-36,1.9780029409236612e-68,4.3484083468641723e-45,6.3427925994077896e-68,4.5516074302184687e-67,3.7853467954435983e-45,4.1952359846884008e-45,4.6212122107142981e-45,0.45623412497087712,1.446416929973463e-15,0.51985066448948503,0.8198472439447545,1.0868773886599516,0.37021966577087656,9.6175769787100687e-44,7.1995138366595396e-59,1.8021316146444884e-61,6.0932260630464555e-34,8.2028287922195081e-66,1.4412281908726079e-34,2.7914795608095582e-45,4.6823394046192783e-45,1.060597058533737e-44,8.7047651756276774e-45,5.3799127417691724e-45,5.5632599847492333e-45,5.3097876157372385e-45
4.3529415636733077e-45,2.3608805710370696e-17,1.5555377065789768e-44,9.4690906858535992e-48,0.60855599029771834,2.3650079651264671e-15,4.3122523004792929e-47,5.6495015367157281e-18,2.1007635634246195e-15,1.1699379762217478e-50,1.2242230020143874e-47,1.766754064730345,2.274267104065747e-45,2.3439009780707871e-71,1.1239861399565427e-47,8.9087450442282461e-71,8.4980375845252665e-70,8.5690045074082113e-48,1.0437766388735399e-47,1.2451105536023138e-47,1.5732336909863186e-15,5.1281132811686738e-30,2.1222804906112609e-15,0.101555063018747,0.34733048900772956,1.9872159244484662e-15,7.0313276589259843e-18,2.229840699696518e-61,5.5666630535378951e-64,3.0451999157883842e-45,9.693726124831459e-69,2.967516743903195e-45,4.8797002519815658e-48,1.2695376902893308e-47,3.1701758808621924e-47,2.5667145929307531e-47,1.6398094513359898e-47,1.7332201322716539e-47,1.620946093528887e-17
2.4457006137713678e-17,1.1949760402808617e-31,4.3885908322237042e-47,5.8128027400034639e-18,2.8047696450405649e-15,1.3027922344299796e-29,1.0494763310989962e-49,2.970441638545887e-32,1.0966290897824275e-29,2.1263812307753802e-53,3.2668386891430177e-50,0.97286876976055048,2.4344491966049229e-17,2.7434161610563963e-74,2.867847476099956e-50,1.2323572734925415e-73,1.6102979287603831e-72,1.9744532836091916e-50,2.5868970734926925e-50,3.3268024642355245e-50,4.5367770807533304e-30,1.5920879725577989e-44,7.8476513155627026e-30,5.8400141271749769e-16,1.6505865563892932e-15,1.0479194425930734e-29,3.8002038820482119e-32,1.0989887930621238e-17,1.7121849595839376e-66,3.8872618258275653e-48,1.14648989787552e-71,5.7057421273068314e-48,7.9991861905388822e-51,3.4955979788669083e-50,9.6653077810551213e-50,7.6056065809900666e-50,4.9712637630600524e-50,5.398313416049737e-50,8.5320932717067498e-32
0.32450020160080051,2.7872298730046625e-15,1.3076786092647726e-49,2.3255378992787476e-32,1.3510837379939767e-29,7.3198831586684724e-44,2.7175965451630417e-52,5.3961564877968388e-45,5.928553519104209e-44,4.2881091499012819e-56,9.2006186635428247e-53,0.24207858382329417,5.9184914601944238e-32,3.5984184470929538e-77,7.7053764573622965e-53,1.9320411778558856e-76,3.2831144146965365e-75,4.8456961913315928e-53,6.7983010796618996e-53,8.0973455939633434e-18,1.5071444978998313e-44,3.6069964320514429e-47,3.1339634397477723e-44,3.3806756249382379e-30,7.9868258196284359e-30,8.6410362663396653e-17,4.9393521285409853e-16,1.4735352627801927e-15,3.6569178793521171e-16,5.1244281334577402e-51,1.4255263546513965e-74,1.1395758809057732e-50,4.9258488962751166e-18,9.8955162179598662e-53,2.981273473691433e-52,2.297210494542341e-52,1.5267598115644495e-52,1.6888602196148325e-52,5.3079143996643437e-45
1.3091673893967632,0.19179200264254781,3.9506342575760436e-52,1.5625067398022815e-17,1.0636736867147333e-16,2.3609021318337198e-16,1.5595636572716541e-17,5.7744431088903193e-16,4.7313526500170521e-17,1.3226541325126515e-17,4.000647484394105e-18,1.098746230414042e-15,1.2199903412260788e-17,4.8470316839761131e-80,2.1054996674868523e-55,3.1070162086972136e-79,6.8178437701642408e-78,1.2179869522123822e-19,1.8251747244421275e-55,3.8413893598770658e-32,3.4002451689232367e-18,8.5535379490575657e-50,7.92350090096238e-47,5.2445544220635367e-18,1.6274678116122765e-16,1.0508335358671415e-15,2.3161561488314158e-15,0.44016307784097414,0.53535932733317615,6.8844366813870406e-54,1.8254998536926584e-77,2.3310787352565777e-53,1.4042616195759924e-32,2.8284018270380083e-55,9.3755325760192386e-21,2.2104469657169627e-17,4.712600800435553e-55,5.3002924684885023e-55,1.6188518227534415e-47
2.8723611923727193,0.38922988018666149,1.1010800223380816e-54,8.5305411221823925e-18,4.7654759014651783e-31,1.2911506218677492e-30,5.8803519660834285e-32,6.2430710781503027e-18,2.4585112872328223e-31,3.2802207858181029e-32,8.1183261144950377e-20,1.2038203487938889e-18,2.2979323199508308e-17,4.9020273714554289e-83,5.2219339766632546e-58,3.9010803143945403e-82,1.1874584149158418e-80,9.9773000071606218e-19,4.2454875713173888e-58,4.2672712944635246e-45,3.0116377618726724e-17,1.7230112124744396e-52,3.3700747595708037e-17,3.8728954418770678e-16,1.3704510433349558e-16,2.2385073547592481e-16,1.5157383352017148e-15,0.37296182153068086,3.2667927846595216e-15,7.5564314712242294e-57,1.8816249306044046e-80,3.0194855708903787e-22,2.3750258444705463e-45,2.4209600165249351e-17,2.0514415939560843e-16,1.2707775405205644e-16,1.4219642853854199e-57,1.6467689975562918e-57,4.8669910114814346e-50
1.9895348798926502,1.4285600677601453e-15,3.0528388609247614e-57,3.0978219795654371e-18,4.4367430571145316e-45,6.9945505303496053e-45,3.8172596728710487e-45,3.2106825410207475e-32,5.0923605891715923e-45,1.2520751867084606e-19,3.4400698348653091e-34,3.8708941874026473e-33,8.3239805448270372e-18,5.4792749223892208e-86,1.2951997895989351e-60,5.3618525311263107e-85,2.1832807065162534e-83,3.4820377065788066e-33,1.013221093477842e-60,1.1201295272973388e-47,7.9682422625422861e-32,3.2556742951120174e-55,1.1272561478039726e-31,2.1480318143964325e-30,6.0737576703502068e-31,1.1469230953674406e-30,7.4992555475774267e-30,1.7289463399394893e-15,1.6121728139384044e-29,9.3938402486472377e-60,2.1830419717023973e-83,8.9126264953776234e-37,3.9591969627789071e-48,1.0752167918135989e-31,1.0656612661717765e-30,6.3979471731428895e-31,4.2639106296746953e-60,5.0856731394214526e-60,1.4380443726391472e-52
1.1784091916274657,6.6133767571755816e-30,4.857640125279738e-19,1.2603147473062927e-32,1.2745928667117257e-47,2.1966013418500281e-47,9.9752744208102279e-48,4.3521385110783656e-18,1.2359578638907112e-18,3.8974316662035261e-34,2.4342910853111285e-21,4.0783957754525657e-45,2.0129805159494086e-32,7.264556841152889e-89,3.4783430033043362e-63,8.4475596121444677e-88,4.4671379044241937e-86,8.7634784947852898e-19,2.6511613990972925e-63,3.1173577507671799e-50,3.5328776276938292e-45,7.5325412067973221e-58,4.1641768023945985e-45,1.2527942590051884e-44,4.9623281214913836e-45,2.9126922998984848e-17,2.2645846893616015e-17,9.0077499357580968e-30,4.5865029487768672e-17,1.2822413189502309e-62,2.8519993110876772e-86,3.16496545258354e-22,7.4021755899796201e-51,1.0294616102165567e-17,1.6715100588613116e-16,7.6550906305889751e-17,5.3818928493784927e-19,1.066260104740968e-16,1.2141658685354971e-17
0.43151096155854535,3.3055361947890505e-44,2.564268792858077e-33,4.229793745250704e-45,3.7566611014322248e-50,6.9790739891032418e-50,2.7313969388831114e-50,2.3709832605855033e-32,6.7384058198344993e-33,3.4033902847652302e-45,1.2140924591623891e-35,1.0671189336139996e-47,8.0986110995974905e-18,9.892363878134326e-92,9.5723066768791902e-66,1.3790992281549307e-90,9.3868331446451752e-89,3.6195668643543762e-33,7.2608386895544404e-66,8.5947093442678026e-18,8.0032184213794966e-48,1.810692436944272e-60,1.0761643731898792e-47,4.0143358389061783e-47,1.4431697541152948e-47,1.5642266958278391e-31,1.2437195364415944e-31,4.9349985291670987e-44,3.1113020931396201e-17,3.1407668614654584e-19,7.8754857253872964e-20,1.0319321507436988e-36,5.4892765517180149e-18,5.0948446892652222e-32,9.1738894337159241e-31,4.0940890826707997e-31,2.9382042161838267e-33,5.9680123339145809e-31,6.5194832178328952e-32
2.0381359549095089e-15,9.8093647955379541e-47,5.3413795884806774e-45,1.1042990671194754e-47,1.1040787145736161e-52,2.2217238754003519e-52,7.5110171736394376e-53,5.4926790698976815e-45,5.5081809427674218e-45,7.114899378786909e-18,5.0270102624830159e-45,2.7598889462371929e-50,2.3629647421916556e-16,1.303637217906495e-16,3.8208991396809534e-17,5.8203948734157004e-17,4.2885579453817909e-17,4.1692762687761875e-45,1.9885687578881175e-68,7.8505537218273114e-17,1.846393809282813e-50,4.3192906275060078e-63,2.7684201074983844e-50,1.2971917946639363e-49,4.1853635648544543e-50,5.3758221179098205e-45,5.6007219118337642e-45,1.5121853306123854e-46,1.7303288372825245e-31,3.6645010892560655e-16,2.0052892627967162e-16,1.6923175289595815e-16,1.6576197615430954e-16,3.7957609672945749e-18,5.5046821275644146e-45,5.3754780632671781e-45,5.4788956841594518e-45,5.6062239084772272e-45,5.3930101745946882e-45
9.905498700486886e-30,3.0051676070378528e-49,2.7126031082175738e-16,1.2371027511133737e-15,3.2483090289470125e-55,7.089240166343487e-55,2.0693615863721667e-55,1.7025663267297688e-47,1.7137341660307654e-47,4.2571880398955957e-16,2.5301713298316852e-16,7.1567375198362484e-53,0.020496800104597042,1.6710446527591325e-15,1.8105939436065101e-15,1.3649719706500145e-15,1.6002903979965411e-15,1.3962698714888779e-15,4.7808573284663349e-16,1.0809185526244786e-15,4.2535056319526269e-53,1.0274787096290664e-65,7.1806127242662848e-53,4.2045647997891978e-52,1.2255923652258085e-52,1.6463927851204481e-47,1.7598582588526248e-47,4.7714251762042032e-49,5.572405007487674e-45,1.5079585475469347e-15,1.3519284995567782e-15,1.7850120221355634e-15,1.1812503055129913e-15,1.0830990352423554e-15,1.3627189011525477e-15,7.2253038544213115e-16,3.8956295246226851e-16,1.8829499477983118e-16,2.203709552778815e-16
4.7035945097867315e-44,9.1027987840493021e-52,1.4471402307161118e-30,4.7625746211752467e-16,9.5494176945320664e-58,2.2593900796356142e-57,5.7305941248433226e-58,5.2858184195332386e-50,5.3330380545689618e-50,1.3374874572925994e-30,1.256151396009145e-30,1.8446552245158956e-55,1.484636271490057e-15,6.6115965406388799e-16,5.8059313784684011e-16,3.47071017479838e-16,1.7283243487261619e-16,4.5020111288302994e-17,2.1220691572380905e-30,5.0559663859346788e-30,1.0008395592654696e-55,2.468997921229589e-68,1.8691394910717298e-55,1.3622560642937586e-54,3.5747614948964546e-55,5.0387271889736652e-50,5.5260458086240899e-50,1.5025062503119682e-51,1.7358202505219724e-47,1.6983135180512469e-15,7.7206675919464474e-16,6.5564451667640261e-16,1.5639134633537999e-17,5.1812944981793055e-30,7.3293916167603959e-30,3.6865811173005291e-18,2.1312322317400357e-30,1.055335872987305e-30,1.7831320464245097e-17
1.301050514185914e-46,2.7833830917722397e-54,7.7077435297181547e-45,5.0750507409582394e-16,2.799225432958082e-60,7.2114448240599394e-60,1.5763517389571253e-60,1.6438299864350017e-52,1.6644692056952046e-52,1.3363158873486065e-16,9.647035006458604e-18,4.668310074277208e-58,0.18182723321478536,1.4213083190798221e-15,1.001214193503815e-15,1.2449356907369486e-15,1.275273414198019e-15,9.5129867627758956e-16,1.1936455943721886e-16,3.4619564663912781e-16,2.27914159376194e-58,5.7818505003518776e-71,4.7652691570872099e-58,4.4005123598678098e-57,1.0351506314312241e-57,1.5448858744924779e-52,1.7409676524948228e-52,4.7402138241311123e-54,5.4317489484551571e-50,0.81450243142739942,0.27519827302017469,0.13395590577675062,5.7721673293579382e-16,5.9456672759555582e-16,1.0267135564024981e-15,3.2407593665932673e-16,1.1649983203350817e-44,5.912924352709215e-45,7.3883376083765265e-18
1.3870872596959739e-16,8.4925050072769033e-57,2.3328631482099548e-47,2.0918524765397484e-30,8.3318067001986753e-63,2.3027602049304984e-62,4.3972066861168022e-63,5.0995435249271519e-55,5.1665810383203633e-55,4.3476841598271459e-31,4.8521244771304764e-32,1.243747548366829e-60,3.9483093528007242e-16,1.8755350041294197e-21,4.4655376688229758e-30,2.8845359334548291e-30,3.9705934667824527e-30,3.8018745725270643e-30,5.3828701751195122e-31,1.6376124648328339e-30,5.3824558229197076e-61,1.4089979483200589e-73,1.2583638528909647e-60,1.4310530802239384e-59,3.0567900995005692e-60,4.7413120623734837e-55,5.4674355287696274e-55,4.7532952208814471e-17,1.7004647016365499e-52,0.15092902010601345,7.0631168011474418e-16,4.6545950523393716e-16,1.6546857311614397e-30,2.8864426205478189e-30,5.5849265249337176e-30,1.7330229903014198e-30,3.5780997494707214e-47,1.8505986738904421e-47,3.9905723365495441e-32
6.6664601386286033e-31,2.5820460163409379e-59,7.065587905812319e-50,8.8017473915035588e-45,2.4497529745439456e-65,7.3381085323081006e-65,1.2011698116112092e-65,1.5811765956878557e-57,1.6064007495857903e-57,3.452471910997936e-45,4.9709222767693951e-45,3.2212528937902076e-63,8.5195818025211839e-31,3.8836296635906192e-36,2.0308196278127329e-44,6.6474282362624833e-45,1.238965867667406e-44,1.5251371664056384e-44,4.5942033966235907e-45,8.9944208634829144e-18,1.2046170869462353e-63,3.3041088687378479e-76,3.239827559281279e-63,4.6335167695843075e-62,8.9208101345563591e-63,1.4524208726620423e-57,1.7183529346036514e-57,2.6806548950761091e-31,5.3202636238807656e-55,4.3356494993258334e-16,1.6185339656175128e-30,1.3311790367853345e-30,5.7261612725356203e-18,1.4150338352677632e-44,3.0410704672351211e-44,9.2738125925096231e-45,1.1053597184957258e-49,5.8129061706837629e-50,5.404855751323812e-45
3.33477571037506e-17,7.8250117511703756e-62,2.1595746672491599e-52,2.8000067861242223e-17,7.290526596703526e-17,2.3464537232331595e-67,2.4429353970512901e-20,4.9212570382294108e-60,5.0119307929977068e-60,1.9029371641661434e-17,1.4513477810507423e-47,3.1392130867790225e-16,1.9972386575961323e-45,2.0247177123599149e-45,5.471177730807381e-47,9.9861529691825869e-48,2.4630756413633305e-47,3.7540891652216466e-47,6.504696051013099e-17,2.9964278906769068e-17,2.8146838308755495e-66,6.1286290486708192e-18,8.498100611543272e-66,1.4990215084897193e-64,2.6266423495634433e-65,4.4584675728749026e-60,5.4027881118497618e-60,5.6209406642411679e-45,1.6619859667029609e-57,1.4924489932228164e-30,4.0662030926433191e-45,3.7819558776597918e-45,1.6652197244316988e-32,4.0149386778681738e-47,9.2128418852036209e-47,2.8135780059343888e-47,3.4233444043701516e-52,9.3447710158817607e-17,3.2398748655446437e-21
1.6152439356281779e-31,2.3841676467047135e-64,6.6033256405389808e-55,1.1923728731163682e-31,3.6973206590878923e-31,7.4150903681392794e-70,1.148908474733821e-34,1.5247587946117454e-62,1.5544040659833313e-62,6.0575557617748362e-32,4.2036595138231009e-50,1.3698115251477151e-30,3.1787327289415819e-48,2.8010086494542574e-48,1.4925981427365931e-49,1.6666573759908707e-50,5.1382632318575786e-50,9.3365602402091694e-50,2.8718443773130003e-31,1.3869379634255344e-31,6.5908767164504055e-69,2.36474919536188e-32,2.2154646482867218e-68,4.7628045669132701e-67,7.681123633994196e-68,1.3660525377460921e-62,1.691720601480726e-62,1.7633344381417061e-47,5.19801360185857e-60,3.1084608581146345e-17,2.5064479978835317e-18,1.8018469316357685e-17,2.90553855862471e-45,1.1298167562310487e-49,2.8335470339294262e-49,8.5240961430474213e-50,1.0589959302843123e-54,5.2031315667247724e-31,1.7431943645842356e-35
2.8228934796064213e-16,1.1428448866159661e-16,2.6837425387034598e-17,5.7580991913657966e-17,4.9463501280482743e-45,2.3213002350793417e-72,4.6798950155051545e-45,4.0398126983831021e-17,4.7879936144890459e-65,7.2309861336404054e-16,3.5101178026838676e-17,5.7751759448504659e-45,9.7747034614878158e-17,2.2626335559560757e-16,3.0461732209016393e-16,4.1787296481551599e-16,6.1971630133479576e-16,6.1139957049587344e-16,5.093456396837914e-16,1.7058411834338349e-15,5.336456538855369e-18,4.0456865501816361e-17,5.6507207777234356e-71,1.4910668783069248e-69,2.2043808870093376e-70,4.1592337750627823e-65,1.31266322913979e-17,5.9063501084930824e-16,7.190333820065147e-16,1.3096336375133485e-16,1.7923576576093267e-16,3.3141095177557204e-16,1.3864597958963269e-15,8.0325507915683653e-16,3.2783758897073212e-16,2.1914428375037068e-16,3.2655098468555139e-57,5.549280277457795e-45,1.4589749676014308e-16
3.6087737937707127e-17,6.0997821352124586e-31,1.4368303110852266e-31,4.2033728167526637e-17,1.4330317888575308e-47,7.2765863165524727e-75,1.294209314344437e-47,4.3161142828721868e-18,2.0587080274359229e-18,4.9119617184873909e-16,3.7122602774760327e-18,1.5025868367020426e-47,9.4789004360453355e-16,8.3737030744508027e-16,4.0633452059800499e-16,8.7448303830877935e-16,7.8578072349220024e-16,3.8390669016473098e-16,2.2585223880081134e-30,3.3397647816790052e-16,7.6582563010915501e-17,1.5914358117742571e-31,1.466099417958579e-73,4.6854890903503967e-72,6.3862134060395947e-73,2.6964896807207464e-17,1.680948875818929e-17,3.2832592604264332e-30,3.4351773741367952e-17,0.8968641734754581,0.24028281938315973,0.12441930720246555,1.2728270941152709e-15,1.1447209518516341e-16,6.0186694883117205e-17,5.9963186545152762e-17,1.0088303967630832e-59,1.7277509570330183e-47,7.7962575040084554e-31
2.4733754669529295e-18,5.1973060020640393e-45,1.5112203602109952e-16,3.3740341580372622e-15,9.2466715182361556e-17,2.2729933385025132e-77,1.446922277142498e-16,2.3422269188696304e-32,1.1145084391956158e-32,0.35211886780860374,2.0124095454462827e-15,1.393870939955787e-16,0.6712010390181361,1.212036230136426,0.73172729706875728,1.3002927854147581,1.4620069361275314,1.218537377432199,0.43363742356589363,0.67479323068394648,1.2939019742378505e-16,4.5532594460216008e-16,2.719789541593008e-16,1.4654763156156e-74,5.6295418228506633e-17,1.4412127900644991e-31,9.219782526007255e-32,1.7972189401178965e-44,6.8016254033465447e-17,0.86931901753739338,0.57079906476674358,0.53916218663246618,0.59380429814745939,0.8253870245190873,1.2934963214146393,0.35509432730304447,1.3245849132515358e-15,1.4664216811454698e-16,3.1828864237397404e-16
3.0001665760809451e-16,1.089217436587938e-15,2.9948040220515264e-15,3.0211416888732705e-15,3.2277135505443857e-15,3.5953471213083164e-15,2.7356091772912414e-15,3.7758490477310698e-15,4.0217679526249057e-15,0.11538683958655506,2.7084577179634032e-15,2.8069048122913722e-15,0.57324785495574815,1.1320383731426027,0.60275875517496924,1.228847556109238,1.4605049799156646,1.1505487363685081,0.2798775535831079,0.63378211970896003,1.6198037654525379e-15,2.0820557489089388e-15,2.1221289348937462e-15,2.6522557617712213e-15,2.5209701797667591e-15,2.7689109003474523e-15,2.7304284775294489e-15,1.0554145514062827e-15,5.9755374207381596e-16,0.58256606411238843,0.34031271894220955,0.32796756710510655,0.53034473843360252,0.65318023283813986,1.1220672688099396,0.11794332713351022,2.9990400359907228e-15,2.4508723282655555e-15,0.0049785729719963867
2.6011588139626302e-16,8.7313752353122469e-16,2.2556789832674266e-15,0.1990062382792111,0.16700191309406251,4.1586219465058709e-15,0.13806820060632805,3.2843893442023814e-15,3.7887800124035409e-15,0.4338385613807858,0.36999117445252394,0.27200341389717375,0.36906743489238897,1.3107423520599728,1.0291197910284966,1.7799636891878061,2.1978695269934638,1.7173477394521421,0.65977118935226875,0.89258971582527691,0.38548453441301372,0.50393707561718881,0.13951894488128783,3.8836966715918252e-15,3.3184894828214877e-15,1.7896090834642015e-15,2.2221721440521651e-15,7.1557274717089947e-16,4.9176669414836875e-16,0.55249211845151092,0.48755846899486416,0.71926071839599748,0.84433888194470774,0.84170304288298192,1.1946725647728078,0.55987806308049981,0.042609189973571833,3.1134213851081861e-15,3.5579016147137399e-15
1.4772347372823429e-17,1.3813104679127153e-16,0.26354926387108912,0.79904524216689699,0.26366946274670744,3.8301118565536741e-15,0.33414546990923244,3.5875941651913915e-15,6.5505423203603342e-16,1.2767857593265817,0.70039225663822824,0.45381528400093052,0.47437934831893103,1.4577559390073953,1.5010549897856398,2.0420418356821379,2.4174774714774081,1.9803657867172151,1.4973960979051162,1.8429959260113784,0.90670791923810867,1.4536248782807948,0.59318610591347098,0.17411325492542401,0.15000023488779357,2.698596557935547e-15,9.0719461799614441e-16,2.3374413493938671e-16,3.816737838256058e-17,1.4095402932359078,1.0181732476854768,1.4378601151051205,1.9702406723391679,1.498671083004272,1.8608450712999336,1.1991063685215024,0.50130123613938704,0.3282232913273857,0.48825664278323011
6.8907909121770977e-32,9.6422870372177458e-18,1.3317793248155478e-15,0.082188363384825894,1.2476101233631686e-15,2.0591275513813319e-29,1.348145242198134e-15,1.8995438372482019e-29,3.4660193648474566e-30,0.52099528781354121,3.0559784052116343e-15,1.9542872712454727e-15,9.5649588759343645e-16,0.68678687171847297,0.72823625017846583,1.2241248506082671,1.5709411426514581,1.16935903653215,0.72484337411438482,1.043593683001858,0.18106500521315166,0.68518049888813881,2.1939734032675729e-15,9.2710817592568836e-16,6.9717665807540809e-16,6.4900414154469899e-18,3.2550618623884044e-19,1.2845920907752377e-30,2.0969501083875311e-31,0.64306028783956271,0.28320625805717903,0.67315666340778946,1.1586993229483613,0.72640728710765345,1.0610371296691838,0.4507212207148763,2.6634820176951422e-15,1.7899332273835646e-15,2.4659385048872054e-15
2.278198567912689e-17,4.8292148318921156e-32,6.4615282422542998e-30,2.7323748434715798e-16,5.4775636127812606e-30,1.0915403860004098e-43,5.1008415324569231e-30,9.8837444695331529e-44,1.8031804464926989e-44,1.2320131611551522e-15,1.254888576984127e-29,6.8569731079218477e-30,1.9011892632975266e-30,1.3406241641962282e-15,0.017162487722076535,0.47216557097201806,0.79141744804985781,0.42251926070272511,0.01404448924922562,0.30714303261218473,4.9102560898470517e-16,1.9003717081551433e-15,7.5941192433892046e-30,4.8947547226364529e-30,3.1694694249481545e-30,3.3831333584768478e-32,1.7292762189877769e-33,7.0082988082971423e-45,5.4561557442332255e-45,1.9303827639108709e-15,6.7307302083381164e-16,1.7309050698682741e-15,0.41230103101174487,0.015490909624582428,0.32355712135747805,2.1615119380070356e-15,1.3964638428123287e-29,9.7153390726387024e-30,1.2465105350777584e-29
8.8279854924130622e-18,4.9962202913970326e-45,3.2051615661975547e-44,3.0898775719930003e-18,2.5123680982158271e-44,3.1525814338359797e-46,2.0618155595777965e-44,2.8241833434241882e-46,5.4213057269338369e-47,1.004417885198056e-19,5.5251162727380883e-44,2.5334458196679532e-44,6.0831501706386486e-18,2.6676144129413686e-30,6.7921725683868745e-17,9.5616214161723008e-16,0.075132487523180524,1.454259117270167e-15,5.3693126667039898e-17,1.362255457984717e-15,1.3900634713624525e-30,5.5652314312050503e-30,2.7018818517577687e-44,2.6183366759614602e-44,1.462270619467925e-44,5.2512518560780411e-45,5.3770602232723962e-45,2.139394983390727e-47,1.6674297462774608e-47,5.6779471259480608e-30,1.5662212631837243e-30,4.6349135980028167e-30,1.0065282896261347e-15,6.8350825476378547e-17,1.6713657061107307e-15,1.0746968117440519e-29,7.4038522189146298e-44,5.2972011632887519e-44,6.3202453863033616e-44
4.1559631848597356e-32,1.5116478607436476e-47,9.4821476967163822e-47,1.2677502524142424e-32,7.205357863559596e-47,9.920335861875125e-49,5.5855359079329058e-47,8.7224929142930688e-49,1.6757742431163947e-49,3.2080812118844938e-34,1.5246115370647246e-46,6.4891006860832904e-47,1.3734018183676827e-32,5.5692544454531336e-45,3.0192302755094472e-31,2.0888832901939436e-30,2.2116777820424912e-16,5.5914348136700783e-30,2.3598678254791718e-31,6.3795903934786304e-30,5.1484547880410841e-45,2.1201347973653126e-44,6.884824634824631e-47,8.1584774042880474e-47,4.219926153736996e-47,1.6023146568035249e-47,1.6715071400396839e-47,6.6820550793316542e-50,5.1760603260977142e-50,1.6616550826055613e-44,3.7738707091702032e-45,1.3962743526523198e-44,2.8010863791505094e-30,3.2701661084527245e-31,9.0450293321647355e-30,5.6670694554648292e-44,2.1880124550898692e-46,1.6060991589583997e-46,1.851288806948095e-46
4.3785719132711251e-45,4.465750087660518e-50,2.8297212124396054e-49,1.4998193739493735e-16,2.0602804111511417e-49,3.1015645381812205e-51,1.4918853416568578e-49,2.6738897385375931e-51,5.1282090414623448e-52,3.0714803536340891e-45,2.1057994982409546e-17,1.6349183025330658e-49,1.0466591027912067e-17,6.5614485342960294e-48,4.9948806035650136e-18,4.6595772353770347e-45,6.6124571727256193e-31,1.4478870727354222e-19,4.2878873117362407e-45,2.975978745661225e-44,1.1163920831213507e-47,4.7271268531185083e-47,1.7177610700817337e-49,2.5621618814020185e-49,1.208505514294396e-49,4.8734551505889833e-50,5.1602842656794312e-50,2.0659657412546403e-52,1.5940586462660865e-52,2.1372479977857934e-47,4.5623514975769527e-48,6.6612157553007571e-18,7.8288265704384892e-45,5.4382523515758236e-18,1.1219403673839157e-20,7.2158658590472325e-17,6.7174359921943938e-49,5.0065402181573602e-49,2.8359878604182251e-17
6.1737063697087859e-18,1.3223522630139393e-52,8.4537249296053814e-52,3.2331781363183981e-17,5.8842095444328508e-52,9.685332725958276e-54,3.9933090395484946e-52,8.1874695952955654e-54,1.564967727585903e-54,1.0446744302988965e-17,2.2737210465997594e-21,4.1082600235097154e-52,5.5201453141655713e-17,7.5022238728115785e-51,2.1835555792657105e-32,6.5028557964128345e-48,2.87955866250059e-45,1.0132740361271108e-18,1.1194276364416526e-47,2.0218810717839013e-17,6.4966854860652455e-18,1.0680249084718263e-49,7.089333717017375e-17,8.0401831293481671e-52,3.4521702294189351e-52,1.4804462969465848e-52,1.5905254822056315e-52,6.4011195898266806e-55,4.9235863144342201e-55,2.6868197968534078e-50,5.3480073328542999e-51,3.6150676887630918e-22,1.2892520162641093e-17,1.4010993956969998e-17,1.9809976568450168e-16,8.6944470155531678e-17,2.0635881637777181e-51,1.5614782152981179e-51,1.5080327126655077e-31
1.240354385114185e-17,1.3985502740354525e-17,2.5417583679295886e-54,6.1025121061157794e-18,1.6671130863426838e-54,3.0204814594875024e-56,1.0579820757860904e-54,2.5025681757588654e-56,4.7641753826665167e-57,3.1555465753941078e-32,1.0798349026916336e-35,1.0060846274194346e-54,1.5998060057455068e-17,8.329304693434377e-54,4.3701940919769837e-45,8.9288730211444042e-51,5.3426217253476385e-48,3.731080069267084e-33,2.8897649424717769e-50,9.3619723738935001e-32,2.0759535900215371e-32,2.3265060810411671e-52,2.7422845900776816e-31,2.5076149267141616e-54,9.7235267129242454e-55,4.4799665585122245e-55,4.8762288440722116e-55,1.9565768541864876e-57,1.5047154287887308e-57,3.336950243080624e-53,6.1722388864604633e-54,1.1108050203943795e-36,3.5520232005415074e-32,6.5933317400631658e-32,1.0545052743793828e-30,4.5349505047991851e-31,6.3488494033630899e-54,4.8753892306090563e-54,5.3386959280400058e-45
5.4885327091567981e-32,7.1946827786109446e-32,7.6196871464974192e-57,2.4753262172555682e-32,4.8097417593104286e-57,9.4633079073777612e-59,2.8530802785191696e-57,7.6794448531619291e-59,1.4580903109180813e-59,3.006123977262686e-45,4.7756389468923825e-45,2.588541670011422e-57,3.6483882741161493e-32,9.8436263489042838e-57,1.1591759652957454e-47,1.2663544659422077e-53,1.0119680836468762e-50,3.7010144915806027e-45,7.4640777422008304e-53,4.540840840635156e-45,3.5631249506578863e-45,5.4256126183073944e-55,4.1745331045035408e-45,7.9162657106002395e-57,2.8150223723296674e-57,1.3649535254296693e-57,1.5066504526079253e-57,6.0685491736759106e-60,4.6506236012531913e-60,4.2033074939000471e-56,7.2758763078786551e-57,3.0149983987211928e-45,2.5996399278345678e-45,4.6416313563388326e-45,5.5888163177977464e-45,5.2024380907751059e-45,1.9502542375802142e-56,1.5208015590455335e-56,1.6128270518346568e-47
4.0234399708232164e-17,5.416237418006595e-45,2.3026515376041318e-59,4.0360761630321647e-17,1.4334294041295113e-59,2.9941534422669011e-61,8.1101556312866329e-60,3.9318219048884283e-18,1.1436047995355975e-18,6.5926509108273133e-48,5.5625138542041877e-18,7.0545246671754798e-60,2.8912890770336782e-16,2.9261303011335668e-16,2.540631704960562e-16,2.6984087658877587e-16,3.1473356132348071e-16,3.671037242224099e-16,1.9856385771024634e-18,6.5037923652970956e-17,8.6155602872389116e-48,1.3633013959535363e-57,1.1132673349392183e-47,2.517748759228409e-59,8.3028792121410901e-60,3.8753592825940379e-17,2.0293622757623643e-17,1.9074208259778325e-62,1.4516068322806534e-62,2.4970246667100806e-16,2.8418831894706563e-16,2.1917217214133238e-16,1.1286045940562664e-17,1.8643050013433543e-16,5.4547012213068406e-16,1.6986573904827436e-16,6.0105931329059471e-59,4.7553070952387132e-59,4.4471149352162915e-18
1.0153345653988056e-16,1.7123755140698387e-17,7.023256902790675e-62,2.1471076856857693e-16,8.3238654312947938e-16,8.8741277702747375e-16,1.9847899321073257e-16,3.5678603824655129e-16,8.5407997679075051e-16,8.6021545667057442e-16,3.4097942173579245e-16,6.3509112878977715e-16,2.0613396483943464e-17,1.6126177323875799e-16,4.2192516167854274e-16,2.4612436908258469e-16,3.4684731060296805e-16,6.8413211355785158e-16,1.1505599482380302e-15,1.7286805809663588e-15,3.3525833617879406e-16,5.7102681176742069e-16,7.2506752081251147e-16,6.9220349350376165e-16,8.1545934078307921e-16,8.9141687396578222e-16,4.9745821172287224e-16,4.845939467085429e-17,4.5222956690050242e-65,5.4044126654257443e-17,1.3452733085162418e-16,5.3301479030219386e-16,1.0769532853315889e-15,1.7682592395361884e-15,2.3953741621653295e-15,7.4162592862028201e-16,9.9697782757142367e-17,5.0043951703190279e-18,6.2120620624905261e-17
5.0287820785481241e-31,9.3066240268369115e-32,2.3249714845198955e-18,7.7886907149407716e-16,1.7086599932134522e-16,5.0044144681619735e-30,1.0940101521867428e-16,1.9633871456721322e-30,4.6874469243849431e-30,2.0639950630655148e-15,6.1026897245752215e-16,2.4304696415480819e-16,1.4598958604828403e-15,1.3204162237739304e-15,1.7379517212359887e-15,1.9270899903158606e-15,3.0653817254105112e-15,2.9613852546614527e-15,2.1769267962709624e-15,2.8770948865099747e-15,2.4315498952494402e-16,4.2035500578078036e-16,2.7171343131100646e-16,3.9399679418013805e-30,1.0765935455091173e-16,4.8231787407822414e-30,2.7720559620401356e-30,2.7255880449308312e-31,1.4135750776332812e-67,1.5853604652785201e-15,1.408414255614312e-15,2.5446467576899706e-15,2.2027109621974053e-15,2.6995781282178653e-15,3.418845935110782e-15,1.5987763838576168e-15,1.92758686796895e-16,4.881446262311539e-19,5.669857294515835e-17
4.9848087381439717e-45,5.4296170560387249e-45,1.2590912399938318e-32,3.384764682034184e-30,8.5625402327149289e-31,2.8133019846603339e-44,5.1899717103372741e-31,1.079800820170518e-44,2.5720067595250646e-44,8.9175800970052721e-17,3.465726254305268e-18,1.0522450740148599e-30,1.6131379696467727e-16,9.5380074362537632e-17,2.1527882148421807e-17,1.129046782646544e-16,1.2813866013914275e-16,3.0866428224569486e-17,3.9955732074157885e-18,2.4699594343485294e-16,3.5546908641946144e-18,2.8012366378475129e-17,1.1759118949057222e-30,2.2370058047582447e-44,5.4183591937912174e-31,2.6025186078659591e-44,1.5443023774513514e-44,5.6357192092323776e-45,4.4256793677972938e-70,3.276309945235661e-16,2.5515345433990011e-16,3.4208136049110253e-16,2.6949963236458981e-16,6.1064541532884321e-17,1.8345220757970813e-29,1.230663401572902e-17,1.0596588832521443e-30,2.7290724085694513e-33,3.0704221760250529e-31
1.4018006415109191e-47,1.6379839758663555e-47,5.3389939506054998e-45,1.4108229551189361e-44,4.9342156658082899e-45,8.6722209115067997e-47,4.5802927581367709e-45,3.3079340908143498e-47,7.7886520194543954e-47,2.7301833123590922e-31,1.6824535811601355e-32,4.4401944747944077e-45,1.8803513309533048e-16,1.1034662349961671e-16,7.9205238199322102e-18,5.4039268429710135e-17,2.8671087796778391e-17,1.0985457092708235e-31,1.6777775151007696e-32,1.1078968002539855e-30,1.2992420592747788e-32,1.0628240201267962e-31,4.9018070547030235e-45,6.9584669278949693e-47,4.9456798831359213e-45,7.8215154905832271e-47,4.7535663421139986e-47,1.754758300480276e-47,1.3761670756037412e-72,1.196469820966948e-15,6.0412066618122604e-16,6.2245043981452273e-16,3.0896766811751459e-17,2.8182883048171424e-31,9.638475706810356e-44,6.4303079541469445e-32,5.7938899597282152e-45,5.576490553434629e-45,5.3686775837682363e-45
6.502091013328445e-17,1.4181781689440182e-16,3.4064341753188902e-19,1.288976853145775e-17,1.4352262078932751e-47,2.7314494982097222e-49,1.2658441150008501e-47,2.4483758938015987e-17,2.4007957431748307e-49,3.2128893801910616e-45,6.7827844368408952e-20,1.1595928922430533e-47,5.4205346192279617e-16,9.2625018558019566e-17,5.3967973356054704e-18,1.2779038239457639e-31,3.4286136864684717e-17,1.4496494400445669e-16,4.4595559224270605e-45,2.3876897991853149e-16,3.7702230423127358e-45,3.936840068098929e-45,1.2669295121511172e-47,2.202827163611543e-49,1.4307410060155647e-47,5.7912446608743745e-18,3.2047675782127913e-17,9.0233944353249866e-17,4.2600093337357598e-75,1.3153468000700411e-15,5.1754701466833353e-16,8.4160972138284421e-16,2.9429997043049759e-16,1.1917526010748781e-16,6.6396891790023885e-16,1.210060930189982e-16,3.8876924184078989e-19,7.242050053064893e-17,1.8684618267233277e-19
3.9868643473939093e-17,1.7076930232197447e-16,1.8288129224944265e-33,5.7126491947651415e-32,4.2607845218754603e-50,8.6466873667956231e-52,3.5880322446660116e-50,1.3469845432872415e-31,7.4493782728655554e-52,7.1468405288471636e-48,3.4385848973893933e-34,3.1396854218579429e-50,2.11104594899508e-16,1.5065072350633091e-16,4.2920901349751031e-17,4.5172179469606373e-17,1.1568416892350915e-31,8.5034880794167152e-19,1.2365069492570445e-47,9.1026206934033175e-18,9.2102531346365801e-48,9.9106354075491096e-48,3.3972619351378987e-50,7.0216137657295903e-52,4.2224170528753575e-50,3.1444144142529543e-32,1.1634006668142881e-17,1.4331848791227434e-16,6.819392667924747e-17,7.8875996811981041e-16,4.6386538885866561e-16,6.8362392810843573e-16,4.4456727321441916e-17,1.2045625332901108e-17,1.8973417474931866e-16,2.6112636344278622e-17,2.1331124238041438e-33,4.0424175612069884e-31,1.0072020660416461e-33
7.8824521178650049e-18,1.0966280219918545e-17,1.1792717894742079e-16,1.6487930301550391e-15,3.5671278890645692e-15,1.7192082211076902e-15,2.6462428747166318e-15,4.769026674753781e-16,2.2491080939375991e-18,1.1093149367324284,3.3326811868772544e-15,0.17848799826795539,0.68960148982901326,0.92850034721764318,0.31113018920965718,1.3835402371928855,1.609273741573291,1.1972753689230917,1.2107623941625674,1.3048297847519053,0.39933656830299807,1.1202360561086775,0.33832154865528624,4.1337830170353157e-15,3.2409331890847646e-15,4.0573540747306883e-16,5.2702484427553107e-17,8.0331223656215766e-31,3.7951892663523076e-31,0.96012353933705108,1.0859723737514047,1.4598537140630961,1.2899608310168631,0.96144828279113859,0.96889997637737313,0.20571577902905805,5.495286613793173e-16,4.5496924782944224e-17,3.9539777060807115e-17
1.4517319778426466e-16,3.5514829942389224e-16,2.306452221136804e-15,0.37583913821302406,1.8942793426536155e-15,1.0451066212145913e-15,2.2021760207853262e-15,5.5940654861314839e-16,1.5057293750868759e-18,1.8627827439934121,0.019622563437000626,3.2110478050615745e-15,2.6838131421395803,2.7509337628274162,1.2123547129571499,2.9166572374904445,2.9466209630993738,2.1876698455399533,1.8488027167501155,2.5131715853422185,0.54579421596486788,1.0921096946189186,0.17776029007434918,3.1919337224634729e-15,2.5903071562332683e-15,1.6297821646709624e-15,1.42979659962954e-16,5.5926458937680979e-45,5.5588423812887772e-45,3.3982536991222236,3.0105404199138217,3.2647883843372467,2.9002378043613994,1.8696607089522903,1.9701275810656196,0.63960299233382034,2.866533272326579e-15,2.6920909391798869e-15,2.2838317361827935e-15
9.4280729542777789e-16,3.4557563192137055e-15,0.74876922302265447,1.4493170844520775,0.94630566297270247,0.77237645617214701,0.80743672590505156,0.55370749835814304,0.54169808727019386,2.2522956881368699,0.79051357686223456,1.0348186769239911,2.827231571386783,3.2111064112417012,2.1378358118375993,3.3619770313447344,3.3326551107313231,2.630448887812264,2.501271658949574,3.0134697256243044,1.5569886701074218,2.3494669285832481,1.1985635510939077,0.88421347430305752,0.93220824170087557,0.79123382994572833,0.24067713833698376,1.7495071881885419e-15,1.4598217986427684e-15,3.8696085943375014,3.3764693086229678,3.8392785753593346,3.4633838685340517,2.4726839944405854,2.7417938616951973,1.4747553547968371,0.91818076390831926,0.82364435146245807,0.76165575985506295
1.1680927480458351e-15,2.4489219051629649e-15,0.6963525454809163,1.4102304231529643,1.0922015666415095,0.91470020874322944,0.85924187488421133,0.61761596114034378,0.75156539445143533,2.4256900872880158,0.76188098047418995,1.2588142291416529,2.2777779231796376,2.6572821656855172,1.8644056110540086,3.0700268289303292,3.1516040414256929,2.4622763125919165,2.6630335281218729,3.190916361026813,2.0496420105482964,2.8733751959098774,1.6367816662140415,1.3187343992671521,1.317361558304176,1.0302230582049519,0.22403319554427817,1.8168633447559606e-15,1.65781107360285e-15,3.6555817388278027,3.0901548502820928,3.7053348227052494,3.6038441164175627,2.4611471384818491,2.6486275164465996,1.3456883248842528,0.87478403479488787,0.79070818637200824,0.90065025509835372
5.5608422634792582e-16,1.333593098241113e-15,0.17297086692408681,0.72228884714899821,0.90557628880732666,0.61129697525761562,0.66493634757696252,0.23115885534940109,0.23610608055438514,2.0588396053886577,0.45891950220452571,1.1109933882083625,1.5151339670449822,1.8673823973640085,1.1641329320942877,2.3071375096346367,2.436724275386609,1.8288906578292579,2.456216762360159,2.7446836693791443,1.7743147569667204,2.6149270852464741,1.3804461428583117,1.0724578205381119,1.0553347887614313,0.69523930506757536,2.5219224330341651e-15,4.4893751875869463e-16,2.401237638398986e-16,2.7111336796927508,2.2327664603445543,2.8396413227287827,2.9338984995621851,1.9659626263046701,2.0583151116427101,0.77665510358645162,0.27886063574773468,0.13164687512136111,0.29407046159604244
2.7198748525385298e-30,6.9627485180039464e-30,8.7248330654502355e-16,0.011700969829067985,0.18031669815835005,3.2983646190917306e-15,2.6693450682496513e-15,1.2286661201076093e-15,1.2548155740837936e-15,1.2410306088995873,2.0255155961489647e-15,0.36918387666555885,0.73990807428561389,1.0634210023478334,0.41813475423598956,1.46827481391853,1.5890180410746482,1.0300581655823517,1.6089603390778913,1.8756067332658877,0.97952287866192622,1.7545198244895517,0.61726667638438903,0.33417782779991939,0.31821973730302322,3.6657714807785514e-15,1.3643596312838888e-29,2.4821618834735785e-30,1.3235578227494342e-30,1.8407656617463546,1.3998318125680775,1.9601567191697646,2.046324395569084,1.1573997639401299,1.2432703158255693,0.061727947656075685,1.4845119137765213e-15,7.2060515672893074e-16,1.5347896547983363e-15
8.6503282631442949e-16,4.2834633805882248e-16,4.4589272438906591e-30,4.5959118391309073e-17,8.6426411734200971e-16,1.812711910012235e-29,1.1294015870923203e-29,6.6269194317786157e-30,6.7645916460914842e-30,0.48815014469110868,9.2981827461532585e-30,1.4832116028474982e-15,0.027846780424562012,0.32471384287048449,1.8556927241335778e-15,0.69677974497024631,0.80859304151874156,0.29469477678009892,0.82776186068537594,1.0739777914584034,0.24801883168953584,0.96137787797442298,2.4202312011115717e-15,1.8205503648840417e-15,1.5733775944282973e-15,1.2785250657838531e-16,1.4862447567898357e-16,8.2927355237541807e-16,8.9487491074844715e-16,1.0398134103774597,0.63388418119106904,1.1515815276897654,1.2290201058632377,0.41217905836635182,0.4915988753275165,3.5357487109497045e-16,7.9819122747097735e-30,3.9675604400166881e-30,8.0580749051569294e-30
4.0129768291835776e-30,2.2505788338314988e-30,2.3123151958929175e-44,4.1839236968748681e-17,4.1907357569338628e-30,1.0095425937998495e-43,4.6950263848396845e-44,3.581595341945837e-44,3.6819275983677323e-44,1.3295379650597127e-15,4.2699005804705171e-44,6.0764490047646963e-30,8.536962310904026e-17,6.7798617456458299e-16,4.6770809282473691e-19,1.4839175525983028e-15,0.090919630998602299,1.1038545555364504e-15,0.10863245257531456,0.34404636367101543,8.5879162377815435e-16,0.23141724549539588,9.9839506874988153e-30,1.0275651280932873e-29,7.7991519482652879e-30,6.8710320462771483e-31,8.2002315819564541e-31,4.5535897132939931e-30,4.8668852721849112e-30,0.3033296905685805,1.5464854745680054e-15,0.40616613967408377,0.48080921626090872,1.9036666428886014e-15,2.6235086173298772e-15,2.8443037821246373e-17,4.3317637918341505e-44,2.2127659389782198e-44,1.0855382843576304e-18
5.3142056172825115e-20,1.1935778128358209e-44,6.8697619275511321e-47,1.8111745920790833e-31,2.1675147663888853e-44,3.0382440522297553e-46,1.2583765222000538e-46,8.7444722755695242e-18,3.2519892128236421e-18,4.2074052420833003e-30,1.1955044221252832e-46,2.7374570942587965e-44,5.3062853804987735e-18,1.5106112085664983e-30,2.2067038577445765e-33,3.5364497461448993e-30,2.9573273966765174e-16,4.5180043797420162e-30,4.8534746453652267e-16,1.6597111795133181e-15,3.3438991782191373e-30,9.2808569236465991e-16,4.4484014486759098e-44,6.0281650826282648e-44,4.0082479663338266e-44,9.0195457752607186e-17,4.9838178464970856e-17,2.5161953284865364e-44,2.6665310765891447e-44,8.4861896923762861e-16,3.7278660448580632e-30,1.3200589986720019e-15,1.2740875595356151e-15,9.3732737289786367e-30,1.4449353721334388e-29,9.7994393636175671e-18,1.3030707276204062e-46,6.8520650640817195e-47,5.8442080657204905e-33
2.5751723405642214e-34,3.6284791886095777e-47,2.0983260247230339e-49,5.6807669456600736e-18,1.3692882733001303e-16,2.5380907501402994e-17,7.0420991295041942e-18,4.8313814342340266e-32,1.7985741895305288e-32,6.2672902076355242e-18,3.536095306992006e-49,5.2888242916336291e-17,2.077633296793343e-17,3.3549831800611088e-45,4.8435413465767501e-45,8.5922412481938209e-45,9.9847783950597427e-31,1.9318211251391324e-44,2.2961845998921957e-30,1.454873298920884e-17,8.8154993831414699e-17,4.2480935343259201e-18,1.5101470152519085e-16,1.3199131681426396e-17,9.1757152816302426e-17,4.9109807029531587e-31,2.7959805789577648e-31,7.7800629141556211e-47,8.1857554658727394e-47,2.3504647345624993e-30,8.9802767533852012e-45,4.4743030665852424e-30,9.2548201709543169e-18,4.7652764881087548e-44,8.0614763341735224e-44,5.3281700264699498e-32,4.0369251983473679e-49,2.1545695538535288e-49,5.4382986442572204e-45
4.9239672896161007e-45,1.1184135320710671e-49,6.4377581062373538e-52,6.9613592857456981e-16,2.4644335961317368e-16,1.4661562676937576e-31,7.9222829046150702e-17,5.5470348208715145e-45,5.5644045629062052e-45,3.0693200547962817e-15,3.4589944252109218e-16,5.7335196002135543e-16,2.0641513680974458e-15,1.5220697201432954e-15,1.6922354249765445e-15,2.1435535463060464e-15,0.037263010611764305,3.4189320573153941e-15,2.3076960260156394e-15,3.4239047798619342e-15,9.383865905797515e-16,1.8845680373421487e-15,9.922418833403459e-16,5.6852278561994361e-16,4.7254253179785386e-16,2.634419916539766e-18,5.6396567061078776e-45,2.4543480322408835e-49,2.5626327215419792e-49,1.0826746363059995e-15,1.3869568209455257e-15,3.0753891502800774e-15,0.12025785745599227,3.1725011201957751e-15,4.3268056494375767e-15,1.3972506459661505e-15,1.6056613773138466e-17,6.7807652438812203e-52,4.3505956726659487e-17
1.4771623325533995e-15,0.11772803075423627,2.8747022254259567,4.2756869176235339,3.0637772194345145,2.2671356062697101,3.0876485430706491,1.9903102049647359,0.8955385130632415,0.80984221611185825,2.4704028972846803,3.1960812992780774,2.0043979277250594,1.9235440100999939,2.7167351132163824,1.416404179152468,1.1794610664627168,1.2241004649911718,1.8582712294287433,0.91363727286138952,1.4857796738458042,1.6942722721037196,1.6292401200744246,1.6747669139021859,1.8420531134771654,1.5162902866751593,0.71335973164120858,4.0701013955943753e-15,3.1186216099455425e-15,0.42700305992640203,0.6907848393042495,0.50470794894213455,0.49996661261976855,1.312294347805484,1.5156638021311444,1.8647959515501504,3.1923114280517471,3.065166684203259,4.5098791762152093
0.25771447413972787,0.51311841191166352,2.9677303549601461,3.9026314183541593,3.9291949865604066,2.945385855249691,3.4239731082996414,2.4961017042261227,1.5203826019991105,0.52562451808541744,2.5201284813688809,4.3235965953384001,1.2359514900596602,1.2107474596285221,2.321132498311727,0.85740777258904166,0.71980387563181902,0.81369089141437734,1.8326310330169999,0.61610402231892569,2.0714242140385126,2.2934351476028407,2.4427633416397674,2.6340212099488536,2.8390323418165693,2.4607604714232916,1.2339503960864335,0.43406615379869196,0.4984383232844436,1.2009711148783532e-15,0.014871486370831964,1.7904646087924652e-15,1.9497503983675866e-15,0.98286543146518701,1.0884459646303641,1.6551699185037509,3.1372721483207466,2.802633164975695,4.1788845323086141
1.1642401266002019e-15,2.5344559829077552e-15,2.0821576149248049,2.9408553617215212,2.9686412853482085,2.0620116676922389,2.5006103527390429,1.6472145256400799,0.74702428490075123,1.4622255900875909e-15,1.6682800540217191,3.3306948216496446,0.48350717081336869,0.45989672451924113,1.4838966220209737,0.13558561208161585,0.0094069850202888536,0.09563881387872461,1.0337572638641837,2.6657481858369762e-15,1.2565965470414324,1.4576367136931161,1.5960462045444832,1.7746411808523146,1.9629988818639295,1.6146267717593192,0.4829724415309245,2.3329274937085222e-15,2.6767680820689268e-15,3.3644712066590039e-30,3.5096145646572989e-17,4.738659318392441e-30,4.7763841855032213e-30,0.25139477056882009,0.34883569452704627,0.8711889073785225,2.2391679415637458,1.9304488727420517,3.200392756168601
5.1592682653767364e-30,1.2541895663508484e-29,1.2649758694153561,2.0542086424218833,2.0820004380895698,1.2466906366665782,1.6489429160306095,0.86397684391342211,0.034476153835031373,4.3538389921397927e-30,0.88271759777933523,2.4142311223787329,9.1679370906162153e-16,9.0020054313543359e-16,0.71237833973220799,2.5105022235625733e-16,2.3675824303427861e-17,3.2305355184962027e-16,0.29806843062846577,1.1890062613055619e-29,0.50259672462805127,0.68766901722339524,0.8154957845644395,0.98154217844250879,1.1546398828941919,0.83391001876759696,2.5650141559700397e-15,1.2621301289497924e-29,1.4437585612447998e-29,1.0646669077449072e-44,8.6918010531287708e-32,1.2439399277023176e-44,1.2450167753986662e-44,1.1246148604415705e-15,1.8055257827501955e-15,0.14872330085711444,1.4102161081695814,1.1254681920756,2.2971060188962937
2.3363918951638514e-44,6.3730414819396541e-44,0.51154730439412432,1.2383075429573149,1.2646909382212013,0.49479691398701231,0.86487009785362012,0.14212973492386413,1.8290015993700585e-16,1.4642203516421164e-44,0.15929510679061656,1.5702768937299374,2.0345277581173892e-30,1.8556809541638384e-30,0.0025999634509331253,5.1361130847823778e-31,6.5186002966894566e-32,1.1962585918540558e-30,1.2970880096276826e-15,5.6422033481503167e-44,1.6462968947680397e-15,2.4219616689363222e-15,0.09736279707796168,0.25043968587117293,0.40970361537813466,0.11444098510273976,1.3846912863428411e-29,6.8796330890748514e-44,7.8252757998536034e-44,1.2258337045680155e-47,2.4981338489691023e-45,2.246780955307477e-47,2.2116429916713108e-47,5.3504516347321764e-30,9.6697829224381126e-30,7.7849709188280377e-16,0.64555752579001524,0.38309112799792144,1.4637764523741577
6.6450819361757474e-47,1.904251246078724e-46,2.7701564334692094e-15,0.51106935152284505,0.51135954896400138,2.8969809377190681e-15,0.14549191406101541,7.9280107361340537e-16,1.024013887566731e-30,1.1422164918453129e-17,8.3595643483052806e-16,0.79309676031935095,2.0179620733427887e-16,3.3166717519081228e-16,2.8786103242178974e-16,2.1058202661129705e-16,3.2458931179312111e-16,3.5432473695444021e-16,6.6181200432156915e-17,2.7945174182694022e-18,6.6100608275401956e-30,9.416645970070803e-20,4.46217417249807e-16,1.5026559735257396e-15,2.1470824880279634e-15,6.2804639269494684e-16,7.8799465699239551e-44,2.1009170811087115e-46,2.3563084661296474e-46,3.5196618940952018e-19,5.1135999254553466e-17,4.3190680556644968e-17,4.4581847880339667e-50,4.7382377467076393e-17,2.5008667981724478e-16,9.5454910216263179e-17,3.560285639924077e-15,2.1661918408942964e-15,0.69498515546265294
2.0799412151926599e-18,3.4318520242127694e-18,1.4835903101527818e-29,2.1403482788680695e-15,2.7489578812383688e-15,1.6956280265749689e-29,7.1718922434711009e-16,3.3299859729871368e-18,7.3775209659590024e-19,5.1447464525976252e-18,4.3006660824595128e-30,0.077999690132963595,5.9322242777709988e-16,2.6520969985703822e-16,3.5191217056950812e-17,4.5399512871071317e-17,1.0302995565719325e-30,1.0193993764030916e-18,3.1601546755879301e-31,1.5702203377207954e-16,2.5827970321756583e-44,1.2500925438758765e-16,4.6104700800012734e-17,8.9994154501828347e-30,1.1170400959436498e-29,2.3386068443939991e-17,2.8795045735728041e-17,6.9187799730450159e-17,1.9470361634621932e-16,9.5284130584161546e-16,4.6920028162218434e-16,3.3038336800156239e-16,8.2169124665558102e-17,3.5630441557763469e-17,2.1006620464511886e-16,4.4500545868672905e-17,1.9494341958497929e-29,1.2195699138728146e-29,3.7598471553536403e-15
4.1225902333768017e-17,1.849013667678562e-32,3.6836341973688667e-18,4.1995417990087745e-16,4.8161981416998803e-16,2.7480659687471245e-16,2.8529043956947602e-16,2.1097868789327608e-17,4.0750304792130736e-33,0.21187012570081679,6.2887861567627046e-16,8.1315716935961633e-16,3.8879490016483881e-16,4.340591103798532e-16,7.2469553934807148e-16,1.0260027920616554e-15,1.8333419889621256e-15,2.012693517028554e-15,0.14985613746882928,0.33759781505477987,2.1315861381099643e-16,1.466761050960013e-15,6.8074588486966836e-16,5.3262936376090593e-44,2.2636471654346226e-16,1.0464994572816906e-18,1.6218066396337398e-31,3.8996381572982494e-31,6.2784854484486025e-17,1.1986484983152102e-15,7.0424167597641532e-16,1.5670750909992719e-15,0.23620642607412015,3.7542704632109227e-15,2.4716442783496715e-15,1.1362929027168463e-15,1.1530848244450689e-16,3.9195920787620041e-17,1.1864267445382638e-15
4.2716889538188648e-16,4.0701089214205478e-16,1.3930061737499458e-15,3.3185448187396212e-15,1.3976293673016732e-15,1.3516367365093556e-15,1.255126224156374e-15,1.5995329156184457e-15,1.4315826572228728e-15,8.0140279231815519e-16,7.0356402381931849e-16,1.3934347788545392e-15,2.0497443689654933e-16,2.1166986251795351e-16,8.7720578523942794e-16,9.122522276959726e-17,2.2841423567616796e-17,3.1953697763837414e-17,8.5884443771942537e-16,1.6202424529864024e-15,3.2404674939490472e-15,1.5232126718813613e-15,1.9372061772796866e-15,2.5501375268557441e-15,2.0269068222436453e-15,1.3447393519927884e-15,9.7614060980897557e-16,6.4139655109904295e-16,4.1646436981525299e-16,8.7306015972934372e-17,6.624477578086391e-17,2.6737812923873001e-16,8.2542353215397283e-16,8.2846344577492321e-17,2.0534439217840739e-17,4.2214782587456992e-16,1.8212188481371533e-15,1.8170149253070217e-15,0.49381433763397414
0.66394972510103301,0.5923504303570013,1.2433121882667094e-15,2.2514040622679616e-15,2.0897635297002928e-15,3.3857446254855514e-15,3.7030596541862741e-16,2.4774101528908996e-15,0.066201264581310787,8.4173850891643123e-16,5.0205349685856261e-16,1.6114783522003897e-15,1.7318266340104225e-16,1.9441718336267561e-16,6.8812288999063178e-16,2.9695915715256199e-16,3.4331255292890982e-16,1.3566890409729098e-16,3.6457765127405935e-16,5.0541509522838059e-16,1.5657123921719764e-15,3.4083762571662325e-16,2.1243549810523828e-15,0.14135993383007284,0.078363449268682758,0.47338697657657064,0.15080314408018541,3.7651974544748074e-15,2.0662119169537885e-15,1.2392611969667311e-15,8.4988322261426091e-16,2.4470959601288042e-15,1.0122108555883839e-15,2.683644893786909e-16,3.728250187698484e-17,4.0038510675515569e-16,1.8285304077849646e-15,3.0711929940345151e-15,0.25432886699130619
2.775267363091883e-15,2.8278895140507861e-15,6.2967960067225238e-30,7.8583399149826233e-30,1.0283483505939612e-29,1.8823126183086573e-29,1.653206366835308e-30,1.3265425723249995e-29,3.486863800676614e-16,7.7586969989840875e-17,2.4234466980746043e-30,6.6347680005245733e-30,3.8509526047003936e-31,4.0161567173581271e-31,2.9998786498822718e-30,6.4079955752493098e-31,1.0517071535690861e-30,5.3016989169573357e-31,1.5463658747668856e-30,2.326293251965838e-30,1.452113950577753e-21,1.2097996330311049e-30,8.3357704245295795e-30,7.8393550656120079e-16,3.7463892964797285e-16,2.48493634098631e-15,8.0498816086871269e-16,2.0297961839370427e-29,1.1202582303593813e-29,3.2181300937411677e-30,1.9541535061845877e-30,3.6430227090351472e-18,2.7002703750384593e-30,1.2935884419532398e-30,2.0385882359482183e-31,2.1234923060318111e-30,9.7898782833747281e-30,1.6859164541357357e-29,1.271850885769305e-15
1.1905738896781846e-29,1.3467367783864553e-29,3.247956384390029e-44,2.9141894831531666e-44,5.0384639357459517e-44,1.0403362601641095e-43,7.5079509715765007e-45,7.106333499493632e-44,1.8255358921193305e-30,2.4497326024197073e-31,1.1861274688818152e-44,6.8396124765269401e-20,1.0254984666849223e-16,2.1818231811127797e-17,1.3452719051001678e-44,2.3000900459986515e-45,3.374334298183696e-45,4.0716577398137238e-45,7.0742673719035104e-45,1.1505155013851935e-44,4.5414841112361937e-36,2.1094679912436199e-17,3.2533922663947538e-44,4.3123560841134095e-30,1.7591595755089253e-30,1.2830176254393625e-29,4.2640056046587554e-30,1.110992720444626e-43,6.1668735477471357e-44,7.7129083966875652e-16,3.8535351532581775e-16,7.0534006440891464e-16,8.8057213527661333e-17,6.4341834378744891e-45,5.5382101623902778e-45,1.1361951266083402e-44,5.275968122538448e-44,9.3061087835577424e-44,6.5065798594587993e-30
4.7200441264328038e-44,8.5960139441267744e-18,1.2494859946075118e-15,0.19247530180120381,2.9599022276450946e-15,1.6563270691969198e-15,2.0270329267903786e-15,8.0305302372295386e-16,2.7049683598333792e-17,0.63233361177170833,3.1517911773154543e-15,0.029484115925432493,0.74076252741973259,0.72594675263888941,0.31740165608308768,0.890873233306132,0.94383682059279694,0.75986139973582589,0.67168221953967677,0.96008689795697089,0.19037832331449747,0.29170295349667574,0.10084381931160272,4.2821399508025601e-15,3.1475914100566269e-15,7.6451906611273457e-16,1.3058989998281551e-16,3.1948303760571758e-46,1.8346333021798862e-46,1.1555380560083928,0.88299342453757901,0.921066595885635,0.95670583178128388,0.81382666108296597,1.0678280200259553,0.19962964354539153,2.5046898442930135e-15,3.300278765117565e-15,3.1368728645624917e-15
3.6631450249436779e-16,1.3208803481795033e-16,6.3945003083478893e-30,6.8901336436109634e-16,1.4704925389866177e-29,9.4958857122896939e-30,8.9131319382499435e-30,4.4182889448667199e-30,1.510828408585576e-31,1.5937388049716219e-15,1.4641123231253588e-29,1.1635660843578696e-16,0.028618835621580154,0.015034580692328258,1.2636522701326753e-15,0.16629029001910559,0.21505282899344746,0.046200861923025291,2.5992133589754121e-15,0.2303921290875699,5.8608681066350638e-16,9.5442968958865032e-16,3.8836745016814689e-16,2.4380228029355654e-29,1.5323298818430368e-29,4.1488343489371363e-30,2.1958394705866185e-17,4.0607030166351221e-16,3.5474066343932365e-16,0.40971730819412144,0.15916154012570866,0.19414622975008064,0.22679831085215985,0.095877530756403054,0.32985231778894197,1.0178110973500895e-15,1.3388823213976972e-29,1.823385952395837e-29,1.8079121422092277e-16
1.8180192015340498e-30,7.2649157299277899e-31,5.8462483082932661e-18,1.2260216471836982e-18,7.4568210533312697e-44,5.4849460347892917e-44,4.1153868926605713e-44,2.6899564637122793e-18,8.3574690251469776e-19,2.8028672950135139e-17,7.314076962051723e-44,4.9220961970004626e-31,8.6803772767349459e-17,5.322873742121954e-17,4.6919620040167576e-19,4.2826359338605338e-16,8.7488310569497478e-16,3.8624254711717012e-16,7.4791313802039639e-17,1.1958396735909836e-15,1.1690508663182097e-17,8.4868510591497256e-19,1.6206811528821829e-30,1.4098413958583597e-43,7.685168684971164e-44,1.9608122736409231e-17,1.4457624327095467e-17,2.3232221445097743e-30,1.998393370910282e-30,1.4613306482314039e-15,6.3757001091962754e-16,1.2821262220405598e-15,8.5191359450671849e-16,5.3708448186167705e-16,1.8463749498854771e-15,5.4313998207067842e-30,4.3544648900079457e-19,1.7653051442768086e-16,7.5699604327672154e-17
8.7815775064649865e-45,5.3669589051684247e-45,5.8372237693269661e-16,4.4632184319762824e-16,2.0961604814087712e-46,1.700533446500712e-46,1.1196396896227079e-46,1.4860551512969758e-32,4.6463237879996756e-33,1.3512615886282401e-16,5.6210374954842766e-17,4.166639660355942e-45,5.6705910402606488e-16,1.8650645319491745e-16,1.3758721514897457e-16,8.3428714010498299e-18,2.5663364532081201e-30,1.4872584392962336e-30,1.366919803908675e-18,2.0095107879366576e-16,4.8042999799178131e-16,7.0319298126370453e-16,2.1243411560905133e-16,2.2445472845484618e-16,2.5215179712590518e-17,1.0605359152788322e-31,8.1817529259510387e-32,1.315221714599901e-44,1.11751238235644e-44,8.2336768629394599e-16,3.704172224534167e-16,5.5093118518150599e-16,5.3943414843215632e-16,6.4909108725537074e-18,9.89845185876397e-30,5.4401256732646582e-17,3.3280280443421012e-16,4.3591909567650049e-17,8.3795572383389567e-17
2.4702041890579858e-47,1.6393950187859208e-47,3.0956451606450534e-30,1.9216806550836479e-30,6.4065348705408552e-49,5.5259142049719194e-49,3.1797175097739234e-49,5.5722168844994748e-45,5.5997991324559085e-45,4.4810911455952468e-31,2.8617659372469403e-31,1.139446077244042e-47,1.2940697616486837e-30,3.9094094547904071e-31,6.4958117522667283e-31,1.8036976869470364e-32,7.879153281581426e-45,6.0415569590291594e-45,6.4123032646740362e-33,1.0004800402242964e-30,1.7650099016230077e-30,2.7427574588897922e-30,9.4079258092839952e-31,1.3651729209837156e-30,1.3119597347751592e-31,5.4791560983143379e-45,5.7040133880615524e-45,4.1344615499075378e-47,3.4849653691104016e-47,2.4699078436264079e-30,8.9762848414358746e-31,1.6532477299634725e-30,1.4544175278675666e-30,3.2911756863623123e-32,5.53644967850486e-44,2.9613259108961474e-31,1.8215237427867968e-30,2.4697203396412798e-31,4.5638549421798305e-31
8.3998766288988853e-18,5.1045495902619646e-50,1.6686225904514343e-44,8.4019097263260855e-45,1.9981137848037048e-51,1.8098323519975883e-51,9.342621407794677e-52,1.7492115471642192e-47,1.7674269355932557e-47,3.6545712187519929e-45,5.2575060535912274e-45,3.2440697007054854e-50,8.1162853629431917e-17,2.1331649556181968e-45,4.8583383816845484e-45,2.3359744427541149e-45,1.647773458978292e-47,1.5584258047484689e-47,4.929941979835169e-45,5.159286162255736e-45,6.9457818665903513e-45,1.1356768258405385e-44,4.6424074053807034e-45,8.4144060868702432e-45,5.3334663922036524e-45,1.70169223156184e-47,1.8201618073038991e-47,1.3217831563051258e-49,1.1022656421744754e-49,5.7009997375117485e-16,2.1392126543190169e-16,3.8782273464242519e-16,9.8449378616413922e-18,5.2104740256672197e-45,1.6939859480569133e-46,5.5209239118607733e-45,1.0030769036737252e-44,5.679760512219022e-45,5.4852569224592587e-45
4.2451547796368156e-32,1.5935943750900954e-52,3.058352195176405e-22,1.0030514653065984e-17,3.7772024057119524e-18,9.4604879933763536e-18,3.1713445814895804e-18,1.7191981925401262e-17,1.9633777899122168e-18,7.730203594983313e-48,3.5172878379768196e-18,9.0061415931609683e-53,2.5650398239479911e-17,2.5566671257242875e-48,1.3853352353498876e-47,3.4801828796981868e-48,3.3842777068690099e-50,3.9579425042618178e-50,1.3782154031973103e-47,1.2706016292483861e-17,1.6081794302230351e-47,2.7684324871874398e-47,1.2430270351480565e-47,2.7816069057400596e-47,1.5952856110292127e-47,4.0339008024855038e-17,3.0331355280148987e-17,4.2344666418965376e-52,3.4904706685792783e-52,1.9936010871963331e-30,5.3525378388287599e-31,1.0787044451446548e-30,7.1844093835790056e-18,1.513800298602581e-47,5.2918281799990651e-49,1.706061736725487e-47,3.1031682242288079e-47,1.7988462528683577e-47,8.1285770509626662e-19
0.82939570402453566,0.34587031083276859,1.0881520993212728,2.2200072465862495,0.91121151955549795,0.71073342440295428,1.0971896129849827,0.53421072970906036,0.18853763016770603,0.58612235804046975,2.8025972296646664,0.86571409742105632,1.0713037029517618,0.97903816294546631,2.6062940396587151,1.1568854220386173,0.79048187195370234,1.0127883135038194,1.4919745526730821,0.91923523291933684,0.52433472696085737,1.2953283489943492,0.82943289181093383,0.53180065113737196,0.5185724276600775,0.24018580113609031,0.16510752197691853,0.27563421598285492,0.1155882274192311,1.6908438074250105,1.3391843581084188,1.375437764614742,1.1404373051796326,1.2467511184716416,1.1318606915929412,3.1248344320550721,2.2336411750581853,1.5641081342969749,1.0653692948646387
8.6869064053646685,10.111296609719012,3.5145513333898477,4.3329392021273385,4.514750710334086,5.4234257786374958,3.5770966575699341,4.8856800503212217,5.4054390456796284,1.1210372272276254,4.9506707394712146,3.9531073453023993,3.0139880292635182,3.1379538825323885,4.8469971819094742,2.3578941733460979,1.5725677681183612,1.9248277877924291,3.0055850794538816,1.3936700869730625,4.0971243140521212,4.9456194432559775,4.4160916962950365,4.4591469370026635,4.4491337581815884,7.5935536085140534,6.8128746408469798,5.2097469182580287,4.5655173479126789,1.140038401362808,1.607445296337616,1.2646569744631135,1.0794726108787123,2.1712723516352535,2.2462714034198736,4.7497108849264205,4.4949214805091477,2.6876925527202538,3.7035554396963901
8.7114952256142146,10.81285088716459,6.7101843288794711,8.1705966987607432,16.106159890216226,12.229534574211842,11.315415420475601,8.0244509127619139,6.8657250628983739,4.9438826248018204,14.469808185481215,19.341635762664126,3.9804182195787279,5.0843149001363139,10.927386046365211,5.3341766591604616,4.6283532946893944,5.5966872563888401,10.94770691804243,4.578441412759183,11.922653593125478,17.360899205995253,14.488750158651552,12.57815538131706,12.845375772745955,11.284980000524197,8.0225659626618544,4.6438067761268238,3.6346190769349693,0.79631899439432818,1.9341095542798927,2.2371831516726224,2.4099052132604468,6.1277387873818068,5.0942098866162793,12.506644388818163,9.2977287394433183,4.6362431423059238,4.8806853853441607
25.261990723670227,25.144321907343652,9.0324771455492066,11.665660033415996,23.667727341613837,20.424359608237566,16.120151524214755,15.887226207267668,14.645090391590807,8.1499446850707091,18.336214360869629,27.398897254443355,5.2854989990646954,5.7191551830120142,12.494505357115917,5.4356715231442365,4.3464201006615903,5.4952955421599219,16.746266296144878,7.1417585454297301,21.905122515725303,25.569492936987725,22.816306041898041,20.860610609006759,21.197940107768797,21.29984007880045,18.039817937771328,17.145002114048786,15.83038746535899,3.6602086491133545,3.185000779000926,3.1406929055226356,3.1313919841667603,7.5704834373081002,5.0523657723134052,14.076114271887347,12.407264158743796,8.6489223718513379,8.8573288556474665
25.198796673082168,24.887671823707251,9.8812058075324565,11.752187042385037,25.968135822579242,22.375876698197644,18.162954002221408,18.112607940000512,14.701137255030822,7.6298650419152274,19.41888012573601,29.823548007373358,5.7649510956707619,5.9436216806749522,12.658408108919035,5.2472003165623864,4.0040350839872874,5.1210943793062755,16.657195247531821,6.5538031972674657,24.411507270147894,26.735773147108297,25.598894538068674,24.742871755209823,25.079563603043727,24.049720761729048,18.779711699209194,19.012275548452887,19.295667374624589,2.9062185933728659,2.8067976681272579,2.5768627423693644,2.5530316486884344,7.1378886304207168,4.5132514147432587,14.09666907995561,12.78016653589455,8.2663742175374981,9.3906767492628465
23.06163921858138,22.41109746846838,8.7271840711990816,10.39424546281961,22.782612036936744,20.041786368243731,16.104565570336977,16.214336037417986,13.176867216575323,6.371861489108797,17.295876735966957,25.64708315461213,4.6527601452082088,4.8147708891705827,11.058304317063431,4.1731158071573589,3.0308613002282412,4.0624153757011614,14.702757228522971,5.3877062634770736,21.589542371947989,23.3331005045418,22.493387361523475,21.874046779146688,22.126631891473355,21.46351579144871,16.983409204497494,17.494916616492585,17.649707897463731,2.0208590275955762,1.9281113567208503,1.7170581528200135,1.6941065138271307,5.9277946503845005,3.5085701767838091,12.362770986090144,11.403621429585414,7.1504551978710289,8.5362639560902007
31.709924239649414,28.497725461781155,14.352783630477372,14.919040040882173,26.767594746959418,24.139867045087026,20.941707612067091,20.568401596589776,17.073667166192639,12.389265347051754,21.017689508563752,29.389701262356173,9.893978105379782,10.256828476610288,16.091012965372268,9.2687464393717178,7.8852236750764435,8.1418814923949707,18.560205494021776,10.14213746944341,27.30339386570488,27.892333381460507,27.340883949653165,27.290568604572101,27.392436301553367,26.829090123428397,21.903241408147775,24.864122136077796,25.808197943582055,7.2194354057268209,7.2114864384094348,7.5543732610185907,7.8440194990828598,9.4758172253272068,6.5163867523152241,16.406459561586377,16.073434839059182,10.374162416427698,12.178314934561405
30.700505093711648,30.411584428346018,15.386752098389243,15.683477145322664,28.530073620089709,27.246567485150482,22.784308348329233,24.690132116243262,22.985682333669597,14.046301455590958,22.425957347731497,30.448047789955272,9.5670049744198824,10.424062050840554,16.843668256346977,10.744400143930601,10.14636440682235,10.35731191658242,20.695592350841515,12.418705863013276,28.12619387209093,27.810793884714659,28.623757221162581,29.690591333348035,29.887277420848569,30.751648114093648,25.916985285458097,25.700828834492313,25.941544158152659,6.1104319447383961,6.9840494155585162,7.7419871615636291,9.4180980616014764,11.215321957023964,8.077403087588765,17.59002192566529,16.769612433088813,11.156372537645844,12.843004985627568
28.318466764118025,27.591195429570874,14.323131432057897,14.861669515732029,25.020002836632287,24.280221389124108,20.804243303264702,22.53035508359444,21.159022637006128,12.292189766417215,20.437722088076328,26.316124342211282,8.3616094528356193,9.2203941187188736,15.390358766771836,9.2561332072941944,8.6897054250088637,8.9437098567445315,18.505670289048915,10.818069651841903,24.397193293165319,24.198438002429839,24.827651448655285,25.721964992986319,25.948119310709945,27.152928371024903,23.639301906304294,23.922324132471303,23.894908471552572,4.9716702554084158,5.7750083220001391,6.4843433489799809,8.0216487538467849,9.7757287212928095,6.9753259810500392,15.846922737650829,15.724627139711936,10.750932623255316,12.639309291923748
26.850607289040774,27.193473168415302,15.719230071853927,16.689823617814159,23.523256316309372,23.907293410155635,20.463807634026317,23.280058987341622,23.087851036309171,12.138840505515452,20.126754075985993,24.120681910909735,7.7236946045750274,8.4694135690886867,15.365443379397119,8.6003549745878072,8.1055489821522233,8.3914096931039506,17.49482760733952,10.229390481526028,23.334566391921491,22.951180049502376,23.034436564150422,23.548414375082857,23.749333418368167,25.992325365258559,24.48539836420899,24.05410488258336,24.113087598479794,4.0594887618856532,5.0387333335635542,5.7837157593803434,7.626785002535942,9.0465057044071564,6.2663339214713156,15.446871155858755,17.203732545579907,13.120142605354706,14.87995417606931
23.755679708674602,23.880031752467442,15.79153512339974,16.586193605058003,24.511843207495563,23.406100748432397,21.794042241781192,22.248840700698597,21.115834527368609,13.73906370154549,21.633963168463499,26.154645634488023,7.4573151797262369,8.4309325933470944,16.02318897202829,9.0904971334880287,8.7212502637379767,9.3051690759008299,19.422661168929913,11.633847570452728,25.788081372200594,25.14640879957625,24.410756262852388,23.781288418406788,23.82708223613842,23.533516116403941,22.129144542200677,21.498440060403318,21.433087191290529,3.8536284565199432,5.1236729554028084,6.3077204044519704,8.7691155231007603,10.713685151215735,8.2067066456297368,17.276070965769268,17.665415560032287,13.335088789557384,14.226222290392064
22.573715798164464,23.743543612322956,20.901742573517868,19.07356641892029,22.549871309042683,22.275926873143352,20.612194193413224,21.63929011093629,21.861941485774196,15.618583378984598,21.755948496892547,23.591374097419763,13.629299493023058,14.002247465483872,19.245358566763649,13.766683764911296,12.701975670615965,12.329338385205018,20.577698383341339,13.987501038080293,23.073021246082405,23.279217552773197,22.242200765475843,21.614231451614899,21.723473082537478,22.63284073824541,22.103000778236428,20.497262224831118,20.003991703522022,14.280962586872226,12.166155844309207,11.102204679870077,11.733831550351676,12.698944750806829,10.632719865618286,18.957920345565412,20.7337269056605,15.544289967210673,16.910042560336422
20.19578805363334,21.135455552853863,19.920974242351026,19.39368005800549,21.997870908818488,20.899942124772199,20.147595123661368,19.758538378591815,19.615660832194251,21.025046010594675,21.605963446505115,23.630176740867121,23.224972691899172,21.422093832626715,22.058854059032427,20.781711265394041,19.00101615091695,17.325929201247551,23.055394972596069,19.657865770468092,25.572552089203811,26.395640808179753,23.508024187408243,21.697672942741772,21.494631371894592,20.493421250452514,19.850698450016335,18.290468524068139,17.816484278188515,26.86121431512975,22.60900638297823,21.017582555017842,19.688139135809614,17.681606041729029,16.205247890382402,21.369389705887816,20.039676061744586,14.771394479803732,15.533271270715952
26.825521922364377,28.823211074488253,30.026386455332506,33.291538930424089,31.424722183889287,29.999094564759705,30.31850355824724,28.658660127349798,27.290807803492967,32.149927762520065,32.110074364893279,32.42064346681947,34.686856632914065,35.895858863137128,36.6561524176891,35.39075890471608,33.986573196893566,31.895197227873403,34.020827284045573,32.962119064405933,32.271679688642038,34.011648908938362,30.874492583021418,29.146523432958666,29.402913798314664,29.345080555908389,27.764942638233901,26.27016305564965,26.324570671415401,33.830850089242546,33.400955741397063,35.108192742078238,35.076934647182306,30.546499962706712,29.655125341209256,34.258875663606233,31.528345586498062,25.940205669223445,26.855338107284602
25.758465222686588,29.321437584886922,26.863568090381751,31.554858829337533,28.114984364224906,27.900334407434855,26.616814363123545,27.013528167265346,27.432432879058869,28.858438406647295,27.958506850591107,28.605742433542304,33.537390904741635,33.701695698924532,33.301736521549799,32.508465321191366,31.189522372090686,29.200484533395084,29.68529404441324,29.172716935486456,28.959886029216964,29.613335196573043,27.772064230522197,27.091538993002224,27.188799817685318,28.786506584036811,27.896186336799282,26.18303035082765,26.835771064249869,31.239243231433157,30.972597877997529,31.672452067106722,30.998089987438973,27.322677326667982,26.764577197717628,30.099685336160896,28.727265408993084,25.036518271864061,27.440531736626674
29.115821286799932,36.19441885666987,39.933948141280254,39.82205069830728,40.674427498041091,39.779633014978515,38.426937920858435,38.383105224412866,38.360618184616754,34.399964630222563,39.535491676131116,41.567673015190458,33.375108114834923,34.171305222475659,39.413375507325462,34.357926733311373,33.515003026525825,32.779524635325785,36.959011996547758,33.766994020346502,40.543620665733528,42.825946482145213,40.398952283169024,39.4064761167607,39.581809724959847,40.390327394416026,37.37364019712652,31.51672934415063,31.398344708092974,31.86294690541126,31.607324635210382,32.803813061957669,34.023980208969128,32.069871749115315,30.413155064414173,38.298835308949293,40.061809095982454,34.935798670185996,36.523925519149365
31.383848357603028,38.063176684890649,40.747256760525957,39.442575354419581,40.781991046621791,41.061098397659457,38.440116713654909,40.475031310954463,42.257225164562406,35.518586446300027,39.016403317621261,41.414464116448634,31.810073830468379,33.097577527361388,38.580635401014931,34.818940524839874,34.935766024288974,34.425045327773589,38.139044639620131,35.264179030800136,43.481736758791421,44.652080531874276,42.30503517625511,41.90611373539128,41.85180016439682,43.037492548996944,40.078544736422323,33.902089183144689,34.136600522561089,29.577152370039386,30.66082673259185,32.73427925316912,34.714605765907763,33.632885539358128,32.47486883245859,38.249394763323892,40.331688888048191,36.254820949205822,37.757320149075383
30.522635605105059,36.272199988798384,35.969709769282787,33.71939794590245,36.582679489585324,37.286597350896379,34.103262721311097,36.914166526937478,39.317048019039888,30.750164495198934,33.662353914282292,37.211622309902111,27.159885561146481,28.03517204399769,32.625171103080504,29.420506409400652,29.642114846630381,29.357702522178929,32.440637551770422,30.154198371078255,39.1620053475134,38.808215003799944,38.036123237346196,38.509985527430878,38.363647321201817,40.157902259685514,37.464617493286241,32.004895394320108,32.156837362466447,25.509899777389911,26.325281034259532,28.01289565532954,29.587358449114664,28.831605081166177,27.871681051630031,32.538506104004185,35.068191867594763,32.107271886501188,33.132367126557895
28.437464974411917,32.035471021102474,30.545786966294038,28.766576136778195,30.851776700822466,31.530175539614035,28.88380081927172,31.387823573666846,33.437818720193967,26.291001787303223,28.584867217124444,31.359092388844644,23.614922057648933,24.256137241576941,27.769748109890337,25.290270401459843,25.461574273388273,25.273767164231415,27.585032030798349,25.888102206972651,33.016330661928635,32.405340879631609,32.091722892050306,32.751932918079589,32.551936025820012,34.089320993578063,32.320824978882577,29.093173146501364,29.184238029695184,22.375069090716732,22.982019440389482,24.246016064708598,25.420705647293826,24.908991749694479,24.21062945535035,27.722947436572731,29.867629058837782,27.715710867201505,28.366275130385461
26.93145060423177,33.782061152527184,30.326365618816823,28.200801998394038,32.157882545368267,33.351294466355171,29.210456260776184,33.252813596561637,36.365753829582204,25.309941716806534,29.797147099655746,33.188133585586478,21.956332909343878,22.862238794753797,27.598001376413194,24.41057967271286,24.86555148606028,25.126087223281523,27.635429194343807,25.168456093684846,34.368354436003273,34.406612501904128,33.655962323554064,33.807994410704794,33.754861384755998,36.043080835908306,34.709869721723223,28.784151149156838,29.538083138775502,20.630576624357143,21.412990882492217,22.653139022005202,24.010718861134354,24.835829112453712,24.28653837680919,28.60996027033131,30.052501378146662,26.989371923599609,28.471461494315079
23.927590848057722,30.005681899010096,29.912138910648828,32.764622553199018,34.988946810540597,33.531180413454308,32.828948544839371,31.738701165895222,32.314453148437714,38.907950438895995,35.371053341465952,36.981557808771271,32.161416523364451,34.760701108262367,36.889311413541812,37.732528263265714,39.074296805789125,38.960414322594012,40.172330866781778,38.886288602136673,39.303423450273513,41.467126529832647,37.495526325136709,35.46538051939617,35.193558187556505,33.492359854983043,31.183406889865182,25.714853236252726,26.418494722624413,28.058039887893266,30.837785825973889,33.206756400284988,36.367077869267497,37.689762764158921,37.959830831931278,38.024397326497336,31.716853276049417,28.210502544517304,27.893738204924979
21.605873919169397,26.08327947123399,26.323358787044313,30.573724333255345,30.333368030306836,28.938622936102192,28.520066211951505,27.416061105191229,27.885712340528489,39.864075030142246,31.57528369571898,32.208016950237457,34.813569620125222,36.778143229069705,35.903599601225466,38.525482288381738,39.726384474111235,39.286427494703517,39.295531915700771,39.541691373951593,34.938578782979334,37.327048255121042,33.262645672740376,31.162808259022107,30.85982949448379,28.84732869220359,26.96684379589875,22.772093179990957,23.210904648578524,27.337297754099676,31.111295010837818,33.160959316860918,37.02757149034241,37.581278160427296,37.960212072578493,35.546483798437848,28.048666212153435,24.884768031943103,24.773740415517771
19.43724635128283,22.936358816760432,23.169820787405268,27.118145964675765,26.057218507125746,25.027242427974521,24.712645553763515,23.884758296078058,24.237375392393798,36.361829790185688,27.377510436718474,27.441022905895025,34.490987093761873,35.060574419203064,32.155774426531423,36.637708483376279,37.610827970775134,36.430686929064237,34.95107003295891,37.356910173678074,29.534336980240436,31.604333312305656,28.257134897815828,26.699280861392811,26.461316538898487,24.973031054332285,23.555853561973052,20.399262356602588,20.725709343737904,31.023229258113595,33.075100931275493,35.067503579142134,36.650144012143372,34.773843991079886,34.861388358077143,31.629447952893987,24.531861808590094,22.080920570372768,22.171179496131259
17.694823011400185,22.195951036790454,26.257156726389198,31.361789827462324,25.906679732762182,24.818473918901148,25.434996879735536,23.806485992016409,22.402062710616161,36.826809282344321,28.325228850472342,26.848159612547278,34.278942313122272,34.64395780101956,33.501519741164032,35.155480588753058,35.558800506204314,34.628821863427198,34.703570950716546,37.316058343214621,30.509056262726094,31.124828051857804,27.978798572666406,26.48881029025646,26.255509343559357,24.853419125826662,22.52977774361668,19.044428806783063,18.816710114305256,30.295108867975738,32.383719398861544,34.674840375912282,37.649668922937309,33.797661954428399,32.899680251021699,32.421005664459813,28.578100771652963,27.680427763009476,27.945420848137587
15.678308317815757,19.835695359525694,23.287123402669661,28.137387428308298,22.751934634745265,21.936840188770084,22.469746520456912,21.180327360963354,20.031935362928021,31.234643602014991,24.871641395154029,23.445259187848574,29.353123853385092,30.059500396630281,29.604599579134021,31.083423073273739,31.766530637954823,31.056035541608367,30.021282618314398,32.5630734305389,26.140660070519175,26.623093478965529,24.284864941616306,23.191345230688491,23.006613282311335,21.962239813232486,20.153746301860512,16.932057972365978,16.721779568397285,26.549671229123991,28.323038862011337,30.516695956504353,32.8508873276635,30.045374110914121,29.644361062523402,28.747583712547677,25.677839841416173,26.121358884958941,25.160239631712614
13.823494441557056,17.756886148896704,25.292588349149476,32.808050666465448,23.60118699950571,22.023749439838358,24.647402957321301,20.747702833288358,17.998401789411162,38.430222928143174,30.092513214356448,23.649778287654605,33.80658364254333,34.779453935868808,35.336880517616613,36.430192453352127,36.981853323764696,36.428028509669531,35.286222828102829,42.056999473963735,28.986298436004088,30.622710486429007,26.07114317824103,23.546214655601702,23.085805587770562,20.251511581300004,18.259068389021312,15.113377151220085,14.808041143991527,28.715103340537993,32.30223023260492,37.389378805829608,45.44532456904556,37.766090630158921,36.552315659578468,35.92451368625894,29.397538235139926,29.37376940540782,26.869593615984734
12.730419352267363,17.404163020384182,56.871304501579473,65.762051514419881,37.629160846394576,31.88080039150843,40.670098549710488,29.079342200609076,20.915242693026428,68.444514700789711,53.251089271032811,39.488486588068284,52.342649551087831,55.764690918669146,62.278000392571613,59.178472582562733,60.389466475307167,61.272126908212982,63.721534014151814,76.628608662632004,44.557436053933387,54.68183385999631,41.386372984159422,33.460856466069565,32.814389866846597,22.931713201540497,20.710097010253509,14.962108617034128,13.559117182839998,36.335528358201479,47.232032227080552,56.589148813656713,77.33743666726906,65.80683319298565,61.984600086882878,61.783419118131768,60.957332436216859,69.764418453518843,57.342473309004951
12.07371807783715,18.896032134470829,54.641060380932963,59.862719984711987,39.325822696663728,35.525710966950641,42.019154544664474,34.383548724985253,27.901935152019142,58.195233120045934,50.437672146035226,40.316985478114127,47.289299202775965,48.938796691948355,56.038197780693473,50.188702576313204,50.272417853394941,51.39020842853779,54.971309343573573,63.696458846226008,42.255289132722581,49.394713059706504,40.311738200243084,34.917511705058452,35.065459728341985,28.368093499961386,25.38238922461516,15.927766798995583,13.519299485495814,33.05484139662078,41.237059706719918,47.670099406643232,63.856010078183488,55.323214985687926,51.57930451839583,55.845847918283781,57.533406609255884,61.947160845110595,55.823245655480576
16.230072030202805,25.277083820153521,47.827492942542122,51.814458636581499,36.851835113561783,35.255854663284509,38.392080186406886,34.534544173365575,31.678151738334151,47.271986280805606,44.053325449070329,36.791485181412511,39.033310733662226,39.863788203545631,46.998427837169636,40.782247739480887,40.853256004287843,41.962510050832094,45.188198134955272,51.232541370565158,36.839419447229176,41.268604473847162,35.781471213152166,33.049511412452169,33.345312101224508,31.482720912017179,29.830746811532148,21.995532082062663,21.590190409098586,29.117948515734028,34.668691900709781,39.541570043395453,51.425620234160249,45.136583448650562,42.318373449549547,47.44471462377102,50.253258040799423,54.422481596742038,48.665599079723201
14.314537311122839,22.253876882768143,39.186756191349446,42.037511109039052,30.894506104006922,29.749675624928475,32.022082307675717,29.216047871305427,27.073756671437614,38.613850345515743,36.305511701375693,30.81940382238848,32.49103029584338,33.076964112170657,38.430441457742866,33.7631082631287,33.817904023434266,34.670286389116903,37.103044862092439,41.627282236098594,30.845047069455646,34.162701212532255,30.088860737488012,28.096510208703325,28.303165582897194,26.929075090549123,25.687457382108121,19.649293349298265,19.275401114870785,25.067570248571879,29.202014432010383,32.838288759655882,41.717452400773084,37.104684107826557,35.047889373972829,38.908340045435473,41.02542931139071,44.162042554980381,39.814598449242489
12.831749995720969,20.6427129919782,32.755777787196145,35.121192005518928,27.264738607452344,26.187751618173703,27.786032635307723,25.683791176639229,24.456022788010969,32.263160179109278,30.61873063844812,27.501113733009895,29.200917112738885,28.719390711574054,32.290771546443693,28.639606390640495,28.636664583746416,29.392252704358182,31.151419434232746,34.611600415502942,28.057212651684662,30.309892915956826,26.726771491411718,25.053824677517404,25.233136798435073,24.150781694942914,23.267695829250371,17.886029579492476,17.401798848002169,25.39887897247187,26.823987014791395,28.979096246310775,34.606013145356151,31.310895189362441,30.348694801705122,32.783624346974747,34.205032013034511,36.498256457567017,33.242720063773412
11.174576304672602,18.378052961236637,27.885794276374529,29.67357021128549,23.737421947580831,22.951339006931146,24.114376482313801,22.573266846281243,21.64780611782475,27.482686194212985,26.268178046971371,23.891731713567484,25.562224952243206,24.863888824644594,27.528420911206364,24.743378205661813,24.769699460542697,25.367360113077844,26.672890363245529,29.440914039033888,24.29700446260189,25.998520245576465,23.328675004611707,22.104801118101399,22.224588368061909,21.419599736752883,20.755544992261537,15.852988334025486,15.405970027943374,23.002334506773973,23.830321900449135,25.360051701373788,29.264338622724253,26.808332497222477,26.090028839595355,27.915025365367519,28.985940658964473,30.714561568147452,28.260703452122474
9.7821789713619989,16.43800904247162,24.23808611943771,25.639595735263896,21.118809499505804,20.534060736382425,21.393870958336215,20.188145534903743,19.333127162363471,24.848554042047695,23.021730254657236,21.220871767043697,22.720118531127639,21.910753024484883,23.970231156121464,21.815950200872539,21.896988481430121,22.339313691143996,23.327034087400531,26.07177461903067,21.515622437662064,22.800294802227825,20.803069547833449,19.759590340531378,19.863113497757791,19.131747309585059,18.51119169076091,13.988119023768041,13.57025262965589,22.236889853880829,22.120236068912327,23.564742902195359,26.739923031758231,23.56198893011954,22.951574066742157,24.287518714427875,25.06983847919415,26.373184467819723,24.533325903432548
8.3750508956119667,14.525607814157803,21.49881428592947,23.230977281474967,18.845590567040382,18.308510713596981,19.094457354462026,17.987259479014398,17.197386938725305,22.258406676293951,20.613870393324117,18.933239841584612,23.819205663111102,22.424157825084251,22.355181286781072,21.684701433426039,21.37737771885682,21.302352168152865,20.910722122375365,23.806870647221583,19.306300978206327,20.446403704664821,18.54956118939613,17.594255929721594,17.685717923262779,17.013958538683809,16.439129416722956,12.261655106649712,11.891123475182138,25.680751459101188,23.766517319770234,23.650865726407492,24.961006401147969,21.891942782945087,21.748420200340263,22.01565441246019,22.140354884540297,23.227514449665346,21.866260014820018
8.0660328595057251,15.533809701555798,22.387309988013659,23.209910153360102,19.662206045018667,19.86355203610923,19.4688702080437,19.807626270764207,20.456410697725243,26.668495566145104,21.372163833718044,19.801521060138565,25.790854576486606,24.287863412065235,23.2382925989697,24.333171970338995,24.47145568886307,24.140615411914602,24.010565393124228,27.293130052223706,21.883499425629907,22.940411639726339,20.661736068849152,19.494225072153256,19.494087475153236,19.315430510386307,18.527579343144133,12.409792284559551,11.636438752445684,29.211172945623343,26.648157412274628,26.194702817111086,28.461264843126546,24.461780746131868,23.996860755069449,23.146050442490772,22.426497213960129,22.573807585504312,22.64150643252918
7.6812612191777818,16.059772612290832,20.850909443803705,22.59490156882902,19.582936238428861,19.911004697036741,18.740104238601866,20.147714788883025,20.461845612700714,31.416972794028528,20.674159880067158,20.244789574062452,25.754630359824489,24.709842528338633,22.805397592373048,25.994104741729362,26.609772728149736,25.788109851727256,26.572588005436188,30.918972831036079,25.104397716269634,26.231238516284613,22.755561640723826,20.940739249459391,20.624497032194824,19.866350870862632,18.853685340555831,12.320767751127033,11.412255049000386,30.509357403588073,28.492702802954543,29.400418540090872,32.149052752664304,26.909249877049451,25.773019402409894,22.978943992518634,21.232550640574292,22.488984118450336,21.5880918272793
8.7207608704901212,19.323591925527861,28.924974642779858,28.125446859738062,28.319606284254956,27.163348224583576,28.868564218149636,26.429288223687706,24.693964444281796,39.550816442839881,30.134922824498393,28.866764825094041,27.026663192685692,28.219032954073953,28.857169846771619,30.496158207528094,32.022803856873722,32.617169894145995,37.495675929806445,38.417438974777845,35.120604225587542,38.639626860536239,32.945734732538021,29.855119206741225,29.062332226126127,25.622027234859683,22.979741676501405,13.532335668228347,11.491319260093643,28.895317726100124,28.705434136973896,30.220325891796563,35.53033928649689,35.084192093867813,34.435761776604636,30.424423195637921,27.976362967646313,28.203675723290065,25.250035412048799
8.1163420766155312,18.555730514498865,25.129241231221005,24.417876288302612,24.589160565831481,23.963873624739403,24.942079385162433,23.594951932562353,22.803264754803525,32.868268547272635,25.897656650715216,24.947628230063255,23.958743275354848,24.587901562992286,24.976131766813829,26.116894811349404,27.260001204610596,27.793085707188542,31.359551600678721,32.103624365453989,29.647333824449628,32.353875554923746,28.009584325856679,25.719184382434626,25.163166552922956,23.13484504076558,21.459086111939097,12.960926314640549,11.412474626076021,25.311528299414761,25.044488661437281,26.127857398447556,29.87989630314917,29.648330533972192,29.401274483711628,26.213359192697197,24.391060829006463,24.565615042392448,22.391753812481575
7.7411717213169027,17.101201294798351,23.107758431644292,21.909925092304409,22.210181727458323,21.73756818634503,23.092434788840041,21.53926372724106,20.407765534321072,27.893367763906195,23.548153024234246,22.204863806836958,21.235263458013254,21.687575460959319,22.25768898533212,22.826306095357371,23.684533901304302,24.105271434728902,26.862290821502366,27.376958514538771,25.567373924733065,27.533566266065371,24.494399270939681,22.956943347289172,22.53366225705291,21.093555015848999,19.476381626320446,11.992359666074023,10.66882423087983,22.238192662201467,22.028266480238919,22.839971489656204,25.655861799403098,25.504515675997123,25.344567223494927,23.508597167523813,22.349801535735473,22.222107548045713,20.565938185208189
6.5325421099918595,15.119092950381976,20.632777915115145,19.526459486810818,19.828795132974939,19.4083611690127,20.598205688876451,19.239043840326591,18.345066648071132,24.209418774066783,20.978155181783489,19.808416049898668,18.896302047006873,19.3117148643558,19.929374160409274,20.357936075421939,21.020233268951753,21.350829370046764,23.41525796208423,23.866305452135641,22.427311275054052,23.892732697074081,21.64174625025894,20.527334610690158,20.133614393330763,18.835562057504973,17.369159636007375,10.413663516658433,9.1921055102970808,19.821492658429456,19.626761250338678,20.383917684727166,22.504425518762311,22.410933828649966,22.306223252666907,21.086605539211025,20.02953506806892,19.890809453417511,18.326235284888487
5.3715821903563734,13.300717611608492,18.390222975697835,17.359062480289584,17.652807779896246,17.267935630139068,18.357140759714216,17.10885321699611,16.283446491909395,21.46040162071888,18.778519811218835,17.627900232076499,16.786984202182055,17.268700295982462,17.775937616427136,18.265977828696833,18.822367635149131,19.099193243279863,20.9100974181151,21.273250935890648,20.039566248938645,21.225415077833642,19.321719711328971,18.303384173012759,17.934781106426858,16.736342533429028,15.38292915773172,8.9593856410345953,7.8531312260568669,17.611109521027032,17.519311238326438,18.152092545211715,20.105609748907451,20.088561611535223,19.944470445955861,18.822341222909373,17.837627908433706,17.712973584108525,16.266403613924268
4.2980795791889141,11.622960662181333,16.320045825265254,15.370838750126966,15.642148230788987,15.291106155197438,16.282148613440114,15.143966248655873,14.381787525405032,19.160632293579095,16.678112443189047,15.612617861616274,14.897666097245247,15.249346674621387,15.753641461828554,16.171067199697227,16.707401341536613,16.971801241512466,18.649082752281725,19.180538259330721,17.834547070708656,18.931194703030478,17.17746649318061,16.24877520612208,15.902739824807847,14.810471562577487,13.561159763843721,7.6164608486925545,6.5940833455530958,15.782609117773275,15.533974166054948,16.177025717622563,17.952776591371574,17.895584963534837,17.763181839243845,16.724788653675404,15.814534691503953,15.79106866133113,14.371149722818705
3.3088325056171661,10.074864865295087,14.409101257418849,13.532537020732333,13.785106443756378,13.465402542669141,14.367769373953623,13.327650851937769,12.623971546031601,17.013837103724097,14.738136230709246,13.749507503227681,13.133037494591433,13.388047109270289,13.882011526962948,14.23541608236091,14.747798761573298,15.004039258472611,16.555231238610972,17.05155853413839,15.79544528076894,16.807788813440915,15.196296442375779,14.351237610956206,14.026305868241471,13.021951645606507,11.867127492621851,6.3769769656404272,5.4322705798745812,13.978799333590826,13.783998703553801,14.409923441499313,15.909030032684381,15.921600650948292,16.110539206748506,14.9353799417513,13.94546811659564,13.926608467157058,12.6166135918152
2.3965561654441943,8.6448847925581376,12.646886228989326,11.831982811550008,12.073677608292686,11.779946307541907,12.608120486109952,11.655498206407376,11.002634536903715,15.043278274916378,12.951869363171832,12.03605496750755,11.596721854951596,11.751386397442054,12.159709271243477,12.457478979630174,12.948939558907675,13.19248042525399,14.629294436317496,15.120157143561217,13.919384313559666,14.855627841220789,13.371543066453672,12.598903523049531,12.295042781183499,11.40711111902624,10.329840341917498,5.2318799430084741,4.3589406340943961,12.824770978885653,12.403723377538714,12.911319906085719,14.029388900373144,14.046950210247841,14.222252575159049,13.13633312517417,12.220971659916337,12.205205680723026,10.993850663691394
1.5667774985929925,7.4188557484451438,11.019983273980312,10.42733655074807,10.592331969379901,10.519101512903422,10.986045439365336,10.456816679836402,10.906936513082538,14.124625639687851,11.335674233643307,10.646238982364551,11.730526144710987,11.513702949898551,10.9784172014157,12.170681057560705,12.566067243803422,12.464540880932946,13.097111272857846,13.932311067930398,13.282642160409994,13.514732779912396,12.011320555395253,11.19553672979546,10.869057946947674,10.196501986796369,9.5462482838832745,4.1819624920572975,3.3681576590258051,15.471281794277054,13.675099210553046,13.507039924125706,13.463056161102491,12.899083338930373,13.207196995902017,11.85183460161084,10.628349889762049,10.615343018874533,9.4973686270164421
2.8232374692828786,10.073286080611201,13.614929921568194,13.956582929675646,15.377997514464433,15.391199305264708,14.992909008047153,15.129216248694608,17.192566080103486,19.606851144636288,15.201363370049586,15.648735063898622,17.493276353221976,16.770872107100335,15.295917498965657,17.658583353196864,18.35486766860393,18.037308885032719,17.749453939429539,19.449400687031442,19.627195713925509,19.457627758421395,17.749601427180451,17.183803052717909,16.883110894562098,16.016326203577119,14.048655076518958,6.1202993653621034,4.9478031077786788,20.98236928865737,19.504978075378787,19.444236318503197,19.737776918464952,17.681276388758633,17.913256532045043,16.363522230658887,13.629379218984704,13.097135212033194,12.796839062380213
1.9477612709091592,8.6435317076773348,11.910486695432315,12.234200739049681,13.528099215388574,13.551541425257158,13.165931745560167,13.309177382145739,15.212705481029658,17.400974293366101,13.370059625466803,13.766197167652219,15.514868651913192,14.785042876565109,13.453652867783919,15.600268040936196,16.248815851194124,15.97460949157025,15.712987599019373,17.2852183786989,17.423731538389113,17.272067210166263,15.706668382391808,15.206508096656849,14.920079952351751,14.127816630054561,12.312476672596857,4.9935969976446062,3.9108532408077341,18.663192470056579,17.302870952657589,17.249090466055012,17.516449925075126,15.66059761923561,15.881497583680176,14.450819137946549,11.927255117323684,11.437480997304263,11.158811297274735
1.1395148664674413,7.3178122624159014,10.338214394542193,11.132171747327448,11.827959405039309,11.854839691396863,11.487513515995984,11.633981920782929,13.386647373800706,15.381840320010175,11.683348027610355,12.03710931052508,14.118068133450787,13.082505244646127,11.848701033314127,13.705947096424888,14.316625249659227,14.087294045609555,13.840494503277702,15.491620630428503,15.401038290447854,15.271552208445071,13.830483760484999,13.383792391892442,13.11171009394608,12.414007303383052,10.737406490263478,3.9529384357160726,2.9531890911437504,16.528208012817434,15.275736511772052,15.363377150661005,15.59187811809074,13.828931446511437,14.150886556027977,12.730218016456472,10.407809996446025,9.9309508909292141,9.8411511753806096
0.39526202317140913,6.0953805032284212,8.8860669027855863,9.7011175245628767,10.258868638270016,10.288527598848708,9.9380752560419658,10.083707468801689,11.699942506333457,13.956302868859218,10.124958036737556,10.458542383490894,12.608130293223208,11.428683585576016,10.288638083956553,12.028674654142343,12.734301576160187,12.533134753883816,12.15764989958693,14.38264052786964,13.635765576837931,13.861195554931109,12.165229601315565,11.701047703833416,11.443668598321871,10.803226933512892,9.2551227496373336,3.0007484258718722,2.0692619550558375,14.563450338088899,13.409868050149038,13.549693132559844,14.339268008769505,12.285926092020052,12.426322901405895,11.096559522789986,8.9522768243387816,8.5132963529255381,8.4288848023318206
1.8808822360623064e-15,4.9863366144796046,7.57084919697982,8.5147499935760251,8.8171922178700299,8.8457312121488183,8.5283353892019047,8.6555759091383653,10.148016763714462,12.932369736475323,8.8105293232300284,8.9987614778177321,12.88472102943479,11.308848635349023,9.5151934415352581,11.802563224286962,12.304511240044452,11.66481828431257,10.597427766356343,13.354449676878554,11.92894458704359,12.137212972210969,10.574862891092987,10.151092932961124,9.9105111707434457,9.3202883600262787,7.8904236885576049,2.1195727315001056,1.2540987190091657,15.935963912234977,14.475645881076384,14.573948292107151,14.862988742498134,11.040006631268232,11.024875180558137,10.24540380845341,7.8105453424346702,7.2132532250575538,7.1334895700129843
14.780359385846316,22.678107081642736,24.107418136013028,19.456703238539681,13.890543043669423,17.322303322210296,14.17270615927659,18.801134290536915,21.283102714187272,15.313016824370136,19.427385586198344,11.891340321360321,17.050241242289815,18.22701444096267,21.515662667803895,17.987732223009857,18.297150531400554,19.089402127205652,15.668721798239345,18.038595036734723,14.369533453728103,13.888870151932787,13.753535691663926,14.438055299957028,14.750305058412772,21.364018173265734,21.678549687204665,15.651441952753979,16.314795463072095,15.342969698698624,16.50494729810595,18.67998677062447,18.982531096766074,17.479690101883985,18.432622955944055,22.789749912280715,21.719523524345288,15.712665070711493,14.277129573846164
25.479029176295327,36.649150450168904,25.322479553798402,24.386107298891908,33.466643527200389,37.580512105236224,31.397590147603406,38.457588527244134,51.630554031664559,23.451398478441522,29.364794788536557,32.578353294712358,19.071186173621747,20.938209651435571,24.376930959111277,23.226624675938265,25.090901021488769,26.423871366881183,25.738053209119801,23.381382420866942,29.340563402337096,24.354038896125921,29.043567476873786,30.685520254873801,30.119473069444787,37.331186116994004,42.255764916611092,22.964643951730302,19.403996687352986,14.952810750491583,18.396579196577576,21.183195951829813,21.513498169410251,25.874407329119364,28.402264004688199,26.92388521797562,25.061538324266976,26.604484405029257,17.315263074692602
40.378774203869199,43.72240883106673,24.939891131406231,26.099494210509217,32.700788565636927,36.242013578082471,30.31441296700887,36.40864499499061,46.969273371490942,20.911912694328045,27.569423693281674,31.10935051713075,17.995263000633166,18.770791999345594,22.431136935997738,20.672233048001917,22.069164420006246,23.087765221331065,23.341222444611333,20.855402801296933,26.0928821285003,22.374203615036748,26.883345876003037,29.02567712809023,29.280899505978763,38.017569768520538,42.896967975211581,33.049692061962027,29.095238274829956,13.590285278752294,16.575991245075429,19.144908572744839,19.177112306577005,22.913851137569694,24.617565943155004,24.251244047477961,25.933373482358373,26.883610065392574,29.426358957808933
35.838951083170308,38.191661525820692,25.088218515385705,26.096702676304002,29.67947586940064,32.34156065245071,27.565261887111941,32.5482372149649,40.732806208061938,22.628133038729278,26.111513955214576,28.710215868210533,20.761212434892627,21.426140061300718,23.495302291177282,23.392407716147595,25.057852388201962,25.404180773468028,23.818158250047585,22.850958545823445,26.101572177716211,23.118805565271323,26.165445215689203,27.774945002086231,27.814701111430953,34.243514345743286,37.678312778438006,31.071410995992913,28.54900029193735,17.367525506868088,20.038710838886328,21.876126793703573,22.075161336810552,23.803942803848752,25.010349506436388,24.407285671609937,25.796522229426188,26.694918208843962,30.008900695179889
31.124064822493747,32.724371925849084,22.136850254170639,22.990360649549668,25.709977671431943,27.683454143910613,24.295021442407979,27.899412919849333,34.132920366729905,20.191627055041369,23.133680858556485,24.90180715296685,18.985536317536699,19.393980676823045,20.978484553009938,20.879313119563992,22.182195759583625,22.478744369791844,21.176586401674633,20.409599020077401,22.820797152665136,20.618997313447089,22.883645551110931,24.123660598231968,24.174392903935971,29.295793417401633,31.946435478000101,27.204902186470939,25.106284377585794,15.33628375226786,17.816959732241799,19.517624053419247,19.667268209972754,21.196327466067032,22.212222620043036,21.705212763814714,22.682860110281528,23.335139996929357,26.074662751632321
26.717350275024852,28.003603265539738,20.441370822952678,21.150985558689555,23.610997615488589,24.726306433232292,22.418208508397317,24.647354942097056,29.213614667916985,22.463657268821514,21.749148168636097,23.202435277399015,18.73794256134995,18.935183251467286,19.613012294068849,20.719273674175824,21.814753678749472,21.753578519511137,21.03843383996421,21.592187565624155,22.797436503508671,20.748710227791314,21.971323163363234,22.680296882622368,22.549786886613909,25.76454775693686,27.487286666235249,23.784766502172225,22.155197595908572,19.016592893403015,20.652053132044731,23.377711256520485,23.294985008629126,21.314062733970776,21.961624824048695,20.760762754656604,20.869422880061538,21.438098063918144,23.328565543726754
23.473641439255911,24.674165724699268,18.297980968532599,18.978317268126798,21.332737974968531,22.060955329909554,20.289083116196483,21.917927972219225,25.833401290401309,20.666938099353352,19.585142403951505,21.181951458876792,17.301570448463647,17.619603352921899,17.891507923198692,19.671275716867086,20.707531924885522,20.590588420710198,19.304922800631896,20.059319723085267,20.849003888007935,18.961570598397788,20.378581974504133,21.176859284308755,20.967414665160131,23.385557138554802,24.254732559709517,21.158756125825469,19.801916867245239,17.545700162886376,19.367116695779487,21.475997360766137,21.38564563047786,19.88037120688778,20.610584770971776,19.028885893137648,18.619930829322918,19.314804762699723,20.997947953284864
22.935715251151819,26.322113386607409,21.264783996035188,21.164217877128415,24.039685718683053,24.848472161389218,22.980375452515272,25.031607914955959,27.918504622579089,19.898040168007629,21.315670682940933,24.069932450873903,16.503553857532918,16.973752652548107,18.279318432483809,19.269636473765875,20.28857261456757,20.396103676238383,19.792712823157881,19.959683280912884,22.860767225841883,19.894721945089699,22.767564386297479,24.851075719167447,24.664600319580231,27.560609384405822,26.577128391655393,22.702150976426761,22.327655068842798,16.235080867067371,18.370713175109778,20.312264566707892,20.48307455348052,20.324500326527964,21.203187018190853,19.603015215109981,21.308246082758064,23.981423376834716,24.193298073228558
20.555253124550237,23.042091450796782,19.020100518454218,18.863377793052223,21.328508165866221,21.952161308694318,20.522360842786902,22.093725999467093,24.349747444975211,17.71063547994056,19.023321542697737,21.329866041597281,14.580743225278969,15.115817848091003,16.249726468672474,17.288643988111957,18.097068637147178,18.243160578866213,17.651655500243844,17.790609178783519,20.404633554501267,17.678337023079425,20.332904022219925,21.951345430930996,21.79763592777536,24.008269626735061,23.266604371054452,20.342978529322671,20.154679428267404,14.419420611429464,16.519172022505717,18.161734044894335,18.301667211912768,18.247657484410961,19.208226351986056,17.53349172139545,19.028473257776753,21.557766926948844,21.770634816785087
