configuration,task,station_key,scope,NSE,RMSE,bias,amplitude_ratio,correlation,bias_penalty,gain_beta_opt,positive_shape_amplitude_opt,fixed_mean_amplitude_ceiling_NSE,observed_mean_affine_ceiling_NSE,unit_amplitude_NSE,amplitude_only_room,unit_amplitude_change,remaining_after_affine,amplitude_gradient_at1_normalized
F24_monthly_GraphTCN_c6_s1729,monthly,长坝,level,0.7800215895691377,0.1993819300251586,-0.04481653571128863,0.642194376770925,0.937060199646265,0.011114374692009087,1.4591535422000754,0.937060199646265,0.8669674430690889,0.878081817761098,0.8630060246005209,0.08694585349995121,0.0829844350313832,0.12191818223890205,-0.37872234670494975
F24_monthly_GraphTCN_c6_s1729,monthly,长虹桥,level,0.533772490276226,0.6803371900733604,0.12698997338612816,0.7830069207421884,0.7427240575151766,0.01624382626581496,0.9485536306769435,0.7427240575151766,0.5353951993459923,0.5516390256118073,0.4692042887645382,0.0016227090697663593,-0.0645682015116878,0.44836097438819267,0.06308352138812245
F24_monthly_GraphTCN_c6_s1729,monthly,阳朔,level,0.045015730636167595,0.306376128790576,0.01634385665257776,0.5994816712431446,0.3395530559353564,0.0027176621030473216,0.5664110718034557,0.3395530559353564,0.11257861569199196,0.11529627779503927,-0.3236115502323345,0.06756288505582436,-0.3686272808685021,0.8847037222049607,0.31164488141725855
F24_monthly_GraphTCN_c6_s1729,monthly,雁江,level,0.5770348444463181,0.25586477240378536,-0.1910306791464489,0.8634706748870313,0.9023972666575462,0.2357707028778245,1.0450815446345154,0.9023972666575462,0.578550123993186,0.8143208268710105,0.5690238304372678,0.0015152795468678093,-0.008011014009050355,0.18567917312898952,-0.06722394093427675
F24_monthly_GraphTCN_c6_s1729,monthly,露塘,level,-0.13502551171648758,0.250715662471629,-0.23450920363267258,0.835196802393466,0.9312526259762035,0.9930302438599039,1.1150098076375117,0.9312526259762035,-0.12579879047232911,0.8672314533875748,-0.1305249919074969,0.009226721244158465,0.004500519808990688,0.1327685466124252,-0.16045103341514655
F24_monthly_GraphTCN_c6_s1729,monthly,青岩,level,-0.48349336579016944,0.7902695629392742,-0.3566564075152079,0.5886701432923456,0.14031449735889087,0.3021587387188425,0.2383584405591432,0.14031449735889087,-0.2824705805497643,0.019688158169078193,-1.0215297440010607,0.20102278524040512,-0.5380363782108912,0.9803118418309218,0.5278671646751579
F24_monthly_GraphTCN_c6_s1729,monthly,高桥,level,0.4889939373807455,0.2631833055624062,0.038615376949310276,0.5859678997472653,0.7196241132030681,0.011000943527213489,1.228094770231356,0.7196241132030681,0.5068579207760886,0.5178588643033021,0.42824728287892266,0.01786398339534312,-0.06074665450182282,0.4821411356966979,-0.15663650137373797
F24_monthly_GraphTCN_c6_s1729,monthly,黄果树,level,-0.6184971938382993,0.9969340702122026,0.2574179180463152,0.48828107352375427,-0.2787022290154604,0.10790873992252478,0.0,0.0,-0.10790873992252478,0.0,-1.6653131979534455,0.5105884539157745,-1.0468160041151462,1.0,0.7490068606772843
F24_monthly_GraphTCN_c6_s1729,monthly,黄泥河,level,0.12452116828973425,0.7548046165489938,-0.4576411541302998,0.4283005063876192,0.7352228296745177,0.32183012845304293,1.7166050908404218,0.7352228296745177,0.21872248082156187,0.5405526092746048,0.14861553089599244,0.09420131253182762,0.02409436260625819,0.4594473907253952,-0.2629099729708864
F24_monthly_GraphTCN_c6_s1729,monthly,龙川城铁路桥,level,0.2390769908017546,0.54618036976107,-0.40096294164657587,0.4581908171678732,0.9374956225077951,0.41008795499758305,2.0460812119774823,0.9374956225077951,0.46881008722369516,0.8788980422212782,0.46490329001800706,0.22973309642194056,0.22582629921625247,0.12110195777872179,-0.4392261208623744
F24_daily_CatBoost_c4_seedmean,daily,九甸大桥,level,0.2958977218870886,1.516444291585364,-0.11742662448350938,0.5412286443521607,0.5478720977727332,0.004221978157455225,1.0122747631521325,0.5478720977727332,0.29594185736044004,0.30016383551789527,0.09152221738801108,4.413547335141432e-05,-0.20437550449907754,0.6998361644821047,-0.007191254577266326
F24_daily_CatBoost_c4_seedmean,daily,九甸大桥,month_centered,0.33938387731986897,1.0293816147837391,-2.149283634977927e-16,0.26511351284345963,0.7726295193673578,2.879942506896211e-32,2.9143347356404607,0.7726295193673578,0.5969563741978343,0.5969563741978343,0.5452590387347156,0.25757249687796535,0.20587516141484663,0.4030436258021657,-0.26909870262766966
F24_daily_CatBoost_c4_seedmean,daily,交州,level,0.4315450483246608,0.21989705403139137,0.0757986071793757,0.7360446786764704,0.7070560688921096,0.06754289673527301,0.9606156927369041,0.7070560688921096,0.4323853878218906,0.49992828455716365,0.34656924104894615,0.0008403394972298361,-0.08497580727571463,0.5000717154428364,0.04267382394801489
F24_daily_CatBoost_c4_seedmean,daily,交州,month_centered,0.3475349801483787,0.15009904764140414,-7.526311252828086e-18,0.569607425393455,0.5898690653019184,1.6404602412887567e-33,1.0355712355653857,0.5898690653019184,0.3479455142001589,0.3479455142001589,0.1797381306038368,0.0004105340517802092,-0.16779684954454188,0.6520544857998412,-0.023082361085018266
F24_daily_CatBoost_c4_seedmean,daily,六景,level,0.14055223706262954,0.42157786969458133,-0.20085362017460584,0.3190172049871476,0.6855569295758673,0.1950846969252864,2.1489653813608163,0.6855569295758673,0.27490360676420433,0.46998830368949074,0.17602916222644827,0.1343513697015748,0.03547692516381873,0.5300116963105093,-0.23386495691010445
F24_daily_CatBoost_c4_seedmean,daily,六景,month_centered,0.18677875832702673,0.2228672082259783,-1.9849025978822452e-18,0.3100406741649164,0.45623687718660555,6.450520631686016e-35,1.4715387857269484,0.45623687718660555,0.20815208810498578,0.20815208810498578,-0.0875262456267889,0.021373329777959055,-0.27430500395381563,0.7918479118950142,-0.090653538690391
F24_daily_CatBoost_c4_seedmean,daily,南岸,level,-0.01443381055394033,0.6309590977822609,-0.3507823767569107,0.3252443230707497,0.6224441628941817,0.31354280168390564,1.9137741037797693,0.6224441628941817,0.07389393423713297,0.3874367359210386,-0.06865447589554224,0.0883277447910733,-0.054220665341601915,0.6125632640789613,-0.19332512144021477
F24_daily_CatBoost_c4_seedmean,daily,南岸,month_centered,0.049154921712267985,0.3423965040450751,1.2856139018483682e-16,0.2940948108996472,0.2306172609700573,1.3405167325101617e-31,0.7841595717537156,0.2306172609700573,0.053184321057331514,0.053184321057331514,-0.5387654780598854,0.004029399345063529,-0.5879203997721534,0.9468156789426685,0.0373368360858313
F24_daily_CatBoost_c4_seedmean,daily,厂房大桥,level,0.5768372509194406,0.5536295495524307,0.09600322957654894,0.634205426474547,0.7819061683714865,0.012724496061032483,1.2328910093342875,0.7819061683714865,0.598652760076347,0.6113772561373795,0.5510878406819406,0.021815509156906443,-0.025749410237499992,0.3886227438626205,-0.18734522401071108
F24_daily_CatBoost_c4_seedmean,daily,厂房大桥,month_centered,0.26394541558984097,0.4162947998699827,-2.1567152902988995e-17,0.44774709436416815,0.5186218759955428,1.9755757415486146e-33,1.158291996806862,0.5186218759955428,0.26896865026113614,0.26896865026113614,0.03724375199108554,0.005023234671295174,-0.22670166359875543,0.7310313497388639,-0.06346795507828584
F24_daily_CatBoost_c4_seedmean,daily,叮当,level,0.1252372672741351,0.9050368622335875,-0.5686262985717057,0.4609181049170282,0.7409068099626075,0.345311958821732,1.6074586831341353,0.7409068099626075,0.20363094222723538,0.5489429010489674,0.136501661103483,0.07839367495310029,0.011264393829347907,0.45105709895103263,-0.2581037266555623
F24_daily_CatBoost_c4_seedmean,daily,叮当,month_centered,0.01948249241089539,0.4943276133067751,-2.1721762885642507e-17,0.3482147026872587,0.20208217874256484,1.893283926766634e-33,0.5803378696621563,0.20208217874256484,0.040837206965341925,0.040837206965341925,-0.5958356425148703,0.021354714554446534,-0.6153181349257657,0.9591627930346581,0.10177098675668056
F24_daily_CatBoost_c4_seedmean,daily,棉江,level,0.4518935729654413,0.320479429572616,0.016745340624335192,0.7532416888001218,0.6775800162145003,0.001496416709347366,0.8995519317230741,0.6775800162145003,0.4576182616638951,0.45911467837324244,0.35366361571965316,0.005724688698453773,-0.09822995724578815,0.5408853216267575,0.11398305207167092
F24_daily_CatBoost_c4_seedmean,daily,棉江,month_centered,0.20918402619620136,0.20971263510758087,6.874837037271122e-18,0.4077484529450749,0.46038534832390476,8.498671729304527e-34,1.1290915882050452,0.46038534832390476,0.21195466895132312,0.21195466895132312,-0.07922930335219047,0.0027706427551217605,-0.28841332954839183,0.7880453310486769,-0.0429252253170993
F24_daily_CatBoost_c4_seedmean,daily,永昌桥,level,0.332460948926283,1.2158457847501996,0.09049009778378014,0.6109909515872999,0.5805883916821232,0.0036976159809636784,0.9502405725875421,0.5805883916821232,0.3333852645750708,0.33708288055603447,0.15747916738328266,0.0009243156487878101,-0.17498178154300031,0.6629171194439656,0.03715137801430757
F24_daily_CatBoost_c4_seedmean,daily,永昌桥,month_centered,0.19388395468727082,0.9488993569445495,-1.820422034415261e-17,0.4152633850688509,0.4410786585547077,2.966889886405748e-34,1.0621660238154071,0.4410786585547077,0.1945503830324204,0.1945503830324204,-0.11784268289058464,0.0006664283451495723,-0.31172663757785546,0.8054496169675796,-0.0214402757084301
F24_daily_CatBoost_c4_seedmean,daily,盘溪大桥,level,0.6502746126257383,1.3568164720318796,-0.28095994677272795,0.5489402426878457,0.880429116039122,0.014995942587992857,1.6038705993354856,0.880429116039122,0.7601594857814369,0.7751554283694297,0.7458622894902511,0.10988487315569861,0.09558767686451286,0.22484457163057026,-0.36393516517154034
F24_daily_CatBoost_c4_seedmean,daily,盘溪大桥,month_centered,0.38086001293910754,0.7354048309481854,2.728488999475154e-16,0.47042289861462666,0.6400174377708027,8.522761024991596e-32,1.3605150592278223,0.6400174377708027,0.40962232065070325,0.40962232065070325,0.28003487554160533,0.028762307711595714,-0.1008251373975022,0.5903776793492967,-0.15956230939812022
F24_daily_CatBoost_c4_seedmean,daily,石角,level,0.11215830460370557,0.22858477489054957,0.04677964463659934,1.2066582765879503,0.6652116916683689,0.03718388580750993,0.5512842405965822,0.6652116916683689,0.40532270892478317,0.4425065947322931,0.2932394975292279,0.2931644043210776,0.18108119292552233,0.557493405267707,1.3066820060469866
F24_daily_CatBoost_c4_seedmean,daily,石角,month_centered,-0.045257984096574555,0.17924384715883535,-1.2002763912036815e-16,0.9423760061191352,0.4471753033501625,4.687027566342616e-31,0.4745189822815062,0.4471753033501625,0.19996575192630983,0.19996575192630983,-0.10564939329967504,0.2452237360228844,-0.06039140920310049,0.8000342480736902,0.9333305210056269
F24_daily_CatBoost_c4_seedmean,daily,禄丰村,level,0.6353193778021453,1.541079133760266,0.08394841278896781,0.5389576117349008,0.8598791590189129,0.001082150801762933,1.5954485850027573,0.8598791590189129,0.7383100173133099,0.7393921681150728,0.7186761672360629,0.1029906395111646,0.08335678943391756,0.2606078318849272,-0.3459262213569203
F24_daily_CatBoost_c4_seedmean,daily,禄丰村,month_centered,0.32159168865547794,1.214837306737964,-7.368170201575708e-17,0.3973495619206467,0.6033457803456227,2.4955956385255285e-33,1.5184256839978971,0.6033457803456227,0.36402613066086836,0.36402613066086836,0.2066915606912454,0.04243444200539043,-0.11490012796423255,0.6359738693391317,-0.16370501429694811
F24_daily_CatBoost_c4_seedmean,daily,自良渡口,level,0.45038743918541235,0.3900497709823184,0.09454130085269874,0.924591640824881,0.7233174436797499,0.03228938270957857,0.7823101699626411,0.7233174436797499,0.49089874162182956,0.5231881243314082,0.41434550464992126,0.04051130243641721,-0.036041934535491094,0.47681187566859184,0.3721928803882546
F24_daily_CatBoost_c4_seedmean,daily,自良渡口,month_centered,0.19532034123026043,0.28421449859420983,-4.379223864775777e-17,0.6713861486893397,0.48115358288476934,1.910402417921591e-32,0.7166569995881852,0.48115358288476934,0.2315087703228506,0.2315087703228506,-0.037692834230461325,0.03618842909259018,-0.23301317546072176,0.7684912296771493,0.2554390194216436
F24_daily_CatBoost_c4_seedmean,daily,边外河,level,0.025488559526428478,0.2322222686640255,0.005357616610186078,0.8071145066889328,0.4196685155964427,0.0005187074428513199,0.5199615570262395,0.4196685155964427,0.17560295554007035,0.17612166298292167,-0.16118167624996593,0.15011439601364188,-0.1866702357763944,0.8238783370170784,0.6254265599384395
F24_daily_CatBoost_c4_seedmean,daily,边外河,month_centered,-0.21061630487294924,0.13175817596915734,-5.794086524045679e-17,0.86139694442491,0.30844571392483305,2.3411073236177943e-31,0.3580761644456019,0.30844571392483305,0.09513875843859995,0.09513875843859995,-0.3831085721503339,0.3057550633115492,-0.17249226727738465,0.9048612415614,0.9526210007375209
F24_daily_CatBoost_c4_seedmean,daily,阳朔,level,0.244972372520585,0.41219462947121543,0.2419479360227652,0.6910787600539258,0.7109892697391988,0.26013694076776694,1.0288107677968854,0.7109892697391988,0.24536880091651236,0.5055057416842793,0.16184159871063075,0.0003964283959273507,-0.08313077380995426,0.4944942583157207,-0.027519460690680453
F24_daily_CatBoost_c4_seedmean,daily,阳朔,month_centered,0.3221393475894545,0.2231865417154484,-2.677449970447162e-17,0.595509817115436,0.5682284913022068,9.755446436705066e-33,0.9541882853495579,0.5682284913022068,0.32288361832758206,0.32288361832758206,0.13645698260441352,0.0007442707381275504,-0.18568236498504098,0.6771163816724179,0.03249259469140564
F24_daily_CatBoost_c4_seedmean,daily,高桥,level,0.576668883656797,0.2340005227612116,0.0540929401552972,0.7089478493759198,0.7771359815716388,0.022621828824176453,1.0961821553669207,0.7771359815716388,0.5813185050291381,0.6039403338533145,0.5316501343191011,0.0046496213723410396,-0.045018749337695896,0.39605966614668553,-0.09668365934623191
F24_daily_CatBoost_c4_seedmean,daily,高桥,month_centered,0.3127224149609267,0.1716246103534152,4.966609449961112e-17,0.683612312132753,0.5705340544751152,5.755632716467745e-32,0.8345871546624826,0.5705340544751152,0.3255091073158137,0.3255091073158137,0.14106810895023036,0.012786692354886997,-0.1716543060106963,0.6744908926841864,0.15460337833856186
F24_monthly_CatBoost_c2_seedmean,monthly,三溪桥,level,0.6170061355905064,0.27889531419166935,-0.04523166653445232,0.5491258436153886,0.845543118374685,0.010073828664551697,1.5397984418429758,0.845543118374685,0.7048693363662349,0.7149431650307866,0.6810124080848183,0.08786320077572851,0.0640062724943119,0.2850568349692134,-0.3255407721287461
F24_monthly_CatBoost_c2_seedmean,monthly,上中,level,0.6850747214334487,0.3096133261347559,-0.1225971133743815,0.6018423854435005,0.9110910614556307,0.04937745721564365,1.5138366514087296,0.9110910614556307,0.7807094650487041,0.8300869222643478,0.7728046656956177,0.09563474361525537,0.08772994426216896,0.16991307773565223,-0.37223792173276926
F24_monthly_CatBoost_c2_seedmean,monthly,上金,level,0.7904117906978912,0.25429990558426413,-0.06849476674215205,0.6941383576424475,0.9273691147760607,0.01520509826952461,1.3360003874814694,0.9273691147760607,0.8448083767710097,0.8600134750405344,0.8395331312825967,0.05439658607311848,0.04912134058470541,0.13998652495946562,-0.3237888294168616
F24_monthly_CatBoost_c2_seedmean,monthly,东江江口,level,0.5876188841171317,0.4068967978931492,-0.0282723546860697,0.5400011838350386,0.8159344004859773,0.0019909217279455212,1.5109863180137613,0.8159344004859773,0.6637580241684656,0.6657489458964112,0.6298778792440091,0.07613914005133393,0.04225899512687736,0.3342510541035888,-0.29800852730183425
F24_monthly_CatBoost_c2_seedmean,monthly,九甸大桥,level,-0.2907341878614358,1.3008203938589815,-0.6096112174359796,0.5259786369450207,0.25608449682418827,0.28347061050357014,0.4868724294803558,0.25608449682418827,-0.21789134098987245,0.06557926951369769,-0.7713016168551936,0.07284284687156334,-0.4805674289937578,0.9344207304863024,0.2839171038804077
F24_monthly_CatBoost_c2_seedmean,monthly,交州,level,0.5206383061014122,0.14358347616754707,-0.05428354090054133,0.7755677985563885,0.7676050495708041,0.06851580065377712,0.9897330072233455,0.7676050495708041,0.5207017114728195,0.5892175121265967,0.4666942984878311,6.340537140736568e-05,-0.053944007613581035,0.4107824878734033,0.012351303402413416
F24_monthly_CatBoost_c2_seedmean,monthly,京南,level,0.4705182467422654,0.2582484684854752,-0.11160644647059037,0.7282966761971155,0.7550663844842218,0.09889038095403307,1.0367565981859033,0.7550663844842218,0.47123486402404163,0.5701252449780747,0.41124238801441054,0.000716617281776244,-0.05927585872785485,0.4298747550219253,-0.03899257913653176
F24_monthly_CatBoost_c2_seedmean,monthly,从江大桥,level,0.416018576744714,0.2132308954387929,-0.09674489158967936,0.6690232622469532,0.7352693877422692,0.12021394666303611,1.099019166049361,0.7352693877422692,0.42040712588785534,0.5406210725508914,0.3503248288215024,0.0043885491431413515,-0.06569374792321159,0.4593789274491086,-0.08864039798019485
F24_monthly_CatBoost_c2_seedmean,monthly,公庄河口(泰美),level,0.6469757776505816,0.3727748928884153,0.12071121666597073,0.6507739947763924,0.850909858725233,0.03701744598666555,1.3075351282554057,0.850909858725233,0.6870301416891303,0.7240475876757959,0.6648022714638003,0.040054364038548784,0.01782649381321877,0.2759524123242041,-0.2604864313600229
F24_monthly_CatBoost_c2_seedmean,monthly,公篓,level,0.6944300834461006,0.14494918412230173,-0.03805410311847135,0.6932176589341684,0.8626741817961479,0.021061147351080195,1.2444492298746703,0.8626741817961479,0.723145596586573,0.7442067439376532,0.7042872162412155,0.028715513140472382,0.009857132795114909,0.2557932560623468,-0.23494050813901157
F24_monthly_CatBoost_c2_seedmean,monthly,六景,level,-0.09697796703184669,0.346595194532535,-0.2838619605031738,0.5238779760187035,0.8716560144014409,0.7358126104927061,1.6638531381405528,0.8716560144014409,0.023971596949498908,0.759784207442205,0.007499418310175754,0.1209495639813456,0.10447738534202244,0.24021579255779502,-0.3643865097034069
F24_monthly_CatBoost_c2_seedmean,monthly,兴宁电站,level,0.3512508764705612,0.3688005665800206,0.17791218733431124,0.4141672342833584,0.8133916850683801,0.15097499476321563,1.9639208941185495,0.8133916850683801,0.5106310385751632,0.6616060333383789,0.4758083753735446,0.15938016210460204,0.1245574989029834,0.33839396666162114,-0.3306913732798503
F24_monthly_CatBoost_c2_seedmean,monthly,北江石尾,level,-0.13711497008979334,0.3513270148316983,-0.23093171974997118,0.7160677400496609,0.6053477306350511,0.49130192459002797,0.8453777440009641,0.6053477306350511,-0.12485604960502161,0.36644587498500636,-0.2806064633199258,0.01225892048477173,-0.14349149323013244,0.6335541250149936,0.15856605383959366
F24_monthly_CatBoost_c2_seedmean,monthly,十里亭,level,0.6788757745752287,0.225457459061782,0.07318080399636062,0.5934428896796188,0.8972076985457217,0.03383282064902189,1.511868646754022,0.8972076985457217,0.7711488336806887,0.8049816543297106,0.7605825764424214,0.09227305910545991,0.0817068018671927,0.19501834567028942,-0.36053413191295425
F24_monthly_CatBoost_c2_seedmean,monthly,南岸,level,-0.1953909300248804,0.4831244255322341,-0.34271901493288226,0.34565677964718033,0.7603395223390328,0.6015453421691916,2.199695093830153,0.7603395223390328,-0.023429152938443054,0.5781161892307486,-0.08086629749112606,0.17196177708643734,0.11452463253375433,0.4218838107692514,-0.28667580282825206
F24_monthly_CatBoost_c2_seedmean,monthly,南江口,level,-0.3758808686351989,0.3616583178857312,-0.19678633799495548,0.6577320189448999,0.3527928036028134,0.4073557058556851,0.5363777244245241,0.3527928036028134,-0.2828929435817518,0.12446276227393327,-0.7017700986500583,0.09298792505344705,-0.3258892300148595,0.8755372377260667,0.4011365715248482
F24_monthly_CatBoost_c2_seedmean,monthly,厂房大桥,level,0.6188251106781207,0.4083117495926745,0.07521975154727256,0.5486697734980891,0.8500557206509022,0.01293612839200562,1.5493029900869193,0.8500557206509022,0.709658599819319,0.7225947282113246,0.6871753129097987,0.09083348914119826,0.06835020223167798,0.27740527178867536,-0.33072271871968206
F24_monthly_CatBoost_c2_seedmean,monthly,发耳,level,0.7865942301495291,0.29990247062410985,-0.051997573609375625,0.6469661618991777,0.9363508836152404,0.006415229934829203,1.447294988143692,0.9363508836152404,0.8703377473122123,0.8767529772470415,0.8662865372956516,0.08374351716268313,0.07969230714612252,0.12324702275295851,-0.37444424544180543
F24_monthly_CatBoost_c2_seedmean,monthly,古封,level,0.6747841140376734,0.1635256872142327,-0.1093529433380338,0.7866010667230287,0.9146679737776904,0.1454322555343646,1.162810492475159,0.9146679737776904,0.6911852467202211,0.8366175022545856,0.6839036920210162,0.016401132682547725,0.009119577983342841,0.16338249774541436,-0.20147513140223183
F24_monthly_CatBoost_c2_seedmean,monthly,叮当,level,-0.09296028639307341,0.8320452279811152,-0.5748704552297026,0.3031845835337491,0.8587115874392395,0.5217356247272813,2.832306238762472,0.8587115874392395,0.21564996567513728,0.7373855904024186,0.19568755015119765,0.3086102520682107,0.28864783654427106,0.2626144095975814,-0.336854446641675
F24_monthly_CatBoost_c2_seedmean,monthly,坝草,level,-0.49853747007217697,1.0911650164729485,-0.774726565162561,0.233989991846232,0.6658947656147085,0.7554115753412459,2.8458258422108305,0.6658947656147085,-0.31199573646817835,0.44341583887306757,-0.4236220441118289,0.18654173360399862,0.07491542596034806,0.5565841611269324,-0.20212278898486902
F24_monthly_CatBoost_c2_seedmean,monthly,坡脚,level,-6.936697876084557,0.7473440082361414,-0.7270930458255531,0.6111459072716084,0.7765753207880965,7.512400214085288,1.2706872639547386,0.7765753207880965,-6.909330985228152,0.6030692288571351,-6.959249572509094,0.027366890856404424,-0.02255169642453758,0.3969307711428649,-0.20220301802588836
F24_monthly_CatBoost_c2_seedmean,monthly,垒亭,level,-0.2876246898938757,0.30333252399776406,-0.06341290173149883,0.4146412529700636,-0.07165649299023444,0.05627384515546864,0.0,0.0,-0.05627384515546864,0.0,-1.1995868311359377,0.23135084473840706,-0.911962141242062,1.0,0.4032782134029913
F24_monthly_CatBoost_c2_seedmean,monthly,天生桥,level,0.004777264773157874,1.559449940542961,-0.9579351321940326,0.4046115444308624,0.6722770003297973,0.3755343041176876,1.661536873040636,0.6722770003297973,0.0764220610547427,0.4519563651724303,-0.030980303458092995,0.07164479628158482,-0.03575756823125087,0.5480436348275697,-0.2166010670041179
F24_monthly_CatBoost_c2_seedmean,monthly,封开城上,level,-0.7306255710804836,0.670272773547636,-0.46789394907912585,0.27763610498033287,0.3417799859753493,0.8433246924246904,1.2310358049417247,0.3417799859753493,-0.7265111336113804,0.11681355881330997,-1.1597647204739918,0.004114437469103227,-0.42913914939350817,0.88318644118669,-0.03561731455555672
F24_monthly_CatBoost_c2_seedmean,monthly,小云尚大桥,level,0.4522954029553582,0.388432068160534,-0.02297336496006297,0.7614781885438837,0.678982220092226,0.0019158674352330112,0.8916633861707735,0.678982220092226,0.45910098776613495,0.461016855201368,0.3560485727492189,0.006805584810776755,-0.09624683020613928,0.538983144798632,0.1256377612374835
F24_monthly_CatBoost_c2_seedmean,monthly,山脚村,level,0.4226185560634347,0.3178025315830629,0.007211849124519443,0.8453668880198598,0.6728209250682248,0.0002973318153198906,0.7958922150880582,0.6728209250682248,0.45239066539434186,0.45268799720966174,0.34534451832112967,0.02977210933090718,-0.07727403774230501,0.5473120027903382,0.2917292874816275
F24_monthly_CatBoost_c2_seedmean,monthly,岔河口,level,-0.3089916738776748,0.5113850994239679,0.3361606629074356,0.6352278134619324,0.5196210023752365,0.565632725217485,0.818007321725021,0.5196210023752365,-0.2956267391080395,0.2700059861094455,-0.5263907204670121,0.013364934769635295,-0.21739904658933729,0.7299940138905545,0.14687332365581707
F24_monthly_CatBoost_c2_seedmean,monthly,岜怀,level,-1.450561090338228,0.672669199923337,-0.44987247495062355,0.3850075250804216,-0.26785544199935124,1.0960775743626927,0.0,0.0,-1.0960775743626927,0.0,-2.6317884583613953,0.3544835159755353,-1.1812273680231673,1.0,0.5027143103440881
F24_monthly_CatBoost_c2_seedmean,monthly,平榔,level,-0.08936983140765209,0.7002582905216459,-0.532249464599162,0.6065268610078389,0.7484010956254451,0.6293457328926862,1.2339125333738061,0.7484010956254451,-0.06924153295931967,0.5601041999333666,-0.13254354164179605,0.020128298448332416,-0.04317371023414396,0.4398958000666334,-0.1721010683610127
F24_monthly_CatBoost_c2_seedmean,monthly,庙咀里,level,0.5078958876247972,0.1989821014769625,-0.03196286377537705,0.7803031385262021,0.7237356750628247,0.012697561811164913,0.9275057850334687,0.7237356750628247,0.5110957655474776,0.5237933273586425,0.4347737883144844,0.003199877922680394,-0.07312209931031283,0.4762066726413575,0.0882795385578794
F24_monthly_CatBoost_c2_seedmean,monthly,弄瓦,level,0.30946221708973776,0.3441576574967971,-0.12994602121606325,0.4049593332064363,0.7061207611702581,0.09844610657271861,1.7436831386975309,0.7061207611702581,0.4001604227829461,0.49860652935566474,0.3137954157677976,0.09069820569320836,0.004333198678059869,0.5013934706443353,-0.243916262111455
F24_monthly_CatBoost_c2_seedmean,monthly,思留口,level,-1.2637965109103404,0.41761834743436155,0.356552138833127,0.3770774116593898,0.7008432724061632,1.6501534708022205,1.858619081217275,0.7008432724061632,-1.1589721783252411,0.49118129247697945,-1.2484669259898942,0.10482433258509927,0.015329584920446226,0.5088187075230206,-0.2441695855081355
F24_monthly_CatBoost_c2_seedmean,monthly,打邦,level,0.46734465905705913,0.46809739636930814,-0.27275519111024193,0.515365099207283,0.8865524820616822,0.18085057120237188,1.7202415984810515,0.8865524820616822,0.6051247322473575,0.7859753034497294,0.5922543929209926,0.1377800731902984,0.12490973386393345,0.21402469655027057,-0.38259404477849845
F24_monthly_CatBoost_c2_seedmean,monthly,新华,level,0.5469566787822405,0.18059631544760546,-0.007045683456082585,0.6393691604621737,0.7479553403364378,0.0006895538958701884,1.1698333085001655,0.7479553403364378,0.5587476372419263,0.5594371911377966,0.4952211267770055,0.011790958459685807,-0.051735552005235,0.44056280886220345,-0.13885330932800566
F24_monthly_CatBoost_c2_seedmean,monthly,昌林花园,level,0.09118732702482046,0.9786104405662213,-0.29379177817528923,0.2581451638343616,0.46434279410770785,0.08190944068458887,1.798766194998922,0.46434279410770785,0.1337047897551643,0.21561423043975317,-0.1532238524691732,0.04251746273034385,-0.24441117949399366,0.7843857695602469,-0.10645784209834017
F24_monthly_CatBoost_c2_seedmean,monthly,木洞,level,0.6613637305459339,0.25371207377186794,-0.07084330840306707,0.5692192093268645,0.888741063551044,0.02640273216904895,1.561333575867956,0.888741063551044,0.7634579458727918,0.7898606780418408,0.751079394933039,0.10209421532685792,0.0897156643871051,0.2101393219581592,-0.36375595444828235
F24_monthly_CatBoost_c2_seedmean,monthly,杨民,level,-0.6651016471485354,0.3177922023293265,-0.23825712976324276,0.5988642457424276,0.5255553357293128,0.9359358617747732,0.8775867643889278,0.5255553357293128,-0.6597274508612225,0.2762084109135507,-0.8848251903161476,0.005374196287312838,-0.21972354316761222,0.7237915890864492,0.08780417020240694
F24_monthly_CatBoost_c2_seedmean,monthly,松云,level,-2.501797913216342,0.4822707125136649,0.05617918548647394,1.7341885641681465,0.15947812594302513,0.04751822161548723,0.09196123722538986,0.15947812594302513,-0.022084948961187845,0.025433272654299385,-0.728561969729437,2.479712964255154,1.773235943486905,0.9745667273457006,5.461689667692432
F24_monthly_CatBoost_c2_seedmean,monthly,桂花,level,0.4713597333531948,0.23827399394957424,-0.050195760462100614,0.7529254885476978,0.7050612870271051,0.023460703323919252,0.9364290328211402,0.7050612870271051,0.4736507151403987,0.49711141846431794,0.386661870730291,0.002290981787203883,-0.0846978626229038,0.502888581535682,0.07207635462767548
F24_monthly_CatBoost_c2_seedmean,monthly,棉江,level,-0.31609534917337867,0.34776037895753276,0.3077887153542056,1.0958650239576504,0.874087017952219,1.0309379801782363,0.7976228813248428,0.874087017952219,-0.26690986522563354,0.7640281149526028,-0.28276394427379836,0.049185483947745134,0.03333140489958031,0.2359718850473972,0.48607751972884405
F24_monthly_CatBoost_c2_seedmean,monthly,榕江,level,0.48442383371951947,0.21467164770730734,-0.1391516315747766,0.6120737449805217,0.8787248594002595,0.2166307279871979,1.4356519399933148,0.8787248594002595,0.5555266505408079,0.7721573785280058,0.540818990813321,0.07110281682128838,0.056395157093801496,0.2278426214719942,-0.3264202924122369
F24_monthly_CatBoost_c2_seedmean,monthly,武林渡口,level,0.1302391582865996,0.46016358495880744,-0.3464916942998526,0.5484734542188457,0.8425128090966063,0.49312953298832457,1.5361049885204403,0.8425128090966063,0.21669830050353006,0.7098278334918546,0.19189608520488804,0.08645914221693046,0.061656926918288446,0.29017216650814537,-0.3225455612921727
F24_monthly_CatBoost_c2_seedmean,monthly,永昌桥,level,0.28950251718203757,0.6897013359181062,-0.17329814976671276,0.5419596604629346,0.5794523409536912,0.04485679716429319,1.069179836113136,0.5794523409536912,0.29090821827241964,0.33576501543671283,0.1140478847430893,0.0014057010903820721,-0.17545463243894827,0.6642349845632871,-0.04063904077723146
F24_monthly_CatBoost_c2_seedmean,monthly,江边桥,level,0.5805732548883229,0.9162226744369242,-0.008949805922970455,0.4349201678094335,0.8849541647147474,4.002038708104288e-05,2.034750812251371,0.8849541647147474,0.7831038532588952,0.7831438736459763,0.7698683090424138,0.2025305983705723,0.18929505415409087,0.21685612635402374,-0.3914577229080184
F24_monthly_CatBoost_c2_seedmean,monthly,清水江小学,level,-0.26649436638078217,0.6804865925997173,-0.47842212181340216,0.4380110002032395,0.629409973209342,0.6260177138883767,1.436972982224858,0.629409973209342,-0.22986079951299204,0.39615691437538464,-0.3671977674696927,0.036633566867790124,-0.10070340108891052,0.6038430856246153,-0.16766971120855156
F24_monthly_CatBoost_c2_seedmean,monthly,渔村,level,0.6134126325621442,0.2650317920734416,0.07562856758277992,0.751695423175021,0.8048059015483071,0.031479183691799834,1.0706542526878204,0.8048059015483071,0.6162333554751835,0.6477125391669833,0.5781326194048144,0.002820722913039364,-0.03528001315732976,0.35228746083301665,-0.0798458070316701
F24_monthly_CatBoost_c2_seedmean,monthly,渠立,level,0.8379438576922602,0.11933810714601747,0.055190099952863836,0.9977310941284788,0.9361596954375063,0.03466008053262182,0.9382885839147317,0.9361596954375063,0.8417348948290228,0.8763949753616446,0.8376593103423908,0.003791037136762543,-0.0002845473498693796,0.12360502463835543,0.12286339796592971
F24_monthly_CatBoost_c2_seedmean,monthly,滃江大站,level,-0.0837777088097984,0.5620901049361579,-0.32242264819466815,0.5810854933706827,0.5252936698197386,0.3565984207873478,0.9039868931724412,0.5252936698197386,-0.08066498123465932,0.2759334395526885,-0.3060110811478707,0.003112727575139085,-0.22223337233807228,0.7240665604473115,0.06483963862830089
F24_monthly_CatBoost_c2_seedmean,monthly,火电厂,level,-0.7879253585704431,0.33643622420997527,0.21482226356562473,0.632842459335906,0.26983188093627525,0.7289579225100162,0.42638081082522844,0.26983188093627525,-0.656148678540408,0.07280924396960822,-1.1892941606374658,0.13177668003003506,-0.40136880206702275,0.9271907560303918,0.4594570143987441
F24_monthly_CatBoost_c2_seedmean,monthly,爽底坪,level,-0.12993792401092708,0.3850989662541027,-0.18692999051301706,0.5652204757089048,0.4031815337635353,0.26623665447206923,0.713317282530965,0.4031815337635353,-0.10368130530415245,0.16255534916791678,-0.4598735869449986,0.02625661870677462,-0.3299356629340715,0.8374446508320832,0.1831754556994586
F24_monthly_CatBoost_c2_seedmean,monthly,狗街,level,0.3129075478712783,1.725505748599178,0.05509177750689265,0.3052223638373551,0.6663480518449725,0.0007004157873368102,2.183156055367069,0.6663480518449725,0.4433193104102533,0.4440197261975901,0.33199568790260814,0.13041176253897502,0.01908814003132986,0.5559802738024099,-0.22044727227215233
F24_monthly_CatBoost_c2_seedmean,monthly,甲茶,level,0.0689145246362668,0.19380799747507477,0.005661265557751927,0.885289096296106,0.48201529556256156,0.0007944621619183205,0.5444721928455111,0.48201529556256156,0.23154428299434526,0.23233874515626357,-0.036763871036795195,0.16262975835807847,-0.10567839567306199,0.7676612548437365,0.7140277972225908
F24_monthly_CatBoost_c2_seedmean,monthly,界牌,level,0.48356778466059036,0.17697508108884621,0.07429395166643271,0.6989752270704711,0.7605030588353533,0.09101144375565093,1.0880257688427046,0.7605030588353533,0.48735345874227787,0.5783649024979288,0.42999467391505564,0.0037856740816875067,-0.053573110745534724,0.4216350975020712,-0.08601286035802458
F24_monthly_CatBoost_c2_seedmean,monthly,白沙街,level,0.2696479560911169,0.21475498321847722,0.13578290443923047,0.7164537690728469,0.750168722899215,0.29196845861360804,1.0470581009993125,0.750168722899215,0.27078465420263115,0.5627531128162392,0.20836898718482194,0.0011366981115142338,-0.06127896890629497,0.4372468871837608,-0.048310411486036875
F24_monthly_CatBoost_c2_seedmean,monthly,白马,level,0.521641191640333,0.31787418398590656,-0.20956066178798927,0.6429543078997286,0.8888154174362286,0.20790396944948533,1.3823928178343319,0.8888154174362286,0.582088876822852,0.7899928462723373,0.5697268654229719,0.060447685182519084,0.04808567378263895,0.21000715372766265,-0.3161549190429993
F24_monthly_CatBoost_c2_seedmean,monthly,百雅,level,-0.06149321729872215,0.3634433057902496,-0.0841391082876406,0.33591842656474685,0.16110825559101122,0.056890491442433855,0.4796052935784941,0.16110825559101122,-0.030934621422855257,0.025955870019578598,-0.7346739802604114,0.03055859587586689,-0.6731807629616893,0.9740441299804214,0.11744391516202331
F24_monthly_CatBoost_c2_seedmean,monthly,盘溪大桥,level,0.6386090956936599,1.0862606191565536,-0.3594893236106991,0.4645304538878678,0.962238448010842,0.039580487722739324,2.071421668821556,0.962238448010842,0.8863223431075745,0.9259028308303139,0.8848964082989447,0.24771324741391465,0.2462873126052848,0.07409716916968612,-0.4624010408271309
F24_monthly_CatBoost_c2_seedmean,monthly,石角,level,-0.2327067908799776,0.20852548046200164,0.04200949363618367,1.2516623641339022,0.5528577851053843,0.05003068176038433,0.44169881666765515,0.5528577851053843,0.255621048791247,0.3056517305516313,0.05568488845038427,0.48832783967122456,0.28839167933036186,0.6943482694483687,1.749334782908862
F24_monthly_CatBoost_c2_seedmean,monthly,禄丰村,level,0.614752310820023,1.2211839856815856,0.1540390434728831,0.4083648975019616,0.9643873759115631,0.006129703500811632,2.3615824518975232,0.9643873759115631,0.9239133073167789,0.9300430108175906,0.9226450483223145,0.3091609964967559,0.3078927375022915,0.06995698918240945,-0.4541201248090471
F24_monthly_CatBoost_c2_seedmean,monthly,罗村口,level,-0.5077279596239457,0.21211333801014484,-0.08908746609758744,0.5741179999947431,0.07650510795434196,0.2659624008422392,0.1332567659523695,0.07650510795434196,-0.2601093692991337,0.005853031543105517,-1.1129521849335553,0.24761859032481198,-0.6052242253096096,0.9941469684568944,0.5713770366996703
F24_monthly_CatBoost_c2_seedmean,monthly,老口,level,0.21109889542484273,0.5333501650567867,-0.3547039497379618,0.38303663253238224,0.9225476310690669,0.3489231186242541,2.408510186009621,0.9225476310690669,0.502171012966893,0.8510941315911472,0.49617214351387967,0.2910721175420503,0.28507324808903695,0.14890586840885278,-0.4133049521873494
F24_monthly_CatBoost_c2_seedmean,monthly,老鹰坡,level,-0.2833138619344304,1.9467254317534501,-1.214895068255471,0.4397540217326695,0.4660278283884697,0.499805485850717,1.0597465977736353,0.4660278283884697,-0.28262354901824405,0.21718193683247294,-0.5677498290737777,0.0006903129161863752,-0.28443596713934727,0.782818063167527,-0.023108024286229434
F24_monthly_CatBoost_c2_seedmean,monthly,自良渡口,level,-0.4273613608764586,0.4291714083206527,-0.280448204341575,0.7480235131325793,0.49576210054078035,0.6095056009262556,0.6627627231457252,0.49576210054078035,-0.3637255405936488,0.2457800603326068,-0.6179813998446949,0.06363582028280979,-0.19062003896823632,0.7542199396673932,0.377394936149409
F24_monthly_CatBoost_c2_seedmean,monthly,蔗香北,level,0.02135275125481595,0.3021942763038786,-0.11788118073177634,0.39499603697836505,0.41303081137552833,0.14891644680315477,1.045658114788,0.41303081137552833,0.021678004342372492,0.17059445114552726,-0.3228548240520981,0.0003252530875565429,-0.34420757530691404,0.8294055488544727,-0.014247328829356753
F24_monthly_CatBoost_c2_seedmean,monthly,蔗香南,level,-1.102240336440818,0.4018600189680022,-0.25165053192451214,0.4173844485712877,-0.12416444604802622,0.8243819408398325,0.0,0.0,-0.8243819408398325,0.0,-2.072710832935885,0.27785839560098546,-0.970470496495067,1.0,0.45206817351014544
F24_monthly_CatBoost_c2_seedmean,monthly,谷拉河大桥,level,0.37896584891994956,0.09533673775248529,-0.009314923038488687,0.8226878824027579,0.6452689052827834,0.00592861776259421,0.784342299291195,0.6452689052827834,0.4104433423622474,0.4163719601248416,0.2846091928029725,0.03147749344229783,-0.09435665611697708,0.5836280398751583,0.2919208851697903
F24_monthly_CatBoost_c2_seedmean,monthly,贺街,level,-5.720798243732302,0.38907751569458177,0.31372007356138343,1.084467142067164,-0.0807837049040972,4.36951471434309,0.0,0.0,-4.36951471434309,0.0,-5.531082124151284,1.351283529389212,0.18971611958101775,1.0,2.5273525116125324
F24_monthly_CatBoost_c2_seedmean,monthly,赵家渡,level,-5.5254277106589385,0.6065685169481294,-0.5132456848695446,1.2268277298534283,0.2655819650313514,4.671968070420476,0.21647861274140018,0.2655819650313514,-4.6014342902705625,0.07053378014991396,-5.1408041403577736,0.923993420388376,0.3846235703011649,0.929466219850086,2.358565918975782
F24_monthly_CatBoost_c2_seedmean,monthly,车渡,level,-0.5433445461332302,0.3689296084585159,-0.2871476120184755,0.42369004126895077,0.6739764119269237,0.9349454826299827,1.5907298880765897,0.6739764119269237,-0.4807012787960923,0.45424420383389036,-0.5869926587761353,0.06264326733713793,-0.043648112642905024,0.5457557961661097,-0.21208768542626488
F24_monthly_CatBoost_c2_seedmean,monthly,边外河,level,0.06142418866112498,0.19301032733069223,0.05507334879587544,0.9801141629857173,0.5603761390306757,0.07641721978011906,0.5717457824745685,0.5603761390306757,0.23760419741480815,0.3140214171949272,0.04433505828123241,0.17618000875368317,-0.01708913037989257,0.6859785828050728,0.8227823640439491
F24_monthly_CatBoost_c2_seedmean,monthly,连江西牛,level,0.471031690142935,0.33903945558706405,-0.12049495659091258,0.457111592018895,0.8168646607421262,0.0668139133706318,1.7870136636315281,0.8168646607421262,0.600453960598717,0.6672678739693488,0.5669154081136205,0.12942227045578203,0.09588371797068551,0.33273212603065117,-0.32889459595551823
F24_monthly_CatBoost_c2_seedmean,monthly,那弄,level,0.6232494116929734,0.43635845448548294,-0.0839649574718695,0.6981933465509308,0.8054165911687139,0.013949649450492884,1.1535724239531426,0.8054165911687139,0.6347462358793383,0.6486958853298312,0.5968835328869349,0.011496824186364885,-0.02636587880603858,0.35130411467016875,-0.1497251119754781
F24_monthly_CatBoost_c2_seedmean,monthly,都骑,level,0.6021157554677765,0.14065744825945645,0.02635134561505792,0.9467701303209555,0.7987442018654471,0.013964869050778518,0.8436516703317124,0.7987442018654471,0.6240274309628916,0.6379923000136701,0.5835235346801158,0.02191167549511508,-0.018592220787660763,0.36200769998632987,0.28029305514940406
F24_monthly_CatBoost_c2_seedmean,monthly,锁龙桥,level,0.48625273487574017,1.1009213913286497,-0.28075588371905447,0.4575180505390078,0.7966755602495659,0.03341139703015212,1.7412986423398864,0.7966755602495659,0.6012805512688075,0.6346919482989597,0.5599397234689796,0.11502781639306736,0.07368698859323941,0.3653080517010403,-0.31034136533687834
F24_monthly_CatBoost_c2_seedmean,monthly,长坝,level,0.4920685257131753,0.30296909414565504,-0.07785669235995973,0.43669923336290944,0.8201498569539495,0.033542881416050975,1.8780657127290665,0.8201498569539495,0.6391029064455328,0.6726457878615838,0.606756832491848,0.14703438073235753,0.1146883067786727,0.3273542121384162,-0.3349051867094735
F24_monthly_CatBoost_c2_seedmean,monthly,长虹桥,level,0.6347233587266249,0.6021937095950445,-0.08182728968934772,0.7355790877375485,0.8038186588956654,0.006744438590357675,1.0927698629497533,0.8038186588956654,0.6393799977984684,0.6461244363888261,0.6008928792009731,0.004656639071843549,-0.03383047952565177,0.3538755636111739,-0.10039120300017834
F24_monthly_CatBoost_c2_seedmean,monthly,阳朔,level,0.26415233055786946,0.2689371354739308,0.05203044524161049,0.9723405088218253,0.6361664271217737,0.027542379232140455,0.6542630090487641,0.6361664271217737,0.3771653437647426,0.40470772299688307,0.24479047501140702,0.11301301320687313,-0.019361855546462442,0.5952922770031169,0.653751355305876
F24_monthly_CatBoost_c2_seedmean,monthly,雁江,level,0.5648430285587023,0.2595261793992219,-0.1466283333649081,0.48417434983675883,0.9688383068644475,0.13890548504753006,2.001011220836244,0.9688383068644475,0.7997421798004393,0.9386476648479694,0.7987711286813649,0.234899151241737,0.23392810012266263,0.061352335152030646,-0.46932371256638394
F24_monthly_CatBoost_c2_seedmean,monthly,露塘,level,0.2887044291766834,0.1984740382931765,-0.1526403667111602,0.6989898420115609,0.8569508859136454,0.42070870030086216,1.225984748859157,0.8569508859136454,0.3136561205673196,0.7343648208681818,0.2931930715264287,0.024951691390636244,0.004488642349745331,0.2656351791318182,-0.22082633024219867
F24_monthly_CatBoost_c2_seedmean,monthly,青岩,level,-1.405887708119272,1.0063988409123616,-0.7646028930382789,0.2921859134334434,0.11667266449277527,1.3886953182054058,0.3993096830773533,0.11667266449277527,-1.3750828075655621,0.013612510639843704,-2.1553499892198555,0.03080490055370988,-0.7494622811005835,0.9863874893601563,0.10256499792280092
F24_monthly_CatBoost_c2_seedmean,monthly,高桥,level,0.395875298178198,0.28615978964168515,0.05085116098985476,0.5464290566293466,0.6529091464907755,0.019077045856216692,1.1948653508988933,0.6529091464907755,0.40721330771509623,0.4262903535713129,0.2867412471253343,0.01133800953689823,-0.10913405105286372,0.573709646428687,-0.11636763010557727
F24_monthly_CatBoost_c2_seedmean,monthly,黄果树,level,0.004450914347245205,0.7818830561015397,-0.5097633724257067,0.3642185352471703,0.7691501413891436,0.42317141999897645,2.1117819851402504,0.7691501413891436,0.16842051999996321,0.5915919399989397,0.11512886277931078,0.163969605652718,0.11067794843206558,0.40840806000106034,-0.2949671929286271
F24_monthly_CatBoost_c2_seedmean,monthly,黄泥河,level,0.3457587057815176,0.652500275017045,-0.13929924248517667,0.4369928773180859,0.6482247248278876,0.02981769469426895,1.4833759506703508,0.6482247248278876,0.3903775991839217,0.4201952938781906,0.2666317549615063,0.0446188934024041,-0.07912695082001125,0.5798047061218095,-0.18461362564904682
F24_monthly_CatBoost_c2_seedmean,monthly,龙川城铁路桥,level,-0.1170933338754232,0.6617751556801482,-0.39263221171370777,0.2647669687905506,0.653843941194663,0.39322434285724256,2.469507220562319,0.653843941194663,0.03428755657972743,0.42751189943697,-0.08553646046791646,0.15138089045515063,0.031556873407506736,0.57248810056303,-0.20602946121928312
joint_F24_XGBoost_c3_seedmean,daily,九甸大桥,level,-0.6903926212049294,2.3496456973191844,-0.5010509001471437,0.9979963092303773,0.1916200365169519,0.07686816640449068,0.19200475467161107,0.1916200365169519,-0.0401499280097327,0.03671823839475798,-0.6936280933705868,0.6502426931951967,-0.0032354721656574492,0.963281761605242,1.6095210880378936
joint_F24_XGBoost_c3_seedmean,daily,九甸大桥,month_centered,-0.2981785763154061,1.443009006797566,2.981555974335137e-17,0.8360853525422496,0.2397244128254447,5.5422012005991774e-34,0.28672241667256193,0.2397244128254447,0.05746779410450424,0.05746779410450424,-0.5205511743491106,0.3556463704199104,-0.22237259803370446,0.9425322058954958,0.9972172930511041
joint_F24_XGBoost_c3_seedmean,daily,交州,level,0.2201595152813286,0.25755754269799463,0.030317352271685638,0.7535192190331298,0.5300170730668284,0.010805373209457361,0.703388924501374,0.5300170730668284,0.2701127245328704,0.28091809774232773,0.04922877292419951,0.049953209251541786,-0.17093074235712907,0.7190819022576722,0.3368263249615121
joint_F24_XGBoost_c3_seedmean,daily,交州,month_centered,0.038786623945691545,0.18218357626255025,-2.4657129094572683e-18,0.37366174818324643,0.2387315892896241,1.7607041083897896e-34,0.638897587056592,0.2387315892896241,0.056992771724749765,0.056992771724749765,-0.5225368214207518,0.01820614777905822,-0.5613234453664433,0.9430072282752502,0.10083647810966831
joint_F24_XGBoost_c3_seedmean,daily,六景,level,-1.7274478648163258,0.7510109878524784,-0.6488512092470147,0.2815302804372395,0.6885591674684788,2.0358890770433202,2.4457730315868345,0.6885591674684788,-1.5617753499384357,0.4741137271048846,-1.6587707421063627,0.16567251487789014,0.06867712270996318,0.5258862728951155,-0.22918191342392455
joint_F24_XGBoost_c3_seedmean,daily,六景,month_centered,0.09731858088033896,0.2348059335386432,1.48954978939405e-17,0.1972282886782645,0.3453297182877893,3.6326739301630017e-33,1.7509137284617442,0.3453297182877893,0.11925261433272392,0.11925261433272392,-0.3093405634244214,0.02193403345238497,-0.40665914430476036,0.8807473856672761,-0.05841958302538204
joint_F24_XGBoost_c3_seedmean,daily,南岸,level,-0.5284106495843439,0.7744785188684851,-0.5304762735279867,0.18557883668942923,0.6010521367194654,0.71705625760153,3.2387967692961728,0.6010521367194654,-0.35579258654649504,0.361263671055035,-0.5149519841625991,0.17261806303784888,0.013458665421744787,0.638736328944965,-0.15420610339018465
joint_F24_XGBoost_c3_seedmean,daily,南岸,month_centered,0.06315073655693548,0.3398672364600256,2.800057989562222e-17,0.174649738856295,0.26811740015416563,6.358946494867929e-33,1.5351720644413762,0.26811740015416563,0.07188694026542898,0.07188694026542898,-0.46376519969166874,0.008736203708493498,-0.5269159362486042,0.928113059734571,-0.032648205274363476
joint_F24_XGBoost_c3_seedmean,daily,厂房大桥,level,0.39828718561672705,0.6609014069283233,-0.05689839428670651,0.39611687499624704,0.7064273263801178,0.004459805601772927,1.783381044765666,0.7064273263801178,0.4945797618547886,0.49903956745656153,0.40839484715846275,0.09629257623806153,0.010107661541735702,0.5009604325434385,-0.24583841256170752
joint_F24_XGBoost_c3_seedmean,daily,厂房大桥,month_centered,0.23011932477155672,0.4257529680360153,7.58924580080908e-17,0.41151596458965484,0.48535749309512083,2.4462750624106228e-32,1.1794378222460882,0.48535749309512083,0.23557189610358026,0.23557189610358026,-0.029285013809758342,0.005452571332023537,-0.25940433858131506,0.7644281038964198,-0.060773935659402645
joint_F24_XGBoost_c3_seedmean,daily,叮当,level,-0.8196671069544115,1.3053203370834714,-1.0219573545585119,0.35238824907874455,0.5957796210120216,1.115381103836077,1.6906909426451646,0.5957796210120216,-0.7604277470228489,0.35495335681322815,-0.9238218618120337,0.059239359931562596,-0.10415475485762227,0.6450466431867719,-0.17153651879288204
joint_F24_XGBoost_c3_seedmean,daily,叮当,month_centered,-0.05711183210624249,0.5132721043740355,-3.2083066943151134e-17,0.268073982588558,0.02751447173687362,4.1302597548171265e-33,0.10263760575043583,0.02751447173687362,0.0007570461549592173,0.0007570461549592173,-0.9449710565262528,0.057868878261201705,-0.8878592244200103,0.9992429538450408,0.12897549224713298
joint_F24_XGBoost_c3_seedmean,daily,棉江,level,-0.5327897325120532,0.5359311532190105,0.44943848324756464,0.5108409931060708,0.7890271761617342,1.0779660647907339,1.5445651128430506,0.7890271761617342,-0.4554021800689735,0.6225638847217604,-0.4999117124672654,0.07738755244307971,0.03287802004478779,0.3774361152782396,-0.28421781204108465
joint_F24_XGBoost_c3_seedmean,daily,棉江,month_centered,0.1325841546601545,0.21963449831684415,3.0318220857987596e-18,0.3270436844138136,0.36622282831186015,1.652850840945794e-34,1.1197978917350764,0.36622282831186015,0.1341191599767382,0.1341191599767382,-0.2675543433762797,0.0015350053165837096,-0.4001384980364342,0.8658808400232618,-0.025626583145192255
joint_F24_XGBoost_c3_seedmean,daily,永昌桥,level,-1.7012920200107304,2.44582805761366,0.4905795131783117,1.441846861230157,0.16864050568292843,0.10867721636186861,0.11696145424143553,0.16864050568292843,-0.08023759620487479,0.028439620156993816,-0.7713962049960117,1.6210544238058557,0.9298958150147187,0.9715603798430061,3.671537174888117
joint_F24_XGBoost_c3_seedmean,daily,永昌桥,month_centered,-1.5260965606431767,1.679756550122115,-3.5595225531470046e-16,1.3035192143834784,0.06638405468599043,1.1343335019827162e-31,0.05092679413811932,0.06638405468599043,0.0044068427165525675,0.0044068427165525675,-0.8672318906280192,1.5305034033597293,0.6588646700151575,0.9955931572834474,3.225258902910097
joint_F24_XGBoost_c3_seedmean,daily,盘溪大桥,level,0.15556480686170449,2.108340201396707,-1.4485007193667276,0.5284946803502246,0.7885204644885082,0.398586307638739,1.4920121125267878,0.7885204644885082,0.2231782152784338,0.6217645229171728,0.17845462133827744,0.0676134084167293,0.022889814476572956,0.37823547708282723,-0.27484448734195743
joint_F24_XGBoost_c3_seedmean,daily,盘溪大桥,month_centered,0.2699198910962304,0.7985779412192984,1.185058385515074e-16,0.38021542516630497,0.5450642362146808,1.6077384276637798e-32,1.4335668679835165,0.5450642362146808,0.2970950216002934,0.2970950216002934,0.09012847242936162,0.027175130504063005,-0.17979141866686876,0.7029049783997066,-0.12535612156183623
joint_F24_XGBoost_c3_seedmean,daily,石角,level,-0.2062619385380302,0.2664405640309121,-0.16795947276929635,0.46041113407660766,0.5267720067069233,0.47934692017181235,1.144133944031149,0.5267720067069233,-0.20185817312177357,0.2774887470500388,-0.42580290675796584,0.004403765416256644,-0.21954096821993563,0.7225112529499612,-0.061106569252073806
joint_F24_XGBoost_c3_seedmean,daily,石角,month_centered,0.24686140705497028,0.1521493009274116,-6.436902474694927e-17,0.4033800682348068,0.5076811160952972,1.3479967294513855e-31,1.2585676786582745,0.5076811160952972,0.2577401156397666,0.2577401156397666,0.015362232190594405,0.010878708584796337,-0.23149917486437588,0.7422598843602334,-0.08414592760585293
joint_F24_XGBoost_c3_seedmean,daily,禄丰村,level,0.405566312536353,1.967525199427254,-0.9138050682218846,0.5163483862828111,0.7750640557875523,0.12822418039021058,1.5010486647730878,0.7750640557875523,0.47250011018363947,0.60072429057385,0.4219039311848941,0.06693379764728646,0.016337618648541108,0.39927570942615,-0.26717483690970045
joint_F24_XGBoost_c3_seedmean,daily,禄丰村,month_centered,0.25667456995999516,1.2716337203587538,-4.706152112636335e-17,0.2885350851979358,0.5890567261811235,1.0180915668002471e-33,2.041542801552293,0.5890567261811235,0.34698782665922306,0.34698782665922306,0.17811345236224696,0.0903132566992279,-0.0785611175977482,0.653012173340777,-0.17342207456981504
joint_F24_XGBoost_c3_seedmean,daily,自良渡口,level,-1.7734285309898161,0.8761938326832228,-0.7768181288751046,0.3025266991716037,0.8232130928308953,2.179994006656106,2.7211254249131254,0.8232130928308953,-1.502314210447898,0.6776797962082082,-1.5335678209943155,0.2711143205419182,0.23986070999550058,0.3223202037917918,-0.31504307195462344
joint_F24_XGBoost_c3_seedmean,daily,自良渡口,month_centered,0.2730237764629715,0.2701436856365002,1.7054478997373303e-17,0.26648149534770305,0.6455160486412453,2.897393481083959e-33,2.4223672559289,0.6455160486412453,0.41669096905340663,0.41669096905340663,0.2910320972824907,0.14366719259043514,0.018008320819519197,0.5833090309465934,-0.20201138910022357
joint_F24_XGBoost_c3_seedmean,daily,边外河,level,-0.11950033638713187,0.24705207360184428,-0.018518818618278532,0.226748570870364,-0.1362634540988144,0.006290335037848222,0.0,0.0,-0.006290335037848222,0.0,-1.278817243235477,0.11321000134928365,-1.159316906848345,1.0,0.16462491574103622
joint_F24_XGBoost_c3_seedmean,daily,边外河,month_centered,0.024766123367794823,0.11825750281877588,-8.22553695078651e-17,0.19833596191912833,0.16160275861701504,4.718238458513956e-31,0.8147930262032294,0.16160275861701504,0.02611545159262923,0.02611545159262923,-0.67679448276597,0.001349328224834405,-0.7015606061337648,0.9738845484073708,0.014571030422591086
joint_F24_XGBoost_c3_seedmean,daily,阳朔,level,0.5037504072223509,0.33417271647033175,-0.030283145750651386,0.5493217573711787,0.7368906245475939,0.004075305389948291,1.3414553759422172,0.7368906245475939,0.5389324871561948,0.5430077925461431,0.46970594370523955,0.035182079933843924,-0.03404446351711132,0.45699220745385694,-0.20607131949093915
joint_F24_XGBoost_c3_seedmean,daily,阳朔,month_centered,0.33376010194903183,0.22126519699198427,4.881472050850214e-17,0.5984638937484535,0.5780792636760302,3.242694491105971e-32,0.9659384128510327,0.5780792636760302,0.3341756350922213,0.3341756350922213,0.15615852735206048,0.00041553314318948376,-0.17760157459697135,0.6658243649077786,0.0243989301715285
joint_F24_XGBoost_c3_seedmean,daily,高桥,level,0.27617236054006067,0.30598089671995055,0.01942642497250957,0.3028868692778941,0.6121600138235459,0.0029176440472276684,2.0210846884283336,0.6121600138235459,0.37182223847721624,0.3747398825244439,0.22140238359986414,0.09564987793715557,-0.05476997694019653,0.6252601174755561,-0.18734954900632417
joint_F24_XGBoost_c3_seedmean,daily,高桥,month_centered,0.12021831553147933,0.19417840636613584,2.401581927438277e-17,0.23002756106259253,0.3763266314265135,1.3457607725965884e-32,1.636006701493095,0.3763266314265135,0.14162173352082694,0.14162173352082694,-0.24734673714697297,0.021403417989347612,-0.3675650526784523,0.858378266479173,-0.06730563668307471
joint_F24_XGBoost_c3_seedmean,monthly,三溪桥,level,0.6457067244194739,0.2682419911002838,-0.05550173238597966,0.5124194648909326,0.9010666953628922,0.015167795319204458,1.7584552443859296,0.9010666953628922,0.7967533941729987,0.8119211894922032,0.78696559540658,0.15104666975352488,0.1412588709871061,0.18807881050779685,-0.3983008117395689
joint_F24_XGBoost_c3_seedmean,monthly,上中,level,0.7614594208679981,0.26946168335487325,-0.09138415739788774,0.7109905456540592,0.9102809498780777,0.027435321627164368,1.2802996543936964,0.9102809498780777,0.8011760860837711,0.8286114077109354,0.7931265781289911,0.039716665215772995,0.031667157260993006,0.17138859228906456,-0.2833871864857058
joint_F24_XGBoost_c3_seedmean,monthly,上金,level,0.8049582010472203,0.2453164223342583,-0.15247808930030615,0.7899264645405925,0.9521728553048322,0.07535105401611453,1.2053942968711644,0.9521728553048322,0.8312820923632424,0.9066331463793569,0.8289946565935499,0.026323891316022086,0.024036455546329605,0.09336685362064312,-0.2563254356817346
joint_F24_XGBoost_c3_seedmean,monthly,东江江口,level,0.6952970837398944,0.34976245838316744,-0.014309742737048214,0.6346574267860048,0.8655040613889684,0.0005100278333908039,1.3637342365502658,0.8655040613889684,0.7485872524474083,0.7490972802807991,0.730498094944546,0.05329016870751391,0.03520101120465158,0.25090271971920086,-0.29301706219865187
joint_F24_XGBoost_c3_seedmean,monthly,九甸大桥,level,-2.2462075163564847,2.0629422467478506,-0.3689897462282108,1.3103931039027974,-0.16224964601349479,0.10385579510697031,0.0,0.0,-0.10385579510697031,0.0,-1.4283550871339599,2.1423517212495145,0.8178524292225249,1.0,3.859481808005522
joint_F24_XGBoost_c3_seedmean,monthly,交州,level,0.5423379490561309,0.14029598789752398,0.016051594758160093,1.0692483251135623,0.7910327153150056,0.005990882106917009,0.739802622773332,0.7910327153150056,0.6197418745917137,0.6257327566986307,0.5760745485230943,0.07740392553558284,0.03373659946696339,0.3742672433013693,0.59496314959511
joint_F24_XGBoost_c3_seedmean,monthly,京南,level,0.32945387788225466,0.2906207258748965,-0.14849752153797802,0.8861962065370292,0.7277555797773569,0.17507087380682457,0.821212700312939,0.7277555797773569,0.35455731009025243,0.529628183897077,0.2804402857478893,0.025103432207997767,-0.04901359213436535,0.470371816102923,0.2808189647915418
joint_F24_XGBoost_c3_seedmean,monthly,从江大桥,level,-0.002812853571362073,0.2794219766347939,-0.2235564699204332,0.5161884907038384,0.8771470247602193,0.6419086933089347,1.6992766025530772,0.8771470247602193,0.12747820973677004,0.7693869030457048,0.11238535621150392,0.13029106330813212,0.11519820978286599,0.23061309695429522,-0.3726452818024667
joint_F24_XGBoost_c3_seedmean,monthly,公庄河口(泰美),level,0.6385814522088955,0.37718083694044496,0.05146548867574441,0.6403256078992544,0.8240551469856102,0.006728889531695282,1.286931424918528,0.8240551469856102,0.6723379957417804,0.6790668852734757,0.6413814044395252,0.03375654353288493,0.0027999522306296765,0.3209331147265243,-0.2352934576090413
joint_F24_XGBoost_c3_seedmean,monthly,公篓,level,0.3559018499115947,0.21044397832387585,-0.17835567987860645,0.63028783597056,0.9644918782467091,0.4626503914185527,1.5302403492549066,0.9644918782467091,0.46759419178531214,0.9302445832038648,0.46633336507486556,0.11169234187371746,0.11043151516327088,0.06975541679613517,-0.42128948515769504
joint_F24_XGBoost_c3_seedmean,monthly,六景,level,-2.5927269012796876,0.627242803929204,-0.5703800770114218,0.29786269251641934,0.7836677345199055,2.97085548057124,2.630969752872648,0.7836677345199055,-2.3567203624436788,0.614135118127561,-2.403520011531429,0.23600653883600886,0.1892068897482586,0.38586488187243895,-0.28940639569842114
joint_F24_XGBoost_c3_seedmean,monthly,兴宁电站,level,-0.09447028904688692,0.4790216868672801,0.2790021321128524,0.41385126973168657,0.5413643727330795,0.3712860816745233,1.3081133545489998,0.5413643727330795,-0.07821069760984273,0.2930753840646806,-0.2885573362083644,0.016259591437044196,-0.19408704716147746,0.7069246159353194,-0.10554291916910757
joint_F24_XGBoost_c3_seedmean,monthly,北江石尾,level,0.4195203270729917,0.251016844161285,-0.0991894936134059,1.0099294233307472,0.7575362276005193,0.09063848380331654,0.7500882834982318,0.7575362276005193,0.48322265232390926,0.5738611361272258,0.4244339713977221,0.06370232525091757,0.004913644324730404,0.4261388638727742,0.5097986292328669
joint_F24_XGBoost_c3_seedmean,monthly,十里亭,level,0.6873124216901637,0.2224761128132102,0.06318239672010062,0.5945298402933925,0.8965047300294687,0.025219475243931498,1.5079221752554182,0.8965047300294687,0.778501255721279,0.8037207309652106,0.7677899848150059,0.09118883403111533,0.08047756312484222,0.19627926903478943,-0.35906616593480845
joint_F24_XGBoost_c3_seedmean,monthly,南岸,level,-0.81910078352885,0.5959809761164958,-0.4632607304717058,0.20544047739400642,0.7842162408251331,1.0991145115674692,3.817243080686163,0.7842162408251331,-0.48411939919356606,0.6149951123739031,-0.530682029917203,0.3349813843352839,0.2884187536116469,0.38500488762609686,-0.23780793828674238
joint_F24_XGBoost_c3_seedmean,monthly,南江口,level,-1.1787496433467157,0.45510510444853536,-0.3164355710316271,0.7961630687793854,0.3193013424537593,1.0533058846052332,0.40105018051551555,0.3193013424537593,-0.9513525373124604,0.10195334729277288,-1.4147031996977146,0.22739710603425534,-0.2359535563509989,0.8980466527072272,0.7593193908296917
joint_F24_XGBoost_c3_seedmean,monthly,厂房大桥,level,0.14387208147304698,0.6119262248277484,-0.321688678261149,0.37951248480115496,0.6910185826461374,0.23659855109462152,1.8208059295024133,0.6910185826461374,0.24090813046765502,0.47750668156227655,0.1454386141976532,0.09703604899460805,0.0015665327246062177,0.5224933184377234,-0.23644090644772192
joint_F24_XGBoost_c3_seedmean,monthly,发耳,level,0.8354343033854168,0.2633580641204811,-0.019544345754538117,0.6954500433578424,0.9490195686585124,0.0009063341501650559,1.3646121352963902,0.9490195686585124,0.899731807546624,0.900638141696789,0.8971328031668598,0.06429750416120716,0.06169849978144304,0.09936185830321098,-0.3526898747291569
joint_F24_XGBoost_c3_seedmean,monthly,古封,level,0.842533292060038,0.11378748045581669,0.012605629833062348,1.1049947874336328,0.934610433260194,0.0019325417516701075,0.8458052869469556,0.934610433260194,0.8715641202071374,0.8734966619588075,0.8672883247687179,0.02903082814709934,0.024755032708679847,0.12650333804119251,0.37654764644379135
joint_F24_XGBoost_c3_seedmean,monthly,叮当,level,-0.9529973875781079,1.1122324825540897,-0.9347272247900436,0.36300581697766543,0.7687815037215925,1.3793684800900352,2.117821444632368,0.7687815037215925,-0.7883434796256023,0.591025000464433,-0.8418054726468502,0.16465390795250567,0.11119191493125768,0.40897499953556704,-0.294597869352305
joint_F24_XGBoost_c3_seedmean,monthly,坝草,level,-0.8058885278806374,1.197849069771812,-0.8903328991134645,0.1495293939465769,0.7160840822306216,0.997680725888078,4.788918508467041,0.7160840822306216,-0.4849043130640064,0.5127764128240716,-0.5655125614268348,0.320984214816631,0.24037596645380255,0.4872235871759284,-0.16943315835341
joint_F24_XGBoost_c3_seedmean,monthly,坡脚,level,-7.0577242065721375,0.7530205564725799,-0.7250249598715781,0.7179462910796371,0.6459036827762464,7.469725636584904,0.8996545992388175,0.6459036827762464,-7.052534069160986,0.417191567423918,-7.177918271032412,0.005190137411151596,-0.12019406446027414,0.5828084325760821,0.103445446862245
joint_F24_XGBoost_c3_seedmean,monthly,垒亭,level,-0.23653129422424302,0.2972534384956486,-0.13315047285626203,0.28411347755876143,0.16242609707180033,0.24810571266444267,0.571694445710365,0.16242609707180033,-0.22172347565446476,0.026382237009977907,-0.923253518520842,0.014807818569778253,-0.686722224296599,0.9736177629900221,0.06914604969033337
joint_F24_XGBoost_c3_seedmean,monthly,天生桥,level,0.32448386443117316,1.2847811538397926,0.025404730602178738,0.49855797354707704,0.5749662738015463,0.00026412323028432726,1.1532586064381825,0.5749662738015463,0.33032209277895036,0.3305862160092347,0.14966842437280828,0.005838228347777197,-0.17481544005836488,0.6694137839907652,-0.07618793467408963
joint_F24_XGBoost_c3_seedmean,monthly,封开城上,level,-0.6127996289365936,0.6470535554905563,-0.43015536707425106,0.2839132609335275,0.318018156531257,0.7127720329163995,1.1201243488436932,0.318018156531257,-0.6116364850328604,0.10113554788353907,-1.0767357198538856,0.001163143903733177,-0.46393609091729204,0.8988644521164609,-0.01936566424589778
joint_F24_XGBoost_c3_seedmean,monthly,小云尚大桥,level,0.30719449197803095,0.4368652997525209,0.07112951170189019,0.9390935315802484,0.6428844240083668,0.018366055246008123,0.6845797595118781,0.6428844240083668,0.3949343273865614,0.4133003826325695,0.26740279277072543,0.08773983540853048,-0.03979169920730552,0.5866996173674305,0.5563361138318241
joint_F24_XGBoost_c3_seedmean,monthly,山脚村,level,0.43129482198594626,0.3154056963089099,-0.07985993546134962,0.8135400411750412,0.6942506025573169,0.03645910699951938,0.8533699233224857,0.6942506025573169,0.4455247921516782,0.48198389915119755,0.35204209811511433,0.014229970165731909,-0.07925272387083193,0.5180161008488025,0.19409346960962193
joint_F24_XGBoost_c3_seedmean,monthly,岔河口,level,-0.24156210830829172,0.4980395732652091,0.30765616249514816,0.9186769447863722,0.585722790993464,0.4737748276695136,0.6375721022689507,0.585722790993464,-0.1307036397803405,0.3430711878891731,-0.30232924568258557,0.11085846852795123,-0.060767137374293845,0.6569288121108269,0.6117546095208015
joint_F24_XGBoost_c3_seedmean,monthly,岜怀,level,-2.0843650265787192,0.7546605729284045,-0.5932591561901119,0.2651302625457463,-0.20357182277860397,1.9061248688207293,0.0,0.0,-1.9061248688207293,0.0,-3.3132685143779375,0.17824015775798996,-1.2289034877992182,1.0,0.2485342138755675
joint_F24_XGBoost_c3_seedmean,monthly,平榔,level,-0.04602203268424643,0.6861846575902647,-0.4318213570402283,0.5958943295523966,0.6069216619853242,0.4142543344106878,1.0185055166428763,0.6069216619853242,-0.04590043062365973,0.3683539037870281,-0.2004110104400395,0.00012160206058670076,-0.15438897775579308,0.631646096212972,-0.013142249733741451
joint_F24_XGBoost_c3_seedmean,monthly,庙咀里,level,-0.6754379487899416,0.36715520555080977,-0.31863112502449975,0.6667952938931949,0.7731166806637993,1.2618431134257282,1.159451315485191,0.7731166806637993,-0.6641337115051171,0.5977094019206111,-0.7156097520981295,0.011304237284824437,-0.040171803308187926,0.40229059807938894,-0.14178920067767442
joint_F24_XGBoost_c3_seedmean,monthly,弄瓦,level,-0.4596693265080718,0.5003696445921725,-0.33775973075507004,0.2807140469876998,0.5062681065635857,0.6651020884403872,1.8035011500004094,0.5062681065635857,-0.40879469271690905,0.25630739572347816,-0.6525658753132159,0.05087463379116275,-0.19289654880514406,0.7436926042765218,-0.12663238575610333
joint_F24_XGBoost_c3_seedmean,monthly,思留口,level,-1.2498311282108263,0.416328208812688,0.2990896037502049,0.6465277483612671,0.25466586145886067,1.1611300907966955,0.39389780578537265,0.25466586145886067,-1.096275389804112,0.06485470099258361,-1.6517983678789743,0.15355573840671433,-0.40196723966814796,0.9351452990074164,0.5066991668152208
joint_F24_XGBoost_c3_seedmean,monthly,打邦,level,0.5166325430059686,0.4459146968551244,-0.10672676872991405,0.429986287354194,0.8479463401629472,0.02768984704587234,1.972031120760988,0.8479463401629472,0.6913231487498643,0.7190129957957366,0.6682028332800222,0.17469060574389572,0.15157029027405355,0.28098700420426337,-0.3594341827391973
joint_F24_XGBoost_c3_seedmean,monthly,新华,level,0.09800847257344703,0.2548239529472156,-0.13020718679108012,0.5682693134451764,0.5775773836564753,0.2355005213669539,1.0163796812375245,0.5775773836564753,0.0980951127445053,0.3335956341114592,-0.08034575405400338,8.664017105827759e-05,-0.1783542266274504,0.6664043658885408,-0.010578981336948678
joint_F24_XGBoost_c3_seedmean,monthly,昌林花园,level,-0.7223214323025697,1.3471928231755423,-0.8877486165348718,0.32391423884841003,0.2014171696634546,0.7478847765789022,0.621822524318595,0.2014171696634546,-0.7073159003436653,0.040568876235236855,-1.345050437251993,0.015005531958904417,-0.6227290049494232,0.9594311237647631,0.07935708985241174
joint_F24_XGBoost_c3_seedmean,monthly,木洞,level,0.6971381235343062,0.23993671244815776,-0.08457804877164632,0.779906128753948,0.8610167576458331,0.03763279929340003,1.10400050198538,0.8610167576458331,0.7037170576535432,0.7413498569469432,0.6844007159982661,0.006578934119237045,-0.012737407536040024,0.2586501430530568,-0.12651735315973633
joint_F24_XGBoost_c3_seedmean,monthly,杨民,level,-0.5189917856994486,0.3035292677302994,-0.2667902200060841,0.6697908214478155,0.8235090933997709,1.1735297054796647,1.2295019086999115,0.8235090933997709,-0.4953624785675522,0.6781672269121125,-0.526511518680123,0.02362930713189637,-0.007519732980674432,0.3218327730878875,-0.20591817528447776
joint_F24_XGBoost_c3_seedmean,monthly,松云,level,-1.8631498800081565,0.436081226485149,-0.11553802164855176,1.5194269023199192,0.2127417753483683,0.20098292193787462,0.1400144850822017,0.2127417753483683,-0.15572385895949903,0.045259062978375605,-0.775499371241138,1.7074260210486574,1.0876505087670185,0.9547409370216244,3.9708250695637872
joint_F24_XGBoost_c3_seedmean,monthly,桂花,level,0.6541386382979926,0.1927292129408276,-0.07025705583897746,0.8147732212536423,0.8370149674698691,0.04596072219584695,1.0272980820135507,0.8370149674698691,0.6546333335727392,0.7005940557685861,0.6280692127438914,0.0004946952747466593,-0.02606942555410119,0.29940594423141387,-0.03624395842180239
joint_F24_XGBoost_c3_seedmean,monthly,棉江,level,-1.6947623533772047,0.4976186617879949,0.47852646581700786,0.6060639011411733,0.9607070185056782,2.4919485880892593,1.5851579622160936,0.9607070185056782,-1.5689906126831898,0.9229579754060695,-1.570534551077903,0.12577174069401487,0.12422780229930175,0.0770420245939305,-0.4298727824455977
joint_F24_XGBoost_c3_seedmean,monthly,榕江,level,-0.06367523516607099,0.30834207968303745,-0.2458307217109763,0.49726634986934487,0.8644322169985117,0.6761075189663192,1.7383686171920507,0.8644322169985117,0.07113553881864287,0.747243057784962,0.05275691503070423,0.13481077398471386,0.11643215019677522,0.25275694221503797,-0.36515846108786726
joint_F24_XGBoost_c3_seedmean,monthly,武林渡口,level,0.13449283826058966,0.4590369604782828,-0.36058193585748244,0.5113107647946641,0.9094109519161614,0.5340516822182972,1.7785875333201118,0.9094109519161614,0.2929765972467616,0.8270282794650589,0.28477022161402554,0.15848375898617195,0.15027738335343588,0.17297172053494114,-0.4071058222839834
joint_F24_XGBoost_c3_seedmean,monthly,永昌桥,level,-5.254670485112796,2.0463598804233873,0.4735554356055127,2.6469394367090913,0.3941475711476094,0.3349516034143749,0.14890690949757748,0.3941475711476094,-0.1795992955728151,0.15535230784155982,-0.5466564611191561,5.075071189539981,4.70801402399364,0.8446476921584402,11.926007263304264
joint_F24_XGBoost_c3_seedmean,monthly,江边桥,level,0.5588859464638722,0.9396117139986674,-0.30427238541965895,0.5298676121459727,0.8359661827564773,0.046257177318769424,1.5776887728064757,0.8359661827564773,0.6525822813936665,0.6988394587124359,0.6256751881941851,0.09369633492979423,0.06678924173031286,0.3011605412875641,-0.324383437381367
joint_F24_XGBoost_c3_seedmean,monthly,清水江小学,level,-1.2646711793375052,0.909956262655121,-0.7487402945602324,0.3306718710433672,0.5715190742376015,1.5332978562684263,1.7283570944038584,0.5715190742376015,-1.2066638040510211,0.32663405221740505,-1.3902597077932233,0.05800737528648403,-0.1255885284557181,0.673365947782595,-0.15928279063159897
joint_F24_XGBoost_c3_seedmean,monthly,渔村,level,0.6103186997799497,0.2660902286855475,0.05145329341705729,0.866245983375901,0.7938111408982977,0.014570621229552288,0.9163807464996111,0.7938111408982977,0.6155655061847047,0.6301361274142571,0.5730516605670432,0.0052468064047550556,-0.03726703921290653,0.36986387258574294,0.12549278270537978
joint_F24_XGBoost_c3_seedmean,monthly,渠立,level,0.6839411092775425,0.1666596258995027,0.12452465940680058,0.9807757451071342,0.9290149478887876,0.1764484839945851,0.9472246357268017,0.9290149478887876,0.6866202894062216,0.8630687734008067,0.68158141178299,0.0026791801286790706,-0.0023596974945524485,0.13693122659919332,0.10153146891832643
joint_F24_XGBoost_c3_seedmean,monthly,滃江大站,level,0.24120392515423184,0.47032533203362337,0.006079553597030607,0.5159811215809783,0.49184670511653444,0.00012678612168026454,0.9532261637974361,0.49184670511653444,0.24178639521231093,0.2419131813339912,-0.016433375888611376,0.0005824700580790987,-0.2576373010428432,0.7580868186660088,0.024905806552052323
joint_F24_XGBoost_c3_seedmean,monthly,火电厂,level,-0.19609028936012907,0.27517567501019713,0.1959925541895231,0.5456388689530896,0.6491472928218801,0.606768503326303,1.1897013386663435,0.6491472928218801,-0.1853762955483273,0.42139220777797576,-0.30847391768254284,0.01071399381180177,-0.11238362832241378,0.5786077922220243,-0.1129564386537677
joint_F24_XGBoost_c3_seedmean,monthly,爽底坪,level,-0.30406697557164386,0.4137090380152611,-0.23962553914718088,0.3951081882614298,0.3664078941577704,0.4374980135911399,0.9273609230171931,0.3664078941577704,-0.30324326869000795,0.1342547449011319,-0.7046822252755991,0.0008237068816359105,-0.40061524970395523,0.8657452550988681,0.022679442411734085
joint_F24_XGBoost_c3_seedmean,monthly,狗街,level,0.2757235501091332,1.771580958577954,0.10272583067534757,0.3511408593668005,0.5716490719062514,0.00243523950480163,1.6279765132918034,0.5716490719062514,0.3243474219064769,0.32678266141127854,0.1408629043077011,0.04862387179734373,-0.1348606458014321,0.6732173385887215,-0.15485888649707977
joint_F24_XGBoost_c3_seedmean,monthly,甲茶,level,-0.2635350899186084,0.22577225564522577,-0.14554680971397982,0.7920580372482684,0.5611535522311425,0.5251115178992141,0.7084752958011467,0.5611535522311425,-0.2102182087175845,0.31489330918162955,-0.4028044134369291,0.0533168812010239,-0.13926932351832066,0.6851066908183705,0.36577950638897394
joint_F24_XGBoost_c3_seedmean,monthly,界牌,level,0.25445208630397287,0.21263915443595308,-0.004793310012243257,0.6690682218313891,0.5249712903656553,0.00037884374636787085,0.7846304356358335,0.5249712903656553,0.2752160119618133,0.27559485570818115,0.04956373698494265,0.02076392565784041,-0.20488834931903022,0.7244051442918189,0.19282135541427625
joint_F24_XGBoost_c3_seedmean,monthly,白沙街,level,0.2638709476824632,0.21560265501827505,0.13490373613958662,0.8275316221976472,0.7473305668290767,0.2881998191523739,0.9030839991883534,0.7473305668290767,0.2703031569646952,0.5585029761170691,0.20646131450577954,0.006432209282231982,-0.05740963317668368,0.4414970238829309,0.1327378189022328
joint_F24_XGBoost_c3_seedmean,monthly,白马,level,0.12449811766123986,0.4300380785422971,-0.30119951178072957,0.4773352134970552,0.8189588208775546,0.429488743512249,1.7156890958823152,0.8189588208775546,0.24120480678090545,0.6706935502931545,0.2084288982428601,0.11670668911966559,0.08393078058162023,0.3293064497068455,-0.32613795512920957
joint_F24_XGBoost_c3_seedmean,monthly,百雅,level,0.0009644700814798179,0.35258881335570325,-0.03632735704697243,0.35484626378418216,0.19372524773433183,0.010605019715312254,0.5459413484261898,0.19372524773433183,0.026924451894415988,0.03752947160972824,-0.6231545242466485,0.02595998181293617,-0.6241189943281283,0.9624705283902718,0.1143463811248013
joint_F24_XGBoost_c3_seedmean,monthly,盘溪大桥,level,0.07794389194890705,1.7350983658214827,-1.2826020684540778,0.6410430391107902,0.7743009797178991,0.5038404365083434,1.2078767453616766,0.7743009797178991,0.09570157068375507,0.5995420071920985,0.04476152292745483,0.017757678734848015,-0.03318236902145222,0.4004579928079015,-0.17084815046485258
joint_F24_XGBoost_c3_seedmean,monthly,石角,level,-0.05558583911251236,0.1929638759689809,-0.1567373763964226,0.6978518784221085,0.8080913707767593,0.6964447569617633,1.157969758000666,0.8080913707767593,-0.04343309343790147,0.6530116635238619,-0.08026201540824474,0.012152745674610888,-0.024676176295732377,0.34698833647613814,-0.15386167363198533
joint_F24_XGBoost_c3_seedmean,monthly,禄丰村,level,0.4102181648042267,1.5109732491422514,-0.9683765095098371,0.6256253957712347,0.8342665825394608,0.2422514211217908,1.333492195455118,0.8342665825394608,0.45374930962028026,0.696000730742071,0.4262817439571309,0.04353114481605358,0.01606357915290424,0.303999269257929,-0.26106245009210316
joint_F24_XGBoost_c3_seedmean,monthly,罗村口,level,-0.7963812236002057,0.23152918216496016,-0.16330776508655953,0.4350836174458917,0.3294021257052136,0.893718406322784,0.7571007330474331,0.3294021257052136,-0.7852126459036707,0.10850576041911335,-1.2349141549123568,0.01116857769653501,-0.4385329313121511,0.8914942395808867,0.09196057144722469
joint_F24_XGBoost_c3_seedmean,monthly,老口,level,0.2377571797986886,0.5242613275613817,-0.3112252266017139,0.3812817850814269,0.8546939975747534,0.26862552675379786,2.2416334349468703,0.8546939975747534,0.46187630273651475,0.7305018294903126,0.44076246839570893,0.22411912293782615,0.20300528859702033,0.2694981705096874,-0.36100690691760656
joint_F24_XGBoost_c3_seedmean,monthly,老鹰坡,level,-0.28931961019686514,1.9512753304182668,-0.7918290695487276,0.7982328418884643,0.3508837332405141,0.21231777944155017,0.43957566618079896,0.3508837332405141,-0.08919838518874992,0.12311939425280025,-0.510550312960522,0.20012122500811522,-0.22123070276365686,0.8768806057471997,0.7141775006246494
joint_F24_XGBoost_c3_seedmean,monthly,自良渡口,level,-3.7301948674174312,0.7812739241086387,-0.738660397174985,0.3401220810955988,0.902251434733095,4.22826310867445,2.6527281963781038,0.902251434733095,-3.4142054571965215,0.8140576514779284,-3.42376023920826,0.31598941022090976,0.3064346282091712,0.1859423485220716,-0.3823852112082181
joint_F24_XGBoost_c3_seedmean,monthly,蔗香北,level,-0.3505569118052685,0.3550010107116848,-0.22710560218432763,0.3867024471408182,0.45475177593548943,0.552725378372345,1.1759733596148954,0.45475177593548943,-0.34592620065586344,0.2067991777164816,-0.6432218265013662,0.0046307111494050535,-0.2926649146960977,0.7932008222835184,-0.05262968394237899
joint_F24_XGBoost_c3_seedmean,monthly,蔗香南,level,-2.0667829715355692,0.4853724697535369,-0.3947421408889884,0.5581193739922324,0.24469941787550553,2.028428707751974,0.43843562735543223,0.24469941787550553,-1.9685509026433625,0.05987780510861128,-2.5390298720009628,0.0982320688922067,-0.4722469004653935,0.9401221948913887,0.34985149940908117
joint_F24_XGBoost_c3_seedmean,monthly,谷拉河大桥,level,-0.6040640686519729,0.1532192742599645,-0.13715292563398418,0.6582326803715185,0.8465910792512986,1.285301637691299,1.286157774441505,0.8465910792512986,-0.5685851822234204,0.7167164554678785,-0.5921194791887017,0.03547888642855257,0.01194458946327126,0.28328354453212146,-0.24796730753025054
joint_F24_XGBoost_c3_seedmean,monthly,贺街,level,-5.779709207169304,0.39077901908891516,0.33258528905663276,1.146272168641502,0.1941327650807683,4.9108272938342195,0.16936009648637254,0.1941327650807683,-4.873139763356314,0.03768753047790477,-5.522561763672683,0.9065694438129901,0.25714744349662144,0.9623124695220953,2.1828217979371773
joint_F24_XGBoost_c3_seedmean,monthly,赵家渡,level,-16.49874056623179,0.993296190599445,0.8896079969789303,1.9213963136702952,0.31985287042188554,14.036105024336942,0.16646897266649546,0.31985287042188554,-13.933799165619822,0.1023058587171195,-14.39639928349317,2.564941400611966,2.1023412827386174,0.8976941412828805,6.154399336080651
joint_F24_XGBoost_c3_seedmean,monthly,车渡,level,-0.05243361760174592,0.30465577942269273,-0.1999947222453109,0.5279185151177663,0.6438508480294103,0.453537226295601,1.219602703053107,0.6438508480294103,-0.03899331178741022,0.4145439145081908,-0.16583553023678044,0.013440305814335696,-0.11340191263503452,0.5854560854918092,-0.12240565008970727
joint_F24_XGBoost_c3_seedmean,monthly,边外河,level,-0.07717668376572018,0.20677086311608472,0.0028267592296713495,0.27230877461092007,-0.00518399657326685,0.00020131952671238412,0.0,0.0,-0.00020131952671238412,0.0,-1.010569312673246,0.07697536423900779,-0.9333926289075258,1.0,0.15112743296910874
joint_F24_XGBoost_c3_seedmean,monthly,连江西牛,level,0.4063153301181035,0.35918098086271516,-0.2185903114414356,0.5038232686828491,0.8733577168416952,0.21988266307277218,1.7334604634774493,0.8733577168416952,0.5428710384941664,0.7627537015669386,0.5268327706106182,0.1365557083760629,0.12051744049251467,0.23724629843306144,-0.37236010712460543
joint_F24_XGBoost_c3_seedmean,monthly,那弄,level,0.5550542770567415,0.47420916525851897,-0.17844047964929,0.7914738222354664,0.7861833152322758,0.0630019386285195,0.9933156260452837,0.7861833152322758,0.5550822665210924,0.6180842051496119,0.5093646918360322,2.798946435089711e-05,-0.04568958522070932,0.38191579485038807,0.008374595598757306
joint_F24_XGBoost_c3_seedmean,monthly,都骑,level,0.4153469477607453,0.1705035689172895,0.10251716433461144,1.297418751939897,0.8902303754361991,0.21136079962881452,0.6861550090170416,0.8902303754361991,0.5811493217204615,0.792510121349276,0.5690999512435837,0.1658023739597162,0.15375300348283838,0.207489878650724,1.056587670495721
joint_F24_XGBoost_c3_seedmean,monthly,锁龙桥,level,0.44598396960986786,1.1432539601343141,-0.4152618375766659,0.524586331768213,0.7570428441312907,0.07309386810052027,1.4431234637386394,0.7570428441312907,0.5000199997498735,0.5731138678503938,0.44099182016206123,0.054036030140005686,-0.004992149447806626,0.42688613214960625,-0.24388701823235848
joint_F24_XGBoost_c3_seedmean,monthly,长坝,level,0.5754558602851165,0.2769855997933185,-0.08141302600527234,0.47044733614223655,0.8858098450682641,0.036677207513421364,1.8829096840723645,0.8858098450682641,0.7479818741064407,0.7846590816198621,0.7349424826231068,0.17252601382132415,0.15948662233799027,0.2153409183801379,-0.3908123717152112
joint_F24_XGBoost_c3_seedmean,monthly,长虹桥,level,0.5705427970487911,0.6529579438414987,0.12053902578754627,0.9000469645909435,0.7751055212293096,0.014635407722080362,0.8611834178915122,0.7751055212293096,0.5861531613180794,0.6007885690401598,0.5355756347365389,0.015610364269288302,-0.034967162312252165,0.39921143095984024,0.22490633369849955
joint_F24_XGBoost_c3_seedmean,monthly,阳朔,level,0.7812670299825832,0.1466269971051241,0.016380971068471917,0.7450478257536671,0.8986626530996775,0.002730018913023295,1.206181163189918,0.8986626530996775,0.8048645451631281,0.8075945640761514,0.7945952872863318,0.02359751518054487,0.013328257303748536,0.19240543592384862,-0.22890078623534005
joint_F24_XGBoost_c3_seedmean,monthly,雁江,level,0.402643520126869,0.3040709914139694,-0.19580175482651807,0.5253373489522887,0.881640699541036,0.2476947253195707,1.678237234225482,0.881640699541036,0.5295955977676365,0.7772903230872072,0.5155866737625012,0.12695207764076755,0.11294315363563223,0.22270967691279275,-0.37435891524222076
joint_F24_XGBoost_c3_seedmean,monthly,露塘,level,0.30457894533501995,0.19624679450217006,-0.15870906322699474,0.6883350996363637,0.8957926608999436,0.4548269062617483,1.3013903567799698,0.8957926608999436,0.347617585060453,0.8024444913222013,0.33675841553813884,0.04303863972543304,0.0321794702031189,0.1975555086777987,-0.2856006422053665
joint_F24_XGBoost_c3_seedmean,monthly,青岩,level,-0.9286723392029255,0.901076528528762,-0.5489687253216742,0.4681405192596255,0.006778783627259567,0.7158636400046805,0.014480232640362689,0.006778783627259567,-0.7158176880972154,4.5951907465202376e-05,-1.7023060727501613,0.2128546511057101,-0.7736337335472359,0.9999540480925349,0.4319642449709158
joint_F24_XGBoost_c3_seedmean,monthly,高桥,level,0.34530664594852456,0.29789572932324376,0.02999037594636489,0.3743039398571477,0.6572807897334801,0.006635493038210314,1.7560082054822344,0.6572807897334801,0.42538254351445703,0.43201803655266735,0.30792608642874997,0.08007589756593247,-0.03738055951977459,0.5679819634473326,-0.2118386995941517
joint_F24_XGBoost_c3_seedmean,monthly,黄果树,level,-0.09329217247578692,0.8193672141246521,-0.41727599977742935,0.27191054676098597,0.48580446434275254,0.2835475420726598,1.786633398850038,0.48580446434275254,-0.04754156449731109,0.23600597757534872,-0.31193861338715473,0.04575060797847583,-0.2186464409113678,0.7639940224246513,-0.11632002415701484
joint_F24_XGBoost_c3_seedmean,monthly,黄泥河,level,0.5986491979535483,0.5110622356899632,-0.285253570226371,0.6008980721751905,0.902619591438936,0.12503705370902068,1.5021176356441683,0.902619591438936,0.689685073140371,0.8147221268493917,0.6802021291688514,0.09103587518682266,0.08155293121530305,0.18527787315060829,-0.3626077585187085
joint_F24_XGBoost_c3_seedmean,monthly,龙川城铁路桥,level,0.17594587057171518,0.5683862965139129,-0.3643745785520054,0.46778046633286663,0.7839415011071054,0.33866060667682873,1.6758748120731972,0.7839415011071054,0.275903670481233,0.6145642771580617,0.229222395537382,0.09995779990951781,0.053276524965666816,0.3854357228419383,-0.2957879125659501
joint_F24_Transformer_c3_seedmean,daily,九甸大桥,level,-0.06550091885248133,1.8654581057763069,-0.7272315717415925,0.3307959832365094,0.31115163555536296,0.16193035876544076,0.940614914700759,0.31115163555536296,-0.06511501845666336,0.0968153403087774,-0.5396270876547149,0.0003859003958179702,-0.47412616880223357,0.9031846596912226,0.012996542612449341
joint_F24_Transformer_c3_seedmean,daily,九甸大桥,month_centered,0.09468171800849234,1.2050427890540405,5.4028102419733954e-17,0.1246251519355367,0.4421785843055845,1.8198507962839562e-33,3.5480685675256365,0.4421785843055845,0.19552190041849088,0.19552190041849088,-0.11564283138883102,0.10084018240999854,-0.21032454939732337,0.8044780995815091,-0.07915028951353677
joint_F24_Transformer_c3_seedmean,daily,交州,level,-0.4474308574203354,0.35088943948820955,-0.23520410419102256,0.27895520119740763,0.503190052609181,0.6503498178775058,1.803838216492295,0.503190052609181,-0.3971495888326754,0.25320022904483036,-0.6439697126591437,0.050281268587659966,-0.19653885523880832,0.7467997709551697,-0.1251029561820841
joint_F24_Transformer_c3_seedmean,daily,交州,month_centered,0.02177435816741491,0.18378871506756406,-8.01774918091319e-18,0.14159822193863916,0.14768693438016262,1.861685395796946e-33,1.0429999215962047,0.14768693438016262,0.021811430586610458,0.021811430586610458,-0.7046261312396748,3.7072419195548906e-05,-0.7264004894070897,0.9781885694133895,-0.001724301711230787
joint_F24_Transformer_c3_seedmean,daily,六景,level,-0.25384614173143016,0.5092021001130657,-0.37688718266631627,0.38687971901743196,0.7531008035409237,0.6868890792758527,1.946601919205257,0.7531008035409237,-0.11972825898186779,0.567160820293985,-0.18068747219400538,0.13411788274956238,0.07315866953742478,0.43283917970601504,-0.28336702055741536
joint_F24_Transformer_c3_seedmean,daily,六景,month_centered,0.3137354782476828,0.20473287708659801,3.1842986042163743e-17,0.26273661209385696,0.7284215217129802,1.6601370472791648e-32,2.772440109918018,0.7284215217129802,0.5305979132946538,0.5305979132946538,0.4568430434259605,0.216862435046971,0.14310756517827772,0.4694020867053462,-0.24470495091312489
joint_F24_Transformer_c3_seedmean,daily,南岸,level,-0.822044240581542,0.8456074643019207,-0.5887100504401879,0.22773881025480805,0.24798109465169924,0.8831291138085924,1.0888837716076714,0.24798109465169924,-0.8216344905039373,0.061494623304655015,-1.3871669245051939,0.00040975007760468696,-0.5651226839236518,0.938505376695345,-0.009219907530774923
joint_F24_Transformer_c3_seedmean,daily,南岸,month_centered,0.0665091005708609,0.3392575211711608,6.059334891478363e-17,0.1107274247684629,0.3556917508531787,2.977837751716871e-32,3.212318462178179,0.3556917508531787,0.12651662162499977,0.12651662162499977,-0.28861649829364255,0.06000752105413887,-0.35512559886450346,0.8734833783750002,-0.05424853797500517
joint_F24_Transformer_c3_seedmean,daily,厂房大桥,level,0.607089697437791,0.534058405102714,0.1632427889059398,0.6186618293603631,0.8296472066919418,0.036709960686202046,1.3410350652305758,0.8296472066919418,0.6516045268855396,0.6883144875717416,0.6225844526976816,0.04451482944774865,0.015494755259890636,0.31168551242825837,-0.26105719901648194
joint_F24_Transformer_c3_seedmean,daily,厂房大桥,month_centered,0.22757576505952748,0.4264556971418522,-3.468430512416909e-17,0.45992686604636834,0.47736772907553093,5.1094487384069475e-33,1.0379209485609922,0.47736772907553093,0.2278799487627295,0.2278799487627295,-0.045264541848938133,0.00030418370320201005,-0.2728403069084656,0.7721200512372706,-0.01604304294829345
joint_F24_Transformer_c3_seedmean,daily,叮当,level,-0.26685897990911855,1.0891439144078907,-0.7528948275303016,0.3725351108097521,0.6406121686900318,0.6053776216211171,1.7196021263541585,0.6406121686900318,-0.19499367094737136,0.4103839506737457,-0.3241532842410535,0.0718653089617472,-0.05729430433193494,0.5896160493262543,-0.1997362329259646
joint_F24_Transformer_c3_seedmean,daily,叮当,month_centered,-0.009384788740051109,0.5015515449502588,2.1174976648410254e-17,0.23142871650652058,0.09543859282164667,1.799167058147063e-33,0.41238872280984906,0.09543859282164667,0.009108524999776067,0.009108524999776067,-0.8091228143567066,0.018493313739827176,-0.7997380256166555,0.9908914750002239,0.0629440395639067
joint_F24_Transformer_c3_seedmean,daily,棉江,level,0.3915159387303916,0.33766987340744914,0.11343842014989991,0.8828438426773475,0.7020505522754732,0.06867282536556922,0.7952148707821383,0.7020505522754732,0.4242021525847277,0.49287497795029694,0.33542827918537715,0.03268621385433612,-0.056087659545014434,0.507125022049703,0.3192244864573446
joint_F24_Transformer_c3_seedmean,daily,棉江,month_centered,0.33372838732627985,0.19249193392204325,-9.06537011798915e-18,0.551277541768161,0.5783251330528381,1.4777375820100987e-33,1.0490634739044964,0.5783251330528381,0.33445995952058283,0.33445995952058283,0.15665026610567612,0.0007315721943029763,-0.17707812122060373,0.6655400404794172,-0.02982145926833346
joint_F24_Transformer_c3_seedmean,daily,永昌桥,level,0.17612552482264043,1.350736634615584,0.0379055432649702,0.3299324988289342,0.4328609654744307,0.0006488213628227835,1.311968257176337,0.4328609654744307,0.18671979406863348,0.18736861543145628,-0.1349268904139614,0.010594269245993049,-0.3110524152366018,0.8126313845685438,-0.0679188924019585
joint_F24_Transformer_c3_seedmean,daily,永昌桥,month_centered,0.05421143893280189,1.027823156697205,-2.4306648036822535e-16,0.14746137439284104,0.2575464123516099,5.289412117288363e-32,1.7465347343467676,0.2575464123516099,0.06633015451518548,0.06633015451518548,-0.4849071752967802,0.012118715582383588,-0.5391186142295821,0.9336698454848145,-0.03246658199497626
joint_F24_Transformer_c3_seedmean,daily,盘溪大桥,level,0.5509711881014019,1.537427452453161,0.045346821343541066,0.3952798330690225,0.8950721957882549,0.0003906417393334267,2.264401370641037,0.8950721957882549,0.8007635939338748,0.8011542356732082,0.7897537498371764,0.24979240583247286,0.2387825617357745,0.1988457643267918,-0.395115683409661
joint_F24_Transformer_c3_seedmean,daily,盘溪大桥,month_centered,0.2773815071105964,0.7944866195831168,2.1477790927053667e-16,0.2738723331573191,0.6433427537516352,5.280987235615922e-32,2.349060769793359,0.6433427537516352,0.4138898988047371,0.4138898988047371,0.2866855075032704,0.1365083916941407,0.009304000392673983,0.586110101195263,-0.2023754522415627
joint_F24_Transformer_c3_seedmean,daily,石角,level,-0.9127233119869174,0.3355101070187165,-0.11310292360999363,1.3668660283514866,0.429070550460916,0.2173644909077472,0.3139082701311979,0.429070550460916,-0.03326295363491372,0.1841015372728335,-0.3592233899859152,0.8794603583520036,0.5534999220010022,0.8158984627271665,2.5636815605405374
joint_F24_Transformer_c3_seedmean,daily,石角,month_centered,0.13943284729209915,0.16263907387426849,4.365311348617125e-17,0.33552747145951073,0.3755453022965408,6.199625116789992e-32,1.119268418359178,0.3755453022965408,0.14103427407700023,0.14103427407700023,-0.24890939540691837,0.0016014267849010777,-0.3883422426990175,0.8589657259229998,-0.02685416318808631
joint_F24_Transformer_c3_seedmean,daily,禄丰村,level,0.32868779930645375,2.0908884650774104,0.8113287489697214,0.322759651535192,0.8271473300701475,0.10107797607783797,2.5627346111444163,0.8271473300701475,0.5830947295643356,0.6841727056421736,0.553216684062457,0.25440693025788186,0.2245288847560033,0.3158272943578264,-0.32559198272517337
joint_F24_Transformer_c3_seedmean,daily,禄丰村,month_centered,0.18997355299174612,1.3274621279691685,-1.077222621000129e-16,0.1699651369451481,0.6438429218550888,5.3341576718025384e-33,3.7880881540010924,0.6438429218550888,0.414533708022898,0.414533708022898,0.2876858437101777,0.2245601550311519,0.09771229071843157,0.585466291977102,-0.161085405214963
joint_F24_Transformer_c3_seedmean,daily,自良渡口,level,-0.32394707073941387,0.6053785293841444,-0.38818487983327277,0.8435775230390351,0.5524361973102352,0.5443695512908843,0.6548730640902486,0.5524361973102352,-0.23918379919229116,0.3051857520985931,-0.4394971566704139,0.08476327154712271,-0.11555008593100002,0.6948142479014069,0.4912005568252038
joint_F24_Transformer_c3_seedmean,daily,自良渡口,month_centered,0.28009477633124624,0.26882668686102706,9.190540411769654e-17,0.33473430082794986,0.5857508888573384,8.414196762970346e-32,1.7498980158546964,0.5857508888573384,0.343104103797162,0.343104103797162,0.17150177771467678,0.06300932746591575,-0.10859299861656946,0.656895896202838,-0.1680477241804698
joint_F24_Transformer_c3_seedmean,daily,边外河,level,0.11679171483646034,0.21943603957836388,0.0004383659672091422,0.7692101818908148,0.4605240284970402,3.5246896374756678e-06,0.5986972603053883,0.4605240284970402,0.21207885613350524,0.2120823808231427,-0.07895546769555704,0.09528714129704491,-0.1957471825320174,0.7879176191768573,0.4748890643984027
joint_F24_Transformer_c3_seedmean,daily,边外河,month_centered,0.11955720968490147,0.1123634034275576,-8.510012966121867e-17,0.6864139282742283,0.4302952389813399,5.050237641230556e-31,0.6268742827861635,0.4302952389813399,0.18515399269000843,0.18515399269000843,-0.13940952203732015,0.06559678300510696,-0.2589667317222216,0.8148460073099916,0.3516068712439562
joint_F24_Transformer_c3_seedmean,daily,阳朔,level,0.34905626893218245,0.38273011136894836,-0.0817282905750869,0.7460864162965332,0.6268602823011827,0.029682673567058823,0.8401979564415984,0.6268602823011827,0.36327113995965965,0.3929538135267185,0.22403789103530664,0.014214871027477205,-0.1250183778968758,0.6070461864732815,0.1779059980829626
joint_F24_Transformer_c3_seedmean,daily,阳朔,month_centered,0.36337333440107245,0.2162918737195503,2.1423051422837357e-17,0.3544938922165184,0.6897710577777639,6.245498093382815e-33,1.9457910923792854,0.6897710577777639,0.4757841121478553,0.4757841121478553,0.37954211555552786,0.11241077774678288,0.016168781154455414,0.5242158878521447,-0.23770741478225593
joint_F24_Transformer_c3_seedmean,daily,高桥,level,0.6077339320252931,0.22525119454588255,-0.06256661035344502,0.8083963491525343,0.7988055434370551,0.030264380646203907,0.9881360106023072,0.7988055434370551,0.607825915579565,0.638090296225769,0.5673467062279063,9.198355427186833e-05,-0.04038722579738685,0.36190970377423104,0.015506344651649462
joint_F24_Transformer_c3_seedmean,daily,高桥,month_centered,0.39232473571561965,0.1613798299550825,1.4094945879666778e-17,0.4130264254948177,0.681452237829888,4.6355351312801574e-33,1.6498998508714988,0.681452237829888,0.4643771524433622,0.4643771524433622,0.3629044756597759,0.07205241672774254,-0.02942026005584375,0.5356228475566378,-0.22173390755859368
joint_F24_Transformer_c3_seedmean,monthly,三溪桥,level,-0.49292107286698705,0.5506348991297222,-0.5279770982613061,0.7455526241615599,0.9627178230837176,1.3725859561271383,1.2912808457570373,0.9627178230837176,-0.44576034924408614,0.9268256068830522,-0.4471503099597032,0.04716072362290091,0.04577076290728388,0.07317439311694784,-0.3238161678659637
joint_F24_Transformer_c3_seedmean,monthly,上中,level,0.37817927085235215,0.43505932502726985,-0.31137113095739344,0.575084558290999,0.8932711379751828,0.31851135559600613,1.5532865995041687,0.8932711379751828,0.47942197034347184,0.797933325939478,0.4680309203543594,0.10124269949111969,0.08985164950200725,0.20206667406052203,-0.3659683772636051
joint_F24_Transformer_c3_seedmean,monthly,上金,level,0.7462664214413759,0.27980260124642065,-0.11616517300591878,0.6882237726474225,0.9180539466130151,0.04373471858530235,1.3339468688817506,0.9180539466130151,0.7990883303064304,0.8428230488917328,0.7923731746407279,0.052821908865054557,0.04610675319935198,0.15717695110826724,-0.3163491787896271
joint_F24_Transformer_c3_seedmean,monthly,东江江口,level,0.24381735941461324,0.5509957373079434,-0.3584755440809395,0.4502994734719598,0.8512780988473114,0.3200731841545734,1.890471006514114,0.8512780988473114,0.40460121742251953,0.724674401577093,0.38248301354004943,0.1607838580079063,0.1386656541254362,0.27532559842290705,-0.3611209277600621
joint_F24_Transformer_c3_seedmean,monthly,九甸大桥,level,-0.5495013476180108,1.4252626669609216,-0.8624247324953398,0.4568939672586756,0.24797026837874103,0.5673414896641619,0.5427304498383755,0.24797026837874103,-0.505852235664337,0.061489253999824856,-1.07140095290668,0.043649111953673825,-0.5218996052886691,0.9385107460001751,0.19091195527122046
joint_F24_Transformer_c3_seedmean,monthly,交州,level,-0.6503015174405671,0.2664124090951269,-0.21037443380468446,0.365355405866253,0.7010189972425706,1.0290591053598983,1.9187316951844833,0.7010189972425706,-0.5376314708649192,0.4914276344949791,-0.6270211108747572,0.11267004657564783,0.023280406565809875,0.5085723655050209,-0.24527301532363727
joint_F24_Transformer_c3_seedmean,monthly,京南,level,-0.19524285989534862,0.38800769132998014,-0.3278706989926099,1.026973062985926,0.8339488255778303,0.853455147351015,0.8120454719163935,0.8339488255778303,-0.15798450366837247,0.6954706436826426,-0.18555749619535433,0.03725835622697615,0.009685363699994287,0.30452935631735745,0.39646138464302916
joint_F24_Transformer_c3_seedmean,monthly,从江大桥,level,-1.1035693422002972,0.4046961109558236,-0.3466328245147965,0.30544765467378215,0.8724662291840962,1.5432565994273044,2.8563526870615177,0.8724662291840962,-0.7820592783605885,0.7611973210667159,-0.798324141059112,0.3215100638397087,0.30524520114118525,0.2388026789332841,-0.3463889874812932
joint_F24_Transformer_c3_seedmean,monthly,公庄河口(泰美),level,0.6262856261315445,0.3835432134778775,-0.02193359591094768,0.9630770160142154,0.8073212769848492,0.001222167900319015,0.8382728105442949,0.8073212769848492,0.6505454763721287,0.6517676442724477,0.6134203860693794,0.02425985024058419,-0.012865240062165051,0.3482323557275523,0.3000095447429816
joint_F24_Transformer_c3_seedmean,monthly,公篓,level,-0.24141118742362178,0.2921583511342781,-0.2561889054280694,0.6950752098645409,0.8605331768444623,0.9545521970365161,1.2380432572356688,0.8605331768444623,-0.21403484858649346,0.7405173484500226,-0.23348584334759148,0.02737633883712831,0.007925344076030294,0.2594826515499774,-0.2300114622446584
joint_F24_Transformer_c3_seedmean,monthly,六景,level,-0.47010066568198194,0.4012334404446589,-0.33291045793547314,0.4638784674029614,0.816103776309343,1.0120633711541567,1.7593051492092886,0.816103776309343,-0.3460379974477864,0.6660253737063703,-0.37985581853547057,0.12406266823419554,0.09024484714651138,0.33397462629362973,-0.3267794729520539
joint_F24_Transformer_c3_seedmean,monthly,兴宁电站,level,-0.41282995681037193,0.5442496205792063,0.4169250380231899,0.34834296076119403,0.7716790744155929,0.8291050855772673,2.215285397842778,0.7716790744155929,-0.23361649168636112,0.5954885938909061,-0.2857469367460814,0.17921346512401082,0.1270830200642905,0.40451140610909386,-0.29493231045502133
joint_F24_Transformer_c3_seedmean,monthly,北江石尾,level,-1.6060075954171253,0.5318598363972802,-0.4352495768499407,0.9314537110590625,0.540472292081843,1.7452514239398846,0.5802460022058705,0.540472292081843,-1.4531411254316837,0.292110298508201,-1.6643068397761986,0.15286646998544162,-0.0582992443590733,0.707889701491799,0.7283621873229387
joint_F24_Transformer_c3_seedmean,monthly,十里亭,level,0.4974317585629999,0.28204966857820496,-0.2173517908450282,0.7367363800820839,0.9085077146243739,0.29844911759856313,1.2331516933141702,0.9085077146243739,0.5269371499334397,0.8253862675320027,0.5185663116501846,0.029505391370439726,0.021134553087184704,0.17461373246799727,-0.25310038242511057
joint_F24_Transformer_c3_seedmean,monthly,南岸,level,-1.3506149533609206,0.6774773248826629,-0.524560464594487,0.31920251732980487,0.25142216920996324,1.4092338849399155,0.7876572256170212,0.25142216920996324,-1.3460207777696722,0.0632131071702434,-1.9063895465199892,0.004594175591248417,-0.5557745931590685,0.9367868928297566,0.043271315490687884
joint_F24_Transformer_c3_seedmean,monthly,南江口,level,-0.9417068933582811,0.42963522214805866,-0.29646545164174953,0.5514390229621157,0.2601663075256867,0.9245536061721209,0.47179524243346904,0.2601663075256867,-0.8568670986005708,0.06768650757155019,-1.4042209911207475,0.08483979475771031,-0.46251409776246644,0.9323134924284499,0.32123828323157344
joint_F24_Transformer_c3_seedmean,monthly,厂房大桥,level,0.6909775001947651,0.3676417177687812,-0.05376424944742597,0.5326727737839987,0.921134615787004,0.00660887751393851,1.7292691894940522,0.921134615787004,0.8418801028871329,0.8484889804010713,0.8356603540600694,0.15090260269236777,0.14468285386530433,0.15151101959892865,-0.41384609377796455
joint_F24_Transformer_c3_seedmean,monthly,发耳,level,0.6827728630824368,0.36564709778249094,-0.26298506349872763,0.7455451894579491,0.9407279277871126,0.16409986969452728,1.261798669066689,0.9407279277871126,0.7208691644241075,0.8849690341186348,0.7173559858796978,0.038096301341670746,0.03458312279726106,0.11503096588136519,-0.2910351032530749
joint_F24_Transformer_c3_seedmean,monthly,古封,level,-0.6058477760140013,0.363372698769025,-0.25781082553550294,0.5579194036041079,0.46044392742307283,0.8083549178580648,0.8252875315836796,0.46044392742307283,-0.5963463075572808,0.21200861030078397,-0.8874670630119191,0.009501468456720508,-0.28161928699791783,0.787991389699216,0.1087669190738989
joint_F24_Transformer_c3_seedmean,monthly,叮当,level,-0.29106443840626706,0.904312851300461,-0.6900944074620643,0.43874925726271613,0.7444800188296553,0.7518436382745706,1.6968234282021188,0.7444800188296553,-0.19759313983796667,0.5542504984366039,-0.26288360061525995,0.09347129856830039,0.028180837791007107,0.4457495015633961,-0.2682782891197183
joint_F24_Transformer_c3_seedmean,monthly,坝草,level,-0.40454386099262707,1.0563900046007562,-0.7908438523187824,0.28348408090882027,0.8166045891194383,0.787169439688806,2.8806012193047654,0.8166045891194383,-0.12032638471787938,0.6668430549709267,-0.15396026144992936,0.2842174762747477,0.2505835995426977,0.33315694502907334,-0.3022623545674604
joint_F24_Transformer_c3_seedmean,monthly,坡脚,level,-5.916518657029668,0.6976609405267274,-0.6710791293998808,1.2116148752964229,0.8051214490933636,6.39950229927357,0.6645027768385476,0.8051214490933636,-5.751281751483373,0.6482205477901977,-5.789259401086843,0.165236905546295,0.12725925594282472,0.35177945220980233,0.9850269637956708
joint_F24_Transformer_c3_seedmean,monthly,垒亭,level,-0.4750667657967267,0.3246610359856934,-0.13493640382863625,0.28176017565597977,-0.24998564410779325,0.2548059712204678,0.0,0.0,-0.2548059712204678,0.0,-1.7547772594360542,0.2202607945762589,-1.2797104936393275,1.0,0.29964959116194734
joint_F24_Transformer_c3_seedmean,monthly,天生桥,level,-0.35258132764793904,1.8179962693560723,-1.3133785892022054,0.39795754528359273,0.6429225881128067,0.7059229097452903,1.6155557187755967,0.6429225881128067,-0.2925734554396206,0.41334945430566966,-0.4200777335196769,0.060007872208318436,-0.06749640587173789,0.5866505456943303,-0.1949713742492083
joint_F24_Transformer_c3_seedmean,monthly,封开城上,level,-1.0818889656197634,0.7351548084927324,-0.5497363560691495,0.29508851076765036,0.28692762305080166,1.1641498264010188,0.9723442715691684,0.28692762305080166,-1.0818223655314358,0.08232746086958292,-1.5902945802994155,6.660008832759523e-05,-0.5084056146796521,0.917672539130417,0.004816368405813787
joint_F24_Transformer_c3_seedmean,monthly,小云尚大桥,level,0.40100548632690347,0.4062125215310453,0.03848977589863578,0.7688880359317435,0.6487109179787619,0.005377829098459408,0.8437001067296486,0.6487109179787619,0.4154480260063885,0.42082585510484793,0.2920440068590644,0.014442539679485056,-0.10896147946783907,0.5791741448951521,0.184805496373611
joint_F24_Transformer_c3_seedmean,monthly,山脚村,level,-0.010503784266170602,0.42043117684439135,-0.18118598042951106,0.8923067443403551,0.5454282420781478,0.18767105619095711,0.6112564379207511,0.5454282420781478,0.10982091106550143,0.29749196725645854,-0.09681457203466157,0.12032469533167203,-0.08631078776849097,0.7025080327435415,0.6190440540704973
joint_F24_Transformer_c3_seedmean,monthly,岔河口,level,-0.3770175969684273,0.5245046859476177,0.28377542833703284,0.7257216300879437,0.380816419270343,0.40307913770517956,0.5247417239364841,0.380816419270343,-0.2580579925192939,0.14502114518588566,-0.6414462991644936,0.1189596044491334,-0.2644287021960663,0.8549788548141144,0.50061034364075
joint_F24_Transformer_c3_seedmean,monthly,岜怀,level,-1.7492480442402996,0.7124850209855293,-0.45927440439501144,0.7008596134350377,-0.08252256643819211,1.1423703784689132,0.0,0.0,-1.1423703784689132,0.0,-2.3074155113452974,0.6068776657713864,-0.5581674671049979,1.0,1.098081863515698
joint_F24_Transformer_c3_seedmean,monthly,平榔,level,0.08069862947151962,0.64327924749201,-0.44722056665001286,0.6902050969625065,0.7254425952032819,0.44432664818148376,1.0510536627385838,0.7254425952032819,0.08194031075378899,0.5262669589352728,0.006558542225080066,0.001241681282269369,-0.07414008724643956,0.47373304106472724,-0.04864220177998113
joint_F24_Transformer_c3_seedmean,monthly,庙咀里,level,0.29023142194525064,0.23897028443439372,-0.13859672030429482,0.7780780117256703,0.7289642692740563,0.23874532423540457,0.9368781257001643,0.7289642692740563,0.29264358164285437,0.5313889058782589,0.2191832143127081,0.002412159697603722,-0.07104820763254255,0.46861109412174107,0.07642864615031675
joint_F24_Transformer_c3_seedmean,monthly,弄瓦,level,0.33873039362243396,0.336785197468523,-0.16830430866910295,0.6153824193939377,0.7170906898992258,0.1651440916285363,1.1652765293578844,0.7170906898992258,0.34907496591161125,0.5142190575401475,0.26903728816991523,0.01034457228917729,-0.06969310545251872,0.4857809424598525,-0.12517896315183452
joint_F24_Transformer_c3_seedmean,monthly,思留口,level,0.43940216816040567,0.20781963812544807,0.0828624068783852,0.46256011082245224,0.8025851479435316,0.08912372566994335,1.7350937297997875,0.8025851479435316,0.5550191940295972,0.6441429196995405,0.51604657021712,0.11561702586919154,0.0766444020567143,0.3558570803004595,-0.31456403770626984
joint_F24_Transformer_c3_seedmean,monthly,打邦,level,0.5428778086776062,0.4336398993632743,0.007364841356921836,0.41677887028061705,0.8598256086366908,0.00013185622189427755,2.063025911217069,0.8598256086366908,0.7391682210455615,0.7393000772674557,0.7195193610514873,0.1962904123679553,0.17664155237388113,0.2606999227325443,-0.3693050381871131
joint_F24_Transformer_c3_seedmean,monthly,新华,level,-0.5743832144187586,0.3366621128911802,-0.2746060672241726,0.3796678591458,0.812863086608935,1.0474715068933276,2.140984723957841,0.812863086608935,-0.3867251093219226,0.660746397571405,-0.4217453336754575,0.187658105096836,0.1526378807433011,0.33925360242859504,-0.32894060920621265
joint_F24_Transformer_c3_seedmean,monthly,昌林花园,level,0.1523342071641437,0.9451157193351506,-0.2840960019746097,0.3373273862703356,0.5079875730193135,0.07659226783671223,1.5059185636715844,0.5079875730193135,0.18145910650534014,0.2580513743420524,-0.06061712179808519,0.029124899341196442,-0.2129513289622289,0.7419486256579476,-0.11513670947288016
joint_F24_Transformer_c3_seedmean,monthly,木洞,level,0.11085393561526058,0.41111275840832284,-0.2722908028621662,0.38046411232792676,0.8485084907953284,0.39004718312156894,2.2301932384728795,0.8485084907953284,0.329919475830197,0.7199666589517659,0.3069697984690879,0.2190655402149364,0.19611586285382732,0.2800333410482341,-0.35614817796735226
joint_F24_Transformer_c3_seedmean,monthly,杨民,level,-0.9685081778414162,0.34553454537106093,-0.300849221709784,0.5711698542981292,0.7440981066345431,1.4922859896824003,1.3027615183733978,0.7440981066345431,-0.9386039973852884,0.5536819922971119,-1.004089776413314,0.02990418045612775,-0.03558159857189791,0.4463180077028881,-0.19754280938203939
joint_F24_Transformer_c3_seedmean,monthly,松云,level,-4.318618005545486,0.5943533962684359,-0.0067049509053971335,2.1252562921964735,0.04676451618740255,0.0006768625823850317,0.022004177265166902,0.04676451618740255,0.0015100573918568035,0.002186919974241835,-0.9071478302075799,4.320128062937343,3.4114701753379055,0.9978130800257582,8.834655450483803
joint_F24_Transformer_c3_seedmean,monthly,桂花,level,0.06253402845328271,0.3173030747912384,-0.14714429684601837,1.1821390218652668,0.7027888398301778,0.2016015279194916,0.5945060833211184,0.7027888398301778,0.29231062547035574,0.49391215338984734,0.20397615174086403,0.22977659701707304,0.14144212328758132,0.5060878466101526,1.1333171106437954
joint_F24_Transformer_c3_seedmean,monthly,棉江,level,0.23093593687256297,0.2658383803402975,0.14433165586141317,1.0866920745022672,0.7539095135769528,0.22669938493326378,0.6937655397204057,0.7539095135769528,0.34168016972857373,0.5683795546618375,0.2811196422206418,0.11074423285601076,0.05018370534807881,0.43162044533816246,0.7232643429802139
joint_F24_Transformer_c3_seedmean,monthly,榕江,level,-1.0209074783200207,0.4250122901405376,-0.3661408660653145,0.3465094429965142,0.8643109452585654,1.499822492668938,2.494335905492943,0.8643109452585654,-0.7527890825751832,0.7470334100937549,-0.7712006021518072,0.26811839574483753,0.24970687616821352,0.2529665899062451,-0.3588462202631633
joint_F24_Transformer_c3_seedmean,monthly,武林渡口,level,-0.7529464729150905,0.6532759192856056,-0.49880607313447367,0.3378787476475706,0.5670483302571958,1.0219715841690937,1.6782598319816906,0.5670483302571958,-0.7004277753216199,0.3215438088474738,-0.8878749236547021,0.05251869759347061,-0.13492845073961157,0.6784561911525262,-0.15486306314211326
joint_F24_Transformer_c3_seedmean,monthly,永昌桥,level,0.18533121151630583,0.7385337289075683,-0.15975027066876546,0.4951008590529931,0.47321014886127954,0.03811743027631067,0.9557853520319372,0.47321014886127954,0.18581041470900367,0.22392784498531434,-0.09169713255375159,0.0004792031926978413,-0.2770283440700574,0.7760721550146856,0.021676218842395012
